dataset,seed,label_column,method,window_id,start,end,true_label,predicted_label,match,label_purity,inferred_state
AReMActivities_K4,0,activity,Train Majority,2,300,600,bending1,cycling,0,1.0,3
AReMActivities_K4,0,activity,Train Majority,3,450,750,bending1,cycling,0,1.0,3
AReMActivities_K4,0,activity,Train Majority,4,600,900,bending1,cycling,0,1.0,3
AReMActivities_K4,0,activity,Train Majority,6,900,1200,bending1,cycling,0,1.0,3
AReMActivities_K4,0,activity,Train Majority,8,1200,1500,bending1,cycling,0,1.0,3
AReMActivities_K4,0,activity,Train Majority,10,1500,1800,bending1,cycling,0,1.0,0
AReMActivities_K4,0,activity,Train Majority,11,1650,1950,bending1,cycling,0,1.0,3
AReMActivities_K4,0,activity,Train Majority,12,1800,2100,bending1,cycling,0,1.0,0
AReMActivities_K4,0,activity,Train Majority,16,2400,2700,bending1,cycling,0,1.0,3
AReMActivities_K4,0,activity,Train Majority,19,2850,3150,bending1,cycling,0,1.0,3
AReMActivities_K4,0,activity,Train Majority,20,3000,3300,bending1,cycling,0,1.0,3
AReMActivities_K4,0,activity,Train Majority,23,3450,3750,bending2,cycling,0,1.0,0
AReMActivities_K4,0,activity,Train Majority,24,3600,3900,bending2,cycling,0,1.0,0
AReMActivities_K4,0,activity,Train Majority,25,3750,4050,bending2,cycling,0,1.0,3
AReMActivities_K4,0,activity,Train Majority,26,3900,4200,bending2,cycling,0,1.0,0
AReMActivities_K4,0,activity,Train Majority,27,4050,4350,bending2,cycling,0,1.0,3
AReMActivities_K4,0,activity,Train Majority,28,4200,4500,bending2,cycling,0,1.0,0
AReMActivities_K4,0,activity,Train Majority,29,4350,4650,bending2,cycling,0,1.0,0
AReMActivities_K4,0,activity,Train Majority,32,4800,5100,bending2,cycling,0,1.0,0
AReMActivities_K4,0,activity,Train Majority,33,4950,5250,bending2,cycling,0,1.0,3
AReMActivities_K4,0,activity,Train Majority,38,5700,6000,bending2,cycling,0,1.0,0
AReMActivities_K4,0,activity,Train Majority,45,6750,7050,cycling,cycling,1,1.0,1
AReMActivities_K4,0,activity,Train Majority,46,6900,7200,cycling,cycling,1,1.0,1
AReMActivities_K4,0,activity,Train Majority,48,7200,7500,cycling,cycling,1,1.0,1
AReMActivities_K4,0,activity,Train Majority,49,7350,7650,cycling,cycling,1,1.0,2
AReMActivities_K4,0,activity,Train Majority,50,7500,7800,cycling,cycling,1,1.0,2
AReMActivities_K4,0,activity,Train Majority,52,7800,8100,cycling,cycling,1,1.0,2
AReMActivities_K4,0,activity,Train Majority,54,8100,8400,cycling,cycling,1,1.0,2
AReMActivities_K4,0,activity,Train Majority,55,8250,8550,cycling,cycling,1,1.0,2
AReMActivities_K4,0,activity,Train Majority,57,8550,8850,cycling,cycling,1,1.0,2
AReMActivities_K4,0,activity,Train Majority,60,9000,9300,cycling,cycling,1,1.0,2
AReMActivities_K4,0,activity,Train Majority,61,9150,9450,cycling,cycling,1,1.0,2
AReMActivities_K4,0,activity,Train Majority,63,9450,9750,cycling,cycling,1,1.0,2
AReMActivities_K4,0,activity,Train Majority,66,9900,10200,cycling,cycling,1,1.0,2
AReMActivities_K4,0,activity,Train Majority,68,10200,10500,cycling,cycling,1,1.0,2
AReMActivities_K4,0,activity,Train Majority,72,10800,11100,cycling,cycling,1,1.0,2
AReMActivities_K4,0,activity,Train Majority,74,11100,11400,cycling,cycling,1,1.0,2
AReMActivities_K4,0,activity,Train Majority,75,11250,11550,cycling,cycling,1,1.0,2
AReMActivities_K4,0,activity,Train Majority,76,11400,11700,cycling,cycling,1,1.0,2
AReMActivities_K4,0,activity,Train Majority,79,11850,12150,cycling,cycling,1,1.0,1
AReMActivities_K4,0,activity,Train Majority,80,12000,12300,cycling,cycling,1,1.0,1
AReMActivities_K4,0,activity,Train Majority,82,12300,12600,cycling,cycling,1,1.0,1
AReMActivities_K4,0,activity,Train Majority,84,12600,12900,cycling,cycling,1,1.0,1
AReMActivities_K4,0,activity,Train Majority,85,12750,13050,cycling,cycling,1,1.0,2
AReMActivities_K4,0,activity,Train Majority,88,13200,13500,cycling,cycling,1,0.7933333333333333,2
AReMActivities_K4,0,activity,Train Majority,93,13950,14250,lying,cycling,0,1.0,0
AReMActivities_K4,0,activity,Train Majority,94,14100,14400,lying,cycling,0,1.0,1
AReMActivities_K4,0,activity,Train Majority,95,14250,14550,lying,cycling,0,1.0,3
AReMActivities_K4,0,activity,Train Majority,97,14550,14850,lying,cycling,0,1.0,3
AReMActivities_K4,0,activity,Train Majority,98,14700,15000,lying,cycling,0,1.0,3
AReMActivities_K4,0,activity,Train Majority,99,14850,15150,lying,cycling,0,1.0,0
AReMActivities_K4,0,activity,Train Majority,105,15750,16050,lying,cycling,0,1.0,3
AReMActivities_K4,0,activity,Train Majority,108,16200,16500,lying,cycling,0,1.0,0
AReMActivities_K4,0,activity,Train Majority,110,16500,16800,lying,cycling,0,1.0,3
AReMActivities_K4,0,activity,Train Majority,111,16650,16950,lying,cycling,0,1.0,3
AReMActivities_K4,0,activity,Train Majority,114,17100,17400,lying,cycling,0,1.0,3
AReMActivities_K4,0,activity,Train Majority,115,17250,17550,lying,cycling,0,1.0,3
AReMActivities_K4,0,activity,Train Majority,116,17400,17700,lying,cycling,0,1.0,3
AReMActivities_K4,0,activity,Train Majority,117,17550,17850,lying,cycling,0,1.0,0
AReMActivities_K4,0,activity,Train Majority,119,17850,18150,lying,cycling,0,1.0,3
AReMActivities_K4,0,activity,Train Majority,121,18150,18450,lying,cycling,0,1.0,3
AReMActivities_K4,0,activity,Train Majority,123,18450,18750,lying,cycling,0,1.0,3
AReMActivities_K4,0,activity,Train Majority,128,19200,19500,lying,cycling,0,1.0,3
AReMActivities_K4,0,activity,Train Majority,130,19500,19800,lying,cycling,0,1.0,3
AReMActivities_K4,0,activity,Train Majority,131,19650,19950,lying,cycling,0,1.0,3
AReMActivities_K4,0,activity,Train Majority,132,19800,20100,lying,cycling,0,1.0,3
AReMActivities_K4,0,activity,Train Majority,133,19950,20250,lying,cycling,0,1.0,0
AReMActivities_K4,0,activity,Train Majority,134,20100,20400,lying,cycling,0,1.0,0
AReMActivities_K4,0,activity,Train Majority,136,20400,20700,lying,cycling,0,0.7933333333333333,3
AReMActivities_K4,0,activity,Train Majority,137,20550,20850,sitting,cycling,0,0.7066666666666667,3
AReMActivities_K4,0,activity,Train Majority,138,20700,21000,sitting,cycling,0,1.0,3
AReMActivities_K4,0,activity,Train Majority,139,20850,21150,sitting,cycling,0,1.0,3
AReMActivities_K4,0,activity,Train Majority,141,21150,21450,sitting,cycling,0,1.0,3
AReMActivities_K4,0,activity,Train Majority,142,21300,21600,sitting,cycling,0,1.0,3
AReMActivities_K4,0,activity,Train Majority,143,21450,21750,sitting,cycling,0,1.0,3
AReMActivities_K4,0,activity,Train Majority,144,21600,21900,sitting,cycling,0,1.0,3
AReMActivities_K4,0,activity,Train Majority,145,21750,22050,sitting,cycling,0,1.0,3
AReMActivities_K4,0,activity,Train Majority,149,22350,22650,sitting,cycling,0,1.0,3
AReMActivities_K4,0,activity,Train Majority,157,23550,23850,sitting,cycling,0,1.0,3
AReMActivities_K4,0,activity,Train Majority,158,23700,24000,sitting,cycling,0,1.0,3
AReMActivities_K4,0,activity,Train Majority,159,23850,24150,sitting,cycling,0,1.0,3
AReMActivities_K4,0,activity,Train Majority,166,24900,25200,sitting,cycling,0,1.0,3
AReMActivities_K4,0,activity,Train Majority,167,25050,25350,sitting,cycling,0,1.0,3
AReMActivities_K4,0,activity,Train Majority,168,25200,25500,sitting,cycling,0,1.0,3
AReMActivities_K4,0,activity,Train Majority,170,25500,25800,sitting,cycling,0,1.0,3
AReMActivities_K4,0,activity,Train Majority,171,25650,25950,sitting,cycling,0,1.0,3
AReMActivities_K4,0,activity,Train Majority,172,25800,26100,sitting,cycling,0,1.0,3
AReMActivities_K4,0,activity,Train Majority,173,25950,26250,sitting,cycling,0,1.0,3
AReMActivities_K4,0,activity,Train Majority,174,26100,26400,sitting,cycling,0,1.0,3
AReMActivities_K4,0,activity,Train Majority,176,26400,26700,sitting,cycling,0,1.0,3
AReMActivities_K4,0,activity,Train Majority,180,27000,27300,sitting,cycling,0,1.0,3
AReMActivities_K4,0,activity,Train Majority,181,27150,27450,sitting,cycling,0,1.0,0
AReMActivities_K4,0,activity,Train Majority,184,27600,27900,sitting,cycling,0,0.79,0
AReMActivities_K4,0,activity,Train Majority,185,27750,28050,standing,cycling,0,0.71,0
AReMActivities_K4,0,activity,Train Majority,191,28650,28950,standing,cycling,0,1.0,3
AReMActivities_K4,0,activity,Train Majority,192,28800,29100,standing,cycling,0,1.0,3
AReMActivities_K4,0,activity,Train Majority,195,29250,29550,standing,cycling,0,1.0,3
AReMActivities_K4,0,activity,Train Majority,196,29400,29700,standing,cycling,0,1.0,3
AReMActivities_K4,0,activity,Train Majority,199,29850,30150,standing,cycling,0,1.0,0
AReMActivities_K4,0,activity,Train Majority,200,30000,30300,standing,cycling,0,1.0,0
AReMActivities_K4,0,activity,Train Majority,201,30150,30450,standing,cycling,0,1.0,0
AReMActivities_K4,0,activity,Train Majority,202,30300,30600,standing,cycling,0,1.0,0
AReMActivities_K4,0,activity,Train Majority,203,30450,30750,standing,cycling,0,1.0,0
AReMActivities_K4,0,activity,Train Majority,204,30600,30900,standing,cycling,0,1.0,0
AReMActivities_K4,0,activity,Train Majority,205,30750,31050,standing,cycling,0,1.0,1
AReMActivities_K4,0,activity,Train Majority,207,31050,31350,standing,cycling,0,1.0,3
AReMActivities_K4,0,activity,Train Majority,208,31200,31500,standing,cycling,0,1.0,2
AReMActivities_K4,0,activity,Train Majority,211,31650,31950,standing,cycling,0,1.0,3
AReMActivities_K4,0,activity,Train Majority,212,31800,32100,standing,cycling,0,1.0,3
AReMActivities_K4,0,activity,Train Majority,214,32100,32400,standing,cycling,0,1.0,0
AReMActivities_K4,0,activity,Train Majority,218,32700,33000,standing,cycling,0,1.0,3
AReMActivities_K4,0,activity,Train Majority,224,33600,33900,standing,cycling,0,1.0,3
AReMActivities_K4,0,activity,Train Majority,225,33750,34050,standing,cycling,0,1.0,0
AReMActivities_K4,0,activity,Train Majority,226,33900,34200,standing,cycling,0,1.0,0
AReMActivities_K4,0,activity,Train Majority,227,34050,34350,standing,cycling,0,1.0,3
AReMActivities_K4,0,activity,Train Majority,228,34200,34500,standing,cycling,0,1.0,3
AReMActivities_K4,0,activity,Train Majority,232,34800,35100,standing,cycling,0,0.79,1
AReMActivities_K4,0,activity,Train Majority,234,35100,35400,walking,cycling,0,1.0,2
AReMActivities_K4,0,activity,Train Majority,236,35400,35700,walking,cycling,0,1.0,2
AReMActivities_K4,0,activity,Train Majority,238,35700,36000,walking,cycling,0,1.0,2
AReMActivities_K4,0,activity,Train Majority,239,35850,36150,walking,cycling,0,1.0,2
AReMActivities_K4,0,activity,Train Majority,240,36000,36300,walking,cycling,0,1.0,2
AReMActivities_K4,0,activity,Train Majority,244,36600,36900,walking,cycling,0,1.0,2
AReMActivities_K4,0,activity,Train Majority,246,36900,37200,walking,cycling,0,1.0,2
AReMActivities_K4,0,activity,Train Majority,247,37050,37350,walking,cycling,0,1.0,2
AReMActivities_K4,0,activity,Train Majority,248,37200,37500,walking,cycling,0,1.0,2
AReMActivities_K4,0,activity,Train Majority,249,37350,37650,walking,cycling,0,1.0,2
AReMActivities_K4,0,activity,Train Majority,250,37500,37800,walking,cycling,0,1.0,2
AReMActivities_K4,0,activity,Train Majority,252,37800,38100,walking,cycling,0,1.0,2
AReMActivities_K4,0,activity,Train Majority,253,37950,38250,walking,cycling,0,1.0,2
AReMActivities_K4,0,activity,Train Majority,255,38250,38550,walking,cycling,0,1.0,2
AReMActivities_K4,0,activity,Train Majority,256,38400,38700,walking,cycling,0,1.0,2
AReMActivities_K4,0,activity,Train Majority,265,39750,40050,walking,cycling,0,1.0,2
AReMActivities_K4,0,activity,Train Majority,266,39900,40200,walking,cycling,0,1.0,2
AReMActivities_K4,0,activity,Train Majority,268,40200,40500,walking,cycling,0,1.0,2
AReMActivities_K4,0,activity,Train Majority,271,40650,40950,walking,cycling,0,1.0,2
AReMActivities_K4,0,activity,Train Majority,272,40800,41100,walking,cycling,0,1.0,2
AReMActivities_K4,0,activity,Train Majority,274,41100,41400,walking,cycling,0,1.0,2
AReMActivities_K4,0,activity,Train Majority,275,41250,41550,walking,cycling,0,1.0,2
AReMActivities_K4,0,activity,Train Majority,277,41550,41850,walking,cycling,0,1.0,2
AReMActivities_K4,0,activity,Train Majority,280,41937,42237,walking,cycling,0,1.0,2
AReMActivities_K4,0,activity,SensorMeanStd Centroid,2,300,600,bending1,bending1,1,1.0,3
AReMActivities_K4,0,activity,SensorMeanStd Centroid,3,450,750,bending1,bending1,1,1.0,3
AReMActivities_K4,0,activity,SensorMeanStd Centroid,4,600,900,bending1,bending1,1,1.0,3
AReMActivities_K4,0,activity,SensorMeanStd Centroid,6,900,1200,bending1,bending1,1,1.0,3
AReMActivities_K4,0,activity,SensorMeanStd Centroid,8,1200,1500,bending1,bending1,1,1.0,3
AReMActivities_K4,0,activity,SensorMeanStd Centroid,10,1500,1800,bending1,bending1,1,1.0,0
AReMActivities_K4,0,activity,SensorMeanStd Centroid,11,1650,1950,bending1,bending1,1,1.0,3
AReMActivities_K4,0,activity,SensorMeanStd Centroid,12,1800,2100,bending1,bending1,1,1.0,0
AReMActivities_K4,0,activity,SensorMeanStd Centroid,16,2400,2700,bending1,bending1,1,1.0,3
AReMActivities_K4,0,activity,SensorMeanStd Centroid,19,2850,3150,bending1,standing,0,1.0,3
AReMActivities_K4,0,activity,SensorMeanStd Centroid,20,3000,3300,bending1,bending1,1,1.0,3
AReMActivities_K4,0,activity,SensorMeanStd Centroid,23,3450,3750,bending2,bending2,1,1.0,0
AReMActivities_K4,0,activity,SensorMeanStd Centroid,24,3600,3900,bending2,bending2,1,1.0,0
AReMActivities_K4,0,activity,SensorMeanStd Centroid,25,3750,4050,bending2,sitting,0,1.0,3
AReMActivities_K4,0,activity,SensorMeanStd Centroid,26,3900,4200,bending2,sitting,0,1.0,0
AReMActivities_K4,0,activity,SensorMeanStd Centroid,27,4050,4350,bending2,bending2,1,1.0,3
AReMActivities_K4,0,activity,SensorMeanStd Centroid,28,4200,4500,bending2,bending2,1,1.0,0
AReMActivities_K4,0,activity,SensorMeanStd Centroid,29,4350,4650,bending2,bending2,1,1.0,0
AReMActivities_K4,0,activity,SensorMeanStd Centroid,32,4800,5100,bending2,lying,0,1.0,0
AReMActivities_K4,0,activity,SensorMeanStd Centroid,33,4950,5250,bending2,lying,0,1.0,3
AReMActivities_K4,0,activity,SensorMeanStd Centroid,38,5700,6000,bending2,bending2,1,1.0,0
AReMActivities_K4,0,activity,SensorMeanStd Centroid,45,6750,7050,cycling,cycling,1,1.0,1
AReMActivities_K4,0,activity,SensorMeanStd Centroid,46,6900,7200,cycling,cycling,1,1.0,1
AReMActivities_K4,0,activity,SensorMeanStd Centroid,48,7200,7500,cycling,cycling,1,1.0,1
AReMActivities_K4,0,activity,SensorMeanStd Centroid,49,7350,7650,cycling,cycling,1,1.0,2
AReMActivities_K4,0,activity,SensorMeanStd Centroid,50,7500,7800,cycling,cycling,1,1.0,2
AReMActivities_K4,0,activity,SensorMeanStd Centroid,52,7800,8100,cycling,walking,0,1.0,2
AReMActivities_K4,0,activity,SensorMeanStd Centroid,54,8100,8400,cycling,cycling,1,1.0,2
AReMActivities_K4,0,activity,SensorMeanStd Centroid,55,8250,8550,cycling,cycling,1,1.0,2
AReMActivities_K4,0,activity,SensorMeanStd Centroid,57,8550,8850,cycling,cycling,1,1.0,2
AReMActivities_K4,0,activity,SensorMeanStd Centroid,60,9000,9300,cycling,cycling,1,1.0,2
AReMActivities_K4,0,activity,SensorMeanStd Centroid,61,9150,9450,cycling,cycling,1,1.0,2
AReMActivities_K4,0,activity,SensorMeanStd Centroid,63,9450,9750,cycling,cycling,1,1.0,2
AReMActivities_K4,0,activity,SensorMeanStd Centroid,66,9900,10200,cycling,cycling,1,1.0,2
AReMActivities_K4,0,activity,SensorMeanStd Centroid,68,10200,10500,cycling,cycling,1,1.0,2
AReMActivities_K4,0,activity,SensorMeanStd Centroid,72,10800,11100,cycling,cycling,1,1.0,2
AReMActivities_K4,0,activity,SensorMeanStd Centroid,74,11100,11400,cycling,cycling,1,1.0,2
AReMActivities_K4,0,activity,SensorMeanStd Centroid,75,11250,11550,cycling,cycling,1,1.0,2
AReMActivities_K4,0,activity,SensorMeanStd Centroid,76,11400,11700,cycling,cycling,1,1.0,2
AReMActivities_K4,0,activity,SensorMeanStd Centroid,79,11850,12150,cycling,cycling,1,1.0,1
AReMActivities_K4,0,activity,SensorMeanStd Centroid,80,12000,12300,cycling,walking,0,1.0,1
AReMActivities_K4,0,activity,SensorMeanStd Centroid,82,12300,12600,cycling,cycling,1,1.0,1
AReMActivities_K4,0,activity,SensorMeanStd Centroid,84,12600,12900,cycling,cycling,1,1.0,1
AReMActivities_K4,0,activity,SensorMeanStd Centroid,85,12750,13050,cycling,cycling,1,1.0,2
AReMActivities_K4,0,activity,SensorMeanStd Centroid,88,13200,13500,cycling,cycling,1,0.7933333333333333,2
AReMActivities_K4,0,activity,SensorMeanStd Centroid,93,13950,14250,lying,lying,1,1.0,0
AReMActivities_K4,0,activity,SensorMeanStd Centroid,94,14100,14400,lying,lying,1,1.0,1
AReMActivities_K4,0,activity,SensorMeanStd Centroid,95,14250,14550,lying,lying,1,1.0,3
AReMActivities_K4,0,activity,SensorMeanStd Centroid,97,14550,14850,lying,lying,1,1.0,3
AReMActivities_K4,0,activity,SensorMeanStd Centroid,98,14700,15000,lying,lying,1,1.0,3
AReMActivities_K4,0,activity,SensorMeanStd Centroid,99,14850,15150,lying,standing,0,1.0,0
AReMActivities_K4,0,activity,SensorMeanStd Centroid,105,15750,16050,lying,lying,1,1.0,3
AReMActivities_K4,0,activity,SensorMeanStd Centroid,108,16200,16500,lying,lying,1,1.0,0
AReMActivities_K4,0,activity,SensorMeanStd Centroid,110,16500,16800,lying,lying,1,1.0,3
AReMActivities_K4,0,activity,SensorMeanStd Centroid,111,16650,16950,lying,lying,1,1.0,3
AReMActivities_K4,0,activity,SensorMeanStd Centroid,114,17100,17400,lying,lying,1,1.0,3
AReMActivities_K4,0,activity,SensorMeanStd Centroid,115,17250,17550,lying,sitting,0,1.0,3
AReMActivities_K4,0,activity,SensorMeanStd Centroid,116,17400,17700,lying,standing,0,1.0,3
AReMActivities_K4,0,activity,SensorMeanStd Centroid,117,17550,17850,lying,standing,0,1.0,0
AReMActivities_K4,0,activity,SensorMeanStd Centroid,119,17850,18150,lying,lying,1,1.0,3
AReMActivities_K4,0,activity,SensorMeanStd Centroid,121,18150,18450,lying,lying,1,1.0,3
AReMActivities_K4,0,activity,SensorMeanStd Centroid,123,18450,18750,lying,lying,1,1.0,3
AReMActivities_K4,0,activity,SensorMeanStd Centroid,128,19200,19500,lying,lying,1,1.0,3
AReMActivities_K4,0,activity,SensorMeanStd Centroid,130,19500,19800,lying,lying,1,1.0,3
AReMActivities_K4,0,activity,SensorMeanStd Centroid,131,19650,19950,lying,sitting,0,1.0,3
AReMActivities_K4,0,activity,SensorMeanStd Centroid,132,19800,20100,lying,standing,0,1.0,3
AReMActivities_K4,0,activity,SensorMeanStd Centroid,133,19950,20250,lying,standing,0,1.0,0
AReMActivities_K4,0,activity,SensorMeanStd Centroid,134,20100,20400,lying,lying,1,1.0,0
AReMActivities_K4,0,activity,SensorMeanStd Centroid,136,20400,20700,lying,bending2,0,0.7933333333333333,3
AReMActivities_K4,0,activity,SensorMeanStd Centroid,137,20550,20850,sitting,sitting,1,0.7066666666666667,3
AReMActivities_K4,0,activity,SensorMeanStd Centroid,138,20700,21000,sitting,standing,0,1.0,3
AReMActivities_K4,0,activity,SensorMeanStd Centroid,139,20850,21150,sitting,standing,0,1.0,3
AReMActivities_K4,0,activity,SensorMeanStd Centroid,141,21150,21450,sitting,sitting,1,1.0,3
AReMActivities_K4,0,activity,SensorMeanStd Centroid,142,21300,21600,sitting,standing,0,1.0,3
AReMActivities_K4,0,activity,SensorMeanStd Centroid,143,21450,21750,sitting,sitting,1,1.0,3
AReMActivities_K4,0,activity,SensorMeanStd Centroid,144,21600,21900,sitting,sitting,1,1.0,3
AReMActivities_K4,0,activity,SensorMeanStd Centroid,145,21750,22050,sitting,standing,0,1.0,3
AReMActivities_K4,0,activity,SensorMeanStd Centroid,149,22350,22650,sitting,sitting,1,1.0,3
AReMActivities_K4,0,activity,SensorMeanStd Centroid,157,23550,23850,sitting,sitting,1,1.0,3
AReMActivities_K4,0,activity,SensorMeanStd Centroid,158,23700,24000,sitting,standing,0,1.0,3
AReMActivities_K4,0,activity,SensorMeanStd Centroid,159,23850,24150,sitting,standing,0,1.0,3
AReMActivities_K4,0,activity,SensorMeanStd Centroid,166,24900,25200,sitting,sitting,1,1.0,3
AReMActivities_K4,0,activity,SensorMeanStd Centroid,167,25050,25350,sitting,sitting,1,1.0,3
AReMActivities_K4,0,activity,SensorMeanStd Centroid,168,25200,25500,sitting,sitting,1,1.0,3
AReMActivities_K4,0,activity,SensorMeanStd Centroid,170,25500,25800,sitting,sitting,1,1.0,3
AReMActivities_K4,0,activity,SensorMeanStd Centroid,171,25650,25950,sitting,sitting,1,1.0,3
AReMActivities_K4,0,activity,SensorMeanStd Centroid,172,25800,26100,sitting,sitting,1,1.0,3
AReMActivities_K4,0,activity,SensorMeanStd Centroid,173,25950,26250,sitting,sitting,1,1.0,3
AReMActivities_K4,0,activity,SensorMeanStd Centroid,174,26100,26400,sitting,sitting,1,1.0,3
AReMActivities_K4,0,activity,SensorMeanStd Centroid,176,26400,26700,sitting,sitting,1,1.0,3
AReMActivities_K4,0,activity,SensorMeanStd Centroid,180,27000,27300,sitting,sitting,1,1.0,3
AReMActivities_K4,0,activity,SensorMeanStd Centroid,181,27150,27450,sitting,sitting,1,1.0,0
AReMActivities_K4,0,activity,SensorMeanStd Centroid,184,27600,27900,sitting,standing,0,0.79,0
AReMActivities_K4,0,activity,SensorMeanStd Centroid,185,27750,28050,standing,standing,1,0.71,0
AReMActivities_K4,0,activity,SensorMeanStd Centroid,191,28650,28950,standing,standing,1,1.0,3
AReMActivities_K4,0,activity,SensorMeanStd Centroid,192,28800,29100,standing,standing,1,1.0,3
AReMActivities_K4,0,activity,SensorMeanStd Centroid,195,29250,29550,standing,standing,1,1.0,3
AReMActivities_K4,0,activity,SensorMeanStd Centroid,196,29400,29700,standing,standing,1,1.0,3
AReMActivities_K4,0,activity,SensorMeanStd Centroid,199,29850,30150,standing,standing,1,1.0,0
AReMActivities_K4,0,activity,SensorMeanStd Centroid,200,30000,30300,standing,standing,1,1.0,0
AReMActivities_K4,0,activity,SensorMeanStd Centroid,201,30150,30450,standing,standing,1,1.0,0
AReMActivities_K4,0,activity,SensorMeanStd Centroid,202,30300,30600,standing,standing,1,1.0,0
AReMActivities_K4,0,activity,SensorMeanStd Centroid,203,30450,30750,standing,standing,1,1.0,0
AReMActivities_K4,0,activity,SensorMeanStd Centroid,204,30600,30900,standing,standing,1,1.0,0
AReMActivities_K4,0,activity,SensorMeanStd Centroid,205,30750,31050,standing,standing,1,1.0,1
AReMActivities_K4,0,activity,SensorMeanStd Centroid,207,31050,31350,standing,standing,1,1.0,3
AReMActivities_K4,0,activity,SensorMeanStd Centroid,208,31200,31500,standing,standing,1,1.0,2
AReMActivities_K4,0,activity,SensorMeanStd Centroid,211,31650,31950,standing,standing,1,1.0,3
AReMActivities_K4,0,activity,SensorMeanStd Centroid,212,31800,32100,standing,standing,1,1.0,3
AReMActivities_K4,0,activity,SensorMeanStd Centroid,214,32100,32400,standing,standing,1,1.0,0
AReMActivities_K4,0,activity,SensorMeanStd Centroid,218,32700,33000,standing,sitting,0,1.0,3
AReMActivities_K4,0,activity,SensorMeanStd Centroid,224,33600,33900,standing,standing,1,1.0,3
AReMActivities_K4,0,activity,SensorMeanStd Centroid,225,33750,34050,standing,standing,1,1.0,0
AReMActivities_K4,0,activity,SensorMeanStd Centroid,226,33900,34200,standing,standing,1,1.0,0
AReMActivities_K4,0,activity,SensorMeanStd Centroid,227,34050,34350,standing,standing,1,1.0,3
AReMActivities_K4,0,activity,SensorMeanStd Centroid,228,34200,34500,standing,sitting,0,1.0,3
AReMActivities_K4,0,activity,SensorMeanStd Centroid,232,34800,35100,standing,cycling,0,0.79,1
AReMActivities_K4,0,activity,SensorMeanStd Centroid,234,35100,35400,walking,walking,1,1.0,2
AReMActivities_K4,0,activity,SensorMeanStd Centroid,236,35400,35700,walking,walking,1,1.0,2
AReMActivities_K4,0,activity,SensorMeanStd Centroid,238,35700,36000,walking,walking,1,1.0,2
AReMActivities_K4,0,activity,SensorMeanStd Centroid,239,35850,36150,walking,walking,1,1.0,2
AReMActivities_K4,0,activity,SensorMeanStd Centroid,240,36000,36300,walking,walking,1,1.0,2
AReMActivities_K4,0,activity,SensorMeanStd Centroid,244,36600,36900,walking,walking,1,1.0,2
AReMActivities_K4,0,activity,SensorMeanStd Centroid,246,36900,37200,walking,walking,1,1.0,2
AReMActivities_K4,0,activity,SensorMeanStd Centroid,247,37050,37350,walking,walking,1,1.0,2
AReMActivities_K4,0,activity,SensorMeanStd Centroid,248,37200,37500,walking,cycling,0,1.0,2
AReMActivities_K4,0,activity,SensorMeanStd Centroid,249,37350,37650,walking,walking,1,1.0,2
AReMActivities_K4,0,activity,SensorMeanStd Centroid,250,37500,37800,walking,walking,1,1.0,2
AReMActivities_K4,0,activity,SensorMeanStd Centroid,252,37800,38100,walking,walking,1,1.0,2
AReMActivities_K4,0,activity,SensorMeanStd Centroid,253,37950,38250,walking,walking,1,1.0,2
AReMActivities_K4,0,activity,SensorMeanStd Centroid,255,38250,38550,walking,walking,1,1.0,2
AReMActivities_K4,0,activity,SensorMeanStd Centroid,256,38400,38700,walking,walking,1,1.0,2
AReMActivities_K4,0,activity,SensorMeanStd Centroid,265,39750,40050,walking,walking,1,1.0,2
AReMActivities_K4,0,activity,SensorMeanStd Centroid,266,39900,40200,walking,walking,1,1.0,2
AReMActivities_K4,0,activity,SensorMeanStd Centroid,268,40200,40500,walking,walking,1,1.0,2
AReMActivities_K4,0,activity,SensorMeanStd Centroid,271,40650,40950,walking,cycling,0,1.0,2
AReMActivities_K4,0,activity,SensorMeanStd Centroid,272,40800,41100,walking,walking,1,1.0,2
AReMActivities_K4,0,activity,SensorMeanStd Centroid,274,41100,41400,walking,walking,1,1.0,2
AReMActivities_K4,0,activity,SensorMeanStd Centroid,275,41250,41550,walking,walking,1,1.0,2
AReMActivities_K4,0,activity,SensorMeanStd Centroid,277,41550,41850,walking,walking,1,1.0,2
AReMActivities_K4,0,activity,SensorMeanStd Centroid,280,41937,42237,walking,walking,1,1.0,2
AReMActivities_K4,0,activity,GraphFeature Centroid,2,300,600,bending1,bending1,1,1.0,3
AReMActivities_K4,0,activity,GraphFeature Centroid,3,450,750,bending1,bending1,1,1.0,3
AReMActivities_K4,0,activity,GraphFeature Centroid,4,600,900,bending1,bending1,1,1.0,3
AReMActivities_K4,0,activity,GraphFeature Centroid,6,900,1200,bending1,bending1,1,1.0,3
AReMActivities_K4,0,activity,GraphFeature Centroid,8,1200,1500,bending1,bending1,1,1.0,3
AReMActivities_K4,0,activity,GraphFeature Centroid,10,1500,1800,bending1,bending1,1,1.0,0
AReMActivities_K4,0,activity,GraphFeature Centroid,11,1650,1950,bending1,lying,0,1.0,3
AReMActivities_K4,0,activity,GraphFeature Centroid,12,1800,2100,bending1,bending1,1,1.0,0
AReMActivities_K4,0,activity,GraphFeature Centroid,16,2400,2700,bending1,bending1,1,1.0,3
AReMActivities_K4,0,activity,GraphFeature Centroid,19,2850,3150,bending1,bending1,1,1.0,3
AReMActivities_K4,0,activity,GraphFeature Centroid,20,3000,3300,bending1,lying,0,1.0,3
AReMActivities_K4,0,activity,GraphFeature Centroid,23,3450,3750,bending2,standing,0,1.0,0
AReMActivities_K4,0,activity,GraphFeature Centroid,24,3600,3900,bending2,standing,0,1.0,0
AReMActivities_K4,0,activity,GraphFeature Centroid,25,3750,4050,bending2,standing,0,1.0,3
AReMActivities_K4,0,activity,GraphFeature Centroid,26,3900,4200,bending2,sitting,0,1.0,0
AReMActivities_K4,0,activity,GraphFeature Centroid,27,4050,4350,bending2,sitting,0,1.0,3
AReMActivities_K4,0,activity,GraphFeature Centroid,28,4200,4500,bending2,bending2,1,1.0,0
AReMActivities_K4,0,activity,GraphFeature Centroid,29,4350,4650,bending2,bending2,1,1.0,0
AReMActivities_K4,0,activity,GraphFeature Centroid,32,4800,5100,bending2,sitting,0,1.0,0
AReMActivities_K4,0,activity,GraphFeature Centroid,33,4950,5250,bending2,sitting,0,1.0,3
AReMActivities_K4,0,activity,GraphFeature Centroid,38,5700,6000,bending2,bending2,1,1.0,0
AReMActivities_K4,0,activity,GraphFeature Centroid,45,6750,7050,cycling,cycling,1,1.0,1
AReMActivities_K4,0,activity,GraphFeature Centroid,46,6900,7200,cycling,cycling,1,1.0,1
AReMActivities_K4,0,activity,GraphFeature Centroid,48,7200,7500,cycling,cycling,1,1.0,1
AReMActivities_K4,0,activity,GraphFeature Centroid,49,7350,7650,cycling,walking,0,1.0,2
AReMActivities_K4,0,activity,GraphFeature Centroid,50,7500,7800,cycling,cycling,1,1.0,2
AReMActivities_K4,0,activity,GraphFeature Centroid,52,7800,8100,cycling,cycling,1,1.0,2
AReMActivities_K4,0,activity,GraphFeature Centroid,54,8100,8400,cycling,cycling,1,1.0,2
AReMActivities_K4,0,activity,GraphFeature Centroid,55,8250,8550,cycling,cycling,1,1.0,2
AReMActivities_K4,0,activity,GraphFeature Centroid,57,8550,8850,cycling,cycling,1,1.0,2
AReMActivities_K4,0,activity,GraphFeature Centroid,60,9000,9300,cycling,cycling,1,1.0,2
AReMActivities_K4,0,activity,GraphFeature Centroid,61,9150,9450,cycling,cycling,1,1.0,2
AReMActivities_K4,0,activity,GraphFeature Centroid,63,9450,9750,cycling,cycling,1,1.0,2
AReMActivities_K4,0,activity,GraphFeature Centroid,66,9900,10200,cycling,cycling,1,1.0,2
AReMActivities_K4,0,activity,GraphFeature Centroid,68,10200,10500,cycling,cycling,1,1.0,2
AReMActivities_K4,0,activity,GraphFeature Centroid,72,10800,11100,cycling,cycling,1,1.0,2
AReMActivities_K4,0,activity,GraphFeature Centroid,74,11100,11400,cycling,cycling,1,1.0,2
AReMActivities_K4,0,activity,GraphFeature Centroid,75,11250,11550,cycling,cycling,1,1.0,2
AReMActivities_K4,0,activity,GraphFeature Centroid,76,11400,11700,cycling,cycling,1,1.0,2
AReMActivities_K4,0,activity,GraphFeature Centroid,79,11850,12150,cycling,cycling,1,1.0,1
AReMActivities_K4,0,activity,GraphFeature Centroid,80,12000,12300,cycling,cycling,1,1.0,1
AReMActivities_K4,0,activity,GraphFeature Centroid,82,12300,12600,cycling,cycling,1,1.0,1
AReMActivities_K4,0,activity,GraphFeature Centroid,84,12600,12900,cycling,cycling,1,1.0,1
AReMActivities_K4,0,activity,GraphFeature Centroid,85,12750,13050,cycling,cycling,1,1.0,2
AReMActivities_K4,0,activity,GraphFeature Centroid,88,13200,13500,cycling,cycling,1,0.7933333333333333,2
AReMActivities_K4,0,activity,GraphFeature Centroid,93,13950,14250,lying,sitting,0,1.0,0
AReMActivities_K4,0,activity,GraphFeature Centroid,94,14100,14400,lying,cycling,0,1.0,1
AReMActivities_K4,0,activity,GraphFeature Centroid,95,14250,14550,lying,lying,1,1.0,3
AReMActivities_K4,0,activity,GraphFeature Centroid,97,14550,14850,lying,lying,1,1.0,3
AReMActivities_K4,0,activity,GraphFeature Centroid,98,14700,15000,lying,lying,1,1.0,3
AReMActivities_K4,0,activity,GraphFeature Centroid,99,14850,15150,lying,bending2,0,1.0,0
AReMActivities_K4,0,activity,GraphFeature Centroid,105,15750,16050,lying,lying,1,1.0,3
AReMActivities_K4,0,activity,GraphFeature Centroid,108,16200,16500,lying,lying,1,1.0,0
AReMActivities_K4,0,activity,GraphFeature Centroid,110,16500,16800,lying,lying,1,1.0,3
AReMActivities_K4,0,activity,GraphFeature Centroid,111,16650,16950,lying,lying,1,1.0,3
AReMActivities_K4,0,activity,GraphFeature Centroid,114,17100,17400,lying,standing,0,1.0,3
AReMActivities_K4,0,activity,GraphFeature Centroid,115,17250,17550,lying,sitting,0,1.0,3
AReMActivities_K4,0,activity,GraphFeature Centroid,116,17400,17700,lying,lying,1,1.0,3
AReMActivities_K4,0,activity,GraphFeature Centroid,117,17550,17850,lying,sitting,0,1.0,0
AReMActivities_K4,0,activity,GraphFeature Centroid,119,17850,18150,lying,lying,1,1.0,3
AReMActivities_K4,0,activity,GraphFeature Centroid,121,18150,18450,lying,bending1,0,1.0,3
AReMActivities_K4,0,activity,GraphFeature Centroid,123,18450,18750,lying,sitting,0,1.0,3
AReMActivities_K4,0,activity,GraphFeature Centroid,128,19200,19500,lying,lying,1,1.0,3
AReMActivities_K4,0,activity,GraphFeature Centroid,130,19500,19800,lying,standing,0,1.0,3
AReMActivities_K4,0,activity,GraphFeature Centroid,131,19650,19950,lying,sitting,0,1.0,3
AReMActivities_K4,0,activity,GraphFeature Centroid,132,19800,20100,lying,lying,1,1.0,3
AReMActivities_K4,0,activity,GraphFeature Centroid,133,19950,20250,lying,sitting,0,1.0,0
AReMActivities_K4,0,activity,GraphFeature Centroid,134,20100,20400,lying,standing,0,1.0,0
AReMActivities_K4,0,activity,GraphFeature Centroid,136,20400,20700,lying,sitting,0,0.7933333333333333,3
AReMActivities_K4,0,activity,GraphFeature Centroid,137,20550,20850,sitting,sitting,1,0.7066666666666667,3
AReMActivities_K4,0,activity,GraphFeature Centroid,138,20700,21000,sitting,sitting,1,1.0,3
AReMActivities_K4,0,activity,GraphFeature Centroid,139,20850,21150,sitting,standing,0,1.0,3
AReMActivities_K4,0,activity,GraphFeature Centroid,141,21150,21450,sitting,lying,0,1.0,3
AReMActivities_K4,0,activity,GraphFeature Centroid,142,21300,21600,sitting,bending2,0,1.0,3
AReMActivities_K4,0,activity,GraphFeature Centroid,143,21450,21750,sitting,sitting,1,1.0,3
AReMActivities_K4,0,activity,GraphFeature Centroid,144,21600,21900,sitting,standing,0,1.0,3
AReMActivities_K4,0,activity,GraphFeature Centroid,145,21750,22050,sitting,sitting,1,1.0,3
AReMActivities_K4,0,activity,GraphFeature Centroid,149,22350,22650,sitting,sitting,1,1.0,3
AReMActivities_K4,0,activity,GraphFeature Centroid,157,23550,23850,sitting,sitting,1,1.0,3
AReMActivities_K4,0,activity,GraphFeature Centroid,158,23700,24000,sitting,bending2,0,1.0,3
AReMActivities_K4,0,activity,GraphFeature Centroid,159,23850,24150,sitting,sitting,1,1.0,3
AReMActivities_K4,0,activity,GraphFeature Centroid,166,24900,25200,sitting,sitting,1,1.0,3
AReMActivities_K4,0,activity,GraphFeature Centroid,167,25050,25350,sitting,sitting,1,1.0,3
AReMActivities_K4,0,activity,GraphFeature Centroid,168,25200,25500,sitting,bending2,0,1.0,3
AReMActivities_K4,0,activity,GraphFeature Centroid,170,25500,25800,sitting,sitting,1,1.0,3
AReMActivities_K4,0,activity,GraphFeature Centroid,171,25650,25950,sitting,sitting,1,1.0,3
AReMActivities_K4,0,activity,GraphFeature Centroid,172,25800,26100,sitting,standing,0,1.0,3
AReMActivities_K4,0,activity,GraphFeature Centroid,173,25950,26250,sitting,sitting,1,1.0,3
AReMActivities_K4,0,activity,GraphFeature Centroid,174,26100,26400,sitting,standing,0,1.0,3
AReMActivities_K4,0,activity,GraphFeature Centroid,176,26400,26700,sitting,standing,0,1.0,3
AReMActivities_K4,0,activity,GraphFeature Centroid,180,27000,27300,sitting,sitting,1,1.0,3
AReMActivities_K4,0,activity,GraphFeature Centroid,181,27150,27450,sitting,bending1,0,1.0,0
AReMActivities_K4,0,activity,GraphFeature Centroid,184,27600,27900,sitting,standing,0,0.79,0
AReMActivities_K4,0,activity,GraphFeature Centroid,185,27750,28050,standing,standing,1,0.71,0
AReMActivities_K4,0,activity,GraphFeature Centroid,191,28650,28950,standing,lying,0,1.0,3
AReMActivities_K4,0,activity,GraphFeature Centroid,192,28800,29100,standing,standing,1,1.0,3
AReMActivities_K4,0,activity,GraphFeature Centroid,195,29250,29550,standing,standing,1,1.0,3
AReMActivities_K4,0,activity,GraphFeature Centroid,196,29400,29700,standing,standing,1,1.0,3
AReMActivities_K4,0,activity,GraphFeature Centroid,199,29850,30150,standing,standing,1,1.0,0
AReMActivities_K4,0,activity,GraphFeature Centroid,200,30000,30300,standing,cycling,0,1.0,0
AReMActivities_K4,0,activity,GraphFeature Centroid,201,30150,30450,standing,sitting,0,1.0,0
AReMActivities_K4,0,activity,GraphFeature Centroid,202,30300,30600,standing,standing,1,1.0,0
AReMActivities_K4,0,activity,GraphFeature Centroid,203,30450,30750,standing,standing,1,1.0,0
AReMActivities_K4,0,activity,GraphFeature Centroid,204,30600,30900,standing,bending1,0,1.0,0
AReMActivities_K4,0,activity,GraphFeature Centroid,205,30750,31050,standing,standing,1,1.0,1
AReMActivities_K4,0,activity,GraphFeature Centroid,207,31050,31350,standing,sitting,0,1.0,3
AReMActivities_K4,0,activity,GraphFeature Centroid,208,31200,31500,standing,sitting,0,1.0,2
AReMActivities_K4,0,activity,GraphFeature Centroid,211,31650,31950,standing,sitting,0,1.0,3
AReMActivities_K4,0,activity,GraphFeature Centroid,212,31800,32100,standing,standing,1,1.0,3
AReMActivities_K4,0,activity,GraphFeature Centroid,214,32100,32400,standing,standing,1,1.0,0
AReMActivities_K4,0,activity,GraphFeature Centroid,218,32700,33000,standing,standing,1,1.0,3
AReMActivities_K4,0,activity,GraphFeature Centroid,224,33600,33900,standing,lying,0,1.0,3
AReMActivities_K4,0,activity,GraphFeature Centroid,225,33750,34050,standing,cycling,0,1.0,0
AReMActivities_K4,0,activity,GraphFeature Centroid,226,33900,34200,standing,standing,1,1.0,0
AReMActivities_K4,0,activity,GraphFeature Centroid,227,34050,34350,standing,sitting,0,1.0,3
AReMActivities_K4,0,activity,GraphFeature Centroid,228,34200,34500,standing,bending2,0,1.0,3
AReMActivities_K4,0,activity,GraphFeature Centroid,232,34800,35100,standing,cycling,0,0.79,1
AReMActivities_K4,0,activity,GraphFeature Centroid,234,35100,35400,walking,walking,1,1.0,2
AReMActivities_K4,0,activity,GraphFeature Centroid,236,35400,35700,walking,walking,1,1.0,2
AReMActivities_K4,0,activity,GraphFeature Centroid,238,35700,36000,walking,walking,1,1.0,2
AReMActivities_K4,0,activity,GraphFeature Centroid,239,35850,36150,walking,walking,1,1.0,2
AReMActivities_K4,0,activity,GraphFeature Centroid,240,36000,36300,walking,walking,1,1.0,2
AReMActivities_K4,0,activity,GraphFeature Centroid,244,36600,36900,walking,walking,1,1.0,2
AReMActivities_K4,0,activity,GraphFeature Centroid,246,36900,37200,walking,walking,1,1.0,2
AReMActivities_K4,0,activity,GraphFeature Centroid,247,37050,37350,walking,walking,1,1.0,2
AReMActivities_K4,0,activity,GraphFeature Centroid,248,37200,37500,walking,walking,1,1.0,2
AReMActivities_K4,0,activity,GraphFeature Centroid,249,37350,37650,walking,walking,1,1.0,2
AReMActivities_K4,0,activity,GraphFeature Centroid,250,37500,37800,walking,walking,1,1.0,2
AReMActivities_K4,0,activity,GraphFeature Centroid,252,37800,38100,walking,walking,1,1.0,2
AReMActivities_K4,0,activity,GraphFeature Centroid,253,37950,38250,walking,walking,1,1.0,2
AReMActivities_K4,0,activity,GraphFeature Centroid,255,38250,38550,walking,walking,1,1.0,2
AReMActivities_K4,0,activity,GraphFeature Centroid,256,38400,38700,walking,walking,1,1.0,2
AReMActivities_K4,0,activity,GraphFeature Centroid,265,39750,40050,walking,walking,1,1.0,2
AReMActivities_K4,0,activity,GraphFeature Centroid,266,39900,40200,walking,walking,1,1.0,2
AReMActivities_K4,0,activity,GraphFeature Centroid,268,40200,40500,walking,walking,1,1.0,2
AReMActivities_K4,0,activity,GraphFeature Centroid,271,40650,40950,walking,walking,1,1.0,2
AReMActivities_K4,0,activity,GraphFeature Centroid,272,40800,41100,walking,walking,1,1.0,2
AReMActivities_K4,0,activity,GraphFeature Centroid,274,41100,41400,walking,walking,1,1.0,2
AReMActivities_K4,0,activity,GraphFeature Centroid,275,41250,41550,walking,walking,1,1.0,2
AReMActivities_K4,0,activity,GraphFeature Centroid,277,41550,41850,walking,walking,1,1.0,2
AReMActivities_K4,0,activity,GraphFeature Centroid,280,41937,42237,walking,walking,1,1.0,2
AReMActivities_K4,0,activity,STCG-v1 State Mapping,2,300,600,bending1,lying,0,1.0,3
AReMActivities_K4,0,activity,STCG-v1 State Mapping,3,450,750,bending1,lying,0,1.0,3
AReMActivities_K4,0,activity,STCG-v1 State Mapping,4,600,900,bending1,lying,0,1.0,3
AReMActivities_K4,0,activity,STCG-v1 State Mapping,6,900,1200,bending1,lying,0,1.0,3
AReMActivities_K4,0,activity,STCG-v1 State Mapping,8,1200,1500,bending1,lying,0,1.0,3
AReMActivities_K4,0,activity,STCG-v1 State Mapping,10,1500,1800,bending1,standing,0,1.0,0
AReMActivities_K4,0,activity,STCG-v1 State Mapping,11,1650,1950,bending1,lying,0,1.0,3
AReMActivities_K4,0,activity,STCG-v1 State Mapping,12,1800,2100,bending1,standing,0,1.0,0
AReMActivities_K4,0,activity,STCG-v1 State Mapping,16,2400,2700,bending1,lying,0,1.0,3
AReMActivities_K4,0,activity,STCG-v1 State Mapping,19,2850,3150,bending1,lying,0,1.0,3
AReMActivities_K4,0,activity,STCG-v1 State Mapping,20,3000,3300,bending1,lying,0,1.0,3
AReMActivities_K4,0,activity,STCG-v1 State Mapping,23,3450,3750,bending2,standing,0,1.0,0
AReMActivities_K4,0,activity,STCG-v1 State Mapping,24,3600,3900,bending2,standing,0,1.0,0
AReMActivities_K4,0,activity,STCG-v1 State Mapping,25,3750,4050,bending2,lying,0,1.0,3
AReMActivities_K4,0,activity,STCG-v1 State Mapping,26,3900,4200,bending2,standing,0,1.0,0
AReMActivities_K4,0,activity,STCG-v1 State Mapping,27,4050,4350,bending2,lying,0,1.0,3
AReMActivities_K4,0,activity,STCG-v1 State Mapping,28,4200,4500,bending2,standing,0,1.0,0
AReMActivities_K4,0,activity,STCG-v1 State Mapping,29,4350,4650,bending2,standing,0,1.0,0
AReMActivities_K4,0,activity,STCG-v1 State Mapping,32,4800,5100,bending2,standing,0,1.0,0
AReMActivities_K4,0,activity,STCG-v1 State Mapping,33,4950,5250,bending2,lying,0,1.0,3
AReMActivities_K4,0,activity,STCG-v1 State Mapping,38,5700,6000,bending2,standing,0,1.0,0
AReMActivities_K4,0,activity,STCG-v1 State Mapping,45,6750,7050,cycling,cycling,1,1.0,1
AReMActivities_K4,0,activity,STCG-v1 State Mapping,46,6900,7200,cycling,cycling,1,1.0,1
AReMActivities_K4,0,activity,STCG-v1 State Mapping,48,7200,7500,cycling,cycling,1,1.0,1
AReMActivities_K4,0,activity,STCG-v1 State Mapping,49,7350,7650,cycling,walking,0,1.0,2
AReMActivities_K4,0,activity,STCG-v1 State Mapping,50,7500,7800,cycling,walking,0,1.0,2
AReMActivities_K4,0,activity,STCG-v1 State Mapping,52,7800,8100,cycling,walking,0,1.0,2
AReMActivities_K4,0,activity,STCG-v1 State Mapping,54,8100,8400,cycling,walking,0,1.0,2
AReMActivities_K4,0,activity,STCG-v1 State Mapping,55,8250,8550,cycling,walking,0,1.0,2
AReMActivities_K4,0,activity,STCG-v1 State Mapping,57,8550,8850,cycling,walking,0,1.0,2
AReMActivities_K4,0,activity,STCG-v1 State Mapping,60,9000,9300,cycling,walking,0,1.0,2
AReMActivities_K4,0,activity,STCG-v1 State Mapping,61,9150,9450,cycling,walking,0,1.0,2
AReMActivities_K4,0,activity,STCG-v1 State Mapping,63,9450,9750,cycling,walking,0,1.0,2
AReMActivities_K4,0,activity,STCG-v1 State Mapping,66,9900,10200,cycling,walking,0,1.0,2
AReMActivities_K4,0,activity,STCG-v1 State Mapping,68,10200,10500,cycling,walking,0,1.0,2
AReMActivities_K4,0,activity,STCG-v1 State Mapping,72,10800,11100,cycling,walking,0,1.0,2
AReMActivities_K4,0,activity,STCG-v1 State Mapping,74,11100,11400,cycling,walking,0,1.0,2
AReMActivities_K4,0,activity,STCG-v1 State Mapping,75,11250,11550,cycling,walking,0,1.0,2
AReMActivities_K4,0,activity,STCG-v1 State Mapping,76,11400,11700,cycling,walking,0,1.0,2
AReMActivities_K4,0,activity,STCG-v1 State Mapping,79,11850,12150,cycling,cycling,1,1.0,1
AReMActivities_K4,0,activity,STCG-v1 State Mapping,80,12000,12300,cycling,cycling,1,1.0,1
AReMActivities_K4,0,activity,STCG-v1 State Mapping,82,12300,12600,cycling,cycling,1,1.0,1
AReMActivities_K4,0,activity,STCG-v1 State Mapping,84,12600,12900,cycling,cycling,1,1.0,1
AReMActivities_K4,0,activity,STCG-v1 State Mapping,85,12750,13050,cycling,walking,0,1.0,2
AReMActivities_K4,0,activity,STCG-v1 State Mapping,88,13200,13500,cycling,walking,0,0.7933333333333333,2
AReMActivities_K4,0,activity,STCG-v1 State Mapping,93,13950,14250,lying,standing,0,1.0,0
AReMActivities_K4,0,activity,STCG-v1 State Mapping,94,14100,14400,lying,cycling,0,1.0,1
AReMActivities_K4,0,activity,STCG-v1 State Mapping,95,14250,14550,lying,lying,1,1.0,3
AReMActivities_K4,0,activity,STCG-v1 State Mapping,97,14550,14850,lying,lying,1,1.0,3
AReMActivities_K4,0,activity,STCG-v1 State Mapping,98,14700,15000,lying,lying,1,1.0,3
AReMActivities_K4,0,activity,STCG-v1 State Mapping,99,14850,15150,lying,standing,0,1.0,0
AReMActivities_K4,0,activity,STCG-v1 State Mapping,105,15750,16050,lying,lying,1,1.0,3
AReMActivities_K4,0,activity,STCG-v1 State Mapping,108,16200,16500,lying,standing,0,1.0,0
AReMActivities_K4,0,activity,STCG-v1 State Mapping,110,16500,16800,lying,lying,1,1.0,3
AReMActivities_K4,0,activity,STCG-v1 State Mapping,111,16650,16950,lying,lying,1,1.0,3
AReMActivities_K4,0,activity,STCG-v1 State Mapping,114,17100,17400,lying,lying,1,1.0,3
AReMActivities_K4,0,activity,STCG-v1 State Mapping,115,17250,17550,lying,lying,1,1.0,3
AReMActivities_K4,0,activity,STCG-v1 State Mapping,116,17400,17700,lying,lying,1,1.0,3
AReMActivities_K4,0,activity,STCG-v1 State Mapping,117,17550,17850,lying,standing,0,1.0,0
AReMActivities_K4,0,activity,STCG-v1 State Mapping,119,17850,18150,lying,lying,1,1.0,3
AReMActivities_K4,0,activity,STCG-v1 State Mapping,121,18150,18450,lying,lying,1,1.0,3
AReMActivities_K4,0,activity,STCG-v1 State Mapping,123,18450,18750,lying,lying,1,1.0,3
AReMActivities_K4,0,activity,STCG-v1 State Mapping,128,19200,19500,lying,lying,1,1.0,3
AReMActivities_K4,0,activity,STCG-v1 State Mapping,130,19500,19800,lying,lying,1,1.0,3
AReMActivities_K4,0,activity,STCG-v1 State Mapping,131,19650,19950,lying,lying,1,1.0,3
AReMActivities_K4,0,activity,STCG-v1 State Mapping,132,19800,20100,lying,lying,1,1.0,3
AReMActivities_K4,0,activity,STCG-v1 State Mapping,133,19950,20250,lying,standing,0,1.0,0
AReMActivities_K4,0,activity,STCG-v1 State Mapping,134,20100,20400,lying,standing,0,1.0,0
AReMActivities_K4,0,activity,STCG-v1 State Mapping,136,20400,20700,lying,lying,1,0.7933333333333333,3
AReMActivities_K4,0,activity,STCG-v1 State Mapping,137,20550,20850,sitting,lying,0,0.7066666666666667,3
AReMActivities_K4,0,activity,STCG-v1 State Mapping,138,20700,21000,sitting,lying,0,1.0,3
AReMActivities_K4,0,activity,STCG-v1 State Mapping,139,20850,21150,sitting,lying,0,1.0,3
AReMActivities_K4,0,activity,STCG-v1 State Mapping,141,21150,21450,sitting,lying,0,1.0,3
AReMActivities_K4,0,activity,STCG-v1 State Mapping,142,21300,21600,sitting,lying,0,1.0,3
AReMActivities_K4,0,activity,STCG-v1 State Mapping,143,21450,21750,sitting,lying,0,1.0,3
AReMActivities_K4,0,activity,STCG-v1 State Mapping,144,21600,21900,sitting,lying,0,1.0,3
AReMActivities_K4,0,activity,STCG-v1 State Mapping,145,21750,22050,sitting,lying,0,1.0,3
AReMActivities_K4,0,activity,STCG-v1 State Mapping,149,22350,22650,sitting,lying,0,1.0,3
AReMActivities_K4,0,activity,STCG-v1 State Mapping,157,23550,23850,sitting,lying,0,1.0,3
AReMActivities_K4,0,activity,STCG-v1 State Mapping,158,23700,24000,sitting,lying,0,1.0,3
AReMActivities_K4,0,activity,STCG-v1 State Mapping,159,23850,24150,sitting,lying,0,1.0,3
AReMActivities_K4,0,activity,STCG-v1 State Mapping,166,24900,25200,sitting,lying,0,1.0,3
AReMActivities_K4,0,activity,STCG-v1 State Mapping,167,25050,25350,sitting,lying,0,1.0,3
AReMActivities_K4,0,activity,STCG-v1 State Mapping,168,25200,25500,sitting,lying,0,1.0,3
AReMActivities_K4,0,activity,STCG-v1 State Mapping,170,25500,25800,sitting,lying,0,1.0,3
AReMActivities_K4,0,activity,STCG-v1 State Mapping,171,25650,25950,sitting,lying,0,1.0,3
AReMActivities_K4,0,activity,STCG-v1 State Mapping,172,25800,26100,sitting,lying,0,1.0,3
AReMActivities_K4,0,activity,STCG-v1 State Mapping,173,25950,26250,sitting,lying,0,1.0,3
AReMActivities_K4,0,activity,STCG-v1 State Mapping,174,26100,26400,sitting,lying,0,1.0,3
AReMActivities_K4,0,activity,STCG-v1 State Mapping,176,26400,26700,sitting,lying,0,1.0,3
AReMActivities_K4,0,activity,STCG-v1 State Mapping,180,27000,27300,sitting,lying,0,1.0,3
AReMActivities_K4,0,activity,STCG-v1 State Mapping,181,27150,27450,sitting,standing,0,1.0,0
AReMActivities_K4,0,activity,STCG-v1 State Mapping,184,27600,27900,sitting,standing,0,0.79,0
AReMActivities_K4,0,activity,STCG-v1 State Mapping,185,27750,28050,standing,standing,1,0.71,0
AReMActivities_K4,0,activity,STCG-v1 State Mapping,191,28650,28950,standing,lying,0,1.0,3
AReMActivities_K4,0,activity,STCG-v1 State Mapping,192,28800,29100,standing,lying,0,1.0,3
AReMActivities_K4,0,activity,STCG-v1 State Mapping,195,29250,29550,standing,lying,0,1.0,3
AReMActivities_K4,0,activity,STCG-v1 State Mapping,196,29400,29700,standing,lying,0,1.0,3
AReMActivities_K4,0,activity,STCG-v1 State Mapping,199,29850,30150,standing,standing,1,1.0,0
AReMActivities_K4,0,activity,STCG-v1 State Mapping,200,30000,30300,standing,standing,1,1.0,0
AReMActivities_K4,0,activity,STCG-v1 State Mapping,201,30150,30450,standing,standing,1,1.0,0
AReMActivities_K4,0,activity,STCG-v1 State Mapping,202,30300,30600,standing,standing,1,1.0,0
AReMActivities_K4,0,activity,STCG-v1 State Mapping,203,30450,30750,standing,standing,1,1.0,0
AReMActivities_K4,0,activity,STCG-v1 State Mapping,204,30600,30900,standing,standing,1,1.0,0
AReMActivities_K4,0,activity,STCG-v1 State Mapping,205,30750,31050,standing,cycling,0,1.0,1
AReMActivities_K4,0,activity,STCG-v1 State Mapping,207,31050,31350,standing,lying,0,1.0,3
AReMActivities_K4,0,activity,STCG-v1 State Mapping,208,31200,31500,standing,walking,0,1.0,2
AReMActivities_K4,0,activity,STCG-v1 State Mapping,211,31650,31950,standing,lying,0,1.0,3
AReMActivities_K4,0,activity,STCG-v1 State Mapping,212,31800,32100,standing,lying,0,1.0,3
AReMActivities_K4,0,activity,STCG-v1 State Mapping,214,32100,32400,standing,standing,1,1.0,0
AReMActivities_K4,0,activity,STCG-v1 State Mapping,218,32700,33000,standing,lying,0,1.0,3
AReMActivities_K4,0,activity,STCG-v1 State Mapping,224,33600,33900,standing,lying,0,1.0,3
AReMActivities_K4,0,activity,STCG-v1 State Mapping,225,33750,34050,standing,standing,1,1.0,0
AReMActivities_K4,0,activity,STCG-v1 State Mapping,226,33900,34200,standing,standing,1,1.0,0
AReMActivities_K4,0,activity,STCG-v1 State Mapping,227,34050,34350,standing,lying,0,1.0,3
AReMActivities_K4,0,activity,STCG-v1 State Mapping,228,34200,34500,standing,lying,0,1.0,3
AReMActivities_K4,0,activity,STCG-v1 State Mapping,232,34800,35100,standing,cycling,0,0.79,1
AReMActivities_K4,0,activity,STCG-v1 State Mapping,234,35100,35400,walking,walking,1,1.0,2
AReMActivities_K4,0,activity,STCG-v1 State Mapping,236,35400,35700,walking,walking,1,1.0,2
AReMActivities_K4,0,activity,STCG-v1 State Mapping,238,35700,36000,walking,walking,1,1.0,2
AReMActivities_K4,0,activity,STCG-v1 State Mapping,239,35850,36150,walking,walking,1,1.0,2
AReMActivities_K4,0,activity,STCG-v1 State Mapping,240,36000,36300,walking,walking,1,1.0,2
AReMActivities_K4,0,activity,STCG-v1 State Mapping,244,36600,36900,walking,walking,1,1.0,2
AReMActivities_K4,0,activity,STCG-v1 State Mapping,246,36900,37200,walking,walking,1,1.0,2
AReMActivities_K4,0,activity,STCG-v1 State Mapping,247,37050,37350,walking,walking,1,1.0,2
AReMActivities_K4,0,activity,STCG-v1 State Mapping,248,37200,37500,walking,walking,1,1.0,2
AReMActivities_K4,0,activity,STCG-v1 State Mapping,249,37350,37650,walking,walking,1,1.0,2
AReMActivities_K4,0,activity,STCG-v1 State Mapping,250,37500,37800,walking,walking,1,1.0,2
AReMActivities_K4,0,activity,STCG-v1 State Mapping,252,37800,38100,walking,walking,1,1.0,2
AReMActivities_K4,0,activity,STCG-v1 State Mapping,253,37950,38250,walking,walking,1,1.0,2
AReMActivities_K4,0,activity,STCG-v1 State Mapping,255,38250,38550,walking,walking,1,1.0,2
AReMActivities_K4,0,activity,STCG-v1 State Mapping,256,38400,38700,walking,walking,1,1.0,2
AReMActivities_K4,0,activity,STCG-v1 State Mapping,265,39750,40050,walking,walking,1,1.0,2
AReMActivities_K4,0,activity,STCG-v1 State Mapping,266,39900,40200,walking,walking,1,1.0,2
AReMActivities_K4,0,activity,STCG-v1 State Mapping,268,40200,40500,walking,walking,1,1.0,2
AReMActivities_K4,0,activity,STCG-v1 State Mapping,271,40650,40950,walking,walking,1,1.0,2
AReMActivities_K4,0,activity,STCG-v1 State Mapping,272,40800,41100,walking,walking,1,1.0,2
AReMActivities_K4,0,activity,STCG-v1 State Mapping,274,41100,41400,walking,walking,1,1.0,2
AReMActivities_K4,0,activity,STCG-v1 State Mapping,275,41250,41550,walking,walking,1,1.0,2
AReMActivities_K4,0,activity,STCG-v1 State Mapping,277,41550,41850,walking,walking,1,1.0,2
AReMActivities_K4,0,activity,STCG-v1 State Mapping,280,41937,42237,walking,walking,1,1.0,2
AReMActivities_K4,1,activity,Train Majority,1,150,450,bending1,cycling,0,1.0,3
AReMActivities_K4,1,activity,Train Majority,2,300,600,bending1,cycling,0,1.0,3
AReMActivities_K4,1,activity,Train Majority,7,1050,1350,bending1,cycling,0,1.0,3
AReMActivities_K4,1,activity,Train Majority,10,1500,1800,bending1,cycling,0,1.0,0
AReMActivities_K4,1,activity,Train Majority,11,1650,1950,bending1,cycling,0,1.0,3
AReMActivities_K4,1,activity,Train Majority,12,1800,2100,bending1,cycling,0,1.0,0
AReMActivities_K4,1,activity,Train Majority,15,2250,2550,bending1,cycling,0,1.0,0
AReMActivities_K4,1,activity,Train Majority,16,2400,2700,bending1,cycling,0,1.0,3
AReMActivities_K4,1,activity,Train Majority,17,2550,2850,bending1,cycling,0,1.0,0
AReMActivities_K4,1,activity,Train Majority,20,3000,3300,bending1,cycling,0,1.0,3
AReMActivities_K4,1,activity,Train Majority,21,3150,3450,bending1,cycling,0,0.7,3
AReMActivities_K4,1,activity,Train Majority,22,3300,3600,bending2,cycling,0,0.8,0
AReMActivities_K4,1,activity,Train Majority,24,3600,3900,bending2,cycling,0,1.0,0
AReMActivities_K4,1,activity,Train Majority,25,3750,4050,bending2,cycling,0,1.0,0
AReMActivities_K4,1,activity,Train Majority,28,4200,4500,bending2,cycling,0,1.0,0
AReMActivities_K4,1,activity,Train Majority,29,4350,4650,bending2,cycling,0,1.0,0
AReMActivities_K4,1,activity,Train Majority,31,4650,4950,bending2,cycling,0,1.0,3
AReMActivities_K4,1,activity,Train Majority,32,4800,5100,bending2,cycling,0,1.0,0
AReMActivities_K4,1,activity,Train Majority,37,5550,5850,bending2,cycling,0,1.0,3
AReMActivities_K4,1,activity,Train Majority,38,5700,6000,bending2,cycling,0,1.0,0
AReMActivities_K4,1,activity,Train Majority,40,6000,6300,bending2,cycling,0,0.8,1
AReMActivities_K4,1,activity,Train Majority,41,6150,6450,cycling,cycling,1,0.7,2
AReMActivities_K4,1,activity,Train Majority,46,6900,7200,cycling,cycling,1,1.0,2
AReMActivities_K4,1,activity,Train Majority,47,7050,7350,cycling,cycling,1,1.0,2
AReMActivities_K4,1,activity,Train Majority,49,7350,7650,cycling,cycling,1,1.0,2
AReMActivities_K4,1,activity,Train Majority,52,7800,8100,cycling,cycling,1,1.0,2
AReMActivities_K4,1,activity,Train Majority,55,8250,8550,cycling,cycling,1,1.0,2
AReMActivities_K4,1,activity,Train Majority,56,8400,8700,cycling,cycling,1,1.0,2
AReMActivities_K4,1,activity,Train Majority,57,8550,8850,cycling,cycling,1,1.0,2
AReMActivities_K4,1,activity,Train Majority,58,8700,9000,cycling,cycling,1,1.0,2
AReMActivities_K4,1,activity,Train Majority,60,9000,9300,cycling,cycling,1,1.0,2
AReMActivities_K4,1,activity,Train Majority,61,9150,9450,cycling,cycling,1,1.0,2
AReMActivities_K4,1,activity,Train Majority,64,9600,9900,cycling,cycling,1,1.0,2
AReMActivities_K4,1,activity,Train Majority,67,10050,10350,cycling,cycling,1,1.0,2
AReMActivities_K4,1,activity,Train Majority,70,10500,10800,cycling,cycling,1,1.0,2
AReMActivities_K4,1,activity,Train Majority,73,10950,11250,cycling,cycling,1,1.0,2
AReMActivities_K4,1,activity,Train Majority,75,11250,11550,cycling,cycling,1,1.0,2
AReMActivities_K4,1,activity,Train Majority,76,11400,11700,cycling,cycling,1,1.0,2
AReMActivities_K4,1,activity,Train Majority,78,11700,12000,cycling,cycling,1,1.0,2
AReMActivities_K4,1,activity,Train Majority,79,11850,12150,cycling,cycling,1,1.0,2
AReMActivities_K4,1,activity,Train Majority,80,12000,12300,cycling,cycling,1,1.0,2
AReMActivities_K4,1,activity,Train Majority,84,12600,12900,cycling,cycling,1,1.0,2
AReMActivities_K4,1,activity,Train Majority,85,12750,13050,cycling,cycling,1,1.0,2
AReMActivities_K4,1,activity,Train Majority,86,12900,13200,cycling,cycling,1,1.0,2
AReMActivities_K4,1,activity,Train Majority,87,13050,13350,cycling,cycling,1,1.0,2
AReMActivities_K4,1,activity,Train Majority,89,13350,13650,lying,cycling,0,0.7066666666666667,0
AReMActivities_K4,1,activity,Train Majority,90,13500,13800,lying,cycling,0,1.0,1
AReMActivities_K4,1,activity,Train Majority,93,13950,14250,lying,cycling,0,1.0,0
AReMActivities_K4,1,activity,Train Majority,94,14100,14400,lying,cycling,0,1.0,2
AReMActivities_K4,1,activity,Train Majority,95,14250,14550,lying,cycling,0,1.0,3
AReMActivities_K4,1,activity,Train Majority,97,14550,14850,lying,cycling,0,1.0,3
AReMActivities_K4,1,activity,Train Majority,98,14700,15000,lying,cycling,0,1.0,3
AReMActivities_K4,1,activity,Train Majority,103,15450,15750,lying,cycling,0,1.0,3
AReMActivities_K4,1,activity,Train Majority,104,15600,15900,lying,cycling,0,1.0,3
AReMActivities_K4,1,activity,Train Majority,107,16050,16350,lying,cycling,0,1.0,3
AReMActivities_K4,1,activity,Train Majority,109,16350,16650,lying,cycling,0,1.0,1
AReMActivities_K4,1,activity,Train Majority,111,16650,16950,lying,cycling,0,1.0,3
AReMActivities_K4,1,activity,Train Majority,113,16950,17250,lying,cycling,0,1.0,3
AReMActivities_K4,1,activity,Train Majority,114,17100,17400,lying,cycling,0,1.0,3
AReMActivities_K4,1,activity,Train Majority,118,17700,18000,lying,cycling,0,1.0,0
AReMActivities_K4,1,activity,Train Majority,121,18150,18450,lying,cycling,0,1.0,3
AReMActivities_K4,1,activity,Train Majority,122,18300,18600,lying,cycling,0,1.0,3
AReMActivities_K4,1,activity,Train Majority,125,18750,19050,lying,cycling,0,1.0,3
AReMActivities_K4,1,activity,Train Majority,126,18900,19200,lying,cycling,0,1.0,3
AReMActivities_K4,1,activity,Train Majority,127,19050,19350,lying,cycling,0,1.0,3
AReMActivities_K4,1,activity,Train Majority,129,19350,19650,lying,cycling,0,1.0,3
AReMActivities_K4,1,activity,Train Majority,132,19800,20100,lying,cycling,0,1.0,3
AReMActivities_K4,1,activity,Train Majority,134,20100,20400,lying,cycling,0,1.0,0
AReMActivities_K4,1,activity,Train Majority,136,20400,20700,lying,cycling,0,0.7933333333333333,3
AReMActivities_K4,1,activity,Train Majority,139,20850,21150,sitting,cycling,0,1.0,3
AReMActivities_K4,1,activity,Train Majority,140,21000,21300,sitting,cycling,0,1.0,3
AReMActivities_K4,1,activity,Train Majority,142,21300,21600,sitting,cycling,0,1.0,3
AReMActivities_K4,1,activity,Train Majority,143,21450,21750,sitting,cycling,0,1.0,3
AReMActivities_K4,1,activity,Train Majority,151,22650,22950,sitting,cycling,0,1.0,0
AReMActivities_K4,1,activity,Train Majority,157,23550,23850,sitting,cycling,0,1.0,3
AReMActivities_K4,1,activity,Train Majority,158,23700,24000,sitting,cycling,0,1.0,0
AReMActivities_K4,1,activity,Train Majority,159,23850,24150,sitting,cycling,0,1.0,0
AReMActivities_K4,1,activity,Train Majority,160,24000,24300,sitting,cycling,0,1.0,3
AReMActivities_K4,1,activity,Train Majority,161,24150,24450,sitting,cycling,0,1.0,3
AReMActivities_K4,1,activity,Train Majority,162,24300,24600,sitting,cycling,0,1.0,3
AReMActivities_K4,1,activity,Train Majority,165,24750,25050,sitting,cycling,0,1.0,0
AReMActivities_K4,1,activity,Train Majority,166,24900,25200,sitting,cycling,0,1.0,3
AReMActivities_K4,1,activity,Train Majority,167,25050,25350,sitting,cycling,0,1.0,3
AReMActivities_K4,1,activity,Train Majority,168,25200,25500,sitting,cycling,0,1.0,3
AReMActivities_K4,1,activity,Train Majority,169,25350,25650,sitting,cycling,0,1.0,3
AReMActivities_K4,1,activity,Train Majority,173,25950,26250,sitting,cycling,0,1.0,3
AReMActivities_K4,1,activity,Train Majority,175,26250,26550,sitting,cycling,0,1.0,1
AReMActivities_K4,1,activity,Train Majority,176,26400,26700,sitting,cycling,0,1.0,3
AReMActivities_K4,1,activity,Train Majority,177,26550,26850,sitting,cycling,0,1.0,3
AReMActivities_K4,1,activity,Train Majority,178,26700,27000,sitting,cycling,0,1.0,0
AReMActivities_K4,1,activity,Train Majority,179,26850,27150,sitting,cycling,0,1.0,3
AReMActivities_K4,1,activity,Train Majority,182,27300,27600,sitting,cycling,0,1.0,0
AReMActivities_K4,1,activity,Train Majority,183,27450,27750,sitting,cycling,0,1.0,3
AReMActivities_K4,1,activity,Train Majority,185,27750,28050,standing,cycling,0,0.71,0
AReMActivities_K4,1,activity,Train Majority,192,28800,29100,standing,cycling,0,1.0,3
AReMActivities_K4,1,activity,Train Majority,194,29100,29400,standing,cycling,0,1.0,0
AReMActivities_K4,1,activity,Train Majority,197,29550,29850,standing,cycling,0,1.0,1
AReMActivities_K4,1,activity,Train Majority,198,29700,30000,standing,cycling,0,1.0,1
AReMActivities_K4,1,activity,Train Majority,199,29850,30150,standing,cycling,0,1.0,0
AReMActivities_K4,1,activity,Train Majority,201,30150,30450,standing,cycling,0,1.0,0
AReMActivities_K4,1,activity,Train Majority,202,30300,30600,standing,cycling,0,1.0,2
AReMActivities_K4,1,activity,Train Majority,203,30450,30750,standing,cycling,0,1.0,2
AReMActivities_K4,1,activity,Train Majority,206,30900,31200,standing,cycling,0,1.0,3
AReMActivities_K4,1,activity,Train Majority,208,31200,31500,standing,cycling,0,1.0,1
AReMActivities_K4,1,activity,Train Majority,210,31500,31800,standing,cycling,0,1.0,2
AReMActivities_K4,1,activity,Train Majority,214,32100,32400,standing,cycling,0,1.0,0
AReMActivities_K4,1,activity,Train Majority,215,32250,32550,standing,cycling,0,1.0,0
AReMActivities_K4,1,activity,Train Majority,217,32550,32850,standing,cycling,0,1.0,0
AReMActivities_K4,1,activity,Train Majority,218,32700,33000,standing,cycling,0,1.0,3
AReMActivities_K4,1,activity,Train Majority,220,33000,33300,standing,cycling,0,1.0,3
AReMActivities_K4,1,activity,Train Majority,223,33450,33750,standing,cycling,0,1.0,3
AReMActivities_K4,1,activity,Train Majority,224,33600,33900,standing,cycling,0,1.0,3
AReMActivities_K4,1,activity,Train Majority,225,33750,34050,standing,cycling,0,1.0,2
AReMActivities_K4,1,activity,Train Majority,226,33900,34200,standing,cycling,0,1.0,3
AReMActivities_K4,1,activity,Train Majority,227,34050,34350,standing,cycling,0,1.0,3
AReMActivities_K4,1,activity,Train Majority,230,34500,34800,standing,cycling,0,1.0,3
AReMActivities_K4,1,activity,Train Majority,232,34800,35100,standing,cycling,0,0.79,2
AReMActivities_K4,1,activity,Train Majority,235,35250,35550,walking,cycling,0,1.0,1
AReMActivities_K4,1,activity,Train Majority,238,35700,36000,walking,cycling,0,1.0,1
AReMActivities_K4,1,activity,Train Majority,239,35850,36150,walking,cycling,0,1.0,1
AReMActivities_K4,1,activity,Train Majority,241,36150,36450,walking,cycling,0,1.0,1
AReMActivities_K4,1,activity,Train Majority,242,36300,36600,walking,cycling,0,1.0,1
AReMActivities_K4,1,activity,Train Majority,243,36450,36750,walking,cycling,0,1.0,1
AReMActivities_K4,1,activity,Train Majority,245,36750,37050,walking,cycling,0,1.0,1
AReMActivities_K4,1,activity,Train Majority,250,37500,37800,walking,cycling,0,1.0,1
AReMActivities_K4,1,activity,Train Majority,251,37650,37950,walking,cycling,0,1.0,1
AReMActivities_K4,1,activity,Train Majority,253,37950,38250,walking,cycling,0,1.0,1
AReMActivities_K4,1,activity,Train Majority,255,38250,38550,walking,cycling,0,1.0,1
AReMActivities_K4,1,activity,Train Majority,256,38400,38700,walking,cycling,0,1.0,1
AReMActivities_K4,1,activity,Train Majority,259,38850,39150,walking,cycling,0,1.0,1
AReMActivities_K4,1,activity,Train Majority,261,39150,39450,walking,cycling,0,1.0,1
AReMActivities_K4,1,activity,Train Majority,263,39450,39750,walking,cycling,0,1.0,1
AReMActivities_K4,1,activity,Train Majority,268,40200,40500,walking,cycling,0,1.0,1
AReMActivities_K4,1,activity,Train Majority,269,40350,40650,walking,cycling,0,1.0,1
AReMActivities_K4,1,activity,Train Majority,270,40500,40800,walking,cycling,0,1.0,1
AReMActivities_K4,1,activity,Train Majority,271,40650,40950,walking,cycling,0,1.0,1
AReMActivities_K4,1,activity,Train Majority,273,40950,41250,walking,cycling,0,1.0,1
AReMActivities_K4,1,activity,Train Majority,275,41250,41550,walking,cycling,0,1.0,1
AReMActivities_K4,1,activity,Train Majority,276,41400,41700,walking,cycling,0,1.0,1
AReMActivities_K4,1,activity,Train Majority,277,41550,41850,walking,cycling,0,1.0,1
AReMActivities_K4,1,activity,Train Majority,279,41850,42150,walking,cycling,0,1.0,1
AReMActivities_K4,1,activity,SensorMeanStd Centroid,1,150,450,bending1,bending1,1,1.0,3
AReMActivities_K4,1,activity,SensorMeanStd Centroid,2,300,600,bending1,bending1,1,1.0,3
AReMActivities_K4,1,activity,SensorMeanStd Centroid,7,1050,1350,bending1,bending1,1,1.0,3
AReMActivities_K4,1,activity,SensorMeanStd Centroid,10,1500,1800,bending1,bending1,1,1.0,0
AReMActivities_K4,1,activity,SensorMeanStd Centroid,11,1650,1950,bending1,bending1,1,1.0,3
AReMActivities_K4,1,activity,SensorMeanStd Centroid,12,1800,2100,bending1,bending1,1,1.0,0
AReMActivities_K4,1,activity,SensorMeanStd Centroid,15,2250,2550,bending1,bending1,1,1.0,0
AReMActivities_K4,1,activity,SensorMeanStd Centroid,16,2400,2700,bending1,bending1,1,1.0,3
AReMActivities_K4,1,activity,SensorMeanStd Centroid,17,2550,2850,bending1,bending1,1,1.0,0
AReMActivities_K4,1,activity,SensorMeanStd Centroid,20,3000,3300,bending1,bending1,1,1.0,3
AReMActivities_K4,1,activity,SensorMeanStd Centroid,21,3150,3450,bending1,bending2,0,0.7,3
AReMActivities_K4,1,activity,SensorMeanStd Centroid,22,3300,3600,bending2,bending2,1,0.8,0
AReMActivities_K4,1,activity,SensorMeanStd Centroid,24,3600,3900,bending2,bending2,1,1.0,0
AReMActivities_K4,1,activity,SensorMeanStd Centroid,25,3750,4050,bending2,bending2,1,1.0,0
AReMActivities_K4,1,activity,SensorMeanStd Centroid,28,4200,4500,bending2,bending2,1,1.0,0
AReMActivities_K4,1,activity,SensorMeanStd Centroid,29,4350,4650,bending2,bending2,1,1.0,0
AReMActivities_K4,1,activity,SensorMeanStd Centroid,31,4650,4950,bending2,sitting,0,1.0,3
AReMActivities_K4,1,activity,SensorMeanStd Centroid,32,4800,5100,bending2,lying,0,1.0,0
AReMActivities_K4,1,activity,SensorMeanStd Centroid,37,5550,5850,bending2,bending2,1,1.0,3
AReMActivities_K4,1,activity,SensorMeanStd Centroid,38,5700,6000,bending2,bending2,1,1.0,0
AReMActivities_K4,1,activity,SensorMeanStd Centroid,40,6000,6300,bending2,bending2,1,0.8,1
AReMActivities_K4,1,activity,SensorMeanStd Centroid,41,6150,6450,cycling,cycling,1,0.7,2
AReMActivities_K4,1,activity,SensorMeanStd Centroid,46,6900,7200,cycling,cycling,1,1.0,2
AReMActivities_K4,1,activity,SensorMeanStd Centroid,47,7050,7350,cycling,cycling,1,1.0,2
AReMActivities_K4,1,activity,SensorMeanStd Centroid,49,7350,7650,cycling,walking,0,1.0,2
AReMActivities_K4,1,activity,SensorMeanStd Centroid,52,7800,8100,cycling,walking,0,1.0,2
AReMActivities_K4,1,activity,SensorMeanStd Centroid,55,8250,8550,cycling,cycling,1,1.0,2
AReMActivities_K4,1,activity,SensorMeanStd Centroid,56,8400,8700,cycling,cycling,1,1.0,2
AReMActivities_K4,1,activity,SensorMeanStd Centroid,57,8550,8850,cycling,cycling,1,1.0,2
AReMActivities_K4,1,activity,SensorMeanStd Centroid,58,8700,9000,cycling,cycling,1,1.0,2
AReMActivities_K4,1,activity,SensorMeanStd Centroid,60,9000,9300,cycling,cycling,1,1.0,2
AReMActivities_K4,1,activity,SensorMeanStd Centroid,61,9150,9450,cycling,cycling,1,1.0,2
AReMActivities_K4,1,activity,SensorMeanStd Centroid,64,9600,9900,cycling,cycling,1,1.0,2
AReMActivities_K4,1,activity,SensorMeanStd Centroid,67,10050,10350,cycling,walking,0,1.0,2
AReMActivities_K4,1,activity,SensorMeanStd Centroid,70,10500,10800,cycling,cycling,1,1.0,2
AReMActivities_K4,1,activity,SensorMeanStd Centroid,73,10950,11250,cycling,cycling,1,1.0,2
AReMActivities_K4,1,activity,SensorMeanStd Centroid,75,11250,11550,cycling,cycling,1,1.0,2
AReMActivities_K4,1,activity,SensorMeanStd Centroid,76,11400,11700,cycling,cycling,1,1.0,2
AReMActivities_K4,1,activity,SensorMeanStd Centroid,78,11700,12000,cycling,walking,0,1.0,2
AReMActivities_K4,1,activity,SensorMeanStd Centroid,79,11850,12150,cycling,cycling,1,1.0,2
AReMActivities_K4,1,activity,SensorMeanStd Centroid,80,12000,12300,cycling,cycling,1,1.0,2
AReMActivities_K4,1,activity,SensorMeanStd Centroid,84,12600,12900,cycling,walking,0,1.0,2
AReMActivities_K4,1,activity,SensorMeanStd Centroid,85,12750,13050,cycling,cycling,1,1.0,2
AReMActivities_K4,1,activity,SensorMeanStd Centroid,86,12900,13200,cycling,walking,0,1.0,2
AReMActivities_K4,1,activity,SensorMeanStd Centroid,87,13050,13350,cycling,cycling,1,1.0,2
AReMActivities_K4,1,activity,SensorMeanStd Centroid,89,13350,13650,lying,bending2,0,0.7066666666666667,0
AReMActivities_K4,1,activity,SensorMeanStd Centroid,90,13500,13800,lying,lying,1,1.0,1
AReMActivities_K4,1,activity,SensorMeanStd Centroid,93,13950,14250,lying,lying,1,1.0,0
AReMActivities_K4,1,activity,SensorMeanStd Centroid,94,14100,14400,lying,lying,1,1.0,2
AReMActivities_K4,1,activity,SensorMeanStd Centroid,95,14250,14550,lying,lying,1,1.0,3
AReMActivities_K4,1,activity,SensorMeanStd Centroid,97,14550,14850,lying,lying,1,1.0,3
AReMActivities_K4,1,activity,SensorMeanStd Centroid,98,14700,15000,lying,lying,1,1.0,3
AReMActivities_K4,1,activity,SensorMeanStd Centroid,103,15450,15750,lying,lying,1,1.0,3
AReMActivities_K4,1,activity,SensorMeanStd Centroid,104,15600,15900,lying,lying,1,1.0,3
AReMActivities_K4,1,activity,SensorMeanStd Centroid,107,16050,16350,lying,lying,1,1.0,3
AReMActivities_K4,1,activity,SensorMeanStd Centroid,109,16350,16650,lying,lying,1,1.0,1
AReMActivities_K4,1,activity,SensorMeanStd Centroid,111,16650,16950,lying,lying,1,1.0,3
AReMActivities_K4,1,activity,SensorMeanStd Centroid,113,16950,17250,lying,lying,1,1.0,3
AReMActivities_K4,1,activity,SensorMeanStd Centroid,114,17100,17400,lying,lying,1,1.0,3
AReMActivities_K4,1,activity,SensorMeanStd Centroid,118,17700,18000,lying,lying,1,1.0,0
AReMActivities_K4,1,activity,SensorMeanStd Centroid,121,18150,18450,lying,lying,1,1.0,3
AReMActivities_K4,1,activity,SensorMeanStd Centroid,122,18300,18600,lying,lying,1,1.0,3
AReMActivities_K4,1,activity,SensorMeanStd Centroid,125,18750,19050,lying,lying,1,1.0,3
AReMActivities_K4,1,activity,SensorMeanStd Centroid,126,18900,19200,lying,lying,1,1.0,3
AReMActivities_K4,1,activity,SensorMeanStd Centroid,127,19050,19350,lying,lying,1,1.0,3
AReMActivities_K4,1,activity,SensorMeanStd Centroid,129,19350,19650,lying,lying,1,1.0,3
AReMActivities_K4,1,activity,SensorMeanStd Centroid,132,19800,20100,lying,standing,0,1.0,3
AReMActivities_K4,1,activity,SensorMeanStd Centroid,134,20100,20400,lying,lying,1,1.0,0
AReMActivities_K4,1,activity,SensorMeanStd Centroid,136,20400,20700,lying,bending2,0,0.7933333333333333,3
AReMActivities_K4,1,activity,SensorMeanStd Centroid,139,20850,21150,sitting,sitting,1,1.0,3
AReMActivities_K4,1,activity,SensorMeanStd Centroid,140,21000,21300,sitting,sitting,1,1.0,3
AReMActivities_K4,1,activity,SensorMeanStd Centroid,142,21300,21600,sitting,standing,0,1.0,3
AReMActivities_K4,1,activity,SensorMeanStd Centroid,143,21450,21750,sitting,sitting,1,1.0,3
AReMActivities_K4,1,activity,SensorMeanStd Centroid,151,22650,22950,sitting,bending2,0,1.0,0
AReMActivities_K4,1,activity,SensorMeanStd Centroid,157,23550,23850,sitting,sitting,1,1.0,3
AReMActivities_K4,1,activity,SensorMeanStd Centroid,158,23700,24000,sitting,standing,0,1.0,0
AReMActivities_K4,1,activity,SensorMeanStd Centroid,159,23850,24150,sitting,standing,0,1.0,0
AReMActivities_K4,1,activity,SensorMeanStd Centroid,160,24000,24300,sitting,standing,0,1.0,3
AReMActivities_K4,1,activity,SensorMeanStd Centroid,161,24150,24450,sitting,sitting,1,1.0,3
AReMActivities_K4,1,activity,SensorMeanStd Centroid,162,24300,24600,sitting,sitting,1,1.0,3
AReMActivities_K4,1,activity,SensorMeanStd Centroid,165,24750,25050,sitting,sitting,1,1.0,0
AReMActivities_K4,1,activity,SensorMeanStd Centroid,166,24900,25200,sitting,sitting,1,1.0,3
AReMActivities_K4,1,activity,SensorMeanStd Centroid,167,25050,25350,sitting,sitting,1,1.0,3
AReMActivities_K4,1,activity,SensorMeanStd Centroid,168,25200,25500,sitting,sitting,1,1.0,3
AReMActivities_K4,1,activity,SensorMeanStd Centroid,169,25350,25650,sitting,sitting,1,1.0,3
AReMActivities_K4,1,activity,SensorMeanStd Centroid,173,25950,26250,sitting,sitting,1,1.0,3
AReMActivities_K4,1,activity,SensorMeanStd Centroid,175,26250,26550,sitting,sitting,1,1.0,1
AReMActivities_K4,1,activity,SensorMeanStd Centroid,176,26400,26700,sitting,sitting,1,1.0,3
AReMActivities_K4,1,activity,SensorMeanStd Centroid,177,26550,26850,sitting,sitting,1,1.0,3
AReMActivities_K4,1,activity,SensorMeanStd Centroid,178,26700,27000,sitting,standing,0,1.0,0
AReMActivities_K4,1,activity,SensorMeanStd Centroid,179,26850,27150,sitting,sitting,1,1.0,3
AReMActivities_K4,1,activity,SensorMeanStd Centroid,182,27300,27600,sitting,sitting,1,1.0,0
AReMActivities_K4,1,activity,SensorMeanStd Centroid,183,27450,27750,sitting,sitting,1,1.0,3
AReMActivities_K4,1,activity,SensorMeanStd Centroid,185,27750,28050,standing,standing,1,0.71,0
AReMActivities_K4,1,activity,SensorMeanStd Centroid,192,28800,29100,standing,standing,1,1.0,3
AReMActivities_K4,1,activity,SensorMeanStd Centroid,194,29100,29400,standing,standing,1,1.0,0
AReMActivities_K4,1,activity,SensorMeanStd Centroid,197,29550,29850,standing,standing,1,1.0,1
AReMActivities_K4,1,activity,SensorMeanStd Centroid,198,29700,30000,standing,standing,1,1.0,1
AReMActivities_K4,1,activity,SensorMeanStd Centroid,199,29850,30150,standing,standing,1,1.0,0
AReMActivities_K4,1,activity,SensorMeanStd Centroid,201,30150,30450,standing,standing,1,1.0,0
AReMActivities_K4,1,activity,SensorMeanStd Centroid,202,30300,30600,standing,standing,1,1.0,2
AReMActivities_K4,1,activity,SensorMeanStd Centroid,203,30450,30750,standing,standing,1,1.0,2
AReMActivities_K4,1,activity,SensorMeanStd Centroid,206,30900,31200,standing,standing,1,1.0,3
AReMActivities_K4,1,activity,SensorMeanStd Centroid,208,31200,31500,standing,standing,1,1.0,1
AReMActivities_K4,1,activity,SensorMeanStd Centroid,210,31500,31800,standing,standing,1,1.0,2
AReMActivities_K4,1,activity,SensorMeanStd Centroid,214,32100,32400,standing,standing,1,1.0,0
AReMActivities_K4,1,activity,SensorMeanStd Centroid,215,32250,32550,standing,standing,1,1.0,0
AReMActivities_K4,1,activity,SensorMeanStd Centroid,217,32550,32850,standing,standing,1,1.0,0
AReMActivities_K4,1,activity,SensorMeanStd Centroid,218,32700,33000,standing,sitting,0,1.0,3
AReMActivities_K4,1,activity,SensorMeanStd Centroid,220,33000,33300,standing,standing,1,1.0,3
AReMActivities_K4,1,activity,SensorMeanStd Centroid,223,33450,33750,standing,standing,1,1.0,3
AReMActivities_K4,1,activity,SensorMeanStd Centroid,224,33600,33900,standing,standing,1,1.0,3
AReMActivities_K4,1,activity,SensorMeanStd Centroid,225,33750,34050,standing,standing,1,1.0,2
AReMActivities_K4,1,activity,SensorMeanStd Centroid,226,33900,34200,standing,standing,1,1.0,3
AReMActivities_K4,1,activity,SensorMeanStd Centroid,227,34050,34350,standing,sitting,0,1.0,3
AReMActivities_K4,1,activity,SensorMeanStd Centroid,230,34500,34800,standing,standing,1,1.0,3
AReMActivities_K4,1,activity,SensorMeanStd Centroid,232,34800,35100,standing,cycling,0,0.79,2
AReMActivities_K4,1,activity,SensorMeanStd Centroid,235,35250,35550,walking,walking,1,1.0,1
AReMActivities_K4,1,activity,SensorMeanStd Centroid,238,35700,36000,walking,walking,1,1.0,1
AReMActivities_K4,1,activity,SensorMeanStd Centroid,239,35850,36150,walking,walking,1,1.0,1
AReMActivities_K4,1,activity,SensorMeanStd Centroid,241,36150,36450,walking,cycling,0,1.0,1
AReMActivities_K4,1,activity,SensorMeanStd Centroid,242,36300,36600,walking,cycling,0,1.0,1
AReMActivities_K4,1,activity,SensorMeanStd Centroid,243,36450,36750,walking,walking,1,1.0,1
AReMActivities_K4,1,activity,SensorMeanStd Centroid,245,36750,37050,walking,cycling,0,1.0,1
AReMActivities_K4,1,activity,SensorMeanStd Centroid,250,37500,37800,walking,cycling,0,1.0,1
AReMActivities_K4,1,activity,SensorMeanStd Centroid,251,37650,37950,walking,walking,1,1.0,1
AReMActivities_K4,1,activity,SensorMeanStd Centroid,253,37950,38250,walking,walking,1,1.0,1
AReMActivities_K4,1,activity,SensorMeanStd Centroid,255,38250,38550,walking,cycling,0,1.0,1
AReMActivities_K4,1,activity,SensorMeanStd Centroid,256,38400,38700,walking,walking,1,1.0,1
AReMActivities_K4,1,activity,SensorMeanStd Centroid,259,38850,39150,walking,walking,1,1.0,1
AReMActivities_K4,1,activity,SensorMeanStd Centroid,261,39150,39450,walking,walking,1,1.0,1
AReMActivities_K4,1,activity,SensorMeanStd Centroid,263,39450,39750,walking,walking,1,1.0,1
AReMActivities_K4,1,activity,SensorMeanStd Centroid,268,40200,40500,walking,walking,1,1.0,1
AReMActivities_K4,1,activity,SensorMeanStd Centroid,269,40350,40650,walking,cycling,0,1.0,1
AReMActivities_K4,1,activity,SensorMeanStd Centroid,270,40500,40800,walking,walking,1,1.0,1
AReMActivities_K4,1,activity,SensorMeanStd Centroid,271,40650,40950,walking,walking,1,1.0,1
AReMActivities_K4,1,activity,SensorMeanStd Centroid,273,40950,41250,walking,walking,1,1.0,1
AReMActivities_K4,1,activity,SensorMeanStd Centroid,275,41250,41550,walking,walking,1,1.0,1
AReMActivities_K4,1,activity,SensorMeanStd Centroid,276,41400,41700,walking,walking,1,1.0,1
AReMActivities_K4,1,activity,SensorMeanStd Centroid,277,41550,41850,walking,walking,1,1.0,1
AReMActivities_K4,1,activity,SensorMeanStd Centroid,279,41850,42150,walking,walking,1,1.0,1
AReMActivities_K4,1,activity,GraphFeature Centroid,1,150,450,bending1,bending1,1,1.0,3
AReMActivities_K4,1,activity,GraphFeature Centroid,2,300,600,bending1,bending1,1,1.0,3
AReMActivities_K4,1,activity,GraphFeature Centroid,7,1050,1350,bending1,bending1,1,1.0,3
AReMActivities_K4,1,activity,GraphFeature Centroid,10,1500,1800,bending1,bending1,1,1.0,0
AReMActivities_K4,1,activity,GraphFeature Centroid,11,1650,1950,bending1,standing,0,1.0,3
AReMActivities_K4,1,activity,GraphFeature Centroid,12,1800,2100,bending1,bending1,1,1.0,0
AReMActivities_K4,1,activity,GraphFeature Centroid,15,2250,2550,bending1,sitting,0,1.0,0
AReMActivities_K4,1,activity,GraphFeature Centroid,16,2400,2700,bending1,sitting,0,1.0,3
AReMActivities_K4,1,activity,GraphFeature Centroid,17,2550,2850,bending1,standing,0,1.0,0
AReMActivities_K4,1,activity,GraphFeature Centroid,20,3000,3300,bending1,lying,0,1.0,3
AReMActivities_K4,1,activity,GraphFeature Centroid,21,3150,3450,bending1,sitting,0,0.7,3
AReMActivities_K4,1,activity,GraphFeature Centroid,22,3300,3600,bending2,lying,0,0.8,0
AReMActivities_K4,1,activity,GraphFeature Centroid,24,3600,3900,bending2,standing,0,1.0,0
AReMActivities_K4,1,activity,GraphFeature Centroid,25,3750,4050,bending2,standing,0,1.0,0
AReMActivities_K4,1,activity,GraphFeature Centroid,28,4200,4500,bending2,bending2,1,1.0,0
AReMActivities_K4,1,activity,GraphFeature Centroid,29,4350,4650,bending2,bending2,1,1.0,0
AReMActivities_K4,1,activity,GraphFeature Centroid,31,4650,4950,bending2,sitting,0,1.0,3
AReMActivities_K4,1,activity,GraphFeature Centroid,32,4800,5100,bending2,sitting,0,1.0,0
AReMActivities_K4,1,activity,GraphFeature Centroid,37,5550,5850,bending2,standing,0,1.0,3
AReMActivities_K4,1,activity,GraphFeature Centroid,38,5700,6000,bending2,bending2,1,1.0,0
AReMActivities_K4,1,activity,GraphFeature Centroid,40,6000,6300,bending2,bending1,0,0.8,1
AReMActivities_K4,1,activity,GraphFeature Centroid,41,6150,6450,cycling,cycling,1,0.7,2
AReMActivities_K4,1,activity,GraphFeature Centroid,46,6900,7200,cycling,cycling,1,1.0,2
AReMActivities_K4,1,activity,GraphFeature Centroid,47,7050,7350,cycling,cycling,1,1.0,2
AReMActivities_K4,1,activity,GraphFeature Centroid,49,7350,7650,cycling,walking,0,1.0,2
AReMActivities_K4,1,activity,GraphFeature Centroid,52,7800,8100,cycling,cycling,1,1.0,2
AReMActivities_K4,1,activity,GraphFeature Centroid,55,8250,8550,cycling,cycling,1,1.0,2
AReMActivities_K4,1,activity,GraphFeature Centroid,56,8400,8700,cycling,cycling,1,1.0,2
AReMActivities_K4,1,activity,GraphFeature Centroid,57,8550,8850,cycling,cycling,1,1.0,2
AReMActivities_K4,1,activity,GraphFeature Centroid,58,8700,9000,cycling,cycling,1,1.0,2
AReMActivities_K4,1,activity,GraphFeature Centroid,60,9000,9300,cycling,cycling,1,1.0,2
AReMActivities_K4,1,activity,GraphFeature Centroid,61,9150,9450,cycling,cycling,1,1.0,2
AReMActivities_K4,1,activity,GraphFeature Centroid,64,9600,9900,cycling,cycling,1,1.0,2
AReMActivities_K4,1,activity,GraphFeature Centroid,67,10050,10350,cycling,cycling,1,1.0,2
AReMActivities_K4,1,activity,GraphFeature Centroid,70,10500,10800,cycling,cycling,1,1.0,2
AReMActivities_K4,1,activity,GraphFeature Centroid,73,10950,11250,cycling,cycling,1,1.0,2
AReMActivities_K4,1,activity,GraphFeature Centroid,75,11250,11550,cycling,cycling,1,1.0,2
AReMActivities_K4,1,activity,GraphFeature Centroid,76,11400,11700,cycling,cycling,1,1.0,2
AReMActivities_K4,1,activity,GraphFeature Centroid,78,11700,12000,cycling,walking,0,1.0,2
AReMActivities_K4,1,activity,GraphFeature Centroid,79,11850,12150,cycling,cycling,1,1.0,2
AReMActivities_K4,1,activity,GraphFeature Centroid,80,12000,12300,cycling,cycling,1,1.0,2
AReMActivities_K4,1,activity,GraphFeature Centroid,84,12600,12900,cycling,cycling,1,1.0,2
AReMActivities_K4,1,activity,GraphFeature Centroid,85,12750,13050,cycling,cycling,1,1.0,2
AReMActivities_K4,1,activity,GraphFeature Centroid,86,12900,13200,cycling,cycling,1,1.0,2
AReMActivities_K4,1,activity,GraphFeature Centroid,87,13050,13350,cycling,cycling,1,1.0,2
AReMActivities_K4,1,activity,GraphFeature Centroid,89,13350,13650,lying,bending1,0,0.7066666666666667,0
AReMActivities_K4,1,activity,GraphFeature Centroid,90,13500,13800,lying,lying,1,1.0,1
AReMActivities_K4,1,activity,GraphFeature Centroid,93,13950,14250,lying,bending1,0,1.0,0
AReMActivities_K4,1,activity,GraphFeature Centroid,94,14100,14400,lying,cycling,0,1.0,2
AReMActivities_K4,1,activity,GraphFeature Centroid,95,14250,14550,lying,sitting,0,1.0,3
AReMActivities_K4,1,activity,GraphFeature Centroid,97,14550,14850,lying,lying,1,1.0,3
AReMActivities_K4,1,activity,GraphFeature Centroid,98,14700,15000,lying,lying,1,1.0,3
AReMActivities_K4,1,activity,GraphFeature Centroid,103,15450,15750,lying,lying,1,1.0,3
AReMActivities_K4,1,activity,GraphFeature Centroid,104,15600,15900,lying,lying,1,1.0,3
AReMActivities_K4,1,activity,GraphFeature Centroid,107,16050,16350,lying,lying,1,1.0,3
AReMActivities_K4,1,activity,GraphFeature Centroid,109,16350,16650,lying,lying,1,1.0,1
AReMActivities_K4,1,activity,GraphFeature Centroid,111,16650,16950,lying,lying,1,1.0,3
AReMActivities_K4,1,activity,GraphFeature Centroid,113,16950,17250,lying,lying,1,1.0,3
AReMActivities_K4,1,activity,GraphFeature Centroid,114,17100,17400,lying,lying,1,1.0,3
AReMActivities_K4,1,activity,GraphFeature Centroid,118,17700,18000,lying,bending2,0,1.0,0
AReMActivities_K4,1,activity,GraphFeature Centroid,121,18150,18450,lying,lying,1,1.0,3
AReMActivities_K4,1,activity,GraphFeature Centroid,122,18300,18600,lying,lying,1,1.0,3
AReMActivities_K4,1,activity,GraphFeature Centroid,125,18750,19050,lying,lying,1,1.0,3
AReMActivities_K4,1,activity,GraphFeature Centroid,126,18900,19200,lying,lying,1,1.0,3
AReMActivities_K4,1,activity,GraphFeature Centroid,127,19050,19350,lying,lying,1,1.0,3
AReMActivities_K4,1,activity,GraphFeature Centroid,129,19350,19650,lying,lying,1,1.0,3
AReMActivities_K4,1,activity,GraphFeature Centroid,132,19800,20100,lying,lying,1,1.0,3
AReMActivities_K4,1,activity,GraphFeature Centroid,134,20100,20400,lying,bending2,0,1.0,0
AReMActivities_K4,1,activity,GraphFeature Centroid,136,20400,20700,lying,lying,1,0.7933333333333333,3
AReMActivities_K4,1,activity,GraphFeature Centroid,139,20850,21150,sitting,standing,0,1.0,3
AReMActivities_K4,1,activity,GraphFeature Centroid,140,21000,21300,sitting,sitting,1,1.0,3
AReMActivities_K4,1,activity,GraphFeature Centroid,142,21300,21600,sitting,sitting,1,1.0,3
AReMActivities_K4,1,activity,GraphFeature Centroid,143,21450,21750,sitting,sitting,1,1.0,3
AReMActivities_K4,1,activity,GraphFeature Centroid,151,22650,22950,sitting,sitting,1,1.0,0
AReMActivities_K4,1,activity,GraphFeature Centroid,157,23550,23850,sitting,sitting,1,1.0,3
AReMActivities_K4,1,activity,GraphFeature Centroid,158,23700,24000,sitting,bending1,0,1.0,0
AReMActivities_K4,1,activity,GraphFeature Centroid,159,23850,24150,sitting,standing,0,1.0,0
AReMActivities_K4,1,activity,GraphFeature Centroid,160,24000,24300,sitting,sitting,1,1.0,3
AReMActivities_K4,1,activity,GraphFeature Centroid,161,24150,24450,sitting,lying,0,1.0,3
AReMActivities_K4,1,activity,GraphFeature Centroid,162,24300,24600,sitting,lying,0,1.0,3
AReMActivities_K4,1,activity,GraphFeature Centroid,165,24750,25050,sitting,standing,0,1.0,0
AReMActivities_K4,1,activity,GraphFeature Centroid,166,24900,25200,sitting,lying,0,1.0,3
AReMActivities_K4,1,activity,GraphFeature Centroid,167,25050,25350,sitting,sitting,1,1.0,3
AReMActivities_K4,1,activity,GraphFeature Centroid,168,25200,25500,sitting,bending2,0,1.0,3
AReMActivities_K4,1,activity,GraphFeature Centroid,169,25350,25650,sitting,sitting,1,1.0,3
AReMActivities_K4,1,activity,GraphFeature Centroid,173,25950,26250,sitting,sitting,1,1.0,3
AReMActivities_K4,1,activity,GraphFeature Centroid,175,26250,26550,sitting,lying,0,1.0,1
AReMActivities_K4,1,activity,GraphFeature Centroid,176,26400,26700,sitting,standing,0,1.0,3
AReMActivities_K4,1,activity,GraphFeature Centroid,177,26550,26850,sitting,sitting,1,1.0,3
AReMActivities_K4,1,activity,GraphFeature Centroid,178,26700,27000,sitting,sitting,1,1.0,0
AReMActivities_K4,1,activity,GraphFeature Centroid,179,26850,27150,sitting,sitting,1,1.0,3
AReMActivities_K4,1,activity,GraphFeature Centroid,182,27300,27600,sitting,lying,0,1.0,0
AReMActivities_K4,1,activity,GraphFeature Centroid,183,27450,27750,sitting,lying,0,1.0,3
AReMActivities_K4,1,activity,GraphFeature Centroid,185,27750,28050,standing,standing,1,0.71,0
AReMActivities_K4,1,activity,GraphFeature Centroid,192,28800,29100,standing,standing,1,1.0,3
AReMActivities_K4,1,activity,GraphFeature Centroid,194,29100,29400,standing,standing,1,1.0,0
AReMActivities_K4,1,activity,GraphFeature Centroid,197,29550,29850,standing,standing,1,1.0,1
AReMActivities_K4,1,activity,GraphFeature Centroid,198,29700,30000,standing,standing,1,1.0,1
AReMActivities_K4,1,activity,GraphFeature Centroid,199,29850,30150,standing,standing,1,1.0,0
AReMActivities_K4,1,activity,GraphFeature Centroid,201,30150,30450,standing,standing,1,1.0,0
AReMActivities_K4,1,activity,GraphFeature Centroid,202,30300,30600,standing,standing,1,1.0,2
AReMActivities_K4,1,activity,GraphFeature Centroid,203,30450,30750,standing,standing,1,1.0,2
AReMActivities_K4,1,activity,GraphFeature Centroid,206,30900,31200,standing,standing,1,1.0,3
AReMActivities_K4,1,activity,GraphFeature Centroid,208,31200,31500,standing,standing,1,1.0,1
AReMActivities_K4,1,activity,GraphFeature Centroid,210,31500,31800,standing,standing,1,1.0,2
AReMActivities_K4,1,activity,GraphFeature Centroid,214,32100,32400,standing,sitting,0,1.0,0
AReMActivities_K4,1,activity,GraphFeature Centroid,215,32250,32550,standing,standing,1,1.0,0
AReMActivities_K4,1,activity,GraphFeature Centroid,217,32550,32850,standing,standing,1,1.0,0
AReMActivities_K4,1,activity,GraphFeature Centroid,218,32700,33000,standing,standing,1,1.0,3
AReMActivities_K4,1,activity,GraphFeature Centroid,220,33000,33300,standing,standing,1,1.0,3
AReMActivities_K4,1,activity,GraphFeature Centroid,223,33450,33750,standing,sitting,0,1.0,3
AReMActivities_K4,1,activity,GraphFeature Centroid,224,33600,33900,standing,lying,0,1.0,3
AReMActivities_K4,1,activity,GraphFeature Centroid,225,33750,34050,standing,bending1,0,1.0,2
AReMActivities_K4,1,activity,GraphFeature Centroid,226,33900,34200,standing,sitting,0,1.0,3
AReMActivities_K4,1,activity,GraphFeature Centroid,227,34050,34350,standing,bending2,0,1.0,3
AReMActivities_K4,1,activity,GraphFeature Centroid,230,34500,34800,standing,standing,1,1.0,3
AReMActivities_K4,1,activity,GraphFeature Centroid,232,34800,35100,standing,cycling,0,0.79,2
AReMActivities_K4,1,activity,GraphFeature Centroid,235,35250,35550,walking,walking,1,1.0,1
AReMActivities_K4,1,activity,GraphFeature Centroid,238,35700,36000,walking,walking,1,1.0,1
AReMActivities_K4,1,activity,GraphFeature Centroid,239,35850,36150,walking,walking,1,1.0,1
AReMActivities_K4,1,activity,GraphFeature Centroid,241,36150,36450,walking,walking,1,1.0,1
AReMActivities_K4,1,activity,GraphFeature Centroid,242,36300,36600,walking,walking,1,1.0,1
AReMActivities_K4,1,activity,GraphFeature Centroid,243,36450,36750,walking,walking,1,1.0,1
AReMActivities_K4,1,activity,GraphFeature Centroid,245,36750,37050,walking,walking,1,1.0,1
AReMActivities_K4,1,activity,GraphFeature Centroid,250,37500,37800,walking,walking,1,1.0,1
AReMActivities_K4,1,activity,GraphFeature Centroid,251,37650,37950,walking,walking,1,1.0,1
AReMActivities_K4,1,activity,GraphFeature Centroid,253,37950,38250,walking,walking,1,1.0,1
AReMActivities_K4,1,activity,GraphFeature Centroid,255,38250,38550,walking,walking,1,1.0,1
AReMActivities_K4,1,activity,GraphFeature Centroid,256,38400,38700,walking,walking,1,1.0,1
AReMActivities_K4,1,activity,GraphFeature Centroid,259,38850,39150,walking,walking,1,1.0,1
AReMActivities_K4,1,activity,GraphFeature Centroid,261,39150,39450,walking,walking,1,1.0,1
AReMActivities_K4,1,activity,GraphFeature Centroid,263,39450,39750,walking,walking,1,1.0,1
AReMActivities_K4,1,activity,GraphFeature Centroid,268,40200,40500,walking,walking,1,1.0,1
AReMActivities_K4,1,activity,GraphFeature Centroid,269,40350,40650,walking,walking,1,1.0,1
AReMActivities_K4,1,activity,GraphFeature Centroid,270,40500,40800,walking,walking,1,1.0,1
AReMActivities_K4,1,activity,GraphFeature Centroid,271,40650,40950,walking,walking,1,1.0,1
AReMActivities_K4,1,activity,GraphFeature Centroid,273,40950,41250,walking,walking,1,1.0,1
AReMActivities_K4,1,activity,GraphFeature Centroid,275,41250,41550,walking,walking,1,1.0,1
AReMActivities_K4,1,activity,GraphFeature Centroid,276,41400,41700,walking,walking,1,1.0,1
AReMActivities_K4,1,activity,GraphFeature Centroid,277,41550,41850,walking,walking,1,1.0,1
AReMActivities_K4,1,activity,GraphFeature Centroid,279,41850,42150,walking,walking,1,1.0,1
AReMActivities_K4,1,activity,STCG-v1 State Mapping,1,150,450,bending1,sitting,0,1.0,3
AReMActivities_K4,1,activity,STCG-v1 State Mapping,2,300,600,bending1,sitting,0,1.0,3
AReMActivities_K4,1,activity,STCG-v1 State Mapping,7,1050,1350,bending1,sitting,0,1.0,3
AReMActivities_K4,1,activity,STCG-v1 State Mapping,10,1500,1800,bending1,standing,0,1.0,0
AReMActivities_K4,1,activity,STCG-v1 State Mapping,11,1650,1950,bending1,sitting,0,1.0,3
AReMActivities_K4,1,activity,STCG-v1 State Mapping,12,1800,2100,bending1,standing,0,1.0,0
AReMActivities_K4,1,activity,STCG-v1 State Mapping,15,2250,2550,bending1,standing,0,1.0,0
AReMActivities_K4,1,activity,STCG-v1 State Mapping,16,2400,2700,bending1,sitting,0,1.0,3
AReMActivities_K4,1,activity,STCG-v1 State Mapping,17,2550,2850,bending1,standing,0,1.0,0
AReMActivities_K4,1,activity,STCG-v1 State Mapping,20,3000,3300,bending1,sitting,0,1.0,3
AReMActivities_K4,1,activity,STCG-v1 State Mapping,21,3150,3450,bending1,sitting,0,0.7,3
AReMActivities_K4,1,activity,STCG-v1 State Mapping,22,3300,3600,bending2,standing,0,0.8,0
AReMActivities_K4,1,activity,STCG-v1 State Mapping,24,3600,3900,bending2,standing,0,1.0,0
AReMActivities_K4,1,activity,STCG-v1 State Mapping,25,3750,4050,bending2,standing,0,1.0,0
AReMActivities_K4,1,activity,STCG-v1 State Mapping,28,4200,4500,bending2,standing,0,1.0,0
AReMActivities_K4,1,activity,STCG-v1 State Mapping,29,4350,4650,bending2,standing,0,1.0,0
AReMActivities_K4,1,activity,STCG-v1 State Mapping,31,4650,4950,bending2,sitting,0,1.0,3
AReMActivities_K4,1,activity,STCG-v1 State Mapping,32,4800,5100,bending2,standing,0,1.0,0
AReMActivities_K4,1,activity,STCG-v1 State Mapping,37,5550,5850,bending2,sitting,0,1.0,3
AReMActivities_K4,1,activity,STCG-v1 State Mapping,38,5700,6000,bending2,standing,0,1.0,0
AReMActivities_K4,1,activity,STCG-v1 State Mapping,40,6000,6300,bending2,walking,0,0.8,1
AReMActivities_K4,1,activity,STCG-v1 State Mapping,41,6150,6450,cycling,cycling,1,0.7,2
AReMActivities_K4,1,activity,STCG-v1 State Mapping,46,6900,7200,cycling,cycling,1,1.0,2
AReMActivities_K4,1,activity,STCG-v1 State Mapping,47,7050,7350,cycling,cycling,1,1.0,2
AReMActivities_K4,1,activity,STCG-v1 State Mapping,49,7350,7650,cycling,cycling,1,1.0,2
AReMActivities_K4,1,activity,STCG-v1 State Mapping,52,7800,8100,cycling,cycling,1,1.0,2
AReMActivities_K4,1,activity,STCG-v1 State Mapping,55,8250,8550,cycling,cycling,1,1.0,2
AReMActivities_K4,1,activity,STCG-v1 State Mapping,56,8400,8700,cycling,cycling,1,1.0,2
AReMActivities_K4,1,activity,STCG-v1 State Mapping,57,8550,8850,cycling,cycling,1,1.0,2
AReMActivities_K4,1,activity,STCG-v1 State Mapping,58,8700,9000,cycling,cycling,1,1.0,2
AReMActivities_K4,1,activity,STCG-v1 State Mapping,60,9000,9300,cycling,cycling,1,1.0,2
AReMActivities_K4,1,activity,STCG-v1 State Mapping,61,9150,9450,cycling,cycling,1,1.0,2
AReMActivities_K4,1,activity,STCG-v1 State Mapping,64,9600,9900,cycling,cycling,1,1.0,2
AReMActivities_K4,1,activity,STCG-v1 State Mapping,67,10050,10350,cycling,cycling,1,1.0,2
AReMActivities_K4,1,activity,STCG-v1 State Mapping,70,10500,10800,cycling,cycling,1,1.0,2
AReMActivities_K4,1,activity,STCG-v1 State Mapping,73,10950,11250,cycling,cycling,1,1.0,2
AReMActivities_K4,1,activity,STCG-v1 State Mapping,75,11250,11550,cycling,cycling,1,1.0,2
AReMActivities_K4,1,activity,STCG-v1 State Mapping,76,11400,11700,cycling,cycling,1,1.0,2
AReMActivities_K4,1,activity,STCG-v1 State Mapping,78,11700,12000,cycling,cycling,1,1.0,2
AReMActivities_K4,1,activity,STCG-v1 State Mapping,79,11850,12150,cycling,cycling,1,1.0,2
AReMActivities_K4,1,activity,STCG-v1 State Mapping,80,12000,12300,cycling,cycling,1,1.0,2
AReMActivities_K4,1,activity,STCG-v1 State Mapping,84,12600,12900,cycling,cycling,1,1.0,2
AReMActivities_K4,1,activity,STCG-v1 State Mapping,85,12750,13050,cycling,cycling,1,1.0,2
AReMActivities_K4,1,activity,STCG-v1 State Mapping,86,12900,13200,cycling,cycling,1,1.0,2
AReMActivities_K4,1,activity,STCG-v1 State Mapping,87,13050,13350,cycling,cycling,1,1.0,2
AReMActivities_K4,1,activity,STCG-v1 State Mapping,89,13350,13650,lying,standing,0,0.7066666666666667,0
AReMActivities_K4,1,activity,STCG-v1 State Mapping,90,13500,13800,lying,walking,0,1.0,1
AReMActivities_K4,1,activity,STCG-v1 State Mapping,93,13950,14250,lying,standing,0,1.0,0
AReMActivities_K4,1,activity,STCG-v1 State Mapping,94,14100,14400,lying,cycling,0,1.0,2
AReMActivities_K4,1,activity,STCG-v1 State Mapping,95,14250,14550,lying,sitting,0,1.0,3
AReMActivities_K4,1,activity,STCG-v1 State Mapping,97,14550,14850,lying,sitting,0,1.0,3
AReMActivities_K4,1,activity,STCG-v1 State Mapping,98,14700,15000,lying,sitting,0,1.0,3
AReMActivities_K4,1,activity,STCG-v1 State Mapping,103,15450,15750,lying,sitting,0,1.0,3
AReMActivities_K4,1,activity,STCG-v1 State Mapping,104,15600,15900,lying,sitting,0,1.0,3
AReMActivities_K4,1,activity,STCG-v1 State Mapping,107,16050,16350,lying,sitting,0,1.0,3
AReMActivities_K4,1,activity,STCG-v1 State Mapping,109,16350,16650,lying,walking,0,1.0,1
AReMActivities_K4,1,activity,STCG-v1 State Mapping,111,16650,16950,lying,sitting,0,1.0,3
AReMActivities_K4,1,activity,STCG-v1 State Mapping,113,16950,17250,lying,sitting,0,1.0,3
AReMActivities_K4,1,activity,STCG-v1 State Mapping,114,17100,17400,lying,sitting,0,1.0,3
AReMActivities_K4,1,activity,STCG-v1 State Mapping,118,17700,18000,lying,standing,0,1.0,0
AReMActivities_K4,1,activity,STCG-v1 State Mapping,121,18150,18450,lying,sitting,0,1.0,3
AReMActivities_K4,1,activity,STCG-v1 State Mapping,122,18300,18600,lying,sitting,0,1.0,3
AReMActivities_K4,1,activity,STCG-v1 State Mapping,125,18750,19050,lying,sitting,0,1.0,3
AReMActivities_K4,1,activity,STCG-v1 State Mapping,126,18900,19200,lying,sitting,0,1.0,3
AReMActivities_K4,1,activity,STCG-v1 State Mapping,127,19050,19350,lying,sitting,0,1.0,3
AReMActivities_K4,1,activity,STCG-v1 State Mapping,129,19350,19650,lying,sitting,0,1.0,3
AReMActivities_K4,1,activity,STCG-v1 State Mapping,132,19800,20100,lying,sitting,0,1.0,3
AReMActivities_K4,1,activity,STCG-v1 State Mapping,134,20100,20400,lying,standing,0,1.0,0
AReMActivities_K4,1,activity,STCG-v1 State Mapping,136,20400,20700,lying,sitting,0,0.7933333333333333,3
AReMActivities_K4,1,activity,STCG-v1 State Mapping,139,20850,21150,sitting,sitting,1,1.0,3
AReMActivities_K4,1,activity,STCG-v1 State Mapping,140,21000,21300,sitting,sitting,1,1.0,3
AReMActivities_K4,1,activity,STCG-v1 State Mapping,142,21300,21600,sitting,sitting,1,1.0,3
AReMActivities_K4,1,activity,STCG-v1 State Mapping,143,21450,21750,sitting,sitting,1,1.0,3
AReMActivities_K4,1,activity,STCG-v1 State Mapping,151,22650,22950,sitting,standing,0,1.0,0
AReMActivities_K4,1,activity,STCG-v1 State Mapping,157,23550,23850,sitting,sitting,1,1.0,3
AReMActivities_K4,1,activity,STCG-v1 State Mapping,158,23700,24000,sitting,standing,0,1.0,0
AReMActivities_K4,1,activity,STCG-v1 State Mapping,159,23850,24150,sitting,standing,0,1.0,0
AReMActivities_K4,1,activity,STCG-v1 State Mapping,160,24000,24300,sitting,sitting,1,1.0,3
AReMActivities_K4,1,activity,STCG-v1 State Mapping,161,24150,24450,sitting,sitting,1,1.0,3
AReMActivities_K4,1,activity,STCG-v1 State Mapping,162,24300,24600,sitting,sitting,1,1.0,3
AReMActivities_K4,1,activity,STCG-v1 State Mapping,165,24750,25050,sitting,standing,0,1.0,0
AReMActivities_K4,1,activity,STCG-v1 State Mapping,166,24900,25200,sitting,sitting,1,1.0,3
AReMActivities_K4,1,activity,STCG-v1 State Mapping,167,25050,25350,sitting,sitting,1,1.0,3
AReMActivities_K4,1,activity,STCG-v1 State Mapping,168,25200,25500,sitting,sitting,1,1.0,3
AReMActivities_K4,1,activity,STCG-v1 State Mapping,169,25350,25650,sitting,sitting,1,1.0,3
AReMActivities_K4,1,activity,STCG-v1 State Mapping,173,25950,26250,sitting,sitting,1,1.0,3
AReMActivities_K4,1,activity,STCG-v1 State Mapping,175,26250,26550,sitting,walking,0,1.0,1
AReMActivities_K4,1,activity,STCG-v1 State Mapping,176,26400,26700,sitting,sitting,1,1.0,3
AReMActivities_K4,1,activity,STCG-v1 State Mapping,177,26550,26850,sitting,sitting,1,1.0,3
AReMActivities_K4,1,activity,STCG-v1 State Mapping,178,26700,27000,sitting,standing,0,1.0,0
AReMActivities_K4,1,activity,STCG-v1 State Mapping,179,26850,27150,sitting,sitting,1,1.0,3
AReMActivities_K4,1,activity,STCG-v1 State Mapping,182,27300,27600,sitting,standing,0,1.0,0
AReMActivities_K4,1,activity,STCG-v1 State Mapping,183,27450,27750,sitting,sitting,1,1.0,3
AReMActivities_K4,1,activity,STCG-v1 State Mapping,185,27750,28050,standing,standing,1,0.71,0
AReMActivities_K4,1,activity,STCG-v1 State Mapping,192,28800,29100,standing,sitting,0,1.0,3
AReMActivities_K4,1,activity,STCG-v1 State Mapping,194,29100,29400,standing,standing,1,1.0,0
AReMActivities_K4,1,activity,STCG-v1 State Mapping,197,29550,29850,standing,walking,0,1.0,1
AReMActivities_K4,1,activity,STCG-v1 State Mapping,198,29700,30000,standing,walking,0,1.0,1
AReMActivities_K4,1,activity,STCG-v1 State Mapping,199,29850,30150,standing,standing,1,1.0,0
AReMActivities_K4,1,activity,STCG-v1 State Mapping,201,30150,30450,standing,standing,1,1.0,0
AReMActivities_K4,1,activity,STCG-v1 State Mapping,202,30300,30600,standing,cycling,0,1.0,2
AReMActivities_K4,1,activity,STCG-v1 State Mapping,203,30450,30750,standing,cycling,0,1.0,2
AReMActivities_K4,1,activity,STCG-v1 State Mapping,206,30900,31200,standing,sitting,0,1.0,3
AReMActivities_K4,1,activity,STCG-v1 State Mapping,208,31200,31500,standing,walking,0,1.0,1
AReMActivities_K4,1,activity,STCG-v1 State Mapping,210,31500,31800,standing,cycling,0,1.0,2
AReMActivities_K4,1,activity,STCG-v1 State Mapping,214,32100,32400,standing,standing,1,1.0,0
AReMActivities_K4,1,activity,STCG-v1 State Mapping,215,32250,32550,standing,standing,1,1.0,0
AReMActivities_K4,1,activity,STCG-v1 State Mapping,217,32550,32850,standing,standing,1,1.0,0
AReMActivities_K4,1,activity,STCG-v1 State Mapping,218,32700,33000,standing,sitting,0,1.0,3
AReMActivities_K4,1,activity,STCG-v1 State Mapping,220,33000,33300,standing,sitting,0,1.0,3
AReMActivities_K4,1,activity,STCG-v1 State Mapping,223,33450,33750,standing,sitting,0,1.0,3
AReMActivities_K4,1,activity,STCG-v1 State Mapping,224,33600,33900,standing,sitting,0,1.0,3
AReMActivities_K4,1,activity,STCG-v1 State Mapping,225,33750,34050,standing,cycling,0,1.0,2
AReMActivities_K4,1,activity,STCG-v1 State Mapping,226,33900,34200,standing,sitting,0,1.0,3
AReMActivities_K4,1,activity,STCG-v1 State Mapping,227,34050,34350,standing,sitting,0,1.0,3
AReMActivities_K4,1,activity,STCG-v1 State Mapping,230,34500,34800,standing,sitting,0,1.0,3
AReMActivities_K4,1,activity,STCG-v1 State Mapping,232,34800,35100,standing,cycling,0,0.79,2
AReMActivities_K4,1,activity,STCG-v1 State Mapping,235,35250,35550,walking,walking,1,1.0,1
AReMActivities_K4,1,activity,STCG-v1 State Mapping,238,35700,36000,walking,walking,1,1.0,1
AReMActivities_K4,1,activity,STCG-v1 State Mapping,239,35850,36150,walking,walking,1,1.0,1
AReMActivities_K4,1,activity,STCG-v1 State Mapping,241,36150,36450,walking,walking,1,1.0,1
AReMActivities_K4,1,activity,STCG-v1 State Mapping,242,36300,36600,walking,walking,1,1.0,1
AReMActivities_K4,1,activity,STCG-v1 State Mapping,243,36450,36750,walking,walking,1,1.0,1
AReMActivities_K4,1,activity,STCG-v1 State Mapping,245,36750,37050,walking,walking,1,1.0,1
AReMActivities_K4,1,activity,STCG-v1 State Mapping,250,37500,37800,walking,walking,1,1.0,1
AReMActivities_K4,1,activity,STCG-v1 State Mapping,251,37650,37950,walking,walking,1,1.0,1
AReMActivities_K4,1,activity,STCG-v1 State Mapping,253,37950,38250,walking,walking,1,1.0,1
AReMActivities_K4,1,activity,STCG-v1 State Mapping,255,38250,38550,walking,walking,1,1.0,1
AReMActivities_K4,1,activity,STCG-v1 State Mapping,256,38400,38700,walking,walking,1,1.0,1
AReMActivities_K4,1,activity,STCG-v1 State Mapping,259,38850,39150,walking,walking,1,1.0,1
AReMActivities_K4,1,activity,STCG-v1 State Mapping,261,39150,39450,walking,walking,1,1.0,1
AReMActivities_K4,1,activity,STCG-v1 State Mapping,263,39450,39750,walking,walking,1,1.0,1
AReMActivities_K4,1,activity,STCG-v1 State Mapping,268,40200,40500,walking,walking,1,1.0,1
AReMActivities_K4,1,activity,STCG-v1 State Mapping,269,40350,40650,walking,walking,1,1.0,1
AReMActivities_K4,1,activity,STCG-v1 State Mapping,270,40500,40800,walking,walking,1,1.0,1
AReMActivities_K4,1,activity,STCG-v1 State Mapping,271,40650,40950,walking,walking,1,1.0,1
AReMActivities_K4,1,activity,STCG-v1 State Mapping,273,40950,41250,walking,walking,1,1.0,1
AReMActivities_K4,1,activity,STCG-v1 State Mapping,275,41250,41550,walking,walking,1,1.0,1
AReMActivities_K4,1,activity,STCG-v1 State Mapping,276,41400,41700,walking,walking,1,1.0,1
AReMActivities_K4,1,activity,STCG-v1 State Mapping,277,41550,41850,walking,walking,1,1.0,1
AReMActivities_K4,1,activity,STCG-v1 State Mapping,279,41850,42150,walking,walking,1,1.0,1
AReMActivities_K4,2,activity,Train Majority,2,300,600,bending1,cycling,0,1.0,3
AReMActivities_K4,2,activity,Train Majority,6,900,1200,bending1,cycling,0,1.0,3
AReMActivities_K4,2,activity,Train Majority,7,1050,1350,bending1,cycling,0,1.0,3
AReMActivities_K4,2,activity,Train Majority,11,1650,1950,bending1,cycling,0,1.0,3
AReMActivities_K4,2,activity,Train Majority,12,1800,2100,bending1,cycling,0,1.0,1
AReMActivities_K4,2,activity,Train Majority,13,1950,2250,bending1,cycling,0,1.0,1
AReMActivities_K4,2,activity,Train Majority,14,2100,2400,bending1,cycling,0,1.0,3
AReMActivities_K4,2,activity,Train Majority,15,2250,2550,bending1,cycling,0,1.0,3
AReMActivities_K4,2,activity,Train Majority,16,2400,2700,bending1,cycling,0,1.0,3
AReMActivities_K4,2,activity,Train Majority,17,2550,2850,bending1,cycling,0,1.0,1
AReMActivities_K4,2,activity,Train Majority,20,3000,3300,bending1,cycling,0,1.0,3
AReMActivities_K4,2,activity,Train Majority,23,3450,3750,bending2,cycling,0,1.0,1
AReMActivities_K4,2,activity,Train Majority,24,3600,3900,bending2,cycling,0,1.0,1
AReMActivities_K4,2,activity,Train Majority,25,3750,4050,bending2,cycling,0,1.0,1
AReMActivities_K4,2,activity,Train Majority,27,4050,4350,bending2,cycling,0,1.0,1
AReMActivities_K4,2,activity,Train Majority,28,4200,4500,bending2,cycling,0,1.0,1
AReMActivities_K4,2,activity,Train Majority,29,4350,4650,bending2,cycling,0,1.0,1
AReMActivities_K4,2,activity,Train Majority,30,4500,4800,bending2,cycling,0,1.0,1
AReMActivities_K4,2,activity,Train Majority,31,4650,4950,bending2,cycling,0,1.0,3
AReMActivities_K4,2,activity,Train Majority,33,4950,5250,bending2,cycling,0,1.0,3
AReMActivities_K4,2,activity,Train Majority,35,5250,5550,bending2,cycling,0,1.0,3
AReMActivities_K4,2,activity,Train Majority,42,6300,6600,cycling,cycling,1,1.0,0
AReMActivities_K4,2,activity,Train Majority,43,6450,6750,cycling,cycling,1,1.0,0
AReMActivities_K4,2,activity,Train Majority,46,6900,7200,cycling,cycling,1,1.0,0
AReMActivities_K4,2,activity,Train Majority,47,7050,7350,cycling,cycling,1,1.0,0
AReMActivities_K4,2,activity,Train Majority,48,7200,7500,cycling,cycling,1,1.0,0
AReMActivities_K4,2,activity,Train Majority,51,7650,7950,cycling,cycling,1,1.0,2
AReMActivities_K4,2,activity,Train Majority,52,7800,8100,cycling,cycling,1,1.0,2
AReMActivities_K4,2,activity,Train Majority,54,8100,8400,cycling,cycling,1,1.0,0
AReMActivities_K4,2,activity,Train Majority,55,8250,8550,cycling,cycling,1,1.0,0
AReMActivities_K4,2,activity,Train Majority,57,8550,8850,cycling,cycling,1,1.0,0
AReMActivities_K4,2,activity,Train Majority,58,8700,9000,cycling,cycling,1,1.0,0
AReMActivities_K4,2,activity,Train Majority,59,8850,9150,cycling,cycling,1,1.0,0
AReMActivities_K4,2,activity,Train Majority,60,9000,9300,cycling,cycling,1,1.0,0
AReMActivities_K4,2,activity,Train Majority,62,9300,9600,cycling,cycling,1,1.0,0
AReMActivities_K4,2,activity,Train Majority,63,9450,9750,cycling,cycling,1,1.0,0
AReMActivities_K4,2,activity,Train Majority,72,10800,11100,cycling,cycling,1,1.0,0
AReMActivities_K4,2,activity,Train Majority,74,11100,11400,cycling,cycling,1,1.0,0
AReMActivities_K4,2,activity,Train Majority,75,11250,11550,cycling,cycling,1,1.0,0
AReMActivities_K4,2,activity,Train Majority,76,11400,11700,cycling,cycling,1,1.0,0
AReMActivities_K4,2,activity,Train Majority,79,11850,12150,cycling,cycling,1,1.0,0
AReMActivities_K4,2,activity,Train Majority,81,12150,12450,cycling,cycling,1,1.0,2
AReMActivities_K4,2,activity,Train Majority,82,12300,12600,cycling,cycling,1,1.0,0
AReMActivities_K4,2,activity,Train Majority,85,12750,13050,cycling,cycling,1,1.0,0
AReMActivities_K4,2,activity,Train Majority,87,13050,13350,cycling,cycling,1,1.0,0
AReMActivities_K4,2,activity,Train Majority,89,13350,13650,lying,cycling,0,0.7066666666666667,1
AReMActivities_K4,2,activity,Train Majority,91,13650,13950,lying,cycling,0,1.0,3
AReMActivities_K4,2,activity,Train Majority,93,13950,14250,lying,cycling,0,1.0,1
AReMActivities_K4,2,activity,Train Majority,95,14250,14550,lying,cycling,0,1.0,3
AReMActivities_K4,2,activity,Train Majority,96,14400,14700,lying,cycling,0,1.0,3
AReMActivities_K4,2,activity,Train Majority,97,14550,14850,lying,cycling,0,1.0,3
AReMActivities_K4,2,activity,Train Majority,100,15000,15300,lying,cycling,0,1.0,0
AReMActivities_K4,2,activity,Train Majority,102,15300,15600,lying,cycling,0,1.0,3
AReMActivities_K4,2,activity,Train Majority,103,15450,15750,lying,cycling,0,1.0,3
AReMActivities_K4,2,activity,Train Majority,104,15600,15900,lying,cycling,0,1.0,3
AReMActivities_K4,2,activity,Train Majority,105,15750,16050,lying,cycling,0,1.0,2
AReMActivities_K4,2,activity,Train Majority,107,16050,16350,lying,cycling,0,1.0,1
AReMActivities_K4,2,activity,Train Majority,112,16800,17100,lying,cycling,0,1.0,3
AReMActivities_K4,2,activity,Train Majority,113,16950,17250,lying,cycling,0,1.0,3
AReMActivities_K4,2,activity,Train Majority,115,17250,17550,lying,cycling,0,1.0,3
AReMActivities_K4,2,activity,Train Majority,118,17700,18000,lying,cycling,0,1.0,1
AReMActivities_K4,2,activity,Train Majority,120,18000,18300,lying,cycling,0,1.0,3
AReMActivities_K4,2,activity,Train Majority,125,18750,19050,lying,cycling,0,1.0,3
AReMActivities_K4,2,activity,Train Majority,126,18900,19200,lying,cycling,0,1.0,3
AReMActivities_K4,2,activity,Train Majority,127,19050,19350,lying,cycling,0,1.0,3
AReMActivities_K4,2,activity,Train Majority,128,19200,19500,lying,cycling,0,1.0,3
AReMActivities_K4,2,activity,Train Majority,132,19800,20100,lying,cycling,0,1.0,3
AReMActivities_K4,2,activity,Train Majority,134,20100,20400,lying,cycling,0,1.0,1
AReMActivities_K4,2,activity,Train Majority,135,20250,20550,lying,cycling,0,1.0,3
AReMActivities_K4,2,activity,Train Majority,137,20550,20850,sitting,cycling,0,0.7066666666666667,3
AReMActivities_K4,2,activity,Train Majority,138,20700,21000,sitting,cycling,0,1.0,3
AReMActivities_K4,2,activity,Train Majority,140,21000,21300,sitting,cycling,0,1.0,3
AReMActivities_K4,2,activity,Train Majority,142,21300,21600,sitting,cycling,0,1.0,3
AReMActivities_K4,2,activity,Train Majority,143,21450,21750,sitting,cycling,0,1.0,3
AReMActivities_K4,2,activity,Train Majority,144,21600,21900,sitting,cycling,0,1.0,3
AReMActivities_K4,2,activity,Train Majority,146,21900,22200,sitting,cycling,0,1.0,3
AReMActivities_K4,2,activity,Train Majority,152,22800,23100,sitting,cycling,0,1.0,3
AReMActivities_K4,2,activity,Train Majority,155,23250,23550,sitting,cycling,0,1.0,1
AReMActivities_K4,2,activity,Train Majority,157,23550,23850,sitting,cycling,0,1.0,3
AReMActivities_K4,2,activity,Train Majority,158,23700,24000,sitting,cycling,0,1.0,3
AReMActivities_K4,2,activity,Train Majority,159,23850,24150,sitting,cycling,0,1.0,1
AReMActivities_K4,2,activity,Train Majority,160,24000,24300,sitting,cycling,0,1.0,3
AReMActivities_K4,2,activity,Train Majority,162,24300,24600,sitting,cycling,0,1.0,3
AReMActivities_K4,2,activity,Train Majority,163,24450,24750,sitting,cycling,0,1.0,3
AReMActivities_K4,2,activity,Train Majority,166,24900,25200,sitting,cycling,0,1.0,3
AReMActivities_K4,2,activity,Train Majority,169,25350,25650,sitting,cycling,0,1.0,3
AReMActivities_K4,2,activity,Train Majority,171,25650,25950,sitting,cycling,0,1.0,3
AReMActivities_K4,2,activity,Train Majority,172,25800,26100,sitting,cycling,0,1.0,3
AReMActivities_K4,2,activity,Train Majority,173,25950,26250,sitting,cycling,0,1.0,3
AReMActivities_K4,2,activity,Train Majority,176,26400,26700,sitting,cycling,0,1.0,1
AReMActivities_K4,2,activity,Train Majority,179,26850,27150,sitting,cycling,0,1.0,3
AReMActivities_K4,2,activity,Train Majority,182,27300,27600,sitting,cycling,0,1.0,1
AReMActivities_K4,2,activity,Train Majority,183,27450,27750,sitting,cycling,0,1.0,3
AReMActivities_K4,2,activity,Train Majority,186,27900,28200,standing,cycling,0,1.0,1
AReMActivities_K4,2,activity,Train Majority,188,28200,28500,standing,cycling,0,1.0,1
AReMActivities_K4,2,activity,Train Majority,191,28650,28950,standing,cycling,0,1.0,3
AReMActivities_K4,2,activity,Train Majority,194,29100,29400,standing,cycling,0,1.0,1
AReMActivities_K4,2,activity,Train Majority,196,29400,29700,standing,cycling,0,1.0,1
AReMActivities_K4,2,activity,Train Majority,198,29700,30000,standing,cycling,0,1.0,1
AReMActivities_K4,2,activity,Train Majority,199,29850,30150,standing,cycling,0,1.0,1
AReMActivities_K4,2,activity,Train Majority,200,30000,30300,standing,cycling,0,1.0,0
AReMActivities_K4,2,activity,Train Majority,201,30150,30450,standing,cycling,0,1.0,1
AReMActivities_K4,2,activity,Train Majority,204,30600,30900,standing,cycling,0,1.0,1
AReMActivities_K4,2,activity,Train Majority,207,31050,31350,standing,cycling,0,1.0,1
AReMActivities_K4,2,activity,Train Majority,210,31500,31800,standing,cycling,0,1.0,0
AReMActivities_K4,2,activity,Train Majority,211,31650,31950,standing,cycling,0,1.0,3
AReMActivities_K4,2,activity,Train Majority,214,32100,32400,standing,cycling,0,1.0,1
AReMActivities_K4,2,activity,Train Majority,215,32250,32550,standing,cycling,0,1.0,1
AReMActivities_K4,2,activity,Train Majority,216,32400,32700,standing,cycling,0,1.0,0
AReMActivities_K4,2,activity,Train Majority,218,32700,33000,standing,cycling,0,1.0,3
AReMActivities_K4,2,activity,Train Majority,219,32850,33150,standing,cycling,0,1.0,3
AReMActivities_K4,2,activity,Train Majority,222,33300,33600,standing,cycling,0,1.0,3
AReMActivities_K4,2,activity,Train Majority,223,33450,33750,standing,cycling,0,1.0,3
AReMActivities_K4,2,activity,Train Majority,224,33600,33900,standing,cycling,0,1.0,3
AReMActivities_K4,2,activity,Train Majority,226,33900,34200,standing,cycling,0,1.0,3
AReMActivities_K4,2,activity,Train Majority,227,34050,34350,standing,cycling,0,1.0,3
AReMActivities_K4,2,activity,Train Majority,230,34500,34800,standing,cycling,0,1.0,3
AReMActivities_K4,2,activity,Train Majority,233,34950,35250,walking,cycling,0,0.71,2
AReMActivities_K4,2,activity,Train Majority,235,35250,35550,walking,cycling,0,1.0,2
AReMActivities_K4,2,activity,Train Majority,236,35400,35700,walking,cycling,0,1.0,2
AReMActivities_K4,2,activity,Train Majority,237,35550,35850,walking,cycling,0,1.0,2
AReMActivities_K4,2,activity,Train Majority,240,36000,36300,walking,cycling,0,1.0,2
AReMActivities_K4,2,activity,Train Majority,244,36600,36900,walking,cycling,0,1.0,2
AReMActivities_K4,2,activity,Train Majority,245,36750,37050,walking,cycling,0,1.0,2
AReMActivities_K4,2,activity,Train Majority,246,36900,37200,walking,cycling,0,1.0,2
AReMActivities_K4,2,activity,Train Majority,249,37350,37650,walking,cycling,0,1.0,2
AReMActivities_K4,2,activity,Train Majority,251,37650,37950,walking,cycling,0,1.0,2
AReMActivities_K4,2,activity,Train Majority,252,37800,38100,walking,cycling,0,1.0,2
AReMActivities_K4,2,activity,Train Majority,253,37950,38250,walking,cycling,0,1.0,2
AReMActivities_K4,2,activity,Train Majority,256,38400,38700,walking,cycling,0,1.0,2
AReMActivities_K4,2,activity,Train Majority,258,38700,39000,walking,cycling,0,1.0,2
AReMActivities_K4,2,activity,Train Majority,259,38850,39150,walking,cycling,0,1.0,2
AReMActivities_K4,2,activity,Train Majority,260,39000,39300,walking,cycling,0,1.0,2
AReMActivities_K4,2,activity,Train Majority,262,39300,39600,walking,cycling,0,1.0,2
AReMActivities_K4,2,activity,Train Majority,267,40050,40350,walking,cycling,0,1.0,2
AReMActivities_K4,2,activity,Train Majority,268,40200,40500,walking,cycling,0,1.0,2
AReMActivities_K4,2,activity,Train Majority,269,40350,40650,walking,cycling,0,1.0,2
AReMActivities_K4,2,activity,Train Majority,270,40500,40800,walking,cycling,0,1.0,2
AReMActivities_K4,2,activity,Train Majority,276,41400,41700,walking,cycling,0,1.0,2
AReMActivities_K4,2,activity,Train Majority,277,41550,41850,walking,cycling,0,1.0,2
AReMActivities_K4,2,activity,Train Majority,280,41937,42237,walking,cycling,0,1.0,2
AReMActivities_K4,2,activity,SensorMeanStd Centroid,2,300,600,bending1,bending1,1,1.0,3
AReMActivities_K4,2,activity,SensorMeanStd Centroid,6,900,1200,bending1,bending1,1,1.0,3
AReMActivities_K4,2,activity,SensorMeanStd Centroid,7,1050,1350,bending1,bending1,1,1.0,3
AReMActivities_K4,2,activity,SensorMeanStd Centroid,11,1650,1950,bending1,bending1,1,1.0,3
AReMActivities_K4,2,activity,SensorMeanStd Centroid,12,1800,2100,bending1,bending1,1,1.0,1
AReMActivities_K4,2,activity,SensorMeanStd Centroid,13,1950,2250,bending1,bending1,1,1.0,1
AReMActivities_K4,2,activity,SensorMeanStd Centroid,14,2100,2400,bending1,bending1,1,1.0,3
AReMActivities_K4,2,activity,SensorMeanStd Centroid,15,2250,2550,bending1,bending1,1,1.0,3
AReMActivities_K4,2,activity,SensorMeanStd Centroid,16,2400,2700,bending1,bending1,1,1.0,3
AReMActivities_K4,2,activity,SensorMeanStd Centroid,17,2550,2850,bending1,standing,0,1.0,1
AReMActivities_K4,2,activity,SensorMeanStd Centroid,20,3000,3300,bending1,standing,0,1.0,3
AReMActivities_K4,2,activity,SensorMeanStd Centroid,23,3450,3750,bending2,bending2,1,1.0,1
AReMActivities_K4,2,activity,SensorMeanStd Centroid,24,3600,3900,bending2,bending2,1,1.0,1
AReMActivities_K4,2,activity,SensorMeanStd Centroid,25,3750,4050,bending2,bending2,1,1.0,1
AReMActivities_K4,2,activity,SensorMeanStd Centroid,27,4050,4350,bending2,bending2,1,1.0,1
AReMActivities_K4,2,activity,SensorMeanStd Centroid,28,4200,4500,bending2,bending2,1,1.0,1
AReMActivities_K4,2,activity,SensorMeanStd Centroid,29,4350,4650,bending2,bending2,1,1.0,1
AReMActivities_K4,2,activity,SensorMeanStd Centroid,30,4500,4800,bending2,sitting,0,1.0,1
AReMActivities_K4,2,activity,SensorMeanStd Centroid,31,4650,4950,bending2,sitting,0,1.0,3
AReMActivities_K4,2,activity,SensorMeanStd Centroid,33,4950,5250,bending2,lying,0,1.0,3
AReMActivities_K4,2,activity,SensorMeanStd Centroid,35,5250,5550,bending2,bending2,1,1.0,3
AReMActivities_K4,2,activity,SensorMeanStd Centroid,42,6300,6600,cycling,cycling,1,1.0,0
AReMActivities_K4,2,activity,SensorMeanStd Centroid,43,6450,6750,cycling,cycling,1,1.0,0
AReMActivities_K4,2,activity,SensorMeanStd Centroid,46,6900,7200,cycling,cycling,1,1.0,0
AReMActivities_K4,2,activity,SensorMeanStd Centroid,47,7050,7350,cycling,cycling,1,1.0,0
AReMActivities_K4,2,activity,SensorMeanStd Centroid,48,7200,7500,cycling,cycling,1,1.0,0
AReMActivities_K4,2,activity,SensorMeanStd Centroid,51,7650,7950,cycling,cycling,1,1.0,2
AReMActivities_K4,2,activity,SensorMeanStd Centroid,52,7800,8100,cycling,walking,0,1.0,2
AReMActivities_K4,2,activity,SensorMeanStd Centroid,54,8100,8400,cycling,cycling,1,1.0,0
AReMActivities_K4,2,activity,SensorMeanStd Centroid,55,8250,8550,cycling,cycling,1,1.0,0
AReMActivities_K4,2,activity,SensorMeanStd Centroid,57,8550,8850,cycling,cycling,1,1.0,0
AReMActivities_K4,2,activity,SensorMeanStd Centroid,58,8700,9000,cycling,cycling,1,1.0,0
AReMActivities_K4,2,activity,SensorMeanStd Centroid,59,8850,9150,cycling,cycling,1,1.0,0
AReMActivities_K4,2,activity,SensorMeanStd Centroid,60,9000,9300,cycling,cycling,1,1.0,0
AReMActivities_K4,2,activity,SensorMeanStd Centroid,62,9300,9600,cycling,cycling,1,1.0,0
AReMActivities_K4,2,activity,SensorMeanStd Centroid,63,9450,9750,cycling,cycling,1,1.0,0
AReMActivities_K4,2,activity,SensorMeanStd Centroid,72,10800,11100,cycling,walking,0,1.0,0
AReMActivities_K4,2,activity,SensorMeanStd Centroid,74,11100,11400,cycling,cycling,1,1.0,0
AReMActivities_K4,2,activity,SensorMeanStd Centroid,75,11250,11550,cycling,cycling,1,1.0,0
AReMActivities_K4,2,activity,SensorMeanStd Centroid,76,11400,11700,cycling,cycling,1,1.0,0
AReMActivities_K4,2,activity,SensorMeanStd Centroid,79,11850,12150,cycling,walking,0,1.0,0
AReMActivities_K4,2,activity,SensorMeanStd Centroid,81,12150,12450,cycling,cycling,1,1.0,2
AReMActivities_K4,2,activity,SensorMeanStd Centroid,82,12300,12600,cycling,cycling,1,1.0,0
AReMActivities_K4,2,activity,SensorMeanStd Centroid,85,12750,13050,cycling,cycling,1,1.0,0
AReMActivities_K4,2,activity,SensorMeanStd Centroid,87,13050,13350,cycling,cycling,1,1.0,0
AReMActivities_K4,2,activity,SensorMeanStd Centroid,89,13350,13650,lying,bending2,0,0.7066666666666667,1
AReMActivities_K4,2,activity,SensorMeanStd Centroid,91,13650,13950,lying,lying,1,1.0,3
AReMActivities_K4,2,activity,SensorMeanStd Centroid,93,13950,14250,lying,lying,1,1.0,1
AReMActivities_K4,2,activity,SensorMeanStd Centroid,95,14250,14550,lying,lying,1,1.0,3
AReMActivities_K4,2,activity,SensorMeanStd Centroid,96,14400,14700,lying,lying,1,1.0,3
AReMActivities_K4,2,activity,SensorMeanStd Centroid,97,14550,14850,lying,lying,1,1.0,3
AReMActivities_K4,2,activity,SensorMeanStd Centroid,100,15000,15300,lying,lying,1,1.0,0
AReMActivities_K4,2,activity,SensorMeanStd Centroid,102,15300,15600,lying,standing,0,1.0,3
AReMActivities_K4,2,activity,SensorMeanStd Centroid,103,15450,15750,lying,lying,1,1.0,3
AReMActivities_K4,2,activity,SensorMeanStd Centroid,104,15600,15900,lying,lying,1,1.0,3
AReMActivities_K4,2,activity,SensorMeanStd Centroid,105,15750,16050,lying,lying,1,1.0,2
AReMActivities_K4,2,activity,SensorMeanStd Centroid,107,16050,16350,lying,lying,1,1.0,1
AReMActivities_K4,2,activity,SensorMeanStd Centroid,112,16800,17100,lying,lying,1,1.0,3
AReMActivities_K4,2,activity,SensorMeanStd Centroid,113,16950,17250,lying,lying,1,1.0,3
AReMActivities_K4,2,activity,SensorMeanStd Centroid,115,17250,17550,lying,lying,1,1.0,3
AReMActivities_K4,2,activity,SensorMeanStd Centroid,118,17700,18000,lying,lying,1,1.0,1
AReMActivities_K4,2,activity,SensorMeanStd Centroid,120,18000,18300,lying,lying,1,1.0,3
AReMActivities_K4,2,activity,SensorMeanStd Centroid,125,18750,19050,lying,lying,1,1.0,3
AReMActivities_K4,2,activity,SensorMeanStd Centroid,126,18900,19200,lying,lying,1,1.0,3
AReMActivities_K4,2,activity,SensorMeanStd Centroid,127,19050,19350,lying,lying,1,1.0,3
AReMActivities_K4,2,activity,SensorMeanStd Centroid,128,19200,19500,lying,lying,1,1.0,3
AReMActivities_K4,2,activity,SensorMeanStd Centroid,132,19800,20100,lying,lying,1,1.0,3
AReMActivities_K4,2,activity,SensorMeanStd Centroid,134,20100,20400,lying,lying,1,1.0,1
AReMActivities_K4,2,activity,SensorMeanStd Centroid,135,20250,20550,lying,lying,1,1.0,3
AReMActivities_K4,2,activity,SensorMeanStd Centroid,137,20550,20850,sitting,bending2,0,0.7066666666666667,3
AReMActivities_K4,2,activity,SensorMeanStd Centroid,138,20700,21000,sitting,standing,0,1.0,3
AReMActivities_K4,2,activity,SensorMeanStd Centroid,140,21000,21300,sitting,sitting,1,1.0,3
AReMActivities_K4,2,activity,SensorMeanStd Centroid,142,21300,21600,sitting,standing,0,1.0,3
AReMActivities_K4,2,activity,SensorMeanStd Centroid,143,21450,21750,sitting,sitting,1,1.0,3
AReMActivities_K4,2,activity,SensorMeanStd Centroid,144,21600,21900,sitting,sitting,1,1.0,3
AReMActivities_K4,2,activity,SensorMeanStd Centroid,146,21900,22200,sitting,sitting,1,1.0,3
AReMActivities_K4,2,activity,SensorMeanStd Centroid,152,22800,23100,sitting,bending2,0,1.0,3
AReMActivities_K4,2,activity,SensorMeanStd Centroid,155,23250,23550,sitting,sitting,1,1.0,1
AReMActivities_K4,2,activity,SensorMeanStd Centroid,157,23550,23850,sitting,sitting,1,1.0,3
AReMActivities_K4,2,activity,SensorMeanStd Centroid,158,23700,24000,sitting,standing,0,1.0,3
AReMActivities_K4,2,activity,SensorMeanStd Centroid,159,23850,24150,sitting,standing,0,1.0,1
AReMActivities_K4,2,activity,SensorMeanStd Centroid,160,24000,24300,sitting,standing,0,1.0,3
AReMActivities_K4,2,activity,SensorMeanStd Centroid,162,24300,24600,sitting,sitting,1,1.0,3
AReMActivities_K4,2,activity,SensorMeanStd Centroid,163,24450,24750,sitting,standing,0,1.0,3
AReMActivities_K4,2,activity,SensorMeanStd Centroid,166,24900,25200,sitting,sitting,1,1.0,3
AReMActivities_K4,2,activity,SensorMeanStd Centroid,169,25350,25650,sitting,sitting,1,1.0,3
AReMActivities_K4,2,activity,SensorMeanStd Centroid,171,25650,25950,sitting,sitting,1,1.0,3
AReMActivities_K4,2,activity,SensorMeanStd Centroid,172,25800,26100,sitting,sitting,1,1.0,3
AReMActivities_K4,2,activity,SensorMeanStd Centroid,173,25950,26250,sitting,sitting,1,1.0,3
AReMActivities_K4,2,activity,SensorMeanStd Centroid,176,26400,26700,sitting,sitting,1,1.0,1
AReMActivities_K4,2,activity,SensorMeanStd Centroid,179,26850,27150,sitting,sitting,1,1.0,3
AReMActivities_K4,2,activity,SensorMeanStd Centroid,182,27300,27600,sitting,sitting,1,1.0,1
AReMActivities_K4,2,activity,SensorMeanStd Centroid,183,27450,27750,sitting,standing,0,1.0,3
AReMActivities_K4,2,activity,SensorMeanStd Centroid,186,27900,28200,standing,sitting,0,1.0,1
AReMActivities_K4,2,activity,SensorMeanStd Centroid,188,28200,28500,standing,standing,1,1.0,1
AReMActivities_K4,2,activity,SensorMeanStd Centroid,191,28650,28950,standing,standing,1,1.0,3
AReMActivities_K4,2,activity,SensorMeanStd Centroid,194,29100,29400,standing,sitting,0,1.0,1
AReMActivities_K4,2,activity,SensorMeanStd Centroid,196,29400,29700,standing,standing,1,1.0,1
AReMActivities_K4,2,activity,SensorMeanStd Centroid,198,29700,30000,standing,standing,1,1.0,1
AReMActivities_K4,2,activity,SensorMeanStd Centroid,199,29850,30150,standing,standing,1,1.0,1
AReMActivities_K4,2,activity,SensorMeanStd Centroid,200,30000,30300,standing,standing,1,1.0,0
AReMActivities_K4,2,activity,SensorMeanStd Centroid,201,30150,30450,standing,standing,1,1.0,1
AReMActivities_K4,2,activity,SensorMeanStd Centroid,204,30600,30900,standing,standing,1,1.0,1
AReMActivities_K4,2,activity,SensorMeanStd Centroid,207,31050,31350,standing,standing,1,1.0,1
AReMActivities_K4,2,activity,SensorMeanStd Centroid,210,31500,31800,standing,standing,1,1.0,0
AReMActivities_K4,2,activity,SensorMeanStd Centroid,211,31650,31950,standing,standing,1,1.0,3
AReMActivities_K4,2,activity,SensorMeanStd Centroid,214,32100,32400,standing,standing,1,1.0,1
AReMActivities_K4,2,activity,SensorMeanStd Centroid,215,32250,32550,standing,standing,1,1.0,1
AReMActivities_K4,2,activity,SensorMeanStd Centroid,216,32400,32700,standing,standing,1,1.0,0
AReMActivities_K4,2,activity,SensorMeanStd Centroid,218,32700,33000,standing,sitting,0,1.0,3
AReMActivities_K4,2,activity,SensorMeanStd Centroid,219,32850,33150,standing,sitting,0,1.0,3
AReMActivities_K4,2,activity,SensorMeanStd Centroid,222,33300,33600,standing,standing,1,1.0,3
AReMActivities_K4,2,activity,SensorMeanStd Centroid,223,33450,33750,standing,lying,0,1.0,3
AReMActivities_K4,2,activity,SensorMeanStd Centroid,224,33600,33900,standing,standing,1,1.0,3
AReMActivities_K4,2,activity,SensorMeanStd Centroid,226,33900,34200,standing,standing,1,1.0,3
AReMActivities_K4,2,activity,SensorMeanStd Centroid,227,34050,34350,standing,standing,1,1.0,3
AReMActivities_K4,2,activity,SensorMeanStd Centroid,230,34500,34800,standing,sitting,0,1.0,3
AReMActivities_K4,2,activity,SensorMeanStd Centroid,233,34950,35250,walking,walking,1,0.71,2
AReMActivities_K4,2,activity,SensorMeanStd Centroid,235,35250,35550,walking,walking,1,1.0,2
AReMActivities_K4,2,activity,SensorMeanStd Centroid,236,35400,35700,walking,walking,1,1.0,2
AReMActivities_K4,2,activity,SensorMeanStd Centroid,237,35550,35850,walking,walking,1,1.0,2
AReMActivities_K4,2,activity,SensorMeanStd Centroid,240,36000,36300,walking,walking,1,1.0,2
AReMActivities_K4,2,activity,SensorMeanStd Centroid,244,36600,36900,walking,walking,1,1.0,2
AReMActivities_K4,2,activity,SensorMeanStd Centroid,245,36750,37050,walking,walking,1,1.0,2
AReMActivities_K4,2,activity,SensorMeanStd Centroid,246,36900,37200,walking,walking,1,1.0,2
AReMActivities_K4,2,activity,SensorMeanStd Centroid,249,37350,37650,walking,walking,1,1.0,2
AReMActivities_K4,2,activity,SensorMeanStd Centroid,251,37650,37950,walking,walking,1,1.0,2
AReMActivities_K4,2,activity,SensorMeanStd Centroid,252,37800,38100,walking,walking,1,1.0,2
AReMActivities_K4,2,activity,SensorMeanStd Centroid,253,37950,38250,walking,walking,1,1.0,2
AReMActivities_K4,2,activity,SensorMeanStd Centroid,256,38400,38700,walking,walking,1,1.0,2
AReMActivities_K4,2,activity,SensorMeanStd Centroid,258,38700,39000,walking,walking,1,1.0,2
AReMActivities_K4,2,activity,SensorMeanStd Centroid,259,38850,39150,walking,walking,1,1.0,2
AReMActivities_K4,2,activity,SensorMeanStd Centroid,260,39000,39300,walking,walking,1,1.0,2
AReMActivities_K4,2,activity,SensorMeanStd Centroid,262,39300,39600,walking,walking,1,1.0,2
AReMActivities_K4,2,activity,SensorMeanStd Centroid,267,40050,40350,walking,walking,1,1.0,2
AReMActivities_K4,2,activity,SensorMeanStd Centroid,268,40200,40500,walking,walking,1,1.0,2
AReMActivities_K4,2,activity,SensorMeanStd Centroid,269,40350,40650,walking,walking,1,1.0,2
AReMActivities_K4,2,activity,SensorMeanStd Centroid,270,40500,40800,walking,walking,1,1.0,2
AReMActivities_K4,2,activity,SensorMeanStd Centroid,276,41400,41700,walking,walking,1,1.0,2
AReMActivities_K4,2,activity,SensorMeanStd Centroid,277,41550,41850,walking,walking,1,1.0,2
AReMActivities_K4,2,activity,SensorMeanStd Centroid,280,41937,42237,walking,walking,1,1.0,2
AReMActivities_K4,2,activity,GraphFeature Centroid,2,300,600,bending1,bending1,1,1.0,3
AReMActivities_K4,2,activity,GraphFeature Centroid,6,900,1200,bending1,bending1,1,1.0,3
AReMActivities_K4,2,activity,GraphFeature Centroid,7,1050,1350,bending1,bending1,1,1.0,3
AReMActivities_K4,2,activity,GraphFeature Centroid,11,1650,1950,bending1,bending1,1,1.0,3
AReMActivities_K4,2,activity,GraphFeature Centroid,12,1800,2100,bending1,bending1,1,1.0,1
AReMActivities_K4,2,activity,GraphFeature Centroid,13,1950,2250,bending1,bending1,1,1.0,1
AReMActivities_K4,2,activity,GraphFeature Centroid,14,2100,2400,bending1,sitting,0,1.0,3
AReMActivities_K4,2,activity,GraphFeature Centroid,15,2250,2550,bending1,sitting,0,1.0,3
AReMActivities_K4,2,activity,GraphFeature Centroid,16,2400,2700,bending1,standing,0,1.0,3
AReMActivities_K4,2,activity,GraphFeature Centroid,17,2550,2850,bending1,sitting,0,1.0,1
AReMActivities_K4,2,activity,GraphFeature Centroid,20,3000,3300,bending1,bending1,1,1.0,3
AReMActivities_K4,2,activity,GraphFeature Centroid,23,3450,3750,bending2,standing,0,1.0,1
AReMActivities_K4,2,activity,GraphFeature Centroid,24,3600,3900,bending2,standing,0,1.0,1
AReMActivities_K4,2,activity,GraphFeature Centroid,25,3750,4050,bending2,sitting,0,1.0,1
AReMActivities_K4,2,activity,GraphFeature Centroid,27,4050,4350,bending2,sitting,0,1.0,1
AReMActivities_K4,2,activity,GraphFeature Centroid,28,4200,4500,bending2,bending2,1,1.0,1
AReMActivities_K4,2,activity,GraphFeature Centroid,29,4350,4650,bending2,bending1,0,1.0,1
AReMActivities_K4,2,activity,GraphFeature Centroid,30,4500,4800,bending2,standing,0,1.0,1
AReMActivities_K4,2,activity,GraphFeature Centroid,31,4650,4950,bending2,sitting,0,1.0,3
AReMActivities_K4,2,activity,GraphFeature Centroid,33,4950,5250,bending2,bending1,0,1.0,3
AReMActivities_K4,2,activity,GraphFeature Centroid,35,5250,5550,bending2,lying,0,1.0,3
AReMActivities_K4,2,activity,GraphFeature Centroid,42,6300,6600,cycling,cycling,1,1.0,0
AReMActivities_K4,2,activity,GraphFeature Centroid,43,6450,6750,cycling,cycling,1,1.0,0
AReMActivities_K4,2,activity,GraphFeature Centroid,46,6900,7200,cycling,cycling,1,1.0,0
AReMActivities_K4,2,activity,GraphFeature Centroid,47,7050,7350,cycling,cycling,1,1.0,0
AReMActivities_K4,2,activity,GraphFeature Centroid,48,7200,7500,cycling,cycling,1,1.0,0
AReMActivities_K4,2,activity,GraphFeature Centroid,51,7650,7950,cycling,walking,0,1.0,2
AReMActivities_K4,2,activity,GraphFeature Centroid,52,7800,8100,cycling,cycling,1,1.0,2
AReMActivities_K4,2,activity,GraphFeature Centroid,54,8100,8400,cycling,cycling,1,1.0,0
AReMActivities_K4,2,activity,GraphFeature Centroid,55,8250,8550,cycling,cycling,1,1.0,0
AReMActivities_K4,2,activity,GraphFeature Centroid,57,8550,8850,cycling,cycling,1,1.0,0
AReMActivities_K4,2,activity,GraphFeature Centroid,58,8700,9000,cycling,cycling,1,1.0,0
AReMActivities_K4,2,activity,GraphFeature Centroid,59,8850,9150,cycling,cycling,1,1.0,0
AReMActivities_K4,2,activity,GraphFeature Centroid,60,9000,9300,cycling,cycling,1,1.0,0
AReMActivities_K4,2,activity,GraphFeature Centroid,62,9300,9600,cycling,cycling,1,1.0,0
AReMActivities_K4,2,activity,GraphFeature Centroid,63,9450,9750,cycling,cycling,1,1.0,0
AReMActivities_K4,2,activity,GraphFeature Centroid,72,10800,11100,cycling,cycling,1,1.0,0
AReMActivities_K4,2,activity,GraphFeature Centroid,74,11100,11400,cycling,cycling,1,1.0,0
AReMActivities_K4,2,activity,GraphFeature Centroid,75,11250,11550,cycling,cycling,1,1.0,0
AReMActivities_K4,2,activity,GraphFeature Centroid,76,11400,11700,cycling,cycling,1,1.0,0
AReMActivities_K4,2,activity,GraphFeature Centroid,79,11850,12150,cycling,cycling,1,1.0,0
AReMActivities_K4,2,activity,GraphFeature Centroid,81,12150,12450,cycling,cycling,1,1.0,2
AReMActivities_K4,2,activity,GraphFeature Centroid,82,12300,12600,cycling,cycling,1,1.0,0
AReMActivities_K4,2,activity,GraphFeature Centroid,85,12750,13050,cycling,cycling,1,1.0,0
AReMActivities_K4,2,activity,GraphFeature Centroid,87,13050,13350,cycling,cycling,1,1.0,0
AReMActivities_K4,2,activity,GraphFeature Centroid,89,13350,13650,lying,bending2,0,0.7066666666666667,1
AReMActivities_K4,2,activity,GraphFeature Centroid,91,13650,13950,lying,lying,1,1.0,3
AReMActivities_K4,2,activity,GraphFeature Centroid,93,13950,14250,lying,bending1,0,1.0,1
AReMActivities_K4,2,activity,GraphFeature Centroid,95,14250,14550,lying,sitting,0,1.0,3
AReMActivities_K4,2,activity,GraphFeature Centroid,96,14400,14700,lying,lying,1,1.0,3
AReMActivities_K4,2,activity,GraphFeature Centroid,97,14550,14850,lying,lying,1,1.0,3
AReMActivities_K4,2,activity,GraphFeature Centroid,100,15000,15300,lying,cycling,0,1.0,0
AReMActivities_K4,2,activity,GraphFeature Centroid,102,15300,15600,lying,lying,1,1.0,3
AReMActivities_K4,2,activity,GraphFeature Centroid,103,15450,15750,lying,lying,1,1.0,3
AReMActivities_K4,2,activity,GraphFeature Centroid,104,15600,15900,lying,lying,1,1.0,3
AReMActivities_K4,2,activity,GraphFeature Centroid,105,15750,16050,lying,lying,1,1.0,2
AReMActivities_K4,2,activity,GraphFeature Centroid,107,16050,16350,lying,lying,1,1.0,1
AReMActivities_K4,2,activity,GraphFeature Centroid,112,16800,17100,lying,lying,1,1.0,3
AReMActivities_K4,2,activity,GraphFeature Centroid,113,16950,17250,lying,lying,1,1.0,3
AReMActivities_K4,2,activity,GraphFeature Centroid,115,17250,17550,lying,lying,1,1.0,3
AReMActivities_K4,2,activity,GraphFeature Centroid,118,17700,18000,lying,standing,0,1.0,1
AReMActivities_K4,2,activity,GraphFeature Centroid,120,18000,18300,lying,lying,1,1.0,3
AReMActivities_K4,2,activity,GraphFeature Centroid,125,18750,19050,lying,lying,1,1.0,3
AReMActivities_K4,2,activity,GraphFeature Centroid,126,18900,19200,lying,sitting,0,1.0,3
AReMActivities_K4,2,activity,GraphFeature Centroid,127,19050,19350,lying,bending1,0,1.0,3
AReMActivities_K4,2,activity,GraphFeature Centroid,128,19200,19500,lying,lying,1,1.0,3
AReMActivities_K4,2,activity,GraphFeature Centroid,132,19800,20100,lying,lying,1,1.0,3
AReMActivities_K4,2,activity,GraphFeature Centroid,134,20100,20400,lying,standing,0,1.0,1
AReMActivities_K4,2,activity,GraphFeature Centroid,135,20250,20550,lying,lying,1,1.0,3
AReMActivities_K4,2,activity,GraphFeature Centroid,137,20550,20850,sitting,bending1,0,0.7066666666666667,3
AReMActivities_K4,2,activity,GraphFeature Centroid,138,20700,21000,sitting,sitting,1,1.0,3
AReMActivities_K4,2,activity,GraphFeature Centroid,140,21000,21300,sitting,sitting,1,1.0,3
AReMActivities_K4,2,activity,GraphFeature Centroid,142,21300,21600,sitting,bending2,0,1.0,3
AReMActivities_K4,2,activity,GraphFeature Centroid,143,21450,21750,sitting,sitting,1,1.0,3
AReMActivities_K4,2,activity,GraphFeature Centroid,144,21600,21900,sitting,standing,0,1.0,3
AReMActivities_K4,2,activity,GraphFeature Centroid,146,21900,22200,sitting,lying,0,1.0,3
AReMActivities_K4,2,activity,GraphFeature Centroid,152,22800,23100,sitting,sitting,1,1.0,3
AReMActivities_K4,2,activity,GraphFeature Centroid,155,23250,23550,sitting,sitting,1,1.0,1
AReMActivities_K4,2,activity,GraphFeature Centroid,157,23550,23850,sitting,sitting,1,1.0,3
AReMActivities_K4,2,activity,GraphFeature Centroid,158,23700,24000,sitting,bending2,0,1.0,3
AReMActivities_K4,2,activity,GraphFeature Centroid,159,23850,24150,sitting,lying,0,1.0,1
AReMActivities_K4,2,activity,GraphFeature Centroid,160,24000,24300,sitting,sitting,1,1.0,3
AReMActivities_K4,2,activity,GraphFeature Centroid,162,24300,24600,sitting,lying,0,1.0,3
AReMActivities_K4,2,activity,GraphFeature Centroid,163,24450,24750,sitting,lying,0,1.0,3
AReMActivities_K4,2,activity,GraphFeature Centroid,166,24900,25200,sitting,lying,0,1.0,3
AReMActivities_K4,2,activity,GraphFeature Centroid,169,25350,25650,sitting,sitting,1,1.0,3
AReMActivities_K4,2,activity,GraphFeature Centroid,171,25650,25950,sitting,sitting,1,1.0,3
AReMActivities_K4,2,activity,GraphFeature Centroid,172,25800,26100,sitting,standing,0,1.0,3
AReMActivities_K4,2,activity,GraphFeature Centroid,173,25950,26250,sitting,sitting,1,1.0,3
AReMActivities_K4,2,activity,GraphFeature Centroid,176,26400,26700,sitting,bending1,0,1.0,1
AReMActivities_K4,2,activity,GraphFeature Centroid,179,26850,27150,sitting,sitting,1,1.0,3
AReMActivities_K4,2,activity,GraphFeature Centroid,182,27300,27600,sitting,lying,0,1.0,1
AReMActivities_K4,2,activity,GraphFeature Centroid,183,27450,27750,sitting,sitting,1,1.0,3
AReMActivities_K4,2,activity,GraphFeature Centroid,186,27900,28200,standing,sitting,0,1.0,1
AReMActivities_K4,2,activity,GraphFeature Centroid,188,28200,28500,standing,lying,0,1.0,1
AReMActivities_K4,2,activity,GraphFeature Centroid,191,28650,28950,standing,lying,0,1.0,3
AReMActivities_K4,2,activity,GraphFeature Centroid,194,29100,29400,standing,standing,1,1.0,1
AReMActivities_K4,2,activity,GraphFeature Centroid,196,29400,29700,standing,standing,1,1.0,1
AReMActivities_K4,2,activity,GraphFeature Centroid,198,29700,30000,standing,standing,1,1.0,1
AReMActivities_K4,2,activity,GraphFeature Centroid,199,29850,30150,standing,standing,1,1.0,1
AReMActivities_K4,2,activity,GraphFeature Centroid,200,30000,30300,standing,cycling,0,1.0,0
AReMActivities_K4,2,activity,GraphFeature Centroid,201,30150,30450,standing,standing,1,1.0,1
AReMActivities_K4,2,activity,GraphFeature Centroid,204,30600,30900,standing,bending2,0,1.0,1
AReMActivities_K4,2,activity,GraphFeature Centroid,207,31050,31350,standing,standing,1,1.0,1
AReMActivities_K4,2,activity,GraphFeature Centroid,210,31500,31800,standing,standing,1,1.0,0
AReMActivities_K4,2,activity,GraphFeature Centroid,211,31650,31950,standing,sitting,0,1.0,3
AReMActivities_K4,2,activity,GraphFeature Centroid,214,32100,32400,standing,bending1,0,1.0,1
AReMActivities_K4,2,activity,GraphFeature Centroid,215,32250,32550,standing,standing,1,1.0,1
AReMActivities_K4,2,activity,GraphFeature Centroid,216,32400,32700,standing,cycling,0,1.0,0
AReMActivities_K4,2,activity,GraphFeature Centroid,218,32700,33000,standing,sitting,0,1.0,3
AReMActivities_K4,2,activity,GraphFeature Centroid,219,32850,33150,standing,sitting,0,1.0,3
AReMActivities_K4,2,activity,GraphFeature Centroid,222,33300,33600,standing,sitting,0,1.0,3
AReMActivities_K4,2,activity,GraphFeature Centroid,223,33450,33750,standing,sitting,0,1.0,3
AReMActivities_K4,2,activity,GraphFeature Centroid,224,33600,33900,standing,lying,0,1.0,3
AReMActivities_K4,2,activity,GraphFeature Centroid,226,33900,34200,standing,sitting,0,1.0,3
AReMActivities_K4,2,activity,GraphFeature Centroid,227,34050,34350,standing,sitting,0,1.0,3
AReMActivities_K4,2,activity,GraphFeature Centroid,230,34500,34800,standing,standing,1,1.0,3
AReMActivities_K4,2,activity,GraphFeature Centroid,233,34950,35250,walking,walking,1,0.71,2
AReMActivities_K4,2,activity,GraphFeature Centroid,235,35250,35550,walking,walking,1,1.0,2
AReMActivities_K4,2,activity,GraphFeature Centroid,236,35400,35700,walking,walking,1,1.0,2
AReMActivities_K4,2,activity,GraphFeature Centroid,237,35550,35850,walking,walking,1,1.0,2
AReMActivities_K4,2,activity,GraphFeature Centroid,240,36000,36300,walking,walking,1,1.0,2
AReMActivities_K4,2,activity,GraphFeature Centroid,244,36600,36900,walking,walking,1,1.0,2
AReMActivities_K4,2,activity,GraphFeature Centroid,245,36750,37050,walking,walking,1,1.0,2
AReMActivities_K4,2,activity,GraphFeature Centroid,246,36900,37200,walking,walking,1,1.0,2
AReMActivities_K4,2,activity,GraphFeature Centroid,249,37350,37650,walking,walking,1,1.0,2
AReMActivities_K4,2,activity,GraphFeature Centroid,251,37650,37950,walking,walking,1,1.0,2
AReMActivities_K4,2,activity,GraphFeature Centroid,252,37800,38100,walking,walking,1,1.0,2
AReMActivities_K4,2,activity,GraphFeature Centroid,253,37950,38250,walking,walking,1,1.0,2
AReMActivities_K4,2,activity,GraphFeature Centroid,256,38400,38700,walking,walking,1,1.0,2
AReMActivities_K4,2,activity,GraphFeature Centroid,258,38700,39000,walking,walking,1,1.0,2
AReMActivities_K4,2,activity,GraphFeature Centroid,259,38850,39150,walking,walking,1,1.0,2
AReMActivities_K4,2,activity,GraphFeature Centroid,260,39000,39300,walking,walking,1,1.0,2
AReMActivities_K4,2,activity,GraphFeature Centroid,262,39300,39600,walking,walking,1,1.0,2
AReMActivities_K4,2,activity,GraphFeature Centroid,267,40050,40350,walking,walking,1,1.0,2
AReMActivities_K4,2,activity,GraphFeature Centroid,268,40200,40500,walking,walking,1,1.0,2
AReMActivities_K4,2,activity,GraphFeature Centroid,269,40350,40650,walking,walking,1,1.0,2
AReMActivities_K4,2,activity,GraphFeature Centroid,270,40500,40800,walking,walking,1,1.0,2
AReMActivities_K4,2,activity,GraphFeature Centroid,276,41400,41700,walking,walking,1,1.0,2
AReMActivities_K4,2,activity,GraphFeature Centroid,277,41550,41850,walking,walking,1,1.0,2
AReMActivities_K4,2,activity,GraphFeature Centroid,280,41937,42237,walking,walking,1,1.0,2
AReMActivities_K4,2,activity,STCG-v1 State Mapping,2,300,600,bending1,sitting,0,1.0,3
AReMActivities_K4,2,activity,STCG-v1 State Mapping,6,900,1200,bending1,sitting,0,1.0,3
AReMActivities_K4,2,activity,STCG-v1 State Mapping,7,1050,1350,bending1,sitting,0,1.0,3
AReMActivities_K4,2,activity,STCG-v1 State Mapping,11,1650,1950,bending1,sitting,0,1.0,3
AReMActivities_K4,2,activity,STCG-v1 State Mapping,12,1800,2100,bending1,standing,0,1.0,1
AReMActivities_K4,2,activity,STCG-v1 State Mapping,13,1950,2250,bending1,standing,0,1.0,1
AReMActivities_K4,2,activity,STCG-v1 State Mapping,14,2100,2400,bending1,sitting,0,1.0,3
AReMActivities_K4,2,activity,STCG-v1 State Mapping,15,2250,2550,bending1,sitting,0,1.0,3
AReMActivities_K4,2,activity,STCG-v1 State Mapping,16,2400,2700,bending1,sitting,0,1.0,3
AReMActivities_K4,2,activity,STCG-v1 State Mapping,17,2550,2850,bending1,standing,0,1.0,1
AReMActivities_K4,2,activity,STCG-v1 State Mapping,20,3000,3300,bending1,sitting,0,1.0,3
AReMActivities_K4,2,activity,STCG-v1 State Mapping,23,3450,3750,bending2,standing,0,1.0,1
AReMActivities_K4,2,activity,STCG-v1 State Mapping,24,3600,3900,bending2,standing,0,1.0,1
AReMActivities_K4,2,activity,STCG-v1 State Mapping,25,3750,4050,bending2,standing,0,1.0,1
AReMActivities_K4,2,activity,STCG-v1 State Mapping,27,4050,4350,bending2,standing,0,1.0,1
AReMActivities_K4,2,activity,STCG-v1 State Mapping,28,4200,4500,bending2,standing,0,1.0,1
AReMActivities_K4,2,activity,STCG-v1 State Mapping,29,4350,4650,bending2,standing,0,1.0,1
AReMActivities_K4,2,activity,STCG-v1 State Mapping,30,4500,4800,bending2,standing,0,1.0,1
AReMActivities_K4,2,activity,STCG-v1 State Mapping,31,4650,4950,bending2,sitting,0,1.0,3
AReMActivities_K4,2,activity,STCG-v1 State Mapping,33,4950,5250,bending2,sitting,0,1.0,3
AReMActivities_K4,2,activity,STCG-v1 State Mapping,35,5250,5550,bending2,sitting,0,1.0,3
AReMActivities_K4,2,activity,STCG-v1 State Mapping,42,6300,6600,cycling,cycling,1,1.0,0
AReMActivities_K4,2,activity,STCG-v1 State Mapping,43,6450,6750,cycling,cycling,1,1.0,0
AReMActivities_K4,2,activity,STCG-v1 State Mapping,46,6900,7200,cycling,cycling,1,1.0,0
AReMActivities_K4,2,activity,STCG-v1 State Mapping,47,7050,7350,cycling,cycling,1,1.0,0
AReMActivities_K4,2,activity,STCG-v1 State Mapping,48,7200,7500,cycling,cycling,1,1.0,0
AReMActivities_K4,2,activity,STCG-v1 State Mapping,51,7650,7950,cycling,walking,0,1.0,2
AReMActivities_K4,2,activity,STCG-v1 State Mapping,52,7800,8100,cycling,walking,0,1.0,2
AReMActivities_K4,2,activity,STCG-v1 State Mapping,54,8100,8400,cycling,cycling,1,1.0,0
AReMActivities_K4,2,activity,STCG-v1 State Mapping,55,8250,8550,cycling,cycling,1,1.0,0
AReMActivities_K4,2,activity,STCG-v1 State Mapping,57,8550,8850,cycling,cycling,1,1.0,0
AReMActivities_K4,2,activity,STCG-v1 State Mapping,58,8700,9000,cycling,cycling,1,1.0,0
AReMActivities_K4,2,activity,STCG-v1 State Mapping,59,8850,9150,cycling,cycling,1,1.0,0
AReMActivities_K4,2,activity,STCG-v1 State Mapping,60,9000,9300,cycling,cycling,1,1.0,0
AReMActivities_K4,2,activity,STCG-v1 State Mapping,62,9300,9600,cycling,cycling,1,1.0,0
AReMActivities_K4,2,activity,STCG-v1 State Mapping,63,9450,9750,cycling,cycling,1,1.0,0
AReMActivities_K4,2,activity,STCG-v1 State Mapping,72,10800,11100,cycling,cycling,1,1.0,0
AReMActivities_K4,2,activity,STCG-v1 State Mapping,74,11100,11400,cycling,cycling,1,1.0,0
AReMActivities_K4,2,activity,STCG-v1 State Mapping,75,11250,11550,cycling,cycling,1,1.0,0
AReMActivities_K4,2,activity,STCG-v1 State Mapping,76,11400,11700,cycling,cycling,1,1.0,0
AReMActivities_K4,2,activity,STCG-v1 State Mapping,79,11850,12150,cycling,cycling,1,1.0,0
AReMActivities_K4,2,activity,STCG-v1 State Mapping,81,12150,12450,cycling,walking,0,1.0,2
AReMActivities_K4,2,activity,STCG-v1 State Mapping,82,12300,12600,cycling,cycling,1,1.0,0
AReMActivities_K4,2,activity,STCG-v1 State Mapping,85,12750,13050,cycling,cycling,1,1.0,0
AReMActivities_K4,2,activity,STCG-v1 State Mapping,87,13050,13350,cycling,cycling,1,1.0,0
AReMActivities_K4,2,activity,STCG-v1 State Mapping,89,13350,13650,lying,standing,0,0.7066666666666667,1
AReMActivities_K4,2,activity,STCG-v1 State Mapping,91,13650,13950,lying,sitting,0,1.0,3
AReMActivities_K4,2,activity,STCG-v1 State Mapping,93,13950,14250,lying,standing,0,1.0,1
AReMActivities_K4,2,activity,STCG-v1 State Mapping,95,14250,14550,lying,sitting,0,1.0,3
AReMActivities_K4,2,activity,STCG-v1 State Mapping,96,14400,14700,lying,sitting,0,1.0,3
AReMActivities_K4,2,activity,STCG-v1 State Mapping,97,14550,14850,lying,sitting,0,1.0,3
AReMActivities_K4,2,activity,STCG-v1 State Mapping,100,15000,15300,lying,cycling,0,1.0,0
AReMActivities_K4,2,activity,STCG-v1 State Mapping,102,15300,15600,lying,sitting,0,1.0,3
AReMActivities_K4,2,activity,STCG-v1 State Mapping,103,15450,15750,lying,sitting,0,1.0,3
AReMActivities_K4,2,activity,STCG-v1 State Mapping,104,15600,15900,lying,sitting,0,1.0,3
AReMActivities_K4,2,activity,STCG-v1 State Mapping,105,15750,16050,lying,walking,0,1.0,2
AReMActivities_K4,2,activity,STCG-v1 State Mapping,107,16050,16350,lying,standing,0,1.0,1
AReMActivities_K4,2,activity,STCG-v1 State Mapping,112,16800,17100,lying,sitting,0,1.0,3
AReMActivities_K4,2,activity,STCG-v1 State Mapping,113,16950,17250,lying,sitting,0,1.0,3
AReMActivities_K4,2,activity,STCG-v1 State Mapping,115,17250,17550,lying,sitting,0,1.0,3
AReMActivities_K4,2,activity,STCG-v1 State Mapping,118,17700,18000,lying,standing,0,1.0,1
AReMActivities_K4,2,activity,STCG-v1 State Mapping,120,18000,18300,lying,sitting,0,1.0,3
AReMActivities_K4,2,activity,STCG-v1 State Mapping,125,18750,19050,lying,sitting,0,1.0,3
AReMActivities_K4,2,activity,STCG-v1 State Mapping,126,18900,19200,lying,sitting,0,1.0,3
AReMActivities_K4,2,activity,STCG-v1 State Mapping,127,19050,19350,lying,sitting,0,1.0,3
AReMActivities_K4,2,activity,STCG-v1 State Mapping,128,19200,19500,lying,sitting,0,1.0,3
AReMActivities_K4,2,activity,STCG-v1 State Mapping,132,19800,20100,lying,sitting,0,1.0,3
AReMActivities_K4,2,activity,STCG-v1 State Mapping,134,20100,20400,lying,standing,0,1.0,1
AReMActivities_K4,2,activity,STCG-v1 State Mapping,135,20250,20550,lying,sitting,0,1.0,3
AReMActivities_K4,2,activity,STCG-v1 State Mapping,137,20550,20850,sitting,sitting,1,0.7066666666666667,3
AReMActivities_K4,2,activity,STCG-v1 State Mapping,138,20700,21000,sitting,sitting,1,1.0,3
AReMActivities_K4,2,activity,STCG-v1 State Mapping,140,21000,21300,sitting,sitting,1,1.0,3
AReMActivities_K4,2,activity,STCG-v1 State Mapping,142,21300,21600,sitting,sitting,1,1.0,3
AReMActivities_K4,2,activity,STCG-v1 State Mapping,143,21450,21750,sitting,sitting,1,1.0,3
AReMActivities_K4,2,activity,STCG-v1 State Mapping,144,21600,21900,sitting,sitting,1,1.0,3
AReMActivities_K4,2,activity,STCG-v1 State Mapping,146,21900,22200,sitting,sitting,1,1.0,3
AReMActivities_K4,2,activity,STCG-v1 State Mapping,152,22800,23100,sitting,sitting,1,1.0,3
AReMActivities_K4,2,activity,STCG-v1 State Mapping,155,23250,23550,sitting,standing,0,1.0,1
AReMActivities_K4,2,activity,STCG-v1 State Mapping,157,23550,23850,sitting,sitting,1,1.0,3
AReMActivities_K4,2,activity,STCG-v1 State Mapping,158,23700,24000,sitting,sitting,1,1.0,3
AReMActivities_K4,2,activity,STCG-v1 State Mapping,159,23850,24150,sitting,standing,0,1.0,1
AReMActivities_K4,2,activity,STCG-v1 State Mapping,160,24000,24300,sitting,sitting,1,1.0,3
AReMActivities_K4,2,activity,STCG-v1 State Mapping,162,24300,24600,sitting,sitting,1,1.0,3
AReMActivities_K4,2,activity,STCG-v1 State Mapping,163,24450,24750,sitting,sitting,1,1.0,3
AReMActivities_K4,2,activity,STCG-v1 State Mapping,166,24900,25200,sitting,sitting,1,1.0,3
AReMActivities_K4,2,activity,STCG-v1 State Mapping,169,25350,25650,sitting,sitting,1,1.0,3
AReMActivities_K4,2,activity,STCG-v1 State Mapping,171,25650,25950,sitting,sitting,1,1.0,3
AReMActivities_K4,2,activity,STCG-v1 State Mapping,172,25800,26100,sitting,sitting,1,1.0,3
AReMActivities_K4,2,activity,STCG-v1 State Mapping,173,25950,26250,sitting,sitting,1,1.0,3
AReMActivities_K4,2,activity,STCG-v1 State Mapping,176,26400,26700,sitting,standing,0,1.0,1
AReMActivities_K4,2,activity,STCG-v1 State Mapping,179,26850,27150,sitting,sitting,1,1.0,3
AReMActivities_K4,2,activity,STCG-v1 State Mapping,182,27300,27600,sitting,standing,0,1.0,1
AReMActivities_K4,2,activity,STCG-v1 State Mapping,183,27450,27750,sitting,sitting,1,1.0,3
AReMActivities_K4,2,activity,STCG-v1 State Mapping,186,27900,28200,standing,standing,1,1.0,1
AReMActivities_K4,2,activity,STCG-v1 State Mapping,188,28200,28500,standing,standing,1,1.0,1
AReMActivities_K4,2,activity,STCG-v1 State Mapping,191,28650,28950,standing,sitting,0,1.0,3
AReMActivities_K4,2,activity,STCG-v1 State Mapping,194,29100,29400,standing,standing,1,1.0,1
AReMActivities_K4,2,activity,STCG-v1 State Mapping,196,29400,29700,standing,standing,1,1.0,1
AReMActivities_K4,2,activity,STCG-v1 State Mapping,198,29700,30000,standing,standing,1,1.0,1
AReMActivities_K4,2,activity,STCG-v1 State Mapping,199,29850,30150,standing,standing,1,1.0,1
AReMActivities_K4,2,activity,STCG-v1 State Mapping,200,30000,30300,standing,cycling,0,1.0,0
AReMActivities_K4,2,activity,STCG-v1 State Mapping,201,30150,30450,standing,standing,1,1.0,1
AReMActivities_K4,2,activity,STCG-v1 State Mapping,204,30600,30900,standing,standing,1,1.0,1
AReMActivities_K4,2,activity,STCG-v1 State Mapping,207,31050,31350,standing,standing,1,1.0,1
AReMActivities_K4,2,activity,STCG-v1 State Mapping,210,31500,31800,standing,cycling,0,1.0,0
AReMActivities_K4,2,activity,STCG-v1 State Mapping,211,31650,31950,standing,sitting,0,1.0,3
AReMActivities_K4,2,activity,STCG-v1 State Mapping,214,32100,32400,standing,standing,1,1.0,1
AReMActivities_K4,2,activity,STCG-v1 State Mapping,215,32250,32550,standing,standing,1,1.0,1
AReMActivities_K4,2,activity,STCG-v1 State Mapping,216,32400,32700,standing,cycling,0,1.0,0
AReMActivities_K4,2,activity,STCG-v1 State Mapping,218,32700,33000,standing,sitting,0,1.0,3
AReMActivities_K4,2,activity,STCG-v1 State Mapping,219,32850,33150,standing,sitting,0,1.0,3
AReMActivities_K4,2,activity,STCG-v1 State Mapping,222,33300,33600,standing,sitting,0,1.0,3
AReMActivities_K4,2,activity,STCG-v1 State Mapping,223,33450,33750,standing,sitting,0,1.0,3
AReMActivities_K4,2,activity,STCG-v1 State Mapping,224,33600,33900,standing,sitting,0,1.0,3
AReMActivities_K4,2,activity,STCG-v1 State Mapping,226,33900,34200,standing,sitting,0,1.0,3
AReMActivities_K4,2,activity,STCG-v1 State Mapping,227,34050,34350,standing,sitting,0,1.0,3
AReMActivities_K4,2,activity,STCG-v1 State Mapping,230,34500,34800,standing,sitting,0,1.0,3
AReMActivities_K4,2,activity,STCG-v1 State Mapping,233,34950,35250,walking,walking,1,0.71,2
AReMActivities_K4,2,activity,STCG-v1 State Mapping,235,35250,35550,walking,walking,1,1.0,2
AReMActivities_K4,2,activity,STCG-v1 State Mapping,236,35400,35700,walking,walking,1,1.0,2
AReMActivities_K4,2,activity,STCG-v1 State Mapping,237,35550,35850,walking,walking,1,1.0,2
AReMActivities_K4,2,activity,STCG-v1 State Mapping,240,36000,36300,walking,walking,1,1.0,2
AReMActivities_K4,2,activity,STCG-v1 State Mapping,244,36600,36900,walking,walking,1,1.0,2
AReMActivities_K4,2,activity,STCG-v1 State Mapping,245,36750,37050,walking,walking,1,1.0,2
AReMActivities_K4,2,activity,STCG-v1 State Mapping,246,36900,37200,walking,walking,1,1.0,2
AReMActivities_K4,2,activity,STCG-v1 State Mapping,249,37350,37650,walking,walking,1,1.0,2
AReMActivities_K4,2,activity,STCG-v1 State Mapping,251,37650,37950,walking,walking,1,1.0,2
AReMActivities_K4,2,activity,STCG-v1 State Mapping,252,37800,38100,walking,walking,1,1.0,2
AReMActivities_K4,2,activity,STCG-v1 State Mapping,253,37950,38250,walking,walking,1,1.0,2
AReMActivities_K4,2,activity,STCG-v1 State Mapping,256,38400,38700,walking,walking,1,1.0,2
AReMActivities_K4,2,activity,STCG-v1 State Mapping,258,38700,39000,walking,walking,1,1.0,2
AReMActivities_K4,2,activity,STCG-v1 State Mapping,259,38850,39150,walking,walking,1,1.0,2
AReMActivities_K4,2,activity,STCG-v1 State Mapping,260,39000,39300,walking,walking,1,1.0,2
AReMActivities_K4,2,activity,STCG-v1 State Mapping,262,39300,39600,walking,walking,1,1.0,2
AReMActivities_K4,2,activity,STCG-v1 State Mapping,267,40050,40350,walking,walking,1,1.0,2
AReMActivities_K4,2,activity,STCG-v1 State Mapping,268,40200,40500,walking,walking,1,1.0,2
AReMActivities_K4,2,activity,STCG-v1 State Mapping,269,40350,40650,walking,walking,1,1.0,2
AReMActivities_K4,2,activity,STCG-v1 State Mapping,270,40500,40800,walking,walking,1,1.0,2
AReMActivities_K4,2,activity,STCG-v1 State Mapping,276,41400,41700,walking,walking,1,1.0,2
AReMActivities_K4,2,activity,STCG-v1 State Mapping,277,41550,41850,walking,walking,1,1.0,2
AReMActivities_K4,2,activity,STCG-v1 State Mapping,280,41937,42237,walking,walking,1,1.0,2
AReMActivities_K4,3,activity,Train Majority,0,0,300,bending1,cycling,0,1.0,2
AReMActivities_K4,3,activity,Train Majority,3,450,750,bending1,cycling,0,1.0,2
AReMActivities_K4,3,activity,Train Majority,6,900,1200,bending1,cycling,0,1.0,2
AReMActivities_K4,3,activity,Train Majority,8,1200,1500,bending1,cycling,0,1.0,2
AReMActivities_K4,3,activity,Train Majority,9,1350,1650,bending1,cycling,0,1.0,3
AReMActivities_K4,3,activity,Train Majority,12,1800,2100,bending1,cycling,0,1.0,3
AReMActivities_K4,3,activity,Train Majority,13,1950,2250,bending1,cycling,0,1.0,3
AReMActivities_K4,3,activity,Train Majority,15,2250,2550,bending1,cycling,0,1.0,2
AReMActivities_K4,3,activity,Train Majority,17,2550,2850,bending1,cycling,0,1.0,3
AReMActivities_K4,3,activity,Train Majority,18,2700,3000,bending1,cycling,0,1.0,2
AReMActivities_K4,3,activity,Train Majority,20,3000,3300,bending1,cycling,0,1.0,2
AReMActivities_K4,3,activity,Train Majority,24,3600,3900,bending2,cycling,0,1.0,3
AReMActivities_K4,3,activity,Train Majority,25,3750,4050,bending2,cycling,0,1.0,2
AReMActivities_K4,3,activity,Train Majority,28,4200,4500,bending2,cycling,0,1.0,3
AReMActivities_K4,3,activity,Train Majority,29,4350,4650,bending2,cycling,0,1.0,3
AReMActivities_K4,3,activity,Train Majority,33,4950,5250,bending2,cycling,0,1.0,2
AReMActivities_K4,3,activity,Train Majority,34,5100,5400,bending2,cycling,0,1.0,2
AReMActivities_K4,3,activity,Train Majority,35,5250,5550,bending2,cycling,0,1.0,2
AReMActivities_K4,3,activity,Train Majority,37,5550,5850,bending2,cycling,0,1.0,2
AReMActivities_K4,3,activity,Train Majority,39,5850,6150,bending2,cycling,0,1.0,3
AReMActivities_K4,3,activity,Train Majority,40,6000,6300,bending2,cycling,0,0.8,1
AReMActivities_K4,3,activity,Train Majority,41,6150,6450,cycling,cycling,1,0.7,0
AReMActivities_K4,3,activity,Train Majority,42,6300,6600,cycling,cycling,1,1.0,0
AReMActivities_K4,3,activity,Train Majority,43,6450,6750,cycling,cycling,1,1.0,0
AReMActivities_K4,3,activity,Train Majority,44,6600,6900,cycling,cycling,1,1.0,0
AReMActivities_K4,3,activity,Train Majority,45,6750,7050,cycling,cycling,1,1.0,0
AReMActivities_K4,3,activity,Train Majority,46,6900,7200,cycling,cycling,1,1.0,0
AReMActivities_K4,3,activity,Train Majority,48,7200,7500,cycling,cycling,1,1.0,0
AReMActivities_K4,3,activity,Train Majority,49,7350,7650,cycling,cycling,1,1.0,1
AReMActivities_K4,3,activity,Train Majority,54,8100,8400,cycling,cycling,1,1.0,0
AReMActivities_K4,3,activity,Train Majority,56,8400,8700,cycling,cycling,1,1.0,0
AReMActivities_K4,3,activity,Train Majority,57,8550,8850,cycling,cycling,1,1.0,0
AReMActivities_K4,3,activity,Train Majority,59,8850,9150,cycling,cycling,1,1.0,0
AReMActivities_K4,3,activity,Train Majority,61,9150,9450,cycling,cycling,1,1.0,0
AReMActivities_K4,3,activity,Train Majority,63,9450,9750,cycling,cycling,1,1.0,0
AReMActivities_K4,3,activity,Train Majority,64,9600,9900,cycling,cycling,1,1.0,0
AReMActivities_K4,3,activity,Train Majority,68,10200,10500,cycling,cycling,1,1.0,0
AReMActivities_K4,3,activity,Train Majority,69,10350,10650,cycling,cycling,1,1.0,0
AReMActivities_K4,3,activity,Train Majority,73,10950,11250,cycling,cycling,1,1.0,0
AReMActivities_K4,3,activity,Train Majority,75,11250,11550,cycling,cycling,1,1.0,0
AReMActivities_K4,3,activity,Train Majority,76,11400,11700,cycling,cycling,1,1.0,0
AReMActivities_K4,3,activity,Train Majority,77,11550,11850,cycling,cycling,1,1.0,1
AReMActivities_K4,3,activity,Train Majority,82,12300,12600,cycling,cycling,1,1.0,1
AReMActivities_K4,3,activity,Train Majority,85,12750,13050,cycling,cycling,1,1.0,0
AReMActivities_K4,3,activity,Train Majority,86,12900,13200,cycling,cycling,1,1.0,0
AReMActivities_K4,3,activity,Train Majority,89,13350,13650,lying,cycling,0,0.7066666666666667,3
AReMActivities_K4,3,activity,Train Majority,90,13500,13800,lying,cycling,0,1.0,2
AReMActivities_K4,3,activity,Train Majority,95,14250,14550,lying,cycling,0,1.0,2
AReMActivities_K4,3,activity,Train Majority,96,14400,14700,lying,cycling,0,1.0,2
AReMActivities_K4,3,activity,Train Majority,99,14850,15150,lying,cycling,0,1.0,3
AReMActivities_K4,3,activity,Train Majority,105,15750,16050,lying,cycling,0,1.0,1
AReMActivities_K4,3,activity,Train Majority,107,16050,16350,lying,cycling,0,1.0,3
AReMActivities_K4,3,activity,Train Majority,109,16350,16650,lying,cycling,0,1.0,2
AReMActivities_K4,3,activity,Train Majority,113,16950,17250,lying,cycling,0,1.0,2
AReMActivities_K4,3,activity,Train Majority,114,17100,17400,lying,cycling,0,1.0,2
AReMActivities_K4,3,activity,Train Majority,115,17250,17550,lying,cycling,0,1.0,2
AReMActivities_K4,3,activity,Train Majority,116,17400,17700,lying,cycling,0,1.0,2
AReMActivities_K4,3,activity,Train Majority,117,17550,17850,lying,cycling,0,1.0,3
AReMActivities_K4,3,activity,Train Majority,121,18150,18450,lying,cycling,0,1.0,2
AReMActivities_K4,3,activity,Train Majority,122,18300,18600,lying,cycling,0,1.0,2
AReMActivities_K4,3,activity,Train Majority,123,18450,18750,lying,cycling,0,1.0,2
AReMActivities_K4,3,activity,Train Majority,124,18600,18900,lying,cycling,0,1.0,2
AReMActivities_K4,3,activity,Train Majority,125,18750,19050,lying,cycling,0,1.0,2
AReMActivities_K4,3,activity,Train Majority,128,19200,19500,lying,cycling,0,1.0,2
AReMActivities_K4,3,activity,Train Majority,129,19350,19650,lying,cycling,0,1.0,2
AReMActivities_K4,3,activity,Train Majority,130,19500,19800,lying,cycling,0,1.0,2
AReMActivities_K4,3,activity,Train Majority,131,19650,19950,lying,cycling,0,1.0,2
AReMActivities_K4,3,activity,Train Majority,132,19800,20100,lying,cycling,0,1.0,2
AReMActivities_K4,3,activity,Train Majority,133,19950,20250,lying,cycling,0,1.0,3
AReMActivities_K4,3,activity,Train Majority,139,20850,21150,sitting,cycling,0,1.0,2
AReMActivities_K4,3,activity,Train Majority,141,21150,21450,sitting,cycling,0,1.0,2
AReMActivities_K4,3,activity,Train Majority,142,21300,21600,sitting,cycling,0,1.0,2
AReMActivities_K4,3,activity,Train Majority,143,21450,21750,sitting,cycling,0,1.0,2
AReMActivities_K4,3,activity,Train Majority,144,21600,21900,sitting,cycling,0,1.0,2
AReMActivities_K4,3,activity,Train Majority,146,21900,22200,sitting,cycling,0,1.0,2
AReMActivities_K4,3,activity,Train Majority,149,22350,22650,sitting,cycling,0,1.0,2
AReMActivities_K4,3,activity,Train Majority,150,22500,22800,sitting,cycling,0,1.0,3
AReMActivities_K4,3,activity,Train Majority,156,23400,23700,sitting,cycling,0,1.0,2
AReMActivities_K4,3,activity,Train Majority,158,23700,24000,sitting,cycling,0,1.0,2
AReMActivities_K4,3,activity,Train Majority,160,24000,24300,sitting,cycling,0,1.0,2
AReMActivities_K4,3,activity,Train Majority,161,24150,24450,sitting,cycling,0,1.0,2
AReMActivities_K4,3,activity,Train Majority,163,24450,24750,sitting,cycling,0,1.0,2
AReMActivities_K4,3,activity,Train Majority,164,24600,24900,sitting,cycling,0,1.0,2
AReMActivities_K4,3,activity,Train Majority,165,24750,25050,sitting,cycling,0,1.0,2
AReMActivities_K4,3,activity,Train Majority,167,25050,25350,sitting,cycling,0,1.0,2
AReMActivities_K4,3,activity,Train Majority,169,25350,25650,sitting,cycling,0,1.0,2
AReMActivities_K4,3,activity,Train Majority,172,25800,26100,sitting,cycling,0,1.0,2
AReMActivities_K4,3,activity,Train Majority,177,26550,26850,sitting,cycling,0,1.0,3
AReMActivities_K4,3,activity,Train Majority,179,26850,27150,sitting,cycling,0,1.0,2
AReMActivities_K4,3,activity,Train Majority,180,27000,27300,sitting,cycling,0,1.0,2
AReMActivities_K4,3,activity,Train Majority,182,27300,27600,sitting,cycling,0,1.0,3
AReMActivities_K4,3,activity,Train Majority,183,27450,27750,sitting,cycling,0,1.0,2
AReMActivities_K4,3,activity,Train Majority,184,27600,27900,sitting,cycling,0,0.79,3
AReMActivities_K4,3,activity,Train Majority,188,28200,28500,standing,cycling,0,1.0,3
AReMActivities_K4,3,activity,Train Majority,190,28500,28800,standing,cycling,0,1.0,2
AReMActivities_K4,3,activity,Train Majority,191,28650,28950,standing,cycling,0,1.0,2
AReMActivities_K4,3,activity,Train Majority,192,28800,29100,standing,cycling,0,1.0,2
AReMActivities_K4,3,activity,Train Majority,194,29100,29400,standing,cycling,0,1.0,3
AReMActivities_K4,3,activity,Train Majority,198,29700,30000,standing,cycling,0,1.0,1
AReMActivities_K4,3,activity,Train Majority,201,30150,30450,standing,cycling,0,1.0,3
AReMActivities_K4,3,activity,Train Majority,202,30300,30600,standing,cycling,0,1.0,3
AReMActivities_K4,3,activity,Train Majority,203,30450,30750,standing,cycling,0,1.0,3
AReMActivities_K4,3,activity,Train Majority,205,30750,31050,standing,cycling,0,1.0,3
AReMActivities_K4,3,activity,Train Majority,207,31050,31350,standing,cycling,0,1.0,3
AReMActivities_K4,3,activity,Train Majority,209,31350,31650,standing,cycling,0,1.0,3
AReMActivities_K4,3,activity,Train Majority,211,31650,31950,standing,cycling,0,1.0,2
AReMActivities_K4,3,activity,Train Majority,212,31800,32100,standing,cycling,0,1.0,2
AReMActivities_K4,3,activity,Train Majority,213,31950,32250,standing,cycling,0,1.0,2
AReMActivities_K4,3,activity,Train Majority,216,32400,32700,standing,cycling,0,1.0,3
AReMActivities_K4,3,activity,Train Majority,219,32850,33150,standing,cycling,0,1.0,2
AReMActivities_K4,3,activity,Train Majority,223,33450,33750,standing,cycling,0,1.0,2
AReMActivities_K4,3,activity,Train Majority,224,33600,33900,standing,cycling,0,1.0,2
AReMActivities_K4,3,activity,Train Majority,225,33750,34050,standing,cycling,0,1.0,3
AReMActivities_K4,3,activity,Train Majority,226,33900,34200,standing,cycling,0,1.0,3
AReMActivities_K4,3,activity,Train Majority,227,34050,34350,standing,cycling,0,1.0,2
AReMActivities_K4,3,activity,Train Majority,230,34500,34800,standing,cycling,0,1.0,2
AReMActivities_K4,3,activity,Train Majority,231,34650,34950,standing,cycling,0,1.0,2
AReMActivities_K4,3,activity,Train Majority,234,35100,35400,walking,cycling,0,1.0,1
AReMActivities_K4,3,activity,Train Majority,235,35250,35550,walking,cycling,0,1.0,1
AReMActivities_K4,3,activity,Train Majority,236,35400,35700,walking,cycling,0,1.0,1
AReMActivities_K4,3,activity,Train Majority,237,35550,35850,walking,cycling,0,1.0,1
AReMActivities_K4,3,activity,Train Majority,238,35700,36000,walking,cycling,0,1.0,1
AReMActivities_K4,3,activity,Train Majority,241,36150,36450,walking,cycling,0,1.0,1
AReMActivities_K4,3,activity,Train Majority,242,36300,36600,walking,cycling,0,1.0,1
AReMActivities_K4,3,activity,Train Majority,243,36450,36750,walking,cycling,0,1.0,1
AReMActivities_K4,3,activity,Train Majority,244,36600,36900,walking,cycling,0,1.0,1
AReMActivities_K4,3,activity,Train Majority,247,37050,37350,walking,cycling,0,1.0,1
AReMActivities_K4,3,activity,Train Majority,249,37350,37650,walking,cycling,0,1.0,1
AReMActivities_K4,3,activity,Train Majority,250,37500,37800,walking,cycling,0,1.0,1
AReMActivities_K4,3,activity,Train Majority,251,37650,37950,walking,cycling,0,1.0,1
AReMActivities_K4,3,activity,Train Majority,253,37950,38250,walking,cycling,0,1.0,1
AReMActivities_K4,3,activity,Train Majority,255,38250,38550,walking,cycling,0,1.0,1
AReMActivities_K4,3,activity,Train Majority,256,38400,38700,walking,cycling,0,1.0,1
AReMActivities_K4,3,activity,Train Majority,259,38850,39150,walking,cycling,0,1.0,1
AReMActivities_K4,3,activity,Train Majority,262,39300,39600,walking,cycling,0,1.0,1
AReMActivities_K4,3,activity,Train Majority,263,39450,39750,walking,cycling,0,1.0,1
AReMActivities_K4,3,activity,Train Majority,264,39600,39900,walking,cycling,0,1.0,1
AReMActivities_K4,3,activity,Train Majority,265,39750,40050,walking,cycling,0,1.0,1
AReMActivities_K4,3,activity,Train Majority,269,40350,40650,walking,cycling,0,1.0,1
AReMActivities_K4,3,activity,Train Majority,273,40950,41250,walking,cycling,0,1.0,1
AReMActivities_K4,3,activity,Train Majority,277,41550,41850,walking,cycling,0,1.0,1
AReMActivities_K4,3,activity,SensorMeanStd Centroid,0,0,300,bending1,bending1,1,1.0,2
AReMActivities_K4,3,activity,SensorMeanStd Centroid,3,450,750,bending1,bending1,1,1.0,2
AReMActivities_K4,3,activity,SensorMeanStd Centroid,6,900,1200,bending1,bending1,1,1.0,2
AReMActivities_K4,3,activity,SensorMeanStd Centroid,8,1200,1500,bending1,bending1,1,1.0,2
AReMActivities_K4,3,activity,SensorMeanStd Centroid,9,1350,1650,bending1,bending1,1,1.0,3
AReMActivities_K4,3,activity,SensorMeanStd Centroid,12,1800,2100,bending1,bending1,1,1.0,3
AReMActivities_K4,3,activity,SensorMeanStd Centroid,13,1950,2250,bending1,bending1,1,1.0,3
AReMActivities_K4,3,activity,SensorMeanStd Centroid,15,2250,2550,bending1,bending1,1,1.0,2
AReMActivities_K4,3,activity,SensorMeanStd Centroid,17,2550,2850,bending1,standing,0,1.0,3
AReMActivities_K4,3,activity,SensorMeanStd Centroid,18,2700,3000,bending1,standing,0,1.0,2
AReMActivities_K4,3,activity,SensorMeanStd Centroid,20,3000,3300,bending1,standing,0,1.0,2
AReMActivities_K4,3,activity,SensorMeanStd Centroid,24,3600,3900,bending2,bending2,1,1.0,3
AReMActivities_K4,3,activity,SensorMeanStd Centroid,25,3750,4050,bending2,bending2,1,1.0,2
AReMActivities_K4,3,activity,SensorMeanStd Centroid,28,4200,4500,bending2,bending2,1,1.0,3
AReMActivities_K4,3,activity,SensorMeanStd Centroid,29,4350,4650,bending2,bending2,1,1.0,3
AReMActivities_K4,3,activity,SensorMeanStd Centroid,33,4950,5250,bending2,lying,0,1.0,2
AReMActivities_K4,3,activity,SensorMeanStd Centroid,34,5100,5400,bending2,lying,0,1.0,2
AReMActivities_K4,3,activity,SensorMeanStd Centroid,35,5250,5550,bending2,bending2,1,1.0,2
AReMActivities_K4,3,activity,SensorMeanStd Centroid,37,5550,5850,bending2,bending2,1,1.0,2
AReMActivities_K4,3,activity,SensorMeanStd Centroid,39,5850,6150,bending2,bending2,1,1.0,3
AReMActivities_K4,3,activity,SensorMeanStd Centroid,40,6000,6300,bending2,bending2,1,0.8,1
AReMActivities_K4,3,activity,SensorMeanStd Centroid,41,6150,6450,cycling,cycling,1,0.7,0
AReMActivities_K4,3,activity,SensorMeanStd Centroid,42,6300,6600,cycling,cycling,1,1.0,0
AReMActivities_K4,3,activity,SensorMeanStd Centroid,43,6450,6750,cycling,cycling,1,1.0,0
AReMActivities_K4,3,activity,SensorMeanStd Centroid,44,6600,6900,cycling,walking,0,1.0,0
AReMActivities_K4,3,activity,SensorMeanStd Centroid,45,6750,7050,cycling,cycling,1,1.0,0
AReMActivities_K4,3,activity,SensorMeanStd Centroid,46,6900,7200,cycling,cycling,1,1.0,0
AReMActivities_K4,3,activity,SensorMeanStd Centroid,48,7200,7500,cycling,cycling,1,1.0,0
AReMActivities_K4,3,activity,SensorMeanStd Centroid,49,7350,7650,cycling,walking,0,1.0,1
AReMActivities_K4,3,activity,SensorMeanStd Centroid,54,8100,8400,cycling,cycling,1,1.0,0
AReMActivities_K4,3,activity,SensorMeanStd Centroid,56,8400,8700,cycling,cycling,1,1.0,0
AReMActivities_K4,3,activity,SensorMeanStd Centroid,57,8550,8850,cycling,cycling,1,1.0,0
AReMActivities_K4,3,activity,SensorMeanStd Centroid,59,8850,9150,cycling,cycling,1,1.0,0
AReMActivities_K4,3,activity,SensorMeanStd Centroid,61,9150,9450,cycling,cycling,1,1.0,0
AReMActivities_K4,3,activity,SensorMeanStd Centroid,63,9450,9750,cycling,cycling,1,1.0,0
AReMActivities_K4,3,activity,SensorMeanStd Centroid,64,9600,9900,cycling,cycling,1,1.0,0
AReMActivities_K4,3,activity,SensorMeanStd Centroid,68,10200,10500,cycling,cycling,1,1.0,0
AReMActivities_K4,3,activity,SensorMeanStd Centroid,69,10350,10650,cycling,cycling,1,1.0,0
AReMActivities_K4,3,activity,SensorMeanStd Centroid,73,10950,11250,cycling,cycling,1,1.0,0
AReMActivities_K4,3,activity,SensorMeanStd Centroid,75,11250,11550,cycling,cycling,1,1.0,0
AReMActivities_K4,3,activity,SensorMeanStd Centroid,76,11400,11700,cycling,cycling,1,1.0,0
AReMActivities_K4,3,activity,SensorMeanStd Centroid,77,11550,11850,cycling,cycling,1,1.0,1
AReMActivities_K4,3,activity,SensorMeanStd Centroid,82,12300,12600,cycling,cycling,1,1.0,1
AReMActivities_K4,3,activity,SensorMeanStd Centroid,85,12750,13050,cycling,cycling,1,1.0,0
AReMActivities_K4,3,activity,SensorMeanStd Centroid,86,12900,13200,cycling,walking,0,1.0,0
AReMActivities_K4,3,activity,SensorMeanStd Centroid,89,13350,13650,lying,bending2,0,0.7066666666666667,3
AReMActivities_K4,3,activity,SensorMeanStd Centroid,90,13500,13800,lying,lying,1,1.0,2
AReMActivities_K4,3,activity,SensorMeanStd Centroid,95,14250,14550,lying,lying,1,1.0,2
AReMActivities_K4,3,activity,SensorMeanStd Centroid,96,14400,14700,lying,lying,1,1.0,2
AReMActivities_K4,3,activity,SensorMeanStd Centroid,99,14850,15150,lying,standing,0,1.0,3
AReMActivities_K4,3,activity,SensorMeanStd Centroid,105,15750,16050,lying,lying,1,1.0,1
AReMActivities_K4,3,activity,SensorMeanStd Centroid,107,16050,16350,lying,lying,1,1.0,3
AReMActivities_K4,3,activity,SensorMeanStd Centroid,109,16350,16650,lying,lying,1,1.0,2
AReMActivities_K4,3,activity,SensorMeanStd Centroid,113,16950,17250,lying,lying,1,1.0,2
AReMActivities_K4,3,activity,SensorMeanStd Centroid,114,17100,17400,lying,lying,1,1.0,2
AReMActivities_K4,3,activity,SensorMeanStd Centroid,115,17250,17550,lying,sitting,0,1.0,2
AReMActivities_K4,3,activity,SensorMeanStd Centroid,116,17400,17700,lying,standing,0,1.0,2
AReMActivities_K4,3,activity,SensorMeanStd Centroid,117,17550,17850,lying,bending2,0,1.0,3
AReMActivities_K4,3,activity,SensorMeanStd Centroid,121,18150,18450,lying,lying,1,1.0,2
AReMActivities_K4,3,activity,SensorMeanStd Centroid,122,18300,18600,lying,lying,1,1.0,2
AReMActivities_K4,3,activity,SensorMeanStd Centroid,123,18450,18750,lying,lying,1,1.0,2
AReMActivities_K4,3,activity,SensorMeanStd Centroid,124,18600,18900,lying,lying,1,1.0,2
AReMActivities_K4,3,activity,SensorMeanStd Centroid,125,18750,19050,lying,lying,1,1.0,2
AReMActivities_K4,3,activity,SensorMeanStd Centroid,128,19200,19500,lying,lying,1,1.0,2
AReMActivities_K4,3,activity,SensorMeanStd Centroid,129,19350,19650,lying,lying,1,1.0,2
AReMActivities_K4,3,activity,SensorMeanStd Centroid,130,19500,19800,lying,lying,1,1.0,2
AReMActivities_K4,3,activity,SensorMeanStd Centroid,131,19650,19950,lying,sitting,0,1.0,2
AReMActivities_K4,3,activity,SensorMeanStd Centroid,132,19800,20100,lying,standing,0,1.0,2
AReMActivities_K4,3,activity,SensorMeanStd Centroid,133,19950,20250,lying,bending2,0,1.0,3
AReMActivities_K4,3,activity,SensorMeanStd Centroid,139,20850,21150,sitting,sitting,1,1.0,2
AReMActivities_K4,3,activity,SensorMeanStd Centroid,141,21150,21450,sitting,sitting,1,1.0,2
AReMActivities_K4,3,activity,SensorMeanStd Centroid,142,21300,21600,sitting,standing,0,1.0,2
AReMActivities_K4,3,activity,SensorMeanStd Centroid,143,21450,21750,sitting,sitting,1,1.0,2
AReMActivities_K4,3,activity,SensorMeanStd Centroid,144,21600,21900,sitting,sitting,1,1.0,2
AReMActivities_K4,3,activity,SensorMeanStd Centroid,146,21900,22200,sitting,sitting,1,1.0,2
AReMActivities_K4,3,activity,SensorMeanStd Centroid,149,22350,22650,sitting,sitting,1,1.0,2
AReMActivities_K4,3,activity,SensorMeanStd Centroid,150,22500,22800,sitting,bending2,0,1.0,3
AReMActivities_K4,3,activity,SensorMeanStd Centroid,156,23400,23700,sitting,sitting,1,1.0,2
AReMActivities_K4,3,activity,SensorMeanStd Centroid,158,23700,24000,sitting,standing,0,1.0,2
AReMActivities_K4,3,activity,SensorMeanStd Centroid,160,24000,24300,sitting,standing,0,1.0,2
AReMActivities_K4,3,activity,SensorMeanStd Centroid,161,24150,24450,sitting,sitting,1,1.0,2
AReMActivities_K4,3,activity,SensorMeanStd Centroid,163,24450,24750,sitting,standing,0,1.0,2
AReMActivities_K4,3,activity,SensorMeanStd Centroid,164,24600,24900,sitting,sitting,1,1.0,2
AReMActivities_K4,3,activity,SensorMeanStd Centroid,165,24750,25050,sitting,sitting,1,1.0,2
AReMActivities_K4,3,activity,SensorMeanStd Centroid,167,25050,25350,sitting,sitting,1,1.0,2
AReMActivities_K4,3,activity,SensorMeanStd Centroid,169,25350,25650,sitting,sitting,1,1.0,2
AReMActivities_K4,3,activity,SensorMeanStd Centroid,172,25800,26100,sitting,sitting,1,1.0,2
AReMActivities_K4,3,activity,SensorMeanStd Centroid,177,26550,26850,sitting,sitting,1,1.0,3
AReMActivities_K4,3,activity,SensorMeanStd Centroid,179,26850,27150,sitting,sitting,1,1.0,2
AReMActivities_K4,3,activity,SensorMeanStd Centroid,180,27000,27300,sitting,sitting,1,1.0,2
AReMActivities_K4,3,activity,SensorMeanStd Centroid,182,27300,27600,sitting,sitting,1,1.0,3
AReMActivities_K4,3,activity,SensorMeanStd Centroid,183,27450,27750,sitting,sitting,1,1.0,2
AReMActivities_K4,3,activity,SensorMeanStd Centroid,184,27600,27900,sitting,standing,0,0.79,3
AReMActivities_K4,3,activity,SensorMeanStd Centroid,188,28200,28500,standing,standing,1,1.0,3
AReMActivities_K4,3,activity,SensorMeanStd Centroid,190,28500,28800,standing,standing,1,1.0,2
AReMActivities_K4,3,activity,SensorMeanStd Centroid,191,28650,28950,standing,standing,1,1.0,2
AReMActivities_K4,3,activity,SensorMeanStd Centroid,192,28800,29100,standing,standing,1,1.0,2
AReMActivities_K4,3,activity,SensorMeanStd Centroid,194,29100,29400,standing,standing,1,1.0,3
AReMActivities_K4,3,activity,SensorMeanStd Centroid,198,29700,30000,standing,standing,1,1.0,1
AReMActivities_K4,3,activity,SensorMeanStd Centroid,201,30150,30450,standing,standing,1,1.0,3
AReMActivities_K4,3,activity,SensorMeanStd Centroid,202,30300,30600,standing,standing,1,1.0,3
AReMActivities_K4,3,activity,SensorMeanStd Centroid,203,30450,30750,standing,standing,1,1.0,3
AReMActivities_K4,3,activity,SensorMeanStd Centroid,205,30750,31050,standing,standing,1,1.0,3
AReMActivities_K4,3,activity,SensorMeanStd Centroid,207,31050,31350,standing,standing,1,1.0,3
AReMActivities_K4,3,activity,SensorMeanStd Centroid,209,31350,31650,standing,standing,1,1.0,3
AReMActivities_K4,3,activity,SensorMeanStd Centroid,211,31650,31950,standing,standing,1,1.0,2
AReMActivities_K4,3,activity,SensorMeanStd Centroid,212,31800,32100,standing,standing,1,1.0,2
AReMActivities_K4,3,activity,SensorMeanStd Centroid,213,31950,32250,standing,standing,1,1.0,2
AReMActivities_K4,3,activity,SensorMeanStd Centroid,216,32400,32700,standing,standing,1,1.0,3
AReMActivities_K4,3,activity,SensorMeanStd Centroid,219,32850,33150,standing,sitting,0,1.0,2
AReMActivities_K4,3,activity,SensorMeanStd Centroid,223,33450,33750,standing,standing,1,1.0,2
AReMActivities_K4,3,activity,SensorMeanStd Centroid,224,33600,33900,standing,standing,1,1.0,2
AReMActivities_K4,3,activity,SensorMeanStd Centroid,225,33750,34050,standing,standing,1,1.0,3
AReMActivities_K4,3,activity,SensorMeanStd Centroid,226,33900,34200,standing,standing,1,1.0,3
AReMActivities_K4,3,activity,SensorMeanStd Centroid,227,34050,34350,standing,standing,1,1.0,2
AReMActivities_K4,3,activity,SensorMeanStd Centroid,230,34500,34800,standing,standing,1,1.0,2
AReMActivities_K4,3,activity,SensorMeanStd Centroid,231,34650,34950,standing,standing,1,1.0,2
AReMActivities_K4,3,activity,SensorMeanStd Centroid,234,35100,35400,walking,walking,1,1.0,1
AReMActivities_K4,3,activity,SensorMeanStd Centroid,235,35250,35550,walking,walking,1,1.0,1
AReMActivities_K4,3,activity,SensorMeanStd Centroid,236,35400,35700,walking,walking,1,1.0,1
AReMActivities_K4,3,activity,SensorMeanStd Centroid,237,35550,35850,walking,cycling,0,1.0,1
AReMActivities_K4,3,activity,SensorMeanStd Centroid,238,35700,36000,walking,walking,1,1.0,1
AReMActivities_K4,3,activity,SensorMeanStd Centroid,241,36150,36450,walking,cycling,0,1.0,1
AReMActivities_K4,3,activity,SensorMeanStd Centroid,242,36300,36600,walking,walking,1,1.0,1
AReMActivities_K4,3,activity,SensorMeanStd Centroid,243,36450,36750,walking,walking,1,1.0,1
AReMActivities_K4,3,activity,SensorMeanStd Centroid,244,36600,36900,walking,walking,1,1.0,1
AReMActivities_K4,3,activity,SensorMeanStd Centroid,247,37050,37350,walking,walking,1,1.0,1
AReMActivities_K4,3,activity,SensorMeanStd Centroid,249,37350,37650,walking,walking,1,1.0,1
AReMActivities_K4,3,activity,SensorMeanStd Centroid,250,37500,37800,walking,cycling,0,1.0,1
AReMActivities_K4,3,activity,SensorMeanStd Centroid,251,37650,37950,walking,walking,1,1.0,1
AReMActivities_K4,3,activity,SensorMeanStd Centroid,253,37950,38250,walking,walking,1,1.0,1
AReMActivities_K4,3,activity,SensorMeanStd Centroid,255,38250,38550,walking,cycling,0,1.0,1
AReMActivities_K4,3,activity,SensorMeanStd Centroid,256,38400,38700,walking,walking,1,1.0,1
AReMActivities_K4,3,activity,SensorMeanStd Centroid,259,38850,39150,walking,walking,1,1.0,1
AReMActivities_K4,3,activity,SensorMeanStd Centroid,262,39300,39600,walking,walking,1,1.0,1
AReMActivities_K4,3,activity,SensorMeanStd Centroid,263,39450,39750,walking,walking,1,1.0,1
AReMActivities_K4,3,activity,SensorMeanStd Centroid,264,39600,39900,walking,walking,1,1.0,1
AReMActivities_K4,3,activity,SensorMeanStd Centroid,265,39750,40050,walking,walking,1,1.0,1
AReMActivities_K4,3,activity,SensorMeanStd Centroid,269,40350,40650,walking,cycling,0,1.0,1
AReMActivities_K4,3,activity,SensorMeanStd Centroid,273,40950,41250,walking,walking,1,1.0,1
AReMActivities_K4,3,activity,SensorMeanStd Centroid,277,41550,41850,walking,walking,1,1.0,1
AReMActivities_K4,3,activity,GraphFeature Centroid,0,0,300,bending1,bending1,1,1.0,2
AReMActivities_K4,3,activity,GraphFeature Centroid,3,450,750,bending1,sitting,0,1.0,2
AReMActivities_K4,3,activity,GraphFeature Centroid,6,900,1200,bending1,bending1,1,1.0,2
AReMActivities_K4,3,activity,GraphFeature Centroid,8,1200,1500,bending1,bending1,1,1.0,2
AReMActivities_K4,3,activity,GraphFeature Centroid,9,1350,1650,bending1,lying,0,1.0,3
AReMActivities_K4,3,activity,GraphFeature Centroid,12,1800,2100,bending1,bending1,1,1.0,3
AReMActivities_K4,3,activity,GraphFeature Centroid,13,1950,2250,bending1,bending2,0,1.0,3
AReMActivities_K4,3,activity,GraphFeature Centroid,15,2250,2550,bending1,bending1,1,1.0,2
AReMActivities_K4,3,activity,GraphFeature Centroid,17,2550,2850,bending1,standing,0,1.0,3
AReMActivities_K4,3,activity,GraphFeature Centroid,18,2700,3000,bending1,sitting,0,1.0,2
AReMActivities_K4,3,activity,GraphFeature Centroid,20,3000,3300,bending1,sitting,0,1.0,2
AReMActivities_K4,3,activity,GraphFeature Centroid,24,3600,3900,bending2,standing,0,1.0,3
AReMActivities_K4,3,activity,GraphFeature Centroid,25,3750,4050,bending2,sitting,0,1.0,2
AReMActivities_K4,3,activity,GraphFeature Centroid,28,4200,4500,bending2,bending2,1,1.0,3
AReMActivities_K4,3,activity,GraphFeature Centroid,29,4350,4650,bending2,bending2,1,1.0,3
AReMActivities_K4,3,activity,GraphFeature Centroid,33,4950,5250,bending2,bending1,0,1.0,2
AReMActivities_K4,3,activity,GraphFeature Centroid,34,5100,5400,bending2,bending1,0,1.0,2
AReMActivities_K4,3,activity,GraphFeature Centroid,35,5250,5550,bending2,lying,0,1.0,2
AReMActivities_K4,3,activity,GraphFeature Centroid,37,5550,5850,bending2,sitting,0,1.0,2
AReMActivities_K4,3,activity,GraphFeature Centroid,39,5850,6150,bending2,bending2,1,1.0,3
AReMActivities_K4,3,activity,GraphFeature Centroid,40,6000,6300,bending2,cycling,0,0.8,1
AReMActivities_K4,3,activity,GraphFeature Centroid,41,6150,6450,cycling,cycling,1,0.7,0
AReMActivities_K4,3,activity,GraphFeature Centroid,42,6300,6600,cycling,cycling,1,1.0,0
AReMActivities_K4,3,activity,GraphFeature Centroid,43,6450,6750,cycling,cycling,1,1.0,0
AReMActivities_K4,3,activity,GraphFeature Centroid,44,6600,6900,cycling,cycling,1,1.0,0
AReMActivities_K4,3,activity,GraphFeature Centroid,45,6750,7050,cycling,cycling,1,1.0,0
AReMActivities_K4,3,activity,GraphFeature Centroid,46,6900,7200,cycling,cycling,1,1.0,0
AReMActivities_K4,3,activity,GraphFeature Centroid,48,7200,7500,cycling,cycling,1,1.0,0
AReMActivities_K4,3,activity,GraphFeature Centroid,49,7350,7650,cycling,walking,0,1.0,1
AReMActivities_K4,3,activity,GraphFeature Centroid,54,8100,8400,cycling,cycling,1,1.0,0
AReMActivities_K4,3,activity,GraphFeature Centroid,56,8400,8700,cycling,cycling,1,1.0,0
AReMActivities_K4,3,activity,GraphFeature Centroid,57,8550,8850,cycling,cycling,1,1.0,0
AReMActivities_K4,3,activity,GraphFeature Centroid,59,8850,9150,cycling,cycling,1,1.0,0
AReMActivities_K4,3,activity,GraphFeature Centroid,61,9150,9450,cycling,cycling,1,1.0,0
AReMActivities_K4,3,activity,GraphFeature Centroid,63,9450,9750,cycling,cycling,1,1.0,0
AReMActivities_K4,3,activity,GraphFeature Centroid,64,9600,9900,cycling,cycling,1,1.0,0
AReMActivities_K4,3,activity,GraphFeature Centroid,68,10200,10500,cycling,cycling,1,1.0,0
AReMActivities_K4,3,activity,GraphFeature Centroid,69,10350,10650,cycling,cycling,1,1.0,0
AReMActivities_K4,3,activity,GraphFeature Centroid,73,10950,11250,cycling,cycling,1,1.0,0
AReMActivities_K4,3,activity,GraphFeature Centroid,75,11250,11550,cycling,cycling,1,1.0,0
AReMActivities_K4,3,activity,GraphFeature Centroid,76,11400,11700,cycling,cycling,1,1.0,0
AReMActivities_K4,3,activity,GraphFeature Centroid,77,11550,11850,cycling,walking,0,1.0,1
AReMActivities_K4,3,activity,GraphFeature Centroid,82,12300,12600,cycling,cycling,1,1.0,1
AReMActivities_K4,3,activity,GraphFeature Centroid,85,12750,13050,cycling,cycling,1,1.0,0
AReMActivities_K4,3,activity,GraphFeature Centroid,86,12900,13200,cycling,cycling,1,1.0,0
AReMActivities_K4,3,activity,GraphFeature Centroid,89,13350,13650,lying,bending2,0,0.7066666666666667,3
AReMActivities_K4,3,activity,GraphFeature Centroid,90,13500,13800,lying,lying,1,1.0,2
AReMActivities_K4,3,activity,GraphFeature Centroid,95,14250,14550,lying,sitting,0,1.0,2
AReMActivities_K4,3,activity,GraphFeature Centroid,96,14400,14700,lying,lying,1,1.0,2
AReMActivities_K4,3,activity,GraphFeature Centroid,99,14850,15150,lying,bending2,0,1.0,3
AReMActivities_K4,3,activity,GraphFeature Centroid,105,15750,16050,lying,lying,1,1.0,1
AReMActivities_K4,3,activity,GraphFeature Centroid,107,16050,16350,lying,lying,1,1.0,3
AReMActivities_K4,3,activity,GraphFeature Centroid,109,16350,16650,lying,lying,1,1.0,2
AReMActivities_K4,3,activity,GraphFeature Centroid,113,16950,17250,lying,lying,1,1.0,2
AReMActivities_K4,3,activity,GraphFeature Centroid,114,17100,17400,lying,standing,0,1.0,2
AReMActivities_K4,3,activity,GraphFeature Centroid,115,17250,17550,lying,sitting,0,1.0,2
AReMActivities_K4,3,activity,GraphFeature Centroid,116,17400,17700,lying,lying,1,1.0,2
AReMActivities_K4,3,activity,GraphFeature Centroid,117,17550,17850,lying,bending2,0,1.0,3
AReMActivities_K4,3,activity,GraphFeature Centroid,121,18150,18450,lying,sitting,0,1.0,2
AReMActivities_K4,3,activity,GraphFeature Centroid,122,18300,18600,lying,lying,1,1.0,2
AReMActivities_K4,3,activity,GraphFeature Centroid,123,18450,18750,lying,sitting,0,1.0,2
AReMActivities_K4,3,activity,GraphFeature Centroid,124,18600,18900,lying,sitting,0,1.0,2
AReMActivities_K4,3,activity,GraphFeature Centroid,125,18750,19050,lying,lying,1,1.0,2
AReMActivities_K4,3,activity,GraphFeature Centroid,128,19200,19500,lying,sitting,0,1.0,2
AReMActivities_K4,3,activity,GraphFeature Centroid,129,19350,19650,lying,bending1,0,1.0,2
AReMActivities_K4,3,activity,GraphFeature Centroid,130,19500,19800,lying,sitting,0,1.0,2
AReMActivities_K4,3,activity,GraphFeature Centroid,131,19650,19950,lying,sitting,0,1.0,2
AReMActivities_K4,3,activity,GraphFeature Centroid,132,19800,20100,lying,lying,1,1.0,2
AReMActivities_K4,3,activity,GraphFeature Centroid,133,19950,20250,lying,bending2,0,1.0,3
AReMActivities_K4,3,activity,GraphFeature Centroid,139,20850,21150,sitting,sitting,1,1.0,2
AReMActivities_K4,3,activity,GraphFeature Centroid,141,21150,21450,sitting,sitting,1,1.0,2
AReMActivities_K4,3,activity,GraphFeature Centroid,142,21300,21600,sitting,sitting,1,1.0,2
AReMActivities_K4,3,activity,GraphFeature Centroid,143,21450,21750,sitting,sitting,1,1.0,2
AReMActivities_K4,3,activity,GraphFeature Centroid,144,21600,21900,sitting,standing,0,1.0,2
AReMActivities_K4,3,activity,GraphFeature Centroid,146,21900,22200,sitting,lying,0,1.0,2
AReMActivities_K4,3,activity,GraphFeature Centroid,149,22350,22650,sitting,sitting,1,1.0,2
AReMActivities_K4,3,activity,GraphFeature Centroid,150,22500,22800,sitting,sitting,1,1.0,3
AReMActivities_K4,3,activity,GraphFeature Centroid,156,23400,23700,sitting,sitting,1,1.0,2
AReMActivities_K4,3,activity,GraphFeature Centroid,158,23700,24000,sitting,bending1,0,1.0,2
AReMActivities_K4,3,activity,GraphFeature Centroid,160,24000,24300,sitting,sitting,1,1.0,2
AReMActivities_K4,3,activity,GraphFeature Centroid,161,24150,24450,sitting,lying,0,1.0,2
AReMActivities_K4,3,activity,GraphFeature Centroid,163,24450,24750,sitting,bending2,0,1.0,2
AReMActivities_K4,3,activity,GraphFeature Centroid,164,24600,24900,sitting,sitting,1,1.0,2
AReMActivities_K4,3,activity,GraphFeature Centroid,165,24750,25050,sitting,sitting,1,1.0,2
AReMActivities_K4,3,activity,GraphFeature Centroid,167,25050,25350,sitting,sitting,1,1.0,2
AReMActivities_K4,3,activity,GraphFeature Centroid,169,25350,25650,sitting,sitting,1,1.0,2
AReMActivities_K4,3,activity,GraphFeature Centroid,172,25800,26100,sitting,sitting,1,1.0,2
AReMActivities_K4,3,activity,GraphFeature Centroid,177,26550,26850,sitting,bending2,0,1.0,3
AReMActivities_K4,3,activity,GraphFeature Centroid,179,26850,27150,sitting,sitting,1,1.0,2
AReMActivities_K4,3,activity,GraphFeature Centroid,180,27000,27300,sitting,bending1,0,1.0,2
AReMActivities_K4,3,activity,GraphFeature Centroid,182,27300,27600,sitting,lying,0,1.0,3
AReMActivities_K4,3,activity,GraphFeature Centroid,183,27450,27750,sitting,standing,0,1.0,2
AReMActivities_K4,3,activity,GraphFeature Centroid,184,27600,27900,sitting,standing,0,0.79,3
AReMActivities_K4,3,activity,GraphFeature Centroid,188,28200,28500,standing,lying,0,1.0,3
AReMActivities_K4,3,activity,GraphFeature Centroid,190,28500,28800,standing,sitting,0,1.0,2
AReMActivities_K4,3,activity,GraphFeature Centroid,191,28650,28950,standing,sitting,0,1.0,2
AReMActivities_K4,3,activity,GraphFeature Centroid,192,28800,29100,standing,standing,1,1.0,2
AReMActivities_K4,3,activity,GraphFeature Centroid,194,29100,29400,standing,standing,1,1.0,3
AReMActivities_K4,3,activity,GraphFeature Centroid,198,29700,30000,standing,standing,1,1.0,1
AReMActivities_K4,3,activity,GraphFeature Centroid,201,30150,30450,standing,standing,1,1.0,3
AReMActivities_K4,3,activity,GraphFeature Centroid,202,30300,30600,standing,standing,1,1.0,3
AReMActivities_K4,3,activity,GraphFeature Centroid,203,30450,30750,standing,standing,1,1.0,3
AReMActivities_K4,3,activity,GraphFeature Centroid,205,30750,31050,standing,standing,1,1.0,3
AReMActivities_K4,3,activity,GraphFeature Centroid,207,31050,31350,standing,standing,1,1.0,3
AReMActivities_K4,3,activity,GraphFeature Centroid,209,31350,31650,standing,standing,1,1.0,3
AReMActivities_K4,3,activity,GraphFeature Centroid,211,31650,31950,standing,sitting,0,1.0,2
AReMActivities_K4,3,activity,GraphFeature Centroid,212,31800,32100,standing,sitting,0,1.0,2
AReMActivities_K4,3,activity,GraphFeature Centroid,213,31950,32250,standing,sitting,0,1.0,2
AReMActivities_K4,3,activity,GraphFeature Centroid,216,32400,32700,standing,standing,1,1.0,3
AReMActivities_K4,3,activity,GraphFeature Centroid,219,32850,33150,standing,sitting,0,1.0,2
AReMActivities_K4,3,activity,GraphFeature Centroid,223,33450,33750,standing,bending1,0,1.0,2
AReMActivities_K4,3,activity,GraphFeature Centroid,224,33600,33900,standing,standing,1,1.0,2
AReMActivities_K4,3,activity,GraphFeature Centroid,225,33750,34050,standing,cycling,0,1.0,3
AReMActivities_K4,3,activity,GraphFeature Centroid,226,33900,34200,standing,sitting,0,1.0,3
AReMActivities_K4,3,activity,GraphFeature Centroid,227,34050,34350,standing,bending1,0,1.0,2
AReMActivities_K4,3,activity,GraphFeature Centroid,230,34500,34800,standing,sitting,0,1.0,2
AReMActivities_K4,3,activity,GraphFeature Centroid,231,34650,34950,standing,sitting,0,1.0,2
AReMActivities_K4,3,activity,GraphFeature Centroid,234,35100,35400,walking,walking,1,1.0,1
AReMActivities_K4,3,activity,GraphFeature Centroid,235,35250,35550,walking,walking,1,1.0,1
AReMActivities_K4,3,activity,GraphFeature Centroid,236,35400,35700,walking,walking,1,1.0,1
AReMActivities_K4,3,activity,GraphFeature Centroid,237,35550,35850,walking,walking,1,1.0,1
AReMActivities_K4,3,activity,GraphFeature Centroid,238,35700,36000,walking,walking,1,1.0,1
AReMActivities_K4,3,activity,GraphFeature Centroid,241,36150,36450,walking,walking,1,1.0,1
AReMActivities_K4,3,activity,GraphFeature Centroid,242,36300,36600,walking,walking,1,1.0,1
AReMActivities_K4,3,activity,GraphFeature Centroid,243,36450,36750,walking,walking,1,1.0,1
AReMActivities_K4,3,activity,GraphFeature Centroid,244,36600,36900,walking,walking,1,1.0,1
AReMActivities_K4,3,activity,GraphFeature Centroid,247,37050,37350,walking,walking,1,1.0,1
AReMActivities_K4,3,activity,GraphFeature Centroid,249,37350,37650,walking,walking,1,1.0,1
AReMActivities_K4,3,activity,GraphFeature Centroid,250,37500,37800,walking,walking,1,1.0,1
AReMActivities_K4,3,activity,GraphFeature Centroid,251,37650,37950,walking,walking,1,1.0,1
AReMActivities_K4,3,activity,GraphFeature Centroid,253,37950,38250,walking,walking,1,1.0,1
AReMActivities_K4,3,activity,GraphFeature Centroid,255,38250,38550,walking,walking,1,1.0,1
AReMActivities_K4,3,activity,GraphFeature Centroid,256,38400,38700,walking,walking,1,1.0,1
AReMActivities_K4,3,activity,GraphFeature Centroid,259,38850,39150,walking,walking,1,1.0,1
AReMActivities_K4,3,activity,GraphFeature Centroid,262,39300,39600,walking,walking,1,1.0,1
AReMActivities_K4,3,activity,GraphFeature Centroid,263,39450,39750,walking,walking,1,1.0,1
AReMActivities_K4,3,activity,GraphFeature Centroid,264,39600,39900,walking,walking,1,1.0,1
AReMActivities_K4,3,activity,GraphFeature Centroid,265,39750,40050,walking,walking,1,1.0,1
AReMActivities_K4,3,activity,GraphFeature Centroid,269,40350,40650,walking,walking,1,1.0,1
AReMActivities_K4,3,activity,GraphFeature Centroid,273,40950,41250,walking,walking,1,1.0,1
AReMActivities_K4,3,activity,GraphFeature Centroid,277,41550,41850,walking,walking,1,1.0,1
AReMActivities_K4,3,activity,STCG-v1 State Mapping,0,0,300,bending1,lying,0,1.0,2
AReMActivities_K4,3,activity,STCG-v1 State Mapping,3,450,750,bending1,lying,0,1.0,2
AReMActivities_K4,3,activity,STCG-v1 State Mapping,6,900,1200,bending1,lying,0,1.0,2
AReMActivities_K4,3,activity,STCG-v1 State Mapping,8,1200,1500,bending1,lying,0,1.0,2
AReMActivities_K4,3,activity,STCG-v1 State Mapping,9,1350,1650,bending1,standing,0,1.0,3
AReMActivities_K4,3,activity,STCG-v1 State Mapping,12,1800,2100,bending1,standing,0,1.0,3
AReMActivities_K4,3,activity,STCG-v1 State Mapping,13,1950,2250,bending1,standing,0,1.0,3
AReMActivities_K4,3,activity,STCG-v1 State Mapping,15,2250,2550,bending1,lying,0,1.0,2
AReMActivities_K4,3,activity,STCG-v1 State Mapping,17,2550,2850,bending1,standing,0,1.0,3
AReMActivities_K4,3,activity,STCG-v1 State Mapping,18,2700,3000,bending1,lying,0,1.0,2
AReMActivities_K4,3,activity,STCG-v1 State Mapping,20,3000,3300,bending1,lying,0,1.0,2
AReMActivities_K4,3,activity,STCG-v1 State Mapping,24,3600,3900,bending2,standing,0,1.0,3
AReMActivities_K4,3,activity,STCG-v1 State Mapping,25,3750,4050,bending2,lying,0,1.0,2
AReMActivities_K4,3,activity,STCG-v1 State Mapping,28,4200,4500,bending2,standing,0,1.0,3
AReMActivities_K4,3,activity,STCG-v1 State Mapping,29,4350,4650,bending2,standing,0,1.0,3
AReMActivities_K4,3,activity,STCG-v1 State Mapping,33,4950,5250,bending2,lying,0,1.0,2
AReMActivities_K4,3,activity,STCG-v1 State Mapping,34,5100,5400,bending2,lying,0,1.0,2
AReMActivities_K4,3,activity,STCG-v1 State Mapping,35,5250,5550,bending2,lying,0,1.0,2
AReMActivities_K4,3,activity,STCG-v1 State Mapping,37,5550,5850,bending2,lying,0,1.0,2
AReMActivities_K4,3,activity,STCG-v1 State Mapping,39,5850,6150,bending2,standing,0,1.0,3
AReMActivities_K4,3,activity,STCG-v1 State Mapping,40,6000,6300,bending2,walking,0,0.8,1
AReMActivities_K4,3,activity,STCG-v1 State Mapping,41,6150,6450,cycling,cycling,1,0.7,0
AReMActivities_K4,3,activity,STCG-v1 State Mapping,42,6300,6600,cycling,cycling,1,1.0,0
AReMActivities_K4,3,activity,STCG-v1 State Mapping,43,6450,6750,cycling,cycling,1,1.0,0
AReMActivities_K4,3,activity,STCG-v1 State Mapping,44,6600,6900,cycling,cycling,1,1.0,0
AReMActivities_K4,3,activity,STCG-v1 State Mapping,45,6750,7050,cycling,cycling,1,1.0,0
AReMActivities_K4,3,activity,STCG-v1 State Mapping,46,6900,7200,cycling,cycling,1,1.0,0
AReMActivities_K4,3,activity,STCG-v1 State Mapping,48,7200,7500,cycling,cycling,1,1.0,0
AReMActivities_K4,3,activity,STCG-v1 State Mapping,49,7350,7650,cycling,walking,0,1.0,1
AReMActivities_K4,3,activity,STCG-v1 State Mapping,54,8100,8400,cycling,cycling,1,1.0,0
AReMActivities_K4,3,activity,STCG-v1 State Mapping,56,8400,8700,cycling,cycling,1,1.0,0
AReMActivities_K4,3,activity,STCG-v1 State Mapping,57,8550,8850,cycling,cycling,1,1.0,0
AReMActivities_K4,3,activity,STCG-v1 State Mapping,59,8850,9150,cycling,cycling,1,1.0,0
AReMActivities_K4,3,activity,STCG-v1 State Mapping,61,9150,9450,cycling,cycling,1,1.0,0
AReMActivities_K4,3,activity,STCG-v1 State Mapping,63,9450,9750,cycling,cycling,1,1.0,0
AReMActivities_K4,3,activity,STCG-v1 State Mapping,64,9600,9900,cycling,cycling,1,1.0,0
AReMActivities_K4,3,activity,STCG-v1 State Mapping,68,10200,10500,cycling,cycling,1,1.0,0
AReMActivities_K4,3,activity,STCG-v1 State Mapping,69,10350,10650,cycling,cycling,1,1.0,0
AReMActivities_K4,3,activity,STCG-v1 State Mapping,73,10950,11250,cycling,cycling,1,1.0,0
AReMActivities_K4,3,activity,STCG-v1 State Mapping,75,11250,11550,cycling,cycling,1,1.0,0
AReMActivities_K4,3,activity,STCG-v1 State Mapping,76,11400,11700,cycling,cycling,1,1.0,0
AReMActivities_K4,3,activity,STCG-v1 State Mapping,77,11550,11850,cycling,walking,0,1.0,1
AReMActivities_K4,3,activity,STCG-v1 State Mapping,82,12300,12600,cycling,walking,0,1.0,1
AReMActivities_K4,3,activity,STCG-v1 State Mapping,85,12750,13050,cycling,cycling,1,1.0,0
AReMActivities_K4,3,activity,STCG-v1 State Mapping,86,12900,13200,cycling,cycling,1,1.0,0
AReMActivities_K4,3,activity,STCG-v1 State Mapping,89,13350,13650,lying,standing,0,0.7066666666666667,3
AReMActivities_K4,3,activity,STCG-v1 State Mapping,90,13500,13800,lying,lying,1,1.0,2
AReMActivities_K4,3,activity,STCG-v1 State Mapping,95,14250,14550,lying,lying,1,1.0,2
AReMActivities_K4,3,activity,STCG-v1 State Mapping,96,14400,14700,lying,lying,1,1.0,2
AReMActivities_K4,3,activity,STCG-v1 State Mapping,99,14850,15150,lying,standing,0,1.0,3
AReMActivities_K4,3,activity,STCG-v1 State Mapping,105,15750,16050,lying,walking,0,1.0,1
AReMActivities_K4,3,activity,STCG-v1 State Mapping,107,16050,16350,lying,standing,0,1.0,3
AReMActivities_K4,3,activity,STCG-v1 State Mapping,109,16350,16650,lying,lying,1,1.0,2
AReMActivities_K4,3,activity,STCG-v1 State Mapping,113,16950,17250,lying,lying,1,1.0,2
AReMActivities_K4,3,activity,STCG-v1 State Mapping,114,17100,17400,lying,lying,1,1.0,2
AReMActivities_K4,3,activity,STCG-v1 State Mapping,115,17250,17550,lying,lying,1,1.0,2
AReMActivities_K4,3,activity,STCG-v1 State Mapping,116,17400,17700,lying,lying,1,1.0,2
AReMActivities_K4,3,activity,STCG-v1 State Mapping,117,17550,17850,lying,standing,0,1.0,3
AReMActivities_K4,3,activity,STCG-v1 State Mapping,121,18150,18450,lying,lying,1,1.0,2
AReMActivities_K4,3,activity,STCG-v1 State Mapping,122,18300,18600,lying,lying,1,1.0,2
AReMActivities_K4,3,activity,STCG-v1 State Mapping,123,18450,18750,lying,lying,1,1.0,2
AReMActivities_K4,3,activity,STCG-v1 State Mapping,124,18600,18900,lying,lying,1,1.0,2
AReMActivities_K4,3,activity,STCG-v1 State Mapping,125,18750,19050,lying,lying,1,1.0,2
AReMActivities_K4,3,activity,STCG-v1 State Mapping,128,19200,19500,lying,lying,1,1.0,2
AReMActivities_K4,3,activity,STCG-v1 State Mapping,129,19350,19650,lying,lying,1,1.0,2
AReMActivities_K4,3,activity,STCG-v1 State Mapping,130,19500,19800,lying,lying,1,1.0,2
AReMActivities_K4,3,activity,STCG-v1 State Mapping,131,19650,19950,lying,lying,1,1.0,2
AReMActivities_K4,3,activity,STCG-v1 State Mapping,132,19800,20100,lying,lying,1,1.0,2
AReMActivities_K4,3,activity,STCG-v1 State Mapping,133,19950,20250,lying,standing,0,1.0,3
AReMActivities_K4,3,activity,STCG-v1 State Mapping,139,20850,21150,sitting,lying,0,1.0,2
AReMActivities_K4,3,activity,STCG-v1 State Mapping,141,21150,21450,sitting,lying,0,1.0,2
AReMActivities_K4,3,activity,STCG-v1 State Mapping,142,21300,21600,sitting,lying,0,1.0,2
AReMActivities_K4,3,activity,STCG-v1 State Mapping,143,21450,21750,sitting,lying,0,1.0,2
AReMActivities_K4,3,activity,STCG-v1 State Mapping,144,21600,21900,sitting,lying,0,1.0,2
AReMActivities_K4,3,activity,STCG-v1 State Mapping,146,21900,22200,sitting,lying,0,1.0,2
AReMActivities_K4,3,activity,STCG-v1 State Mapping,149,22350,22650,sitting,lying,0,1.0,2
AReMActivities_K4,3,activity,STCG-v1 State Mapping,150,22500,22800,sitting,standing,0,1.0,3
AReMActivities_K4,3,activity,STCG-v1 State Mapping,156,23400,23700,sitting,lying,0,1.0,2
AReMActivities_K4,3,activity,STCG-v1 State Mapping,158,23700,24000,sitting,lying,0,1.0,2
AReMActivities_K4,3,activity,STCG-v1 State Mapping,160,24000,24300,sitting,lying,0,1.0,2
AReMActivities_K4,3,activity,STCG-v1 State Mapping,161,24150,24450,sitting,lying,0,1.0,2
AReMActivities_K4,3,activity,STCG-v1 State Mapping,163,24450,24750,sitting,lying,0,1.0,2
AReMActivities_K4,3,activity,STCG-v1 State Mapping,164,24600,24900,sitting,lying,0,1.0,2
AReMActivities_K4,3,activity,STCG-v1 State Mapping,165,24750,25050,sitting,lying,0,1.0,2
AReMActivities_K4,3,activity,STCG-v1 State Mapping,167,25050,25350,sitting,lying,0,1.0,2
AReMActivities_K4,3,activity,STCG-v1 State Mapping,169,25350,25650,sitting,lying,0,1.0,2
AReMActivities_K4,3,activity,STCG-v1 State Mapping,172,25800,26100,sitting,lying,0,1.0,2
AReMActivities_K4,3,activity,STCG-v1 State Mapping,177,26550,26850,sitting,standing,0,1.0,3
AReMActivities_K4,3,activity,STCG-v1 State Mapping,179,26850,27150,sitting,lying,0,1.0,2
AReMActivities_K4,3,activity,STCG-v1 State Mapping,180,27000,27300,sitting,lying,0,1.0,2
AReMActivities_K4,3,activity,STCG-v1 State Mapping,182,27300,27600,sitting,standing,0,1.0,3
AReMActivities_K4,3,activity,STCG-v1 State Mapping,183,27450,27750,sitting,lying,0,1.0,2
AReMActivities_K4,3,activity,STCG-v1 State Mapping,184,27600,27900,sitting,standing,0,0.79,3
AReMActivities_K4,3,activity,STCG-v1 State Mapping,188,28200,28500,standing,standing,1,1.0,3
AReMActivities_K4,3,activity,STCG-v1 State Mapping,190,28500,28800,standing,lying,0,1.0,2
AReMActivities_K4,3,activity,STCG-v1 State Mapping,191,28650,28950,standing,lying,0,1.0,2
AReMActivities_K4,3,activity,STCG-v1 State Mapping,192,28800,29100,standing,lying,0,1.0,2
AReMActivities_K4,3,activity,STCG-v1 State Mapping,194,29100,29400,standing,standing,1,1.0,3
AReMActivities_K4,3,activity,STCG-v1 State Mapping,198,29700,30000,standing,walking,0,1.0,1
AReMActivities_K4,3,activity,STCG-v1 State Mapping,201,30150,30450,standing,standing,1,1.0,3
AReMActivities_K4,3,activity,STCG-v1 State Mapping,202,30300,30600,standing,standing,1,1.0,3
AReMActivities_K4,3,activity,STCG-v1 State Mapping,203,30450,30750,standing,standing,1,1.0,3
AReMActivities_K4,3,activity,STCG-v1 State Mapping,205,30750,31050,standing,standing,1,1.0,3
AReMActivities_K4,3,activity,STCG-v1 State Mapping,207,31050,31350,standing,standing,1,1.0,3
AReMActivities_K4,3,activity,STCG-v1 State Mapping,209,31350,31650,standing,standing,1,1.0,3
AReMActivities_K4,3,activity,STCG-v1 State Mapping,211,31650,31950,standing,lying,0,1.0,2
AReMActivities_K4,3,activity,STCG-v1 State Mapping,212,31800,32100,standing,lying,0,1.0,2
AReMActivities_K4,3,activity,STCG-v1 State Mapping,213,31950,32250,standing,lying,0,1.0,2
AReMActivities_K4,3,activity,STCG-v1 State Mapping,216,32400,32700,standing,standing,1,1.0,3
AReMActivities_K4,3,activity,STCG-v1 State Mapping,219,32850,33150,standing,lying,0,1.0,2
AReMActivities_K4,3,activity,STCG-v1 State Mapping,223,33450,33750,standing,lying,0,1.0,2
AReMActivities_K4,3,activity,STCG-v1 State Mapping,224,33600,33900,standing,lying,0,1.0,2
AReMActivities_K4,3,activity,STCG-v1 State Mapping,225,33750,34050,standing,standing,1,1.0,3
AReMActivities_K4,3,activity,STCG-v1 State Mapping,226,33900,34200,standing,standing,1,1.0,3
AReMActivities_K4,3,activity,STCG-v1 State Mapping,227,34050,34350,standing,lying,0,1.0,2
AReMActivities_K4,3,activity,STCG-v1 State Mapping,230,34500,34800,standing,lying,0,1.0,2
AReMActivities_K4,3,activity,STCG-v1 State Mapping,231,34650,34950,standing,lying,0,1.0,2
AReMActivities_K4,3,activity,STCG-v1 State Mapping,234,35100,35400,walking,walking,1,1.0,1
AReMActivities_K4,3,activity,STCG-v1 State Mapping,235,35250,35550,walking,walking,1,1.0,1
AReMActivities_K4,3,activity,STCG-v1 State Mapping,236,35400,35700,walking,walking,1,1.0,1
AReMActivities_K4,3,activity,STCG-v1 State Mapping,237,35550,35850,walking,walking,1,1.0,1
AReMActivities_K4,3,activity,STCG-v1 State Mapping,238,35700,36000,walking,walking,1,1.0,1
AReMActivities_K4,3,activity,STCG-v1 State Mapping,241,36150,36450,walking,walking,1,1.0,1
AReMActivities_K4,3,activity,STCG-v1 State Mapping,242,36300,36600,walking,walking,1,1.0,1
AReMActivities_K4,3,activity,STCG-v1 State Mapping,243,36450,36750,walking,walking,1,1.0,1
AReMActivities_K4,3,activity,STCG-v1 State Mapping,244,36600,36900,walking,walking,1,1.0,1
AReMActivities_K4,3,activity,STCG-v1 State Mapping,247,37050,37350,walking,walking,1,1.0,1
AReMActivities_K4,3,activity,STCG-v1 State Mapping,249,37350,37650,walking,walking,1,1.0,1
AReMActivities_K4,3,activity,STCG-v1 State Mapping,250,37500,37800,walking,walking,1,1.0,1
AReMActivities_K4,3,activity,STCG-v1 State Mapping,251,37650,37950,walking,walking,1,1.0,1
AReMActivities_K4,3,activity,STCG-v1 State Mapping,253,37950,38250,walking,walking,1,1.0,1
AReMActivities_K4,3,activity,STCG-v1 State Mapping,255,38250,38550,walking,walking,1,1.0,1
AReMActivities_K4,3,activity,STCG-v1 State Mapping,256,38400,38700,walking,walking,1,1.0,1
AReMActivities_K4,3,activity,STCG-v1 State Mapping,259,38850,39150,walking,walking,1,1.0,1
AReMActivities_K4,3,activity,STCG-v1 State Mapping,262,39300,39600,walking,walking,1,1.0,1
AReMActivities_K4,3,activity,STCG-v1 State Mapping,263,39450,39750,walking,walking,1,1.0,1
AReMActivities_K4,3,activity,STCG-v1 State Mapping,264,39600,39900,walking,walking,1,1.0,1
AReMActivities_K4,3,activity,STCG-v1 State Mapping,265,39750,40050,walking,walking,1,1.0,1
AReMActivities_K4,3,activity,STCG-v1 State Mapping,269,40350,40650,walking,walking,1,1.0,1
AReMActivities_K4,3,activity,STCG-v1 State Mapping,273,40950,41250,walking,walking,1,1.0,1
AReMActivities_K4,3,activity,STCG-v1 State Mapping,277,41550,41850,walking,walking,1,1.0,1
AReMActivities_K4,4,activity,Train Majority,0,0,300,bending1,cycling,0,1.0,0
AReMActivities_K4,4,activity,Train Majority,5,750,1050,bending1,cycling,0,1.0,0
AReMActivities_K4,4,activity,Train Majority,7,1050,1350,bending1,cycling,0,1.0,3
AReMActivities_K4,4,activity,Train Majority,8,1200,1500,bending1,cycling,0,1.0,0
AReMActivities_K4,4,activity,Train Majority,9,1350,1650,bending1,cycling,0,1.0,1
AReMActivities_K4,4,activity,Train Majority,10,1500,1800,bending1,cycling,0,1.0,1
AReMActivities_K4,4,activity,Train Majority,13,1950,2250,bending1,cycling,0,1.0,1
AReMActivities_K4,4,activity,Train Majority,16,2400,2700,bending1,cycling,0,1.0,0
AReMActivities_K4,4,activity,Train Majority,17,2550,2850,bending1,cycling,0,1.0,1
AReMActivities_K4,4,activity,Train Majority,19,2850,3150,bending1,cycling,0,1.0,0
AReMActivities_K4,4,activity,Train Majority,20,3000,3300,bending1,cycling,0,1.0,0
AReMActivities_K4,4,activity,Train Majority,23,3450,3750,bending2,cycling,0,1.0,1
AReMActivities_K4,4,activity,Train Majority,24,3600,3900,bending2,cycling,0,1.0,1
AReMActivities_K4,4,activity,Train Majority,25,3750,4050,bending2,cycling,0,1.0,0
AReMActivities_K4,4,activity,Train Majority,30,4500,4800,bending2,cycling,0,1.0,1
AReMActivities_K4,4,activity,Train Majority,32,4800,5100,bending2,cycling,0,1.0,1
AReMActivities_K4,4,activity,Train Majority,33,4950,5250,bending2,cycling,0,1.0,0
AReMActivities_K4,4,activity,Train Majority,35,5250,5550,bending2,cycling,0,1.0,0
AReMActivities_K4,4,activity,Train Majority,36,5400,5700,bending2,cycling,0,1.0,0
AReMActivities_K4,4,activity,Train Majority,37,5550,5850,bending2,cycling,0,1.0,0
AReMActivities_K4,4,activity,Train Majority,38,5700,6000,bending2,cycling,0,1.0,1
AReMActivities_K4,4,activity,Train Majority,43,6450,6750,cycling,cycling,1,1.0,2
AReMActivities_K4,4,activity,Train Majority,44,6600,6900,cycling,cycling,1,1.0,2
AReMActivities_K4,4,activity,Train Majority,45,6750,7050,cycling,cycling,1,1.0,2
AReMActivities_K4,4,activity,Train Majority,47,7050,7350,cycling,cycling,1,1.0,2
AReMActivities_K4,4,activity,Train Majority,48,7200,7500,cycling,cycling,1,1.0,2
AReMActivities_K4,4,activity,Train Majority,49,7350,7650,cycling,cycling,1,1.0,2
AReMActivities_K4,4,activity,Train Majority,50,7500,7800,cycling,cycling,1,1.0,2
AReMActivities_K4,4,activity,Train Majority,51,7650,7950,cycling,cycling,1,1.0,2
AReMActivities_K4,4,activity,Train Majority,52,7800,8100,cycling,cycling,1,1.0,2
AReMActivities_K4,4,activity,Train Majority,53,7950,8250,cycling,cycling,1,1.0,2
AReMActivities_K4,4,activity,Train Majority,55,8250,8550,cycling,cycling,1,1.0,2
AReMActivities_K4,4,activity,Train Majority,61,9150,9450,cycling,cycling,1,1.0,2
AReMActivities_K4,4,activity,Train Majority,67,10050,10350,cycling,cycling,1,1.0,2
AReMActivities_K4,4,activity,Train Majority,68,10200,10500,cycling,cycling,1,1.0,2
AReMActivities_K4,4,activity,Train Majority,69,10350,10650,cycling,cycling,1,1.0,2
AReMActivities_K4,4,activity,Train Majority,73,10950,11250,cycling,cycling,1,1.0,2
AReMActivities_K4,4,activity,Train Majority,76,11400,11700,cycling,cycling,1,1.0,2
AReMActivities_K4,4,activity,Train Majority,77,11550,11850,cycling,cycling,1,1.0,3
AReMActivities_K4,4,activity,Train Majority,78,11700,12000,cycling,cycling,1,1.0,2
AReMActivities_K4,4,activity,Train Majority,83,12450,12750,cycling,cycling,1,1.0,2
AReMActivities_K4,4,activity,Train Majority,84,12600,12900,cycling,cycling,1,1.0,2
AReMActivities_K4,4,activity,Train Majority,85,12750,13050,cycling,cycling,1,1.0,2
AReMActivities_K4,4,activity,Train Majority,86,12900,13200,cycling,cycling,1,1.0,2
AReMActivities_K4,4,activity,Train Majority,88,13200,13500,cycling,cycling,1,0.7933333333333333,2
AReMActivities_K4,4,activity,Train Majority,92,13800,14100,lying,cycling,0,1.0,0
AReMActivities_K4,4,activity,Train Majority,94,14100,14400,lying,cycling,0,1.0,2
AReMActivities_K4,4,activity,Train Majority,95,14250,14550,lying,cycling,0,1.0,0
AReMActivities_K4,4,activity,Train Majority,98,14700,15000,lying,cycling,0,1.0,0
AReMActivities_K4,4,activity,Train Majority,100,15000,15300,lying,cycling,0,1.0,1
AReMActivities_K4,4,activity,Train Majority,102,15300,15600,lying,cycling,0,1.0,3
AReMActivities_K4,4,activity,Train Majority,103,15450,15750,lying,cycling,0,1.0,0
AReMActivities_K4,4,activity,Train Majority,104,15600,15900,lying,cycling,0,1.0,0
AReMActivities_K4,4,activity,Train Majority,105,15750,16050,lying,cycling,0,1.0,3
AReMActivities_K4,4,activity,Train Majority,106,15900,16200,lying,cycling,0,1.0,3
AReMActivities_K4,4,activity,Train Majority,107,16050,16350,lying,cycling,0,1.0,3
AReMActivities_K4,4,activity,Train Majority,109,16350,16650,lying,cycling,0,1.0,3
AReMActivities_K4,4,activity,Train Majority,116,17400,17700,lying,cycling,0,1.0,0
AReMActivities_K4,4,activity,Train Majority,117,17550,17850,lying,cycling,0,1.0,1
AReMActivities_K4,4,activity,Train Majority,118,17700,18000,lying,cycling,0,1.0,1
AReMActivities_K4,4,activity,Train Majority,121,18150,18450,lying,cycling,0,1.0,0
AReMActivities_K4,4,activity,Train Majority,122,18300,18600,lying,cycling,0,1.0,3
AReMActivities_K4,4,activity,Train Majority,123,18450,18750,lying,cycling,0,1.0,0
AReMActivities_K4,4,activity,Train Majority,124,18600,18900,lying,cycling,0,1.0,0
AReMActivities_K4,4,activity,Train Majority,126,18900,19200,lying,cycling,0,1.0,0
AReMActivities_K4,4,activity,Train Majority,129,19350,19650,lying,cycling,0,1.0,3
AReMActivities_K4,4,activity,Train Majority,134,20100,20400,lying,cycling,0,1.0,1
AReMActivities_K4,4,activity,Train Majority,135,20250,20550,lying,cycling,0,1.0,3
AReMActivities_K4,4,activity,Train Majority,136,20400,20700,lying,cycling,0,0.7933333333333333,0
AReMActivities_K4,4,activity,Train Majority,137,20550,20850,sitting,cycling,0,0.7066666666666667,0
AReMActivities_K4,4,activity,Train Majority,139,20850,21150,sitting,cycling,0,1.0,0
AReMActivities_K4,4,activity,Train Majority,140,21000,21300,sitting,cycling,0,1.0,0
AReMActivities_K4,4,activity,Train Majority,142,21300,21600,sitting,cycling,0,1.0,0
AReMActivities_K4,4,activity,Train Majority,150,22500,22800,sitting,cycling,0,1.0,1
AReMActivities_K4,4,activity,Train Majority,155,23250,23550,sitting,cycling,0,1.0,1
AReMActivities_K4,4,activity,Train Majority,156,23400,23700,sitting,cycling,0,1.0,0
AReMActivities_K4,4,activity,Train Majority,157,23550,23850,sitting,cycling,0,1.0,0
AReMActivities_K4,4,activity,Train Majority,158,23700,24000,sitting,cycling,0,1.0,0
AReMActivities_K4,4,activity,Train Majority,159,23850,24150,sitting,cycling,0,1.0,0
AReMActivities_K4,4,activity,Train Majority,160,24000,24300,sitting,cycling,0,1.0,0
AReMActivities_K4,4,activity,Train Majority,163,24450,24750,sitting,cycling,0,1.0,0
AReMActivities_K4,4,activity,Train Majority,164,24600,24900,sitting,cycling,0,1.0,0
AReMActivities_K4,4,activity,Train Majority,166,24900,25200,sitting,cycling,0,1.0,0
AReMActivities_K4,4,activity,Train Majority,169,25350,25650,sitting,cycling,0,1.0,0
AReMActivities_K4,4,activity,Train Majority,171,25650,25950,sitting,cycling,0,1.0,0
AReMActivities_K4,4,activity,Train Majority,172,25800,26100,sitting,cycling,0,1.0,0
AReMActivities_K4,4,activity,Train Majority,175,26250,26550,sitting,cycling,0,1.0,3
AReMActivities_K4,4,activity,Train Majority,177,26550,26850,sitting,cycling,0,1.0,0
AReMActivities_K4,4,activity,Train Majority,178,26700,27000,sitting,cycling,0,1.0,0
AReMActivities_K4,4,activity,Train Majority,179,26850,27150,sitting,cycling,0,1.0,0
AReMActivities_K4,4,activity,Train Majority,180,27000,27300,sitting,cycling,0,1.0,0
AReMActivities_K4,4,activity,Train Majority,181,27150,27450,sitting,cycling,0,1.0,1
AReMActivities_K4,4,activity,Train Majority,183,27450,27750,sitting,cycling,0,1.0,0
AReMActivities_K4,4,activity,Train Majority,186,27900,28200,standing,cycling,0,1.0,1
AReMActivities_K4,4,activity,Train Majority,190,28500,28800,standing,cycling,0,1.0,0
AReMActivities_K4,4,activity,Train Majority,193,28950,29250,standing,cycling,0,1.0,1
AReMActivities_K4,4,activity,Train Majority,194,29100,29400,standing,cycling,0,1.0,1
AReMActivities_K4,4,activity,Train Majority,197,29550,29850,standing,cycling,0,1.0,3
AReMActivities_K4,4,activity,Train Majority,198,29700,30000,standing,cycling,0,1.0,3
AReMActivities_K4,4,activity,Train Majority,201,30150,30450,standing,cycling,0,1.0,1
AReMActivities_K4,4,activity,Train Majority,204,30600,30900,standing,cycling,0,1.0,1
AReMActivities_K4,4,activity,Train Majority,205,30750,31050,standing,cycling,0,1.0,1
AReMActivities_K4,4,activity,Train Majority,206,30900,31200,standing,cycling,0,1.0,0
AReMActivities_K4,4,activity,Train Majority,207,31050,31350,standing,cycling,0,1.0,0
AReMActivities_K4,4,activity,Train Majority,208,31200,31500,standing,cycling,0,1.0,3
AReMActivities_K4,4,activity,Train Majority,209,31350,31650,standing,cycling,0,1.0,2
AReMActivities_K4,4,activity,Train Majority,211,31650,31950,standing,cycling,0,1.0,0
AReMActivities_K4,4,activity,Train Majority,213,31950,32250,standing,cycling,0,1.0,0
AReMActivities_K4,4,activity,Train Majority,214,32100,32400,standing,cycling,0,1.0,1
AReMActivities_K4,4,activity,Train Majority,220,33000,33300,standing,cycling,0,1.0,0
AReMActivities_K4,4,activity,Train Majority,221,33150,33450,standing,cycling,0,1.0,0
AReMActivities_K4,4,activity,Train Majority,223,33450,33750,standing,cycling,0,1.0,0
AReMActivities_K4,4,activity,Train Majority,225,33750,34050,standing,cycling,0,1.0,2
AReMActivities_K4,4,activity,Train Majority,226,33900,34200,standing,cycling,0,1.0,0
AReMActivities_K4,4,activity,Train Majority,229,34350,34650,standing,cycling,0,1.0,0
AReMActivities_K4,4,activity,Train Majority,230,34500,34800,standing,cycling,0,1.0,0
AReMActivities_K4,4,activity,Train Majority,231,34650,34950,standing,cycling,0,1.0,0
AReMActivities_K4,4,activity,Train Majority,234,35100,35400,walking,cycling,0,1.0,3
AReMActivities_K4,4,activity,Train Majority,235,35250,35550,walking,cycling,0,1.0,3
AReMActivities_K4,4,activity,Train Majority,240,36000,36300,walking,cycling,0,1.0,3
AReMActivities_K4,4,activity,Train Majority,242,36300,36600,walking,cycling,0,1.0,3
AReMActivities_K4,4,activity,Train Majority,243,36450,36750,walking,cycling,0,1.0,3
AReMActivities_K4,4,activity,Train Majority,245,36750,37050,walking,cycling,0,1.0,3
AReMActivities_K4,4,activity,Train Majority,247,37050,37350,walking,cycling,0,1.0,3
AReMActivities_K4,4,activity,Train Majority,248,37200,37500,walking,cycling,0,1.0,3
AReMActivities_K4,4,activity,Train Majority,249,37350,37650,walking,cycling,0,1.0,3
AReMActivities_K4,4,activity,Train Majority,251,37650,37950,walking,cycling,0,1.0,3
AReMActivities_K4,4,activity,Train Majority,253,37950,38250,walking,cycling,0,1.0,3
AReMActivities_K4,4,activity,Train Majority,255,38250,38550,walking,cycling,0,1.0,3
AReMActivities_K4,4,activity,Train Majority,257,38550,38850,walking,cycling,0,1.0,3
AReMActivities_K4,4,activity,Train Majority,260,39000,39300,walking,cycling,0,1.0,3
AReMActivities_K4,4,activity,Train Majority,261,39150,39450,walking,cycling,0,1.0,3
AReMActivities_K4,4,activity,Train Majority,262,39300,39600,walking,cycling,0,1.0,3
AReMActivities_K4,4,activity,Train Majority,264,39600,39900,walking,cycling,0,1.0,3
AReMActivities_K4,4,activity,Train Majority,267,40050,40350,walking,cycling,0,1.0,3
AReMActivities_K4,4,activity,Train Majority,270,40500,40800,walking,cycling,0,1.0,3
AReMActivities_K4,4,activity,Train Majority,273,40950,41250,walking,cycling,0,1.0,3
AReMActivities_K4,4,activity,Train Majority,274,41100,41400,walking,cycling,0,1.0,3
AReMActivities_K4,4,activity,Train Majority,277,41550,41850,walking,cycling,0,1.0,3
AReMActivities_K4,4,activity,Train Majority,278,41700,42000,walking,cycling,0,1.0,3
AReMActivities_K4,4,activity,Train Majority,280,41937,42237,walking,cycling,0,1.0,3
AReMActivities_K4,4,activity,SensorMeanStd Centroid,0,0,300,bending1,bending1,1,1.0,0
AReMActivities_K4,4,activity,SensorMeanStd Centroid,5,750,1050,bending1,bending1,1,1.0,0
AReMActivities_K4,4,activity,SensorMeanStd Centroid,7,1050,1350,bending1,bending1,1,1.0,3
AReMActivities_K4,4,activity,SensorMeanStd Centroid,8,1200,1500,bending1,bending1,1,1.0,0
AReMActivities_K4,4,activity,SensorMeanStd Centroid,9,1350,1650,bending1,bending1,1,1.0,1
AReMActivities_K4,4,activity,SensorMeanStd Centroid,10,1500,1800,bending1,bending1,1,1.0,1
AReMActivities_K4,4,activity,SensorMeanStd Centroid,13,1950,2250,bending1,bending1,1,1.0,1
AReMActivities_K4,4,activity,SensorMeanStd Centroid,16,2400,2700,bending1,bending1,1,1.0,0
AReMActivities_K4,4,activity,SensorMeanStd Centroid,17,2550,2850,bending1,standing,0,1.0,1
AReMActivities_K4,4,activity,SensorMeanStd Centroid,19,2850,3150,bending1,sitting,0,1.0,0
AReMActivities_K4,4,activity,SensorMeanStd Centroid,20,3000,3300,bending1,standing,0,1.0,0
AReMActivities_K4,4,activity,SensorMeanStd Centroid,23,3450,3750,bending2,bending2,1,1.0,1
AReMActivities_K4,4,activity,SensorMeanStd Centroid,24,3600,3900,bending2,bending2,1,1.0,1
AReMActivities_K4,4,activity,SensorMeanStd Centroid,25,3750,4050,bending2,bending2,1,1.0,0
AReMActivities_K4,4,activity,SensorMeanStd Centroid,30,4500,4800,bending2,bending2,1,1.0,1
AReMActivities_K4,4,activity,SensorMeanStd Centroid,32,4800,5100,bending2,lying,0,1.0,1
AReMActivities_K4,4,activity,SensorMeanStd Centroid,33,4950,5250,bending2,lying,0,1.0,0
AReMActivities_K4,4,activity,SensorMeanStd Centroid,35,5250,5550,bending2,bending2,1,1.0,0
AReMActivities_K4,4,activity,SensorMeanStd Centroid,36,5400,5700,bending2,bending2,1,1.0,0
AReMActivities_K4,4,activity,SensorMeanStd Centroid,37,5550,5850,bending2,bending2,1,1.0,0
AReMActivities_K4,4,activity,SensorMeanStd Centroid,38,5700,6000,bending2,bending2,1,1.0,1
AReMActivities_K4,4,activity,SensorMeanStd Centroid,43,6450,6750,cycling,cycling,1,1.0,2
AReMActivities_K4,4,activity,SensorMeanStd Centroid,44,6600,6900,cycling,cycling,1,1.0,2
AReMActivities_K4,4,activity,SensorMeanStd Centroid,45,6750,7050,cycling,cycling,1,1.0,2
AReMActivities_K4,4,activity,SensorMeanStd Centroid,47,7050,7350,cycling,cycling,1,1.0,2
AReMActivities_K4,4,activity,SensorMeanStd Centroid,48,7200,7500,cycling,cycling,1,1.0,2
AReMActivities_K4,4,activity,SensorMeanStd Centroid,49,7350,7650,cycling,cycling,1,1.0,2
AReMActivities_K4,4,activity,SensorMeanStd Centroid,50,7500,7800,cycling,cycling,1,1.0,2
AReMActivities_K4,4,activity,SensorMeanStd Centroid,51,7650,7950,cycling,cycling,1,1.0,2
AReMActivities_K4,4,activity,SensorMeanStd Centroid,52,7800,8100,cycling,cycling,1,1.0,2
AReMActivities_K4,4,activity,SensorMeanStd Centroid,53,7950,8250,cycling,cycling,1,1.0,2
AReMActivities_K4,4,activity,SensorMeanStd Centroid,55,8250,8550,cycling,cycling,1,1.0,2
AReMActivities_K4,4,activity,SensorMeanStd Centroid,61,9150,9450,cycling,cycling,1,1.0,2
AReMActivities_K4,4,activity,SensorMeanStd Centroid,67,10050,10350,cycling,cycling,1,1.0,2
AReMActivities_K4,4,activity,SensorMeanStd Centroid,68,10200,10500,cycling,cycling,1,1.0,2
AReMActivities_K4,4,activity,SensorMeanStd Centroid,69,10350,10650,cycling,cycling,1,1.0,2
AReMActivities_K4,4,activity,SensorMeanStd Centroid,73,10950,11250,cycling,cycling,1,1.0,2
AReMActivities_K4,4,activity,SensorMeanStd Centroid,76,11400,11700,cycling,cycling,1,1.0,2
AReMActivities_K4,4,activity,SensorMeanStd Centroid,77,11550,11850,cycling,cycling,1,1.0,3
AReMActivities_K4,4,activity,SensorMeanStd Centroid,78,11700,12000,cycling,cycling,1,1.0,2
AReMActivities_K4,4,activity,SensorMeanStd Centroid,83,12450,12750,cycling,cycling,1,1.0,2
AReMActivities_K4,4,activity,SensorMeanStd Centroid,84,12600,12900,cycling,walking,0,1.0,2
AReMActivities_K4,4,activity,SensorMeanStd Centroid,85,12750,13050,cycling,cycling,1,1.0,2
AReMActivities_K4,4,activity,SensorMeanStd Centroid,86,12900,13200,cycling,walking,0,1.0,2
AReMActivities_K4,4,activity,SensorMeanStd Centroid,88,13200,13500,cycling,cycling,1,0.7933333333333333,2
AReMActivities_K4,4,activity,SensorMeanStd Centroid,92,13800,14100,lying,lying,1,1.0,0
AReMActivities_K4,4,activity,SensorMeanStd Centroid,94,14100,14400,lying,lying,1,1.0,2
AReMActivities_K4,4,activity,SensorMeanStd Centroid,95,14250,14550,lying,lying,1,1.0,0
AReMActivities_K4,4,activity,SensorMeanStd Centroid,98,14700,15000,lying,lying,1,1.0,0
AReMActivities_K4,4,activity,SensorMeanStd Centroid,100,15000,15300,lying,lying,1,1.0,1
AReMActivities_K4,4,activity,SensorMeanStd Centroid,102,15300,15600,lying,standing,0,1.0,3
AReMActivities_K4,4,activity,SensorMeanStd Centroid,103,15450,15750,lying,lying,1,1.0,0
AReMActivities_K4,4,activity,SensorMeanStd Centroid,104,15600,15900,lying,lying,1,1.0,0
AReMActivities_K4,4,activity,SensorMeanStd Centroid,105,15750,16050,lying,lying,1,1.0,3
AReMActivities_K4,4,activity,SensorMeanStd Centroid,106,15900,16200,lying,lying,1,1.0,3
AReMActivities_K4,4,activity,SensorMeanStd Centroid,107,16050,16350,lying,lying,1,1.0,3
AReMActivities_K4,4,activity,SensorMeanStd Centroid,109,16350,16650,lying,lying,1,1.0,3
AReMActivities_K4,4,activity,SensorMeanStd Centroid,116,17400,17700,lying,lying,1,1.0,0
AReMActivities_K4,4,activity,SensorMeanStd Centroid,117,17550,17850,lying,standing,0,1.0,1
AReMActivities_K4,4,activity,SensorMeanStd Centroid,118,17700,18000,lying,lying,1,1.0,1
AReMActivities_K4,4,activity,SensorMeanStd Centroid,121,18150,18450,lying,lying,1,1.0,0
AReMActivities_K4,4,activity,SensorMeanStd Centroid,122,18300,18600,lying,lying,1,1.0,3
AReMActivities_K4,4,activity,SensorMeanStd Centroid,123,18450,18750,lying,lying,1,1.0,0
AReMActivities_K4,4,activity,SensorMeanStd Centroid,124,18600,18900,lying,lying,1,1.0,0
AReMActivities_K4,4,activity,SensorMeanStd Centroid,126,18900,19200,lying,lying,1,1.0,0
AReMActivities_K4,4,activity,SensorMeanStd Centroid,129,19350,19650,lying,lying,1,1.0,3
AReMActivities_K4,4,activity,SensorMeanStd Centroid,134,20100,20400,lying,lying,1,1.0,1
AReMActivities_K4,4,activity,SensorMeanStd Centroid,135,20250,20550,lying,lying,1,1.0,3
AReMActivities_K4,4,activity,SensorMeanStd Centroid,136,20400,20700,lying,bending2,0,0.7933333333333333,0
AReMActivities_K4,4,activity,SensorMeanStd Centroid,137,20550,20850,sitting,sitting,1,0.7066666666666667,0
AReMActivities_K4,4,activity,SensorMeanStd Centroid,139,20850,21150,sitting,standing,0,1.0,0
AReMActivities_K4,4,activity,SensorMeanStd Centroid,140,21000,21300,sitting,sitting,1,1.0,0
AReMActivities_K4,4,activity,SensorMeanStd Centroid,142,21300,21600,sitting,standing,0,1.0,0
AReMActivities_K4,4,activity,SensorMeanStd Centroid,150,22500,22800,sitting,sitting,1,1.0,1
AReMActivities_K4,4,activity,SensorMeanStd Centroid,155,23250,23550,sitting,bending2,0,1.0,1
AReMActivities_K4,4,activity,SensorMeanStd Centroid,156,23400,23700,sitting,sitting,1,1.0,0
AReMActivities_K4,4,activity,SensorMeanStd Centroid,157,23550,23850,sitting,sitting,1,1.0,0
AReMActivities_K4,4,activity,SensorMeanStd Centroid,158,23700,24000,sitting,standing,0,1.0,0
AReMActivities_K4,4,activity,SensorMeanStd Centroid,159,23850,24150,sitting,standing,0,1.0,0
AReMActivities_K4,4,activity,SensorMeanStd Centroid,160,24000,24300,sitting,standing,0,1.0,0
AReMActivities_K4,4,activity,SensorMeanStd Centroid,163,24450,24750,sitting,standing,0,1.0,0
AReMActivities_K4,4,activity,SensorMeanStd Centroid,164,24600,24900,sitting,sitting,1,1.0,0
AReMActivities_K4,4,activity,SensorMeanStd Centroid,166,24900,25200,sitting,sitting,1,1.0,0
AReMActivities_K4,4,activity,SensorMeanStd Centroid,169,25350,25650,sitting,sitting,1,1.0,0
AReMActivities_K4,4,activity,SensorMeanStd Centroid,171,25650,25950,sitting,sitting,1,1.0,0
AReMActivities_K4,4,activity,SensorMeanStd Centroid,172,25800,26100,sitting,sitting,1,1.0,0
AReMActivities_K4,4,activity,SensorMeanStd Centroid,175,26250,26550,sitting,sitting,1,1.0,3
AReMActivities_K4,4,activity,SensorMeanStd Centroid,177,26550,26850,sitting,sitting,1,1.0,0
AReMActivities_K4,4,activity,SensorMeanStd Centroid,178,26700,27000,sitting,sitting,1,1.0,0
AReMActivities_K4,4,activity,SensorMeanStd Centroid,179,26850,27150,sitting,sitting,1,1.0,0
AReMActivities_K4,4,activity,SensorMeanStd Centroid,180,27000,27300,sitting,sitting,1,1.0,0
AReMActivities_K4,4,activity,SensorMeanStd Centroid,181,27150,27450,sitting,sitting,1,1.0,1
AReMActivities_K4,4,activity,SensorMeanStd Centroid,183,27450,27750,sitting,sitting,1,1.0,0
AReMActivities_K4,4,activity,SensorMeanStd Centroid,186,27900,28200,standing,sitting,0,1.0,1
AReMActivities_K4,4,activity,SensorMeanStd Centroid,190,28500,28800,standing,standing,1,1.0,0
AReMActivities_K4,4,activity,SensorMeanStd Centroid,193,28950,29250,standing,standing,1,1.0,1
AReMActivities_K4,4,activity,SensorMeanStd Centroid,194,29100,29400,standing,sitting,0,1.0,1
AReMActivities_K4,4,activity,SensorMeanStd Centroid,197,29550,29850,standing,standing,1,1.0,3
AReMActivities_K4,4,activity,SensorMeanStd Centroid,198,29700,30000,standing,standing,1,1.0,3
AReMActivities_K4,4,activity,SensorMeanStd Centroid,201,30150,30450,standing,standing,1,1.0,1
AReMActivities_K4,4,activity,SensorMeanStd Centroid,204,30600,30900,standing,standing,1,1.0,1
AReMActivities_K4,4,activity,SensorMeanStd Centroid,205,30750,31050,standing,standing,1,1.0,1
AReMActivities_K4,4,activity,SensorMeanStd Centroid,206,30900,31200,standing,standing,1,1.0,0
AReMActivities_K4,4,activity,SensorMeanStd Centroid,207,31050,31350,standing,standing,1,1.0,0
AReMActivities_K4,4,activity,SensorMeanStd Centroid,208,31200,31500,standing,standing,1,1.0,3
AReMActivities_K4,4,activity,SensorMeanStd Centroid,209,31350,31650,standing,standing,1,1.0,2
AReMActivities_K4,4,activity,SensorMeanStd Centroid,211,31650,31950,standing,standing,1,1.0,0
AReMActivities_K4,4,activity,SensorMeanStd Centroid,213,31950,32250,standing,standing,1,1.0,0
AReMActivities_K4,4,activity,SensorMeanStd Centroid,214,32100,32400,standing,standing,1,1.0,1
AReMActivities_K4,4,activity,SensorMeanStd Centroid,220,33000,33300,standing,standing,1,1.0,0
AReMActivities_K4,4,activity,SensorMeanStd Centroid,221,33150,33450,standing,standing,1,1.0,0
AReMActivities_K4,4,activity,SensorMeanStd Centroid,223,33450,33750,standing,standing,1,1.0,0
AReMActivities_K4,4,activity,SensorMeanStd Centroid,225,33750,34050,standing,standing,1,1.0,2
AReMActivities_K4,4,activity,SensorMeanStd Centroid,226,33900,34200,standing,standing,1,1.0,0
AReMActivities_K4,4,activity,SensorMeanStd Centroid,229,34350,34650,standing,sitting,0,1.0,0
AReMActivities_K4,4,activity,SensorMeanStd Centroid,230,34500,34800,standing,lying,0,1.0,0
AReMActivities_K4,4,activity,SensorMeanStd Centroid,231,34650,34950,standing,standing,1,1.0,0
AReMActivities_K4,4,activity,SensorMeanStd Centroid,234,35100,35400,walking,walking,1,1.0,3
AReMActivities_K4,4,activity,SensorMeanStd Centroid,235,35250,35550,walking,walking,1,1.0,3
AReMActivities_K4,4,activity,SensorMeanStd Centroid,240,36000,36300,walking,walking,1,1.0,3
AReMActivities_K4,4,activity,SensorMeanStd Centroid,242,36300,36600,walking,cycling,0,1.0,3
AReMActivities_K4,4,activity,SensorMeanStd Centroid,243,36450,36750,walking,walking,1,1.0,3
AReMActivities_K4,4,activity,SensorMeanStd Centroid,245,36750,37050,walking,cycling,0,1.0,3
AReMActivities_K4,4,activity,SensorMeanStd Centroid,247,37050,37350,walking,walking,1,1.0,3
AReMActivities_K4,4,activity,SensorMeanStd Centroid,248,37200,37500,walking,walking,1,1.0,3
AReMActivities_K4,4,activity,SensorMeanStd Centroid,249,37350,37650,walking,walking,1,1.0,3
AReMActivities_K4,4,activity,SensorMeanStd Centroid,251,37650,37950,walking,walking,1,1.0,3
AReMActivities_K4,4,activity,SensorMeanStd Centroid,253,37950,38250,walking,walking,1,1.0,3
AReMActivities_K4,4,activity,SensorMeanStd Centroid,255,38250,38550,walking,walking,1,1.0,3
AReMActivities_K4,4,activity,SensorMeanStd Centroid,257,38550,38850,walking,walking,1,1.0,3
AReMActivities_K4,4,activity,SensorMeanStd Centroid,260,39000,39300,walking,walking,1,1.0,3
AReMActivities_K4,4,activity,SensorMeanStd Centroid,261,39150,39450,walking,walking,1,1.0,3
AReMActivities_K4,4,activity,SensorMeanStd Centroid,262,39300,39600,walking,walking,1,1.0,3
AReMActivities_K4,4,activity,SensorMeanStd Centroid,264,39600,39900,walking,walking,1,1.0,3
AReMActivities_K4,4,activity,SensorMeanStd Centroid,267,40050,40350,walking,walking,1,1.0,3
AReMActivities_K4,4,activity,SensorMeanStd Centroid,270,40500,40800,walking,walking,1,1.0,3
AReMActivities_K4,4,activity,SensorMeanStd Centroid,273,40950,41250,walking,walking,1,1.0,3
AReMActivities_K4,4,activity,SensorMeanStd Centroid,274,41100,41400,walking,walking,1,1.0,3
AReMActivities_K4,4,activity,SensorMeanStd Centroid,277,41550,41850,walking,walking,1,1.0,3
AReMActivities_K4,4,activity,SensorMeanStd Centroid,278,41700,42000,walking,walking,1,1.0,3
AReMActivities_K4,4,activity,SensorMeanStd Centroid,280,41937,42237,walking,walking,1,1.0,3
AReMActivities_K4,4,activity,GraphFeature Centroid,0,0,300,bending1,bending1,1,1.0,0
AReMActivities_K4,4,activity,GraphFeature Centroid,5,750,1050,bending1,bending1,1,1.0,0
AReMActivities_K4,4,activity,GraphFeature Centroid,7,1050,1350,bending1,bending1,1,1.0,3
AReMActivities_K4,4,activity,GraphFeature Centroid,8,1200,1500,bending1,bending1,1,1.0,0
AReMActivities_K4,4,activity,GraphFeature Centroid,9,1350,1650,bending1,bending2,0,1.0,1
AReMActivities_K4,4,activity,GraphFeature Centroid,10,1500,1800,bending1,bending2,0,1.0,1
AReMActivities_K4,4,activity,GraphFeature Centroid,13,1950,2250,bending1,bending1,1,1.0,1
AReMActivities_K4,4,activity,GraphFeature Centroid,16,2400,2700,bending1,standing,0,1.0,0
AReMActivities_K4,4,activity,GraphFeature Centroid,17,2550,2850,bending1,standing,0,1.0,1
AReMActivities_K4,4,activity,GraphFeature Centroid,19,2850,3150,bending1,bending1,1,1.0,0
AReMActivities_K4,4,activity,GraphFeature Centroid,20,3000,3300,bending1,lying,0,1.0,0
AReMActivities_K4,4,activity,GraphFeature Centroid,23,3450,3750,bending2,standing,0,1.0,1
AReMActivities_K4,4,activity,GraphFeature Centroid,24,3600,3900,bending2,standing,0,1.0,1
AReMActivities_K4,4,activity,GraphFeature Centroid,25,3750,4050,bending2,standing,0,1.0,0
AReMActivities_K4,4,activity,GraphFeature Centroid,30,4500,4800,bending2,bending2,1,1.0,1
AReMActivities_K4,4,activity,GraphFeature Centroid,32,4800,5100,bending2,standing,0,1.0,1
AReMActivities_K4,4,activity,GraphFeature Centroid,33,4950,5250,bending2,bending1,0,1.0,0
AReMActivities_K4,4,activity,GraphFeature Centroid,35,5250,5550,bending2,bending2,1,1.0,0
AReMActivities_K4,4,activity,GraphFeature Centroid,36,5400,5700,bending2,sitting,0,1.0,0
AReMActivities_K4,4,activity,GraphFeature Centroid,37,5550,5850,bending2,sitting,0,1.0,0
AReMActivities_K4,4,activity,GraphFeature Centroid,38,5700,6000,bending2,bending2,1,1.0,1
AReMActivities_K4,4,activity,GraphFeature Centroid,43,6450,6750,cycling,cycling,1,1.0,2
AReMActivities_K4,4,activity,GraphFeature Centroid,44,6600,6900,cycling,cycling,1,1.0,2
AReMActivities_K4,4,activity,GraphFeature Centroid,45,6750,7050,cycling,cycling,1,1.0,2
AReMActivities_K4,4,activity,GraphFeature Centroid,47,7050,7350,cycling,cycling,1,1.0,2
AReMActivities_K4,4,activity,GraphFeature Centroid,48,7200,7500,cycling,cycling,1,1.0,2
AReMActivities_K4,4,activity,GraphFeature Centroid,49,7350,7650,cycling,walking,0,1.0,2
AReMActivities_K4,4,activity,GraphFeature Centroid,50,7500,7800,cycling,cycling,1,1.0,2
AReMActivities_K4,4,activity,GraphFeature Centroid,51,7650,7950,cycling,cycling,1,1.0,2
AReMActivities_K4,4,activity,GraphFeature Centroid,52,7800,8100,cycling,cycling,1,1.0,2
AReMActivities_K4,4,activity,GraphFeature Centroid,53,7950,8250,cycling,cycling,1,1.0,2
AReMActivities_K4,4,activity,GraphFeature Centroid,55,8250,8550,cycling,cycling,1,1.0,2
AReMActivities_K4,4,activity,GraphFeature Centroid,61,9150,9450,cycling,cycling,1,1.0,2
AReMActivities_K4,4,activity,GraphFeature Centroid,67,10050,10350,cycling,cycling,1,1.0,2
AReMActivities_K4,4,activity,GraphFeature Centroid,68,10200,10500,cycling,cycling,1,1.0,2
AReMActivities_K4,4,activity,GraphFeature Centroid,69,10350,10650,cycling,cycling,1,1.0,2
AReMActivities_K4,4,activity,GraphFeature Centroid,73,10950,11250,cycling,cycling,1,1.0,2
AReMActivities_K4,4,activity,GraphFeature Centroid,76,11400,11700,cycling,cycling,1,1.0,2
AReMActivities_K4,4,activity,GraphFeature Centroid,77,11550,11850,cycling,walking,0,1.0,3
AReMActivities_K4,4,activity,GraphFeature Centroid,78,11700,12000,cycling,walking,0,1.0,2
AReMActivities_K4,4,activity,GraphFeature Centroid,83,12450,12750,cycling,cycling,1,1.0,2
AReMActivities_K4,4,activity,GraphFeature Centroid,84,12600,12900,cycling,cycling,1,1.0,2
AReMActivities_K4,4,activity,GraphFeature Centroid,85,12750,13050,cycling,cycling,1,1.0,2
AReMActivities_K4,4,activity,GraphFeature Centroid,86,12900,13200,cycling,cycling,1,1.0,2
AReMActivities_K4,4,activity,GraphFeature Centroid,88,13200,13500,cycling,cycling,1,0.7933333333333333,2
AReMActivities_K4,4,activity,GraphFeature Centroid,92,13800,14100,lying,lying,1,1.0,0
AReMActivities_K4,4,activity,GraphFeature Centroid,94,14100,14400,lying,cycling,0,1.0,2
AReMActivities_K4,4,activity,GraphFeature Centroid,95,14250,14550,lying,sitting,0,1.0,0
AReMActivities_K4,4,activity,GraphFeature Centroid,98,14700,15000,lying,lying,1,1.0,0
AReMActivities_K4,4,activity,GraphFeature Centroid,100,15000,15300,lying,lying,1,1.0,1
AReMActivities_K4,4,activity,GraphFeature Centroid,102,15300,15600,lying,sitting,0,1.0,3
AReMActivities_K4,4,activity,GraphFeature Centroid,103,15450,15750,lying,lying,1,1.0,0
AReMActivities_K4,4,activity,GraphFeature Centroid,104,15600,15900,lying,lying,1,1.0,0
AReMActivities_K4,4,activity,GraphFeature Centroid,105,15750,16050,lying,lying,1,1.0,3
AReMActivities_K4,4,activity,GraphFeature Centroid,106,15900,16200,lying,lying,1,1.0,3
AReMActivities_K4,4,activity,GraphFeature Centroid,107,16050,16350,lying,lying,1,1.0,3
AReMActivities_K4,4,activity,GraphFeature Centroid,109,16350,16650,lying,lying,1,1.0,3
AReMActivities_K4,4,activity,GraphFeature Centroid,116,17400,17700,lying,lying,1,1.0,0
AReMActivities_K4,4,activity,GraphFeature Centroid,117,17550,17850,lying,sitting,0,1.0,1
AReMActivities_K4,4,activity,GraphFeature Centroid,118,17700,18000,lying,standing,0,1.0,1
AReMActivities_K4,4,activity,GraphFeature Centroid,121,18150,18450,lying,bending1,0,1.0,0
AReMActivities_K4,4,activity,GraphFeature Centroid,122,18300,18600,lying,lying,1,1.0,3
AReMActivities_K4,4,activity,GraphFeature Centroid,123,18450,18750,lying,bending1,0,1.0,0
AReMActivities_K4,4,activity,GraphFeature Centroid,124,18600,18900,lying,sitting,0,1.0,0
AReMActivities_K4,4,activity,GraphFeature Centroid,126,18900,19200,lying,lying,1,1.0,0
AReMActivities_K4,4,activity,GraphFeature Centroid,129,19350,19650,lying,lying,1,1.0,3
AReMActivities_K4,4,activity,GraphFeature Centroid,134,20100,20400,lying,standing,0,1.0,1
AReMActivities_K4,4,activity,GraphFeature Centroid,135,20250,20550,lying,lying,1,1.0,3
AReMActivities_K4,4,activity,GraphFeature Centroid,136,20400,20700,lying,bending1,0,0.7933333333333333,0
AReMActivities_K4,4,activity,GraphFeature Centroid,137,20550,20850,sitting,bending1,0,0.7066666666666667,0
AReMActivities_K4,4,activity,GraphFeature Centroid,139,20850,21150,sitting,standing,0,1.0,0
AReMActivities_K4,4,activity,GraphFeature Centroid,140,21000,21300,sitting,sitting,1,1.0,0
AReMActivities_K4,4,activity,GraphFeature Centroid,142,21300,21600,sitting,sitting,1,1.0,0
AReMActivities_K4,4,activity,GraphFeature Centroid,150,22500,22800,sitting,sitting,1,1.0,1
AReMActivities_K4,4,activity,GraphFeature Centroid,155,23250,23550,sitting,standing,0,1.0,1
AReMActivities_K4,4,activity,GraphFeature Centroid,156,23400,23700,sitting,standing,0,1.0,0
AReMActivities_K4,4,activity,GraphFeature Centroid,157,23550,23850,sitting,sitting,1,1.0,0
AReMActivities_K4,4,activity,GraphFeature Centroid,158,23700,24000,sitting,bending1,0,1.0,0
AReMActivities_K4,4,activity,GraphFeature Centroid,159,23850,24150,sitting,lying,0,1.0,0
AReMActivities_K4,4,activity,GraphFeature Centroid,160,24000,24300,sitting,sitting,1,1.0,0
AReMActivities_K4,4,activity,GraphFeature Centroid,163,24450,24750,sitting,lying,0,1.0,0
AReMActivities_K4,4,activity,GraphFeature Centroid,164,24600,24900,sitting,sitting,1,1.0,0
AReMActivities_K4,4,activity,GraphFeature Centroid,166,24900,25200,sitting,lying,0,1.0,0
AReMActivities_K4,4,activity,GraphFeature Centroid,169,25350,25650,sitting,sitting,1,1.0,0
AReMActivities_K4,4,activity,GraphFeature Centroid,171,25650,25950,sitting,sitting,1,1.0,0
AReMActivities_K4,4,activity,GraphFeature Centroid,172,25800,26100,sitting,sitting,1,1.0,0
AReMActivities_K4,4,activity,GraphFeature Centroid,175,26250,26550,sitting,lying,0,1.0,3
AReMActivities_K4,4,activity,GraphFeature Centroid,177,26550,26850,sitting,sitting,1,1.0,0
AReMActivities_K4,4,activity,GraphFeature Centroid,178,26700,27000,sitting,sitting,1,1.0,0
AReMActivities_K4,4,activity,GraphFeature Centroid,179,26850,27150,sitting,sitting,1,1.0,0
AReMActivities_K4,4,activity,GraphFeature Centroid,180,27000,27300,sitting,bending1,0,1.0,0
AReMActivities_K4,4,activity,GraphFeature Centroid,181,27150,27450,sitting,bending1,0,1.0,1
AReMActivities_K4,4,activity,GraphFeature Centroid,183,27450,27750,sitting,sitting,1,1.0,0
AReMActivities_K4,4,activity,GraphFeature Centroid,186,27900,28200,standing,bending1,0,1.0,1
AReMActivities_K4,4,activity,GraphFeature Centroid,190,28500,28800,standing,sitting,0,1.0,0
AReMActivities_K4,4,activity,GraphFeature Centroid,193,28950,29250,standing,sitting,0,1.0,1
AReMActivities_K4,4,activity,GraphFeature Centroid,194,29100,29400,standing,standing,1,1.0,1
AReMActivities_K4,4,activity,GraphFeature Centroid,197,29550,29850,standing,standing,1,1.0,3
AReMActivities_K4,4,activity,GraphFeature Centroid,198,29700,30000,standing,standing,1,1.0,3
AReMActivities_K4,4,activity,GraphFeature Centroid,201,30150,30450,standing,standing,1,1.0,1
AReMActivities_K4,4,activity,GraphFeature Centroid,204,30600,30900,standing,bending2,0,1.0,1
AReMActivities_K4,4,activity,GraphFeature Centroid,205,30750,31050,standing,standing,1,1.0,1
AReMActivities_K4,4,activity,GraphFeature Centroid,206,30900,31200,standing,standing,1,1.0,0
AReMActivities_K4,4,activity,GraphFeature Centroid,207,31050,31350,standing,sitting,0,1.0,0
AReMActivities_K4,4,activity,GraphFeature Centroid,208,31200,31500,standing,standing,1,1.0,3
AReMActivities_K4,4,activity,GraphFeature Centroid,209,31350,31650,standing,standing,1,1.0,2
AReMActivities_K4,4,activity,GraphFeature Centroid,211,31650,31950,standing,sitting,0,1.0,0
AReMActivities_K4,4,activity,GraphFeature Centroid,213,31950,32250,standing,bending1,0,1.0,0
AReMActivities_K4,4,activity,GraphFeature Centroid,214,32100,32400,standing,sitting,0,1.0,1
AReMActivities_K4,4,activity,GraphFeature Centroid,220,33000,33300,standing,standing,1,1.0,0
AReMActivities_K4,4,activity,GraphFeature Centroid,221,33150,33450,standing,lying,0,1.0,0
AReMActivities_K4,4,activity,GraphFeature Centroid,223,33450,33750,standing,bending1,0,1.0,0
AReMActivities_K4,4,activity,GraphFeature Centroid,225,33750,34050,standing,cycling,0,1.0,2
AReMActivities_K4,4,activity,GraphFeature Centroid,226,33900,34200,standing,lying,0,1.0,0
AReMActivities_K4,4,activity,GraphFeature Centroid,229,34350,34650,standing,lying,0,1.0,0
AReMActivities_K4,4,activity,GraphFeature Centroid,230,34500,34800,standing,sitting,0,1.0,0
AReMActivities_K4,4,activity,GraphFeature Centroid,231,34650,34950,standing,sitting,0,1.0,0
AReMActivities_K4,4,activity,GraphFeature Centroid,234,35100,35400,walking,walking,1,1.0,3
AReMActivities_K4,4,activity,GraphFeature Centroid,235,35250,35550,walking,walking,1,1.0,3
AReMActivities_K4,4,activity,GraphFeature Centroid,240,36000,36300,walking,walking,1,1.0,3
AReMActivities_K4,4,activity,GraphFeature Centroid,242,36300,36600,walking,walking,1,1.0,3
AReMActivities_K4,4,activity,GraphFeature Centroid,243,36450,36750,walking,walking,1,1.0,3
AReMActivities_K4,4,activity,GraphFeature Centroid,245,36750,37050,walking,walking,1,1.0,3
AReMActivities_K4,4,activity,GraphFeature Centroid,247,37050,37350,walking,walking,1,1.0,3
AReMActivities_K4,4,activity,GraphFeature Centroid,248,37200,37500,walking,walking,1,1.0,3
AReMActivities_K4,4,activity,GraphFeature Centroid,249,37350,37650,walking,walking,1,1.0,3
AReMActivities_K4,4,activity,GraphFeature Centroid,251,37650,37950,walking,walking,1,1.0,3
AReMActivities_K4,4,activity,GraphFeature Centroid,253,37950,38250,walking,walking,1,1.0,3
AReMActivities_K4,4,activity,GraphFeature Centroid,255,38250,38550,walking,walking,1,1.0,3
AReMActivities_K4,4,activity,GraphFeature Centroid,257,38550,38850,walking,walking,1,1.0,3
AReMActivities_K4,4,activity,GraphFeature Centroid,260,39000,39300,walking,walking,1,1.0,3
AReMActivities_K4,4,activity,GraphFeature Centroid,261,39150,39450,walking,walking,1,1.0,3
AReMActivities_K4,4,activity,GraphFeature Centroid,262,39300,39600,walking,walking,1,1.0,3
AReMActivities_K4,4,activity,GraphFeature Centroid,264,39600,39900,walking,walking,1,1.0,3
AReMActivities_K4,4,activity,GraphFeature Centroid,267,40050,40350,walking,walking,1,1.0,3
AReMActivities_K4,4,activity,GraphFeature Centroid,270,40500,40800,walking,walking,1,1.0,3
AReMActivities_K4,4,activity,GraphFeature Centroid,273,40950,41250,walking,walking,1,1.0,3
AReMActivities_K4,4,activity,GraphFeature Centroid,274,41100,41400,walking,walking,1,1.0,3
AReMActivities_K4,4,activity,GraphFeature Centroid,277,41550,41850,walking,walking,1,1.0,3
AReMActivities_K4,4,activity,GraphFeature Centroid,278,41700,42000,walking,walking,1,1.0,3
AReMActivities_K4,4,activity,GraphFeature Centroid,280,41937,42237,walking,walking,1,1.0,3
AReMActivities_K4,4,activity,STCG-v1 State Mapping,0,0,300,bending1,sitting,0,1.0,0
AReMActivities_K4,4,activity,STCG-v1 State Mapping,5,750,1050,bending1,sitting,0,1.0,0
AReMActivities_K4,4,activity,STCG-v1 State Mapping,7,1050,1350,bending1,walking,0,1.0,3
AReMActivities_K4,4,activity,STCG-v1 State Mapping,8,1200,1500,bending1,sitting,0,1.0,0
AReMActivities_K4,4,activity,STCG-v1 State Mapping,9,1350,1650,bending1,standing,0,1.0,1
AReMActivities_K4,4,activity,STCG-v1 State Mapping,10,1500,1800,bending1,standing,0,1.0,1
AReMActivities_K4,4,activity,STCG-v1 State Mapping,13,1950,2250,bending1,standing,0,1.0,1
AReMActivities_K4,4,activity,STCG-v1 State Mapping,16,2400,2700,bending1,sitting,0,1.0,0
AReMActivities_K4,4,activity,STCG-v1 State Mapping,17,2550,2850,bending1,standing,0,1.0,1
AReMActivities_K4,4,activity,STCG-v1 State Mapping,19,2850,3150,bending1,sitting,0,1.0,0
AReMActivities_K4,4,activity,STCG-v1 State Mapping,20,3000,3300,bending1,sitting,0,1.0,0
AReMActivities_K4,4,activity,STCG-v1 State Mapping,23,3450,3750,bending2,standing,0,1.0,1
AReMActivities_K4,4,activity,STCG-v1 State Mapping,24,3600,3900,bending2,standing,0,1.0,1
AReMActivities_K4,4,activity,STCG-v1 State Mapping,25,3750,4050,bending2,sitting,0,1.0,0
AReMActivities_K4,4,activity,STCG-v1 State Mapping,30,4500,4800,bending2,standing,0,1.0,1
AReMActivities_K4,4,activity,STCG-v1 State Mapping,32,4800,5100,bending2,standing,0,1.0,1
AReMActivities_K4,4,activity,STCG-v1 State Mapping,33,4950,5250,bending2,sitting,0,1.0,0
AReMActivities_K4,4,activity,STCG-v1 State Mapping,35,5250,5550,bending2,sitting,0,1.0,0
AReMActivities_K4,4,activity,STCG-v1 State Mapping,36,5400,5700,bending2,sitting,0,1.0,0
AReMActivities_K4,4,activity,STCG-v1 State Mapping,37,5550,5850,bending2,sitting,0,1.0,0
AReMActivities_K4,4,activity,STCG-v1 State Mapping,38,5700,6000,bending2,standing,0,1.0,1
AReMActivities_K4,4,activity,STCG-v1 State Mapping,43,6450,6750,cycling,cycling,1,1.0,2
AReMActivities_K4,4,activity,STCG-v1 State Mapping,44,6600,6900,cycling,cycling,1,1.0,2
AReMActivities_K4,4,activity,STCG-v1 State Mapping,45,6750,7050,cycling,cycling,1,1.0,2
AReMActivities_K4,4,activity,STCG-v1 State Mapping,47,7050,7350,cycling,cycling,1,1.0,2
AReMActivities_K4,4,activity,STCG-v1 State Mapping,48,7200,7500,cycling,cycling,1,1.0,2
AReMActivities_K4,4,activity,STCG-v1 State Mapping,49,7350,7650,cycling,cycling,1,1.0,2
AReMActivities_K4,4,activity,STCG-v1 State Mapping,50,7500,7800,cycling,cycling,1,1.0,2
AReMActivities_K4,4,activity,STCG-v1 State Mapping,51,7650,7950,cycling,cycling,1,1.0,2
AReMActivities_K4,4,activity,STCG-v1 State Mapping,52,7800,8100,cycling,cycling,1,1.0,2
AReMActivities_K4,4,activity,STCG-v1 State Mapping,53,7950,8250,cycling,cycling,1,1.0,2
AReMActivities_K4,4,activity,STCG-v1 State Mapping,55,8250,8550,cycling,cycling,1,1.0,2
AReMActivities_K4,4,activity,STCG-v1 State Mapping,61,9150,9450,cycling,cycling,1,1.0,2
AReMActivities_K4,4,activity,STCG-v1 State Mapping,67,10050,10350,cycling,cycling,1,1.0,2
AReMActivities_K4,4,activity,STCG-v1 State Mapping,68,10200,10500,cycling,cycling,1,1.0,2
AReMActivities_K4,4,activity,STCG-v1 State Mapping,69,10350,10650,cycling,cycling,1,1.0,2
AReMActivities_K4,4,activity,STCG-v1 State Mapping,73,10950,11250,cycling,cycling,1,1.0,2
AReMActivities_K4,4,activity,STCG-v1 State Mapping,76,11400,11700,cycling,cycling,1,1.0,2
AReMActivities_K4,4,activity,STCG-v1 State Mapping,77,11550,11850,cycling,walking,0,1.0,3
AReMActivities_K4,4,activity,STCG-v1 State Mapping,78,11700,12000,cycling,cycling,1,1.0,2
AReMActivities_K4,4,activity,STCG-v1 State Mapping,83,12450,12750,cycling,cycling,1,1.0,2
AReMActivities_K4,4,activity,STCG-v1 State Mapping,84,12600,12900,cycling,cycling,1,1.0,2
AReMActivities_K4,4,activity,STCG-v1 State Mapping,85,12750,13050,cycling,cycling,1,1.0,2
AReMActivities_K4,4,activity,STCG-v1 State Mapping,86,12900,13200,cycling,cycling,1,1.0,2
AReMActivities_K4,4,activity,STCG-v1 State Mapping,88,13200,13500,cycling,cycling,1,0.7933333333333333,2
AReMActivities_K4,4,activity,STCG-v1 State Mapping,92,13800,14100,lying,sitting,0,1.0,0
AReMActivities_K4,4,activity,STCG-v1 State Mapping,94,14100,14400,lying,cycling,0,1.0,2
AReMActivities_K4,4,activity,STCG-v1 State Mapping,95,14250,14550,lying,sitting,0,1.0,0
AReMActivities_K4,4,activity,STCG-v1 State Mapping,98,14700,15000,lying,sitting,0,1.0,0
AReMActivities_K4,4,activity,STCG-v1 State Mapping,100,15000,15300,lying,standing,0,1.0,1
AReMActivities_K4,4,activity,STCG-v1 State Mapping,102,15300,15600,lying,walking,0,1.0,3
AReMActivities_K4,4,activity,STCG-v1 State Mapping,103,15450,15750,lying,sitting,0,1.0,0
AReMActivities_K4,4,activity,STCG-v1 State Mapping,104,15600,15900,lying,sitting,0,1.0,0
AReMActivities_K4,4,activity,STCG-v1 State Mapping,105,15750,16050,lying,walking,0,1.0,3
AReMActivities_K4,4,activity,STCG-v1 State Mapping,106,15900,16200,lying,walking,0,1.0,3
AReMActivities_K4,4,activity,STCG-v1 State Mapping,107,16050,16350,lying,walking,0,1.0,3
AReMActivities_K4,4,activity,STCG-v1 State Mapping,109,16350,16650,lying,walking,0,1.0,3
AReMActivities_K4,4,activity,STCG-v1 State Mapping,116,17400,17700,lying,sitting,0,1.0,0
AReMActivities_K4,4,activity,STCG-v1 State Mapping,117,17550,17850,lying,standing,0,1.0,1
AReMActivities_K4,4,activity,STCG-v1 State Mapping,118,17700,18000,lying,standing,0,1.0,1
AReMActivities_K4,4,activity,STCG-v1 State Mapping,121,18150,18450,lying,sitting,0,1.0,0
AReMActivities_K4,4,activity,STCG-v1 State Mapping,122,18300,18600,lying,walking,0,1.0,3
AReMActivities_K4,4,activity,STCG-v1 State Mapping,123,18450,18750,lying,sitting,0,1.0,0
AReMActivities_K4,4,activity,STCG-v1 State Mapping,124,18600,18900,lying,sitting,0,1.0,0
AReMActivities_K4,4,activity,STCG-v1 State Mapping,126,18900,19200,lying,sitting,0,1.0,0
AReMActivities_K4,4,activity,STCG-v1 State Mapping,129,19350,19650,lying,walking,0,1.0,3
AReMActivities_K4,4,activity,STCG-v1 State Mapping,134,20100,20400,lying,standing,0,1.0,1
AReMActivities_K4,4,activity,STCG-v1 State Mapping,135,20250,20550,lying,walking,0,1.0,3
AReMActivities_K4,4,activity,STCG-v1 State Mapping,136,20400,20700,lying,sitting,0,0.7933333333333333,0
AReMActivities_K4,4,activity,STCG-v1 State Mapping,137,20550,20850,sitting,sitting,1,0.7066666666666667,0
AReMActivities_K4,4,activity,STCG-v1 State Mapping,139,20850,21150,sitting,sitting,1,1.0,0
AReMActivities_K4,4,activity,STCG-v1 State Mapping,140,21000,21300,sitting,sitting,1,1.0,0
AReMActivities_K4,4,activity,STCG-v1 State Mapping,142,21300,21600,sitting,sitting,1,1.0,0
AReMActivities_K4,4,activity,STCG-v1 State Mapping,150,22500,22800,sitting,standing,0,1.0,1
AReMActivities_K4,4,activity,STCG-v1 State Mapping,155,23250,23550,sitting,standing,0,1.0,1
AReMActivities_K4,4,activity,STCG-v1 State Mapping,156,23400,23700,sitting,sitting,1,1.0,0
AReMActivities_K4,4,activity,STCG-v1 State Mapping,157,23550,23850,sitting,sitting,1,1.0,0
AReMActivities_K4,4,activity,STCG-v1 State Mapping,158,23700,24000,sitting,sitting,1,1.0,0
AReMActivities_K4,4,activity,STCG-v1 State Mapping,159,23850,24150,sitting,sitting,1,1.0,0
AReMActivities_K4,4,activity,STCG-v1 State Mapping,160,24000,24300,sitting,sitting,1,1.0,0
AReMActivities_K4,4,activity,STCG-v1 State Mapping,163,24450,24750,sitting,sitting,1,1.0,0
AReMActivities_K4,4,activity,STCG-v1 State Mapping,164,24600,24900,sitting,sitting,1,1.0,0
AReMActivities_K4,4,activity,STCG-v1 State Mapping,166,24900,25200,sitting,sitting,1,1.0,0
AReMActivities_K4,4,activity,STCG-v1 State Mapping,169,25350,25650,sitting,sitting,1,1.0,0
AReMActivities_K4,4,activity,STCG-v1 State Mapping,171,25650,25950,sitting,sitting,1,1.0,0
AReMActivities_K4,4,activity,STCG-v1 State Mapping,172,25800,26100,sitting,sitting,1,1.0,0
AReMActivities_K4,4,activity,STCG-v1 State Mapping,175,26250,26550,sitting,walking,0,1.0,3
AReMActivities_K4,4,activity,STCG-v1 State Mapping,177,26550,26850,sitting,sitting,1,1.0,0
AReMActivities_K4,4,activity,STCG-v1 State Mapping,178,26700,27000,sitting,sitting,1,1.0,0
AReMActivities_K4,4,activity,STCG-v1 State Mapping,179,26850,27150,sitting,sitting,1,1.0,0
AReMActivities_K4,4,activity,STCG-v1 State Mapping,180,27000,27300,sitting,sitting,1,1.0,0
AReMActivities_K4,4,activity,STCG-v1 State Mapping,181,27150,27450,sitting,standing,0,1.0,1
AReMActivities_K4,4,activity,STCG-v1 State Mapping,183,27450,27750,sitting,sitting,1,1.0,0
AReMActivities_K4,4,activity,STCG-v1 State Mapping,186,27900,28200,standing,standing,1,1.0,1
AReMActivities_K4,4,activity,STCG-v1 State Mapping,190,28500,28800,standing,sitting,0,1.0,0
AReMActivities_K4,4,activity,STCG-v1 State Mapping,193,28950,29250,standing,standing,1,1.0,1
AReMActivities_K4,4,activity,STCG-v1 State Mapping,194,29100,29400,standing,standing,1,1.0,1
AReMActivities_K4,4,activity,STCG-v1 State Mapping,197,29550,29850,standing,walking,0,1.0,3
AReMActivities_K4,4,activity,STCG-v1 State Mapping,198,29700,30000,standing,walking,0,1.0,3
AReMActivities_K4,4,activity,STCG-v1 State Mapping,201,30150,30450,standing,standing,1,1.0,1
AReMActivities_K4,4,activity,STCG-v1 State Mapping,204,30600,30900,standing,standing,1,1.0,1
AReMActivities_K4,4,activity,STCG-v1 State Mapping,205,30750,31050,standing,standing,1,1.0,1
AReMActivities_K4,4,activity,STCG-v1 State Mapping,206,30900,31200,standing,sitting,0,1.0,0
AReMActivities_K4,4,activity,STCG-v1 State Mapping,207,31050,31350,standing,sitting,0,1.0,0
AReMActivities_K4,4,activity,STCG-v1 State Mapping,208,31200,31500,standing,walking,0,1.0,3
AReMActivities_K4,4,activity,STCG-v1 State Mapping,209,31350,31650,standing,cycling,0,1.0,2
AReMActivities_K4,4,activity,STCG-v1 State Mapping,211,31650,31950,standing,sitting,0,1.0,0
AReMActivities_K4,4,activity,STCG-v1 State Mapping,213,31950,32250,standing,sitting,0,1.0,0
AReMActivities_K4,4,activity,STCG-v1 State Mapping,214,32100,32400,standing,standing,1,1.0,1
AReMActivities_K4,4,activity,STCG-v1 State Mapping,220,33000,33300,standing,sitting,0,1.0,0
AReMActivities_K4,4,activity,STCG-v1 State Mapping,221,33150,33450,standing,sitting,0,1.0,0
AReMActivities_K4,4,activity,STCG-v1 State Mapping,223,33450,33750,standing,sitting,0,1.0,0
AReMActivities_K4,4,activity,STCG-v1 State Mapping,225,33750,34050,standing,cycling,0,1.0,2
AReMActivities_K4,4,activity,STCG-v1 State Mapping,226,33900,34200,standing,sitting,0,1.0,0
AReMActivities_K4,4,activity,STCG-v1 State Mapping,229,34350,34650,standing,sitting,0,1.0,0
AReMActivities_K4,4,activity,STCG-v1 State Mapping,230,34500,34800,standing,sitting,0,1.0,0
AReMActivities_K4,4,activity,STCG-v1 State Mapping,231,34650,34950,standing,sitting,0,1.0,0
AReMActivities_K4,4,activity,STCG-v1 State Mapping,234,35100,35400,walking,walking,1,1.0,3
AReMActivities_K4,4,activity,STCG-v1 State Mapping,235,35250,35550,walking,walking,1,1.0,3
AReMActivities_K4,4,activity,STCG-v1 State Mapping,240,36000,36300,walking,walking,1,1.0,3
AReMActivities_K4,4,activity,STCG-v1 State Mapping,242,36300,36600,walking,walking,1,1.0,3
AReMActivities_K4,4,activity,STCG-v1 State Mapping,243,36450,36750,walking,walking,1,1.0,3
AReMActivities_K4,4,activity,STCG-v1 State Mapping,245,36750,37050,walking,walking,1,1.0,3
AReMActivities_K4,4,activity,STCG-v1 State Mapping,247,37050,37350,walking,walking,1,1.0,3
AReMActivities_K4,4,activity,STCG-v1 State Mapping,248,37200,37500,walking,walking,1,1.0,3
AReMActivities_K4,4,activity,STCG-v1 State Mapping,249,37350,37650,walking,walking,1,1.0,3
AReMActivities_K4,4,activity,STCG-v1 State Mapping,251,37650,37950,walking,walking,1,1.0,3
AReMActivities_K4,4,activity,STCG-v1 State Mapping,253,37950,38250,walking,walking,1,1.0,3
AReMActivities_K4,4,activity,STCG-v1 State Mapping,255,38250,38550,walking,walking,1,1.0,3
AReMActivities_K4,4,activity,STCG-v1 State Mapping,257,38550,38850,walking,walking,1,1.0,3
AReMActivities_K4,4,activity,STCG-v1 State Mapping,260,39000,39300,walking,walking,1,1.0,3
AReMActivities_K4,4,activity,STCG-v1 State Mapping,261,39150,39450,walking,walking,1,1.0,3
AReMActivities_K4,4,activity,STCG-v1 State Mapping,262,39300,39600,walking,walking,1,1.0,3
AReMActivities_K4,4,activity,STCG-v1 State Mapping,264,39600,39900,walking,walking,1,1.0,3
AReMActivities_K4,4,activity,STCG-v1 State Mapping,267,40050,40350,walking,walking,1,1.0,3
AReMActivities_K4,4,activity,STCG-v1 State Mapping,270,40500,40800,walking,walking,1,1.0,3
AReMActivities_K4,4,activity,STCG-v1 State Mapping,273,40950,41250,walking,walking,1,1.0,3
AReMActivities_K4,4,activity,STCG-v1 State Mapping,274,41100,41400,walking,walking,1,1.0,3
AReMActivities_K4,4,activity,STCG-v1 State Mapping,277,41550,41850,walking,walking,1,1.0,3
AReMActivities_K4,4,activity,STCG-v1 State Mapping,278,41700,42000,walking,walking,1,1.0,3
AReMActivities_K4,4,activity,STCG-v1 State Mapping,280,41937,42237,walking,walking,1,1.0,3
