dataset,seed,setting,method,ridge_alpha,graph_min_weight,graph_weight_power,graph_self_weight,state_count,auto_states,min_state_improvement,threshold_passed,kmeans_improvement,temporal_coherence,n_windows,true_state_count,inferred_state_count,adjusted_rand,aligned_accuracy,mean_label_purity,true_label_counts,inferred_state_counts,state_mapping,mae,rmse,node_rmse_mean,node_rmse_max
AReMActivities,0,auto_k2_min_0.00,Dense Ridge,30.0,,,,2,True,0.0,True,0.09828218549989783,0.9202235688796065,197,6,2,0.2505899802096966,0.4873096446700508,0.9873096446700508,bending1:22;bending2:19;cycling:48;lying:48;sitting:48;standing:12,0:51;1:146,"{""0"": ""cycling"", ""1"": ""sitting""}",0.5733895262668768,0.9109366077707814,0.8412092464597661,1.4550835330620835
AReMActivities,0,auto_k2_min_0.00,DynVAR-Lasso Weighted Ridge,30.0,0.01,4.0,1.0,2,True,0.0,True,0.09828218549989783,0.9202235688796065,197,6,2,0.2505899802096966,0.4873096446700508,0.9873096446700508,bending1:22;bending2:19;cycling:48;lying:48;sitting:48;standing:12,0:51;1:146,"{""0"": ""cycling"", ""1"": ""sitting""}",0.5721313053294081,0.9095767313102849,0.8396643635096582,1.454485772146349
AReMActivities,0,auto_k2_min_0.00,STCG-v1 Weighted Ridge,30.0,0.01,4.0,1.0,2,True,0.0,True,0.09828218549989783,0.9202235688796065,197,6,2,0.2505899802096966,0.4873096446700508,0.9873096446700508,bending1:22;bending2:19;cycling:48;lying:48;sitting:48;standing:12,0:51;1:146,"{""0"": ""cycling"", ""1"": ""sitting""}",0.5715653378745336,0.9091719198302292,0.8388110245169411,1.4547197319907905
AReMActivities,0,auto_k2_min_0.00,Dense Ridge,100.0,,,,2,True,0.0,True,0.09828218549989783,0.9202235688796065,197,6,2,0.2505899802096966,0.4873096446700508,0.9873096446700508,bending1:22;bending2:19;cycling:48;lying:48;sitting:48;standing:12,0:51;1:146,"{""0"": ""cycling"", ""1"": ""sitting""}",0.5719614744699092,0.9091155224705617,0.8390023121022033,1.454216576596745
AReMActivities,0,auto_k2_min_0.00,DynVAR-Lasso Weighted Ridge,100.0,0.01,4.0,1.0,2,True,0.0,True,0.09828218549989783,0.9202235688796065,197,6,2,0.2505899802096966,0.4873096446700508,0.9873096446700508,bending1:22;bending2:19;cycling:48;lying:48;sitting:48;standing:12,0:51;1:146,"{""0"": ""cycling"", ""1"": ""sitting""}",0.5690368213435207,0.9061913454538397,0.8355537994584897,1.453147177188716
AReMActivities,0,auto_k2_min_0.00,STCG-v1 Weighted Ridge,100.0,0.01,4.0,1.0,2,True,0.0,True,0.09828218549989783,0.9202235688796065,197,6,2,0.2505899802096966,0.4873096446700508,0.9873096446700508,bending1:22;bending2:19;cycling:48;lying:48;sitting:48;standing:12,0:51;1:146,"{""0"": ""cycling"", ""1"": ""sitting""}",0.568235906370142,0.9057593243797266,0.8342702349030438,1.4539258250619385
AReMActivities,0,auto_k2_min_0.02,Dense Ridge,30.0,,,,2,True,0.02,True,0.09828218549989783,0.9202235688796065,197,6,2,0.2505899802096966,0.4873096446700508,0.9873096446700508,bending1:22;bending2:19;cycling:48;lying:48;sitting:48;standing:12,0:51;1:146,"{""0"": ""cycling"", ""1"": ""sitting""}",0.5733895262668768,0.9109366077707814,0.8412092464597661,1.4550835330620835
AReMActivities,0,auto_k2_min_0.02,DynVAR-Lasso Weighted Ridge,30.0,0.01,4.0,1.0,2,True,0.02,True,0.09828218549989783,0.9202235688796065,197,6,2,0.2505899802096966,0.4873096446700508,0.9873096446700508,bending1:22;bending2:19;cycling:48;lying:48;sitting:48;standing:12,0:51;1:146,"{""0"": ""cycling"", ""1"": ""sitting""}",0.5721313053294081,0.9095767313102849,0.8396643635096582,1.454485772146349
AReMActivities,0,auto_k2_min_0.02,STCG-v1 Weighted Ridge,30.0,0.01,4.0,1.0,2,True,0.02,True,0.09828218549989783,0.9202235688796065,197,6,2,0.2505899802096966,0.4873096446700508,0.9873096446700508,bending1:22;bending2:19;cycling:48;lying:48;sitting:48;standing:12,0:51;1:146,"{""0"": ""cycling"", ""1"": ""sitting""}",0.5715653378745336,0.9091719198302292,0.8388110245169411,1.4547197319907905
AReMActivities,0,auto_k2_min_0.02,Dense Ridge,100.0,,,,2,True,0.02,True,0.09828218549989783,0.9202235688796065,197,6,2,0.2505899802096966,0.4873096446700508,0.9873096446700508,bending1:22;bending2:19;cycling:48;lying:48;sitting:48;standing:12,0:51;1:146,"{""0"": ""cycling"", ""1"": ""sitting""}",0.5719614744699092,0.9091155224705617,0.8390023121022033,1.454216576596745
AReMActivities,0,auto_k2_min_0.02,DynVAR-Lasso Weighted Ridge,100.0,0.01,4.0,1.0,2,True,0.02,True,0.09828218549989783,0.9202235688796065,197,6,2,0.2505899802096966,0.4873096446700508,0.9873096446700508,bending1:22;bending2:19;cycling:48;lying:48;sitting:48;standing:12,0:51;1:146,"{""0"": ""cycling"", ""1"": ""sitting""}",0.5690368213435207,0.9061913454538397,0.8355537994584897,1.453147177188716
AReMActivities,0,auto_k2_min_0.02,STCG-v1 Weighted Ridge,100.0,0.01,4.0,1.0,2,True,0.02,True,0.09828218549989783,0.9202235688796065,197,6,2,0.2505899802096966,0.4873096446700508,0.9873096446700508,bending1:22;bending2:19;cycling:48;lying:48;sitting:48;standing:12,0:51;1:146,"{""0"": ""cycling"", ""1"": ""sitting""}",0.568235906370142,0.9057593243797266,0.8342702349030438,1.4539258250619385
AReMActivities,0,auto_k2_min_0.04,Dense Ridge,30.0,,,,2,True,0.04,True,0.09828218549989783,0.9202235688796065,197,6,2,0.2505899802096966,0.4873096446700508,0.9873096446700508,bending1:22;bending2:19;cycling:48;lying:48;sitting:48;standing:12,0:51;1:146,"{""0"": ""cycling"", ""1"": ""sitting""}",0.5733895262668768,0.9109366077707814,0.8412092464597661,1.4550835330620835
AReMActivities,0,auto_k2_min_0.04,DynVAR-Lasso Weighted Ridge,30.0,0.01,4.0,1.0,2,True,0.04,True,0.09828218549989783,0.9202235688796065,197,6,2,0.2505899802096966,0.4873096446700508,0.9873096446700508,bending1:22;bending2:19;cycling:48;lying:48;sitting:48;standing:12,0:51;1:146,"{""0"": ""cycling"", ""1"": ""sitting""}",0.5721313053294081,0.9095767313102849,0.8396643635096582,1.454485772146349
AReMActivities,0,auto_k2_min_0.04,STCG-v1 Weighted Ridge,30.0,0.01,4.0,1.0,2,True,0.04,True,0.09828218549989783,0.9202235688796065,197,6,2,0.2505899802096966,0.4873096446700508,0.9873096446700508,bending1:22;bending2:19;cycling:48;lying:48;sitting:48;standing:12,0:51;1:146,"{""0"": ""cycling"", ""1"": ""sitting""}",0.5715653378745336,0.9091719198302292,0.8388110245169411,1.4547197319907905
AReMActivities,0,auto_k2_min_0.04,Dense Ridge,100.0,,,,2,True,0.04,True,0.09828218549989783,0.9202235688796065,197,6,2,0.2505899802096966,0.4873096446700508,0.9873096446700508,bending1:22;bending2:19;cycling:48;lying:48;sitting:48;standing:12,0:51;1:146,"{""0"": ""cycling"", ""1"": ""sitting""}",0.5719614744699092,0.9091155224705617,0.8390023121022033,1.454216576596745
AReMActivities,0,auto_k2_min_0.04,DynVAR-Lasso Weighted Ridge,100.0,0.01,4.0,1.0,2,True,0.04,True,0.09828218549989783,0.9202235688796065,197,6,2,0.2505899802096966,0.4873096446700508,0.9873096446700508,bending1:22;bending2:19;cycling:48;lying:48;sitting:48;standing:12,0:51;1:146,"{""0"": ""cycling"", ""1"": ""sitting""}",0.5690368213435207,0.9061913454538397,0.8355537994584897,1.453147177188716
AReMActivities,0,auto_k2_min_0.04,STCG-v1 Weighted Ridge,100.0,0.01,4.0,1.0,2,True,0.04,True,0.09828218549989783,0.9202235688796065,197,6,2,0.2505899802096966,0.4873096446700508,0.9873096446700508,bending1:22;bending2:19;cycling:48;lying:48;sitting:48;standing:12,0:51;1:146,"{""0"": ""cycling"", ""1"": ""sitting""}",0.568235906370142,0.9057593243797266,0.8342702349030438,1.4539258250619385
AReMActivities,0,auto_k2_min_0.06,Dense Ridge,30.0,,,,2,True,0.06,True,0.09828218549989783,0.9202235688796065,197,6,2,0.2505899802096966,0.4873096446700508,0.9873096446700508,bending1:22;bending2:19;cycling:48;lying:48;sitting:48;standing:12,0:51;1:146,"{""0"": ""cycling"", ""1"": ""sitting""}",0.5733895262668768,0.9109366077707814,0.8412092464597661,1.4550835330620835
AReMActivities,0,auto_k2_min_0.06,DynVAR-Lasso Weighted Ridge,30.0,0.01,4.0,1.0,2,True,0.06,True,0.09828218549989783,0.9202235688796065,197,6,2,0.2505899802096966,0.4873096446700508,0.9873096446700508,bending1:22;bending2:19;cycling:48;lying:48;sitting:48;standing:12,0:51;1:146,"{""0"": ""cycling"", ""1"": ""sitting""}",0.5721313053294081,0.9095767313102849,0.8396643635096582,1.454485772146349
AReMActivities,0,auto_k2_min_0.06,STCG-v1 Weighted Ridge,30.0,0.01,4.0,1.0,2,True,0.06,True,0.09828218549989783,0.9202235688796065,197,6,2,0.2505899802096966,0.4873096446700508,0.9873096446700508,bending1:22;bending2:19;cycling:48;lying:48;sitting:48;standing:12,0:51;1:146,"{""0"": ""cycling"", ""1"": ""sitting""}",0.5715653378745336,0.9091719198302292,0.8388110245169411,1.4547197319907905
AReMActivities,0,auto_k2_min_0.06,Dense Ridge,100.0,,,,2,True,0.06,True,0.09828218549989783,0.9202235688796065,197,6,2,0.2505899802096966,0.4873096446700508,0.9873096446700508,bending1:22;bending2:19;cycling:48;lying:48;sitting:48;standing:12,0:51;1:146,"{""0"": ""cycling"", ""1"": ""sitting""}",0.5719614744699092,0.9091155224705617,0.8390023121022033,1.454216576596745
AReMActivities,0,auto_k2_min_0.06,DynVAR-Lasso Weighted Ridge,100.0,0.01,4.0,1.0,2,True,0.06,True,0.09828218549989783,0.9202235688796065,197,6,2,0.2505899802096966,0.4873096446700508,0.9873096446700508,bending1:22;bending2:19;cycling:48;lying:48;sitting:48;standing:12,0:51;1:146,"{""0"": ""cycling"", ""1"": ""sitting""}",0.5690368213435207,0.9061913454538397,0.8355537994584897,1.453147177188716
AReMActivities,0,auto_k2_min_0.06,STCG-v1 Weighted Ridge,100.0,0.01,4.0,1.0,2,True,0.06,True,0.09828218549989783,0.9202235688796065,197,6,2,0.2505899802096966,0.4873096446700508,0.9873096446700508,bending1:22;bending2:19;cycling:48;lying:48;sitting:48;standing:12,0:51;1:146,"{""0"": ""cycling"", ""1"": ""sitting""}",0.568235906370142,0.9057593243797266,0.8342702349030438,1.4539258250619385
AReMActivities,0,auto_k2_min_0.08,Dense Ridge,30.0,,,,2,True,0.08,True,0.09828218549989783,0.9202235688796065,197,6,2,0.2505899802096966,0.4873096446700508,0.9873096446700508,bending1:22;bending2:19;cycling:48;lying:48;sitting:48;standing:12,0:51;1:146,"{""0"": ""cycling"", ""1"": ""sitting""}",0.5733895262668768,0.9109366077707814,0.8412092464597661,1.4550835330620835
AReMActivities,0,auto_k2_min_0.08,DynVAR-Lasso Weighted Ridge,30.0,0.01,4.0,1.0,2,True,0.08,True,0.09828218549989783,0.9202235688796065,197,6,2,0.2505899802096966,0.4873096446700508,0.9873096446700508,bending1:22;bending2:19;cycling:48;lying:48;sitting:48;standing:12,0:51;1:146,"{""0"": ""cycling"", ""1"": ""sitting""}",0.5721313053294081,0.9095767313102849,0.8396643635096582,1.454485772146349
AReMActivities,0,auto_k2_min_0.08,STCG-v1 Weighted Ridge,30.0,0.01,4.0,1.0,2,True,0.08,True,0.09828218549989783,0.9202235688796065,197,6,2,0.2505899802096966,0.4873096446700508,0.9873096446700508,bending1:22;bending2:19;cycling:48;lying:48;sitting:48;standing:12,0:51;1:146,"{""0"": ""cycling"", ""1"": ""sitting""}",0.5715653378745336,0.9091719198302292,0.8388110245169411,1.4547197319907905
AReMActivities,0,auto_k2_min_0.08,Dense Ridge,100.0,,,,2,True,0.08,True,0.09828218549989783,0.9202235688796065,197,6,2,0.2505899802096966,0.4873096446700508,0.9873096446700508,bending1:22;bending2:19;cycling:48;lying:48;sitting:48;standing:12,0:51;1:146,"{""0"": ""cycling"", ""1"": ""sitting""}",0.5719614744699092,0.9091155224705617,0.8390023121022033,1.454216576596745
AReMActivities,0,auto_k2_min_0.08,DynVAR-Lasso Weighted Ridge,100.0,0.01,4.0,1.0,2,True,0.08,True,0.09828218549989783,0.9202235688796065,197,6,2,0.2505899802096966,0.4873096446700508,0.9873096446700508,bending1:22;bending2:19;cycling:48;lying:48;sitting:48;standing:12,0:51;1:146,"{""0"": ""cycling"", ""1"": ""sitting""}",0.5690368213435207,0.9061913454538397,0.8355537994584897,1.453147177188716
AReMActivities,0,auto_k2_min_0.08,STCG-v1 Weighted Ridge,100.0,0.01,4.0,1.0,2,True,0.08,True,0.09828218549989783,0.9202235688796065,197,6,2,0.2505899802096966,0.4873096446700508,0.9873096446700508,bending1:22;bending2:19;cycling:48;lying:48;sitting:48;standing:12,0:51;1:146,"{""0"": ""cycling"", ""1"": ""sitting""}",0.568235906370142,0.9057593243797266,0.8342702349030438,1.4539258250619385
AReMActivities,0,auto_k2_min_0.10,Dense Ridge,30.0,,,,2,True,0.1,True,0.09828218549989783,0.9202235688796065,197,6,2,0.2505899802096966,0.4873096446700508,0.9873096446700508,bending1:22;bending2:19;cycling:48;lying:48;sitting:48;standing:12,0:51;1:146,"{""0"": ""cycling"", ""1"": ""sitting""}",0.5733895262668768,0.9109366077707814,0.8412092464597661,1.4550835330620835
AReMActivities,0,auto_k2_min_0.10,DynVAR-Lasso Weighted Ridge,30.0,0.01,4.0,1.0,2,True,0.1,True,0.09828218549989783,0.9202235688796065,197,6,2,0.2505899802096966,0.4873096446700508,0.9873096446700508,bending1:22;bending2:19;cycling:48;lying:48;sitting:48;standing:12,0:51;1:146,"{""0"": ""cycling"", ""1"": ""sitting""}",0.5721313053294081,0.9095767313102849,0.8396643635096582,1.454485772146349
AReMActivities,0,auto_k2_min_0.10,STCG-v1 Weighted Ridge,30.0,0.01,4.0,1.0,2,True,0.1,True,0.09828218549989783,0.9202235688796065,197,6,2,0.2505899802096966,0.4873096446700508,0.9873096446700508,bending1:22;bending2:19;cycling:48;lying:48;sitting:48;standing:12,0:51;1:146,"{""0"": ""cycling"", ""1"": ""sitting""}",0.5715653378745336,0.9091719198302292,0.8388110245169411,1.4547197319907905
AReMActivities,0,auto_k2_min_0.10,Dense Ridge,100.0,,,,2,True,0.1,True,0.09828218549989783,0.9202235688796065,197,6,2,0.2505899802096966,0.4873096446700508,0.9873096446700508,bending1:22;bending2:19;cycling:48;lying:48;sitting:48;standing:12,0:51;1:146,"{""0"": ""cycling"", ""1"": ""sitting""}",0.5719614744699092,0.9091155224705617,0.8390023121022033,1.454216576596745
AReMActivities,0,auto_k2_min_0.10,DynVAR-Lasso Weighted Ridge,100.0,0.01,4.0,1.0,2,True,0.1,True,0.09828218549989783,0.9202235688796065,197,6,2,0.2505899802096966,0.4873096446700508,0.9873096446700508,bending1:22;bending2:19;cycling:48;lying:48;sitting:48;standing:12,0:51;1:146,"{""0"": ""cycling"", ""1"": ""sitting""}",0.5690368213435207,0.9061913454538397,0.8355537994584897,1.453147177188716
AReMActivities,0,auto_k2_min_0.10,STCG-v1 Weighted Ridge,100.0,0.01,4.0,1.0,2,True,0.1,True,0.09828218549989783,0.9202235688796065,197,6,2,0.2505899802096966,0.4873096446700508,0.9873096446700508,bending1:22;bending2:19;cycling:48;lying:48;sitting:48;standing:12,0:51;1:146,"{""0"": ""cycling"", ""1"": ""sitting""}",0.568235906370142,0.9057593243797266,0.8342702349030438,1.4539258250619385
AReMActivities,0,auto_k2_min_0.12,Dense Ridge,30.0,,,,2,True,0.12,True,0.09828218549989783,0.9202235688796065,197,6,2,0.2505899802096966,0.4873096446700508,0.9873096446700508,bending1:22;bending2:19;cycling:48;lying:48;sitting:48;standing:12,0:51;1:146,"{""0"": ""cycling"", ""1"": ""sitting""}",0.5733895262668768,0.9109366077707814,0.8412092464597661,1.4550835330620835
AReMActivities,0,auto_k2_min_0.12,DynVAR-Lasso Weighted Ridge,30.0,0.01,4.0,1.0,2,True,0.12,True,0.09828218549989783,0.9202235688796065,197,6,2,0.2505899802096966,0.4873096446700508,0.9873096446700508,bending1:22;bending2:19;cycling:48;lying:48;sitting:48;standing:12,0:51;1:146,"{""0"": ""cycling"", ""1"": ""sitting""}",0.5721313053294081,0.9095767313102849,0.8396643635096582,1.454485772146349
AReMActivities,0,auto_k2_min_0.12,STCG-v1 Weighted Ridge,30.0,0.01,4.0,1.0,2,True,0.12,True,0.09828218549989783,0.9202235688796065,197,6,2,0.2505899802096966,0.4873096446700508,0.9873096446700508,bending1:22;bending2:19;cycling:48;lying:48;sitting:48;standing:12,0:51;1:146,"{""0"": ""cycling"", ""1"": ""sitting""}",0.5715653378745336,0.9091719198302292,0.8388110245169411,1.4547197319907905
AReMActivities,0,auto_k2_min_0.12,Dense Ridge,100.0,,,,2,True,0.12,True,0.09828218549989783,0.9202235688796065,197,6,2,0.2505899802096966,0.4873096446700508,0.9873096446700508,bending1:22;bending2:19;cycling:48;lying:48;sitting:48;standing:12,0:51;1:146,"{""0"": ""cycling"", ""1"": ""sitting""}",0.5719614744699092,0.9091155224705617,0.8390023121022033,1.454216576596745
AReMActivities,0,auto_k2_min_0.12,DynVAR-Lasso Weighted Ridge,100.0,0.01,4.0,1.0,2,True,0.12,True,0.09828218549989783,0.9202235688796065,197,6,2,0.2505899802096966,0.4873096446700508,0.9873096446700508,bending1:22;bending2:19;cycling:48;lying:48;sitting:48;standing:12,0:51;1:146,"{""0"": ""cycling"", ""1"": ""sitting""}",0.5690368213435207,0.9061913454538397,0.8355537994584897,1.453147177188716
AReMActivities,0,auto_k2_min_0.12,STCG-v1 Weighted Ridge,100.0,0.01,4.0,1.0,2,True,0.12,True,0.09828218549989783,0.9202235688796065,197,6,2,0.2505899802096966,0.4873096446700508,0.9873096446700508,bending1:22;bending2:19;cycling:48;lying:48;sitting:48;standing:12,0:51;1:146,"{""0"": ""cycling"", ""1"": ""sitting""}",0.568235906370142,0.9057593243797266,0.8342702349030438,1.4539258250619385
AReMActivities,0,auto_k2_min_0.16,Dense Ridge,30.0,,,,2,True,0.16,True,0.09828218549989783,0.9202235688796065,197,6,2,0.2505899802096966,0.4873096446700508,0.9873096446700508,bending1:22;bending2:19;cycling:48;lying:48;sitting:48;standing:12,0:51;1:146,"{""0"": ""cycling"", ""1"": ""sitting""}",0.5733895262668768,0.9109366077707814,0.8412092464597661,1.4550835330620835
AReMActivities,0,auto_k2_min_0.16,DynVAR-Lasso Weighted Ridge,30.0,0.01,4.0,1.0,2,True,0.16,True,0.09828218549989783,0.9202235688796065,197,6,2,0.2505899802096966,0.4873096446700508,0.9873096446700508,bending1:22;bending2:19;cycling:48;lying:48;sitting:48;standing:12,0:51;1:146,"{""0"": ""cycling"", ""1"": ""sitting""}",0.5721313053294081,0.9095767313102849,0.8396643635096582,1.454485772146349
AReMActivities,0,auto_k2_min_0.16,STCG-v1 Weighted Ridge,30.0,0.01,4.0,1.0,2,True,0.16,True,0.09828218549989783,0.9202235688796065,197,6,2,0.2505899802096966,0.4873096446700508,0.9873096446700508,bending1:22;bending2:19;cycling:48;lying:48;sitting:48;standing:12,0:51;1:146,"{""0"": ""cycling"", ""1"": ""sitting""}",0.5715653378745336,0.9091719198302292,0.8388110245169411,1.4547197319907905
AReMActivities,0,auto_k2_min_0.16,Dense Ridge,100.0,,,,2,True,0.16,True,0.09828218549989783,0.9202235688796065,197,6,2,0.2505899802096966,0.4873096446700508,0.9873096446700508,bending1:22;bending2:19;cycling:48;lying:48;sitting:48;standing:12,0:51;1:146,"{""0"": ""cycling"", ""1"": ""sitting""}",0.5719614744699092,0.9091155224705617,0.8390023121022033,1.454216576596745
AReMActivities,0,auto_k2_min_0.16,DynVAR-Lasso Weighted Ridge,100.0,0.01,4.0,1.0,2,True,0.16,True,0.09828218549989783,0.9202235688796065,197,6,2,0.2505899802096966,0.4873096446700508,0.9873096446700508,bending1:22;bending2:19;cycling:48;lying:48;sitting:48;standing:12,0:51;1:146,"{""0"": ""cycling"", ""1"": ""sitting""}",0.5690368213435207,0.9061913454538397,0.8355537994584897,1.453147177188716
AReMActivities,0,auto_k2_min_0.16,STCG-v1 Weighted Ridge,100.0,0.01,4.0,1.0,2,True,0.16,True,0.09828218549989783,0.9202235688796065,197,6,2,0.2505899802096966,0.4873096446700508,0.9873096446700508,bending1:22;bending2:19;cycling:48;lying:48;sitting:48;standing:12,0:51;1:146,"{""0"": ""cycling"", ""1"": ""sitting""}",0.568235906370142,0.9057593243797266,0.8342702349030438,1.4539258250619385
AReMActivities,0,auto_k2_min_0.20,Dense Ridge,30.0,,,,2,True,0.2,True,0.09828218549989783,0.9202235688796065,197,6,2,0.2505899802096966,0.4873096446700508,0.9873096446700508,bending1:22;bending2:19;cycling:48;lying:48;sitting:48;standing:12,0:51;1:146,"{""0"": ""cycling"", ""1"": ""sitting""}",0.5733895262668768,0.9109366077707814,0.8412092464597661,1.4550835330620835
AReMActivities,0,auto_k2_min_0.20,DynVAR-Lasso Weighted Ridge,30.0,0.01,4.0,1.0,2,True,0.2,True,0.09828218549989783,0.9202235688796065,197,6,2,0.2505899802096966,0.4873096446700508,0.9873096446700508,bending1:22;bending2:19;cycling:48;lying:48;sitting:48;standing:12,0:51;1:146,"{""0"": ""cycling"", ""1"": ""sitting""}",0.5721313053294081,0.9095767313102849,0.8396643635096582,1.454485772146349
AReMActivities,0,auto_k2_min_0.20,STCG-v1 Weighted Ridge,30.0,0.01,4.0,1.0,2,True,0.2,True,0.09828218549989783,0.9202235688796065,197,6,2,0.2505899802096966,0.4873096446700508,0.9873096446700508,bending1:22;bending2:19;cycling:48;lying:48;sitting:48;standing:12,0:51;1:146,"{""0"": ""cycling"", ""1"": ""sitting""}",0.5715653378745336,0.9091719198302292,0.8388110245169411,1.4547197319907905
AReMActivities,0,auto_k2_min_0.20,Dense Ridge,100.0,,,,2,True,0.2,True,0.09828218549989783,0.9202235688796065,197,6,2,0.2505899802096966,0.4873096446700508,0.9873096446700508,bending1:22;bending2:19;cycling:48;lying:48;sitting:48;standing:12,0:51;1:146,"{""0"": ""cycling"", ""1"": ""sitting""}",0.5719614744699092,0.9091155224705617,0.8390023121022033,1.454216576596745
AReMActivities,0,auto_k2_min_0.20,DynVAR-Lasso Weighted Ridge,100.0,0.01,4.0,1.0,2,True,0.2,True,0.09828218549989783,0.9202235688796065,197,6,2,0.2505899802096966,0.4873096446700508,0.9873096446700508,bending1:22;bending2:19;cycling:48;lying:48;sitting:48;standing:12,0:51;1:146,"{""0"": ""cycling"", ""1"": ""sitting""}",0.5690368213435207,0.9061913454538397,0.8355537994584897,1.453147177188716
AReMActivities,0,auto_k2_min_0.20,STCG-v1 Weighted Ridge,100.0,0.01,4.0,1.0,2,True,0.2,True,0.09828218549989783,0.9202235688796065,197,6,2,0.2505899802096966,0.4873096446700508,0.9873096446700508,bending1:22;bending2:19;cycling:48;lying:48;sitting:48;standing:12,0:51;1:146,"{""0"": ""cycling"", ""1"": ""sitting""}",0.568235906370142,0.9057593243797266,0.8342702349030438,1.4539258250619385
AReMActivities,0,forced_k2,Dense Ridge,30.0,,,,2,False,0.0,True,0.09828218549989783,0.9202235688796065,197,6,2,0.2505899802096966,0.4873096446700508,0.9873096446700508,bending1:22;bending2:19;cycling:48;lying:48;sitting:48;standing:12,0:51;1:146,"{""0"": ""cycling"", ""1"": ""sitting""}",0.5733895262668768,0.9109366077707814,0.8412092464597661,1.4550835330620835
AReMActivities,0,forced_k2,DynVAR-Lasso Weighted Ridge,30.0,0.01,4.0,1.0,2,False,0.0,True,0.09828218549989783,0.9202235688796065,197,6,2,0.2505899802096966,0.4873096446700508,0.9873096446700508,bending1:22;bending2:19;cycling:48;lying:48;sitting:48;standing:12,0:51;1:146,"{""0"": ""cycling"", ""1"": ""sitting""}",0.5721313053294081,0.9095767313102849,0.8396643635096582,1.454485772146349
AReMActivities,0,forced_k2,STCG-v1 Weighted Ridge,30.0,0.01,4.0,1.0,2,False,0.0,True,0.09828218549989783,0.9202235688796065,197,6,2,0.2505899802096966,0.4873096446700508,0.9873096446700508,bending1:22;bending2:19;cycling:48;lying:48;sitting:48;standing:12,0:51;1:146,"{""0"": ""cycling"", ""1"": ""sitting""}",0.5715653378745336,0.9091719198302292,0.8388110245169411,1.4547197319907905
AReMActivities,0,forced_k2,Dense Ridge,100.0,,,,2,False,0.0,True,0.09828218549989783,0.9202235688796065,197,6,2,0.2505899802096966,0.4873096446700508,0.9873096446700508,bending1:22;bending2:19;cycling:48;lying:48;sitting:48;standing:12,0:51;1:146,"{""0"": ""cycling"", ""1"": ""sitting""}",0.5719614744699092,0.9091155224705617,0.8390023121022033,1.454216576596745
AReMActivities,0,forced_k2,DynVAR-Lasso Weighted Ridge,100.0,0.01,4.0,1.0,2,False,0.0,True,0.09828218549989783,0.9202235688796065,197,6,2,0.2505899802096966,0.4873096446700508,0.9873096446700508,bending1:22;bending2:19;cycling:48;lying:48;sitting:48;standing:12,0:51;1:146,"{""0"": ""cycling"", ""1"": ""sitting""}",0.5690368213435207,0.9061913454538397,0.8355537994584897,1.453147177188716
AReMActivities,0,forced_k2,STCG-v1 Weighted Ridge,100.0,0.01,4.0,1.0,2,False,0.0,True,0.09828218549989783,0.9202235688796065,197,6,2,0.2505899802096966,0.4873096446700508,0.9873096446700508,bending1:22;bending2:19;cycling:48;lying:48;sitting:48;standing:12,0:51;1:146,"{""0"": ""cycling"", ""1"": ""sitting""}",0.568235906370142,0.9057593243797266,0.8342702349030438,1.4539258250619385
AReMActivities,0,auto_k3_min_0.00,Dense Ridge,30.0,,,,3,True,0.0,True,0.126682261408676,0.6548380449118423,197,6,3,0.3265601338338383,0.5025380710659898,0.9873096446700508,bending1:22;bending2:19;cycling:48;lying:48;sitting:48;standing:12,0:50;1:42;2:105,"{""0"": ""cycling"", ""1"": ""bending2"", ""2"": ""lying""}",0.5733895262668768,0.9109366077707814,0.8412092464597661,1.4550835330620835
AReMActivities,0,auto_k3_min_0.00,DynVAR-Lasso Weighted Ridge,30.0,0.01,4.0,1.0,3,True,0.0,True,0.126682261408676,0.6548380449118423,197,6,3,0.3265601338338383,0.5025380710659898,0.9873096446700508,bending1:22;bending2:19;cycling:48;lying:48;sitting:48;standing:12,0:50;1:42;2:105,"{""0"": ""cycling"", ""1"": ""bending2"", ""2"": ""lying""}",0.5721313053294081,0.9095767313102849,0.8396643635096582,1.454485772146349
AReMActivities,0,auto_k3_min_0.00,STCG-v1 Weighted Ridge,30.0,0.01,4.0,1.0,3,True,0.0,True,0.126682261408676,0.6548380449118423,197,6,3,0.3265601338338383,0.5025380710659898,0.9873096446700508,bending1:22;bending2:19;cycling:48;lying:48;sitting:48;standing:12,0:50;1:42;2:105,"{""0"": ""cycling"", ""1"": ""bending2"", ""2"": ""lying""}",0.5715986265620798,0.9093206851691085,0.8389785537102877,1.4543214154355502
AReMActivities,0,auto_k3_min_0.00,Dense Ridge,100.0,,,,3,True,0.0,True,0.126682261408676,0.6548380449118423,197,6,3,0.3265601338338383,0.5025380710659898,0.9873096446700508,bending1:22;bending2:19;cycling:48;lying:48;sitting:48;standing:12,0:50;1:42;2:105,"{""0"": ""cycling"", ""1"": ""bending2"", ""2"": ""lying""}",0.5719614744699092,0.9091155224705617,0.8390023121022033,1.454216576596745
AReMActivities,0,auto_k3_min_0.00,DynVAR-Lasso Weighted Ridge,100.0,0.01,4.0,1.0,3,True,0.0,True,0.126682261408676,0.6548380449118423,197,6,3,0.3265601338338383,0.5025380710659898,0.9873096446700508,bending1:22;bending2:19;cycling:48;lying:48;sitting:48;standing:12,0:50;1:42;2:105,"{""0"": ""cycling"", ""1"": ""bending2"", ""2"": ""lying""}",0.5690368213435207,0.9061913454538397,0.8355537994584897,1.453147177188716
AReMActivities,0,auto_k3_min_0.00,STCG-v1 Weighted Ridge,100.0,0.01,4.0,1.0,3,True,0.0,True,0.126682261408676,0.6548380449118423,197,6,3,0.3265601338338383,0.5025380710659898,0.9873096446700508,bending1:22;bending2:19;cycling:48;lying:48;sitting:48;standing:12,0:50;1:42;2:105,"{""0"": ""cycling"", ""1"": ""bending2"", ""2"": ""lying""}",0.5680715248222729,0.9056949280940931,0.8343132133365048,1.4526100097498733
AReMActivities,0,auto_k3_min_0.02,Dense Ridge,30.0,,,,3,True,0.02,True,0.126682261408676,0.6548380449118423,197,6,3,0.3265601338338383,0.5025380710659898,0.9873096446700508,bending1:22;bending2:19;cycling:48;lying:48;sitting:48;standing:12,0:50;1:42;2:105,"{""0"": ""cycling"", ""1"": ""bending2"", ""2"": ""lying""}",0.5733895262668768,0.9109366077707814,0.8412092464597661,1.4550835330620835
AReMActivities,0,auto_k3_min_0.02,DynVAR-Lasso Weighted Ridge,30.0,0.01,4.0,1.0,3,True,0.02,True,0.126682261408676,0.6548380449118423,197,6,3,0.3265601338338383,0.5025380710659898,0.9873096446700508,bending1:22;bending2:19;cycling:48;lying:48;sitting:48;standing:12,0:50;1:42;2:105,"{""0"": ""cycling"", ""1"": ""bending2"", ""2"": ""lying""}",0.5721313053294081,0.9095767313102849,0.8396643635096582,1.454485772146349
AReMActivities,0,auto_k3_min_0.02,STCG-v1 Weighted Ridge,30.0,0.01,4.0,1.0,3,True,0.02,True,0.126682261408676,0.6548380449118423,197,6,3,0.3265601338338383,0.5025380710659898,0.9873096446700508,bending1:22;bending2:19;cycling:48;lying:48;sitting:48;standing:12,0:50;1:42;2:105,"{""0"": ""cycling"", ""1"": ""bending2"", ""2"": ""lying""}",0.5715986265620798,0.9093206851691085,0.8389785537102877,1.4543214154355502
AReMActivities,0,auto_k3_min_0.02,Dense Ridge,100.0,,,,3,True,0.02,True,0.126682261408676,0.6548380449118423,197,6,3,0.3265601338338383,0.5025380710659898,0.9873096446700508,bending1:22;bending2:19;cycling:48;lying:48;sitting:48;standing:12,0:50;1:42;2:105,"{""0"": ""cycling"", ""1"": ""bending2"", ""2"": ""lying""}",0.5719614744699092,0.9091155224705617,0.8390023121022033,1.454216576596745
AReMActivities,0,auto_k3_min_0.02,DynVAR-Lasso Weighted Ridge,100.0,0.01,4.0,1.0,3,True,0.02,True,0.126682261408676,0.6548380449118423,197,6,3,0.3265601338338383,0.5025380710659898,0.9873096446700508,bending1:22;bending2:19;cycling:48;lying:48;sitting:48;standing:12,0:50;1:42;2:105,"{""0"": ""cycling"", ""1"": ""bending2"", ""2"": ""lying""}",0.5690368213435207,0.9061913454538397,0.8355537994584897,1.453147177188716
AReMActivities,0,auto_k3_min_0.02,STCG-v1 Weighted Ridge,100.0,0.01,4.0,1.0,3,True,0.02,True,0.126682261408676,0.6548380449118423,197,6,3,0.3265601338338383,0.5025380710659898,0.9873096446700508,bending1:22;bending2:19;cycling:48;lying:48;sitting:48;standing:12,0:50;1:42;2:105,"{""0"": ""cycling"", ""1"": ""bending2"", ""2"": ""lying""}",0.5680715248222729,0.9056949280940931,0.8343132133365048,1.4526100097498733
AReMActivities,0,auto_k3_min_0.04,Dense Ridge,30.0,,,,3,True,0.04,True,0.126682261408676,0.6548380449118423,197,6,3,0.3265601338338383,0.5025380710659898,0.9873096446700508,bending1:22;bending2:19;cycling:48;lying:48;sitting:48;standing:12,0:50;1:42;2:105,"{""0"": ""cycling"", ""1"": ""bending2"", ""2"": ""lying""}",0.5733895262668768,0.9109366077707814,0.8412092464597661,1.4550835330620835
AReMActivities,0,auto_k3_min_0.04,DynVAR-Lasso Weighted Ridge,30.0,0.01,4.0,1.0,3,True,0.04,True,0.126682261408676,0.6548380449118423,197,6,3,0.3265601338338383,0.5025380710659898,0.9873096446700508,bending1:22;bending2:19;cycling:48;lying:48;sitting:48;standing:12,0:50;1:42;2:105,"{""0"": ""cycling"", ""1"": ""bending2"", ""2"": ""lying""}",0.5721313053294081,0.9095767313102849,0.8396643635096582,1.454485772146349
AReMActivities,0,auto_k3_min_0.04,STCG-v1 Weighted Ridge,30.0,0.01,4.0,1.0,3,True,0.04,True,0.126682261408676,0.6548380449118423,197,6,3,0.3265601338338383,0.5025380710659898,0.9873096446700508,bending1:22;bending2:19;cycling:48;lying:48;sitting:48;standing:12,0:50;1:42;2:105,"{""0"": ""cycling"", ""1"": ""bending2"", ""2"": ""lying""}",0.5715986265620798,0.9093206851691085,0.8389785537102877,1.4543214154355502
AReMActivities,0,auto_k3_min_0.04,Dense Ridge,100.0,,,,3,True,0.04,True,0.126682261408676,0.6548380449118423,197,6,3,0.3265601338338383,0.5025380710659898,0.9873096446700508,bending1:22;bending2:19;cycling:48;lying:48;sitting:48;standing:12,0:50;1:42;2:105,"{""0"": ""cycling"", ""1"": ""bending2"", ""2"": ""lying""}",0.5719614744699092,0.9091155224705617,0.8390023121022033,1.454216576596745
AReMActivities,0,auto_k3_min_0.04,DynVAR-Lasso Weighted Ridge,100.0,0.01,4.0,1.0,3,True,0.04,True,0.126682261408676,0.6548380449118423,197,6,3,0.3265601338338383,0.5025380710659898,0.9873096446700508,bending1:22;bending2:19;cycling:48;lying:48;sitting:48;standing:12,0:50;1:42;2:105,"{""0"": ""cycling"", ""1"": ""bending2"", ""2"": ""lying""}",0.5690368213435207,0.9061913454538397,0.8355537994584897,1.453147177188716
AReMActivities,0,auto_k3_min_0.04,STCG-v1 Weighted Ridge,100.0,0.01,4.0,1.0,3,True,0.04,True,0.126682261408676,0.6548380449118423,197,6,3,0.3265601338338383,0.5025380710659898,0.9873096446700508,bending1:22;bending2:19;cycling:48;lying:48;sitting:48;standing:12,0:50;1:42;2:105,"{""0"": ""cycling"", ""1"": ""bending2"", ""2"": ""lying""}",0.5680715248222729,0.9056949280940931,0.8343132133365048,1.4526100097498733
AReMActivities,0,auto_k3_min_0.06,Dense Ridge,30.0,,,,3,True,0.06,True,0.126682261408676,0.6548380449118423,197,6,3,0.3265601338338383,0.5025380710659898,0.9873096446700508,bending1:22;bending2:19;cycling:48;lying:48;sitting:48;standing:12,0:50;1:42;2:105,"{""0"": ""cycling"", ""1"": ""bending2"", ""2"": ""lying""}",0.5733895262668768,0.9109366077707814,0.8412092464597661,1.4550835330620835
AReMActivities,0,auto_k3_min_0.06,DynVAR-Lasso Weighted Ridge,30.0,0.01,4.0,1.0,3,True,0.06,True,0.126682261408676,0.6548380449118423,197,6,3,0.3265601338338383,0.5025380710659898,0.9873096446700508,bending1:22;bending2:19;cycling:48;lying:48;sitting:48;standing:12,0:50;1:42;2:105,"{""0"": ""cycling"", ""1"": ""bending2"", ""2"": ""lying""}",0.5721313053294081,0.9095767313102849,0.8396643635096582,1.454485772146349
AReMActivities,0,auto_k3_min_0.06,STCG-v1 Weighted Ridge,30.0,0.01,4.0,1.0,3,True,0.06,True,0.126682261408676,0.6548380449118423,197,6,3,0.3265601338338383,0.5025380710659898,0.9873096446700508,bending1:22;bending2:19;cycling:48;lying:48;sitting:48;standing:12,0:50;1:42;2:105,"{""0"": ""cycling"", ""1"": ""bending2"", ""2"": ""lying""}",0.5715986265620798,0.9093206851691085,0.8389785537102877,1.4543214154355502
AReMActivities,0,auto_k3_min_0.06,Dense Ridge,100.0,,,,3,True,0.06,True,0.126682261408676,0.6548380449118423,197,6,3,0.3265601338338383,0.5025380710659898,0.9873096446700508,bending1:22;bending2:19;cycling:48;lying:48;sitting:48;standing:12,0:50;1:42;2:105,"{""0"": ""cycling"", ""1"": ""bending2"", ""2"": ""lying""}",0.5719614744699092,0.9091155224705617,0.8390023121022033,1.454216576596745
AReMActivities,0,auto_k3_min_0.06,DynVAR-Lasso Weighted Ridge,100.0,0.01,4.0,1.0,3,True,0.06,True,0.126682261408676,0.6548380449118423,197,6,3,0.3265601338338383,0.5025380710659898,0.9873096446700508,bending1:22;bending2:19;cycling:48;lying:48;sitting:48;standing:12,0:50;1:42;2:105,"{""0"": ""cycling"", ""1"": ""bending2"", ""2"": ""lying""}",0.5690368213435207,0.9061913454538397,0.8355537994584897,1.453147177188716
AReMActivities,0,auto_k3_min_0.06,STCG-v1 Weighted Ridge,100.0,0.01,4.0,1.0,3,True,0.06,True,0.126682261408676,0.6548380449118423,197,6,3,0.3265601338338383,0.5025380710659898,0.9873096446700508,bending1:22;bending2:19;cycling:48;lying:48;sitting:48;standing:12,0:50;1:42;2:105,"{""0"": ""cycling"", ""1"": ""bending2"", ""2"": ""lying""}",0.5680715248222729,0.9056949280940931,0.8343132133365048,1.4526100097498733
AReMActivities,0,auto_k3_min_0.08,Dense Ridge,30.0,,,,3,True,0.08,True,0.126682261408676,0.6548380449118423,197,6,3,0.3265601338338383,0.5025380710659898,0.9873096446700508,bending1:22;bending2:19;cycling:48;lying:48;sitting:48;standing:12,0:50;1:42;2:105,"{""0"": ""cycling"", ""1"": ""bending2"", ""2"": ""lying""}",0.5733895262668768,0.9109366077707814,0.8412092464597661,1.4550835330620835
AReMActivities,0,auto_k3_min_0.08,DynVAR-Lasso Weighted Ridge,30.0,0.01,4.0,1.0,3,True,0.08,True,0.126682261408676,0.6548380449118423,197,6,3,0.3265601338338383,0.5025380710659898,0.9873096446700508,bending1:22;bending2:19;cycling:48;lying:48;sitting:48;standing:12,0:50;1:42;2:105,"{""0"": ""cycling"", ""1"": ""bending2"", ""2"": ""lying""}",0.5721313053294081,0.9095767313102849,0.8396643635096582,1.454485772146349
AReMActivities,0,auto_k3_min_0.08,STCG-v1 Weighted Ridge,30.0,0.01,4.0,1.0,3,True,0.08,True,0.126682261408676,0.6548380449118423,197,6,3,0.3265601338338383,0.5025380710659898,0.9873096446700508,bending1:22;bending2:19;cycling:48;lying:48;sitting:48;standing:12,0:50;1:42;2:105,"{""0"": ""cycling"", ""1"": ""bending2"", ""2"": ""lying""}",0.5715986265620798,0.9093206851691085,0.8389785537102877,1.4543214154355502
AReMActivities,0,auto_k3_min_0.08,Dense Ridge,100.0,,,,3,True,0.08,True,0.126682261408676,0.6548380449118423,197,6,3,0.3265601338338383,0.5025380710659898,0.9873096446700508,bending1:22;bending2:19;cycling:48;lying:48;sitting:48;standing:12,0:50;1:42;2:105,"{""0"": ""cycling"", ""1"": ""bending2"", ""2"": ""lying""}",0.5719614744699092,0.9091155224705617,0.8390023121022033,1.454216576596745
AReMActivities,0,auto_k3_min_0.08,DynVAR-Lasso Weighted Ridge,100.0,0.01,4.0,1.0,3,True,0.08,True,0.126682261408676,0.6548380449118423,197,6,3,0.3265601338338383,0.5025380710659898,0.9873096446700508,bending1:22;bending2:19;cycling:48;lying:48;sitting:48;standing:12,0:50;1:42;2:105,"{""0"": ""cycling"", ""1"": ""bending2"", ""2"": ""lying""}",0.5690368213435207,0.9061913454538397,0.8355537994584897,1.453147177188716
AReMActivities,0,auto_k3_min_0.08,STCG-v1 Weighted Ridge,100.0,0.01,4.0,1.0,3,True,0.08,True,0.126682261408676,0.6548380449118423,197,6,3,0.3265601338338383,0.5025380710659898,0.9873096446700508,bending1:22;bending2:19;cycling:48;lying:48;sitting:48;standing:12,0:50;1:42;2:105,"{""0"": ""cycling"", ""1"": ""bending2"", ""2"": ""lying""}",0.5680715248222729,0.9056949280940931,0.8343132133365048,1.4526100097498733
AReMActivities,0,auto_k3_min_0.10,Dense Ridge,30.0,,,,3,True,0.1,True,0.126682261408676,0.6548380449118423,197,6,3,0.3265601338338383,0.5025380710659898,0.9873096446700508,bending1:22;bending2:19;cycling:48;lying:48;sitting:48;standing:12,0:50;1:42;2:105,"{""0"": ""cycling"", ""1"": ""bending2"", ""2"": ""lying""}",0.5733895262668768,0.9109366077707814,0.8412092464597661,1.4550835330620835
AReMActivities,0,auto_k3_min_0.10,DynVAR-Lasso Weighted Ridge,30.0,0.01,4.0,1.0,3,True,0.1,True,0.126682261408676,0.6548380449118423,197,6,3,0.3265601338338383,0.5025380710659898,0.9873096446700508,bending1:22;bending2:19;cycling:48;lying:48;sitting:48;standing:12,0:50;1:42;2:105,"{""0"": ""cycling"", ""1"": ""bending2"", ""2"": ""lying""}",0.5721313053294081,0.9095767313102849,0.8396643635096582,1.454485772146349
AReMActivities,0,auto_k3_min_0.10,STCG-v1 Weighted Ridge,30.0,0.01,4.0,1.0,3,True,0.1,True,0.126682261408676,0.6548380449118423,197,6,3,0.3265601338338383,0.5025380710659898,0.9873096446700508,bending1:22;bending2:19;cycling:48;lying:48;sitting:48;standing:12,0:50;1:42;2:105,"{""0"": ""cycling"", ""1"": ""bending2"", ""2"": ""lying""}",0.5715986265620798,0.9093206851691085,0.8389785537102877,1.4543214154355502
AReMActivities,0,auto_k3_min_0.10,Dense Ridge,100.0,,,,3,True,0.1,True,0.126682261408676,0.6548380449118423,197,6,3,0.3265601338338383,0.5025380710659898,0.9873096446700508,bending1:22;bending2:19;cycling:48;lying:48;sitting:48;standing:12,0:50;1:42;2:105,"{""0"": ""cycling"", ""1"": ""bending2"", ""2"": ""lying""}",0.5719614744699092,0.9091155224705617,0.8390023121022033,1.454216576596745
AReMActivities,0,auto_k3_min_0.10,DynVAR-Lasso Weighted Ridge,100.0,0.01,4.0,1.0,3,True,0.1,True,0.126682261408676,0.6548380449118423,197,6,3,0.3265601338338383,0.5025380710659898,0.9873096446700508,bending1:22;bending2:19;cycling:48;lying:48;sitting:48;standing:12,0:50;1:42;2:105,"{""0"": ""cycling"", ""1"": ""bending2"", ""2"": ""lying""}",0.5690368213435207,0.9061913454538397,0.8355537994584897,1.453147177188716
AReMActivities,0,auto_k3_min_0.10,STCG-v1 Weighted Ridge,100.0,0.01,4.0,1.0,3,True,0.1,True,0.126682261408676,0.6548380449118423,197,6,3,0.3265601338338383,0.5025380710659898,0.9873096446700508,bending1:22;bending2:19;cycling:48;lying:48;sitting:48;standing:12,0:50;1:42;2:105,"{""0"": ""cycling"", ""1"": ""bending2"", ""2"": ""lying""}",0.5680715248222729,0.9056949280940931,0.8343132133365048,1.4526100097498733
AReMActivities,0,auto_k3_min_0.12,Dense Ridge,30.0,,,,3,True,0.12,True,0.126682261408676,0.6548380449118423,197,6,3,0.3265601338338383,0.5025380710659898,0.9873096446700508,bending1:22;bending2:19;cycling:48;lying:48;sitting:48;standing:12,0:50;1:42;2:105,"{""0"": ""cycling"", ""1"": ""bending2"", ""2"": ""lying""}",0.5733895262668768,0.9109366077707814,0.8412092464597661,1.4550835330620835
AReMActivities,0,auto_k3_min_0.12,DynVAR-Lasso Weighted Ridge,30.0,0.01,4.0,1.0,3,True,0.12,True,0.126682261408676,0.6548380449118423,197,6,3,0.3265601338338383,0.5025380710659898,0.9873096446700508,bending1:22;bending2:19;cycling:48;lying:48;sitting:48;standing:12,0:50;1:42;2:105,"{""0"": ""cycling"", ""1"": ""bending2"", ""2"": ""lying""}",0.5721313053294081,0.9095767313102849,0.8396643635096582,1.454485772146349
AReMActivities,0,auto_k3_min_0.12,STCG-v1 Weighted Ridge,30.0,0.01,4.0,1.0,3,True,0.12,True,0.126682261408676,0.6548380449118423,197,6,3,0.3265601338338383,0.5025380710659898,0.9873096446700508,bending1:22;bending2:19;cycling:48;lying:48;sitting:48;standing:12,0:50;1:42;2:105,"{""0"": ""cycling"", ""1"": ""bending2"", ""2"": ""lying""}",0.5715986265620798,0.9093206851691085,0.8389785537102877,1.4543214154355502
AReMActivities,0,auto_k3_min_0.12,Dense Ridge,100.0,,,,3,True,0.12,True,0.126682261408676,0.6548380449118423,197,6,3,0.3265601338338383,0.5025380710659898,0.9873096446700508,bending1:22;bending2:19;cycling:48;lying:48;sitting:48;standing:12,0:50;1:42;2:105,"{""0"": ""cycling"", ""1"": ""bending2"", ""2"": ""lying""}",0.5719614744699092,0.9091155224705617,0.8390023121022033,1.454216576596745
AReMActivities,0,auto_k3_min_0.12,DynVAR-Lasso Weighted Ridge,100.0,0.01,4.0,1.0,3,True,0.12,True,0.126682261408676,0.6548380449118423,197,6,3,0.3265601338338383,0.5025380710659898,0.9873096446700508,bending1:22;bending2:19;cycling:48;lying:48;sitting:48;standing:12,0:50;1:42;2:105,"{""0"": ""cycling"", ""1"": ""bending2"", ""2"": ""lying""}",0.5690368213435207,0.9061913454538397,0.8355537994584897,1.453147177188716
AReMActivities,0,auto_k3_min_0.12,STCG-v1 Weighted Ridge,100.0,0.01,4.0,1.0,3,True,0.12,True,0.126682261408676,0.6548380449118423,197,6,3,0.3265601338338383,0.5025380710659898,0.9873096446700508,bending1:22;bending2:19;cycling:48;lying:48;sitting:48;standing:12,0:50;1:42;2:105,"{""0"": ""cycling"", ""1"": ""bending2"", ""2"": ""lying""}",0.5680715248222729,0.9056949280940931,0.8343132133365048,1.4526100097498733
AReMActivities,0,auto_k3_min_0.16,Dense Ridge,30.0,,,,3,True,0.16,True,0.126682261408676,0.6548380449118423,197,6,3,0.3265601338338383,0.5025380710659898,0.9873096446700508,bending1:22;bending2:19;cycling:48;lying:48;sitting:48;standing:12,0:50;1:42;2:105,"{""0"": ""cycling"", ""1"": ""bending2"", ""2"": ""lying""}",0.5733895262668768,0.9109366077707814,0.8412092464597661,1.4550835330620835
AReMActivities,0,auto_k3_min_0.16,DynVAR-Lasso Weighted Ridge,30.0,0.01,4.0,1.0,3,True,0.16,True,0.126682261408676,0.6548380449118423,197,6,3,0.3265601338338383,0.5025380710659898,0.9873096446700508,bending1:22;bending2:19;cycling:48;lying:48;sitting:48;standing:12,0:50;1:42;2:105,"{""0"": ""cycling"", ""1"": ""bending2"", ""2"": ""lying""}",0.5721313053294081,0.9095767313102849,0.8396643635096582,1.454485772146349
AReMActivities,0,auto_k3_min_0.16,STCG-v1 Weighted Ridge,30.0,0.01,4.0,1.0,3,True,0.16,True,0.126682261408676,0.6548380449118423,197,6,3,0.3265601338338383,0.5025380710659898,0.9873096446700508,bending1:22;bending2:19;cycling:48;lying:48;sitting:48;standing:12,0:50;1:42;2:105,"{""0"": ""cycling"", ""1"": ""bending2"", ""2"": ""lying""}",0.5715986265620798,0.9093206851691085,0.8389785537102877,1.4543214154355502
AReMActivities,0,auto_k3_min_0.16,Dense Ridge,100.0,,,,3,True,0.16,True,0.126682261408676,0.6548380449118423,197,6,3,0.3265601338338383,0.5025380710659898,0.9873096446700508,bending1:22;bending2:19;cycling:48;lying:48;sitting:48;standing:12,0:50;1:42;2:105,"{""0"": ""cycling"", ""1"": ""bending2"", ""2"": ""lying""}",0.5719614744699092,0.9091155224705617,0.8390023121022033,1.454216576596745
AReMActivities,0,auto_k3_min_0.16,DynVAR-Lasso Weighted Ridge,100.0,0.01,4.0,1.0,3,True,0.16,True,0.126682261408676,0.6548380449118423,197,6,3,0.3265601338338383,0.5025380710659898,0.9873096446700508,bending1:22;bending2:19;cycling:48;lying:48;sitting:48;standing:12,0:50;1:42;2:105,"{""0"": ""cycling"", ""1"": ""bending2"", ""2"": ""lying""}",0.5690368213435207,0.9061913454538397,0.8355537994584897,1.453147177188716
AReMActivities,0,auto_k3_min_0.16,STCG-v1 Weighted Ridge,100.0,0.01,4.0,1.0,3,True,0.16,True,0.126682261408676,0.6548380449118423,197,6,3,0.3265601338338383,0.5025380710659898,0.9873096446700508,bending1:22;bending2:19;cycling:48;lying:48;sitting:48;standing:12,0:50;1:42;2:105,"{""0"": ""cycling"", ""1"": ""bending2"", ""2"": ""lying""}",0.5680715248222729,0.9056949280940931,0.8343132133365048,1.4526100097498733
AReMActivities,0,auto_k3_min_0.20,Dense Ridge,30.0,,,,3,True,0.2,True,0.126682261408676,0.6548380449118423,197,6,3,0.3265601338338383,0.5025380710659898,0.9873096446700508,bending1:22;bending2:19;cycling:48;lying:48;sitting:48;standing:12,0:50;1:42;2:105,"{""0"": ""cycling"", ""1"": ""bending2"", ""2"": ""lying""}",0.5733895262668768,0.9109366077707814,0.8412092464597661,1.4550835330620835
AReMActivities,0,auto_k3_min_0.20,DynVAR-Lasso Weighted Ridge,30.0,0.01,4.0,1.0,3,True,0.2,True,0.126682261408676,0.6548380449118423,197,6,3,0.3265601338338383,0.5025380710659898,0.9873096446700508,bending1:22;bending2:19;cycling:48;lying:48;sitting:48;standing:12,0:50;1:42;2:105,"{""0"": ""cycling"", ""1"": ""bending2"", ""2"": ""lying""}",0.5721313053294081,0.9095767313102849,0.8396643635096582,1.454485772146349
AReMActivities,0,auto_k3_min_0.20,STCG-v1 Weighted Ridge,30.0,0.01,4.0,1.0,3,True,0.2,True,0.126682261408676,0.6548380449118423,197,6,3,0.3265601338338383,0.5025380710659898,0.9873096446700508,bending1:22;bending2:19;cycling:48;lying:48;sitting:48;standing:12,0:50;1:42;2:105,"{""0"": ""cycling"", ""1"": ""bending2"", ""2"": ""lying""}",0.5715986265620798,0.9093206851691085,0.8389785537102877,1.4543214154355502
AReMActivities,0,auto_k3_min_0.20,Dense Ridge,100.0,,,,3,True,0.2,True,0.126682261408676,0.6548380449118423,197,6,3,0.3265601338338383,0.5025380710659898,0.9873096446700508,bending1:22;bending2:19;cycling:48;lying:48;sitting:48;standing:12,0:50;1:42;2:105,"{""0"": ""cycling"", ""1"": ""bending2"", ""2"": ""lying""}",0.5719614744699092,0.9091155224705617,0.8390023121022033,1.454216576596745
AReMActivities,0,auto_k3_min_0.20,DynVAR-Lasso Weighted Ridge,100.0,0.01,4.0,1.0,3,True,0.2,True,0.126682261408676,0.6548380449118423,197,6,3,0.3265601338338383,0.5025380710659898,0.9873096446700508,bending1:22;bending2:19;cycling:48;lying:48;sitting:48;standing:12,0:50;1:42;2:105,"{""0"": ""cycling"", ""1"": ""bending2"", ""2"": ""lying""}",0.5690368213435207,0.9061913454538397,0.8355537994584897,1.453147177188716
AReMActivities,0,auto_k3_min_0.20,STCG-v1 Weighted Ridge,100.0,0.01,4.0,1.0,3,True,0.2,True,0.126682261408676,0.6548380449118423,197,6,3,0.3265601338338383,0.5025380710659898,0.9873096446700508,bending1:22;bending2:19;cycling:48;lying:48;sitting:48;standing:12,0:50;1:42;2:105,"{""0"": ""cycling"", ""1"": ""bending2"", ""2"": ""lying""}",0.5680715248222729,0.9056949280940931,0.8343132133365048,1.4526100097498733
AReMActivities,0,forced_k3,Dense Ridge,30.0,,,,3,False,0.0,True,0.126682261408676,0.6548380449118423,197,6,3,0.3265601338338383,0.5025380710659898,0.9873096446700508,bending1:22;bending2:19;cycling:48;lying:48;sitting:48;standing:12,0:50;1:42;2:105,"{""0"": ""cycling"", ""1"": ""bending2"", ""2"": ""lying""}",0.5733895262668768,0.9109366077707814,0.8412092464597661,1.4550835330620835
AReMActivities,0,forced_k3,DynVAR-Lasso Weighted Ridge,30.0,0.01,4.0,1.0,3,False,0.0,True,0.126682261408676,0.6548380449118423,197,6,3,0.3265601338338383,0.5025380710659898,0.9873096446700508,bending1:22;bending2:19;cycling:48;lying:48;sitting:48;standing:12,0:50;1:42;2:105,"{""0"": ""cycling"", ""1"": ""bending2"", ""2"": ""lying""}",0.5721313053294081,0.9095767313102849,0.8396643635096582,1.454485772146349
AReMActivities,0,forced_k3,STCG-v1 Weighted Ridge,30.0,0.01,4.0,1.0,3,False,0.0,True,0.126682261408676,0.6548380449118423,197,6,3,0.3265601338338383,0.5025380710659898,0.9873096446700508,bending1:22;bending2:19;cycling:48;lying:48;sitting:48;standing:12,0:50;1:42;2:105,"{""0"": ""cycling"", ""1"": ""bending2"", ""2"": ""lying""}",0.5715986265620798,0.9093206851691085,0.8389785537102877,1.4543214154355502
AReMActivities,0,forced_k3,Dense Ridge,100.0,,,,3,False,0.0,True,0.126682261408676,0.6548380449118423,197,6,3,0.3265601338338383,0.5025380710659898,0.9873096446700508,bending1:22;bending2:19;cycling:48;lying:48;sitting:48;standing:12,0:50;1:42;2:105,"{""0"": ""cycling"", ""1"": ""bending2"", ""2"": ""lying""}",0.5719614744699092,0.9091155224705617,0.8390023121022033,1.454216576596745
AReMActivities,0,forced_k3,DynVAR-Lasso Weighted Ridge,100.0,0.01,4.0,1.0,3,False,0.0,True,0.126682261408676,0.6548380449118423,197,6,3,0.3265601338338383,0.5025380710659898,0.9873096446700508,bending1:22;bending2:19;cycling:48;lying:48;sitting:48;standing:12,0:50;1:42;2:105,"{""0"": ""cycling"", ""1"": ""bending2"", ""2"": ""lying""}",0.5690368213435207,0.9061913454538397,0.8355537994584897,1.453147177188716
AReMActivities,0,forced_k3,STCG-v1 Weighted Ridge,100.0,0.01,4.0,1.0,3,False,0.0,True,0.126682261408676,0.6548380449118423,197,6,3,0.3265601338338383,0.5025380710659898,0.9873096446700508,bending1:22;bending2:19;cycling:48;lying:48;sitting:48;standing:12,0:50;1:42;2:105,"{""0"": ""cycling"", ""1"": ""bending2"", ""2"": ""lying""}",0.5680715248222729,0.9056949280940931,0.8343132133365048,1.4526100097498733
AReMActivities,0,auto_k4_min_0.00,Dense Ridge,30.0,,,,4,True,0.0,True,0.15159654601873296,0.6099974940944444,197,6,4,0.3151882898438082,0.49238578680203043,0.9873096446700508,bending1:22;bending2:19;cycling:48;lying:48;sitting:48;standing:12,0:1;1:44;2:49;3:103,"{""0"": ""bending2"", ""1"": ""sitting"", ""2"": ""cycling"", ""3"": ""lying""}",0.5733895262668768,0.9109366077707814,0.8412092464597661,1.4550835330620835
AReMActivities,0,auto_k4_min_0.00,DynVAR-Lasso Weighted Ridge,30.0,0.01,4.0,1.0,4,True,0.0,True,0.15159654601873296,0.6099974940944444,197,6,4,0.3151882898438082,0.49238578680203043,0.9873096446700508,bending1:22;bending2:19;cycling:48;lying:48;sitting:48;standing:12,0:1;1:44;2:49;3:103,"{""0"": ""bending2"", ""1"": ""sitting"", ""2"": ""cycling"", ""3"": ""lying""}",0.5721313053294081,0.9095767313102849,0.8396643635096582,1.454485772146349
AReMActivities,0,auto_k4_min_0.00,STCG-v1 Weighted Ridge,30.0,0.01,4.0,1.0,4,True,0.0,True,0.15159654601873296,0.6099974940944444,197,6,4,0.3151882898438082,0.49238578680203043,0.9873096446700508,bending1:22;bending2:19;cycling:48;lying:48;sitting:48;standing:12,0:1;1:44;2:49;3:103,"{""0"": ""bending2"", ""1"": ""sitting"", ""2"": ""cycling"", ""3"": ""lying""}",0.5695723111140851,0.9062456205901849,0.8363713077952193,1.4489497662983672
AReMActivities,0,auto_k4_min_0.00,Dense Ridge,100.0,,,,4,True,0.0,True,0.15159654601873296,0.6099974940944444,197,6,4,0.3151882898438082,0.49238578680203043,0.9873096446700508,bending1:22;bending2:19;cycling:48;lying:48;sitting:48;standing:12,0:1;1:44;2:49;3:103,"{""0"": ""bending2"", ""1"": ""sitting"", ""2"": ""cycling"", ""3"": ""lying""}",0.5719614744699092,0.9091155224705617,0.8390023121022033,1.454216576596745
AReMActivities,0,auto_k4_min_0.00,DynVAR-Lasso Weighted Ridge,100.0,0.01,4.0,1.0,4,True,0.0,True,0.15159654601873296,0.6099974940944444,197,6,4,0.3151882898438082,0.49238578680203043,0.9873096446700508,bending1:22;bending2:19;cycling:48;lying:48;sitting:48;standing:12,0:1;1:44;2:49;3:103,"{""0"": ""bending2"", ""1"": ""sitting"", ""2"": ""cycling"", ""3"": ""lying""}",0.5690368213435207,0.9061913454538397,0.8355537994584897,1.453147177188716
AReMActivities,0,auto_k4_min_0.00,STCG-v1 Weighted Ridge,100.0,0.01,4.0,1.0,4,True,0.0,True,0.15159654601873296,0.6099974940944444,197,6,4,0.3151882898438082,0.49238578680203043,0.9873096446700508,bending1:22;bending2:19;cycling:48;lying:48;sitting:48;standing:12,0:1;1:44;2:49;3:103,"{""0"": ""bending2"", ""1"": ""sitting"", ""2"": ""cycling"", ""3"": ""lying""}",0.5652540057855311,0.9017113673413755,0.8305663617921049,1.4474870905010853
AReMActivities,0,auto_k4_min_0.02,Dense Ridge,30.0,,,,4,True,0.02,True,0.15159654601873296,0.6099974940944444,197,6,4,0.3151882898438082,0.49238578680203043,0.9873096446700508,bending1:22;bending2:19;cycling:48;lying:48;sitting:48;standing:12,0:1;1:44;2:49;3:103,"{""0"": ""bending2"", ""1"": ""sitting"", ""2"": ""cycling"", ""3"": ""lying""}",0.5733895262668768,0.9109366077707814,0.8412092464597661,1.4550835330620835
AReMActivities,0,auto_k4_min_0.02,DynVAR-Lasso Weighted Ridge,30.0,0.01,4.0,1.0,4,True,0.02,True,0.15159654601873296,0.6099974940944444,197,6,4,0.3151882898438082,0.49238578680203043,0.9873096446700508,bending1:22;bending2:19;cycling:48;lying:48;sitting:48;standing:12,0:1;1:44;2:49;3:103,"{""0"": ""bending2"", ""1"": ""sitting"", ""2"": ""cycling"", ""3"": ""lying""}",0.5721313053294081,0.9095767313102849,0.8396643635096582,1.454485772146349
AReMActivities,0,auto_k4_min_0.02,STCG-v1 Weighted Ridge,30.0,0.01,4.0,1.0,4,True,0.02,True,0.15159654601873296,0.6099974940944444,197,6,4,0.3151882898438082,0.49238578680203043,0.9873096446700508,bending1:22;bending2:19;cycling:48;lying:48;sitting:48;standing:12,0:1;1:44;2:49;3:103,"{""0"": ""bending2"", ""1"": ""sitting"", ""2"": ""cycling"", ""3"": ""lying""}",0.5695723111140851,0.9062456205901849,0.8363713077952193,1.4489497662983672
AReMActivities,0,auto_k4_min_0.02,Dense Ridge,100.0,,,,4,True,0.02,True,0.15159654601873296,0.6099974940944444,197,6,4,0.3151882898438082,0.49238578680203043,0.9873096446700508,bending1:22;bending2:19;cycling:48;lying:48;sitting:48;standing:12,0:1;1:44;2:49;3:103,"{""0"": ""bending2"", ""1"": ""sitting"", ""2"": ""cycling"", ""3"": ""lying""}",0.5719614744699092,0.9091155224705617,0.8390023121022033,1.454216576596745
AReMActivities,0,auto_k4_min_0.02,DynVAR-Lasso Weighted Ridge,100.0,0.01,4.0,1.0,4,True,0.02,True,0.15159654601873296,0.6099974940944444,197,6,4,0.3151882898438082,0.49238578680203043,0.9873096446700508,bending1:22;bending2:19;cycling:48;lying:48;sitting:48;standing:12,0:1;1:44;2:49;3:103,"{""0"": ""bending2"", ""1"": ""sitting"", ""2"": ""cycling"", ""3"": ""lying""}",0.5690368213435207,0.9061913454538397,0.8355537994584897,1.453147177188716
AReMActivities,0,auto_k4_min_0.02,STCG-v1 Weighted Ridge,100.0,0.01,4.0,1.0,4,True,0.02,True,0.15159654601873296,0.6099974940944444,197,6,4,0.3151882898438082,0.49238578680203043,0.9873096446700508,bending1:22;bending2:19;cycling:48;lying:48;sitting:48;standing:12,0:1;1:44;2:49;3:103,"{""0"": ""bending2"", ""1"": ""sitting"", ""2"": ""cycling"", ""3"": ""lying""}",0.5652540057855311,0.9017113673413755,0.8305663617921049,1.4474870905010853
AReMActivities,0,auto_k4_min_0.04,Dense Ridge,30.0,,,,4,True,0.04,True,0.15159654601873296,0.6099974940944444,197,6,4,0.3151882898438082,0.49238578680203043,0.9873096446700508,bending1:22;bending2:19;cycling:48;lying:48;sitting:48;standing:12,0:1;1:44;2:49;3:103,"{""0"": ""bending2"", ""1"": ""sitting"", ""2"": ""cycling"", ""3"": ""lying""}",0.5733895262668768,0.9109366077707814,0.8412092464597661,1.4550835330620835
AReMActivities,0,auto_k4_min_0.04,DynVAR-Lasso Weighted Ridge,30.0,0.01,4.0,1.0,4,True,0.04,True,0.15159654601873296,0.6099974940944444,197,6,4,0.3151882898438082,0.49238578680203043,0.9873096446700508,bending1:22;bending2:19;cycling:48;lying:48;sitting:48;standing:12,0:1;1:44;2:49;3:103,"{""0"": ""bending2"", ""1"": ""sitting"", ""2"": ""cycling"", ""3"": ""lying""}",0.5721313053294081,0.9095767313102849,0.8396643635096582,1.454485772146349
AReMActivities,0,auto_k4_min_0.04,STCG-v1 Weighted Ridge,30.0,0.01,4.0,1.0,4,True,0.04,True,0.15159654601873296,0.6099974940944444,197,6,4,0.3151882898438082,0.49238578680203043,0.9873096446700508,bending1:22;bending2:19;cycling:48;lying:48;sitting:48;standing:12,0:1;1:44;2:49;3:103,"{""0"": ""bending2"", ""1"": ""sitting"", ""2"": ""cycling"", ""3"": ""lying""}",0.5695723111140851,0.9062456205901849,0.8363713077952193,1.4489497662983672
AReMActivities,0,auto_k4_min_0.04,Dense Ridge,100.0,,,,4,True,0.04,True,0.15159654601873296,0.6099974940944444,197,6,4,0.3151882898438082,0.49238578680203043,0.9873096446700508,bending1:22;bending2:19;cycling:48;lying:48;sitting:48;standing:12,0:1;1:44;2:49;3:103,"{""0"": ""bending2"", ""1"": ""sitting"", ""2"": ""cycling"", ""3"": ""lying""}",0.5719614744699092,0.9091155224705617,0.8390023121022033,1.454216576596745
AReMActivities,0,auto_k4_min_0.04,DynVAR-Lasso Weighted Ridge,100.0,0.01,4.0,1.0,4,True,0.04,True,0.15159654601873296,0.6099974940944444,197,6,4,0.3151882898438082,0.49238578680203043,0.9873096446700508,bending1:22;bending2:19;cycling:48;lying:48;sitting:48;standing:12,0:1;1:44;2:49;3:103,"{""0"": ""bending2"", ""1"": ""sitting"", ""2"": ""cycling"", ""3"": ""lying""}",0.5690368213435207,0.9061913454538397,0.8355537994584897,1.453147177188716
AReMActivities,0,auto_k4_min_0.04,STCG-v1 Weighted Ridge,100.0,0.01,4.0,1.0,4,True,0.04,True,0.15159654601873296,0.6099974940944444,197,6,4,0.3151882898438082,0.49238578680203043,0.9873096446700508,bending1:22;bending2:19;cycling:48;lying:48;sitting:48;standing:12,0:1;1:44;2:49;3:103,"{""0"": ""bending2"", ""1"": ""sitting"", ""2"": ""cycling"", ""3"": ""lying""}",0.5652540057855311,0.9017113673413755,0.8305663617921049,1.4474870905010853
AReMActivities,0,auto_k4_min_0.06,Dense Ridge,30.0,,,,4,True,0.06,True,0.15159654601873296,0.6099974940944444,197,6,4,0.3151882898438082,0.49238578680203043,0.9873096446700508,bending1:22;bending2:19;cycling:48;lying:48;sitting:48;standing:12,0:1;1:44;2:49;3:103,"{""0"": ""bending2"", ""1"": ""sitting"", ""2"": ""cycling"", ""3"": ""lying""}",0.5733895262668768,0.9109366077707814,0.8412092464597661,1.4550835330620835
AReMActivities,0,auto_k4_min_0.06,DynVAR-Lasso Weighted Ridge,30.0,0.01,4.0,1.0,4,True,0.06,True,0.15159654601873296,0.6099974940944444,197,6,4,0.3151882898438082,0.49238578680203043,0.9873096446700508,bending1:22;bending2:19;cycling:48;lying:48;sitting:48;standing:12,0:1;1:44;2:49;3:103,"{""0"": ""bending2"", ""1"": ""sitting"", ""2"": ""cycling"", ""3"": ""lying""}",0.5721313053294081,0.9095767313102849,0.8396643635096582,1.454485772146349
AReMActivities,0,auto_k4_min_0.06,STCG-v1 Weighted Ridge,30.0,0.01,4.0,1.0,4,True,0.06,True,0.15159654601873296,0.6099974940944444,197,6,4,0.3151882898438082,0.49238578680203043,0.9873096446700508,bending1:22;bending2:19;cycling:48;lying:48;sitting:48;standing:12,0:1;1:44;2:49;3:103,"{""0"": ""bending2"", ""1"": ""sitting"", ""2"": ""cycling"", ""3"": ""lying""}",0.5695723111140851,0.9062456205901849,0.8363713077952193,1.4489497662983672
AReMActivities,0,auto_k4_min_0.06,Dense Ridge,100.0,,,,4,True,0.06,True,0.15159654601873296,0.6099974940944444,197,6,4,0.3151882898438082,0.49238578680203043,0.9873096446700508,bending1:22;bending2:19;cycling:48;lying:48;sitting:48;standing:12,0:1;1:44;2:49;3:103,"{""0"": ""bending2"", ""1"": ""sitting"", ""2"": ""cycling"", ""3"": ""lying""}",0.5719614744699092,0.9091155224705617,0.8390023121022033,1.454216576596745
AReMActivities,0,auto_k4_min_0.06,DynVAR-Lasso Weighted Ridge,100.0,0.01,4.0,1.0,4,True,0.06,True,0.15159654601873296,0.6099974940944444,197,6,4,0.3151882898438082,0.49238578680203043,0.9873096446700508,bending1:22;bending2:19;cycling:48;lying:48;sitting:48;standing:12,0:1;1:44;2:49;3:103,"{""0"": ""bending2"", ""1"": ""sitting"", ""2"": ""cycling"", ""3"": ""lying""}",0.5690368213435207,0.9061913454538397,0.8355537994584897,1.453147177188716
AReMActivities,0,auto_k4_min_0.06,STCG-v1 Weighted Ridge,100.0,0.01,4.0,1.0,4,True,0.06,True,0.15159654601873296,0.6099974940944444,197,6,4,0.3151882898438082,0.49238578680203043,0.9873096446700508,bending1:22;bending2:19;cycling:48;lying:48;sitting:48;standing:12,0:1;1:44;2:49;3:103,"{""0"": ""bending2"", ""1"": ""sitting"", ""2"": ""cycling"", ""3"": ""lying""}",0.5652540057855311,0.9017113673413755,0.8305663617921049,1.4474870905010853
AReMActivities,0,auto_k4_min_0.08,Dense Ridge,30.0,,,,4,True,0.08,True,0.15159654601873296,0.6099974940944444,197,6,4,0.3151882898438082,0.49238578680203043,0.9873096446700508,bending1:22;bending2:19;cycling:48;lying:48;sitting:48;standing:12,0:1;1:44;2:49;3:103,"{""0"": ""bending2"", ""1"": ""sitting"", ""2"": ""cycling"", ""3"": ""lying""}",0.5733895262668768,0.9109366077707814,0.8412092464597661,1.4550835330620835
AReMActivities,0,auto_k4_min_0.08,DynVAR-Lasso Weighted Ridge,30.0,0.01,4.0,1.0,4,True,0.08,True,0.15159654601873296,0.6099974940944444,197,6,4,0.3151882898438082,0.49238578680203043,0.9873096446700508,bending1:22;bending2:19;cycling:48;lying:48;sitting:48;standing:12,0:1;1:44;2:49;3:103,"{""0"": ""bending2"", ""1"": ""sitting"", ""2"": ""cycling"", ""3"": ""lying""}",0.5721313053294081,0.9095767313102849,0.8396643635096582,1.454485772146349
AReMActivities,0,auto_k4_min_0.08,STCG-v1 Weighted Ridge,30.0,0.01,4.0,1.0,4,True,0.08,True,0.15159654601873296,0.6099974940944444,197,6,4,0.3151882898438082,0.49238578680203043,0.9873096446700508,bending1:22;bending2:19;cycling:48;lying:48;sitting:48;standing:12,0:1;1:44;2:49;3:103,"{""0"": ""bending2"", ""1"": ""sitting"", ""2"": ""cycling"", ""3"": ""lying""}",0.5695723111140851,0.9062456205901849,0.8363713077952193,1.4489497662983672
AReMActivities,0,auto_k4_min_0.08,Dense Ridge,100.0,,,,4,True,0.08,True,0.15159654601873296,0.6099974940944444,197,6,4,0.3151882898438082,0.49238578680203043,0.9873096446700508,bending1:22;bending2:19;cycling:48;lying:48;sitting:48;standing:12,0:1;1:44;2:49;3:103,"{""0"": ""bending2"", ""1"": ""sitting"", ""2"": ""cycling"", ""3"": ""lying""}",0.5719614744699092,0.9091155224705617,0.8390023121022033,1.454216576596745
AReMActivities,0,auto_k4_min_0.08,DynVAR-Lasso Weighted Ridge,100.0,0.01,4.0,1.0,4,True,0.08,True,0.15159654601873296,0.6099974940944444,197,6,4,0.3151882898438082,0.49238578680203043,0.9873096446700508,bending1:22;bending2:19;cycling:48;lying:48;sitting:48;standing:12,0:1;1:44;2:49;3:103,"{""0"": ""bending2"", ""1"": ""sitting"", ""2"": ""cycling"", ""3"": ""lying""}",0.5690368213435207,0.9061913454538397,0.8355537994584897,1.453147177188716
AReMActivities,0,auto_k4_min_0.08,STCG-v1 Weighted Ridge,100.0,0.01,4.0,1.0,4,True,0.08,True,0.15159654601873296,0.6099974940944444,197,6,4,0.3151882898438082,0.49238578680203043,0.9873096446700508,bending1:22;bending2:19;cycling:48;lying:48;sitting:48;standing:12,0:1;1:44;2:49;3:103,"{""0"": ""bending2"", ""1"": ""sitting"", ""2"": ""cycling"", ""3"": ""lying""}",0.5652540057855311,0.9017113673413755,0.8305663617921049,1.4474870905010853
AReMActivities,0,auto_k4_min_0.10,Dense Ridge,30.0,,,,4,True,0.1,True,0.15159654601873296,0.6099974940944444,197,6,4,0.3151882898438082,0.49238578680203043,0.9873096446700508,bending1:22;bending2:19;cycling:48;lying:48;sitting:48;standing:12,0:1;1:44;2:49;3:103,"{""0"": ""bending2"", ""1"": ""sitting"", ""2"": ""cycling"", ""3"": ""lying""}",0.5733895262668768,0.9109366077707814,0.8412092464597661,1.4550835330620835
AReMActivities,0,auto_k4_min_0.10,DynVAR-Lasso Weighted Ridge,30.0,0.01,4.0,1.0,4,True,0.1,True,0.15159654601873296,0.6099974940944444,197,6,4,0.3151882898438082,0.49238578680203043,0.9873096446700508,bending1:22;bending2:19;cycling:48;lying:48;sitting:48;standing:12,0:1;1:44;2:49;3:103,"{""0"": ""bending2"", ""1"": ""sitting"", ""2"": ""cycling"", ""3"": ""lying""}",0.5721313053294081,0.9095767313102849,0.8396643635096582,1.454485772146349
AReMActivities,0,auto_k4_min_0.10,STCG-v1 Weighted Ridge,30.0,0.01,4.0,1.0,4,True,0.1,True,0.15159654601873296,0.6099974940944444,197,6,4,0.3151882898438082,0.49238578680203043,0.9873096446700508,bending1:22;bending2:19;cycling:48;lying:48;sitting:48;standing:12,0:1;1:44;2:49;3:103,"{""0"": ""bending2"", ""1"": ""sitting"", ""2"": ""cycling"", ""3"": ""lying""}",0.5695723111140851,0.9062456205901849,0.8363713077952193,1.4489497662983672
AReMActivities,0,auto_k4_min_0.10,Dense Ridge,100.0,,,,4,True,0.1,True,0.15159654601873296,0.6099974940944444,197,6,4,0.3151882898438082,0.49238578680203043,0.9873096446700508,bending1:22;bending2:19;cycling:48;lying:48;sitting:48;standing:12,0:1;1:44;2:49;3:103,"{""0"": ""bending2"", ""1"": ""sitting"", ""2"": ""cycling"", ""3"": ""lying""}",0.5719614744699092,0.9091155224705617,0.8390023121022033,1.454216576596745
AReMActivities,0,auto_k4_min_0.10,DynVAR-Lasso Weighted Ridge,100.0,0.01,4.0,1.0,4,True,0.1,True,0.15159654601873296,0.6099974940944444,197,6,4,0.3151882898438082,0.49238578680203043,0.9873096446700508,bending1:22;bending2:19;cycling:48;lying:48;sitting:48;standing:12,0:1;1:44;2:49;3:103,"{""0"": ""bending2"", ""1"": ""sitting"", ""2"": ""cycling"", ""3"": ""lying""}",0.5690368213435207,0.9061913454538397,0.8355537994584897,1.453147177188716
AReMActivities,0,auto_k4_min_0.10,STCG-v1 Weighted Ridge,100.0,0.01,4.0,1.0,4,True,0.1,True,0.15159654601873296,0.6099974940944444,197,6,4,0.3151882898438082,0.49238578680203043,0.9873096446700508,bending1:22;bending2:19;cycling:48;lying:48;sitting:48;standing:12,0:1;1:44;2:49;3:103,"{""0"": ""bending2"", ""1"": ""sitting"", ""2"": ""cycling"", ""3"": ""lying""}",0.5652540057855311,0.9017113673413755,0.8305663617921049,1.4474870905010853
AReMActivities,0,auto_k4_min_0.12,Dense Ridge,30.0,,,,4,True,0.12,True,0.15159654601873296,0.6099974940944444,197,6,4,0.3151882898438082,0.49238578680203043,0.9873096446700508,bending1:22;bending2:19;cycling:48;lying:48;sitting:48;standing:12,0:1;1:44;2:49;3:103,"{""0"": ""bending2"", ""1"": ""sitting"", ""2"": ""cycling"", ""3"": ""lying""}",0.5733895262668768,0.9109366077707814,0.8412092464597661,1.4550835330620835
AReMActivities,0,auto_k4_min_0.12,DynVAR-Lasso Weighted Ridge,30.0,0.01,4.0,1.0,4,True,0.12,True,0.15159654601873296,0.6099974940944444,197,6,4,0.3151882898438082,0.49238578680203043,0.9873096446700508,bending1:22;bending2:19;cycling:48;lying:48;sitting:48;standing:12,0:1;1:44;2:49;3:103,"{""0"": ""bending2"", ""1"": ""sitting"", ""2"": ""cycling"", ""3"": ""lying""}",0.5721313053294081,0.9095767313102849,0.8396643635096582,1.454485772146349
AReMActivities,0,auto_k4_min_0.12,STCG-v1 Weighted Ridge,30.0,0.01,4.0,1.0,4,True,0.12,True,0.15159654601873296,0.6099974940944444,197,6,4,0.3151882898438082,0.49238578680203043,0.9873096446700508,bending1:22;bending2:19;cycling:48;lying:48;sitting:48;standing:12,0:1;1:44;2:49;3:103,"{""0"": ""bending2"", ""1"": ""sitting"", ""2"": ""cycling"", ""3"": ""lying""}",0.5695723111140851,0.9062456205901849,0.8363713077952193,1.4489497662983672
AReMActivities,0,auto_k4_min_0.12,Dense Ridge,100.0,,,,4,True,0.12,True,0.15159654601873296,0.6099974940944444,197,6,4,0.3151882898438082,0.49238578680203043,0.9873096446700508,bending1:22;bending2:19;cycling:48;lying:48;sitting:48;standing:12,0:1;1:44;2:49;3:103,"{""0"": ""bending2"", ""1"": ""sitting"", ""2"": ""cycling"", ""3"": ""lying""}",0.5719614744699092,0.9091155224705617,0.8390023121022033,1.454216576596745
AReMActivities,0,auto_k4_min_0.12,DynVAR-Lasso Weighted Ridge,100.0,0.01,4.0,1.0,4,True,0.12,True,0.15159654601873296,0.6099974940944444,197,6,4,0.3151882898438082,0.49238578680203043,0.9873096446700508,bending1:22;bending2:19;cycling:48;lying:48;sitting:48;standing:12,0:1;1:44;2:49;3:103,"{""0"": ""bending2"", ""1"": ""sitting"", ""2"": ""cycling"", ""3"": ""lying""}",0.5690368213435207,0.9061913454538397,0.8355537994584897,1.453147177188716
AReMActivities,0,auto_k4_min_0.12,STCG-v1 Weighted Ridge,100.0,0.01,4.0,1.0,4,True,0.12,True,0.15159654601873296,0.6099974940944444,197,6,4,0.3151882898438082,0.49238578680203043,0.9873096446700508,bending1:22;bending2:19;cycling:48;lying:48;sitting:48;standing:12,0:1;1:44;2:49;3:103,"{""0"": ""bending2"", ""1"": ""sitting"", ""2"": ""cycling"", ""3"": ""lying""}",0.5652540057855311,0.9017113673413755,0.8305663617921049,1.4474870905010853
AReMActivities,0,auto_k4_min_0.16,Dense Ridge,30.0,,,,4,True,0.16,False,0.15159654601873296,0.6099974940944444,197,6,1,0.0,0.2436548223350254,0.9873096446700508,bending1:22;bending2:19;cycling:48;lying:48;sitting:48;standing:12,0:197,"{""0"": ""cycling""}",0.5733895262668768,0.9109366077707814,0.8412092464597661,1.4550835330620835
AReMActivities,0,auto_k4_min_0.16,DynVAR-Lasso Weighted Ridge,30.0,0.01,4.0,1.0,4,True,0.16,False,0.15159654601873296,0.6099974940944444,197,6,1,0.0,0.2436548223350254,0.9873096446700508,bending1:22;bending2:19;cycling:48;lying:48;sitting:48;standing:12,0:197,"{""0"": ""cycling""}",0.5721313053294081,0.9095767313102849,0.8396643635096582,1.454485772146349
AReMActivities,0,auto_k4_min_0.16,STCG-v1 Weighted Ridge,30.0,0.01,4.0,1.0,4,True,0.16,False,0.15159654601873296,0.6099974940944444,197,6,1,0.0,0.2436548223350254,0.9873096446700508,bending1:22;bending2:19;cycling:48;lying:48;sitting:48;standing:12,0:197,"{""0"": ""cycling""}",0.5721313053294081,0.9095767313102849,0.8396643635096582,1.454485772146349
AReMActivities,0,auto_k4_min_0.16,Dense Ridge,100.0,,,,4,True,0.16,False,0.15159654601873296,0.6099974940944444,197,6,1,0.0,0.2436548223350254,0.9873096446700508,bending1:22;bending2:19;cycling:48;lying:48;sitting:48;standing:12,0:197,"{""0"": ""cycling""}",0.5719614744699092,0.9091155224705617,0.8390023121022033,1.454216576596745
AReMActivities,0,auto_k4_min_0.16,DynVAR-Lasso Weighted Ridge,100.0,0.01,4.0,1.0,4,True,0.16,False,0.15159654601873296,0.6099974940944444,197,6,1,0.0,0.2436548223350254,0.9873096446700508,bending1:22;bending2:19;cycling:48;lying:48;sitting:48;standing:12,0:197,"{""0"": ""cycling""}",0.5690368213435207,0.9061913454538397,0.8355537994584897,1.453147177188716
AReMActivities,0,auto_k4_min_0.16,STCG-v1 Weighted Ridge,100.0,0.01,4.0,1.0,4,True,0.16,False,0.15159654601873296,0.6099974940944444,197,6,1,0.0,0.2436548223350254,0.9873096446700508,bending1:22;bending2:19;cycling:48;lying:48;sitting:48;standing:12,0:197,"{""0"": ""cycling""}",0.5690368213435207,0.9061913454538397,0.8355537994584897,1.453147177188716
AReMActivities,0,auto_k4_min_0.20,Dense Ridge,30.0,,,,4,True,0.2,False,0.15159654601873296,0.6099974940944444,197,6,1,0.0,0.2436548223350254,0.9873096446700508,bending1:22;bending2:19;cycling:48;lying:48;sitting:48;standing:12,0:197,"{""0"": ""cycling""}",0.5733895262668768,0.9109366077707814,0.8412092464597661,1.4550835330620835
AReMActivities,0,auto_k4_min_0.20,DynVAR-Lasso Weighted Ridge,30.0,0.01,4.0,1.0,4,True,0.2,False,0.15159654601873296,0.6099974940944444,197,6,1,0.0,0.2436548223350254,0.9873096446700508,bending1:22;bending2:19;cycling:48;lying:48;sitting:48;standing:12,0:197,"{""0"": ""cycling""}",0.5721313053294081,0.9095767313102849,0.8396643635096582,1.454485772146349
AReMActivities,0,auto_k4_min_0.20,STCG-v1 Weighted Ridge,30.0,0.01,4.0,1.0,4,True,0.2,False,0.15159654601873296,0.6099974940944444,197,6,1,0.0,0.2436548223350254,0.9873096446700508,bending1:22;bending2:19;cycling:48;lying:48;sitting:48;standing:12,0:197,"{""0"": ""cycling""}",0.5721313053294081,0.9095767313102849,0.8396643635096582,1.454485772146349
AReMActivities,0,auto_k4_min_0.20,Dense Ridge,100.0,,,,4,True,0.2,False,0.15159654601873296,0.6099974940944444,197,6,1,0.0,0.2436548223350254,0.9873096446700508,bending1:22;bending2:19;cycling:48;lying:48;sitting:48;standing:12,0:197,"{""0"": ""cycling""}",0.5719614744699092,0.9091155224705617,0.8390023121022033,1.454216576596745
AReMActivities,0,auto_k4_min_0.20,DynVAR-Lasso Weighted Ridge,100.0,0.01,4.0,1.0,4,True,0.2,False,0.15159654601873296,0.6099974940944444,197,6,1,0.0,0.2436548223350254,0.9873096446700508,bending1:22;bending2:19;cycling:48;lying:48;sitting:48;standing:12,0:197,"{""0"": ""cycling""}",0.5690368213435207,0.9061913454538397,0.8355537994584897,1.453147177188716
AReMActivities,0,auto_k4_min_0.20,STCG-v1 Weighted Ridge,100.0,0.01,4.0,1.0,4,True,0.2,False,0.15159654601873296,0.6099974940944444,197,6,1,0.0,0.2436548223350254,0.9873096446700508,bending1:22;bending2:19;cycling:48;lying:48;sitting:48;standing:12,0:197,"{""0"": ""cycling""}",0.5690368213435207,0.9061913454538397,0.8355537994584897,1.453147177188716
AReMActivities,0,forced_k4,Dense Ridge,30.0,,,,4,False,0.0,True,0.15159654601873296,0.6099974940944444,197,6,4,0.3151882898438082,0.49238578680203043,0.9873096446700508,bending1:22;bending2:19;cycling:48;lying:48;sitting:48;standing:12,0:1;1:44;2:49;3:103,"{""0"": ""bending2"", ""1"": ""sitting"", ""2"": ""cycling"", ""3"": ""lying""}",0.5733895262668768,0.9109366077707814,0.8412092464597661,1.4550835330620835
AReMActivities,0,forced_k4,DynVAR-Lasso Weighted Ridge,30.0,0.01,4.0,1.0,4,False,0.0,True,0.15159654601873296,0.6099974940944444,197,6,4,0.3151882898438082,0.49238578680203043,0.9873096446700508,bending1:22;bending2:19;cycling:48;lying:48;sitting:48;standing:12,0:1;1:44;2:49;3:103,"{""0"": ""bending2"", ""1"": ""sitting"", ""2"": ""cycling"", ""3"": ""lying""}",0.5721313053294081,0.9095767313102849,0.8396643635096582,1.454485772146349
AReMActivities,0,forced_k4,STCG-v1 Weighted Ridge,30.0,0.01,4.0,1.0,4,False,0.0,True,0.15159654601873296,0.6099974940944444,197,6,4,0.3151882898438082,0.49238578680203043,0.9873096446700508,bending1:22;bending2:19;cycling:48;lying:48;sitting:48;standing:12,0:1;1:44;2:49;3:103,"{""0"": ""bending2"", ""1"": ""sitting"", ""2"": ""cycling"", ""3"": ""lying""}",0.5695723111140851,0.9062456205901849,0.8363713077952193,1.4489497662983672
AReMActivities,0,forced_k4,Dense Ridge,100.0,,,,4,False,0.0,True,0.15159654601873296,0.6099974940944444,197,6,4,0.3151882898438082,0.49238578680203043,0.9873096446700508,bending1:22;bending2:19;cycling:48;lying:48;sitting:48;standing:12,0:1;1:44;2:49;3:103,"{""0"": ""bending2"", ""1"": ""sitting"", ""2"": ""cycling"", ""3"": ""lying""}",0.5719614744699092,0.9091155224705617,0.8390023121022033,1.454216576596745
AReMActivities,0,forced_k4,DynVAR-Lasso Weighted Ridge,100.0,0.01,4.0,1.0,4,False,0.0,True,0.15159654601873296,0.6099974940944444,197,6,4,0.3151882898438082,0.49238578680203043,0.9873096446700508,bending1:22;bending2:19;cycling:48;lying:48;sitting:48;standing:12,0:1;1:44;2:49;3:103,"{""0"": ""bending2"", ""1"": ""sitting"", ""2"": ""cycling"", ""3"": ""lying""}",0.5690368213435207,0.9061913454538397,0.8355537994584897,1.453147177188716
AReMActivities,0,forced_k4,STCG-v1 Weighted Ridge,100.0,0.01,4.0,1.0,4,False,0.0,True,0.15159654601873296,0.6099974940944444,197,6,4,0.3151882898438082,0.49238578680203043,0.9873096446700508,bending1:22;bending2:19;cycling:48;lying:48;sitting:48;standing:12,0:1;1:44;2:49;3:103,"{""0"": ""bending2"", ""1"": ""sitting"", ""2"": ""cycling"", ""3"": ""lying""}",0.5652540057855311,0.9017113673413755,0.8305663617921049,1.4474870905010853
AReMActivities,1,auto_k2_min_0.00,Dense Ridge,30.0,,,,2,True,0.0,True,0.09828218549989783,0.9202235688796065,197,6,2,0.2505899802096966,0.4873096446700508,0.9873096446700508,bending1:22;bending2:19;cycling:48;lying:48;sitting:48;standing:12,0:146;1:51,"{""0"": ""sitting"", ""1"": ""cycling""}",0.5733895262668768,0.9109366077707814,0.8412092464597661,1.4550835330620835
AReMActivities,1,auto_k2_min_0.00,DynVAR-Lasso Weighted Ridge,30.0,0.01,4.0,1.0,2,True,0.0,True,0.09828218549989783,0.9202235688796065,197,6,2,0.2505899802096966,0.4873096446700508,0.9873096446700508,bending1:22;bending2:19;cycling:48;lying:48;sitting:48;standing:12,0:146;1:51,"{""0"": ""sitting"", ""1"": ""cycling""}",0.5721313053294081,0.9095767313102849,0.8396643635096582,1.454485772146349
AReMActivities,1,auto_k2_min_0.00,STCG-v1 Weighted Ridge,30.0,0.01,4.0,1.0,2,True,0.0,True,0.09828218549989783,0.9202235688796065,197,6,2,0.2505899802096966,0.4873096446700508,0.9873096446700508,bending1:22;bending2:19;cycling:48;lying:48;sitting:48;standing:12,0:146;1:51,"{""0"": ""sitting"", ""1"": ""cycling""}",0.5715653378745336,0.9091719198302292,0.8388110245169411,1.4547197319907905
AReMActivities,1,auto_k2_min_0.00,Dense Ridge,100.0,,,,2,True,0.0,True,0.09828218549989783,0.9202235688796065,197,6,2,0.2505899802096966,0.4873096446700508,0.9873096446700508,bending1:22;bending2:19;cycling:48;lying:48;sitting:48;standing:12,0:146;1:51,"{""0"": ""sitting"", ""1"": ""cycling""}",0.5719614744699092,0.9091155224705617,0.8390023121022033,1.454216576596745
AReMActivities,1,auto_k2_min_0.00,DynVAR-Lasso Weighted Ridge,100.0,0.01,4.0,1.0,2,True,0.0,True,0.09828218549989783,0.9202235688796065,197,6,2,0.2505899802096966,0.4873096446700508,0.9873096446700508,bending1:22;bending2:19;cycling:48;lying:48;sitting:48;standing:12,0:146;1:51,"{""0"": ""sitting"", ""1"": ""cycling""}",0.5690368213435207,0.9061913454538397,0.8355537994584897,1.453147177188716
AReMActivities,1,auto_k2_min_0.00,STCG-v1 Weighted Ridge,100.0,0.01,4.0,1.0,2,True,0.0,True,0.09828218549989783,0.9202235688796065,197,6,2,0.2505899802096966,0.4873096446700508,0.9873096446700508,bending1:22;bending2:19;cycling:48;lying:48;sitting:48;standing:12,0:146;1:51,"{""0"": ""sitting"", ""1"": ""cycling""}",0.568235906370142,0.9057593243797266,0.8342702349030438,1.4539258250619385
AReMActivities,1,auto_k2_min_0.02,Dense Ridge,30.0,,,,2,True,0.02,True,0.09828218549989783,0.9202235688796065,197,6,2,0.2505899802096966,0.4873096446700508,0.9873096446700508,bending1:22;bending2:19;cycling:48;lying:48;sitting:48;standing:12,0:146;1:51,"{""0"": ""sitting"", ""1"": ""cycling""}",0.5733895262668768,0.9109366077707814,0.8412092464597661,1.4550835330620835
AReMActivities,1,auto_k2_min_0.02,DynVAR-Lasso Weighted Ridge,30.0,0.01,4.0,1.0,2,True,0.02,True,0.09828218549989783,0.9202235688796065,197,6,2,0.2505899802096966,0.4873096446700508,0.9873096446700508,bending1:22;bending2:19;cycling:48;lying:48;sitting:48;standing:12,0:146;1:51,"{""0"": ""sitting"", ""1"": ""cycling""}",0.5721313053294081,0.9095767313102849,0.8396643635096582,1.454485772146349
AReMActivities,1,auto_k2_min_0.02,STCG-v1 Weighted Ridge,30.0,0.01,4.0,1.0,2,True,0.02,True,0.09828218549989783,0.9202235688796065,197,6,2,0.2505899802096966,0.4873096446700508,0.9873096446700508,bending1:22;bending2:19;cycling:48;lying:48;sitting:48;standing:12,0:146;1:51,"{""0"": ""sitting"", ""1"": ""cycling""}",0.5715653378745336,0.9091719198302292,0.8388110245169411,1.4547197319907905
AReMActivities,1,auto_k2_min_0.02,Dense Ridge,100.0,,,,2,True,0.02,True,0.09828218549989783,0.9202235688796065,197,6,2,0.2505899802096966,0.4873096446700508,0.9873096446700508,bending1:22;bending2:19;cycling:48;lying:48;sitting:48;standing:12,0:146;1:51,"{""0"": ""sitting"", ""1"": ""cycling""}",0.5719614744699092,0.9091155224705617,0.8390023121022033,1.454216576596745
AReMActivities,1,auto_k2_min_0.02,DynVAR-Lasso Weighted Ridge,100.0,0.01,4.0,1.0,2,True,0.02,True,0.09828218549989783,0.9202235688796065,197,6,2,0.2505899802096966,0.4873096446700508,0.9873096446700508,bending1:22;bending2:19;cycling:48;lying:48;sitting:48;standing:12,0:146;1:51,"{""0"": ""sitting"", ""1"": ""cycling""}",0.5690368213435207,0.9061913454538397,0.8355537994584897,1.453147177188716
AReMActivities,1,auto_k2_min_0.02,STCG-v1 Weighted Ridge,100.0,0.01,4.0,1.0,2,True,0.02,True,0.09828218549989783,0.9202235688796065,197,6,2,0.2505899802096966,0.4873096446700508,0.9873096446700508,bending1:22;bending2:19;cycling:48;lying:48;sitting:48;standing:12,0:146;1:51,"{""0"": ""sitting"", ""1"": ""cycling""}",0.568235906370142,0.9057593243797266,0.8342702349030438,1.4539258250619385
AReMActivities,1,auto_k2_min_0.04,Dense Ridge,30.0,,,,2,True,0.04,True,0.09828218549989783,0.9202235688796065,197,6,2,0.2505899802096966,0.4873096446700508,0.9873096446700508,bending1:22;bending2:19;cycling:48;lying:48;sitting:48;standing:12,0:146;1:51,"{""0"": ""sitting"", ""1"": ""cycling""}",0.5733895262668768,0.9109366077707814,0.8412092464597661,1.4550835330620835
AReMActivities,1,auto_k2_min_0.04,DynVAR-Lasso Weighted Ridge,30.0,0.01,4.0,1.0,2,True,0.04,True,0.09828218549989783,0.9202235688796065,197,6,2,0.2505899802096966,0.4873096446700508,0.9873096446700508,bending1:22;bending2:19;cycling:48;lying:48;sitting:48;standing:12,0:146;1:51,"{""0"": ""sitting"", ""1"": ""cycling""}",0.5721313053294081,0.9095767313102849,0.8396643635096582,1.454485772146349
AReMActivities,1,auto_k2_min_0.04,STCG-v1 Weighted Ridge,30.0,0.01,4.0,1.0,2,True,0.04,True,0.09828218549989783,0.9202235688796065,197,6,2,0.2505899802096966,0.4873096446700508,0.9873096446700508,bending1:22;bending2:19;cycling:48;lying:48;sitting:48;standing:12,0:146;1:51,"{""0"": ""sitting"", ""1"": ""cycling""}",0.5715653378745336,0.9091719198302292,0.8388110245169411,1.4547197319907905
AReMActivities,1,auto_k2_min_0.04,Dense Ridge,100.0,,,,2,True,0.04,True,0.09828218549989783,0.9202235688796065,197,6,2,0.2505899802096966,0.4873096446700508,0.9873096446700508,bending1:22;bending2:19;cycling:48;lying:48;sitting:48;standing:12,0:146;1:51,"{""0"": ""sitting"", ""1"": ""cycling""}",0.5719614744699092,0.9091155224705617,0.8390023121022033,1.454216576596745
AReMActivities,1,auto_k2_min_0.04,DynVAR-Lasso Weighted Ridge,100.0,0.01,4.0,1.0,2,True,0.04,True,0.09828218549989783,0.9202235688796065,197,6,2,0.2505899802096966,0.4873096446700508,0.9873096446700508,bending1:22;bending2:19;cycling:48;lying:48;sitting:48;standing:12,0:146;1:51,"{""0"": ""sitting"", ""1"": ""cycling""}",0.5690368213435207,0.9061913454538397,0.8355537994584897,1.453147177188716
AReMActivities,1,auto_k2_min_0.04,STCG-v1 Weighted Ridge,100.0,0.01,4.0,1.0,2,True,0.04,True,0.09828218549989783,0.9202235688796065,197,6,2,0.2505899802096966,0.4873096446700508,0.9873096446700508,bending1:22;bending2:19;cycling:48;lying:48;sitting:48;standing:12,0:146;1:51,"{""0"": ""sitting"", ""1"": ""cycling""}",0.568235906370142,0.9057593243797266,0.8342702349030438,1.4539258250619385
AReMActivities,1,auto_k2_min_0.06,Dense Ridge,30.0,,,,2,True,0.06,True,0.09828218549989783,0.9202235688796065,197,6,2,0.2505899802096966,0.4873096446700508,0.9873096446700508,bending1:22;bending2:19;cycling:48;lying:48;sitting:48;standing:12,0:146;1:51,"{""0"": ""sitting"", ""1"": ""cycling""}",0.5733895262668768,0.9109366077707814,0.8412092464597661,1.4550835330620835
AReMActivities,1,auto_k2_min_0.06,DynVAR-Lasso Weighted Ridge,30.0,0.01,4.0,1.0,2,True,0.06,True,0.09828218549989783,0.9202235688796065,197,6,2,0.2505899802096966,0.4873096446700508,0.9873096446700508,bending1:22;bending2:19;cycling:48;lying:48;sitting:48;standing:12,0:146;1:51,"{""0"": ""sitting"", ""1"": ""cycling""}",0.5721313053294081,0.9095767313102849,0.8396643635096582,1.454485772146349
AReMActivities,1,auto_k2_min_0.06,STCG-v1 Weighted Ridge,30.0,0.01,4.0,1.0,2,True,0.06,True,0.09828218549989783,0.9202235688796065,197,6,2,0.2505899802096966,0.4873096446700508,0.9873096446700508,bending1:22;bending2:19;cycling:48;lying:48;sitting:48;standing:12,0:146;1:51,"{""0"": ""sitting"", ""1"": ""cycling""}",0.5715653378745336,0.9091719198302292,0.8388110245169411,1.4547197319907905
AReMActivities,1,auto_k2_min_0.06,Dense Ridge,100.0,,,,2,True,0.06,True,0.09828218549989783,0.9202235688796065,197,6,2,0.2505899802096966,0.4873096446700508,0.9873096446700508,bending1:22;bending2:19;cycling:48;lying:48;sitting:48;standing:12,0:146;1:51,"{""0"": ""sitting"", ""1"": ""cycling""}",0.5719614744699092,0.9091155224705617,0.8390023121022033,1.454216576596745
AReMActivities,1,auto_k2_min_0.06,DynVAR-Lasso Weighted Ridge,100.0,0.01,4.0,1.0,2,True,0.06,True,0.09828218549989783,0.9202235688796065,197,6,2,0.2505899802096966,0.4873096446700508,0.9873096446700508,bending1:22;bending2:19;cycling:48;lying:48;sitting:48;standing:12,0:146;1:51,"{""0"": ""sitting"", ""1"": ""cycling""}",0.5690368213435207,0.9061913454538397,0.8355537994584897,1.453147177188716
AReMActivities,1,auto_k2_min_0.06,STCG-v1 Weighted Ridge,100.0,0.01,4.0,1.0,2,True,0.06,True,0.09828218549989783,0.9202235688796065,197,6,2,0.2505899802096966,0.4873096446700508,0.9873096446700508,bending1:22;bending2:19;cycling:48;lying:48;sitting:48;standing:12,0:146;1:51,"{""0"": ""sitting"", ""1"": ""cycling""}",0.568235906370142,0.9057593243797266,0.8342702349030438,1.4539258250619385
AReMActivities,1,auto_k2_min_0.08,Dense Ridge,30.0,,,,2,True,0.08,True,0.09828218549989783,0.9202235688796065,197,6,2,0.2505899802096966,0.4873096446700508,0.9873096446700508,bending1:22;bending2:19;cycling:48;lying:48;sitting:48;standing:12,0:146;1:51,"{""0"": ""sitting"", ""1"": ""cycling""}",0.5733895262668768,0.9109366077707814,0.8412092464597661,1.4550835330620835
AReMActivities,1,auto_k2_min_0.08,DynVAR-Lasso Weighted Ridge,30.0,0.01,4.0,1.0,2,True,0.08,True,0.09828218549989783,0.9202235688796065,197,6,2,0.2505899802096966,0.4873096446700508,0.9873096446700508,bending1:22;bending2:19;cycling:48;lying:48;sitting:48;standing:12,0:146;1:51,"{""0"": ""sitting"", ""1"": ""cycling""}",0.5721313053294081,0.9095767313102849,0.8396643635096582,1.454485772146349
AReMActivities,1,auto_k2_min_0.08,STCG-v1 Weighted Ridge,30.0,0.01,4.0,1.0,2,True,0.08,True,0.09828218549989783,0.9202235688796065,197,6,2,0.2505899802096966,0.4873096446700508,0.9873096446700508,bending1:22;bending2:19;cycling:48;lying:48;sitting:48;standing:12,0:146;1:51,"{""0"": ""sitting"", ""1"": ""cycling""}",0.5715653378745336,0.9091719198302292,0.8388110245169411,1.4547197319907905
AReMActivities,1,auto_k2_min_0.08,Dense Ridge,100.0,,,,2,True,0.08,True,0.09828218549989783,0.9202235688796065,197,6,2,0.2505899802096966,0.4873096446700508,0.9873096446700508,bending1:22;bending2:19;cycling:48;lying:48;sitting:48;standing:12,0:146;1:51,"{""0"": ""sitting"", ""1"": ""cycling""}",0.5719614744699092,0.9091155224705617,0.8390023121022033,1.454216576596745
AReMActivities,1,auto_k2_min_0.08,DynVAR-Lasso Weighted Ridge,100.0,0.01,4.0,1.0,2,True,0.08,True,0.09828218549989783,0.9202235688796065,197,6,2,0.2505899802096966,0.4873096446700508,0.9873096446700508,bending1:22;bending2:19;cycling:48;lying:48;sitting:48;standing:12,0:146;1:51,"{""0"": ""sitting"", ""1"": ""cycling""}",0.5690368213435207,0.9061913454538397,0.8355537994584897,1.453147177188716
AReMActivities,1,auto_k2_min_0.08,STCG-v1 Weighted Ridge,100.0,0.01,4.0,1.0,2,True,0.08,True,0.09828218549989783,0.9202235688796065,197,6,2,0.2505899802096966,0.4873096446700508,0.9873096446700508,bending1:22;bending2:19;cycling:48;lying:48;sitting:48;standing:12,0:146;1:51,"{""0"": ""sitting"", ""1"": ""cycling""}",0.568235906370142,0.9057593243797266,0.8342702349030438,1.4539258250619385
AReMActivities,1,auto_k2_min_0.10,Dense Ridge,30.0,,,,2,True,0.1,True,0.09828218549989783,0.9202235688796065,197,6,2,0.2505899802096966,0.4873096446700508,0.9873096446700508,bending1:22;bending2:19;cycling:48;lying:48;sitting:48;standing:12,0:146;1:51,"{""0"": ""sitting"", ""1"": ""cycling""}",0.5733895262668768,0.9109366077707814,0.8412092464597661,1.4550835330620835
AReMActivities,1,auto_k2_min_0.10,DynVAR-Lasso Weighted Ridge,30.0,0.01,4.0,1.0,2,True,0.1,True,0.09828218549989783,0.9202235688796065,197,6,2,0.2505899802096966,0.4873096446700508,0.9873096446700508,bending1:22;bending2:19;cycling:48;lying:48;sitting:48;standing:12,0:146;1:51,"{""0"": ""sitting"", ""1"": ""cycling""}",0.5721313053294081,0.9095767313102849,0.8396643635096582,1.454485772146349
AReMActivities,1,auto_k2_min_0.10,STCG-v1 Weighted Ridge,30.0,0.01,4.0,1.0,2,True,0.1,True,0.09828218549989783,0.9202235688796065,197,6,2,0.2505899802096966,0.4873096446700508,0.9873096446700508,bending1:22;bending2:19;cycling:48;lying:48;sitting:48;standing:12,0:146;1:51,"{""0"": ""sitting"", ""1"": ""cycling""}",0.5715653378745336,0.9091719198302292,0.8388110245169411,1.4547197319907905
AReMActivities,1,auto_k2_min_0.10,Dense Ridge,100.0,,,,2,True,0.1,True,0.09828218549989783,0.9202235688796065,197,6,2,0.2505899802096966,0.4873096446700508,0.9873096446700508,bending1:22;bending2:19;cycling:48;lying:48;sitting:48;standing:12,0:146;1:51,"{""0"": ""sitting"", ""1"": ""cycling""}",0.5719614744699092,0.9091155224705617,0.8390023121022033,1.454216576596745
AReMActivities,1,auto_k2_min_0.10,DynVAR-Lasso Weighted Ridge,100.0,0.01,4.0,1.0,2,True,0.1,True,0.09828218549989783,0.9202235688796065,197,6,2,0.2505899802096966,0.4873096446700508,0.9873096446700508,bending1:22;bending2:19;cycling:48;lying:48;sitting:48;standing:12,0:146;1:51,"{""0"": ""sitting"", ""1"": ""cycling""}",0.5690368213435207,0.9061913454538397,0.8355537994584897,1.453147177188716
AReMActivities,1,auto_k2_min_0.10,STCG-v1 Weighted Ridge,100.0,0.01,4.0,1.0,2,True,0.1,True,0.09828218549989783,0.9202235688796065,197,6,2,0.2505899802096966,0.4873096446700508,0.9873096446700508,bending1:22;bending2:19;cycling:48;lying:48;sitting:48;standing:12,0:146;1:51,"{""0"": ""sitting"", ""1"": ""cycling""}",0.568235906370142,0.9057593243797266,0.8342702349030438,1.4539258250619385
AReMActivities,1,auto_k2_min_0.12,Dense Ridge,30.0,,,,2,True,0.12,True,0.09828218549989783,0.9202235688796065,197,6,2,0.2505899802096966,0.4873096446700508,0.9873096446700508,bending1:22;bending2:19;cycling:48;lying:48;sitting:48;standing:12,0:146;1:51,"{""0"": ""sitting"", ""1"": ""cycling""}",0.5733895262668768,0.9109366077707814,0.8412092464597661,1.4550835330620835
AReMActivities,1,auto_k2_min_0.12,DynVAR-Lasso Weighted Ridge,30.0,0.01,4.0,1.0,2,True,0.12,True,0.09828218549989783,0.9202235688796065,197,6,2,0.2505899802096966,0.4873096446700508,0.9873096446700508,bending1:22;bending2:19;cycling:48;lying:48;sitting:48;standing:12,0:146;1:51,"{""0"": ""sitting"", ""1"": ""cycling""}",0.5721313053294081,0.9095767313102849,0.8396643635096582,1.454485772146349
AReMActivities,1,auto_k2_min_0.12,STCG-v1 Weighted Ridge,30.0,0.01,4.0,1.0,2,True,0.12,True,0.09828218549989783,0.9202235688796065,197,6,2,0.2505899802096966,0.4873096446700508,0.9873096446700508,bending1:22;bending2:19;cycling:48;lying:48;sitting:48;standing:12,0:146;1:51,"{""0"": ""sitting"", ""1"": ""cycling""}",0.5715653378745336,0.9091719198302292,0.8388110245169411,1.4547197319907905
AReMActivities,1,auto_k2_min_0.12,Dense Ridge,100.0,,,,2,True,0.12,True,0.09828218549989783,0.9202235688796065,197,6,2,0.2505899802096966,0.4873096446700508,0.9873096446700508,bending1:22;bending2:19;cycling:48;lying:48;sitting:48;standing:12,0:146;1:51,"{""0"": ""sitting"", ""1"": ""cycling""}",0.5719614744699092,0.9091155224705617,0.8390023121022033,1.454216576596745
AReMActivities,1,auto_k2_min_0.12,DynVAR-Lasso Weighted Ridge,100.0,0.01,4.0,1.0,2,True,0.12,True,0.09828218549989783,0.9202235688796065,197,6,2,0.2505899802096966,0.4873096446700508,0.9873096446700508,bending1:22;bending2:19;cycling:48;lying:48;sitting:48;standing:12,0:146;1:51,"{""0"": ""sitting"", ""1"": ""cycling""}",0.5690368213435207,0.9061913454538397,0.8355537994584897,1.453147177188716
AReMActivities,1,auto_k2_min_0.12,STCG-v1 Weighted Ridge,100.0,0.01,4.0,1.0,2,True,0.12,True,0.09828218549989783,0.9202235688796065,197,6,2,0.2505899802096966,0.4873096446700508,0.9873096446700508,bending1:22;bending2:19;cycling:48;lying:48;sitting:48;standing:12,0:146;1:51,"{""0"": ""sitting"", ""1"": ""cycling""}",0.568235906370142,0.9057593243797266,0.8342702349030438,1.4539258250619385
AReMActivities,1,auto_k2_min_0.16,Dense Ridge,30.0,,,,2,True,0.16,True,0.09828218549989783,0.9202235688796065,197,6,2,0.2505899802096966,0.4873096446700508,0.9873096446700508,bending1:22;bending2:19;cycling:48;lying:48;sitting:48;standing:12,0:146;1:51,"{""0"": ""sitting"", ""1"": ""cycling""}",0.5733895262668768,0.9109366077707814,0.8412092464597661,1.4550835330620835
AReMActivities,1,auto_k2_min_0.16,DynVAR-Lasso Weighted Ridge,30.0,0.01,4.0,1.0,2,True,0.16,True,0.09828218549989783,0.9202235688796065,197,6,2,0.2505899802096966,0.4873096446700508,0.9873096446700508,bending1:22;bending2:19;cycling:48;lying:48;sitting:48;standing:12,0:146;1:51,"{""0"": ""sitting"", ""1"": ""cycling""}",0.5721313053294081,0.9095767313102849,0.8396643635096582,1.454485772146349
AReMActivities,1,auto_k2_min_0.16,STCG-v1 Weighted Ridge,30.0,0.01,4.0,1.0,2,True,0.16,True,0.09828218549989783,0.9202235688796065,197,6,2,0.2505899802096966,0.4873096446700508,0.9873096446700508,bending1:22;bending2:19;cycling:48;lying:48;sitting:48;standing:12,0:146;1:51,"{""0"": ""sitting"", ""1"": ""cycling""}",0.5715653378745336,0.9091719198302292,0.8388110245169411,1.4547197319907905
AReMActivities,1,auto_k2_min_0.16,Dense Ridge,100.0,,,,2,True,0.16,True,0.09828218549989783,0.9202235688796065,197,6,2,0.2505899802096966,0.4873096446700508,0.9873096446700508,bending1:22;bending2:19;cycling:48;lying:48;sitting:48;standing:12,0:146;1:51,"{""0"": ""sitting"", ""1"": ""cycling""}",0.5719614744699092,0.9091155224705617,0.8390023121022033,1.454216576596745
AReMActivities,1,auto_k2_min_0.16,DynVAR-Lasso Weighted Ridge,100.0,0.01,4.0,1.0,2,True,0.16,True,0.09828218549989783,0.9202235688796065,197,6,2,0.2505899802096966,0.4873096446700508,0.9873096446700508,bending1:22;bending2:19;cycling:48;lying:48;sitting:48;standing:12,0:146;1:51,"{""0"": ""sitting"", ""1"": ""cycling""}",0.5690368213435207,0.9061913454538397,0.8355537994584897,1.453147177188716
AReMActivities,1,auto_k2_min_0.16,STCG-v1 Weighted Ridge,100.0,0.01,4.0,1.0,2,True,0.16,True,0.09828218549989783,0.9202235688796065,197,6,2,0.2505899802096966,0.4873096446700508,0.9873096446700508,bending1:22;bending2:19;cycling:48;lying:48;sitting:48;standing:12,0:146;1:51,"{""0"": ""sitting"", ""1"": ""cycling""}",0.568235906370142,0.9057593243797266,0.8342702349030438,1.4539258250619385
AReMActivities,1,auto_k2_min_0.20,Dense Ridge,30.0,,,,2,True,0.2,True,0.09828218549989783,0.9202235688796065,197,6,2,0.2505899802096966,0.4873096446700508,0.9873096446700508,bending1:22;bending2:19;cycling:48;lying:48;sitting:48;standing:12,0:146;1:51,"{""0"": ""sitting"", ""1"": ""cycling""}",0.5733895262668768,0.9109366077707814,0.8412092464597661,1.4550835330620835
AReMActivities,1,auto_k2_min_0.20,DynVAR-Lasso Weighted Ridge,30.0,0.01,4.0,1.0,2,True,0.2,True,0.09828218549989783,0.9202235688796065,197,6,2,0.2505899802096966,0.4873096446700508,0.9873096446700508,bending1:22;bending2:19;cycling:48;lying:48;sitting:48;standing:12,0:146;1:51,"{""0"": ""sitting"", ""1"": ""cycling""}",0.5721313053294081,0.9095767313102849,0.8396643635096582,1.454485772146349
AReMActivities,1,auto_k2_min_0.20,STCG-v1 Weighted Ridge,30.0,0.01,4.0,1.0,2,True,0.2,True,0.09828218549989783,0.9202235688796065,197,6,2,0.2505899802096966,0.4873096446700508,0.9873096446700508,bending1:22;bending2:19;cycling:48;lying:48;sitting:48;standing:12,0:146;1:51,"{""0"": ""sitting"", ""1"": ""cycling""}",0.5715653378745336,0.9091719198302292,0.8388110245169411,1.4547197319907905
AReMActivities,1,auto_k2_min_0.20,Dense Ridge,100.0,,,,2,True,0.2,True,0.09828218549989783,0.9202235688796065,197,6,2,0.2505899802096966,0.4873096446700508,0.9873096446700508,bending1:22;bending2:19;cycling:48;lying:48;sitting:48;standing:12,0:146;1:51,"{""0"": ""sitting"", ""1"": ""cycling""}",0.5719614744699092,0.9091155224705617,0.8390023121022033,1.454216576596745
AReMActivities,1,auto_k2_min_0.20,DynVAR-Lasso Weighted Ridge,100.0,0.01,4.0,1.0,2,True,0.2,True,0.09828218549989783,0.9202235688796065,197,6,2,0.2505899802096966,0.4873096446700508,0.9873096446700508,bending1:22;bending2:19;cycling:48;lying:48;sitting:48;standing:12,0:146;1:51,"{""0"": ""sitting"", ""1"": ""cycling""}",0.5690368213435207,0.9061913454538397,0.8355537994584897,1.453147177188716
AReMActivities,1,auto_k2_min_0.20,STCG-v1 Weighted Ridge,100.0,0.01,4.0,1.0,2,True,0.2,True,0.09828218549989783,0.9202235688796065,197,6,2,0.2505899802096966,0.4873096446700508,0.9873096446700508,bending1:22;bending2:19;cycling:48;lying:48;sitting:48;standing:12,0:146;1:51,"{""0"": ""sitting"", ""1"": ""cycling""}",0.568235906370142,0.9057593243797266,0.8342702349030438,1.4539258250619385
AReMActivities,1,forced_k2,Dense Ridge,30.0,,,,2,False,0.0,True,0.09828218549989783,0.9202235688796065,197,6,2,0.2505899802096966,0.4873096446700508,0.9873096446700508,bending1:22;bending2:19;cycling:48;lying:48;sitting:48;standing:12,0:146;1:51,"{""0"": ""sitting"", ""1"": ""cycling""}",0.5733895262668768,0.9109366077707814,0.8412092464597661,1.4550835330620835
AReMActivities,1,forced_k2,DynVAR-Lasso Weighted Ridge,30.0,0.01,4.0,1.0,2,False,0.0,True,0.09828218549989783,0.9202235688796065,197,6,2,0.2505899802096966,0.4873096446700508,0.9873096446700508,bending1:22;bending2:19;cycling:48;lying:48;sitting:48;standing:12,0:146;1:51,"{""0"": ""sitting"", ""1"": ""cycling""}",0.5721313053294081,0.9095767313102849,0.8396643635096582,1.454485772146349
AReMActivities,1,forced_k2,STCG-v1 Weighted Ridge,30.0,0.01,4.0,1.0,2,False,0.0,True,0.09828218549989783,0.9202235688796065,197,6,2,0.2505899802096966,0.4873096446700508,0.9873096446700508,bending1:22;bending2:19;cycling:48;lying:48;sitting:48;standing:12,0:146;1:51,"{""0"": ""sitting"", ""1"": ""cycling""}",0.5715653378745336,0.9091719198302292,0.8388110245169411,1.4547197319907905
AReMActivities,1,forced_k2,Dense Ridge,100.0,,,,2,False,0.0,True,0.09828218549989783,0.9202235688796065,197,6,2,0.2505899802096966,0.4873096446700508,0.9873096446700508,bending1:22;bending2:19;cycling:48;lying:48;sitting:48;standing:12,0:146;1:51,"{""0"": ""sitting"", ""1"": ""cycling""}",0.5719614744699092,0.9091155224705617,0.8390023121022033,1.454216576596745
AReMActivities,1,forced_k2,DynVAR-Lasso Weighted Ridge,100.0,0.01,4.0,1.0,2,False,0.0,True,0.09828218549989783,0.9202235688796065,197,6,2,0.2505899802096966,0.4873096446700508,0.9873096446700508,bending1:22;bending2:19;cycling:48;lying:48;sitting:48;standing:12,0:146;1:51,"{""0"": ""sitting"", ""1"": ""cycling""}",0.5690368213435207,0.9061913454538397,0.8355537994584897,1.453147177188716
AReMActivities,1,forced_k2,STCG-v1 Weighted Ridge,100.0,0.01,4.0,1.0,2,False,0.0,True,0.09828218549989783,0.9202235688796065,197,6,2,0.2505899802096966,0.4873096446700508,0.9873096446700508,bending1:22;bending2:19;cycling:48;lying:48;sitting:48;standing:12,0:146;1:51,"{""0"": ""sitting"", ""1"": ""cycling""}",0.568235906370142,0.9057593243797266,0.8342702349030438,1.4539258250619385
AReMActivities,1,auto_k3_min_0.00,Dense Ridge,30.0,,,,3,True,0.0,True,0.1266700785585558,0.6600414914709604,197,6,3,0.3252498869965961,0.5076142131979695,0.9873096446700508,bending1:22;bending2:19;cycling:48;lying:48;sitting:48;standing:12,0:50;1:102;2:45,"{""0"": ""cycling"", ""1"": ""lying"", ""2"": ""sitting""}",0.5733895262668768,0.9109366077707814,0.8412092464597661,1.4550835330620835
AReMActivities,1,auto_k3_min_0.00,DynVAR-Lasso Weighted Ridge,30.0,0.01,4.0,1.0,3,True,0.0,True,0.1266700785585558,0.6600414914709604,197,6,3,0.3252498869965961,0.5076142131979695,0.9873096446700508,bending1:22;bending2:19;cycling:48;lying:48;sitting:48;standing:12,0:50;1:102;2:45,"{""0"": ""cycling"", ""1"": ""lying"", ""2"": ""sitting""}",0.5721313053294081,0.9095767313102849,0.8396643635096582,1.454485772146349
AReMActivities,1,auto_k3_min_0.00,STCG-v1 Weighted Ridge,30.0,0.01,4.0,1.0,3,True,0.0,True,0.1266700785585558,0.6600414914709604,197,6,3,0.3252498869965961,0.5076142131979695,0.9873096446700508,bending1:22;bending2:19;cycling:48;lying:48;sitting:48;standing:12,0:50;1:102;2:45,"{""0"": ""cycling"", ""1"": ""lying"", ""2"": ""sitting""}",0.571616908662199,0.9093157009154798,0.8389811834260167,1.454255765990809
AReMActivities,1,auto_k3_min_0.00,Dense Ridge,100.0,,,,3,True,0.0,True,0.1266700785585558,0.6600414914709604,197,6,3,0.3252498869965961,0.5076142131979695,0.9873096446700508,bending1:22;bending2:19;cycling:48;lying:48;sitting:48;standing:12,0:50;1:102;2:45,"{""0"": ""cycling"", ""1"": ""lying"", ""2"": ""sitting""}",0.5719614744699092,0.9091155224705617,0.8390023121022033,1.454216576596745
AReMActivities,1,auto_k3_min_0.00,DynVAR-Lasso Weighted Ridge,100.0,0.01,4.0,1.0,3,True,0.0,True,0.1266700785585558,0.6600414914709604,197,6,3,0.3252498869965961,0.5076142131979695,0.9873096446700508,bending1:22;bending2:19;cycling:48;lying:48;sitting:48;standing:12,0:50;1:102;2:45,"{""0"": ""cycling"", ""1"": ""lying"", ""2"": ""sitting""}",0.5690368213435207,0.9061913454538397,0.8355537994584897,1.453147177188716
AReMActivities,1,auto_k3_min_0.00,STCG-v1 Weighted Ridge,100.0,0.01,4.0,1.0,3,True,0.0,True,0.1266700785585558,0.6600414914709604,197,6,3,0.3252498869965961,0.5076142131979695,0.9873096446700508,bending1:22;bending2:19;cycling:48;lying:48;sitting:48;standing:12,0:50;1:102;2:45,"{""0"": ""cycling"", ""1"": ""lying"", ""2"": ""sitting""}",0.5681233568030785,0.9057176954256018,0.8343452396583898,1.4525330752352834
AReMActivities,1,auto_k3_min_0.02,Dense Ridge,30.0,,,,3,True,0.02,True,0.1266700785585558,0.6600414914709604,197,6,3,0.3252498869965961,0.5076142131979695,0.9873096446700508,bending1:22;bending2:19;cycling:48;lying:48;sitting:48;standing:12,0:50;1:102;2:45,"{""0"": ""cycling"", ""1"": ""lying"", ""2"": ""sitting""}",0.5733895262668768,0.9109366077707814,0.8412092464597661,1.4550835330620835
AReMActivities,1,auto_k3_min_0.02,DynVAR-Lasso Weighted Ridge,30.0,0.01,4.0,1.0,3,True,0.02,True,0.1266700785585558,0.6600414914709604,197,6,3,0.3252498869965961,0.5076142131979695,0.9873096446700508,bending1:22;bending2:19;cycling:48;lying:48;sitting:48;standing:12,0:50;1:102;2:45,"{""0"": ""cycling"", ""1"": ""lying"", ""2"": ""sitting""}",0.5721313053294081,0.9095767313102849,0.8396643635096582,1.454485772146349
AReMActivities,1,auto_k3_min_0.02,STCG-v1 Weighted Ridge,30.0,0.01,4.0,1.0,3,True,0.02,True,0.1266700785585558,0.6600414914709604,197,6,3,0.3252498869965961,0.5076142131979695,0.9873096446700508,bending1:22;bending2:19;cycling:48;lying:48;sitting:48;standing:12,0:50;1:102;2:45,"{""0"": ""cycling"", ""1"": ""lying"", ""2"": ""sitting""}",0.571616908662199,0.9093157009154798,0.8389811834260167,1.454255765990809
AReMActivities,1,auto_k3_min_0.02,Dense Ridge,100.0,,,,3,True,0.02,True,0.1266700785585558,0.6600414914709604,197,6,3,0.3252498869965961,0.5076142131979695,0.9873096446700508,bending1:22;bending2:19;cycling:48;lying:48;sitting:48;standing:12,0:50;1:102;2:45,"{""0"": ""cycling"", ""1"": ""lying"", ""2"": ""sitting""}",0.5719614744699092,0.9091155224705617,0.8390023121022033,1.454216576596745
AReMActivities,1,auto_k3_min_0.02,DynVAR-Lasso Weighted Ridge,100.0,0.01,4.0,1.0,3,True,0.02,True,0.1266700785585558,0.6600414914709604,197,6,3,0.3252498869965961,0.5076142131979695,0.9873096446700508,bending1:22;bending2:19;cycling:48;lying:48;sitting:48;standing:12,0:50;1:102;2:45,"{""0"": ""cycling"", ""1"": ""lying"", ""2"": ""sitting""}",0.5690368213435207,0.9061913454538397,0.8355537994584897,1.453147177188716
AReMActivities,1,auto_k3_min_0.02,STCG-v1 Weighted Ridge,100.0,0.01,4.0,1.0,3,True,0.02,True,0.1266700785585558,0.6600414914709604,197,6,3,0.3252498869965961,0.5076142131979695,0.9873096446700508,bending1:22;bending2:19;cycling:48;lying:48;sitting:48;standing:12,0:50;1:102;2:45,"{""0"": ""cycling"", ""1"": ""lying"", ""2"": ""sitting""}",0.5681233568030785,0.9057176954256018,0.8343452396583898,1.4525330752352834
AReMActivities,1,auto_k3_min_0.04,Dense Ridge,30.0,,,,3,True,0.04,True,0.1266700785585558,0.6600414914709604,197,6,3,0.3252498869965961,0.5076142131979695,0.9873096446700508,bending1:22;bending2:19;cycling:48;lying:48;sitting:48;standing:12,0:50;1:102;2:45,"{""0"": ""cycling"", ""1"": ""lying"", ""2"": ""sitting""}",0.5733895262668768,0.9109366077707814,0.8412092464597661,1.4550835330620835
AReMActivities,1,auto_k3_min_0.04,DynVAR-Lasso Weighted Ridge,30.0,0.01,4.0,1.0,3,True,0.04,True,0.1266700785585558,0.6600414914709604,197,6,3,0.3252498869965961,0.5076142131979695,0.9873096446700508,bending1:22;bending2:19;cycling:48;lying:48;sitting:48;standing:12,0:50;1:102;2:45,"{""0"": ""cycling"", ""1"": ""lying"", ""2"": ""sitting""}",0.5721313053294081,0.9095767313102849,0.8396643635096582,1.454485772146349
AReMActivities,1,auto_k3_min_0.04,STCG-v1 Weighted Ridge,30.0,0.01,4.0,1.0,3,True,0.04,True,0.1266700785585558,0.6600414914709604,197,6,3,0.3252498869965961,0.5076142131979695,0.9873096446700508,bending1:22;bending2:19;cycling:48;lying:48;sitting:48;standing:12,0:50;1:102;2:45,"{""0"": ""cycling"", ""1"": ""lying"", ""2"": ""sitting""}",0.571616908662199,0.9093157009154798,0.8389811834260167,1.454255765990809
AReMActivities,1,auto_k3_min_0.04,Dense Ridge,100.0,,,,3,True,0.04,True,0.1266700785585558,0.6600414914709604,197,6,3,0.3252498869965961,0.5076142131979695,0.9873096446700508,bending1:22;bending2:19;cycling:48;lying:48;sitting:48;standing:12,0:50;1:102;2:45,"{""0"": ""cycling"", ""1"": ""lying"", ""2"": ""sitting""}",0.5719614744699092,0.9091155224705617,0.8390023121022033,1.454216576596745
AReMActivities,1,auto_k3_min_0.04,DynVAR-Lasso Weighted Ridge,100.0,0.01,4.0,1.0,3,True,0.04,True,0.1266700785585558,0.6600414914709604,197,6,3,0.3252498869965961,0.5076142131979695,0.9873096446700508,bending1:22;bending2:19;cycling:48;lying:48;sitting:48;standing:12,0:50;1:102;2:45,"{""0"": ""cycling"", ""1"": ""lying"", ""2"": ""sitting""}",0.5690368213435207,0.9061913454538397,0.8355537994584897,1.453147177188716
AReMActivities,1,auto_k3_min_0.04,STCG-v1 Weighted Ridge,100.0,0.01,4.0,1.0,3,True,0.04,True,0.1266700785585558,0.6600414914709604,197,6,3,0.3252498869965961,0.5076142131979695,0.9873096446700508,bending1:22;bending2:19;cycling:48;lying:48;sitting:48;standing:12,0:50;1:102;2:45,"{""0"": ""cycling"", ""1"": ""lying"", ""2"": ""sitting""}",0.5681233568030785,0.9057176954256018,0.8343452396583898,1.4525330752352834
AReMActivities,1,auto_k3_min_0.06,Dense Ridge,30.0,,,,3,True,0.06,True,0.1266700785585558,0.6600414914709604,197,6,3,0.3252498869965961,0.5076142131979695,0.9873096446700508,bending1:22;bending2:19;cycling:48;lying:48;sitting:48;standing:12,0:50;1:102;2:45,"{""0"": ""cycling"", ""1"": ""lying"", ""2"": ""sitting""}",0.5733895262668768,0.9109366077707814,0.8412092464597661,1.4550835330620835
AReMActivities,1,auto_k3_min_0.06,DynVAR-Lasso Weighted Ridge,30.0,0.01,4.0,1.0,3,True,0.06,True,0.1266700785585558,0.6600414914709604,197,6,3,0.3252498869965961,0.5076142131979695,0.9873096446700508,bending1:22;bending2:19;cycling:48;lying:48;sitting:48;standing:12,0:50;1:102;2:45,"{""0"": ""cycling"", ""1"": ""lying"", ""2"": ""sitting""}",0.5721313053294081,0.9095767313102849,0.8396643635096582,1.454485772146349
AReMActivities,1,auto_k3_min_0.06,STCG-v1 Weighted Ridge,30.0,0.01,4.0,1.0,3,True,0.06,True,0.1266700785585558,0.6600414914709604,197,6,3,0.3252498869965961,0.5076142131979695,0.9873096446700508,bending1:22;bending2:19;cycling:48;lying:48;sitting:48;standing:12,0:50;1:102;2:45,"{""0"": ""cycling"", ""1"": ""lying"", ""2"": ""sitting""}",0.571616908662199,0.9093157009154798,0.8389811834260167,1.454255765990809
AReMActivities,1,auto_k3_min_0.06,Dense Ridge,100.0,,,,3,True,0.06,True,0.1266700785585558,0.6600414914709604,197,6,3,0.3252498869965961,0.5076142131979695,0.9873096446700508,bending1:22;bending2:19;cycling:48;lying:48;sitting:48;standing:12,0:50;1:102;2:45,"{""0"": ""cycling"", ""1"": ""lying"", ""2"": ""sitting""}",0.5719614744699092,0.9091155224705617,0.8390023121022033,1.454216576596745
AReMActivities,1,auto_k3_min_0.06,DynVAR-Lasso Weighted Ridge,100.0,0.01,4.0,1.0,3,True,0.06,True,0.1266700785585558,0.6600414914709604,197,6,3,0.3252498869965961,0.5076142131979695,0.9873096446700508,bending1:22;bending2:19;cycling:48;lying:48;sitting:48;standing:12,0:50;1:102;2:45,"{""0"": ""cycling"", ""1"": ""lying"", ""2"": ""sitting""}",0.5690368213435207,0.9061913454538397,0.8355537994584897,1.453147177188716
AReMActivities,1,auto_k3_min_0.06,STCG-v1 Weighted Ridge,100.0,0.01,4.0,1.0,3,True,0.06,True,0.1266700785585558,0.6600414914709604,197,6,3,0.3252498869965961,0.5076142131979695,0.9873096446700508,bending1:22;bending2:19;cycling:48;lying:48;sitting:48;standing:12,0:50;1:102;2:45,"{""0"": ""cycling"", ""1"": ""lying"", ""2"": ""sitting""}",0.5681233568030785,0.9057176954256018,0.8343452396583898,1.4525330752352834
AReMActivities,1,auto_k3_min_0.08,Dense Ridge,30.0,,,,3,True,0.08,True,0.1266700785585558,0.6600414914709604,197,6,3,0.3252498869965961,0.5076142131979695,0.9873096446700508,bending1:22;bending2:19;cycling:48;lying:48;sitting:48;standing:12,0:50;1:102;2:45,"{""0"": ""cycling"", ""1"": ""lying"", ""2"": ""sitting""}",0.5733895262668768,0.9109366077707814,0.8412092464597661,1.4550835330620835
AReMActivities,1,auto_k3_min_0.08,DynVAR-Lasso Weighted Ridge,30.0,0.01,4.0,1.0,3,True,0.08,True,0.1266700785585558,0.6600414914709604,197,6,3,0.3252498869965961,0.5076142131979695,0.9873096446700508,bending1:22;bending2:19;cycling:48;lying:48;sitting:48;standing:12,0:50;1:102;2:45,"{""0"": ""cycling"", ""1"": ""lying"", ""2"": ""sitting""}",0.5721313053294081,0.9095767313102849,0.8396643635096582,1.454485772146349
AReMActivities,1,auto_k3_min_0.08,STCG-v1 Weighted Ridge,30.0,0.01,4.0,1.0,3,True,0.08,True,0.1266700785585558,0.6600414914709604,197,6,3,0.3252498869965961,0.5076142131979695,0.9873096446700508,bending1:22;bending2:19;cycling:48;lying:48;sitting:48;standing:12,0:50;1:102;2:45,"{""0"": ""cycling"", ""1"": ""lying"", ""2"": ""sitting""}",0.571616908662199,0.9093157009154798,0.8389811834260167,1.454255765990809
AReMActivities,1,auto_k3_min_0.08,Dense Ridge,100.0,,,,3,True,0.08,True,0.1266700785585558,0.6600414914709604,197,6,3,0.3252498869965961,0.5076142131979695,0.9873096446700508,bending1:22;bending2:19;cycling:48;lying:48;sitting:48;standing:12,0:50;1:102;2:45,"{""0"": ""cycling"", ""1"": ""lying"", ""2"": ""sitting""}",0.5719614744699092,0.9091155224705617,0.8390023121022033,1.454216576596745
AReMActivities,1,auto_k3_min_0.08,DynVAR-Lasso Weighted Ridge,100.0,0.01,4.0,1.0,3,True,0.08,True,0.1266700785585558,0.6600414914709604,197,6,3,0.3252498869965961,0.5076142131979695,0.9873096446700508,bending1:22;bending2:19;cycling:48;lying:48;sitting:48;standing:12,0:50;1:102;2:45,"{""0"": ""cycling"", ""1"": ""lying"", ""2"": ""sitting""}",0.5690368213435207,0.9061913454538397,0.8355537994584897,1.453147177188716
AReMActivities,1,auto_k3_min_0.08,STCG-v1 Weighted Ridge,100.0,0.01,4.0,1.0,3,True,0.08,True,0.1266700785585558,0.6600414914709604,197,6,3,0.3252498869965961,0.5076142131979695,0.9873096446700508,bending1:22;bending2:19;cycling:48;lying:48;sitting:48;standing:12,0:50;1:102;2:45,"{""0"": ""cycling"", ""1"": ""lying"", ""2"": ""sitting""}",0.5681233568030785,0.9057176954256018,0.8343452396583898,1.4525330752352834
AReMActivities,1,auto_k3_min_0.10,Dense Ridge,30.0,,,,3,True,0.1,True,0.1266700785585558,0.6600414914709604,197,6,3,0.3252498869965961,0.5076142131979695,0.9873096446700508,bending1:22;bending2:19;cycling:48;lying:48;sitting:48;standing:12,0:50;1:102;2:45,"{""0"": ""cycling"", ""1"": ""lying"", ""2"": ""sitting""}",0.5733895262668768,0.9109366077707814,0.8412092464597661,1.4550835330620835
AReMActivities,1,auto_k3_min_0.10,DynVAR-Lasso Weighted Ridge,30.0,0.01,4.0,1.0,3,True,0.1,True,0.1266700785585558,0.6600414914709604,197,6,3,0.3252498869965961,0.5076142131979695,0.9873096446700508,bending1:22;bending2:19;cycling:48;lying:48;sitting:48;standing:12,0:50;1:102;2:45,"{""0"": ""cycling"", ""1"": ""lying"", ""2"": ""sitting""}",0.5721313053294081,0.9095767313102849,0.8396643635096582,1.454485772146349
AReMActivities,1,auto_k3_min_0.10,STCG-v1 Weighted Ridge,30.0,0.01,4.0,1.0,3,True,0.1,True,0.1266700785585558,0.6600414914709604,197,6,3,0.3252498869965961,0.5076142131979695,0.9873096446700508,bending1:22;bending2:19;cycling:48;lying:48;sitting:48;standing:12,0:50;1:102;2:45,"{""0"": ""cycling"", ""1"": ""lying"", ""2"": ""sitting""}",0.571616908662199,0.9093157009154798,0.8389811834260167,1.454255765990809
AReMActivities,1,auto_k3_min_0.10,Dense Ridge,100.0,,,,3,True,0.1,True,0.1266700785585558,0.6600414914709604,197,6,3,0.3252498869965961,0.5076142131979695,0.9873096446700508,bending1:22;bending2:19;cycling:48;lying:48;sitting:48;standing:12,0:50;1:102;2:45,"{""0"": ""cycling"", ""1"": ""lying"", ""2"": ""sitting""}",0.5719614744699092,0.9091155224705617,0.8390023121022033,1.454216576596745
AReMActivities,1,auto_k3_min_0.10,DynVAR-Lasso Weighted Ridge,100.0,0.01,4.0,1.0,3,True,0.1,True,0.1266700785585558,0.6600414914709604,197,6,3,0.3252498869965961,0.5076142131979695,0.9873096446700508,bending1:22;bending2:19;cycling:48;lying:48;sitting:48;standing:12,0:50;1:102;2:45,"{""0"": ""cycling"", ""1"": ""lying"", ""2"": ""sitting""}",0.5690368213435207,0.9061913454538397,0.8355537994584897,1.453147177188716
AReMActivities,1,auto_k3_min_0.10,STCG-v1 Weighted Ridge,100.0,0.01,4.0,1.0,3,True,0.1,True,0.1266700785585558,0.6600414914709604,197,6,3,0.3252498869965961,0.5076142131979695,0.9873096446700508,bending1:22;bending2:19;cycling:48;lying:48;sitting:48;standing:12,0:50;1:102;2:45,"{""0"": ""cycling"", ""1"": ""lying"", ""2"": ""sitting""}",0.5681233568030785,0.9057176954256018,0.8343452396583898,1.4525330752352834
AReMActivities,1,auto_k3_min_0.12,Dense Ridge,30.0,,,,3,True,0.12,True,0.1266700785585558,0.6600414914709604,197,6,3,0.3252498869965961,0.5076142131979695,0.9873096446700508,bending1:22;bending2:19;cycling:48;lying:48;sitting:48;standing:12,0:50;1:102;2:45,"{""0"": ""cycling"", ""1"": ""lying"", ""2"": ""sitting""}",0.5733895262668768,0.9109366077707814,0.8412092464597661,1.4550835330620835
AReMActivities,1,auto_k3_min_0.12,DynVAR-Lasso Weighted Ridge,30.0,0.01,4.0,1.0,3,True,0.12,True,0.1266700785585558,0.6600414914709604,197,6,3,0.3252498869965961,0.5076142131979695,0.9873096446700508,bending1:22;bending2:19;cycling:48;lying:48;sitting:48;standing:12,0:50;1:102;2:45,"{""0"": ""cycling"", ""1"": ""lying"", ""2"": ""sitting""}",0.5721313053294081,0.9095767313102849,0.8396643635096582,1.454485772146349
AReMActivities,1,auto_k3_min_0.12,STCG-v1 Weighted Ridge,30.0,0.01,4.0,1.0,3,True,0.12,True,0.1266700785585558,0.6600414914709604,197,6,3,0.3252498869965961,0.5076142131979695,0.9873096446700508,bending1:22;bending2:19;cycling:48;lying:48;sitting:48;standing:12,0:50;1:102;2:45,"{""0"": ""cycling"", ""1"": ""lying"", ""2"": ""sitting""}",0.571616908662199,0.9093157009154798,0.8389811834260167,1.454255765990809
AReMActivities,1,auto_k3_min_0.12,Dense Ridge,100.0,,,,3,True,0.12,True,0.1266700785585558,0.6600414914709604,197,6,3,0.3252498869965961,0.5076142131979695,0.9873096446700508,bending1:22;bending2:19;cycling:48;lying:48;sitting:48;standing:12,0:50;1:102;2:45,"{""0"": ""cycling"", ""1"": ""lying"", ""2"": ""sitting""}",0.5719614744699092,0.9091155224705617,0.8390023121022033,1.454216576596745
AReMActivities,1,auto_k3_min_0.12,DynVAR-Lasso Weighted Ridge,100.0,0.01,4.0,1.0,3,True,0.12,True,0.1266700785585558,0.6600414914709604,197,6,3,0.3252498869965961,0.5076142131979695,0.9873096446700508,bending1:22;bending2:19;cycling:48;lying:48;sitting:48;standing:12,0:50;1:102;2:45,"{""0"": ""cycling"", ""1"": ""lying"", ""2"": ""sitting""}",0.5690368213435207,0.9061913454538397,0.8355537994584897,1.453147177188716
AReMActivities,1,auto_k3_min_0.12,STCG-v1 Weighted Ridge,100.0,0.01,4.0,1.0,3,True,0.12,True,0.1266700785585558,0.6600414914709604,197,6,3,0.3252498869965961,0.5076142131979695,0.9873096446700508,bending1:22;bending2:19;cycling:48;lying:48;sitting:48;standing:12,0:50;1:102;2:45,"{""0"": ""cycling"", ""1"": ""lying"", ""2"": ""sitting""}",0.5681233568030785,0.9057176954256018,0.8343452396583898,1.4525330752352834
AReMActivities,1,auto_k3_min_0.16,Dense Ridge,30.0,,,,3,True,0.16,True,0.1266700785585558,0.6600414914709604,197,6,3,0.3252498869965961,0.5076142131979695,0.9873096446700508,bending1:22;bending2:19;cycling:48;lying:48;sitting:48;standing:12,0:50;1:102;2:45,"{""0"": ""cycling"", ""1"": ""lying"", ""2"": ""sitting""}",0.5733895262668768,0.9109366077707814,0.8412092464597661,1.4550835330620835
AReMActivities,1,auto_k3_min_0.16,DynVAR-Lasso Weighted Ridge,30.0,0.01,4.0,1.0,3,True,0.16,True,0.1266700785585558,0.6600414914709604,197,6,3,0.3252498869965961,0.5076142131979695,0.9873096446700508,bending1:22;bending2:19;cycling:48;lying:48;sitting:48;standing:12,0:50;1:102;2:45,"{""0"": ""cycling"", ""1"": ""lying"", ""2"": ""sitting""}",0.5721313053294081,0.9095767313102849,0.8396643635096582,1.454485772146349
AReMActivities,1,auto_k3_min_0.16,STCG-v1 Weighted Ridge,30.0,0.01,4.0,1.0,3,True,0.16,True,0.1266700785585558,0.6600414914709604,197,6,3,0.3252498869965961,0.5076142131979695,0.9873096446700508,bending1:22;bending2:19;cycling:48;lying:48;sitting:48;standing:12,0:50;1:102;2:45,"{""0"": ""cycling"", ""1"": ""lying"", ""2"": ""sitting""}",0.571616908662199,0.9093157009154798,0.8389811834260167,1.454255765990809
AReMActivities,1,auto_k3_min_0.16,Dense Ridge,100.0,,,,3,True,0.16,True,0.1266700785585558,0.6600414914709604,197,6,3,0.3252498869965961,0.5076142131979695,0.9873096446700508,bending1:22;bending2:19;cycling:48;lying:48;sitting:48;standing:12,0:50;1:102;2:45,"{""0"": ""cycling"", ""1"": ""lying"", ""2"": ""sitting""}",0.5719614744699092,0.9091155224705617,0.8390023121022033,1.454216576596745
AReMActivities,1,auto_k3_min_0.16,DynVAR-Lasso Weighted Ridge,100.0,0.01,4.0,1.0,3,True,0.16,True,0.1266700785585558,0.6600414914709604,197,6,3,0.3252498869965961,0.5076142131979695,0.9873096446700508,bending1:22;bending2:19;cycling:48;lying:48;sitting:48;standing:12,0:50;1:102;2:45,"{""0"": ""cycling"", ""1"": ""lying"", ""2"": ""sitting""}",0.5690368213435207,0.9061913454538397,0.8355537994584897,1.453147177188716
AReMActivities,1,auto_k3_min_0.16,STCG-v1 Weighted Ridge,100.0,0.01,4.0,1.0,3,True,0.16,True,0.1266700785585558,0.6600414914709604,197,6,3,0.3252498869965961,0.5076142131979695,0.9873096446700508,bending1:22;bending2:19;cycling:48;lying:48;sitting:48;standing:12,0:50;1:102;2:45,"{""0"": ""cycling"", ""1"": ""lying"", ""2"": ""sitting""}",0.5681233568030785,0.9057176954256018,0.8343452396583898,1.4525330752352834
AReMActivities,1,auto_k3_min_0.20,Dense Ridge,30.0,,,,3,True,0.2,True,0.1266700785585558,0.6600414914709604,197,6,3,0.3252498869965961,0.5076142131979695,0.9873096446700508,bending1:22;bending2:19;cycling:48;lying:48;sitting:48;standing:12,0:50;1:102;2:45,"{""0"": ""cycling"", ""1"": ""lying"", ""2"": ""sitting""}",0.5733895262668768,0.9109366077707814,0.8412092464597661,1.4550835330620835
AReMActivities,1,auto_k3_min_0.20,DynVAR-Lasso Weighted Ridge,30.0,0.01,4.0,1.0,3,True,0.2,True,0.1266700785585558,0.6600414914709604,197,6,3,0.3252498869965961,0.5076142131979695,0.9873096446700508,bending1:22;bending2:19;cycling:48;lying:48;sitting:48;standing:12,0:50;1:102;2:45,"{""0"": ""cycling"", ""1"": ""lying"", ""2"": ""sitting""}",0.5721313053294081,0.9095767313102849,0.8396643635096582,1.454485772146349
AReMActivities,1,auto_k3_min_0.20,STCG-v1 Weighted Ridge,30.0,0.01,4.0,1.0,3,True,0.2,True,0.1266700785585558,0.6600414914709604,197,6,3,0.3252498869965961,0.5076142131979695,0.9873096446700508,bending1:22;bending2:19;cycling:48;lying:48;sitting:48;standing:12,0:50;1:102;2:45,"{""0"": ""cycling"", ""1"": ""lying"", ""2"": ""sitting""}",0.571616908662199,0.9093157009154798,0.8389811834260167,1.454255765990809
AReMActivities,1,auto_k3_min_0.20,Dense Ridge,100.0,,,,3,True,0.2,True,0.1266700785585558,0.6600414914709604,197,6,3,0.3252498869965961,0.5076142131979695,0.9873096446700508,bending1:22;bending2:19;cycling:48;lying:48;sitting:48;standing:12,0:50;1:102;2:45,"{""0"": ""cycling"", ""1"": ""lying"", ""2"": ""sitting""}",0.5719614744699092,0.9091155224705617,0.8390023121022033,1.454216576596745
AReMActivities,1,auto_k3_min_0.20,DynVAR-Lasso Weighted Ridge,100.0,0.01,4.0,1.0,3,True,0.2,True,0.1266700785585558,0.6600414914709604,197,6,3,0.3252498869965961,0.5076142131979695,0.9873096446700508,bending1:22;bending2:19;cycling:48;lying:48;sitting:48;standing:12,0:50;1:102;2:45,"{""0"": ""cycling"", ""1"": ""lying"", ""2"": ""sitting""}",0.5690368213435207,0.9061913454538397,0.8355537994584897,1.453147177188716
AReMActivities,1,auto_k3_min_0.20,STCG-v1 Weighted Ridge,100.0,0.01,4.0,1.0,3,True,0.2,True,0.1266700785585558,0.6600414914709604,197,6,3,0.3252498869965961,0.5076142131979695,0.9873096446700508,bending1:22;bending2:19;cycling:48;lying:48;sitting:48;standing:12,0:50;1:102;2:45,"{""0"": ""cycling"", ""1"": ""lying"", ""2"": ""sitting""}",0.5681233568030785,0.9057176954256018,0.8343452396583898,1.4525330752352834
AReMActivities,1,forced_k3,Dense Ridge,30.0,,,,3,False,0.0,True,0.1266700785585558,0.6600414914709604,197,6,3,0.3252498869965961,0.5076142131979695,0.9873096446700508,bending1:22;bending2:19;cycling:48;lying:48;sitting:48;standing:12,0:50;1:102;2:45,"{""0"": ""cycling"", ""1"": ""lying"", ""2"": ""sitting""}",0.5733895262668768,0.9109366077707814,0.8412092464597661,1.4550835330620835
AReMActivities,1,forced_k3,DynVAR-Lasso Weighted Ridge,30.0,0.01,4.0,1.0,3,False,0.0,True,0.1266700785585558,0.6600414914709604,197,6,3,0.3252498869965961,0.5076142131979695,0.9873096446700508,bending1:22;bending2:19;cycling:48;lying:48;sitting:48;standing:12,0:50;1:102;2:45,"{""0"": ""cycling"", ""1"": ""lying"", ""2"": ""sitting""}",0.5721313053294081,0.9095767313102849,0.8396643635096582,1.454485772146349
AReMActivities,1,forced_k3,STCG-v1 Weighted Ridge,30.0,0.01,4.0,1.0,3,False,0.0,True,0.1266700785585558,0.6600414914709604,197,6,3,0.3252498869965961,0.5076142131979695,0.9873096446700508,bending1:22;bending2:19;cycling:48;lying:48;sitting:48;standing:12,0:50;1:102;2:45,"{""0"": ""cycling"", ""1"": ""lying"", ""2"": ""sitting""}",0.571616908662199,0.9093157009154798,0.8389811834260167,1.454255765990809
AReMActivities,1,forced_k3,Dense Ridge,100.0,,,,3,False,0.0,True,0.1266700785585558,0.6600414914709604,197,6,3,0.3252498869965961,0.5076142131979695,0.9873096446700508,bending1:22;bending2:19;cycling:48;lying:48;sitting:48;standing:12,0:50;1:102;2:45,"{""0"": ""cycling"", ""1"": ""lying"", ""2"": ""sitting""}",0.5719614744699092,0.9091155224705617,0.8390023121022033,1.454216576596745
AReMActivities,1,forced_k3,DynVAR-Lasso Weighted Ridge,100.0,0.01,4.0,1.0,3,False,0.0,True,0.1266700785585558,0.6600414914709604,197,6,3,0.3252498869965961,0.5076142131979695,0.9873096446700508,bending1:22;bending2:19;cycling:48;lying:48;sitting:48;standing:12,0:50;1:102;2:45,"{""0"": ""cycling"", ""1"": ""lying"", ""2"": ""sitting""}",0.5690368213435207,0.9061913454538397,0.8355537994584897,1.453147177188716
AReMActivities,1,forced_k3,STCG-v1 Weighted Ridge,100.0,0.01,4.0,1.0,3,False,0.0,True,0.1266700785585558,0.6600414914709604,197,6,3,0.3252498869965961,0.5076142131979695,0.9873096446700508,bending1:22;bending2:19;cycling:48;lying:48;sitting:48;standing:12,0:50;1:102;2:45,"{""0"": ""cycling"", ""1"": ""lying"", ""2"": ""sitting""}",0.5681233568030785,0.9057176954256018,0.8343452396583898,1.4525330752352834
AReMActivities,1,auto_k4_min_0.00,Dense Ridge,30.0,,,,4,True,0.0,True,0.1498293605938188,0.6981629542060727,197,6,4,0.23497951530389707,0.5228426395939086,0.9873096446700508,bending1:22;bending2:19;cycling:48;lying:48;sitting:48;standing:12,0:32;1:37;2:112;3:16,"{""0"": ""lying"", ""1"": ""cycling"", ""2"": ""sitting"", ""3"": ""bending1""}",0.5733895262668768,0.9109366077707814,0.8412092464597661,1.4550835330620835
AReMActivities,1,auto_k4_min_0.00,DynVAR-Lasso Weighted Ridge,30.0,0.01,4.0,1.0,4,True,0.0,True,0.1498293605938188,0.6981629542060727,197,6,4,0.23497951530389707,0.5228426395939086,0.9873096446700508,bending1:22;bending2:19;cycling:48;lying:48;sitting:48;standing:12,0:32;1:37;2:112;3:16,"{""0"": ""lying"", ""1"": ""cycling"", ""2"": ""sitting"", ""3"": ""bending1""}",0.5721313053294081,0.9095767313102849,0.8396643635096582,1.454485772146349
AReMActivities,1,auto_k4_min_0.00,STCG-v1 Weighted Ridge,30.0,0.01,4.0,1.0,4,True,0.0,True,0.1498293605938188,0.6981629542060727,197,6,4,0.23497951530389707,0.5228426395939086,0.9873096446700508,bending1:22;bending2:19;cycling:48;lying:48;sitting:48;standing:12,0:32;1:37;2:112;3:16,"{""0"": ""lying"", ""1"": ""cycling"", ""2"": ""sitting"", ""3"": ""bending1""}",0.5716669158490345,0.9092885241986451,0.8389516490149291,1.4546558576657425
AReMActivities,1,auto_k4_min_0.00,Dense Ridge,100.0,,,,4,True,0.0,True,0.1498293605938188,0.6981629542060727,197,6,4,0.23497951530389707,0.5228426395939086,0.9873096446700508,bending1:22;bending2:19;cycling:48;lying:48;sitting:48;standing:12,0:32;1:37;2:112;3:16,"{""0"": ""lying"", ""1"": ""cycling"", ""2"": ""sitting"", ""3"": ""bending1""}",0.5719614744699092,0.9091155224705617,0.8390023121022033,1.454216576596745
AReMActivities,1,auto_k4_min_0.00,DynVAR-Lasso Weighted Ridge,100.0,0.01,4.0,1.0,4,True,0.0,True,0.1498293605938188,0.6981629542060727,197,6,4,0.23497951530389707,0.5228426395939086,0.9873096446700508,bending1:22;bending2:19;cycling:48;lying:48;sitting:48;standing:12,0:32;1:37;2:112;3:16,"{""0"": ""lying"", ""1"": ""cycling"", ""2"": ""sitting"", ""3"": ""bending1""}",0.5690368213435207,0.9061913454538397,0.8355537994584897,1.453147177188716
AReMActivities,1,auto_k4_min_0.00,STCG-v1 Weighted Ridge,100.0,0.01,4.0,1.0,4,True,0.0,True,0.1498293605938188,0.6981629542060727,197,6,4,0.23497951530389707,0.5228426395939086,0.9873096446700508,bending1:22;bending2:19;cycling:48;lying:48;sitting:48;standing:12,0:32;1:37;2:112;3:16,"{""0"": ""lying"", ""1"": ""cycling"", ""2"": ""sitting"", ""3"": ""bending1""}",0.5684104941688761,0.9059704735963805,0.8344716048938193,1.4541679651039088
AReMActivities,1,auto_k4_min_0.02,Dense Ridge,30.0,,,,4,True,0.02,True,0.1498293605938188,0.6981629542060727,197,6,4,0.23497951530389707,0.5228426395939086,0.9873096446700508,bending1:22;bending2:19;cycling:48;lying:48;sitting:48;standing:12,0:32;1:37;2:112;3:16,"{""0"": ""lying"", ""1"": ""cycling"", ""2"": ""sitting"", ""3"": ""bending1""}",0.5733895262668768,0.9109366077707814,0.8412092464597661,1.4550835330620835
AReMActivities,1,auto_k4_min_0.02,DynVAR-Lasso Weighted Ridge,30.0,0.01,4.0,1.0,4,True,0.02,True,0.1498293605938188,0.6981629542060727,197,6,4,0.23497951530389707,0.5228426395939086,0.9873096446700508,bending1:22;bending2:19;cycling:48;lying:48;sitting:48;standing:12,0:32;1:37;2:112;3:16,"{""0"": ""lying"", ""1"": ""cycling"", ""2"": ""sitting"", ""3"": ""bending1""}",0.5721313053294081,0.9095767313102849,0.8396643635096582,1.454485772146349
AReMActivities,1,auto_k4_min_0.02,STCG-v1 Weighted Ridge,30.0,0.01,4.0,1.0,4,True,0.02,True,0.1498293605938188,0.6981629542060727,197,6,4,0.23497951530389707,0.5228426395939086,0.9873096446700508,bending1:22;bending2:19;cycling:48;lying:48;sitting:48;standing:12,0:32;1:37;2:112;3:16,"{""0"": ""lying"", ""1"": ""cycling"", ""2"": ""sitting"", ""3"": ""bending1""}",0.5716669158490345,0.9092885241986451,0.8389516490149291,1.4546558576657425
AReMActivities,1,auto_k4_min_0.02,Dense Ridge,100.0,,,,4,True,0.02,True,0.1498293605938188,0.6981629542060727,197,6,4,0.23497951530389707,0.5228426395939086,0.9873096446700508,bending1:22;bending2:19;cycling:48;lying:48;sitting:48;standing:12,0:32;1:37;2:112;3:16,"{""0"": ""lying"", ""1"": ""cycling"", ""2"": ""sitting"", ""3"": ""bending1""}",0.5719614744699092,0.9091155224705617,0.8390023121022033,1.454216576596745
AReMActivities,1,auto_k4_min_0.02,DynVAR-Lasso Weighted Ridge,100.0,0.01,4.0,1.0,4,True,0.02,True,0.1498293605938188,0.6981629542060727,197,6,4,0.23497951530389707,0.5228426395939086,0.9873096446700508,bending1:22;bending2:19;cycling:48;lying:48;sitting:48;standing:12,0:32;1:37;2:112;3:16,"{""0"": ""lying"", ""1"": ""cycling"", ""2"": ""sitting"", ""3"": ""bending1""}",0.5690368213435207,0.9061913454538397,0.8355537994584897,1.453147177188716
AReMActivities,1,auto_k4_min_0.02,STCG-v1 Weighted Ridge,100.0,0.01,4.0,1.0,4,True,0.02,True,0.1498293605938188,0.6981629542060727,197,6,4,0.23497951530389707,0.5228426395939086,0.9873096446700508,bending1:22;bending2:19;cycling:48;lying:48;sitting:48;standing:12,0:32;1:37;2:112;3:16,"{""0"": ""lying"", ""1"": ""cycling"", ""2"": ""sitting"", ""3"": ""bending1""}",0.5684104941688761,0.9059704735963805,0.8344716048938193,1.4541679651039088
AReMActivities,1,auto_k4_min_0.04,Dense Ridge,30.0,,,,4,True,0.04,True,0.1498293605938188,0.6981629542060727,197,6,4,0.23497951530389707,0.5228426395939086,0.9873096446700508,bending1:22;bending2:19;cycling:48;lying:48;sitting:48;standing:12,0:32;1:37;2:112;3:16,"{""0"": ""lying"", ""1"": ""cycling"", ""2"": ""sitting"", ""3"": ""bending1""}",0.5733895262668768,0.9109366077707814,0.8412092464597661,1.4550835330620835
AReMActivities,1,auto_k4_min_0.04,DynVAR-Lasso Weighted Ridge,30.0,0.01,4.0,1.0,4,True,0.04,True,0.1498293605938188,0.6981629542060727,197,6,4,0.23497951530389707,0.5228426395939086,0.9873096446700508,bending1:22;bending2:19;cycling:48;lying:48;sitting:48;standing:12,0:32;1:37;2:112;3:16,"{""0"": ""lying"", ""1"": ""cycling"", ""2"": ""sitting"", ""3"": ""bending1""}",0.5721313053294081,0.9095767313102849,0.8396643635096582,1.454485772146349
AReMActivities,1,auto_k4_min_0.04,STCG-v1 Weighted Ridge,30.0,0.01,4.0,1.0,4,True,0.04,True,0.1498293605938188,0.6981629542060727,197,6,4,0.23497951530389707,0.5228426395939086,0.9873096446700508,bending1:22;bending2:19;cycling:48;lying:48;sitting:48;standing:12,0:32;1:37;2:112;3:16,"{""0"": ""lying"", ""1"": ""cycling"", ""2"": ""sitting"", ""3"": ""bending1""}",0.5716669158490345,0.9092885241986451,0.8389516490149291,1.4546558576657425
AReMActivities,1,auto_k4_min_0.04,Dense Ridge,100.0,,,,4,True,0.04,True,0.1498293605938188,0.6981629542060727,197,6,4,0.23497951530389707,0.5228426395939086,0.9873096446700508,bending1:22;bending2:19;cycling:48;lying:48;sitting:48;standing:12,0:32;1:37;2:112;3:16,"{""0"": ""lying"", ""1"": ""cycling"", ""2"": ""sitting"", ""3"": ""bending1""}",0.5719614744699092,0.9091155224705617,0.8390023121022033,1.454216576596745
AReMActivities,1,auto_k4_min_0.04,DynVAR-Lasso Weighted Ridge,100.0,0.01,4.0,1.0,4,True,0.04,True,0.1498293605938188,0.6981629542060727,197,6,4,0.23497951530389707,0.5228426395939086,0.9873096446700508,bending1:22;bending2:19;cycling:48;lying:48;sitting:48;standing:12,0:32;1:37;2:112;3:16,"{""0"": ""lying"", ""1"": ""cycling"", ""2"": ""sitting"", ""3"": ""bending1""}",0.5690368213435207,0.9061913454538397,0.8355537994584897,1.453147177188716
AReMActivities,1,auto_k4_min_0.04,STCG-v1 Weighted Ridge,100.0,0.01,4.0,1.0,4,True,0.04,True,0.1498293605938188,0.6981629542060727,197,6,4,0.23497951530389707,0.5228426395939086,0.9873096446700508,bending1:22;bending2:19;cycling:48;lying:48;sitting:48;standing:12,0:32;1:37;2:112;3:16,"{""0"": ""lying"", ""1"": ""cycling"", ""2"": ""sitting"", ""3"": ""bending1""}",0.5684104941688761,0.9059704735963805,0.8344716048938193,1.4541679651039088
AReMActivities,1,auto_k4_min_0.06,Dense Ridge,30.0,,,,4,True,0.06,True,0.1498293605938188,0.6981629542060727,197,6,4,0.23497951530389707,0.5228426395939086,0.9873096446700508,bending1:22;bending2:19;cycling:48;lying:48;sitting:48;standing:12,0:32;1:37;2:112;3:16,"{""0"": ""lying"", ""1"": ""cycling"", ""2"": ""sitting"", ""3"": ""bending1""}",0.5733895262668768,0.9109366077707814,0.8412092464597661,1.4550835330620835
AReMActivities,1,auto_k4_min_0.06,DynVAR-Lasso Weighted Ridge,30.0,0.01,4.0,1.0,4,True,0.06,True,0.1498293605938188,0.6981629542060727,197,6,4,0.23497951530389707,0.5228426395939086,0.9873096446700508,bending1:22;bending2:19;cycling:48;lying:48;sitting:48;standing:12,0:32;1:37;2:112;3:16,"{""0"": ""lying"", ""1"": ""cycling"", ""2"": ""sitting"", ""3"": ""bending1""}",0.5721313053294081,0.9095767313102849,0.8396643635096582,1.454485772146349
AReMActivities,1,auto_k4_min_0.06,STCG-v1 Weighted Ridge,30.0,0.01,4.0,1.0,4,True,0.06,True,0.1498293605938188,0.6981629542060727,197,6,4,0.23497951530389707,0.5228426395939086,0.9873096446700508,bending1:22;bending2:19;cycling:48;lying:48;sitting:48;standing:12,0:32;1:37;2:112;3:16,"{""0"": ""lying"", ""1"": ""cycling"", ""2"": ""sitting"", ""3"": ""bending1""}",0.5716669158490345,0.9092885241986451,0.8389516490149291,1.4546558576657425
AReMActivities,1,auto_k4_min_0.06,Dense Ridge,100.0,,,,4,True,0.06,True,0.1498293605938188,0.6981629542060727,197,6,4,0.23497951530389707,0.5228426395939086,0.9873096446700508,bending1:22;bending2:19;cycling:48;lying:48;sitting:48;standing:12,0:32;1:37;2:112;3:16,"{""0"": ""lying"", ""1"": ""cycling"", ""2"": ""sitting"", ""3"": ""bending1""}",0.5719614744699092,0.9091155224705617,0.8390023121022033,1.454216576596745
AReMActivities,1,auto_k4_min_0.06,DynVAR-Lasso Weighted Ridge,100.0,0.01,4.0,1.0,4,True,0.06,True,0.1498293605938188,0.6981629542060727,197,6,4,0.23497951530389707,0.5228426395939086,0.9873096446700508,bending1:22;bending2:19;cycling:48;lying:48;sitting:48;standing:12,0:32;1:37;2:112;3:16,"{""0"": ""lying"", ""1"": ""cycling"", ""2"": ""sitting"", ""3"": ""bending1""}",0.5690368213435207,0.9061913454538397,0.8355537994584897,1.453147177188716
AReMActivities,1,auto_k4_min_0.06,STCG-v1 Weighted Ridge,100.0,0.01,4.0,1.0,4,True,0.06,True,0.1498293605938188,0.6981629542060727,197,6,4,0.23497951530389707,0.5228426395939086,0.9873096446700508,bending1:22;bending2:19;cycling:48;lying:48;sitting:48;standing:12,0:32;1:37;2:112;3:16,"{""0"": ""lying"", ""1"": ""cycling"", ""2"": ""sitting"", ""3"": ""bending1""}",0.5684104941688761,0.9059704735963805,0.8344716048938193,1.4541679651039088
AReMActivities,1,auto_k4_min_0.08,Dense Ridge,30.0,,,,4,True,0.08,True,0.1498293605938188,0.6981629542060727,197,6,4,0.23497951530389707,0.5228426395939086,0.9873096446700508,bending1:22;bending2:19;cycling:48;lying:48;sitting:48;standing:12,0:32;1:37;2:112;3:16,"{""0"": ""lying"", ""1"": ""cycling"", ""2"": ""sitting"", ""3"": ""bending1""}",0.5733895262668768,0.9109366077707814,0.8412092464597661,1.4550835330620835
AReMActivities,1,auto_k4_min_0.08,DynVAR-Lasso Weighted Ridge,30.0,0.01,4.0,1.0,4,True,0.08,True,0.1498293605938188,0.6981629542060727,197,6,4,0.23497951530389707,0.5228426395939086,0.9873096446700508,bending1:22;bending2:19;cycling:48;lying:48;sitting:48;standing:12,0:32;1:37;2:112;3:16,"{""0"": ""lying"", ""1"": ""cycling"", ""2"": ""sitting"", ""3"": ""bending1""}",0.5721313053294081,0.9095767313102849,0.8396643635096582,1.454485772146349
AReMActivities,1,auto_k4_min_0.08,STCG-v1 Weighted Ridge,30.0,0.01,4.0,1.0,4,True,0.08,True,0.1498293605938188,0.6981629542060727,197,6,4,0.23497951530389707,0.5228426395939086,0.9873096446700508,bending1:22;bending2:19;cycling:48;lying:48;sitting:48;standing:12,0:32;1:37;2:112;3:16,"{""0"": ""lying"", ""1"": ""cycling"", ""2"": ""sitting"", ""3"": ""bending1""}",0.5716669158490345,0.9092885241986451,0.8389516490149291,1.4546558576657425
AReMActivities,1,auto_k4_min_0.08,Dense Ridge,100.0,,,,4,True,0.08,True,0.1498293605938188,0.6981629542060727,197,6,4,0.23497951530389707,0.5228426395939086,0.9873096446700508,bending1:22;bending2:19;cycling:48;lying:48;sitting:48;standing:12,0:32;1:37;2:112;3:16,"{""0"": ""lying"", ""1"": ""cycling"", ""2"": ""sitting"", ""3"": ""bending1""}",0.5719614744699092,0.9091155224705617,0.8390023121022033,1.454216576596745
AReMActivities,1,auto_k4_min_0.08,DynVAR-Lasso Weighted Ridge,100.0,0.01,4.0,1.0,4,True,0.08,True,0.1498293605938188,0.6981629542060727,197,6,4,0.23497951530389707,0.5228426395939086,0.9873096446700508,bending1:22;bending2:19;cycling:48;lying:48;sitting:48;standing:12,0:32;1:37;2:112;3:16,"{""0"": ""lying"", ""1"": ""cycling"", ""2"": ""sitting"", ""3"": ""bending1""}",0.5690368213435207,0.9061913454538397,0.8355537994584897,1.453147177188716
AReMActivities,1,auto_k4_min_0.08,STCG-v1 Weighted Ridge,100.0,0.01,4.0,1.0,4,True,0.08,True,0.1498293605938188,0.6981629542060727,197,6,4,0.23497951530389707,0.5228426395939086,0.9873096446700508,bending1:22;bending2:19;cycling:48;lying:48;sitting:48;standing:12,0:32;1:37;2:112;3:16,"{""0"": ""lying"", ""1"": ""cycling"", ""2"": ""sitting"", ""3"": ""bending1""}",0.5684104941688761,0.9059704735963805,0.8344716048938193,1.4541679651039088
AReMActivities,1,auto_k4_min_0.10,Dense Ridge,30.0,,,,4,True,0.1,True,0.1498293605938188,0.6981629542060727,197,6,4,0.23497951530389707,0.5228426395939086,0.9873096446700508,bending1:22;bending2:19;cycling:48;lying:48;sitting:48;standing:12,0:32;1:37;2:112;3:16,"{""0"": ""lying"", ""1"": ""cycling"", ""2"": ""sitting"", ""3"": ""bending1""}",0.5733895262668768,0.9109366077707814,0.8412092464597661,1.4550835330620835
AReMActivities,1,auto_k4_min_0.10,DynVAR-Lasso Weighted Ridge,30.0,0.01,4.0,1.0,4,True,0.1,True,0.1498293605938188,0.6981629542060727,197,6,4,0.23497951530389707,0.5228426395939086,0.9873096446700508,bending1:22;bending2:19;cycling:48;lying:48;sitting:48;standing:12,0:32;1:37;2:112;3:16,"{""0"": ""lying"", ""1"": ""cycling"", ""2"": ""sitting"", ""3"": ""bending1""}",0.5721313053294081,0.9095767313102849,0.8396643635096582,1.454485772146349
AReMActivities,1,auto_k4_min_0.10,STCG-v1 Weighted Ridge,30.0,0.01,4.0,1.0,4,True,0.1,True,0.1498293605938188,0.6981629542060727,197,6,4,0.23497951530389707,0.5228426395939086,0.9873096446700508,bending1:22;bending2:19;cycling:48;lying:48;sitting:48;standing:12,0:32;1:37;2:112;3:16,"{""0"": ""lying"", ""1"": ""cycling"", ""2"": ""sitting"", ""3"": ""bending1""}",0.5716669158490345,0.9092885241986451,0.8389516490149291,1.4546558576657425
AReMActivities,1,auto_k4_min_0.10,Dense Ridge,100.0,,,,4,True,0.1,True,0.1498293605938188,0.6981629542060727,197,6,4,0.23497951530389707,0.5228426395939086,0.9873096446700508,bending1:22;bending2:19;cycling:48;lying:48;sitting:48;standing:12,0:32;1:37;2:112;3:16,"{""0"": ""lying"", ""1"": ""cycling"", ""2"": ""sitting"", ""3"": ""bending1""}",0.5719614744699092,0.9091155224705617,0.8390023121022033,1.454216576596745
AReMActivities,1,auto_k4_min_0.10,DynVAR-Lasso Weighted Ridge,100.0,0.01,4.0,1.0,4,True,0.1,True,0.1498293605938188,0.6981629542060727,197,6,4,0.23497951530389707,0.5228426395939086,0.9873096446700508,bending1:22;bending2:19;cycling:48;lying:48;sitting:48;standing:12,0:32;1:37;2:112;3:16,"{""0"": ""lying"", ""1"": ""cycling"", ""2"": ""sitting"", ""3"": ""bending1""}",0.5690368213435207,0.9061913454538397,0.8355537994584897,1.453147177188716
AReMActivities,1,auto_k4_min_0.10,STCG-v1 Weighted Ridge,100.0,0.01,4.0,1.0,4,True,0.1,True,0.1498293605938188,0.6981629542060727,197,6,4,0.23497951530389707,0.5228426395939086,0.9873096446700508,bending1:22;bending2:19;cycling:48;lying:48;sitting:48;standing:12,0:32;1:37;2:112;3:16,"{""0"": ""lying"", ""1"": ""cycling"", ""2"": ""sitting"", ""3"": ""bending1""}",0.5684104941688761,0.9059704735963805,0.8344716048938193,1.4541679651039088
AReMActivities,1,auto_k4_min_0.12,Dense Ridge,30.0,,,,4,True,0.12,True,0.1498293605938188,0.6981629542060727,197,6,4,0.23497951530389707,0.5228426395939086,0.9873096446700508,bending1:22;bending2:19;cycling:48;lying:48;sitting:48;standing:12,0:32;1:37;2:112;3:16,"{""0"": ""lying"", ""1"": ""cycling"", ""2"": ""sitting"", ""3"": ""bending1""}",0.5733895262668768,0.9109366077707814,0.8412092464597661,1.4550835330620835
AReMActivities,1,auto_k4_min_0.12,DynVAR-Lasso Weighted Ridge,30.0,0.01,4.0,1.0,4,True,0.12,True,0.1498293605938188,0.6981629542060727,197,6,4,0.23497951530389707,0.5228426395939086,0.9873096446700508,bending1:22;bending2:19;cycling:48;lying:48;sitting:48;standing:12,0:32;1:37;2:112;3:16,"{""0"": ""lying"", ""1"": ""cycling"", ""2"": ""sitting"", ""3"": ""bending1""}",0.5721313053294081,0.9095767313102849,0.8396643635096582,1.454485772146349
AReMActivities,1,auto_k4_min_0.12,STCG-v1 Weighted Ridge,30.0,0.01,4.0,1.0,4,True,0.12,True,0.1498293605938188,0.6981629542060727,197,6,4,0.23497951530389707,0.5228426395939086,0.9873096446700508,bending1:22;bending2:19;cycling:48;lying:48;sitting:48;standing:12,0:32;1:37;2:112;3:16,"{""0"": ""lying"", ""1"": ""cycling"", ""2"": ""sitting"", ""3"": ""bending1""}",0.5716669158490345,0.9092885241986451,0.8389516490149291,1.4546558576657425
AReMActivities,1,auto_k4_min_0.12,Dense Ridge,100.0,,,,4,True,0.12,True,0.1498293605938188,0.6981629542060727,197,6,4,0.23497951530389707,0.5228426395939086,0.9873096446700508,bending1:22;bending2:19;cycling:48;lying:48;sitting:48;standing:12,0:32;1:37;2:112;3:16,"{""0"": ""lying"", ""1"": ""cycling"", ""2"": ""sitting"", ""3"": ""bending1""}",0.5719614744699092,0.9091155224705617,0.8390023121022033,1.454216576596745
AReMActivities,1,auto_k4_min_0.12,DynVAR-Lasso Weighted Ridge,100.0,0.01,4.0,1.0,4,True,0.12,True,0.1498293605938188,0.6981629542060727,197,6,4,0.23497951530389707,0.5228426395939086,0.9873096446700508,bending1:22;bending2:19;cycling:48;lying:48;sitting:48;standing:12,0:32;1:37;2:112;3:16,"{""0"": ""lying"", ""1"": ""cycling"", ""2"": ""sitting"", ""3"": ""bending1""}",0.5690368213435207,0.9061913454538397,0.8355537994584897,1.453147177188716
AReMActivities,1,auto_k4_min_0.12,STCG-v1 Weighted Ridge,100.0,0.01,4.0,1.0,4,True,0.12,True,0.1498293605938188,0.6981629542060727,197,6,4,0.23497951530389707,0.5228426395939086,0.9873096446700508,bending1:22;bending2:19;cycling:48;lying:48;sitting:48;standing:12,0:32;1:37;2:112;3:16,"{""0"": ""lying"", ""1"": ""cycling"", ""2"": ""sitting"", ""3"": ""bending1""}",0.5684104941688761,0.9059704735963805,0.8344716048938193,1.4541679651039088
AReMActivities,1,auto_k4_min_0.16,Dense Ridge,30.0,,,,4,True,0.16,False,0.1498293605938188,0.6981629542060727,197,6,1,0.0,0.2436548223350254,0.9873096446700508,bending1:22;bending2:19;cycling:48;lying:48;sitting:48;standing:12,0:197,"{""0"": ""cycling""}",0.5733895262668768,0.9109366077707814,0.8412092464597661,1.4550835330620835
AReMActivities,1,auto_k4_min_0.16,DynVAR-Lasso Weighted Ridge,30.0,0.01,4.0,1.0,4,True,0.16,False,0.1498293605938188,0.6981629542060727,197,6,1,0.0,0.2436548223350254,0.9873096446700508,bending1:22;bending2:19;cycling:48;lying:48;sitting:48;standing:12,0:197,"{""0"": ""cycling""}",0.5721313053294081,0.9095767313102849,0.8396643635096582,1.454485772146349
AReMActivities,1,auto_k4_min_0.16,STCG-v1 Weighted Ridge,30.0,0.01,4.0,1.0,4,True,0.16,False,0.1498293605938188,0.6981629542060727,197,6,1,0.0,0.2436548223350254,0.9873096446700508,bending1:22;bending2:19;cycling:48;lying:48;sitting:48;standing:12,0:197,"{""0"": ""cycling""}",0.5721313053294081,0.9095767313102849,0.8396643635096582,1.454485772146349
AReMActivities,1,auto_k4_min_0.16,Dense Ridge,100.0,,,,4,True,0.16,False,0.1498293605938188,0.6981629542060727,197,6,1,0.0,0.2436548223350254,0.9873096446700508,bending1:22;bending2:19;cycling:48;lying:48;sitting:48;standing:12,0:197,"{""0"": ""cycling""}",0.5719614744699092,0.9091155224705617,0.8390023121022033,1.454216576596745
AReMActivities,1,auto_k4_min_0.16,DynVAR-Lasso Weighted Ridge,100.0,0.01,4.0,1.0,4,True,0.16,False,0.1498293605938188,0.6981629542060727,197,6,1,0.0,0.2436548223350254,0.9873096446700508,bending1:22;bending2:19;cycling:48;lying:48;sitting:48;standing:12,0:197,"{""0"": ""cycling""}",0.5690368213435207,0.9061913454538397,0.8355537994584897,1.453147177188716
AReMActivities,1,auto_k4_min_0.16,STCG-v1 Weighted Ridge,100.0,0.01,4.0,1.0,4,True,0.16,False,0.1498293605938188,0.6981629542060727,197,6,1,0.0,0.2436548223350254,0.9873096446700508,bending1:22;bending2:19;cycling:48;lying:48;sitting:48;standing:12,0:197,"{""0"": ""cycling""}",0.5690368213435207,0.9061913454538397,0.8355537994584897,1.453147177188716
AReMActivities,1,auto_k4_min_0.20,Dense Ridge,30.0,,,,4,True,0.2,False,0.1498293605938188,0.6981629542060727,197,6,1,0.0,0.2436548223350254,0.9873096446700508,bending1:22;bending2:19;cycling:48;lying:48;sitting:48;standing:12,0:197,"{""0"": ""cycling""}",0.5733895262668768,0.9109366077707814,0.8412092464597661,1.4550835330620835
AReMActivities,1,auto_k4_min_0.20,DynVAR-Lasso Weighted Ridge,30.0,0.01,4.0,1.0,4,True,0.2,False,0.1498293605938188,0.6981629542060727,197,6,1,0.0,0.2436548223350254,0.9873096446700508,bending1:22;bending2:19;cycling:48;lying:48;sitting:48;standing:12,0:197,"{""0"": ""cycling""}",0.5721313053294081,0.9095767313102849,0.8396643635096582,1.454485772146349
AReMActivities,1,auto_k4_min_0.20,STCG-v1 Weighted Ridge,30.0,0.01,4.0,1.0,4,True,0.2,False,0.1498293605938188,0.6981629542060727,197,6,1,0.0,0.2436548223350254,0.9873096446700508,bending1:22;bending2:19;cycling:48;lying:48;sitting:48;standing:12,0:197,"{""0"": ""cycling""}",0.5721313053294081,0.9095767313102849,0.8396643635096582,1.454485772146349
AReMActivities,1,auto_k4_min_0.20,Dense Ridge,100.0,,,,4,True,0.2,False,0.1498293605938188,0.6981629542060727,197,6,1,0.0,0.2436548223350254,0.9873096446700508,bending1:22;bending2:19;cycling:48;lying:48;sitting:48;standing:12,0:197,"{""0"": ""cycling""}",0.5719614744699092,0.9091155224705617,0.8390023121022033,1.454216576596745
AReMActivities,1,auto_k4_min_0.20,DynVAR-Lasso Weighted Ridge,100.0,0.01,4.0,1.0,4,True,0.2,False,0.1498293605938188,0.6981629542060727,197,6,1,0.0,0.2436548223350254,0.9873096446700508,bending1:22;bending2:19;cycling:48;lying:48;sitting:48;standing:12,0:197,"{""0"": ""cycling""}",0.5690368213435207,0.9061913454538397,0.8355537994584897,1.453147177188716
AReMActivities,1,auto_k4_min_0.20,STCG-v1 Weighted Ridge,100.0,0.01,4.0,1.0,4,True,0.2,False,0.1498293605938188,0.6981629542060727,197,6,1,0.0,0.2436548223350254,0.9873096446700508,bending1:22;bending2:19;cycling:48;lying:48;sitting:48;standing:12,0:197,"{""0"": ""cycling""}",0.5690368213435207,0.9061913454538397,0.8355537994584897,1.453147177188716
AReMActivities,1,forced_k4,Dense Ridge,30.0,,,,4,False,0.0,True,0.1498293605938188,0.6981629542060727,197,6,4,0.23497951530389707,0.5228426395939086,0.9873096446700508,bending1:22;bending2:19;cycling:48;lying:48;sitting:48;standing:12,0:32;1:37;2:112;3:16,"{""0"": ""lying"", ""1"": ""cycling"", ""2"": ""sitting"", ""3"": ""bending1""}",0.5733895262668768,0.9109366077707814,0.8412092464597661,1.4550835330620835
AReMActivities,1,forced_k4,DynVAR-Lasso Weighted Ridge,30.0,0.01,4.0,1.0,4,False,0.0,True,0.1498293605938188,0.6981629542060727,197,6,4,0.23497951530389707,0.5228426395939086,0.9873096446700508,bending1:22;bending2:19;cycling:48;lying:48;sitting:48;standing:12,0:32;1:37;2:112;3:16,"{""0"": ""lying"", ""1"": ""cycling"", ""2"": ""sitting"", ""3"": ""bending1""}",0.5721313053294081,0.9095767313102849,0.8396643635096582,1.454485772146349
AReMActivities,1,forced_k4,STCG-v1 Weighted Ridge,30.0,0.01,4.0,1.0,4,False,0.0,True,0.1498293605938188,0.6981629542060727,197,6,4,0.23497951530389707,0.5228426395939086,0.9873096446700508,bending1:22;bending2:19;cycling:48;lying:48;sitting:48;standing:12,0:32;1:37;2:112;3:16,"{""0"": ""lying"", ""1"": ""cycling"", ""2"": ""sitting"", ""3"": ""bending1""}",0.5716669158490345,0.9092885241986451,0.8389516490149291,1.4546558576657425
AReMActivities,1,forced_k4,Dense Ridge,100.0,,,,4,False,0.0,True,0.1498293605938188,0.6981629542060727,197,6,4,0.23497951530389707,0.5228426395939086,0.9873096446700508,bending1:22;bending2:19;cycling:48;lying:48;sitting:48;standing:12,0:32;1:37;2:112;3:16,"{""0"": ""lying"", ""1"": ""cycling"", ""2"": ""sitting"", ""3"": ""bending1""}",0.5719614744699092,0.9091155224705617,0.8390023121022033,1.454216576596745
AReMActivities,1,forced_k4,DynVAR-Lasso Weighted Ridge,100.0,0.01,4.0,1.0,4,False,0.0,True,0.1498293605938188,0.6981629542060727,197,6,4,0.23497951530389707,0.5228426395939086,0.9873096446700508,bending1:22;bending2:19;cycling:48;lying:48;sitting:48;standing:12,0:32;1:37;2:112;3:16,"{""0"": ""lying"", ""1"": ""cycling"", ""2"": ""sitting"", ""3"": ""bending1""}",0.5690368213435207,0.9061913454538397,0.8355537994584897,1.453147177188716
AReMActivities,1,forced_k4,STCG-v1 Weighted Ridge,100.0,0.01,4.0,1.0,4,False,0.0,True,0.1498293605938188,0.6981629542060727,197,6,4,0.23497951530389707,0.5228426395939086,0.9873096446700508,bending1:22;bending2:19;cycling:48;lying:48;sitting:48;standing:12,0:32;1:37;2:112;3:16,"{""0"": ""lying"", ""1"": ""cycling"", ""2"": ""sitting"", ""3"": ""bending1""}",0.5684104941688761,0.9059704735963805,0.8344716048938193,1.4541679651039088
AReMActivities,2,auto_k2_min_0.00,Dense Ridge,30.0,,,,2,True,0.0,True,0.09828218549989783,0.9202235688796065,197,6,2,0.2505899802096966,0.4873096446700508,0.9873096446700508,bending1:22;bending2:19;cycling:48;lying:48;sitting:48;standing:12,0:51;1:146,"{""0"": ""cycling"", ""1"": ""sitting""}",0.5733895262668768,0.9109366077707814,0.8412092464597661,1.4550835330620835
AReMActivities,2,auto_k2_min_0.00,DynVAR-Lasso Weighted Ridge,30.0,0.01,4.0,1.0,2,True,0.0,True,0.09828218549989783,0.9202235688796065,197,6,2,0.2505899802096966,0.4873096446700508,0.9873096446700508,bending1:22;bending2:19;cycling:48;lying:48;sitting:48;standing:12,0:51;1:146,"{""0"": ""cycling"", ""1"": ""sitting""}",0.5721313053294081,0.9095767313102849,0.8396643635096582,1.454485772146349
AReMActivities,2,auto_k2_min_0.00,STCG-v1 Weighted Ridge,30.0,0.01,4.0,1.0,2,True,0.0,True,0.09828218549989783,0.9202235688796065,197,6,2,0.2505899802096966,0.4873096446700508,0.9873096446700508,bending1:22;bending2:19;cycling:48;lying:48;sitting:48;standing:12,0:51;1:146,"{""0"": ""cycling"", ""1"": ""sitting""}",0.5715653378745336,0.9091719198302292,0.8388110245169411,1.4547197319907905
AReMActivities,2,auto_k2_min_0.00,Dense Ridge,100.0,,,,2,True,0.0,True,0.09828218549989783,0.9202235688796065,197,6,2,0.2505899802096966,0.4873096446700508,0.9873096446700508,bending1:22;bending2:19;cycling:48;lying:48;sitting:48;standing:12,0:51;1:146,"{""0"": ""cycling"", ""1"": ""sitting""}",0.5719614744699092,0.9091155224705617,0.8390023121022033,1.454216576596745
AReMActivities,2,auto_k2_min_0.00,DynVAR-Lasso Weighted Ridge,100.0,0.01,4.0,1.0,2,True,0.0,True,0.09828218549989783,0.9202235688796065,197,6,2,0.2505899802096966,0.4873096446700508,0.9873096446700508,bending1:22;bending2:19;cycling:48;lying:48;sitting:48;standing:12,0:51;1:146,"{""0"": ""cycling"", ""1"": ""sitting""}",0.5690368213435207,0.9061913454538397,0.8355537994584897,1.453147177188716
AReMActivities,2,auto_k2_min_0.00,STCG-v1 Weighted Ridge,100.0,0.01,4.0,1.0,2,True,0.0,True,0.09828218549989783,0.9202235688796065,197,6,2,0.2505899802096966,0.4873096446700508,0.9873096446700508,bending1:22;bending2:19;cycling:48;lying:48;sitting:48;standing:12,0:51;1:146,"{""0"": ""cycling"", ""1"": ""sitting""}",0.568235906370142,0.9057593243797266,0.8342702349030438,1.4539258250619385
AReMActivities,2,auto_k2_min_0.02,Dense Ridge,30.0,,,,2,True,0.02,True,0.09828218549989783,0.9202235688796065,197,6,2,0.2505899802096966,0.4873096446700508,0.9873096446700508,bending1:22;bending2:19;cycling:48;lying:48;sitting:48;standing:12,0:51;1:146,"{""0"": ""cycling"", ""1"": ""sitting""}",0.5733895262668768,0.9109366077707814,0.8412092464597661,1.4550835330620835
AReMActivities,2,auto_k2_min_0.02,DynVAR-Lasso Weighted Ridge,30.0,0.01,4.0,1.0,2,True,0.02,True,0.09828218549989783,0.9202235688796065,197,6,2,0.2505899802096966,0.4873096446700508,0.9873096446700508,bending1:22;bending2:19;cycling:48;lying:48;sitting:48;standing:12,0:51;1:146,"{""0"": ""cycling"", ""1"": ""sitting""}",0.5721313053294081,0.9095767313102849,0.8396643635096582,1.454485772146349
AReMActivities,2,auto_k2_min_0.02,STCG-v1 Weighted Ridge,30.0,0.01,4.0,1.0,2,True,0.02,True,0.09828218549989783,0.9202235688796065,197,6,2,0.2505899802096966,0.4873096446700508,0.9873096446700508,bending1:22;bending2:19;cycling:48;lying:48;sitting:48;standing:12,0:51;1:146,"{""0"": ""cycling"", ""1"": ""sitting""}",0.5715653378745336,0.9091719198302292,0.8388110245169411,1.4547197319907905
AReMActivities,2,auto_k2_min_0.02,Dense Ridge,100.0,,,,2,True,0.02,True,0.09828218549989783,0.9202235688796065,197,6,2,0.2505899802096966,0.4873096446700508,0.9873096446700508,bending1:22;bending2:19;cycling:48;lying:48;sitting:48;standing:12,0:51;1:146,"{""0"": ""cycling"", ""1"": ""sitting""}",0.5719614744699092,0.9091155224705617,0.8390023121022033,1.454216576596745
AReMActivities,2,auto_k2_min_0.02,DynVAR-Lasso Weighted Ridge,100.0,0.01,4.0,1.0,2,True,0.02,True,0.09828218549989783,0.9202235688796065,197,6,2,0.2505899802096966,0.4873096446700508,0.9873096446700508,bending1:22;bending2:19;cycling:48;lying:48;sitting:48;standing:12,0:51;1:146,"{""0"": ""cycling"", ""1"": ""sitting""}",0.5690368213435207,0.9061913454538397,0.8355537994584897,1.453147177188716
AReMActivities,2,auto_k2_min_0.02,STCG-v1 Weighted Ridge,100.0,0.01,4.0,1.0,2,True,0.02,True,0.09828218549989783,0.9202235688796065,197,6,2,0.2505899802096966,0.4873096446700508,0.9873096446700508,bending1:22;bending2:19;cycling:48;lying:48;sitting:48;standing:12,0:51;1:146,"{""0"": ""cycling"", ""1"": ""sitting""}",0.568235906370142,0.9057593243797266,0.8342702349030438,1.4539258250619385
AReMActivities,2,auto_k2_min_0.04,Dense Ridge,30.0,,,,2,True,0.04,True,0.09828218549989783,0.9202235688796065,197,6,2,0.2505899802096966,0.4873096446700508,0.9873096446700508,bending1:22;bending2:19;cycling:48;lying:48;sitting:48;standing:12,0:51;1:146,"{""0"": ""cycling"", ""1"": ""sitting""}",0.5733895262668768,0.9109366077707814,0.8412092464597661,1.4550835330620835
AReMActivities,2,auto_k2_min_0.04,DynVAR-Lasso Weighted Ridge,30.0,0.01,4.0,1.0,2,True,0.04,True,0.09828218549989783,0.9202235688796065,197,6,2,0.2505899802096966,0.4873096446700508,0.9873096446700508,bending1:22;bending2:19;cycling:48;lying:48;sitting:48;standing:12,0:51;1:146,"{""0"": ""cycling"", ""1"": ""sitting""}",0.5721313053294081,0.9095767313102849,0.8396643635096582,1.454485772146349
AReMActivities,2,auto_k2_min_0.04,STCG-v1 Weighted Ridge,30.0,0.01,4.0,1.0,2,True,0.04,True,0.09828218549989783,0.9202235688796065,197,6,2,0.2505899802096966,0.4873096446700508,0.9873096446700508,bending1:22;bending2:19;cycling:48;lying:48;sitting:48;standing:12,0:51;1:146,"{""0"": ""cycling"", ""1"": ""sitting""}",0.5715653378745336,0.9091719198302292,0.8388110245169411,1.4547197319907905
AReMActivities,2,auto_k2_min_0.04,Dense Ridge,100.0,,,,2,True,0.04,True,0.09828218549989783,0.9202235688796065,197,6,2,0.2505899802096966,0.4873096446700508,0.9873096446700508,bending1:22;bending2:19;cycling:48;lying:48;sitting:48;standing:12,0:51;1:146,"{""0"": ""cycling"", ""1"": ""sitting""}",0.5719614744699092,0.9091155224705617,0.8390023121022033,1.454216576596745
AReMActivities,2,auto_k2_min_0.04,DynVAR-Lasso Weighted Ridge,100.0,0.01,4.0,1.0,2,True,0.04,True,0.09828218549989783,0.9202235688796065,197,6,2,0.2505899802096966,0.4873096446700508,0.9873096446700508,bending1:22;bending2:19;cycling:48;lying:48;sitting:48;standing:12,0:51;1:146,"{""0"": ""cycling"", ""1"": ""sitting""}",0.5690368213435207,0.9061913454538397,0.8355537994584897,1.453147177188716
AReMActivities,2,auto_k2_min_0.04,STCG-v1 Weighted Ridge,100.0,0.01,4.0,1.0,2,True,0.04,True,0.09828218549989783,0.9202235688796065,197,6,2,0.2505899802096966,0.4873096446700508,0.9873096446700508,bending1:22;bending2:19;cycling:48;lying:48;sitting:48;standing:12,0:51;1:146,"{""0"": ""cycling"", ""1"": ""sitting""}",0.568235906370142,0.9057593243797266,0.8342702349030438,1.4539258250619385
AReMActivities,2,auto_k2_min_0.06,Dense Ridge,30.0,,,,2,True,0.06,True,0.09828218549989783,0.9202235688796065,197,6,2,0.2505899802096966,0.4873096446700508,0.9873096446700508,bending1:22;bending2:19;cycling:48;lying:48;sitting:48;standing:12,0:51;1:146,"{""0"": ""cycling"", ""1"": ""sitting""}",0.5733895262668768,0.9109366077707814,0.8412092464597661,1.4550835330620835
AReMActivities,2,auto_k2_min_0.06,DynVAR-Lasso Weighted Ridge,30.0,0.01,4.0,1.0,2,True,0.06,True,0.09828218549989783,0.9202235688796065,197,6,2,0.2505899802096966,0.4873096446700508,0.9873096446700508,bending1:22;bending2:19;cycling:48;lying:48;sitting:48;standing:12,0:51;1:146,"{""0"": ""cycling"", ""1"": ""sitting""}",0.5721313053294081,0.9095767313102849,0.8396643635096582,1.454485772146349
AReMActivities,2,auto_k2_min_0.06,STCG-v1 Weighted Ridge,30.0,0.01,4.0,1.0,2,True,0.06,True,0.09828218549989783,0.9202235688796065,197,6,2,0.2505899802096966,0.4873096446700508,0.9873096446700508,bending1:22;bending2:19;cycling:48;lying:48;sitting:48;standing:12,0:51;1:146,"{""0"": ""cycling"", ""1"": ""sitting""}",0.5715653378745336,0.9091719198302292,0.8388110245169411,1.4547197319907905
AReMActivities,2,auto_k2_min_0.06,Dense Ridge,100.0,,,,2,True,0.06,True,0.09828218549989783,0.9202235688796065,197,6,2,0.2505899802096966,0.4873096446700508,0.9873096446700508,bending1:22;bending2:19;cycling:48;lying:48;sitting:48;standing:12,0:51;1:146,"{""0"": ""cycling"", ""1"": ""sitting""}",0.5719614744699092,0.9091155224705617,0.8390023121022033,1.454216576596745
AReMActivities,2,auto_k2_min_0.06,DynVAR-Lasso Weighted Ridge,100.0,0.01,4.0,1.0,2,True,0.06,True,0.09828218549989783,0.9202235688796065,197,6,2,0.2505899802096966,0.4873096446700508,0.9873096446700508,bending1:22;bending2:19;cycling:48;lying:48;sitting:48;standing:12,0:51;1:146,"{""0"": ""cycling"", ""1"": ""sitting""}",0.5690368213435207,0.9061913454538397,0.8355537994584897,1.453147177188716
AReMActivities,2,auto_k2_min_0.06,STCG-v1 Weighted Ridge,100.0,0.01,4.0,1.0,2,True,0.06,True,0.09828218549989783,0.9202235688796065,197,6,2,0.2505899802096966,0.4873096446700508,0.9873096446700508,bending1:22;bending2:19;cycling:48;lying:48;sitting:48;standing:12,0:51;1:146,"{""0"": ""cycling"", ""1"": ""sitting""}",0.568235906370142,0.9057593243797266,0.8342702349030438,1.4539258250619385
AReMActivities,2,auto_k2_min_0.08,Dense Ridge,30.0,,,,2,True,0.08,True,0.09828218549989783,0.9202235688796065,197,6,2,0.2505899802096966,0.4873096446700508,0.9873096446700508,bending1:22;bending2:19;cycling:48;lying:48;sitting:48;standing:12,0:51;1:146,"{""0"": ""cycling"", ""1"": ""sitting""}",0.5733895262668768,0.9109366077707814,0.8412092464597661,1.4550835330620835
AReMActivities,2,auto_k2_min_0.08,DynVAR-Lasso Weighted Ridge,30.0,0.01,4.0,1.0,2,True,0.08,True,0.09828218549989783,0.9202235688796065,197,6,2,0.2505899802096966,0.4873096446700508,0.9873096446700508,bending1:22;bending2:19;cycling:48;lying:48;sitting:48;standing:12,0:51;1:146,"{""0"": ""cycling"", ""1"": ""sitting""}",0.5721313053294081,0.9095767313102849,0.8396643635096582,1.454485772146349
AReMActivities,2,auto_k2_min_0.08,STCG-v1 Weighted Ridge,30.0,0.01,4.0,1.0,2,True,0.08,True,0.09828218549989783,0.9202235688796065,197,6,2,0.2505899802096966,0.4873096446700508,0.9873096446700508,bending1:22;bending2:19;cycling:48;lying:48;sitting:48;standing:12,0:51;1:146,"{""0"": ""cycling"", ""1"": ""sitting""}",0.5715653378745336,0.9091719198302292,0.8388110245169411,1.4547197319907905
AReMActivities,2,auto_k2_min_0.08,Dense Ridge,100.0,,,,2,True,0.08,True,0.09828218549989783,0.9202235688796065,197,6,2,0.2505899802096966,0.4873096446700508,0.9873096446700508,bending1:22;bending2:19;cycling:48;lying:48;sitting:48;standing:12,0:51;1:146,"{""0"": ""cycling"", ""1"": ""sitting""}",0.5719614744699092,0.9091155224705617,0.8390023121022033,1.454216576596745
AReMActivities,2,auto_k2_min_0.08,DynVAR-Lasso Weighted Ridge,100.0,0.01,4.0,1.0,2,True,0.08,True,0.09828218549989783,0.9202235688796065,197,6,2,0.2505899802096966,0.4873096446700508,0.9873096446700508,bending1:22;bending2:19;cycling:48;lying:48;sitting:48;standing:12,0:51;1:146,"{""0"": ""cycling"", ""1"": ""sitting""}",0.5690368213435207,0.9061913454538397,0.8355537994584897,1.453147177188716
AReMActivities,2,auto_k2_min_0.08,STCG-v1 Weighted Ridge,100.0,0.01,4.0,1.0,2,True,0.08,True,0.09828218549989783,0.9202235688796065,197,6,2,0.2505899802096966,0.4873096446700508,0.9873096446700508,bending1:22;bending2:19;cycling:48;lying:48;sitting:48;standing:12,0:51;1:146,"{""0"": ""cycling"", ""1"": ""sitting""}",0.568235906370142,0.9057593243797266,0.8342702349030438,1.4539258250619385
AReMActivities,2,auto_k2_min_0.10,Dense Ridge,30.0,,,,2,True,0.1,True,0.09828218549989783,0.9202235688796065,197,6,2,0.2505899802096966,0.4873096446700508,0.9873096446700508,bending1:22;bending2:19;cycling:48;lying:48;sitting:48;standing:12,0:51;1:146,"{""0"": ""cycling"", ""1"": ""sitting""}",0.5733895262668768,0.9109366077707814,0.8412092464597661,1.4550835330620835
AReMActivities,2,auto_k2_min_0.10,DynVAR-Lasso Weighted Ridge,30.0,0.01,4.0,1.0,2,True,0.1,True,0.09828218549989783,0.9202235688796065,197,6,2,0.2505899802096966,0.4873096446700508,0.9873096446700508,bending1:22;bending2:19;cycling:48;lying:48;sitting:48;standing:12,0:51;1:146,"{""0"": ""cycling"", ""1"": ""sitting""}",0.5721313053294081,0.9095767313102849,0.8396643635096582,1.454485772146349
AReMActivities,2,auto_k2_min_0.10,STCG-v1 Weighted Ridge,30.0,0.01,4.0,1.0,2,True,0.1,True,0.09828218549989783,0.9202235688796065,197,6,2,0.2505899802096966,0.4873096446700508,0.9873096446700508,bending1:22;bending2:19;cycling:48;lying:48;sitting:48;standing:12,0:51;1:146,"{""0"": ""cycling"", ""1"": ""sitting""}",0.5715653378745336,0.9091719198302292,0.8388110245169411,1.4547197319907905
AReMActivities,2,auto_k2_min_0.10,Dense Ridge,100.0,,,,2,True,0.1,True,0.09828218549989783,0.9202235688796065,197,6,2,0.2505899802096966,0.4873096446700508,0.9873096446700508,bending1:22;bending2:19;cycling:48;lying:48;sitting:48;standing:12,0:51;1:146,"{""0"": ""cycling"", ""1"": ""sitting""}",0.5719614744699092,0.9091155224705617,0.8390023121022033,1.454216576596745
AReMActivities,2,auto_k2_min_0.10,DynVAR-Lasso Weighted Ridge,100.0,0.01,4.0,1.0,2,True,0.1,True,0.09828218549989783,0.9202235688796065,197,6,2,0.2505899802096966,0.4873096446700508,0.9873096446700508,bending1:22;bending2:19;cycling:48;lying:48;sitting:48;standing:12,0:51;1:146,"{""0"": ""cycling"", ""1"": ""sitting""}",0.5690368213435207,0.9061913454538397,0.8355537994584897,1.453147177188716
AReMActivities,2,auto_k2_min_0.10,STCG-v1 Weighted Ridge,100.0,0.01,4.0,1.0,2,True,0.1,True,0.09828218549989783,0.9202235688796065,197,6,2,0.2505899802096966,0.4873096446700508,0.9873096446700508,bending1:22;bending2:19;cycling:48;lying:48;sitting:48;standing:12,0:51;1:146,"{""0"": ""cycling"", ""1"": ""sitting""}",0.568235906370142,0.9057593243797266,0.8342702349030438,1.4539258250619385
AReMActivities,2,auto_k2_min_0.12,Dense Ridge,30.0,,,,2,True,0.12,True,0.09828218549989783,0.9202235688796065,197,6,2,0.2505899802096966,0.4873096446700508,0.9873096446700508,bending1:22;bending2:19;cycling:48;lying:48;sitting:48;standing:12,0:51;1:146,"{""0"": ""cycling"", ""1"": ""sitting""}",0.5733895262668768,0.9109366077707814,0.8412092464597661,1.4550835330620835
AReMActivities,2,auto_k2_min_0.12,DynVAR-Lasso Weighted Ridge,30.0,0.01,4.0,1.0,2,True,0.12,True,0.09828218549989783,0.9202235688796065,197,6,2,0.2505899802096966,0.4873096446700508,0.9873096446700508,bending1:22;bending2:19;cycling:48;lying:48;sitting:48;standing:12,0:51;1:146,"{""0"": ""cycling"", ""1"": ""sitting""}",0.5721313053294081,0.9095767313102849,0.8396643635096582,1.454485772146349
AReMActivities,2,auto_k2_min_0.12,STCG-v1 Weighted Ridge,30.0,0.01,4.0,1.0,2,True,0.12,True,0.09828218549989783,0.9202235688796065,197,6,2,0.2505899802096966,0.4873096446700508,0.9873096446700508,bending1:22;bending2:19;cycling:48;lying:48;sitting:48;standing:12,0:51;1:146,"{""0"": ""cycling"", ""1"": ""sitting""}",0.5715653378745336,0.9091719198302292,0.8388110245169411,1.4547197319907905
AReMActivities,2,auto_k2_min_0.12,Dense Ridge,100.0,,,,2,True,0.12,True,0.09828218549989783,0.9202235688796065,197,6,2,0.2505899802096966,0.4873096446700508,0.9873096446700508,bending1:22;bending2:19;cycling:48;lying:48;sitting:48;standing:12,0:51;1:146,"{""0"": ""cycling"", ""1"": ""sitting""}",0.5719614744699092,0.9091155224705617,0.8390023121022033,1.454216576596745
AReMActivities,2,auto_k2_min_0.12,DynVAR-Lasso Weighted Ridge,100.0,0.01,4.0,1.0,2,True,0.12,True,0.09828218549989783,0.9202235688796065,197,6,2,0.2505899802096966,0.4873096446700508,0.9873096446700508,bending1:22;bending2:19;cycling:48;lying:48;sitting:48;standing:12,0:51;1:146,"{""0"": ""cycling"", ""1"": ""sitting""}",0.5690368213435207,0.9061913454538397,0.8355537994584897,1.453147177188716
AReMActivities,2,auto_k2_min_0.12,STCG-v1 Weighted Ridge,100.0,0.01,4.0,1.0,2,True,0.12,True,0.09828218549989783,0.9202235688796065,197,6,2,0.2505899802096966,0.4873096446700508,0.9873096446700508,bending1:22;bending2:19;cycling:48;lying:48;sitting:48;standing:12,0:51;1:146,"{""0"": ""cycling"", ""1"": ""sitting""}",0.568235906370142,0.9057593243797266,0.8342702349030438,1.4539258250619385
AReMActivities,2,auto_k2_min_0.16,Dense Ridge,30.0,,,,2,True,0.16,True,0.09828218549989783,0.9202235688796065,197,6,2,0.2505899802096966,0.4873096446700508,0.9873096446700508,bending1:22;bending2:19;cycling:48;lying:48;sitting:48;standing:12,0:51;1:146,"{""0"": ""cycling"", ""1"": ""sitting""}",0.5733895262668768,0.9109366077707814,0.8412092464597661,1.4550835330620835
AReMActivities,2,auto_k2_min_0.16,DynVAR-Lasso Weighted Ridge,30.0,0.01,4.0,1.0,2,True,0.16,True,0.09828218549989783,0.9202235688796065,197,6,2,0.2505899802096966,0.4873096446700508,0.9873096446700508,bending1:22;bending2:19;cycling:48;lying:48;sitting:48;standing:12,0:51;1:146,"{""0"": ""cycling"", ""1"": ""sitting""}",0.5721313053294081,0.9095767313102849,0.8396643635096582,1.454485772146349
AReMActivities,2,auto_k2_min_0.16,STCG-v1 Weighted Ridge,30.0,0.01,4.0,1.0,2,True,0.16,True,0.09828218549989783,0.9202235688796065,197,6,2,0.2505899802096966,0.4873096446700508,0.9873096446700508,bending1:22;bending2:19;cycling:48;lying:48;sitting:48;standing:12,0:51;1:146,"{""0"": ""cycling"", ""1"": ""sitting""}",0.5715653378745336,0.9091719198302292,0.8388110245169411,1.4547197319907905
AReMActivities,2,auto_k2_min_0.16,Dense Ridge,100.0,,,,2,True,0.16,True,0.09828218549989783,0.9202235688796065,197,6,2,0.2505899802096966,0.4873096446700508,0.9873096446700508,bending1:22;bending2:19;cycling:48;lying:48;sitting:48;standing:12,0:51;1:146,"{""0"": ""cycling"", ""1"": ""sitting""}",0.5719614744699092,0.9091155224705617,0.8390023121022033,1.454216576596745
AReMActivities,2,auto_k2_min_0.16,DynVAR-Lasso Weighted Ridge,100.0,0.01,4.0,1.0,2,True,0.16,True,0.09828218549989783,0.9202235688796065,197,6,2,0.2505899802096966,0.4873096446700508,0.9873096446700508,bending1:22;bending2:19;cycling:48;lying:48;sitting:48;standing:12,0:51;1:146,"{""0"": ""cycling"", ""1"": ""sitting""}",0.5690368213435207,0.9061913454538397,0.8355537994584897,1.453147177188716
AReMActivities,2,auto_k2_min_0.16,STCG-v1 Weighted Ridge,100.0,0.01,4.0,1.0,2,True,0.16,True,0.09828218549989783,0.9202235688796065,197,6,2,0.2505899802096966,0.4873096446700508,0.9873096446700508,bending1:22;bending2:19;cycling:48;lying:48;sitting:48;standing:12,0:51;1:146,"{""0"": ""cycling"", ""1"": ""sitting""}",0.568235906370142,0.9057593243797266,0.8342702349030438,1.4539258250619385
AReMActivities,2,auto_k2_min_0.20,Dense Ridge,30.0,,,,2,True,0.2,True,0.09828218549989783,0.9202235688796065,197,6,2,0.2505899802096966,0.4873096446700508,0.9873096446700508,bending1:22;bending2:19;cycling:48;lying:48;sitting:48;standing:12,0:51;1:146,"{""0"": ""cycling"", ""1"": ""sitting""}",0.5733895262668768,0.9109366077707814,0.8412092464597661,1.4550835330620835
AReMActivities,2,auto_k2_min_0.20,DynVAR-Lasso Weighted Ridge,30.0,0.01,4.0,1.0,2,True,0.2,True,0.09828218549989783,0.9202235688796065,197,6,2,0.2505899802096966,0.4873096446700508,0.9873096446700508,bending1:22;bending2:19;cycling:48;lying:48;sitting:48;standing:12,0:51;1:146,"{""0"": ""cycling"", ""1"": ""sitting""}",0.5721313053294081,0.9095767313102849,0.8396643635096582,1.454485772146349
AReMActivities,2,auto_k2_min_0.20,STCG-v1 Weighted Ridge,30.0,0.01,4.0,1.0,2,True,0.2,True,0.09828218549989783,0.9202235688796065,197,6,2,0.2505899802096966,0.4873096446700508,0.9873096446700508,bending1:22;bending2:19;cycling:48;lying:48;sitting:48;standing:12,0:51;1:146,"{""0"": ""cycling"", ""1"": ""sitting""}",0.5715653378745336,0.9091719198302292,0.8388110245169411,1.4547197319907905
AReMActivities,2,auto_k2_min_0.20,Dense Ridge,100.0,,,,2,True,0.2,True,0.09828218549989783,0.9202235688796065,197,6,2,0.2505899802096966,0.4873096446700508,0.9873096446700508,bending1:22;bending2:19;cycling:48;lying:48;sitting:48;standing:12,0:51;1:146,"{""0"": ""cycling"", ""1"": ""sitting""}",0.5719614744699092,0.9091155224705617,0.8390023121022033,1.454216576596745
AReMActivities,2,auto_k2_min_0.20,DynVAR-Lasso Weighted Ridge,100.0,0.01,4.0,1.0,2,True,0.2,True,0.09828218549989783,0.9202235688796065,197,6,2,0.2505899802096966,0.4873096446700508,0.9873096446700508,bending1:22;bending2:19;cycling:48;lying:48;sitting:48;standing:12,0:51;1:146,"{""0"": ""cycling"", ""1"": ""sitting""}",0.5690368213435207,0.9061913454538397,0.8355537994584897,1.453147177188716
AReMActivities,2,auto_k2_min_0.20,STCG-v1 Weighted Ridge,100.0,0.01,4.0,1.0,2,True,0.2,True,0.09828218549989783,0.9202235688796065,197,6,2,0.2505899802096966,0.4873096446700508,0.9873096446700508,bending1:22;bending2:19;cycling:48;lying:48;sitting:48;standing:12,0:51;1:146,"{""0"": ""cycling"", ""1"": ""sitting""}",0.568235906370142,0.9057593243797266,0.8342702349030438,1.4539258250619385
AReMActivities,2,forced_k2,Dense Ridge,30.0,,,,2,False,0.0,True,0.09828218549989783,0.9202235688796065,197,6,2,0.2505899802096966,0.4873096446700508,0.9873096446700508,bending1:22;bending2:19;cycling:48;lying:48;sitting:48;standing:12,0:51;1:146,"{""0"": ""cycling"", ""1"": ""sitting""}",0.5733895262668768,0.9109366077707814,0.8412092464597661,1.4550835330620835
AReMActivities,2,forced_k2,DynVAR-Lasso Weighted Ridge,30.0,0.01,4.0,1.0,2,False,0.0,True,0.09828218549989783,0.9202235688796065,197,6,2,0.2505899802096966,0.4873096446700508,0.9873096446700508,bending1:22;bending2:19;cycling:48;lying:48;sitting:48;standing:12,0:51;1:146,"{""0"": ""cycling"", ""1"": ""sitting""}",0.5721313053294081,0.9095767313102849,0.8396643635096582,1.454485772146349
AReMActivities,2,forced_k2,STCG-v1 Weighted Ridge,30.0,0.01,4.0,1.0,2,False,0.0,True,0.09828218549989783,0.9202235688796065,197,6,2,0.2505899802096966,0.4873096446700508,0.9873096446700508,bending1:22;bending2:19;cycling:48;lying:48;sitting:48;standing:12,0:51;1:146,"{""0"": ""cycling"", ""1"": ""sitting""}",0.5715653378745336,0.9091719198302292,0.8388110245169411,1.4547197319907905
AReMActivities,2,forced_k2,Dense Ridge,100.0,,,,2,False,0.0,True,0.09828218549989783,0.9202235688796065,197,6,2,0.2505899802096966,0.4873096446700508,0.9873096446700508,bending1:22;bending2:19;cycling:48;lying:48;sitting:48;standing:12,0:51;1:146,"{""0"": ""cycling"", ""1"": ""sitting""}",0.5719614744699092,0.9091155224705617,0.8390023121022033,1.454216576596745
AReMActivities,2,forced_k2,DynVAR-Lasso Weighted Ridge,100.0,0.01,4.0,1.0,2,False,0.0,True,0.09828218549989783,0.9202235688796065,197,6,2,0.2505899802096966,0.4873096446700508,0.9873096446700508,bending1:22;bending2:19;cycling:48;lying:48;sitting:48;standing:12,0:51;1:146,"{""0"": ""cycling"", ""1"": ""sitting""}",0.5690368213435207,0.9061913454538397,0.8355537994584897,1.453147177188716
AReMActivities,2,forced_k2,STCG-v1 Weighted Ridge,100.0,0.01,4.0,1.0,2,False,0.0,True,0.09828218549989783,0.9202235688796065,197,6,2,0.2505899802096966,0.4873096446700508,0.9873096446700508,bending1:22;bending2:19;cycling:48;lying:48;sitting:48;standing:12,0:51;1:146,"{""0"": ""cycling"", ""1"": ""sitting""}",0.568235906370142,0.9057593243797266,0.8342702349030438,1.4539258250619385
AReMActivities,2,auto_k3_min_0.00,Dense Ridge,30.0,,,,3,True,0.0,True,0.12610280628676862,0.5964569931233362,197,6,3,0.31920794147425396,0.5025380710659898,0.9873096446700508,bending1:22;bending2:19;cycling:48;lying:48;sitting:48;standing:12,0:50;1:89;2:58,"{""0"": ""cycling"", ""1"": ""lying"", ""2"": ""sitting""}",0.5733895262668768,0.9109366077707814,0.8412092464597661,1.4550835330620835
AReMActivities,2,auto_k3_min_0.00,DynVAR-Lasso Weighted Ridge,30.0,0.01,4.0,1.0,3,True,0.0,True,0.12610280628676862,0.5964569931233362,197,6,3,0.31920794147425396,0.5025380710659898,0.9873096446700508,bending1:22;bending2:19;cycling:48;lying:48;sitting:48;standing:12,0:50;1:89;2:58,"{""0"": ""cycling"", ""1"": ""lying"", ""2"": ""sitting""}",0.5721313053294081,0.9095767313102849,0.8396643635096582,1.454485772146349
AReMActivities,2,auto_k3_min_0.00,STCG-v1 Weighted Ridge,30.0,0.01,4.0,1.0,3,True,0.0,True,0.12610280628676862,0.5964569931233362,197,6,3,0.31920794147425396,0.5025380710659898,0.9873096446700508,bending1:22;bending2:19;cycling:48;lying:48;sitting:48;standing:12,0:50;1:89;2:58,"{""0"": ""cycling"", ""1"": ""lying"", ""2"": ""sitting""}",0.5715338167227011,0.9091921602305291,0.8388319048602638,1.454584391100761
AReMActivities,2,auto_k3_min_0.00,Dense Ridge,100.0,,,,3,True,0.0,True,0.12610280628676862,0.5964569931233362,197,6,3,0.31920794147425396,0.5025380710659898,0.9873096446700508,bending1:22;bending2:19;cycling:48;lying:48;sitting:48;standing:12,0:50;1:89;2:58,"{""0"": ""cycling"", ""1"": ""lying"", ""2"": ""sitting""}",0.5719614744699092,0.9091155224705617,0.8390023121022033,1.454216576596745
AReMActivities,2,auto_k3_min_0.00,DynVAR-Lasso Weighted Ridge,100.0,0.01,4.0,1.0,3,True,0.0,True,0.12610280628676862,0.5964569931233362,197,6,3,0.31920794147425396,0.5025380710659898,0.9873096446700508,bending1:22;bending2:19;cycling:48;lying:48;sitting:48;standing:12,0:50;1:89;2:58,"{""0"": ""cycling"", ""1"": ""lying"", ""2"": ""sitting""}",0.5690368213435207,0.9061913454538397,0.8355537994584897,1.453147177188716
AReMActivities,2,auto_k3_min_0.00,STCG-v1 Weighted Ridge,100.0,0.01,4.0,1.0,3,True,0.0,True,0.12610280628676862,0.5964569931233362,197,6,3,0.31920794147425396,0.5025380710659898,0.9873096446700508,bending1:22;bending2:19;cycling:48;lying:48;sitting:48;standing:12,0:50;1:89;2:58,"{""0"": ""cycling"", ""1"": ""lying"", ""2"": ""sitting""}",0.5679799490779178,0.9055156453480298,0.8340764804435357,1.4533202018941154
AReMActivities,2,auto_k3_min_0.02,Dense Ridge,30.0,,,,3,True,0.02,True,0.12610280628676862,0.5964569931233362,197,6,3,0.31920794147425396,0.5025380710659898,0.9873096446700508,bending1:22;bending2:19;cycling:48;lying:48;sitting:48;standing:12,0:50;1:89;2:58,"{""0"": ""cycling"", ""1"": ""lying"", ""2"": ""sitting""}",0.5733895262668768,0.9109366077707814,0.8412092464597661,1.4550835330620835
AReMActivities,2,auto_k3_min_0.02,DynVAR-Lasso Weighted Ridge,30.0,0.01,4.0,1.0,3,True,0.02,True,0.12610280628676862,0.5964569931233362,197,6,3,0.31920794147425396,0.5025380710659898,0.9873096446700508,bending1:22;bending2:19;cycling:48;lying:48;sitting:48;standing:12,0:50;1:89;2:58,"{""0"": ""cycling"", ""1"": ""lying"", ""2"": ""sitting""}",0.5721313053294081,0.9095767313102849,0.8396643635096582,1.454485772146349
AReMActivities,2,auto_k3_min_0.02,STCG-v1 Weighted Ridge,30.0,0.01,4.0,1.0,3,True,0.02,True,0.12610280628676862,0.5964569931233362,197,6,3,0.31920794147425396,0.5025380710659898,0.9873096446700508,bending1:22;bending2:19;cycling:48;lying:48;sitting:48;standing:12,0:50;1:89;2:58,"{""0"": ""cycling"", ""1"": ""lying"", ""2"": ""sitting""}",0.5715338167227011,0.9091921602305291,0.8388319048602638,1.454584391100761
AReMActivities,2,auto_k3_min_0.02,Dense Ridge,100.0,,,,3,True,0.02,True,0.12610280628676862,0.5964569931233362,197,6,3,0.31920794147425396,0.5025380710659898,0.9873096446700508,bending1:22;bending2:19;cycling:48;lying:48;sitting:48;standing:12,0:50;1:89;2:58,"{""0"": ""cycling"", ""1"": ""lying"", ""2"": ""sitting""}",0.5719614744699092,0.9091155224705617,0.8390023121022033,1.454216576596745
AReMActivities,2,auto_k3_min_0.02,DynVAR-Lasso Weighted Ridge,100.0,0.01,4.0,1.0,3,True,0.02,True,0.12610280628676862,0.5964569931233362,197,6,3,0.31920794147425396,0.5025380710659898,0.9873096446700508,bending1:22;bending2:19;cycling:48;lying:48;sitting:48;standing:12,0:50;1:89;2:58,"{""0"": ""cycling"", ""1"": ""lying"", ""2"": ""sitting""}",0.5690368213435207,0.9061913454538397,0.8355537994584897,1.453147177188716
AReMActivities,2,auto_k3_min_0.02,STCG-v1 Weighted Ridge,100.0,0.01,4.0,1.0,3,True,0.02,True,0.12610280628676862,0.5964569931233362,197,6,3,0.31920794147425396,0.5025380710659898,0.9873096446700508,bending1:22;bending2:19;cycling:48;lying:48;sitting:48;standing:12,0:50;1:89;2:58,"{""0"": ""cycling"", ""1"": ""lying"", ""2"": ""sitting""}",0.5679799490779178,0.9055156453480298,0.8340764804435357,1.4533202018941154
AReMActivities,2,auto_k3_min_0.04,Dense Ridge,30.0,,,,3,True,0.04,True,0.12610280628676862,0.5964569931233362,197,6,3,0.31920794147425396,0.5025380710659898,0.9873096446700508,bending1:22;bending2:19;cycling:48;lying:48;sitting:48;standing:12,0:50;1:89;2:58,"{""0"": ""cycling"", ""1"": ""lying"", ""2"": ""sitting""}",0.5733895262668768,0.9109366077707814,0.8412092464597661,1.4550835330620835
AReMActivities,2,auto_k3_min_0.04,DynVAR-Lasso Weighted Ridge,30.0,0.01,4.0,1.0,3,True,0.04,True,0.12610280628676862,0.5964569931233362,197,6,3,0.31920794147425396,0.5025380710659898,0.9873096446700508,bending1:22;bending2:19;cycling:48;lying:48;sitting:48;standing:12,0:50;1:89;2:58,"{""0"": ""cycling"", ""1"": ""lying"", ""2"": ""sitting""}",0.5721313053294081,0.9095767313102849,0.8396643635096582,1.454485772146349
AReMActivities,2,auto_k3_min_0.04,STCG-v1 Weighted Ridge,30.0,0.01,4.0,1.0,3,True,0.04,True,0.12610280628676862,0.5964569931233362,197,6,3,0.31920794147425396,0.5025380710659898,0.9873096446700508,bending1:22;bending2:19;cycling:48;lying:48;sitting:48;standing:12,0:50;1:89;2:58,"{""0"": ""cycling"", ""1"": ""lying"", ""2"": ""sitting""}",0.5715338167227011,0.9091921602305291,0.8388319048602638,1.454584391100761
AReMActivities,2,auto_k3_min_0.04,Dense Ridge,100.0,,,,3,True,0.04,True,0.12610280628676862,0.5964569931233362,197,6,3,0.31920794147425396,0.5025380710659898,0.9873096446700508,bending1:22;bending2:19;cycling:48;lying:48;sitting:48;standing:12,0:50;1:89;2:58,"{""0"": ""cycling"", ""1"": ""lying"", ""2"": ""sitting""}",0.5719614744699092,0.9091155224705617,0.8390023121022033,1.454216576596745
AReMActivities,2,auto_k3_min_0.04,DynVAR-Lasso Weighted Ridge,100.0,0.01,4.0,1.0,3,True,0.04,True,0.12610280628676862,0.5964569931233362,197,6,3,0.31920794147425396,0.5025380710659898,0.9873096446700508,bending1:22;bending2:19;cycling:48;lying:48;sitting:48;standing:12,0:50;1:89;2:58,"{""0"": ""cycling"", ""1"": ""lying"", ""2"": ""sitting""}",0.5690368213435207,0.9061913454538397,0.8355537994584897,1.453147177188716
AReMActivities,2,auto_k3_min_0.04,STCG-v1 Weighted Ridge,100.0,0.01,4.0,1.0,3,True,0.04,True,0.12610280628676862,0.5964569931233362,197,6,3,0.31920794147425396,0.5025380710659898,0.9873096446700508,bending1:22;bending2:19;cycling:48;lying:48;sitting:48;standing:12,0:50;1:89;2:58,"{""0"": ""cycling"", ""1"": ""lying"", ""2"": ""sitting""}",0.5679799490779178,0.9055156453480298,0.8340764804435357,1.4533202018941154
AReMActivities,2,auto_k3_min_0.06,Dense Ridge,30.0,,,,3,True,0.06,True,0.12610280628676862,0.5964569931233362,197,6,3,0.31920794147425396,0.5025380710659898,0.9873096446700508,bending1:22;bending2:19;cycling:48;lying:48;sitting:48;standing:12,0:50;1:89;2:58,"{""0"": ""cycling"", ""1"": ""lying"", ""2"": ""sitting""}",0.5733895262668768,0.9109366077707814,0.8412092464597661,1.4550835330620835
AReMActivities,2,auto_k3_min_0.06,DynVAR-Lasso Weighted Ridge,30.0,0.01,4.0,1.0,3,True,0.06,True,0.12610280628676862,0.5964569931233362,197,6,3,0.31920794147425396,0.5025380710659898,0.9873096446700508,bending1:22;bending2:19;cycling:48;lying:48;sitting:48;standing:12,0:50;1:89;2:58,"{""0"": ""cycling"", ""1"": ""lying"", ""2"": ""sitting""}",0.5721313053294081,0.9095767313102849,0.8396643635096582,1.454485772146349
AReMActivities,2,auto_k3_min_0.06,STCG-v1 Weighted Ridge,30.0,0.01,4.0,1.0,3,True,0.06,True,0.12610280628676862,0.5964569931233362,197,6,3,0.31920794147425396,0.5025380710659898,0.9873096446700508,bending1:22;bending2:19;cycling:48;lying:48;sitting:48;standing:12,0:50;1:89;2:58,"{""0"": ""cycling"", ""1"": ""lying"", ""2"": ""sitting""}",0.5715338167227011,0.9091921602305291,0.8388319048602638,1.454584391100761
AReMActivities,2,auto_k3_min_0.06,Dense Ridge,100.0,,,,3,True,0.06,True,0.12610280628676862,0.5964569931233362,197,6,3,0.31920794147425396,0.5025380710659898,0.9873096446700508,bending1:22;bending2:19;cycling:48;lying:48;sitting:48;standing:12,0:50;1:89;2:58,"{""0"": ""cycling"", ""1"": ""lying"", ""2"": ""sitting""}",0.5719614744699092,0.9091155224705617,0.8390023121022033,1.454216576596745
AReMActivities,2,auto_k3_min_0.06,DynVAR-Lasso Weighted Ridge,100.0,0.01,4.0,1.0,3,True,0.06,True,0.12610280628676862,0.5964569931233362,197,6,3,0.31920794147425396,0.5025380710659898,0.9873096446700508,bending1:22;bending2:19;cycling:48;lying:48;sitting:48;standing:12,0:50;1:89;2:58,"{""0"": ""cycling"", ""1"": ""lying"", ""2"": ""sitting""}",0.5690368213435207,0.9061913454538397,0.8355537994584897,1.453147177188716
AReMActivities,2,auto_k3_min_0.06,STCG-v1 Weighted Ridge,100.0,0.01,4.0,1.0,3,True,0.06,True,0.12610280628676862,0.5964569931233362,197,6,3,0.31920794147425396,0.5025380710659898,0.9873096446700508,bending1:22;bending2:19;cycling:48;lying:48;sitting:48;standing:12,0:50;1:89;2:58,"{""0"": ""cycling"", ""1"": ""lying"", ""2"": ""sitting""}",0.5679799490779178,0.9055156453480298,0.8340764804435357,1.4533202018941154
AReMActivities,2,auto_k3_min_0.08,Dense Ridge,30.0,,,,3,True,0.08,True,0.12610280628676862,0.5964569931233362,197,6,3,0.31920794147425396,0.5025380710659898,0.9873096446700508,bending1:22;bending2:19;cycling:48;lying:48;sitting:48;standing:12,0:50;1:89;2:58,"{""0"": ""cycling"", ""1"": ""lying"", ""2"": ""sitting""}",0.5733895262668768,0.9109366077707814,0.8412092464597661,1.4550835330620835
AReMActivities,2,auto_k3_min_0.08,DynVAR-Lasso Weighted Ridge,30.0,0.01,4.0,1.0,3,True,0.08,True,0.12610280628676862,0.5964569931233362,197,6,3,0.31920794147425396,0.5025380710659898,0.9873096446700508,bending1:22;bending2:19;cycling:48;lying:48;sitting:48;standing:12,0:50;1:89;2:58,"{""0"": ""cycling"", ""1"": ""lying"", ""2"": ""sitting""}",0.5721313053294081,0.9095767313102849,0.8396643635096582,1.454485772146349
AReMActivities,2,auto_k3_min_0.08,STCG-v1 Weighted Ridge,30.0,0.01,4.0,1.0,3,True,0.08,True,0.12610280628676862,0.5964569931233362,197,6,3,0.31920794147425396,0.5025380710659898,0.9873096446700508,bending1:22;bending2:19;cycling:48;lying:48;sitting:48;standing:12,0:50;1:89;2:58,"{""0"": ""cycling"", ""1"": ""lying"", ""2"": ""sitting""}",0.5715338167227011,0.9091921602305291,0.8388319048602638,1.454584391100761
AReMActivities,2,auto_k3_min_0.08,Dense Ridge,100.0,,,,3,True,0.08,True,0.12610280628676862,0.5964569931233362,197,6,3,0.31920794147425396,0.5025380710659898,0.9873096446700508,bending1:22;bending2:19;cycling:48;lying:48;sitting:48;standing:12,0:50;1:89;2:58,"{""0"": ""cycling"", ""1"": ""lying"", ""2"": ""sitting""}",0.5719614744699092,0.9091155224705617,0.8390023121022033,1.454216576596745
AReMActivities,2,auto_k3_min_0.08,DynVAR-Lasso Weighted Ridge,100.0,0.01,4.0,1.0,3,True,0.08,True,0.12610280628676862,0.5964569931233362,197,6,3,0.31920794147425396,0.5025380710659898,0.9873096446700508,bending1:22;bending2:19;cycling:48;lying:48;sitting:48;standing:12,0:50;1:89;2:58,"{""0"": ""cycling"", ""1"": ""lying"", ""2"": ""sitting""}",0.5690368213435207,0.9061913454538397,0.8355537994584897,1.453147177188716
AReMActivities,2,auto_k3_min_0.08,STCG-v1 Weighted Ridge,100.0,0.01,4.0,1.0,3,True,0.08,True,0.12610280628676862,0.5964569931233362,197,6,3,0.31920794147425396,0.5025380710659898,0.9873096446700508,bending1:22;bending2:19;cycling:48;lying:48;sitting:48;standing:12,0:50;1:89;2:58,"{""0"": ""cycling"", ""1"": ""lying"", ""2"": ""sitting""}",0.5679799490779178,0.9055156453480298,0.8340764804435357,1.4533202018941154
AReMActivities,2,auto_k3_min_0.10,Dense Ridge,30.0,,,,3,True,0.1,True,0.12610280628676862,0.5964569931233362,197,6,3,0.31920794147425396,0.5025380710659898,0.9873096446700508,bending1:22;bending2:19;cycling:48;lying:48;sitting:48;standing:12,0:50;1:89;2:58,"{""0"": ""cycling"", ""1"": ""lying"", ""2"": ""sitting""}",0.5733895262668768,0.9109366077707814,0.8412092464597661,1.4550835330620835
AReMActivities,2,auto_k3_min_0.10,DynVAR-Lasso Weighted Ridge,30.0,0.01,4.0,1.0,3,True,0.1,True,0.12610280628676862,0.5964569931233362,197,6,3,0.31920794147425396,0.5025380710659898,0.9873096446700508,bending1:22;bending2:19;cycling:48;lying:48;sitting:48;standing:12,0:50;1:89;2:58,"{""0"": ""cycling"", ""1"": ""lying"", ""2"": ""sitting""}",0.5721313053294081,0.9095767313102849,0.8396643635096582,1.454485772146349
AReMActivities,2,auto_k3_min_0.10,STCG-v1 Weighted Ridge,30.0,0.01,4.0,1.0,3,True,0.1,True,0.12610280628676862,0.5964569931233362,197,6,3,0.31920794147425396,0.5025380710659898,0.9873096446700508,bending1:22;bending2:19;cycling:48;lying:48;sitting:48;standing:12,0:50;1:89;2:58,"{""0"": ""cycling"", ""1"": ""lying"", ""2"": ""sitting""}",0.5715338167227011,0.9091921602305291,0.8388319048602638,1.454584391100761
AReMActivities,2,auto_k3_min_0.10,Dense Ridge,100.0,,,,3,True,0.1,True,0.12610280628676862,0.5964569931233362,197,6,3,0.31920794147425396,0.5025380710659898,0.9873096446700508,bending1:22;bending2:19;cycling:48;lying:48;sitting:48;standing:12,0:50;1:89;2:58,"{""0"": ""cycling"", ""1"": ""lying"", ""2"": ""sitting""}",0.5719614744699092,0.9091155224705617,0.8390023121022033,1.454216576596745
AReMActivities,2,auto_k3_min_0.10,DynVAR-Lasso Weighted Ridge,100.0,0.01,4.0,1.0,3,True,0.1,True,0.12610280628676862,0.5964569931233362,197,6,3,0.31920794147425396,0.5025380710659898,0.9873096446700508,bending1:22;bending2:19;cycling:48;lying:48;sitting:48;standing:12,0:50;1:89;2:58,"{""0"": ""cycling"", ""1"": ""lying"", ""2"": ""sitting""}",0.5690368213435207,0.9061913454538397,0.8355537994584897,1.453147177188716
AReMActivities,2,auto_k3_min_0.10,STCG-v1 Weighted Ridge,100.0,0.01,4.0,1.0,3,True,0.1,True,0.12610280628676862,0.5964569931233362,197,6,3,0.31920794147425396,0.5025380710659898,0.9873096446700508,bending1:22;bending2:19;cycling:48;lying:48;sitting:48;standing:12,0:50;1:89;2:58,"{""0"": ""cycling"", ""1"": ""lying"", ""2"": ""sitting""}",0.5679799490779178,0.9055156453480298,0.8340764804435357,1.4533202018941154
AReMActivities,2,auto_k3_min_0.12,Dense Ridge,30.0,,,,3,True,0.12,True,0.12610280628676862,0.5964569931233362,197,6,3,0.31920794147425396,0.5025380710659898,0.9873096446700508,bending1:22;bending2:19;cycling:48;lying:48;sitting:48;standing:12,0:50;1:89;2:58,"{""0"": ""cycling"", ""1"": ""lying"", ""2"": ""sitting""}",0.5733895262668768,0.9109366077707814,0.8412092464597661,1.4550835330620835
AReMActivities,2,auto_k3_min_0.12,DynVAR-Lasso Weighted Ridge,30.0,0.01,4.0,1.0,3,True,0.12,True,0.12610280628676862,0.5964569931233362,197,6,3,0.31920794147425396,0.5025380710659898,0.9873096446700508,bending1:22;bending2:19;cycling:48;lying:48;sitting:48;standing:12,0:50;1:89;2:58,"{""0"": ""cycling"", ""1"": ""lying"", ""2"": ""sitting""}",0.5721313053294081,0.9095767313102849,0.8396643635096582,1.454485772146349
AReMActivities,2,auto_k3_min_0.12,STCG-v1 Weighted Ridge,30.0,0.01,4.0,1.0,3,True,0.12,True,0.12610280628676862,0.5964569931233362,197,6,3,0.31920794147425396,0.5025380710659898,0.9873096446700508,bending1:22;bending2:19;cycling:48;lying:48;sitting:48;standing:12,0:50;1:89;2:58,"{""0"": ""cycling"", ""1"": ""lying"", ""2"": ""sitting""}",0.5715338167227011,0.9091921602305291,0.8388319048602638,1.454584391100761
AReMActivities,2,auto_k3_min_0.12,Dense Ridge,100.0,,,,3,True,0.12,True,0.12610280628676862,0.5964569931233362,197,6,3,0.31920794147425396,0.5025380710659898,0.9873096446700508,bending1:22;bending2:19;cycling:48;lying:48;sitting:48;standing:12,0:50;1:89;2:58,"{""0"": ""cycling"", ""1"": ""lying"", ""2"": ""sitting""}",0.5719614744699092,0.9091155224705617,0.8390023121022033,1.454216576596745
AReMActivities,2,auto_k3_min_0.12,DynVAR-Lasso Weighted Ridge,100.0,0.01,4.0,1.0,3,True,0.12,True,0.12610280628676862,0.5964569931233362,197,6,3,0.31920794147425396,0.5025380710659898,0.9873096446700508,bending1:22;bending2:19;cycling:48;lying:48;sitting:48;standing:12,0:50;1:89;2:58,"{""0"": ""cycling"", ""1"": ""lying"", ""2"": ""sitting""}",0.5690368213435207,0.9061913454538397,0.8355537994584897,1.453147177188716
AReMActivities,2,auto_k3_min_0.12,STCG-v1 Weighted Ridge,100.0,0.01,4.0,1.0,3,True,0.12,True,0.12610280628676862,0.5964569931233362,197,6,3,0.31920794147425396,0.5025380710659898,0.9873096446700508,bending1:22;bending2:19;cycling:48;lying:48;sitting:48;standing:12,0:50;1:89;2:58,"{""0"": ""cycling"", ""1"": ""lying"", ""2"": ""sitting""}",0.5679799490779178,0.9055156453480298,0.8340764804435357,1.4533202018941154
AReMActivities,2,auto_k3_min_0.16,Dense Ridge,30.0,,,,3,True,0.16,True,0.12610280628676862,0.5964569931233362,197,6,3,0.31920794147425396,0.5025380710659898,0.9873096446700508,bending1:22;bending2:19;cycling:48;lying:48;sitting:48;standing:12,0:50;1:89;2:58,"{""0"": ""cycling"", ""1"": ""lying"", ""2"": ""sitting""}",0.5733895262668768,0.9109366077707814,0.8412092464597661,1.4550835330620835
AReMActivities,2,auto_k3_min_0.16,DynVAR-Lasso Weighted Ridge,30.0,0.01,4.0,1.0,3,True,0.16,True,0.12610280628676862,0.5964569931233362,197,6,3,0.31920794147425396,0.5025380710659898,0.9873096446700508,bending1:22;bending2:19;cycling:48;lying:48;sitting:48;standing:12,0:50;1:89;2:58,"{""0"": ""cycling"", ""1"": ""lying"", ""2"": ""sitting""}",0.5721313053294081,0.9095767313102849,0.8396643635096582,1.454485772146349
AReMActivities,2,auto_k3_min_0.16,STCG-v1 Weighted Ridge,30.0,0.01,4.0,1.0,3,True,0.16,True,0.12610280628676862,0.5964569931233362,197,6,3,0.31920794147425396,0.5025380710659898,0.9873096446700508,bending1:22;bending2:19;cycling:48;lying:48;sitting:48;standing:12,0:50;1:89;2:58,"{""0"": ""cycling"", ""1"": ""lying"", ""2"": ""sitting""}",0.5715338167227011,0.9091921602305291,0.8388319048602638,1.454584391100761
AReMActivities,2,auto_k3_min_0.16,Dense Ridge,100.0,,,,3,True,0.16,True,0.12610280628676862,0.5964569931233362,197,6,3,0.31920794147425396,0.5025380710659898,0.9873096446700508,bending1:22;bending2:19;cycling:48;lying:48;sitting:48;standing:12,0:50;1:89;2:58,"{""0"": ""cycling"", ""1"": ""lying"", ""2"": ""sitting""}",0.5719614744699092,0.9091155224705617,0.8390023121022033,1.454216576596745
AReMActivities,2,auto_k3_min_0.16,DynVAR-Lasso Weighted Ridge,100.0,0.01,4.0,1.0,3,True,0.16,True,0.12610280628676862,0.5964569931233362,197,6,3,0.31920794147425396,0.5025380710659898,0.9873096446700508,bending1:22;bending2:19;cycling:48;lying:48;sitting:48;standing:12,0:50;1:89;2:58,"{""0"": ""cycling"", ""1"": ""lying"", ""2"": ""sitting""}",0.5690368213435207,0.9061913454538397,0.8355537994584897,1.453147177188716
AReMActivities,2,auto_k3_min_0.16,STCG-v1 Weighted Ridge,100.0,0.01,4.0,1.0,3,True,0.16,True,0.12610280628676862,0.5964569931233362,197,6,3,0.31920794147425396,0.5025380710659898,0.9873096446700508,bending1:22;bending2:19;cycling:48;lying:48;sitting:48;standing:12,0:50;1:89;2:58,"{""0"": ""cycling"", ""1"": ""lying"", ""2"": ""sitting""}",0.5679799490779178,0.9055156453480298,0.8340764804435357,1.4533202018941154
AReMActivities,2,auto_k3_min_0.20,Dense Ridge,30.0,,,,3,True,0.2,True,0.12610280628676862,0.5964569931233362,197,6,3,0.31920794147425396,0.5025380710659898,0.9873096446700508,bending1:22;bending2:19;cycling:48;lying:48;sitting:48;standing:12,0:50;1:89;2:58,"{""0"": ""cycling"", ""1"": ""lying"", ""2"": ""sitting""}",0.5733895262668768,0.9109366077707814,0.8412092464597661,1.4550835330620835
AReMActivities,2,auto_k3_min_0.20,DynVAR-Lasso Weighted Ridge,30.0,0.01,4.0,1.0,3,True,0.2,True,0.12610280628676862,0.5964569931233362,197,6,3,0.31920794147425396,0.5025380710659898,0.9873096446700508,bending1:22;bending2:19;cycling:48;lying:48;sitting:48;standing:12,0:50;1:89;2:58,"{""0"": ""cycling"", ""1"": ""lying"", ""2"": ""sitting""}",0.5721313053294081,0.9095767313102849,0.8396643635096582,1.454485772146349
AReMActivities,2,auto_k3_min_0.20,STCG-v1 Weighted Ridge,30.0,0.01,4.0,1.0,3,True,0.2,True,0.12610280628676862,0.5964569931233362,197,6,3,0.31920794147425396,0.5025380710659898,0.9873096446700508,bending1:22;bending2:19;cycling:48;lying:48;sitting:48;standing:12,0:50;1:89;2:58,"{""0"": ""cycling"", ""1"": ""lying"", ""2"": ""sitting""}",0.5715338167227011,0.9091921602305291,0.8388319048602638,1.454584391100761
AReMActivities,2,auto_k3_min_0.20,Dense Ridge,100.0,,,,3,True,0.2,True,0.12610280628676862,0.5964569931233362,197,6,3,0.31920794147425396,0.5025380710659898,0.9873096446700508,bending1:22;bending2:19;cycling:48;lying:48;sitting:48;standing:12,0:50;1:89;2:58,"{""0"": ""cycling"", ""1"": ""lying"", ""2"": ""sitting""}",0.5719614744699092,0.9091155224705617,0.8390023121022033,1.454216576596745
AReMActivities,2,auto_k3_min_0.20,DynVAR-Lasso Weighted Ridge,100.0,0.01,4.0,1.0,3,True,0.2,True,0.12610280628676862,0.5964569931233362,197,6,3,0.31920794147425396,0.5025380710659898,0.9873096446700508,bending1:22;bending2:19;cycling:48;lying:48;sitting:48;standing:12,0:50;1:89;2:58,"{""0"": ""cycling"", ""1"": ""lying"", ""2"": ""sitting""}",0.5690368213435207,0.9061913454538397,0.8355537994584897,1.453147177188716
AReMActivities,2,auto_k3_min_0.20,STCG-v1 Weighted Ridge,100.0,0.01,4.0,1.0,3,True,0.2,True,0.12610280628676862,0.5964569931233362,197,6,3,0.31920794147425396,0.5025380710659898,0.9873096446700508,bending1:22;bending2:19;cycling:48;lying:48;sitting:48;standing:12,0:50;1:89;2:58,"{""0"": ""cycling"", ""1"": ""lying"", ""2"": ""sitting""}",0.5679799490779178,0.9055156453480298,0.8340764804435357,1.4533202018941154
AReMActivities,2,forced_k3,Dense Ridge,30.0,,,,3,False,0.0,True,0.12610280628676862,0.5964569931233362,197,6,3,0.31920794147425396,0.5025380710659898,0.9873096446700508,bending1:22;bending2:19;cycling:48;lying:48;sitting:48;standing:12,0:50;1:89;2:58,"{""0"": ""cycling"", ""1"": ""lying"", ""2"": ""sitting""}",0.5733895262668768,0.9109366077707814,0.8412092464597661,1.4550835330620835
AReMActivities,2,forced_k3,DynVAR-Lasso Weighted Ridge,30.0,0.01,4.0,1.0,3,False,0.0,True,0.12610280628676862,0.5964569931233362,197,6,3,0.31920794147425396,0.5025380710659898,0.9873096446700508,bending1:22;bending2:19;cycling:48;lying:48;sitting:48;standing:12,0:50;1:89;2:58,"{""0"": ""cycling"", ""1"": ""lying"", ""2"": ""sitting""}",0.5721313053294081,0.9095767313102849,0.8396643635096582,1.454485772146349
AReMActivities,2,forced_k3,STCG-v1 Weighted Ridge,30.0,0.01,4.0,1.0,3,False,0.0,True,0.12610280628676862,0.5964569931233362,197,6,3,0.31920794147425396,0.5025380710659898,0.9873096446700508,bending1:22;bending2:19;cycling:48;lying:48;sitting:48;standing:12,0:50;1:89;2:58,"{""0"": ""cycling"", ""1"": ""lying"", ""2"": ""sitting""}",0.5715338167227011,0.9091921602305291,0.8388319048602638,1.454584391100761
AReMActivities,2,forced_k3,Dense Ridge,100.0,,,,3,False,0.0,True,0.12610280628676862,0.5964569931233362,197,6,3,0.31920794147425396,0.5025380710659898,0.9873096446700508,bending1:22;bending2:19;cycling:48;lying:48;sitting:48;standing:12,0:50;1:89;2:58,"{""0"": ""cycling"", ""1"": ""lying"", ""2"": ""sitting""}",0.5719614744699092,0.9091155224705617,0.8390023121022033,1.454216576596745
AReMActivities,2,forced_k3,DynVAR-Lasso Weighted Ridge,100.0,0.01,4.0,1.0,3,False,0.0,True,0.12610280628676862,0.5964569931233362,197,6,3,0.31920794147425396,0.5025380710659898,0.9873096446700508,bending1:22;bending2:19;cycling:48;lying:48;sitting:48;standing:12,0:50;1:89;2:58,"{""0"": ""cycling"", ""1"": ""lying"", ""2"": ""sitting""}",0.5690368213435207,0.9061913454538397,0.8355537994584897,1.453147177188716
AReMActivities,2,forced_k3,STCG-v1 Weighted Ridge,100.0,0.01,4.0,1.0,3,False,0.0,True,0.12610280628676862,0.5964569931233362,197,6,3,0.31920794147425396,0.5025380710659898,0.9873096446700508,bending1:22;bending2:19;cycling:48;lying:48;sitting:48;standing:12,0:50;1:89;2:58,"{""0"": ""cycling"", ""1"": ""lying"", ""2"": ""sitting""}",0.5679799490779178,0.9055156453480298,0.8340764804435357,1.4533202018941154
AReMActivities,2,auto_k4_min_0.00,Dense Ridge,30.0,,,,4,True,0.0,True,0.15094933856491405,0.5779615326211092,197,6,4,0.3171875033632456,0.49746192893401014,0.9873096446700508,bending1:22;bending2:19;cycling:48;lying:48;sitting:48;standing:12,0:50;1:4;2:83;3:60,"{""0"": ""cycling"", ""1"": ""bending2"", ""2"": ""lying"", ""3"": ""sitting""}",0.5733895262668768,0.9109366077707814,0.8412092464597661,1.4550835330620835
AReMActivities,2,auto_k4_min_0.00,DynVAR-Lasso Weighted Ridge,30.0,0.01,4.0,1.0,4,True,0.0,True,0.15094933856491405,0.5779615326211092,197,6,4,0.3171875033632456,0.49746192893401014,0.9873096446700508,bending1:22;bending2:19;cycling:48;lying:48;sitting:48;standing:12,0:50;1:4;2:83;3:60,"{""0"": ""cycling"", ""1"": ""bending2"", ""2"": ""lying"", ""3"": ""sitting""}",0.5721313053294081,0.9095767313102849,0.8396643635096582,1.454485772146349
AReMActivities,2,auto_k4_min_0.00,STCG-v1 Weighted Ridge,30.0,0.01,4.0,1.0,4,True,0.0,True,0.15094933856491405,0.5779615326211092,197,6,4,0.3171875033632456,0.49746192893401014,0.9873096446700508,bending1:22;bending2:19;cycling:48;lying:48;sitting:48;standing:12,0:50;1:4;2:83;3:60,"{""0"": ""cycling"", ""1"": ""bending2"", ""2"": ""lying"", ""3"": ""sitting""}",0.5700384247883764,0.9072421819785738,0.836760975869959,1.4533149388576512
AReMActivities,2,auto_k4_min_0.00,Dense Ridge,100.0,,,,4,True,0.0,True,0.15094933856491405,0.5779615326211092,197,6,4,0.3171875033632456,0.49746192893401014,0.9873096446700508,bending1:22;bending2:19;cycling:48;lying:48;sitting:48;standing:12,0:50;1:4;2:83;3:60,"{""0"": ""cycling"", ""1"": ""bending2"", ""2"": ""lying"", ""3"": ""sitting""}",0.5719614744699092,0.9091155224705617,0.8390023121022033,1.454216576596745
AReMActivities,2,auto_k4_min_0.00,DynVAR-Lasso Weighted Ridge,100.0,0.01,4.0,1.0,4,True,0.0,True,0.15094933856491405,0.5779615326211092,197,6,4,0.3171875033632456,0.49746192893401014,0.9873096446700508,bending1:22;bending2:19;cycling:48;lying:48;sitting:48;standing:12,0:50;1:4;2:83;3:60,"{""0"": ""cycling"", ""1"": ""bending2"", ""2"": ""lying"", ""3"": ""sitting""}",0.5690368213435207,0.9061913454538397,0.8355537994584897,1.453147177188716
AReMActivities,2,auto_k4_min_0.00,STCG-v1 Weighted Ridge,100.0,0.01,4.0,1.0,4,True,0.0,True,0.15094933856491405,0.5779615326211092,197,6,4,0.3171875033632456,0.49746192893401014,0.9873096446700508,bending1:22;bending2:19;cycling:48;lying:48;sitting:48;standing:12,0:50;1:4;2:83;3:60,"{""0"": ""cycling"", ""1"": ""bending2"", ""2"": ""lying"", ""3"": ""sitting""}",0.5643746391520417,0.9008678851539846,0.8290913361594079,1.4502423617618094
AReMActivities,2,auto_k4_min_0.02,Dense Ridge,30.0,,,,4,True,0.02,True,0.15094933856491405,0.5779615326211092,197,6,4,0.3171875033632456,0.49746192893401014,0.9873096446700508,bending1:22;bending2:19;cycling:48;lying:48;sitting:48;standing:12,0:50;1:4;2:83;3:60,"{""0"": ""cycling"", ""1"": ""bending2"", ""2"": ""lying"", ""3"": ""sitting""}",0.5733895262668768,0.9109366077707814,0.8412092464597661,1.4550835330620835
AReMActivities,2,auto_k4_min_0.02,DynVAR-Lasso Weighted Ridge,30.0,0.01,4.0,1.0,4,True,0.02,True,0.15094933856491405,0.5779615326211092,197,6,4,0.3171875033632456,0.49746192893401014,0.9873096446700508,bending1:22;bending2:19;cycling:48;lying:48;sitting:48;standing:12,0:50;1:4;2:83;3:60,"{""0"": ""cycling"", ""1"": ""bending2"", ""2"": ""lying"", ""3"": ""sitting""}",0.5721313053294081,0.9095767313102849,0.8396643635096582,1.454485772146349
AReMActivities,2,auto_k4_min_0.02,STCG-v1 Weighted Ridge,30.0,0.01,4.0,1.0,4,True,0.02,True,0.15094933856491405,0.5779615326211092,197,6,4,0.3171875033632456,0.49746192893401014,0.9873096446700508,bending1:22;bending2:19;cycling:48;lying:48;sitting:48;standing:12,0:50;1:4;2:83;3:60,"{""0"": ""cycling"", ""1"": ""bending2"", ""2"": ""lying"", ""3"": ""sitting""}",0.5700384247883764,0.9072421819785738,0.836760975869959,1.4533149388576512
AReMActivities,2,auto_k4_min_0.02,Dense Ridge,100.0,,,,4,True,0.02,True,0.15094933856491405,0.5779615326211092,197,6,4,0.3171875033632456,0.49746192893401014,0.9873096446700508,bending1:22;bending2:19;cycling:48;lying:48;sitting:48;standing:12,0:50;1:4;2:83;3:60,"{""0"": ""cycling"", ""1"": ""bending2"", ""2"": ""lying"", ""3"": ""sitting""}",0.5719614744699092,0.9091155224705617,0.8390023121022033,1.454216576596745
AReMActivities,2,auto_k4_min_0.02,DynVAR-Lasso Weighted Ridge,100.0,0.01,4.0,1.0,4,True,0.02,True,0.15094933856491405,0.5779615326211092,197,6,4,0.3171875033632456,0.49746192893401014,0.9873096446700508,bending1:22;bending2:19;cycling:48;lying:48;sitting:48;standing:12,0:50;1:4;2:83;3:60,"{""0"": ""cycling"", ""1"": ""bending2"", ""2"": ""lying"", ""3"": ""sitting""}",0.5690368213435207,0.9061913454538397,0.8355537994584897,1.453147177188716
AReMActivities,2,auto_k4_min_0.02,STCG-v1 Weighted Ridge,100.0,0.01,4.0,1.0,4,True,0.02,True,0.15094933856491405,0.5779615326211092,197,6,4,0.3171875033632456,0.49746192893401014,0.9873096446700508,bending1:22;bending2:19;cycling:48;lying:48;sitting:48;standing:12,0:50;1:4;2:83;3:60,"{""0"": ""cycling"", ""1"": ""bending2"", ""2"": ""lying"", ""3"": ""sitting""}",0.5643746391520417,0.9008678851539846,0.8290913361594079,1.4502423617618094
AReMActivities,2,auto_k4_min_0.04,Dense Ridge,30.0,,,,4,True,0.04,True,0.15094933856491405,0.5779615326211092,197,6,4,0.3171875033632456,0.49746192893401014,0.9873096446700508,bending1:22;bending2:19;cycling:48;lying:48;sitting:48;standing:12,0:50;1:4;2:83;3:60,"{""0"": ""cycling"", ""1"": ""bending2"", ""2"": ""lying"", ""3"": ""sitting""}",0.5733895262668768,0.9109366077707814,0.8412092464597661,1.4550835330620835
AReMActivities,2,auto_k4_min_0.04,DynVAR-Lasso Weighted Ridge,30.0,0.01,4.0,1.0,4,True,0.04,True,0.15094933856491405,0.5779615326211092,197,6,4,0.3171875033632456,0.49746192893401014,0.9873096446700508,bending1:22;bending2:19;cycling:48;lying:48;sitting:48;standing:12,0:50;1:4;2:83;3:60,"{""0"": ""cycling"", ""1"": ""bending2"", ""2"": ""lying"", ""3"": ""sitting""}",0.5721313053294081,0.9095767313102849,0.8396643635096582,1.454485772146349
AReMActivities,2,auto_k4_min_0.04,STCG-v1 Weighted Ridge,30.0,0.01,4.0,1.0,4,True,0.04,True,0.15094933856491405,0.5779615326211092,197,6,4,0.3171875033632456,0.49746192893401014,0.9873096446700508,bending1:22;bending2:19;cycling:48;lying:48;sitting:48;standing:12,0:50;1:4;2:83;3:60,"{""0"": ""cycling"", ""1"": ""bending2"", ""2"": ""lying"", ""3"": ""sitting""}",0.5700384247883764,0.9072421819785738,0.836760975869959,1.4533149388576512
AReMActivities,2,auto_k4_min_0.04,Dense Ridge,100.0,,,,4,True,0.04,True,0.15094933856491405,0.5779615326211092,197,6,4,0.3171875033632456,0.49746192893401014,0.9873096446700508,bending1:22;bending2:19;cycling:48;lying:48;sitting:48;standing:12,0:50;1:4;2:83;3:60,"{""0"": ""cycling"", ""1"": ""bending2"", ""2"": ""lying"", ""3"": ""sitting""}",0.5719614744699092,0.9091155224705617,0.8390023121022033,1.454216576596745
AReMActivities,2,auto_k4_min_0.04,DynVAR-Lasso Weighted Ridge,100.0,0.01,4.0,1.0,4,True,0.04,True,0.15094933856491405,0.5779615326211092,197,6,4,0.3171875033632456,0.49746192893401014,0.9873096446700508,bending1:22;bending2:19;cycling:48;lying:48;sitting:48;standing:12,0:50;1:4;2:83;3:60,"{""0"": ""cycling"", ""1"": ""bending2"", ""2"": ""lying"", ""3"": ""sitting""}",0.5690368213435207,0.9061913454538397,0.8355537994584897,1.453147177188716
AReMActivities,2,auto_k4_min_0.04,STCG-v1 Weighted Ridge,100.0,0.01,4.0,1.0,4,True,0.04,True,0.15094933856491405,0.5779615326211092,197,6,4,0.3171875033632456,0.49746192893401014,0.9873096446700508,bending1:22;bending2:19;cycling:48;lying:48;sitting:48;standing:12,0:50;1:4;2:83;3:60,"{""0"": ""cycling"", ""1"": ""bending2"", ""2"": ""lying"", ""3"": ""sitting""}",0.5643746391520417,0.9008678851539846,0.8290913361594079,1.4502423617618094
AReMActivities,2,auto_k4_min_0.06,Dense Ridge,30.0,,,,4,True,0.06,True,0.15094933856491405,0.5779615326211092,197,6,4,0.3171875033632456,0.49746192893401014,0.9873096446700508,bending1:22;bending2:19;cycling:48;lying:48;sitting:48;standing:12,0:50;1:4;2:83;3:60,"{""0"": ""cycling"", ""1"": ""bending2"", ""2"": ""lying"", ""3"": ""sitting""}",0.5733895262668768,0.9109366077707814,0.8412092464597661,1.4550835330620835
AReMActivities,2,auto_k4_min_0.06,DynVAR-Lasso Weighted Ridge,30.0,0.01,4.0,1.0,4,True,0.06,True,0.15094933856491405,0.5779615326211092,197,6,4,0.3171875033632456,0.49746192893401014,0.9873096446700508,bending1:22;bending2:19;cycling:48;lying:48;sitting:48;standing:12,0:50;1:4;2:83;3:60,"{""0"": ""cycling"", ""1"": ""bending2"", ""2"": ""lying"", ""3"": ""sitting""}",0.5721313053294081,0.9095767313102849,0.8396643635096582,1.454485772146349
AReMActivities,2,auto_k4_min_0.06,STCG-v1 Weighted Ridge,30.0,0.01,4.0,1.0,4,True,0.06,True,0.15094933856491405,0.5779615326211092,197,6,4,0.3171875033632456,0.49746192893401014,0.9873096446700508,bending1:22;bending2:19;cycling:48;lying:48;sitting:48;standing:12,0:50;1:4;2:83;3:60,"{""0"": ""cycling"", ""1"": ""bending2"", ""2"": ""lying"", ""3"": ""sitting""}",0.5700384247883764,0.9072421819785738,0.836760975869959,1.4533149388576512
AReMActivities,2,auto_k4_min_0.06,Dense Ridge,100.0,,,,4,True,0.06,True,0.15094933856491405,0.5779615326211092,197,6,4,0.3171875033632456,0.49746192893401014,0.9873096446700508,bending1:22;bending2:19;cycling:48;lying:48;sitting:48;standing:12,0:50;1:4;2:83;3:60,"{""0"": ""cycling"", ""1"": ""bending2"", ""2"": ""lying"", ""3"": ""sitting""}",0.5719614744699092,0.9091155224705617,0.8390023121022033,1.454216576596745
AReMActivities,2,auto_k4_min_0.06,DynVAR-Lasso Weighted Ridge,100.0,0.01,4.0,1.0,4,True,0.06,True,0.15094933856491405,0.5779615326211092,197,6,4,0.3171875033632456,0.49746192893401014,0.9873096446700508,bending1:22;bending2:19;cycling:48;lying:48;sitting:48;standing:12,0:50;1:4;2:83;3:60,"{""0"": ""cycling"", ""1"": ""bending2"", ""2"": ""lying"", ""3"": ""sitting""}",0.5690368213435207,0.9061913454538397,0.8355537994584897,1.453147177188716
AReMActivities,2,auto_k4_min_0.06,STCG-v1 Weighted Ridge,100.0,0.01,4.0,1.0,4,True,0.06,True,0.15094933856491405,0.5779615326211092,197,6,4,0.3171875033632456,0.49746192893401014,0.9873096446700508,bending1:22;bending2:19;cycling:48;lying:48;sitting:48;standing:12,0:50;1:4;2:83;3:60,"{""0"": ""cycling"", ""1"": ""bending2"", ""2"": ""lying"", ""3"": ""sitting""}",0.5643746391520417,0.9008678851539846,0.8290913361594079,1.4502423617618094
AReMActivities,2,auto_k4_min_0.08,Dense Ridge,30.0,,,,4,True,0.08,True,0.15094933856491405,0.5779615326211092,197,6,4,0.3171875033632456,0.49746192893401014,0.9873096446700508,bending1:22;bending2:19;cycling:48;lying:48;sitting:48;standing:12,0:50;1:4;2:83;3:60,"{""0"": ""cycling"", ""1"": ""bending2"", ""2"": ""lying"", ""3"": ""sitting""}",0.5733895262668768,0.9109366077707814,0.8412092464597661,1.4550835330620835
AReMActivities,2,auto_k4_min_0.08,DynVAR-Lasso Weighted Ridge,30.0,0.01,4.0,1.0,4,True,0.08,True,0.15094933856491405,0.5779615326211092,197,6,4,0.3171875033632456,0.49746192893401014,0.9873096446700508,bending1:22;bending2:19;cycling:48;lying:48;sitting:48;standing:12,0:50;1:4;2:83;3:60,"{""0"": ""cycling"", ""1"": ""bending2"", ""2"": ""lying"", ""3"": ""sitting""}",0.5721313053294081,0.9095767313102849,0.8396643635096582,1.454485772146349
AReMActivities,2,auto_k4_min_0.08,STCG-v1 Weighted Ridge,30.0,0.01,4.0,1.0,4,True,0.08,True,0.15094933856491405,0.5779615326211092,197,6,4,0.3171875033632456,0.49746192893401014,0.9873096446700508,bending1:22;bending2:19;cycling:48;lying:48;sitting:48;standing:12,0:50;1:4;2:83;3:60,"{""0"": ""cycling"", ""1"": ""bending2"", ""2"": ""lying"", ""3"": ""sitting""}",0.5700384247883764,0.9072421819785738,0.836760975869959,1.4533149388576512
AReMActivities,2,auto_k4_min_0.08,Dense Ridge,100.0,,,,4,True,0.08,True,0.15094933856491405,0.5779615326211092,197,6,4,0.3171875033632456,0.49746192893401014,0.9873096446700508,bending1:22;bending2:19;cycling:48;lying:48;sitting:48;standing:12,0:50;1:4;2:83;3:60,"{""0"": ""cycling"", ""1"": ""bending2"", ""2"": ""lying"", ""3"": ""sitting""}",0.5719614744699092,0.9091155224705617,0.8390023121022033,1.454216576596745
AReMActivities,2,auto_k4_min_0.08,DynVAR-Lasso Weighted Ridge,100.0,0.01,4.0,1.0,4,True,0.08,True,0.15094933856491405,0.5779615326211092,197,6,4,0.3171875033632456,0.49746192893401014,0.9873096446700508,bending1:22;bending2:19;cycling:48;lying:48;sitting:48;standing:12,0:50;1:4;2:83;3:60,"{""0"": ""cycling"", ""1"": ""bending2"", ""2"": ""lying"", ""3"": ""sitting""}",0.5690368213435207,0.9061913454538397,0.8355537994584897,1.453147177188716
AReMActivities,2,auto_k4_min_0.08,STCG-v1 Weighted Ridge,100.0,0.01,4.0,1.0,4,True,0.08,True,0.15094933856491405,0.5779615326211092,197,6,4,0.3171875033632456,0.49746192893401014,0.9873096446700508,bending1:22;bending2:19;cycling:48;lying:48;sitting:48;standing:12,0:50;1:4;2:83;3:60,"{""0"": ""cycling"", ""1"": ""bending2"", ""2"": ""lying"", ""3"": ""sitting""}",0.5643746391520417,0.9008678851539846,0.8290913361594079,1.4502423617618094
AReMActivities,2,auto_k4_min_0.10,Dense Ridge,30.0,,,,4,True,0.1,True,0.15094933856491405,0.5779615326211092,197,6,4,0.3171875033632456,0.49746192893401014,0.9873096446700508,bending1:22;bending2:19;cycling:48;lying:48;sitting:48;standing:12,0:50;1:4;2:83;3:60,"{""0"": ""cycling"", ""1"": ""bending2"", ""2"": ""lying"", ""3"": ""sitting""}",0.5733895262668768,0.9109366077707814,0.8412092464597661,1.4550835330620835
AReMActivities,2,auto_k4_min_0.10,DynVAR-Lasso Weighted Ridge,30.0,0.01,4.0,1.0,4,True,0.1,True,0.15094933856491405,0.5779615326211092,197,6,4,0.3171875033632456,0.49746192893401014,0.9873096446700508,bending1:22;bending2:19;cycling:48;lying:48;sitting:48;standing:12,0:50;1:4;2:83;3:60,"{""0"": ""cycling"", ""1"": ""bending2"", ""2"": ""lying"", ""3"": ""sitting""}",0.5721313053294081,0.9095767313102849,0.8396643635096582,1.454485772146349
AReMActivities,2,auto_k4_min_0.10,STCG-v1 Weighted Ridge,30.0,0.01,4.0,1.0,4,True,0.1,True,0.15094933856491405,0.5779615326211092,197,6,4,0.3171875033632456,0.49746192893401014,0.9873096446700508,bending1:22;bending2:19;cycling:48;lying:48;sitting:48;standing:12,0:50;1:4;2:83;3:60,"{""0"": ""cycling"", ""1"": ""bending2"", ""2"": ""lying"", ""3"": ""sitting""}",0.5700384247883764,0.9072421819785738,0.836760975869959,1.4533149388576512
AReMActivities,2,auto_k4_min_0.10,Dense Ridge,100.0,,,,4,True,0.1,True,0.15094933856491405,0.5779615326211092,197,6,4,0.3171875033632456,0.49746192893401014,0.9873096446700508,bending1:22;bending2:19;cycling:48;lying:48;sitting:48;standing:12,0:50;1:4;2:83;3:60,"{""0"": ""cycling"", ""1"": ""bending2"", ""2"": ""lying"", ""3"": ""sitting""}",0.5719614744699092,0.9091155224705617,0.8390023121022033,1.454216576596745
AReMActivities,2,auto_k4_min_0.10,DynVAR-Lasso Weighted Ridge,100.0,0.01,4.0,1.0,4,True,0.1,True,0.15094933856491405,0.5779615326211092,197,6,4,0.3171875033632456,0.49746192893401014,0.9873096446700508,bending1:22;bending2:19;cycling:48;lying:48;sitting:48;standing:12,0:50;1:4;2:83;3:60,"{""0"": ""cycling"", ""1"": ""bending2"", ""2"": ""lying"", ""3"": ""sitting""}",0.5690368213435207,0.9061913454538397,0.8355537994584897,1.453147177188716
AReMActivities,2,auto_k4_min_0.10,STCG-v1 Weighted Ridge,100.0,0.01,4.0,1.0,4,True,0.1,True,0.15094933856491405,0.5779615326211092,197,6,4,0.3171875033632456,0.49746192893401014,0.9873096446700508,bending1:22;bending2:19;cycling:48;lying:48;sitting:48;standing:12,0:50;1:4;2:83;3:60,"{""0"": ""cycling"", ""1"": ""bending2"", ""2"": ""lying"", ""3"": ""sitting""}",0.5643746391520417,0.9008678851539846,0.8290913361594079,1.4502423617618094
AReMActivities,2,auto_k4_min_0.12,Dense Ridge,30.0,,,,4,True,0.12,True,0.15094933856491405,0.5779615326211092,197,6,4,0.3171875033632456,0.49746192893401014,0.9873096446700508,bending1:22;bending2:19;cycling:48;lying:48;sitting:48;standing:12,0:50;1:4;2:83;3:60,"{""0"": ""cycling"", ""1"": ""bending2"", ""2"": ""lying"", ""3"": ""sitting""}",0.5733895262668768,0.9109366077707814,0.8412092464597661,1.4550835330620835
AReMActivities,2,auto_k4_min_0.12,DynVAR-Lasso Weighted Ridge,30.0,0.01,4.0,1.0,4,True,0.12,True,0.15094933856491405,0.5779615326211092,197,6,4,0.3171875033632456,0.49746192893401014,0.9873096446700508,bending1:22;bending2:19;cycling:48;lying:48;sitting:48;standing:12,0:50;1:4;2:83;3:60,"{""0"": ""cycling"", ""1"": ""bending2"", ""2"": ""lying"", ""3"": ""sitting""}",0.5721313053294081,0.9095767313102849,0.8396643635096582,1.454485772146349
AReMActivities,2,auto_k4_min_0.12,STCG-v1 Weighted Ridge,30.0,0.01,4.0,1.0,4,True,0.12,True,0.15094933856491405,0.5779615326211092,197,6,4,0.3171875033632456,0.49746192893401014,0.9873096446700508,bending1:22;bending2:19;cycling:48;lying:48;sitting:48;standing:12,0:50;1:4;2:83;3:60,"{""0"": ""cycling"", ""1"": ""bending2"", ""2"": ""lying"", ""3"": ""sitting""}",0.5700384247883764,0.9072421819785738,0.836760975869959,1.4533149388576512
AReMActivities,2,auto_k4_min_0.12,Dense Ridge,100.0,,,,4,True,0.12,True,0.15094933856491405,0.5779615326211092,197,6,4,0.3171875033632456,0.49746192893401014,0.9873096446700508,bending1:22;bending2:19;cycling:48;lying:48;sitting:48;standing:12,0:50;1:4;2:83;3:60,"{""0"": ""cycling"", ""1"": ""bending2"", ""2"": ""lying"", ""3"": ""sitting""}",0.5719614744699092,0.9091155224705617,0.8390023121022033,1.454216576596745
AReMActivities,2,auto_k4_min_0.12,DynVAR-Lasso Weighted Ridge,100.0,0.01,4.0,1.0,4,True,0.12,True,0.15094933856491405,0.5779615326211092,197,6,4,0.3171875033632456,0.49746192893401014,0.9873096446700508,bending1:22;bending2:19;cycling:48;lying:48;sitting:48;standing:12,0:50;1:4;2:83;3:60,"{""0"": ""cycling"", ""1"": ""bending2"", ""2"": ""lying"", ""3"": ""sitting""}",0.5690368213435207,0.9061913454538397,0.8355537994584897,1.453147177188716
AReMActivities,2,auto_k4_min_0.12,STCG-v1 Weighted Ridge,100.0,0.01,4.0,1.0,4,True,0.12,True,0.15094933856491405,0.5779615326211092,197,6,4,0.3171875033632456,0.49746192893401014,0.9873096446700508,bending1:22;bending2:19;cycling:48;lying:48;sitting:48;standing:12,0:50;1:4;2:83;3:60,"{""0"": ""cycling"", ""1"": ""bending2"", ""2"": ""lying"", ""3"": ""sitting""}",0.5643746391520417,0.9008678851539846,0.8290913361594079,1.4502423617618094
AReMActivities,2,auto_k4_min_0.16,Dense Ridge,30.0,,,,4,True,0.16,False,0.15094933856491405,0.5779615326211092,197,6,1,0.0,0.2436548223350254,0.9873096446700508,bending1:22;bending2:19;cycling:48;lying:48;sitting:48;standing:12,0:197,"{""0"": ""cycling""}",0.5733895262668768,0.9109366077707814,0.8412092464597661,1.4550835330620835
AReMActivities,2,auto_k4_min_0.16,DynVAR-Lasso Weighted Ridge,30.0,0.01,4.0,1.0,4,True,0.16,False,0.15094933856491405,0.5779615326211092,197,6,1,0.0,0.2436548223350254,0.9873096446700508,bending1:22;bending2:19;cycling:48;lying:48;sitting:48;standing:12,0:197,"{""0"": ""cycling""}",0.5721313053294081,0.9095767313102849,0.8396643635096582,1.454485772146349
AReMActivities,2,auto_k4_min_0.16,STCG-v1 Weighted Ridge,30.0,0.01,4.0,1.0,4,True,0.16,False,0.15094933856491405,0.5779615326211092,197,6,1,0.0,0.2436548223350254,0.9873096446700508,bending1:22;bending2:19;cycling:48;lying:48;sitting:48;standing:12,0:197,"{""0"": ""cycling""}",0.5721313053294081,0.9095767313102849,0.8396643635096582,1.454485772146349
AReMActivities,2,auto_k4_min_0.16,Dense Ridge,100.0,,,,4,True,0.16,False,0.15094933856491405,0.5779615326211092,197,6,1,0.0,0.2436548223350254,0.9873096446700508,bending1:22;bending2:19;cycling:48;lying:48;sitting:48;standing:12,0:197,"{""0"": ""cycling""}",0.5719614744699092,0.9091155224705617,0.8390023121022033,1.454216576596745
AReMActivities,2,auto_k4_min_0.16,DynVAR-Lasso Weighted Ridge,100.0,0.01,4.0,1.0,4,True,0.16,False,0.15094933856491405,0.5779615326211092,197,6,1,0.0,0.2436548223350254,0.9873096446700508,bending1:22;bending2:19;cycling:48;lying:48;sitting:48;standing:12,0:197,"{""0"": ""cycling""}",0.5690368213435207,0.9061913454538397,0.8355537994584897,1.453147177188716
AReMActivities,2,auto_k4_min_0.16,STCG-v1 Weighted Ridge,100.0,0.01,4.0,1.0,4,True,0.16,False,0.15094933856491405,0.5779615326211092,197,6,1,0.0,0.2436548223350254,0.9873096446700508,bending1:22;bending2:19;cycling:48;lying:48;sitting:48;standing:12,0:197,"{""0"": ""cycling""}",0.5690368213435207,0.9061913454538397,0.8355537994584897,1.453147177188716
AReMActivities,2,auto_k4_min_0.20,Dense Ridge,30.0,,,,4,True,0.2,False,0.15094933856491405,0.5779615326211092,197,6,1,0.0,0.2436548223350254,0.9873096446700508,bending1:22;bending2:19;cycling:48;lying:48;sitting:48;standing:12,0:197,"{""0"": ""cycling""}",0.5733895262668768,0.9109366077707814,0.8412092464597661,1.4550835330620835
AReMActivities,2,auto_k4_min_0.20,DynVAR-Lasso Weighted Ridge,30.0,0.01,4.0,1.0,4,True,0.2,False,0.15094933856491405,0.5779615326211092,197,6,1,0.0,0.2436548223350254,0.9873096446700508,bending1:22;bending2:19;cycling:48;lying:48;sitting:48;standing:12,0:197,"{""0"": ""cycling""}",0.5721313053294081,0.9095767313102849,0.8396643635096582,1.454485772146349
AReMActivities,2,auto_k4_min_0.20,STCG-v1 Weighted Ridge,30.0,0.01,4.0,1.0,4,True,0.2,False,0.15094933856491405,0.5779615326211092,197,6,1,0.0,0.2436548223350254,0.9873096446700508,bending1:22;bending2:19;cycling:48;lying:48;sitting:48;standing:12,0:197,"{""0"": ""cycling""}",0.5721313053294081,0.9095767313102849,0.8396643635096582,1.454485772146349
AReMActivities,2,auto_k4_min_0.20,Dense Ridge,100.0,,,,4,True,0.2,False,0.15094933856491405,0.5779615326211092,197,6,1,0.0,0.2436548223350254,0.9873096446700508,bending1:22;bending2:19;cycling:48;lying:48;sitting:48;standing:12,0:197,"{""0"": ""cycling""}",0.5719614744699092,0.9091155224705617,0.8390023121022033,1.454216576596745
AReMActivities,2,auto_k4_min_0.20,DynVAR-Lasso Weighted Ridge,100.0,0.01,4.0,1.0,4,True,0.2,False,0.15094933856491405,0.5779615326211092,197,6,1,0.0,0.2436548223350254,0.9873096446700508,bending1:22;bending2:19;cycling:48;lying:48;sitting:48;standing:12,0:197,"{""0"": ""cycling""}",0.5690368213435207,0.9061913454538397,0.8355537994584897,1.453147177188716
AReMActivities,2,auto_k4_min_0.20,STCG-v1 Weighted Ridge,100.0,0.01,4.0,1.0,4,True,0.2,False,0.15094933856491405,0.5779615326211092,197,6,1,0.0,0.2436548223350254,0.9873096446700508,bending1:22;bending2:19;cycling:48;lying:48;sitting:48;standing:12,0:197,"{""0"": ""cycling""}",0.5690368213435207,0.9061913454538397,0.8355537994584897,1.453147177188716
AReMActivities,2,forced_k4,Dense Ridge,30.0,,,,4,False,0.0,True,0.15094933856491405,0.5779615326211092,197,6,4,0.3171875033632456,0.49746192893401014,0.9873096446700508,bending1:22;bending2:19;cycling:48;lying:48;sitting:48;standing:12,0:50;1:4;2:83;3:60,"{""0"": ""cycling"", ""1"": ""bending2"", ""2"": ""lying"", ""3"": ""sitting""}",0.5733895262668768,0.9109366077707814,0.8412092464597661,1.4550835330620835
AReMActivities,2,forced_k4,DynVAR-Lasso Weighted Ridge,30.0,0.01,4.0,1.0,4,False,0.0,True,0.15094933856491405,0.5779615326211092,197,6,4,0.3171875033632456,0.49746192893401014,0.9873096446700508,bending1:22;bending2:19;cycling:48;lying:48;sitting:48;standing:12,0:50;1:4;2:83;3:60,"{""0"": ""cycling"", ""1"": ""bending2"", ""2"": ""lying"", ""3"": ""sitting""}",0.5721313053294081,0.9095767313102849,0.8396643635096582,1.454485772146349
AReMActivities,2,forced_k4,STCG-v1 Weighted Ridge,30.0,0.01,4.0,1.0,4,False,0.0,True,0.15094933856491405,0.5779615326211092,197,6,4,0.3171875033632456,0.49746192893401014,0.9873096446700508,bending1:22;bending2:19;cycling:48;lying:48;sitting:48;standing:12,0:50;1:4;2:83;3:60,"{""0"": ""cycling"", ""1"": ""bending2"", ""2"": ""lying"", ""3"": ""sitting""}",0.5700384247883764,0.9072421819785738,0.836760975869959,1.4533149388576512
AReMActivities,2,forced_k4,Dense Ridge,100.0,,,,4,False,0.0,True,0.15094933856491405,0.5779615326211092,197,6,4,0.3171875033632456,0.49746192893401014,0.9873096446700508,bending1:22;bending2:19;cycling:48;lying:48;sitting:48;standing:12,0:50;1:4;2:83;3:60,"{""0"": ""cycling"", ""1"": ""bending2"", ""2"": ""lying"", ""3"": ""sitting""}",0.5719614744699092,0.9091155224705617,0.8390023121022033,1.454216576596745
AReMActivities,2,forced_k4,DynVAR-Lasso Weighted Ridge,100.0,0.01,4.0,1.0,4,False,0.0,True,0.15094933856491405,0.5779615326211092,197,6,4,0.3171875033632456,0.49746192893401014,0.9873096446700508,bending1:22;bending2:19;cycling:48;lying:48;sitting:48;standing:12,0:50;1:4;2:83;3:60,"{""0"": ""cycling"", ""1"": ""bending2"", ""2"": ""lying"", ""3"": ""sitting""}",0.5690368213435207,0.9061913454538397,0.8355537994584897,1.453147177188716
AReMActivities,2,forced_k4,STCG-v1 Weighted Ridge,100.0,0.01,4.0,1.0,4,False,0.0,True,0.15094933856491405,0.5779615326211092,197,6,4,0.3171875033632456,0.49746192893401014,0.9873096446700508,bending1:22;bending2:19;cycling:48;lying:48;sitting:48;standing:12,0:50;1:4;2:83;3:60,"{""0"": ""cycling"", ""1"": ""bending2"", ""2"": ""lying"", ""3"": ""sitting""}",0.5643746391520417,0.9008678851539846,0.8290913361594079,1.4502423617618094
AReMActivities,3,auto_k2_min_0.00,Dense Ridge,30.0,,,,2,True,0.0,True,0.09828218549989783,0.9202235688796065,197,6,2,0.2505899802096966,0.4873096446700508,0.9873096446700508,bending1:22;bending2:19;cycling:48;lying:48;sitting:48;standing:12,0:51;1:146,"{""0"": ""cycling"", ""1"": ""sitting""}",0.5733895262668768,0.9109366077707814,0.8412092464597661,1.4550835330620835
AReMActivities,3,auto_k2_min_0.00,DynVAR-Lasso Weighted Ridge,30.0,0.01,4.0,1.0,2,True,0.0,True,0.09828218549989783,0.9202235688796065,197,6,2,0.2505899802096966,0.4873096446700508,0.9873096446700508,bending1:22;bending2:19;cycling:48;lying:48;sitting:48;standing:12,0:51;1:146,"{""0"": ""cycling"", ""1"": ""sitting""}",0.5721313053294081,0.9095767313102849,0.8396643635096582,1.454485772146349
AReMActivities,3,auto_k2_min_0.00,STCG-v1 Weighted Ridge,30.0,0.01,4.0,1.0,2,True,0.0,True,0.09828218549989783,0.9202235688796065,197,6,2,0.2505899802096966,0.4873096446700508,0.9873096446700508,bending1:22;bending2:19;cycling:48;lying:48;sitting:48;standing:12,0:51;1:146,"{""0"": ""cycling"", ""1"": ""sitting""}",0.5715653378745336,0.9091719198302292,0.8388110245169411,1.4547197319907905
AReMActivities,3,auto_k2_min_0.00,Dense Ridge,100.0,,,,2,True,0.0,True,0.09828218549989783,0.9202235688796065,197,6,2,0.2505899802096966,0.4873096446700508,0.9873096446700508,bending1:22;bending2:19;cycling:48;lying:48;sitting:48;standing:12,0:51;1:146,"{""0"": ""cycling"", ""1"": ""sitting""}",0.5719614744699092,0.9091155224705617,0.8390023121022033,1.454216576596745
AReMActivities,3,auto_k2_min_0.00,DynVAR-Lasso Weighted Ridge,100.0,0.01,4.0,1.0,2,True,0.0,True,0.09828218549989783,0.9202235688796065,197,6,2,0.2505899802096966,0.4873096446700508,0.9873096446700508,bending1:22;bending2:19;cycling:48;lying:48;sitting:48;standing:12,0:51;1:146,"{""0"": ""cycling"", ""1"": ""sitting""}",0.5690368213435207,0.9061913454538397,0.8355537994584897,1.453147177188716
AReMActivities,3,auto_k2_min_0.00,STCG-v1 Weighted Ridge,100.0,0.01,4.0,1.0,2,True,0.0,True,0.09828218549989783,0.9202235688796065,197,6,2,0.2505899802096966,0.4873096446700508,0.9873096446700508,bending1:22;bending2:19;cycling:48;lying:48;sitting:48;standing:12,0:51;1:146,"{""0"": ""cycling"", ""1"": ""sitting""}",0.568235906370142,0.9057593243797266,0.8342702349030438,1.4539258250619385
AReMActivities,3,auto_k2_min_0.02,Dense Ridge,30.0,,,,2,True,0.02,True,0.09828218549989783,0.9202235688796065,197,6,2,0.2505899802096966,0.4873096446700508,0.9873096446700508,bending1:22;bending2:19;cycling:48;lying:48;sitting:48;standing:12,0:51;1:146,"{""0"": ""cycling"", ""1"": ""sitting""}",0.5733895262668768,0.9109366077707814,0.8412092464597661,1.4550835330620835
AReMActivities,3,auto_k2_min_0.02,DynVAR-Lasso Weighted Ridge,30.0,0.01,4.0,1.0,2,True,0.02,True,0.09828218549989783,0.9202235688796065,197,6,2,0.2505899802096966,0.4873096446700508,0.9873096446700508,bending1:22;bending2:19;cycling:48;lying:48;sitting:48;standing:12,0:51;1:146,"{""0"": ""cycling"", ""1"": ""sitting""}",0.5721313053294081,0.9095767313102849,0.8396643635096582,1.454485772146349
AReMActivities,3,auto_k2_min_0.02,STCG-v1 Weighted Ridge,30.0,0.01,4.0,1.0,2,True,0.02,True,0.09828218549989783,0.9202235688796065,197,6,2,0.2505899802096966,0.4873096446700508,0.9873096446700508,bending1:22;bending2:19;cycling:48;lying:48;sitting:48;standing:12,0:51;1:146,"{""0"": ""cycling"", ""1"": ""sitting""}",0.5715653378745336,0.9091719198302292,0.8388110245169411,1.4547197319907905
AReMActivities,3,auto_k2_min_0.02,Dense Ridge,100.0,,,,2,True,0.02,True,0.09828218549989783,0.9202235688796065,197,6,2,0.2505899802096966,0.4873096446700508,0.9873096446700508,bending1:22;bending2:19;cycling:48;lying:48;sitting:48;standing:12,0:51;1:146,"{""0"": ""cycling"", ""1"": ""sitting""}",0.5719614744699092,0.9091155224705617,0.8390023121022033,1.454216576596745
AReMActivities,3,auto_k2_min_0.02,DynVAR-Lasso Weighted Ridge,100.0,0.01,4.0,1.0,2,True,0.02,True,0.09828218549989783,0.9202235688796065,197,6,2,0.2505899802096966,0.4873096446700508,0.9873096446700508,bending1:22;bending2:19;cycling:48;lying:48;sitting:48;standing:12,0:51;1:146,"{""0"": ""cycling"", ""1"": ""sitting""}",0.5690368213435207,0.9061913454538397,0.8355537994584897,1.453147177188716
AReMActivities,3,auto_k2_min_0.02,STCG-v1 Weighted Ridge,100.0,0.01,4.0,1.0,2,True,0.02,True,0.09828218549989783,0.9202235688796065,197,6,2,0.2505899802096966,0.4873096446700508,0.9873096446700508,bending1:22;bending2:19;cycling:48;lying:48;sitting:48;standing:12,0:51;1:146,"{""0"": ""cycling"", ""1"": ""sitting""}",0.568235906370142,0.9057593243797266,0.8342702349030438,1.4539258250619385
AReMActivities,3,auto_k2_min_0.04,Dense Ridge,30.0,,,,2,True,0.04,True,0.09828218549989783,0.9202235688796065,197,6,2,0.2505899802096966,0.4873096446700508,0.9873096446700508,bending1:22;bending2:19;cycling:48;lying:48;sitting:48;standing:12,0:51;1:146,"{""0"": ""cycling"", ""1"": ""sitting""}",0.5733895262668768,0.9109366077707814,0.8412092464597661,1.4550835330620835
AReMActivities,3,auto_k2_min_0.04,DynVAR-Lasso Weighted Ridge,30.0,0.01,4.0,1.0,2,True,0.04,True,0.09828218549989783,0.9202235688796065,197,6,2,0.2505899802096966,0.4873096446700508,0.9873096446700508,bending1:22;bending2:19;cycling:48;lying:48;sitting:48;standing:12,0:51;1:146,"{""0"": ""cycling"", ""1"": ""sitting""}",0.5721313053294081,0.9095767313102849,0.8396643635096582,1.454485772146349
AReMActivities,3,auto_k2_min_0.04,STCG-v1 Weighted Ridge,30.0,0.01,4.0,1.0,2,True,0.04,True,0.09828218549989783,0.9202235688796065,197,6,2,0.2505899802096966,0.4873096446700508,0.9873096446700508,bending1:22;bending2:19;cycling:48;lying:48;sitting:48;standing:12,0:51;1:146,"{""0"": ""cycling"", ""1"": ""sitting""}",0.5715653378745336,0.9091719198302292,0.8388110245169411,1.4547197319907905
AReMActivities,3,auto_k2_min_0.04,Dense Ridge,100.0,,,,2,True,0.04,True,0.09828218549989783,0.9202235688796065,197,6,2,0.2505899802096966,0.4873096446700508,0.9873096446700508,bending1:22;bending2:19;cycling:48;lying:48;sitting:48;standing:12,0:51;1:146,"{""0"": ""cycling"", ""1"": ""sitting""}",0.5719614744699092,0.9091155224705617,0.8390023121022033,1.454216576596745
AReMActivities,3,auto_k2_min_0.04,DynVAR-Lasso Weighted Ridge,100.0,0.01,4.0,1.0,2,True,0.04,True,0.09828218549989783,0.9202235688796065,197,6,2,0.2505899802096966,0.4873096446700508,0.9873096446700508,bending1:22;bending2:19;cycling:48;lying:48;sitting:48;standing:12,0:51;1:146,"{""0"": ""cycling"", ""1"": ""sitting""}",0.5690368213435207,0.9061913454538397,0.8355537994584897,1.453147177188716
AReMActivities,3,auto_k2_min_0.04,STCG-v1 Weighted Ridge,100.0,0.01,4.0,1.0,2,True,0.04,True,0.09828218549989783,0.9202235688796065,197,6,2,0.2505899802096966,0.4873096446700508,0.9873096446700508,bending1:22;bending2:19;cycling:48;lying:48;sitting:48;standing:12,0:51;1:146,"{""0"": ""cycling"", ""1"": ""sitting""}",0.568235906370142,0.9057593243797266,0.8342702349030438,1.4539258250619385
AReMActivities,3,auto_k2_min_0.06,Dense Ridge,30.0,,,,2,True,0.06,True,0.09828218549989783,0.9202235688796065,197,6,2,0.2505899802096966,0.4873096446700508,0.9873096446700508,bending1:22;bending2:19;cycling:48;lying:48;sitting:48;standing:12,0:51;1:146,"{""0"": ""cycling"", ""1"": ""sitting""}",0.5733895262668768,0.9109366077707814,0.8412092464597661,1.4550835330620835
AReMActivities,3,auto_k2_min_0.06,DynVAR-Lasso Weighted Ridge,30.0,0.01,4.0,1.0,2,True,0.06,True,0.09828218549989783,0.9202235688796065,197,6,2,0.2505899802096966,0.4873096446700508,0.9873096446700508,bending1:22;bending2:19;cycling:48;lying:48;sitting:48;standing:12,0:51;1:146,"{""0"": ""cycling"", ""1"": ""sitting""}",0.5721313053294081,0.9095767313102849,0.8396643635096582,1.454485772146349
AReMActivities,3,auto_k2_min_0.06,STCG-v1 Weighted Ridge,30.0,0.01,4.0,1.0,2,True,0.06,True,0.09828218549989783,0.9202235688796065,197,6,2,0.2505899802096966,0.4873096446700508,0.9873096446700508,bending1:22;bending2:19;cycling:48;lying:48;sitting:48;standing:12,0:51;1:146,"{""0"": ""cycling"", ""1"": ""sitting""}",0.5715653378745336,0.9091719198302292,0.8388110245169411,1.4547197319907905
AReMActivities,3,auto_k2_min_0.06,Dense Ridge,100.0,,,,2,True,0.06,True,0.09828218549989783,0.9202235688796065,197,6,2,0.2505899802096966,0.4873096446700508,0.9873096446700508,bending1:22;bending2:19;cycling:48;lying:48;sitting:48;standing:12,0:51;1:146,"{""0"": ""cycling"", ""1"": ""sitting""}",0.5719614744699092,0.9091155224705617,0.8390023121022033,1.454216576596745
AReMActivities,3,auto_k2_min_0.06,DynVAR-Lasso Weighted Ridge,100.0,0.01,4.0,1.0,2,True,0.06,True,0.09828218549989783,0.9202235688796065,197,6,2,0.2505899802096966,0.4873096446700508,0.9873096446700508,bending1:22;bending2:19;cycling:48;lying:48;sitting:48;standing:12,0:51;1:146,"{""0"": ""cycling"", ""1"": ""sitting""}",0.5690368213435207,0.9061913454538397,0.8355537994584897,1.453147177188716
AReMActivities,3,auto_k2_min_0.06,STCG-v1 Weighted Ridge,100.0,0.01,4.0,1.0,2,True,0.06,True,0.09828218549989783,0.9202235688796065,197,6,2,0.2505899802096966,0.4873096446700508,0.9873096446700508,bending1:22;bending2:19;cycling:48;lying:48;sitting:48;standing:12,0:51;1:146,"{""0"": ""cycling"", ""1"": ""sitting""}",0.568235906370142,0.9057593243797266,0.8342702349030438,1.4539258250619385
AReMActivities,3,auto_k2_min_0.08,Dense Ridge,30.0,,,,2,True,0.08,True,0.09828218549989783,0.9202235688796065,197,6,2,0.2505899802096966,0.4873096446700508,0.9873096446700508,bending1:22;bending2:19;cycling:48;lying:48;sitting:48;standing:12,0:51;1:146,"{""0"": ""cycling"", ""1"": ""sitting""}",0.5733895262668768,0.9109366077707814,0.8412092464597661,1.4550835330620835
AReMActivities,3,auto_k2_min_0.08,DynVAR-Lasso Weighted Ridge,30.0,0.01,4.0,1.0,2,True,0.08,True,0.09828218549989783,0.9202235688796065,197,6,2,0.2505899802096966,0.4873096446700508,0.9873096446700508,bending1:22;bending2:19;cycling:48;lying:48;sitting:48;standing:12,0:51;1:146,"{""0"": ""cycling"", ""1"": ""sitting""}",0.5721313053294081,0.9095767313102849,0.8396643635096582,1.454485772146349
AReMActivities,3,auto_k2_min_0.08,STCG-v1 Weighted Ridge,30.0,0.01,4.0,1.0,2,True,0.08,True,0.09828218549989783,0.9202235688796065,197,6,2,0.2505899802096966,0.4873096446700508,0.9873096446700508,bending1:22;bending2:19;cycling:48;lying:48;sitting:48;standing:12,0:51;1:146,"{""0"": ""cycling"", ""1"": ""sitting""}",0.5715653378745336,0.9091719198302292,0.8388110245169411,1.4547197319907905
AReMActivities,3,auto_k2_min_0.08,Dense Ridge,100.0,,,,2,True,0.08,True,0.09828218549989783,0.9202235688796065,197,6,2,0.2505899802096966,0.4873096446700508,0.9873096446700508,bending1:22;bending2:19;cycling:48;lying:48;sitting:48;standing:12,0:51;1:146,"{""0"": ""cycling"", ""1"": ""sitting""}",0.5719614744699092,0.9091155224705617,0.8390023121022033,1.454216576596745
AReMActivities,3,auto_k2_min_0.08,DynVAR-Lasso Weighted Ridge,100.0,0.01,4.0,1.0,2,True,0.08,True,0.09828218549989783,0.9202235688796065,197,6,2,0.2505899802096966,0.4873096446700508,0.9873096446700508,bending1:22;bending2:19;cycling:48;lying:48;sitting:48;standing:12,0:51;1:146,"{""0"": ""cycling"", ""1"": ""sitting""}",0.5690368213435207,0.9061913454538397,0.8355537994584897,1.453147177188716
AReMActivities,3,auto_k2_min_0.08,STCG-v1 Weighted Ridge,100.0,0.01,4.0,1.0,2,True,0.08,True,0.09828218549989783,0.9202235688796065,197,6,2,0.2505899802096966,0.4873096446700508,0.9873096446700508,bending1:22;bending2:19;cycling:48;lying:48;sitting:48;standing:12,0:51;1:146,"{""0"": ""cycling"", ""1"": ""sitting""}",0.568235906370142,0.9057593243797266,0.8342702349030438,1.4539258250619385
AReMActivities,3,auto_k2_min_0.10,Dense Ridge,30.0,,,,2,True,0.1,True,0.09828218549989783,0.9202235688796065,197,6,2,0.2505899802096966,0.4873096446700508,0.9873096446700508,bending1:22;bending2:19;cycling:48;lying:48;sitting:48;standing:12,0:51;1:146,"{""0"": ""cycling"", ""1"": ""sitting""}",0.5733895262668768,0.9109366077707814,0.8412092464597661,1.4550835330620835
AReMActivities,3,auto_k2_min_0.10,DynVAR-Lasso Weighted Ridge,30.0,0.01,4.0,1.0,2,True,0.1,True,0.09828218549989783,0.9202235688796065,197,6,2,0.2505899802096966,0.4873096446700508,0.9873096446700508,bending1:22;bending2:19;cycling:48;lying:48;sitting:48;standing:12,0:51;1:146,"{""0"": ""cycling"", ""1"": ""sitting""}",0.5721313053294081,0.9095767313102849,0.8396643635096582,1.454485772146349
AReMActivities,3,auto_k2_min_0.10,STCG-v1 Weighted Ridge,30.0,0.01,4.0,1.0,2,True,0.1,True,0.09828218549989783,0.9202235688796065,197,6,2,0.2505899802096966,0.4873096446700508,0.9873096446700508,bending1:22;bending2:19;cycling:48;lying:48;sitting:48;standing:12,0:51;1:146,"{""0"": ""cycling"", ""1"": ""sitting""}",0.5715653378745336,0.9091719198302292,0.8388110245169411,1.4547197319907905
AReMActivities,3,auto_k2_min_0.10,Dense Ridge,100.0,,,,2,True,0.1,True,0.09828218549989783,0.9202235688796065,197,6,2,0.2505899802096966,0.4873096446700508,0.9873096446700508,bending1:22;bending2:19;cycling:48;lying:48;sitting:48;standing:12,0:51;1:146,"{""0"": ""cycling"", ""1"": ""sitting""}",0.5719614744699092,0.9091155224705617,0.8390023121022033,1.454216576596745
AReMActivities,3,auto_k2_min_0.10,DynVAR-Lasso Weighted Ridge,100.0,0.01,4.0,1.0,2,True,0.1,True,0.09828218549989783,0.9202235688796065,197,6,2,0.2505899802096966,0.4873096446700508,0.9873096446700508,bending1:22;bending2:19;cycling:48;lying:48;sitting:48;standing:12,0:51;1:146,"{""0"": ""cycling"", ""1"": ""sitting""}",0.5690368213435207,0.9061913454538397,0.8355537994584897,1.453147177188716
AReMActivities,3,auto_k2_min_0.10,STCG-v1 Weighted Ridge,100.0,0.01,4.0,1.0,2,True,0.1,True,0.09828218549989783,0.9202235688796065,197,6,2,0.2505899802096966,0.4873096446700508,0.9873096446700508,bending1:22;bending2:19;cycling:48;lying:48;sitting:48;standing:12,0:51;1:146,"{""0"": ""cycling"", ""1"": ""sitting""}",0.568235906370142,0.9057593243797266,0.8342702349030438,1.4539258250619385
AReMActivities,3,auto_k2_min_0.12,Dense Ridge,30.0,,,,2,True,0.12,True,0.09828218549989783,0.9202235688796065,197,6,2,0.2505899802096966,0.4873096446700508,0.9873096446700508,bending1:22;bending2:19;cycling:48;lying:48;sitting:48;standing:12,0:51;1:146,"{""0"": ""cycling"", ""1"": ""sitting""}",0.5733895262668768,0.9109366077707814,0.8412092464597661,1.4550835330620835
AReMActivities,3,auto_k2_min_0.12,DynVAR-Lasso Weighted Ridge,30.0,0.01,4.0,1.0,2,True,0.12,True,0.09828218549989783,0.9202235688796065,197,6,2,0.2505899802096966,0.4873096446700508,0.9873096446700508,bending1:22;bending2:19;cycling:48;lying:48;sitting:48;standing:12,0:51;1:146,"{""0"": ""cycling"", ""1"": ""sitting""}",0.5721313053294081,0.9095767313102849,0.8396643635096582,1.454485772146349
AReMActivities,3,auto_k2_min_0.12,STCG-v1 Weighted Ridge,30.0,0.01,4.0,1.0,2,True,0.12,True,0.09828218549989783,0.9202235688796065,197,6,2,0.2505899802096966,0.4873096446700508,0.9873096446700508,bending1:22;bending2:19;cycling:48;lying:48;sitting:48;standing:12,0:51;1:146,"{""0"": ""cycling"", ""1"": ""sitting""}",0.5715653378745336,0.9091719198302292,0.8388110245169411,1.4547197319907905
AReMActivities,3,auto_k2_min_0.12,Dense Ridge,100.0,,,,2,True,0.12,True,0.09828218549989783,0.9202235688796065,197,6,2,0.2505899802096966,0.4873096446700508,0.9873096446700508,bending1:22;bending2:19;cycling:48;lying:48;sitting:48;standing:12,0:51;1:146,"{""0"": ""cycling"", ""1"": ""sitting""}",0.5719614744699092,0.9091155224705617,0.8390023121022033,1.454216576596745
AReMActivities,3,auto_k2_min_0.12,DynVAR-Lasso Weighted Ridge,100.0,0.01,4.0,1.0,2,True,0.12,True,0.09828218549989783,0.9202235688796065,197,6,2,0.2505899802096966,0.4873096446700508,0.9873096446700508,bending1:22;bending2:19;cycling:48;lying:48;sitting:48;standing:12,0:51;1:146,"{""0"": ""cycling"", ""1"": ""sitting""}",0.5690368213435207,0.9061913454538397,0.8355537994584897,1.453147177188716
AReMActivities,3,auto_k2_min_0.12,STCG-v1 Weighted Ridge,100.0,0.01,4.0,1.0,2,True,0.12,True,0.09828218549989783,0.9202235688796065,197,6,2,0.2505899802096966,0.4873096446700508,0.9873096446700508,bending1:22;bending2:19;cycling:48;lying:48;sitting:48;standing:12,0:51;1:146,"{""0"": ""cycling"", ""1"": ""sitting""}",0.568235906370142,0.9057593243797266,0.8342702349030438,1.4539258250619385
AReMActivities,3,auto_k2_min_0.16,Dense Ridge,30.0,,,,2,True,0.16,True,0.09828218549989783,0.9202235688796065,197,6,2,0.2505899802096966,0.4873096446700508,0.9873096446700508,bending1:22;bending2:19;cycling:48;lying:48;sitting:48;standing:12,0:51;1:146,"{""0"": ""cycling"", ""1"": ""sitting""}",0.5733895262668768,0.9109366077707814,0.8412092464597661,1.4550835330620835
AReMActivities,3,auto_k2_min_0.16,DynVAR-Lasso Weighted Ridge,30.0,0.01,4.0,1.0,2,True,0.16,True,0.09828218549989783,0.9202235688796065,197,6,2,0.2505899802096966,0.4873096446700508,0.9873096446700508,bending1:22;bending2:19;cycling:48;lying:48;sitting:48;standing:12,0:51;1:146,"{""0"": ""cycling"", ""1"": ""sitting""}",0.5721313053294081,0.9095767313102849,0.8396643635096582,1.454485772146349
AReMActivities,3,auto_k2_min_0.16,STCG-v1 Weighted Ridge,30.0,0.01,4.0,1.0,2,True,0.16,True,0.09828218549989783,0.9202235688796065,197,6,2,0.2505899802096966,0.4873096446700508,0.9873096446700508,bending1:22;bending2:19;cycling:48;lying:48;sitting:48;standing:12,0:51;1:146,"{""0"": ""cycling"", ""1"": ""sitting""}",0.5715653378745336,0.9091719198302292,0.8388110245169411,1.4547197319907905
AReMActivities,3,auto_k2_min_0.16,Dense Ridge,100.0,,,,2,True,0.16,True,0.09828218549989783,0.9202235688796065,197,6,2,0.2505899802096966,0.4873096446700508,0.9873096446700508,bending1:22;bending2:19;cycling:48;lying:48;sitting:48;standing:12,0:51;1:146,"{""0"": ""cycling"", ""1"": ""sitting""}",0.5719614744699092,0.9091155224705617,0.8390023121022033,1.454216576596745
AReMActivities,3,auto_k2_min_0.16,DynVAR-Lasso Weighted Ridge,100.0,0.01,4.0,1.0,2,True,0.16,True,0.09828218549989783,0.9202235688796065,197,6,2,0.2505899802096966,0.4873096446700508,0.9873096446700508,bending1:22;bending2:19;cycling:48;lying:48;sitting:48;standing:12,0:51;1:146,"{""0"": ""cycling"", ""1"": ""sitting""}",0.5690368213435207,0.9061913454538397,0.8355537994584897,1.453147177188716
AReMActivities,3,auto_k2_min_0.16,STCG-v1 Weighted Ridge,100.0,0.01,4.0,1.0,2,True,0.16,True,0.09828218549989783,0.9202235688796065,197,6,2,0.2505899802096966,0.4873096446700508,0.9873096446700508,bending1:22;bending2:19;cycling:48;lying:48;sitting:48;standing:12,0:51;1:146,"{""0"": ""cycling"", ""1"": ""sitting""}",0.568235906370142,0.9057593243797266,0.8342702349030438,1.4539258250619385
AReMActivities,3,auto_k2_min_0.20,Dense Ridge,30.0,,,,2,True,0.2,True,0.09828218549989783,0.9202235688796065,197,6,2,0.2505899802096966,0.4873096446700508,0.9873096446700508,bending1:22;bending2:19;cycling:48;lying:48;sitting:48;standing:12,0:51;1:146,"{""0"": ""cycling"", ""1"": ""sitting""}",0.5733895262668768,0.9109366077707814,0.8412092464597661,1.4550835330620835
AReMActivities,3,auto_k2_min_0.20,DynVAR-Lasso Weighted Ridge,30.0,0.01,4.0,1.0,2,True,0.2,True,0.09828218549989783,0.9202235688796065,197,6,2,0.2505899802096966,0.4873096446700508,0.9873096446700508,bending1:22;bending2:19;cycling:48;lying:48;sitting:48;standing:12,0:51;1:146,"{""0"": ""cycling"", ""1"": ""sitting""}",0.5721313053294081,0.9095767313102849,0.8396643635096582,1.454485772146349
AReMActivities,3,auto_k2_min_0.20,STCG-v1 Weighted Ridge,30.0,0.01,4.0,1.0,2,True,0.2,True,0.09828218549989783,0.9202235688796065,197,6,2,0.2505899802096966,0.4873096446700508,0.9873096446700508,bending1:22;bending2:19;cycling:48;lying:48;sitting:48;standing:12,0:51;1:146,"{""0"": ""cycling"", ""1"": ""sitting""}",0.5715653378745336,0.9091719198302292,0.8388110245169411,1.4547197319907905
AReMActivities,3,auto_k2_min_0.20,Dense Ridge,100.0,,,,2,True,0.2,True,0.09828218549989783,0.9202235688796065,197,6,2,0.2505899802096966,0.4873096446700508,0.9873096446700508,bending1:22;bending2:19;cycling:48;lying:48;sitting:48;standing:12,0:51;1:146,"{""0"": ""cycling"", ""1"": ""sitting""}",0.5719614744699092,0.9091155224705617,0.8390023121022033,1.454216576596745
AReMActivities,3,auto_k2_min_0.20,DynVAR-Lasso Weighted Ridge,100.0,0.01,4.0,1.0,2,True,0.2,True,0.09828218549989783,0.9202235688796065,197,6,2,0.2505899802096966,0.4873096446700508,0.9873096446700508,bending1:22;bending2:19;cycling:48;lying:48;sitting:48;standing:12,0:51;1:146,"{""0"": ""cycling"", ""1"": ""sitting""}",0.5690368213435207,0.9061913454538397,0.8355537994584897,1.453147177188716
AReMActivities,3,auto_k2_min_0.20,STCG-v1 Weighted Ridge,100.0,0.01,4.0,1.0,2,True,0.2,True,0.09828218549989783,0.9202235688796065,197,6,2,0.2505899802096966,0.4873096446700508,0.9873096446700508,bending1:22;bending2:19;cycling:48;lying:48;sitting:48;standing:12,0:51;1:146,"{""0"": ""cycling"", ""1"": ""sitting""}",0.568235906370142,0.9057593243797266,0.8342702349030438,1.4539258250619385
AReMActivities,3,forced_k2,Dense Ridge,30.0,,,,2,False,0.0,True,0.09828218549989783,0.9202235688796065,197,6,2,0.2505899802096966,0.4873096446700508,0.9873096446700508,bending1:22;bending2:19;cycling:48;lying:48;sitting:48;standing:12,0:51;1:146,"{""0"": ""cycling"", ""1"": ""sitting""}",0.5733895262668768,0.9109366077707814,0.8412092464597661,1.4550835330620835
AReMActivities,3,forced_k2,DynVAR-Lasso Weighted Ridge,30.0,0.01,4.0,1.0,2,False,0.0,True,0.09828218549989783,0.9202235688796065,197,6,2,0.2505899802096966,0.4873096446700508,0.9873096446700508,bending1:22;bending2:19;cycling:48;lying:48;sitting:48;standing:12,0:51;1:146,"{""0"": ""cycling"", ""1"": ""sitting""}",0.5721313053294081,0.9095767313102849,0.8396643635096582,1.454485772146349
AReMActivities,3,forced_k2,STCG-v1 Weighted Ridge,30.0,0.01,4.0,1.0,2,False,0.0,True,0.09828218549989783,0.9202235688796065,197,6,2,0.2505899802096966,0.4873096446700508,0.9873096446700508,bending1:22;bending2:19;cycling:48;lying:48;sitting:48;standing:12,0:51;1:146,"{""0"": ""cycling"", ""1"": ""sitting""}",0.5715653378745336,0.9091719198302292,0.8388110245169411,1.4547197319907905
AReMActivities,3,forced_k2,Dense Ridge,100.0,,,,2,False,0.0,True,0.09828218549989783,0.9202235688796065,197,6,2,0.2505899802096966,0.4873096446700508,0.9873096446700508,bending1:22;bending2:19;cycling:48;lying:48;sitting:48;standing:12,0:51;1:146,"{""0"": ""cycling"", ""1"": ""sitting""}",0.5719614744699092,0.9091155224705617,0.8390023121022033,1.454216576596745
AReMActivities,3,forced_k2,DynVAR-Lasso Weighted Ridge,100.0,0.01,4.0,1.0,2,False,0.0,True,0.09828218549989783,0.9202235688796065,197,6,2,0.2505899802096966,0.4873096446700508,0.9873096446700508,bending1:22;bending2:19;cycling:48;lying:48;sitting:48;standing:12,0:51;1:146,"{""0"": ""cycling"", ""1"": ""sitting""}",0.5690368213435207,0.9061913454538397,0.8355537994584897,1.453147177188716
AReMActivities,3,forced_k2,STCG-v1 Weighted Ridge,100.0,0.01,4.0,1.0,2,False,0.0,True,0.09828218549989783,0.9202235688796065,197,6,2,0.2505899802096966,0.4873096446700508,0.9873096446700508,bending1:22;bending2:19;cycling:48;lying:48;sitting:48;standing:12,0:51;1:146,"{""0"": ""cycling"", ""1"": ""sitting""}",0.568235906370142,0.9057593243797266,0.8342702349030438,1.4539258250619385
AReMActivities,3,auto_k3_min_0.00,Dense Ridge,30.0,,,,3,True,0.0,True,0.12423654281563698,0.832725595669115,197,6,3,0.24655135294917704,0.5076142131979695,0.9873096446700508,bending1:22;bending2:19;cycling:48;lying:48;sitting:48;standing:12,0:6;1:140;2:51,"{""0"": ""lying"", ""1"": ""sitting"", ""2"": ""cycling""}",0.5733895262668768,0.9109366077707814,0.8412092464597661,1.4550835330620835
AReMActivities,3,auto_k3_min_0.00,DynVAR-Lasso Weighted Ridge,30.0,0.01,4.0,1.0,3,True,0.0,True,0.12423654281563698,0.832725595669115,197,6,3,0.24655135294917704,0.5076142131979695,0.9873096446700508,bending1:22;bending2:19;cycling:48;lying:48;sitting:48;standing:12,0:6;1:140;2:51,"{""0"": ""lying"", ""1"": ""sitting"", ""2"": ""cycling""}",0.5721313053294081,0.9095767313102849,0.8396643635096582,1.454485772146349
AReMActivities,3,auto_k3_min_0.00,STCG-v1 Weighted Ridge,30.0,0.01,4.0,1.0,3,True,0.0,True,0.12423654281563698,0.832725595669115,197,6,3,0.24655135294917704,0.5076142131979695,0.9873096446700508,bending1:22;bending2:19;cycling:48;lying:48;sitting:48;standing:12,0:6;1:140;2:51,"{""0"": ""lying"", ""1"": ""sitting"", ""2"": ""cycling""}",0.5705002076647981,0.9077933605382862,0.8373452121528784,1.4538688214699884
AReMActivities,3,auto_k3_min_0.00,Dense Ridge,100.0,,,,3,True,0.0,True,0.12423654281563698,0.832725595669115,197,6,3,0.24655135294917704,0.5076142131979695,0.9873096446700508,bending1:22;bending2:19;cycling:48;lying:48;sitting:48;standing:12,0:6;1:140;2:51,"{""0"": ""lying"", ""1"": ""sitting"", ""2"": ""cycling""}",0.5719614744699092,0.9091155224705617,0.8390023121022033,1.454216576596745
AReMActivities,3,auto_k3_min_0.00,DynVAR-Lasso Weighted Ridge,100.0,0.01,4.0,1.0,3,True,0.0,True,0.12423654281563698,0.832725595669115,197,6,3,0.24655135294917704,0.5076142131979695,0.9873096446700508,bending1:22;bending2:19;cycling:48;lying:48;sitting:48;standing:12,0:6;1:140;2:51,"{""0"": ""lying"", ""1"": ""sitting"", ""2"": ""cycling""}",0.5690368213435207,0.9061913454538397,0.8355537994584897,1.453147177188716
AReMActivities,3,auto_k3_min_0.00,STCG-v1 Weighted Ridge,100.0,0.01,4.0,1.0,3,True,0.0,True,0.12423654281563698,0.832725595669115,197,6,3,0.24655135294917704,0.5076142131979695,0.9873096446700508,bending1:22;bending2:19;cycling:48;lying:48;sitting:48;standing:12,0:6;1:140;2:51,"{""0"": ""lying"", ""1"": ""sitting"", ""2"": ""cycling""}",0.5655194004753672,0.9022823462663956,0.8305439725322411,1.4516834455537742
AReMActivities,3,auto_k3_min_0.02,Dense Ridge,30.0,,,,3,True,0.02,True,0.12423654281563698,0.832725595669115,197,6,3,0.24655135294917704,0.5076142131979695,0.9873096446700508,bending1:22;bending2:19;cycling:48;lying:48;sitting:48;standing:12,0:6;1:140;2:51,"{""0"": ""lying"", ""1"": ""sitting"", ""2"": ""cycling""}",0.5733895262668768,0.9109366077707814,0.8412092464597661,1.4550835330620835
AReMActivities,3,auto_k3_min_0.02,DynVAR-Lasso Weighted Ridge,30.0,0.01,4.0,1.0,3,True,0.02,True,0.12423654281563698,0.832725595669115,197,6,3,0.24655135294917704,0.5076142131979695,0.9873096446700508,bending1:22;bending2:19;cycling:48;lying:48;sitting:48;standing:12,0:6;1:140;2:51,"{""0"": ""lying"", ""1"": ""sitting"", ""2"": ""cycling""}",0.5721313053294081,0.9095767313102849,0.8396643635096582,1.454485772146349
AReMActivities,3,auto_k3_min_0.02,STCG-v1 Weighted Ridge,30.0,0.01,4.0,1.0,3,True,0.02,True,0.12423654281563698,0.832725595669115,197,6,3,0.24655135294917704,0.5076142131979695,0.9873096446700508,bending1:22;bending2:19;cycling:48;lying:48;sitting:48;standing:12,0:6;1:140;2:51,"{""0"": ""lying"", ""1"": ""sitting"", ""2"": ""cycling""}",0.5705002076647981,0.9077933605382862,0.8373452121528784,1.4538688214699884
AReMActivities,3,auto_k3_min_0.02,Dense Ridge,100.0,,,,3,True,0.02,True,0.12423654281563698,0.832725595669115,197,6,3,0.24655135294917704,0.5076142131979695,0.9873096446700508,bending1:22;bending2:19;cycling:48;lying:48;sitting:48;standing:12,0:6;1:140;2:51,"{""0"": ""lying"", ""1"": ""sitting"", ""2"": ""cycling""}",0.5719614744699092,0.9091155224705617,0.8390023121022033,1.454216576596745
AReMActivities,3,auto_k3_min_0.02,DynVAR-Lasso Weighted Ridge,100.0,0.01,4.0,1.0,3,True,0.02,True,0.12423654281563698,0.832725595669115,197,6,3,0.24655135294917704,0.5076142131979695,0.9873096446700508,bending1:22;bending2:19;cycling:48;lying:48;sitting:48;standing:12,0:6;1:140;2:51,"{""0"": ""lying"", ""1"": ""sitting"", ""2"": ""cycling""}",0.5690368213435207,0.9061913454538397,0.8355537994584897,1.453147177188716
AReMActivities,3,auto_k3_min_0.02,STCG-v1 Weighted Ridge,100.0,0.01,4.0,1.0,3,True,0.02,True,0.12423654281563698,0.832725595669115,197,6,3,0.24655135294917704,0.5076142131979695,0.9873096446700508,bending1:22;bending2:19;cycling:48;lying:48;sitting:48;standing:12,0:6;1:140;2:51,"{""0"": ""lying"", ""1"": ""sitting"", ""2"": ""cycling""}",0.5655194004753672,0.9022823462663956,0.8305439725322411,1.4516834455537742
AReMActivities,3,auto_k3_min_0.04,Dense Ridge,30.0,,,,3,True,0.04,True,0.12423654281563698,0.832725595669115,197,6,3,0.24655135294917704,0.5076142131979695,0.9873096446700508,bending1:22;bending2:19;cycling:48;lying:48;sitting:48;standing:12,0:6;1:140;2:51,"{""0"": ""lying"", ""1"": ""sitting"", ""2"": ""cycling""}",0.5733895262668768,0.9109366077707814,0.8412092464597661,1.4550835330620835
AReMActivities,3,auto_k3_min_0.04,DynVAR-Lasso Weighted Ridge,30.0,0.01,4.0,1.0,3,True,0.04,True,0.12423654281563698,0.832725595669115,197,6,3,0.24655135294917704,0.5076142131979695,0.9873096446700508,bending1:22;bending2:19;cycling:48;lying:48;sitting:48;standing:12,0:6;1:140;2:51,"{""0"": ""lying"", ""1"": ""sitting"", ""2"": ""cycling""}",0.5721313053294081,0.9095767313102849,0.8396643635096582,1.454485772146349
AReMActivities,3,auto_k3_min_0.04,STCG-v1 Weighted Ridge,30.0,0.01,4.0,1.0,3,True,0.04,True,0.12423654281563698,0.832725595669115,197,6,3,0.24655135294917704,0.5076142131979695,0.9873096446700508,bending1:22;bending2:19;cycling:48;lying:48;sitting:48;standing:12,0:6;1:140;2:51,"{""0"": ""lying"", ""1"": ""sitting"", ""2"": ""cycling""}",0.5705002076647981,0.9077933605382862,0.8373452121528784,1.4538688214699884
AReMActivities,3,auto_k3_min_0.04,Dense Ridge,100.0,,,,3,True,0.04,True,0.12423654281563698,0.832725595669115,197,6,3,0.24655135294917704,0.5076142131979695,0.9873096446700508,bending1:22;bending2:19;cycling:48;lying:48;sitting:48;standing:12,0:6;1:140;2:51,"{""0"": ""lying"", ""1"": ""sitting"", ""2"": ""cycling""}",0.5719614744699092,0.9091155224705617,0.8390023121022033,1.454216576596745
AReMActivities,3,auto_k3_min_0.04,DynVAR-Lasso Weighted Ridge,100.0,0.01,4.0,1.0,3,True,0.04,True,0.12423654281563698,0.832725595669115,197,6,3,0.24655135294917704,0.5076142131979695,0.9873096446700508,bending1:22;bending2:19;cycling:48;lying:48;sitting:48;standing:12,0:6;1:140;2:51,"{""0"": ""lying"", ""1"": ""sitting"", ""2"": ""cycling""}",0.5690368213435207,0.9061913454538397,0.8355537994584897,1.453147177188716
AReMActivities,3,auto_k3_min_0.04,STCG-v1 Weighted Ridge,100.0,0.01,4.0,1.0,3,True,0.04,True,0.12423654281563698,0.832725595669115,197,6,3,0.24655135294917704,0.5076142131979695,0.9873096446700508,bending1:22;bending2:19;cycling:48;lying:48;sitting:48;standing:12,0:6;1:140;2:51,"{""0"": ""lying"", ""1"": ""sitting"", ""2"": ""cycling""}",0.5655194004753672,0.9022823462663956,0.8305439725322411,1.4516834455537742
AReMActivities,3,auto_k3_min_0.06,Dense Ridge,30.0,,,,3,True,0.06,True,0.12423654281563698,0.832725595669115,197,6,3,0.24655135294917704,0.5076142131979695,0.9873096446700508,bending1:22;bending2:19;cycling:48;lying:48;sitting:48;standing:12,0:6;1:140;2:51,"{""0"": ""lying"", ""1"": ""sitting"", ""2"": ""cycling""}",0.5733895262668768,0.9109366077707814,0.8412092464597661,1.4550835330620835
AReMActivities,3,auto_k3_min_0.06,DynVAR-Lasso Weighted Ridge,30.0,0.01,4.0,1.0,3,True,0.06,True,0.12423654281563698,0.832725595669115,197,6,3,0.24655135294917704,0.5076142131979695,0.9873096446700508,bending1:22;bending2:19;cycling:48;lying:48;sitting:48;standing:12,0:6;1:140;2:51,"{""0"": ""lying"", ""1"": ""sitting"", ""2"": ""cycling""}",0.5721313053294081,0.9095767313102849,0.8396643635096582,1.454485772146349
AReMActivities,3,auto_k3_min_0.06,STCG-v1 Weighted Ridge,30.0,0.01,4.0,1.0,3,True,0.06,True,0.12423654281563698,0.832725595669115,197,6,3,0.24655135294917704,0.5076142131979695,0.9873096446700508,bending1:22;bending2:19;cycling:48;lying:48;sitting:48;standing:12,0:6;1:140;2:51,"{""0"": ""lying"", ""1"": ""sitting"", ""2"": ""cycling""}",0.5705002076647981,0.9077933605382862,0.8373452121528784,1.4538688214699884
AReMActivities,3,auto_k3_min_0.06,Dense Ridge,100.0,,,,3,True,0.06,True,0.12423654281563698,0.832725595669115,197,6,3,0.24655135294917704,0.5076142131979695,0.9873096446700508,bending1:22;bending2:19;cycling:48;lying:48;sitting:48;standing:12,0:6;1:140;2:51,"{""0"": ""lying"", ""1"": ""sitting"", ""2"": ""cycling""}",0.5719614744699092,0.9091155224705617,0.8390023121022033,1.454216576596745
AReMActivities,3,auto_k3_min_0.06,DynVAR-Lasso Weighted Ridge,100.0,0.01,4.0,1.0,3,True,0.06,True,0.12423654281563698,0.832725595669115,197,6,3,0.24655135294917704,0.5076142131979695,0.9873096446700508,bending1:22;bending2:19;cycling:48;lying:48;sitting:48;standing:12,0:6;1:140;2:51,"{""0"": ""lying"", ""1"": ""sitting"", ""2"": ""cycling""}",0.5690368213435207,0.9061913454538397,0.8355537994584897,1.453147177188716
AReMActivities,3,auto_k3_min_0.06,STCG-v1 Weighted Ridge,100.0,0.01,4.0,1.0,3,True,0.06,True,0.12423654281563698,0.832725595669115,197,6,3,0.24655135294917704,0.5076142131979695,0.9873096446700508,bending1:22;bending2:19;cycling:48;lying:48;sitting:48;standing:12,0:6;1:140;2:51,"{""0"": ""lying"", ""1"": ""sitting"", ""2"": ""cycling""}",0.5655194004753672,0.9022823462663956,0.8305439725322411,1.4516834455537742
AReMActivities,3,auto_k3_min_0.08,Dense Ridge,30.0,,,,3,True,0.08,True,0.12423654281563698,0.832725595669115,197,6,3,0.24655135294917704,0.5076142131979695,0.9873096446700508,bending1:22;bending2:19;cycling:48;lying:48;sitting:48;standing:12,0:6;1:140;2:51,"{""0"": ""lying"", ""1"": ""sitting"", ""2"": ""cycling""}",0.5733895262668768,0.9109366077707814,0.8412092464597661,1.4550835330620835
AReMActivities,3,auto_k3_min_0.08,DynVAR-Lasso Weighted Ridge,30.0,0.01,4.0,1.0,3,True,0.08,True,0.12423654281563698,0.832725595669115,197,6,3,0.24655135294917704,0.5076142131979695,0.9873096446700508,bending1:22;bending2:19;cycling:48;lying:48;sitting:48;standing:12,0:6;1:140;2:51,"{""0"": ""lying"", ""1"": ""sitting"", ""2"": ""cycling""}",0.5721313053294081,0.9095767313102849,0.8396643635096582,1.454485772146349
AReMActivities,3,auto_k3_min_0.08,STCG-v1 Weighted Ridge,30.0,0.01,4.0,1.0,3,True,0.08,True,0.12423654281563698,0.832725595669115,197,6,3,0.24655135294917704,0.5076142131979695,0.9873096446700508,bending1:22;bending2:19;cycling:48;lying:48;sitting:48;standing:12,0:6;1:140;2:51,"{""0"": ""lying"", ""1"": ""sitting"", ""2"": ""cycling""}",0.5705002076647981,0.9077933605382862,0.8373452121528784,1.4538688214699884
AReMActivities,3,auto_k3_min_0.08,Dense Ridge,100.0,,,,3,True,0.08,True,0.12423654281563698,0.832725595669115,197,6,3,0.24655135294917704,0.5076142131979695,0.9873096446700508,bending1:22;bending2:19;cycling:48;lying:48;sitting:48;standing:12,0:6;1:140;2:51,"{""0"": ""lying"", ""1"": ""sitting"", ""2"": ""cycling""}",0.5719614744699092,0.9091155224705617,0.8390023121022033,1.454216576596745
AReMActivities,3,auto_k3_min_0.08,DynVAR-Lasso Weighted Ridge,100.0,0.01,4.0,1.0,3,True,0.08,True,0.12423654281563698,0.832725595669115,197,6,3,0.24655135294917704,0.5076142131979695,0.9873096446700508,bending1:22;bending2:19;cycling:48;lying:48;sitting:48;standing:12,0:6;1:140;2:51,"{""0"": ""lying"", ""1"": ""sitting"", ""2"": ""cycling""}",0.5690368213435207,0.9061913454538397,0.8355537994584897,1.453147177188716
AReMActivities,3,auto_k3_min_0.08,STCG-v1 Weighted Ridge,100.0,0.01,4.0,1.0,3,True,0.08,True,0.12423654281563698,0.832725595669115,197,6,3,0.24655135294917704,0.5076142131979695,0.9873096446700508,bending1:22;bending2:19;cycling:48;lying:48;sitting:48;standing:12,0:6;1:140;2:51,"{""0"": ""lying"", ""1"": ""sitting"", ""2"": ""cycling""}",0.5655194004753672,0.9022823462663956,0.8305439725322411,1.4516834455537742
AReMActivities,3,auto_k3_min_0.10,Dense Ridge,30.0,,,,3,True,0.1,True,0.12423654281563698,0.832725595669115,197,6,3,0.24655135294917704,0.5076142131979695,0.9873096446700508,bending1:22;bending2:19;cycling:48;lying:48;sitting:48;standing:12,0:6;1:140;2:51,"{""0"": ""lying"", ""1"": ""sitting"", ""2"": ""cycling""}",0.5733895262668768,0.9109366077707814,0.8412092464597661,1.4550835330620835
AReMActivities,3,auto_k3_min_0.10,DynVAR-Lasso Weighted Ridge,30.0,0.01,4.0,1.0,3,True,0.1,True,0.12423654281563698,0.832725595669115,197,6,3,0.24655135294917704,0.5076142131979695,0.9873096446700508,bending1:22;bending2:19;cycling:48;lying:48;sitting:48;standing:12,0:6;1:140;2:51,"{""0"": ""lying"", ""1"": ""sitting"", ""2"": ""cycling""}",0.5721313053294081,0.9095767313102849,0.8396643635096582,1.454485772146349
AReMActivities,3,auto_k3_min_0.10,STCG-v1 Weighted Ridge,30.0,0.01,4.0,1.0,3,True,0.1,True,0.12423654281563698,0.832725595669115,197,6,3,0.24655135294917704,0.5076142131979695,0.9873096446700508,bending1:22;bending2:19;cycling:48;lying:48;sitting:48;standing:12,0:6;1:140;2:51,"{""0"": ""lying"", ""1"": ""sitting"", ""2"": ""cycling""}",0.5705002076647981,0.9077933605382862,0.8373452121528784,1.4538688214699884
AReMActivities,3,auto_k3_min_0.10,Dense Ridge,100.0,,,,3,True,0.1,True,0.12423654281563698,0.832725595669115,197,6,3,0.24655135294917704,0.5076142131979695,0.9873096446700508,bending1:22;bending2:19;cycling:48;lying:48;sitting:48;standing:12,0:6;1:140;2:51,"{""0"": ""lying"", ""1"": ""sitting"", ""2"": ""cycling""}",0.5719614744699092,0.9091155224705617,0.8390023121022033,1.454216576596745
AReMActivities,3,auto_k3_min_0.10,DynVAR-Lasso Weighted Ridge,100.0,0.01,4.0,1.0,3,True,0.1,True,0.12423654281563698,0.832725595669115,197,6,3,0.24655135294917704,0.5076142131979695,0.9873096446700508,bending1:22;bending2:19;cycling:48;lying:48;sitting:48;standing:12,0:6;1:140;2:51,"{""0"": ""lying"", ""1"": ""sitting"", ""2"": ""cycling""}",0.5690368213435207,0.9061913454538397,0.8355537994584897,1.453147177188716
AReMActivities,3,auto_k3_min_0.10,STCG-v1 Weighted Ridge,100.0,0.01,4.0,1.0,3,True,0.1,True,0.12423654281563698,0.832725595669115,197,6,3,0.24655135294917704,0.5076142131979695,0.9873096446700508,bending1:22;bending2:19;cycling:48;lying:48;sitting:48;standing:12,0:6;1:140;2:51,"{""0"": ""lying"", ""1"": ""sitting"", ""2"": ""cycling""}",0.5655194004753672,0.9022823462663956,0.8305439725322411,1.4516834455537742
AReMActivities,3,auto_k3_min_0.12,Dense Ridge,30.0,,,,3,True,0.12,True,0.12423654281563698,0.832725595669115,197,6,3,0.24655135294917704,0.5076142131979695,0.9873096446700508,bending1:22;bending2:19;cycling:48;lying:48;sitting:48;standing:12,0:6;1:140;2:51,"{""0"": ""lying"", ""1"": ""sitting"", ""2"": ""cycling""}",0.5733895262668768,0.9109366077707814,0.8412092464597661,1.4550835330620835
AReMActivities,3,auto_k3_min_0.12,DynVAR-Lasso Weighted Ridge,30.0,0.01,4.0,1.0,3,True,0.12,True,0.12423654281563698,0.832725595669115,197,6,3,0.24655135294917704,0.5076142131979695,0.9873096446700508,bending1:22;bending2:19;cycling:48;lying:48;sitting:48;standing:12,0:6;1:140;2:51,"{""0"": ""lying"", ""1"": ""sitting"", ""2"": ""cycling""}",0.5721313053294081,0.9095767313102849,0.8396643635096582,1.454485772146349
AReMActivities,3,auto_k3_min_0.12,STCG-v1 Weighted Ridge,30.0,0.01,4.0,1.0,3,True,0.12,True,0.12423654281563698,0.832725595669115,197,6,3,0.24655135294917704,0.5076142131979695,0.9873096446700508,bending1:22;bending2:19;cycling:48;lying:48;sitting:48;standing:12,0:6;1:140;2:51,"{""0"": ""lying"", ""1"": ""sitting"", ""2"": ""cycling""}",0.5705002076647981,0.9077933605382862,0.8373452121528784,1.4538688214699884
AReMActivities,3,auto_k3_min_0.12,Dense Ridge,100.0,,,,3,True,0.12,True,0.12423654281563698,0.832725595669115,197,6,3,0.24655135294917704,0.5076142131979695,0.9873096446700508,bending1:22;bending2:19;cycling:48;lying:48;sitting:48;standing:12,0:6;1:140;2:51,"{""0"": ""lying"", ""1"": ""sitting"", ""2"": ""cycling""}",0.5719614744699092,0.9091155224705617,0.8390023121022033,1.454216576596745
AReMActivities,3,auto_k3_min_0.12,DynVAR-Lasso Weighted Ridge,100.0,0.01,4.0,1.0,3,True,0.12,True,0.12423654281563698,0.832725595669115,197,6,3,0.24655135294917704,0.5076142131979695,0.9873096446700508,bending1:22;bending2:19;cycling:48;lying:48;sitting:48;standing:12,0:6;1:140;2:51,"{""0"": ""lying"", ""1"": ""sitting"", ""2"": ""cycling""}",0.5690368213435207,0.9061913454538397,0.8355537994584897,1.453147177188716
AReMActivities,3,auto_k3_min_0.12,STCG-v1 Weighted Ridge,100.0,0.01,4.0,1.0,3,True,0.12,True,0.12423654281563698,0.832725595669115,197,6,3,0.24655135294917704,0.5076142131979695,0.9873096446700508,bending1:22;bending2:19;cycling:48;lying:48;sitting:48;standing:12,0:6;1:140;2:51,"{""0"": ""lying"", ""1"": ""sitting"", ""2"": ""cycling""}",0.5655194004753672,0.9022823462663956,0.8305439725322411,1.4516834455537742
AReMActivities,3,auto_k3_min_0.16,Dense Ridge,30.0,,,,3,True,0.16,False,0.12423654281563698,0.832725595669115,197,6,1,0.0,0.2436548223350254,0.9873096446700508,bending1:22;bending2:19;cycling:48;lying:48;sitting:48;standing:12,0:197,"{""0"": ""cycling""}",0.5733895262668768,0.9109366077707814,0.8412092464597661,1.4550835330620835
AReMActivities,3,auto_k3_min_0.16,DynVAR-Lasso Weighted Ridge,30.0,0.01,4.0,1.0,3,True,0.16,False,0.12423654281563698,0.832725595669115,197,6,1,0.0,0.2436548223350254,0.9873096446700508,bending1:22;bending2:19;cycling:48;lying:48;sitting:48;standing:12,0:197,"{""0"": ""cycling""}",0.5721313053294081,0.9095767313102849,0.8396643635096582,1.454485772146349
AReMActivities,3,auto_k3_min_0.16,STCG-v1 Weighted Ridge,30.0,0.01,4.0,1.0,3,True,0.16,False,0.12423654281563698,0.832725595669115,197,6,1,0.0,0.2436548223350254,0.9873096446700508,bending1:22;bending2:19;cycling:48;lying:48;sitting:48;standing:12,0:197,"{""0"": ""cycling""}",0.5721313053294081,0.9095767313102849,0.8396643635096582,1.454485772146349
AReMActivities,3,auto_k3_min_0.16,Dense Ridge,100.0,,,,3,True,0.16,False,0.12423654281563698,0.832725595669115,197,6,1,0.0,0.2436548223350254,0.9873096446700508,bending1:22;bending2:19;cycling:48;lying:48;sitting:48;standing:12,0:197,"{""0"": ""cycling""}",0.5719614744699092,0.9091155224705617,0.8390023121022033,1.454216576596745
AReMActivities,3,auto_k3_min_0.16,DynVAR-Lasso Weighted Ridge,100.0,0.01,4.0,1.0,3,True,0.16,False,0.12423654281563698,0.832725595669115,197,6,1,0.0,0.2436548223350254,0.9873096446700508,bending1:22;bending2:19;cycling:48;lying:48;sitting:48;standing:12,0:197,"{""0"": ""cycling""}",0.5690368213435207,0.9061913454538397,0.8355537994584897,1.453147177188716
AReMActivities,3,auto_k3_min_0.16,STCG-v1 Weighted Ridge,100.0,0.01,4.0,1.0,3,True,0.16,False,0.12423654281563698,0.832725595669115,197,6,1,0.0,0.2436548223350254,0.9873096446700508,bending1:22;bending2:19;cycling:48;lying:48;sitting:48;standing:12,0:197,"{""0"": ""cycling""}",0.5690368213435207,0.9061913454538397,0.8355537994584897,1.453147177188716
AReMActivities,3,auto_k3_min_0.20,Dense Ridge,30.0,,,,3,True,0.2,False,0.12423654281563698,0.832725595669115,197,6,1,0.0,0.2436548223350254,0.9873096446700508,bending1:22;bending2:19;cycling:48;lying:48;sitting:48;standing:12,0:197,"{""0"": ""cycling""}",0.5733895262668768,0.9109366077707814,0.8412092464597661,1.4550835330620835
AReMActivities,3,auto_k3_min_0.20,DynVAR-Lasso Weighted Ridge,30.0,0.01,4.0,1.0,3,True,0.2,False,0.12423654281563698,0.832725595669115,197,6,1,0.0,0.2436548223350254,0.9873096446700508,bending1:22;bending2:19;cycling:48;lying:48;sitting:48;standing:12,0:197,"{""0"": ""cycling""}",0.5721313053294081,0.9095767313102849,0.8396643635096582,1.454485772146349
AReMActivities,3,auto_k3_min_0.20,STCG-v1 Weighted Ridge,30.0,0.01,4.0,1.0,3,True,0.2,False,0.12423654281563698,0.832725595669115,197,6,1,0.0,0.2436548223350254,0.9873096446700508,bending1:22;bending2:19;cycling:48;lying:48;sitting:48;standing:12,0:197,"{""0"": ""cycling""}",0.5721313053294081,0.9095767313102849,0.8396643635096582,1.454485772146349
AReMActivities,3,auto_k3_min_0.20,Dense Ridge,100.0,,,,3,True,0.2,False,0.12423654281563698,0.832725595669115,197,6,1,0.0,0.2436548223350254,0.9873096446700508,bending1:22;bending2:19;cycling:48;lying:48;sitting:48;standing:12,0:197,"{""0"": ""cycling""}",0.5719614744699092,0.9091155224705617,0.8390023121022033,1.454216576596745
AReMActivities,3,auto_k3_min_0.20,DynVAR-Lasso Weighted Ridge,100.0,0.01,4.0,1.0,3,True,0.2,False,0.12423654281563698,0.832725595669115,197,6,1,0.0,0.2436548223350254,0.9873096446700508,bending1:22;bending2:19;cycling:48;lying:48;sitting:48;standing:12,0:197,"{""0"": ""cycling""}",0.5690368213435207,0.9061913454538397,0.8355537994584897,1.453147177188716
AReMActivities,3,auto_k3_min_0.20,STCG-v1 Weighted Ridge,100.0,0.01,4.0,1.0,3,True,0.2,False,0.12423654281563698,0.832725595669115,197,6,1,0.0,0.2436548223350254,0.9873096446700508,bending1:22;bending2:19;cycling:48;lying:48;sitting:48;standing:12,0:197,"{""0"": ""cycling""}",0.5690368213435207,0.9061913454538397,0.8355537994584897,1.453147177188716
AReMActivities,3,forced_k3,Dense Ridge,30.0,,,,3,False,0.0,True,0.12423654281563698,0.832725595669115,197,6,3,0.24655135294917704,0.5076142131979695,0.9873096446700508,bending1:22;bending2:19;cycling:48;lying:48;sitting:48;standing:12,0:6;1:140;2:51,"{""0"": ""lying"", ""1"": ""sitting"", ""2"": ""cycling""}",0.5733895262668768,0.9109366077707814,0.8412092464597661,1.4550835330620835
AReMActivities,3,forced_k3,DynVAR-Lasso Weighted Ridge,30.0,0.01,4.0,1.0,3,False,0.0,True,0.12423654281563698,0.832725595669115,197,6,3,0.24655135294917704,0.5076142131979695,0.9873096446700508,bending1:22;bending2:19;cycling:48;lying:48;sitting:48;standing:12,0:6;1:140;2:51,"{""0"": ""lying"", ""1"": ""sitting"", ""2"": ""cycling""}",0.5721313053294081,0.9095767313102849,0.8396643635096582,1.454485772146349
AReMActivities,3,forced_k3,STCG-v1 Weighted Ridge,30.0,0.01,4.0,1.0,3,False,0.0,True,0.12423654281563698,0.832725595669115,197,6,3,0.24655135294917704,0.5076142131979695,0.9873096446700508,bending1:22;bending2:19;cycling:48;lying:48;sitting:48;standing:12,0:6;1:140;2:51,"{""0"": ""lying"", ""1"": ""sitting"", ""2"": ""cycling""}",0.5705002076647981,0.9077933605382862,0.8373452121528784,1.4538688214699884
AReMActivities,3,forced_k3,Dense Ridge,100.0,,,,3,False,0.0,True,0.12423654281563698,0.832725595669115,197,6,3,0.24655135294917704,0.5076142131979695,0.9873096446700508,bending1:22;bending2:19;cycling:48;lying:48;sitting:48;standing:12,0:6;1:140;2:51,"{""0"": ""lying"", ""1"": ""sitting"", ""2"": ""cycling""}",0.5719614744699092,0.9091155224705617,0.8390023121022033,1.454216576596745
AReMActivities,3,forced_k3,DynVAR-Lasso Weighted Ridge,100.0,0.01,4.0,1.0,3,False,0.0,True,0.12423654281563698,0.832725595669115,197,6,3,0.24655135294917704,0.5076142131979695,0.9873096446700508,bending1:22;bending2:19;cycling:48;lying:48;sitting:48;standing:12,0:6;1:140;2:51,"{""0"": ""lying"", ""1"": ""sitting"", ""2"": ""cycling""}",0.5690368213435207,0.9061913454538397,0.8355537994584897,1.453147177188716
AReMActivities,3,forced_k3,STCG-v1 Weighted Ridge,100.0,0.01,4.0,1.0,3,False,0.0,True,0.12423654281563698,0.832725595669115,197,6,3,0.24655135294917704,0.5076142131979695,0.9873096446700508,bending1:22;bending2:19;cycling:48;lying:48;sitting:48;standing:12,0:6;1:140;2:51,"{""0"": ""lying"", ""1"": ""sitting"", ""2"": ""cycling""}",0.5655194004753672,0.9022823462663956,0.8305439725322411,1.4516834455537742
AReMActivities,3,auto_k4_min_0.00,Dense Ridge,30.0,,,,4,True,0.0,True,0.15120392183584108,0.5722442051429013,197,6,4,0.24475351301239867,0.4467005076142132,0.9873096446700508,bending1:22;bending2:19;cycling:48;lying:48;sitting:48;standing:12,0:13;1:90;2:57;3:37,"{""0"": ""bending1"", ""1"": ""lying"", ""2"": ""sitting"", ""3"": ""cycling""}",0.5733895262668768,0.9109366077707814,0.8412092464597661,1.4550835330620835
AReMActivities,3,auto_k4_min_0.00,DynVAR-Lasso Weighted Ridge,30.0,0.01,4.0,1.0,4,True,0.0,True,0.15120392183584108,0.5722442051429013,197,6,4,0.24475351301239867,0.4467005076142132,0.9873096446700508,bending1:22;bending2:19;cycling:48;lying:48;sitting:48;standing:12,0:13;1:90;2:57;3:37,"{""0"": ""bending1"", ""1"": ""lying"", ""2"": ""sitting"", ""3"": ""cycling""}",0.5721313053294081,0.9095767313102849,0.8396643635096582,1.454485772146349
AReMActivities,3,auto_k4_min_0.00,STCG-v1 Weighted Ridge,30.0,0.01,4.0,1.0,4,True,0.0,True,0.15120392183584108,0.5722442051429013,197,6,4,0.24475351301239867,0.4467005076142132,0.9873096446700508,bending1:22;bending2:19;cycling:48;lying:48;sitting:48;standing:12,0:13;1:90;2:57;3:37,"{""0"": ""bending1"", ""1"": ""lying"", ""2"": ""sitting"", ""3"": ""cycling""}",0.5715657472549469,0.9092537148182502,0.8388112075150532,1.454538628471857
AReMActivities,3,auto_k4_min_0.00,Dense Ridge,100.0,,,,4,True,0.0,True,0.15120392183584108,0.5722442051429013,197,6,4,0.24475351301239867,0.4467005076142132,0.9873096446700508,bending1:22;bending2:19;cycling:48;lying:48;sitting:48;standing:12,0:13;1:90;2:57;3:37,"{""0"": ""bending1"", ""1"": ""lying"", ""2"": ""sitting"", ""3"": ""cycling""}",0.5719614744699092,0.9091155224705617,0.8390023121022033,1.454216576596745
AReMActivities,3,auto_k4_min_0.00,DynVAR-Lasso Weighted Ridge,100.0,0.01,4.0,1.0,4,True,0.0,True,0.15120392183584108,0.5722442051429013,197,6,4,0.24475351301239867,0.4467005076142132,0.9873096446700508,bending1:22;bending2:19;cycling:48;lying:48;sitting:48;standing:12,0:13;1:90;2:57;3:37,"{""0"": ""bending1"", ""1"": ""lying"", ""2"": ""sitting"", ""3"": ""cycling""}",0.5690368213435207,0.9061913454538397,0.8355537994584897,1.453147177188716
AReMActivities,3,auto_k4_min_0.00,STCG-v1 Weighted Ridge,100.0,0.01,4.0,1.0,4,True,0.0,True,0.15120392183584108,0.5722442051429013,197,6,4,0.24475351301239867,0.4467005076142132,0.9873096446700508,bending1:22;bending2:19;cycling:48;lying:48;sitting:48;standing:12,0:13;1:90;2:57;3:37,"{""0"": ""bending1"", ""1"": ""lying"", ""2"": ""sitting"", ""3"": ""cycling""}",0.5681820227282943,0.9056931839886714,0.8340917598843115,1.4536428331609808
AReMActivities,3,auto_k4_min_0.02,Dense Ridge,30.0,,,,4,True,0.02,True,0.15120392183584108,0.5722442051429013,197,6,4,0.24475351301239867,0.4467005076142132,0.9873096446700508,bending1:22;bending2:19;cycling:48;lying:48;sitting:48;standing:12,0:13;1:90;2:57;3:37,"{""0"": ""bending1"", ""1"": ""lying"", ""2"": ""sitting"", ""3"": ""cycling""}",0.5733895262668768,0.9109366077707814,0.8412092464597661,1.4550835330620835
AReMActivities,3,auto_k4_min_0.02,DynVAR-Lasso Weighted Ridge,30.0,0.01,4.0,1.0,4,True,0.02,True,0.15120392183584108,0.5722442051429013,197,6,4,0.24475351301239867,0.4467005076142132,0.9873096446700508,bending1:22;bending2:19;cycling:48;lying:48;sitting:48;standing:12,0:13;1:90;2:57;3:37,"{""0"": ""bending1"", ""1"": ""lying"", ""2"": ""sitting"", ""3"": ""cycling""}",0.5721313053294081,0.9095767313102849,0.8396643635096582,1.454485772146349
AReMActivities,3,auto_k4_min_0.02,STCG-v1 Weighted Ridge,30.0,0.01,4.0,1.0,4,True,0.02,True,0.15120392183584108,0.5722442051429013,197,6,4,0.24475351301239867,0.4467005076142132,0.9873096446700508,bending1:22;bending2:19;cycling:48;lying:48;sitting:48;standing:12,0:13;1:90;2:57;3:37,"{""0"": ""bending1"", ""1"": ""lying"", ""2"": ""sitting"", ""3"": ""cycling""}",0.5715657472549469,0.9092537148182502,0.8388112075150532,1.454538628471857
AReMActivities,3,auto_k4_min_0.02,Dense Ridge,100.0,,,,4,True,0.02,True,0.15120392183584108,0.5722442051429013,197,6,4,0.24475351301239867,0.4467005076142132,0.9873096446700508,bending1:22;bending2:19;cycling:48;lying:48;sitting:48;standing:12,0:13;1:90;2:57;3:37,"{""0"": ""bending1"", ""1"": ""lying"", ""2"": ""sitting"", ""3"": ""cycling""}",0.5719614744699092,0.9091155224705617,0.8390023121022033,1.454216576596745
AReMActivities,3,auto_k4_min_0.02,DynVAR-Lasso Weighted Ridge,100.0,0.01,4.0,1.0,4,True,0.02,True,0.15120392183584108,0.5722442051429013,197,6,4,0.24475351301239867,0.4467005076142132,0.9873096446700508,bending1:22;bending2:19;cycling:48;lying:48;sitting:48;standing:12,0:13;1:90;2:57;3:37,"{""0"": ""bending1"", ""1"": ""lying"", ""2"": ""sitting"", ""3"": ""cycling""}",0.5690368213435207,0.9061913454538397,0.8355537994584897,1.453147177188716
AReMActivities,3,auto_k4_min_0.02,STCG-v1 Weighted Ridge,100.0,0.01,4.0,1.0,4,True,0.02,True,0.15120392183584108,0.5722442051429013,197,6,4,0.24475351301239867,0.4467005076142132,0.9873096446700508,bending1:22;bending2:19;cycling:48;lying:48;sitting:48;standing:12,0:13;1:90;2:57;3:37,"{""0"": ""bending1"", ""1"": ""lying"", ""2"": ""sitting"", ""3"": ""cycling""}",0.5681820227282943,0.9056931839886714,0.8340917598843115,1.4536428331609808
AReMActivities,3,auto_k4_min_0.04,Dense Ridge,30.0,,,,4,True,0.04,True,0.15120392183584108,0.5722442051429013,197,6,4,0.24475351301239867,0.4467005076142132,0.9873096446700508,bending1:22;bending2:19;cycling:48;lying:48;sitting:48;standing:12,0:13;1:90;2:57;3:37,"{""0"": ""bending1"", ""1"": ""lying"", ""2"": ""sitting"", ""3"": ""cycling""}",0.5733895262668768,0.9109366077707814,0.8412092464597661,1.4550835330620835
AReMActivities,3,auto_k4_min_0.04,DynVAR-Lasso Weighted Ridge,30.0,0.01,4.0,1.0,4,True,0.04,True,0.15120392183584108,0.5722442051429013,197,6,4,0.24475351301239867,0.4467005076142132,0.9873096446700508,bending1:22;bending2:19;cycling:48;lying:48;sitting:48;standing:12,0:13;1:90;2:57;3:37,"{""0"": ""bending1"", ""1"": ""lying"", ""2"": ""sitting"", ""3"": ""cycling""}",0.5721313053294081,0.9095767313102849,0.8396643635096582,1.454485772146349
AReMActivities,3,auto_k4_min_0.04,STCG-v1 Weighted Ridge,30.0,0.01,4.0,1.0,4,True,0.04,True,0.15120392183584108,0.5722442051429013,197,6,4,0.24475351301239867,0.4467005076142132,0.9873096446700508,bending1:22;bending2:19;cycling:48;lying:48;sitting:48;standing:12,0:13;1:90;2:57;3:37,"{""0"": ""bending1"", ""1"": ""lying"", ""2"": ""sitting"", ""3"": ""cycling""}",0.5715657472549469,0.9092537148182502,0.8388112075150532,1.454538628471857
AReMActivities,3,auto_k4_min_0.04,Dense Ridge,100.0,,,,4,True,0.04,True,0.15120392183584108,0.5722442051429013,197,6,4,0.24475351301239867,0.4467005076142132,0.9873096446700508,bending1:22;bending2:19;cycling:48;lying:48;sitting:48;standing:12,0:13;1:90;2:57;3:37,"{""0"": ""bending1"", ""1"": ""lying"", ""2"": ""sitting"", ""3"": ""cycling""}",0.5719614744699092,0.9091155224705617,0.8390023121022033,1.454216576596745
AReMActivities,3,auto_k4_min_0.04,DynVAR-Lasso Weighted Ridge,100.0,0.01,4.0,1.0,4,True,0.04,True,0.15120392183584108,0.5722442051429013,197,6,4,0.24475351301239867,0.4467005076142132,0.9873096446700508,bending1:22;bending2:19;cycling:48;lying:48;sitting:48;standing:12,0:13;1:90;2:57;3:37,"{""0"": ""bending1"", ""1"": ""lying"", ""2"": ""sitting"", ""3"": ""cycling""}",0.5690368213435207,0.9061913454538397,0.8355537994584897,1.453147177188716
AReMActivities,3,auto_k4_min_0.04,STCG-v1 Weighted Ridge,100.0,0.01,4.0,1.0,4,True,0.04,True,0.15120392183584108,0.5722442051429013,197,6,4,0.24475351301239867,0.4467005076142132,0.9873096446700508,bending1:22;bending2:19;cycling:48;lying:48;sitting:48;standing:12,0:13;1:90;2:57;3:37,"{""0"": ""bending1"", ""1"": ""lying"", ""2"": ""sitting"", ""3"": ""cycling""}",0.5681820227282943,0.9056931839886714,0.8340917598843115,1.4536428331609808
AReMActivities,3,auto_k4_min_0.06,Dense Ridge,30.0,,,,4,True,0.06,True,0.15120392183584108,0.5722442051429013,197,6,4,0.24475351301239867,0.4467005076142132,0.9873096446700508,bending1:22;bending2:19;cycling:48;lying:48;sitting:48;standing:12,0:13;1:90;2:57;3:37,"{""0"": ""bending1"", ""1"": ""lying"", ""2"": ""sitting"", ""3"": ""cycling""}",0.5733895262668768,0.9109366077707814,0.8412092464597661,1.4550835330620835
AReMActivities,3,auto_k4_min_0.06,DynVAR-Lasso Weighted Ridge,30.0,0.01,4.0,1.0,4,True,0.06,True,0.15120392183584108,0.5722442051429013,197,6,4,0.24475351301239867,0.4467005076142132,0.9873096446700508,bending1:22;bending2:19;cycling:48;lying:48;sitting:48;standing:12,0:13;1:90;2:57;3:37,"{""0"": ""bending1"", ""1"": ""lying"", ""2"": ""sitting"", ""3"": ""cycling""}",0.5721313053294081,0.9095767313102849,0.8396643635096582,1.454485772146349
AReMActivities,3,auto_k4_min_0.06,STCG-v1 Weighted Ridge,30.0,0.01,4.0,1.0,4,True,0.06,True,0.15120392183584108,0.5722442051429013,197,6,4,0.24475351301239867,0.4467005076142132,0.9873096446700508,bending1:22;bending2:19;cycling:48;lying:48;sitting:48;standing:12,0:13;1:90;2:57;3:37,"{""0"": ""bending1"", ""1"": ""lying"", ""2"": ""sitting"", ""3"": ""cycling""}",0.5715657472549469,0.9092537148182502,0.8388112075150532,1.454538628471857
AReMActivities,3,auto_k4_min_0.06,Dense Ridge,100.0,,,,4,True,0.06,True,0.15120392183584108,0.5722442051429013,197,6,4,0.24475351301239867,0.4467005076142132,0.9873096446700508,bending1:22;bending2:19;cycling:48;lying:48;sitting:48;standing:12,0:13;1:90;2:57;3:37,"{""0"": ""bending1"", ""1"": ""lying"", ""2"": ""sitting"", ""3"": ""cycling""}",0.5719614744699092,0.9091155224705617,0.8390023121022033,1.454216576596745
AReMActivities,3,auto_k4_min_0.06,DynVAR-Lasso Weighted Ridge,100.0,0.01,4.0,1.0,4,True,0.06,True,0.15120392183584108,0.5722442051429013,197,6,4,0.24475351301239867,0.4467005076142132,0.9873096446700508,bending1:22;bending2:19;cycling:48;lying:48;sitting:48;standing:12,0:13;1:90;2:57;3:37,"{""0"": ""bending1"", ""1"": ""lying"", ""2"": ""sitting"", ""3"": ""cycling""}",0.5690368213435207,0.9061913454538397,0.8355537994584897,1.453147177188716
AReMActivities,3,auto_k4_min_0.06,STCG-v1 Weighted Ridge,100.0,0.01,4.0,1.0,4,True,0.06,True,0.15120392183584108,0.5722442051429013,197,6,4,0.24475351301239867,0.4467005076142132,0.9873096446700508,bending1:22;bending2:19;cycling:48;lying:48;sitting:48;standing:12,0:13;1:90;2:57;3:37,"{""0"": ""bending1"", ""1"": ""lying"", ""2"": ""sitting"", ""3"": ""cycling""}",0.5681820227282943,0.9056931839886714,0.8340917598843115,1.4536428331609808
AReMActivities,3,auto_k4_min_0.08,Dense Ridge,30.0,,,,4,True,0.08,True,0.15120392183584108,0.5722442051429013,197,6,4,0.24475351301239867,0.4467005076142132,0.9873096446700508,bending1:22;bending2:19;cycling:48;lying:48;sitting:48;standing:12,0:13;1:90;2:57;3:37,"{""0"": ""bending1"", ""1"": ""lying"", ""2"": ""sitting"", ""3"": ""cycling""}",0.5733895262668768,0.9109366077707814,0.8412092464597661,1.4550835330620835
AReMActivities,3,auto_k4_min_0.08,DynVAR-Lasso Weighted Ridge,30.0,0.01,4.0,1.0,4,True,0.08,True,0.15120392183584108,0.5722442051429013,197,6,4,0.24475351301239867,0.4467005076142132,0.9873096446700508,bending1:22;bending2:19;cycling:48;lying:48;sitting:48;standing:12,0:13;1:90;2:57;3:37,"{""0"": ""bending1"", ""1"": ""lying"", ""2"": ""sitting"", ""3"": ""cycling""}",0.5721313053294081,0.9095767313102849,0.8396643635096582,1.454485772146349
AReMActivities,3,auto_k4_min_0.08,STCG-v1 Weighted Ridge,30.0,0.01,4.0,1.0,4,True,0.08,True,0.15120392183584108,0.5722442051429013,197,6,4,0.24475351301239867,0.4467005076142132,0.9873096446700508,bending1:22;bending2:19;cycling:48;lying:48;sitting:48;standing:12,0:13;1:90;2:57;3:37,"{""0"": ""bending1"", ""1"": ""lying"", ""2"": ""sitting"", ""3"": ""cycling""}",0.5715657472549469,0.9092537148182502,0.8388112075150532,1.454538628471857
AReMActivities,3,auto_k4_min_0.08,Dense Ridge,100.0,,,,4,True,0.08,True,0.15120392183584108,0.5722442051429013,197,6,4,0.24475351301239867,0.4467005076142132,0.9873096446700508,bending1:22;bending2:19;cycling:48;lying:48;sitting:48;standing:12,0:13;1:90;2:57;3:37,"{""0"": ""bending1"", ""1"": ""lying"", ""2"": ""sitting"", ""3"": ""cycling""}",0.5719614744699092,0.9091155224705617,0.8390023121022033,1.454216576596745
AReMActivities,3,auto_k4_min_0.08,DynVAR-Lasso Weighted Ridge,100.0,0.01,4.0,1.0,4,True,0.08,True,0.15120392183584108,0.5722442051429013,197,6,4,0.24475351301239867,0.4467005076142132,0.9873096446700508,bending1:22;bending2:19;cycling:48;lying:48;sitting:48;standing:12,0:13;1:90;2:57;3:37,"{""0"": ""bending1"", ""1"": ""lying"", ""2"": ""sitting"", ""3"": ""cycling""}",0.5690368213435207,0.9061913454538397,0.8355537994584897,1.453147177188716
AReMActivities,3,auto_k4_min_0.08,STCG-v1 Weighted Ridge,100.0,0.01,4.0,1.0,4,True,0.08,True,0.15120392183584108,0.5722442051429013,197,6,4,0.24475351301239867,0.4467005076142132,0.9873096446700508,bending1:22;bending2:19;cycling:48;lying:48;sitting:48;standing:12,0:13;1:90;2:57;3:37,"{""0"": ""bending1"", ""1"": ""lying"", ""2"": ""sitting"", ""3"": ""cycling""}",0.5681820227282943,0.9056931839886714,0.8340917598843115,1.4536428331609808
AReMActivities,3,auto_k4_min_0.10,Dense Ridge,30.0,,,,4,True,0.1,True,0.15120392183584108,0.5722442051429013,197,6,4,0.24475351301239867,0.4467005076142132,0.9873096446700508,bending1:22;bending2:19;cycling:48;lying:48;sitting:48;standing:12,0:13;1:90;2:57;3:37,"{""0"": ""bending1"", ""1"": ""lying"", ""2"": ""sitting"", ""3"": ""cycling""}",0.5733895262668768,0.9109366077707814,0.8412092464597661,1.4550835330620835
AReMActivities,3,auto_k4_min_0.10,DynVAR-Lasso Weighted Ridge,30.0,0.01,4.0,1.0,4,True,0.1,True,0.15120392183584108,0.5722442051429013,197,6,4,0.24475351301239867,0.4467005076142132,0.9873096446700508,bending1:22;bending2:19;cycling:48;lying:48;sitting:48;standing:12,0:13;1:90;2:57;3:37,"{""0"": ""bending1"", ""1"": ""lying"", ""2"": ""sitting"", ""3"": ""cycling""}",0.5721313053294081,0.9095767313102849,0.8396643635096582,1.454485772146349
AReMActivities,3,auto_k4_min_0.10,STCG-v1 Weighted Ridge,30.0,0.01,4.0,1.0,4,True,0.1,True,0.15120392183584108,0.5722442051429013,197,6,4,0.24475351301239867,0.4467005076142132,0.9873096446700508,bending1:22;bending2:19;cycling:48;lying:48;sitting:48;standing:12,0:13;1:90;2:57;3:37,"{""0"": ""bending1"", ""1"": ""lying"", ""2"": ""sitting"", ""3"": ""cycling""}",0.5715657472549469,0.9092537148182502,0.8388112075150532,1.454538628471857
AReMActivities,3,auto_k4_min_0.10,Dense Ridge,100.0,,,,4,True,0.1,True,0.15120392183584108,0.5722442051429013,197,6,4,0.24475351301239867,0.4467005076142132,0.9873096446700508,bending1:22;bending2:19;cycling:48;lying:48;sitting:48;standing:12,0:13;1:90;2:57;3:37,"{""0"": ""bending1"", ""1"": ""lying"", ""2"": ""sitting"", ""3"": ""cycling""}",0.5719614744699092,0.9091155224705617,0.8390023121022033,1.454216576596745
AReMActivities,3,auto_k4_min_0.10,DynVAR-Lasso Weighted Ridge,100.0,0.01,4.0,1.0,4,True,0.1,True,0.15120392183584108,0.5722442051429013,197,6,4,0.24475351301239867,0.4467005076142132,0.9873096446700508,bending1:22;bending2:19;cycling:48;lying:48;sitting:48;standing:12,0:13;1:90;2:57;3:37,"{""0"": ""bending1"", ""1"": ""lying"", ""2"": ""sitting"", ""3"": ""cycling""}",0.5690368213435207,0.9061913454538397,0.8355537994584897,1.453147177188716
AReMActivities,3,auto_k4_min_0.10,STCG-v1 Weighted Ridge,100.0,0.01,4.0,1.0,4,True,0.1,True,0.15120392183584108,0.5722442051429013,197,6,4,0.24475351301239867,0.4467005076142132,0.9873096446700508,bending1:22;bending2:19;cycling:48;lying:48;sitting:48;standing:12,0:13;1:90;2:57;3:37,"{""0"": ""bending1"", ""1"": ""lying"", ""2"": ""sitting"", ""3"": ""cycling""}",0.5681820227282943,0.9056931839886714,0.8340917598843115,1.4536428331609808
AReMActivities,3,auto_k4_min_0.12,Dense Ridge,30.0,,,,4,True,0.12,True,0.15120392183584108,0.5722442051429013,197,6,4,0.24475351301239867,0.4467005076142132,0.9873096446700508,bending1:22;bending2:19;cycling:48;lying:48;sitting:48;standing:12,0:13;1:90;2:57;3:37,"{""0"": ""bending1"", ""1"": ""lying"", ""2"": ""sitting"", ""3"": ""cycling""}",0.5733895262668768,0.9109366077707814,0.8412092464597661,1.4550835330620835
AReMActivities,3,auto_k4_min_0.12,DynVAR-Lasso Weighted Ridge,30.0,0.01,4.0,1.0,4,True,0.12,True,0.15120392183584108,0.5722442051429013,197,6,4,0.24475351301239867,0.4467005076142132,0.9873096446700508,bending1:22;bending2:19;cycling:48;lying:48;sitting:48;standing:12,0:13;1:90;2:57;3:37,"{""0"": ""bending1"", ""1"": ""lying"", ""2"": ""sitting"", ""3"": ""cycling""}",0.5721313053294081,0.9095767313102849,0.8396643635096582,1.454485772146349
AReMActivities,3,auto_k4_min_0.12,STCG-v1 Weighted Ridge,30.0,0.01,4.0,1.0,4,True,0.12,True,0.15120392183584108,0.5722442051429013,197,6,4,0.24475351301239867,0.4467005076142132,0.9873096446700508,bending1:22;bending2:19;cycling:48;lying:48;sitting:48;standing:12,0:13;1:90;2:57;3:37,"{""0"": ""bending1"", ""1"": ""lying"", ""2"": ""sitting"", ""3"": ""cycling""}",0.5715657472549469,0.9092537148182502,0.8388112075150532,1.454538628471857
AReMActivities,3,auto_k4_min_0.12,Dense Ridge,100.0,,,,4,True,0.12,True,0.15120392183584108,0.5722442051429013,197,6,4,0.24475351301239867,0.4467005076142132,0.9873096446700508,bending1:22;bending2:19;cycling:48;lying:48;sitting:48;standing:12,0:13;1:90;2:57;3:37,"{""0"": ""bending1"", ""1"": ""lying"", ""2"": ""sitting"", ""3"": ""cycling""}",0.5719614744699092,0.9091155224705617,0.8390023121022033,1.454216576596745
AReMActivities,3,auto_k4_min_0.12,DynVAR-Lasso Weighted Ridge,100.0,0.01,4.0,1.0,4,True,0.12,True,0.15120392183584108,0.5722442051429013,197,6,4,0.24475351301239867,0.4467005076142132,0.9873096446700508,bending1:22;bending2:19;cycling:48;lying:48;sitting:48;standing:12,0:13;1:90;2:57;3:37,"{""0"": ""bending1"", ""1"": ""lying"", ""2"": ""sitting"", ""3"": ""cycling""}",0.5690368213435207,0.9061913454538397,0.8355537994584897,1.453147177188716
AReMActivities,3,auto_k4_min_0.12,STCG-v1 Weighted Ridge,100.0,0.01,4.0,1.0,4,True,0.12,True,0.15120392183584108,0.5722442051429013,197,6,4,0.24475351301239867,0.4467005076142132,0.9873096446700508,bending1:22;bending2:19;cycling:48;lying:48;sitting:48;standing:12,0:13;1:90;2:57;3:37,"{""0"": ""bending1"", ""1"": ""lying"", ""2"": ""sitting"", ""3"": ""cycling""}",0.5681820227282943,0.9056931839886714,0.8340917598843115,1.4536428331609808
AReMActivities,3,auto_k4_min_0.16,Dense Ridge,30.0,,,,4,True,0.16,False,0.15120392183584108,0.5722442051429013,197,6,1,0.0,0.2436548223350254,0.9873096446700508,bending1:22;bending2:19;cycling:48;lying:48;sitting:48;standing:12,0:197,"{""0"": ""cycling""}",0.5733895262668768,0.9109366077707814,0.8412092464597661,1.4550835330620835
AReMActivities,3,auto_k4_min_0.16,DynVAR-Lasso Weighted Ridge,30.0,0.01,4.0,1.0,4,True,0.16,False,0.15120392183584108,0.5722442051429013,197,6,1,0.0,0.2436548223350254,0.9873096446700508,bending1:22;bending2:19;cycling:48;lying:48;sitting:48;standing:12,0:197,"{""0"": ""cycling""}",0.5721313053294081,0.9095767313102849,0.8396643635096582,1.454485772146349
AReMActivities,3,auto_k4_min_0.16,STCG-v1 Weighted Ridge,30.0,0.01,4.0,1.0,4,True,0.16,False,0.15120392183584108,0.5722442051429013,197,6,1,0.0,0.2436548223350254,0.9873096446700508,bending1:22;bending2:19;cycling:48;lying:48;sitting:48;standing:12,0:197,"{""0"": ""cycling""}",0.5721313053294081,0.9095767313102849,0.8396643635096582,1.454485772146349
AReMActivities,3,auto_k4_min_0.16,Dense Ridge,100.0,,,,4,True,0.16,False,0.15120392183584108,0.5722442051429013,197,6,1,0.0,0.2436548223350254,0.9873096446700508,bending1:22;bending2:19;cycling:48;lying:48;sitting:48;standing:12,0:197,"{""0"": ""cycling""}",0.5719614744699092,0.9091155224705617,0.8390023121022033,1.454216576596745
AReMActivities,3,auto_k4_min_0.16,DynVAR-Lasso Weighted Ridge,100.0,0.01,4.0,1.0,4,True,0.16,False,0.15120392183584108,0.5722442051429013,197,6,1,0.0,0.2436548223350254,0.9873096446700508,bending1:22;bending2:19;cycling:48;lying:48;sitting:48;standing:12,0:197,"{""0"": ""cycling""}",0.5690368213435207,0.9061913454538397,0.8355537994584897,1.453147177188716
AReMActivities,3,auto_k4_min_0.16,STCG-v1 Weighted Ridge,100.0,0.01,4.0,1.0,4,True,0.16,False,0.15120392183584108,0.5722442051429013,197,6,1,0.0,0.2436548223350254,0.9873096446700508,bending1:22;bending2:19;cycling:48;lying:48;sitting:48;standing:12,0:197,"{""0"": ""cycling""}",0.5690368213435207,0.9061913454538397,0.8355537994584897,1.453147177188716
AReMActivities,3,auto_k4_min_0.20,Dense Ridge,30.0,,,,4,True,0.2,False,0.15120392183584108,0.5722442051429013,197,6,1,0.0,0.2436548223350254,0.9873096446700508,bending1:22;bending2:19;cycling:48;lying:48;sitting:48;standing:12,0:197,"{""0"": ""cycling""}",0.5733895262668768,0.9109366077707814,0.8412092464597661,1.4550835330620835
AReMActivities,3,auto_k4_min_0.20,DynVAR-Lasso Weighted Ridge,30.0,0.01,4.0,1.0,4,True,0.2,False,0.15120392183584108,0.5722442051429013,197,6,1,0.0,0.2436548223350254,0.9873096446700508,bending1:22;bending2:19;cycling:48;lying:48;sitting:48;standing:12,0:197,"{""0"": ""cycling""}",0.5721313053294081,0.9095767313102849,0.8396643635096582,1.454485772146349
AReMActivities,3,auto_k4_min_0.20,STCG-v1 Weighted Ridge,30.0,0.01,4.0,1.0,4,True,0.2,False,0.15120392183584108,0.5722442051429013,197,6,1,0.0,0.2436548223350254,0.9873096446700508,bending1:22;bending2:19;cycling:48;lying:48;sitting:48;standing:12,0:197,"{""0"": ""cycling""}",0.5721313053294081,0.9095767313102849,0.8396643635096582,1.454485772146349
AReMActivities,3,auto_k4_min_0.20,Dense Ridge,100.0,,,,4,True,0.2,False,0.15120392183584108,0.5722442051429013,197,6,1,0.0,0.2436548223350254,0.9873096446700508,bending1:22;bending2:19;cycling:48;lying:48;sitting:48;standing:12,0:197,"{""0"": ""cycling""}",0.5719614744699092,0.9091155224705617,0.8390023121022033,1.454216576596745
AReMActivities,3,auto_k4_min_0.20,DynVAR-Lasso Weighted Ridge,100.0,0.01,4.0,1.0,4,True,0.2,False,0.15120392183584108,0.5722442051429013,197,6,1,0.0,0.2436548223350254,0.9873096446700508,bending1:22;bending2:19;cycling:48;lying:48;sitting:48;standing:12,0:197,"{""0"": ""cycling""}",0.5690368213435207,0.9061913454538397,0.8355537994584897,1.453147177188716
AReMActivities,3,auto_k4_min_0.20,STCG-v1 Weighted Ridge,100.0,0.01,4.0,1.0,4,True,0.2,False,0.15120392183584108,0.5722442051429013,197,6,1,0.0,0.2436548223350254,0.9873096446700508,bending1:22;bending2:19;cycling:48;lying:48;sitting:48;standing:12,0:197,"{""0"": ""cycling""}",0.5690368213435207,0.9061913454538397,0.8355537994584897,1.453147177188716
AReMActivities,3,forced_k4,Dense Ridge,30.0,,,,4,False,0.0,True,0.15120392183584108,0.5722442051429013,197,6,4,0.24475351301239867,0.4467005076142132,0.9873096446700508,bending1:22;bending2:19;cycling:48;lying:48;sitting:48;standing:12,0:13;1:90;2:57;3:37,"{""0"": ""bending1"", ""1"": ""lying"", ""2"": ""sitting"", ""3"": ""cycling""}",0.5733895262668768,0.9109366077707814,0.8412092464597661,1.4550835330620835
AReMActivities,3,forced_k4,DynVAR-Lasso Weighted Ridge,30.0,0.01,4.0,1.0,4,False,0.0,True,0.15120392183584108,0.5722442051429013,197,6,4,0.24475351301239867,0.4467005076142132,0.9873096446700508,bending1:22;bending2:19;cycling:48;lying:48;sitting:48;standing:12,0:13;1:90;2:57;3:37,"{""0"": ""bending1"", ""1"": ""lying"", ""2"": ""sitting"", ""3"": ""cycling""}",0.5721313053294081,0.9095767313102849,0.8396643635096582,1.454485772146349
AReMActivities,3,forced_k4,STCG-v1 Weighted Ridge,30.0,0.01,4.0,1.0,4,False,0.0,True,0.15120392183584108,0.5722442051429013,197,6,4,0.24475351301239867,0.4467005076142132,0.9873096446700508,bending1:22;bending2:19;cycling:48;lying:48;sitting:48;standing:12,0:13;1:90;2:57;3:37,"{""0"": ""bending1"", ""1"": ""lying"", ""2"": ""sitting"", ""3"": ""cycling""}",0.5715657472549469,0.9092537148182502,0.8388112075150532,1.454538628471857
AReMActivities,3,forced_k4,Dense Ridge,100.0,,,,4,False,0.0,True,0.15120392183584108,0.5722442051429013,197,6,4,0.24475351301239867,0.4467005076142132,0.9873096446700508,bending1:22;bending2:19;cycling:48;lying:48;sitting:48;standing:12,0:13;1:90;2:57;3:37,"{""0"": ""bending1"", ""1"": ""lying"", ""2"": ""sitting"", ""3"": ""cycling""}",0.5719614744699092,0.9091155224705617,0.8390023121022033,1.454216576596745
AReMActivities,3,forced_k4,DynVAR-Lasso Weighted Ridge,100.0,0.01,4.0,1.0,4,False,0.0,True,0.15120392183584108,0.5722442051429013,197,6,4,0.24475351301239867,0.4467005076142132,0.9873096446700508,bending1:22;bending2:19;cycling:48;lying:48;sitting:48;standing:12,0:13;1:90;2:57;3:37,"{""0"": ""bending1"", ""1"": ""lying"", ""2"": ""sitting"", ""3"": ""cycling""}",0.5690368213435207,0.9061913454538397,0.8355537994584897,1.453147177188716
AReMActivities,3,forced_k4,STCG-v1 Weighted Ridge,100.0,0.01,4.0,1.0,4,False,0.0,True,0.15120392183584108,0.5722442051429013,197,6,4,0.24475351301239867,0.4467005076142132,0.9873096446700508,bending1:22;bending2:19;cycling:48;lying:48;sitting:48;standing:12,0:13;1:90;2:57;3:37,"{""0"": ""bending1"", ""1"": ""lying"", ""2"": ""sitting"", ""3"": ""cycling""}",0.5681820227282943,0.9056931839886714,0.8340917598843115,1.4536428331609808
AReMActivities,4,auto_k2_min_0.00,Dense Ridge,30.0,,,,2,True,0.0,True,0.09828218549989783,0.9202235688796065,197,6,2,0.2505899802096966,0.4873096446700508,0.9873096446700508,bending1:22;bending2:19;cycling:48;lying:48;sitting:48;standing:12,0:51;1:146,"{""0"": ""cycling"", ""1"": ""sitting""}",0.5733895262668768,0.9109366077707814,0.8412092464597661,1.4550835330620835
AReMActivities,4,auto_k2_min_0.00,DynVAR-Lasso Weighted Ridge,30.0,0.01,4.0,1.0,2,True,0.0,True,0.09828218549989783,0.9202235688796065,197,6,2,0.2505899802096966,0.4873096446700508,0.9873096446700508,bending1:22;bending2:19;cycling:48;lying:48;sitting:48;standing:12,0:51;1:146,"{""0"": ""cycling"", ""1"": ""sitting""}",0.5721313053294081,0.9095767313102849,0.8396643635096582,1.454485772146349
AReMActivities,4,auto_k2_min_0.00,STCG-v1 Weighted Ridge,30.0,0.01,4.0,1.0,2,True,0.0,True,0.09828218549989783,0.9202235688796065,197,6,2,0.2505899802096966,0.4873096446700508,0.9873096446700508,bending1:22;bending2:19;cycling:48;lying:48;sitting:48;standing:12,0:51;1:146,"{""0"": ""cycling"", ""1"": ""sitting""}",0.5715653378745336,0.9091719198302292,0.8388110245169411,1.4547197319907905
AReMActivities,4,auto_k2_min_0.00,Dense Ridge,100.0,,,,2,True,0.0,True,0.09828218549989783,0.9202235688796065,197,6,2,0.2505899802096966,0.4873096446700508,0.9873096446700508,bending1:22;bending2:19;cycling:48;lying:48;sitting:48;standing:12,0:51;1:146,"{""0"": ""cycling"", ""1"": ""sitting""}",0.5719614744699092,0.9091155224705617,0.8390023121022033,1.454216576596745
AReMActivities,4,auto_k2_min_0.00,DynVAR-Lasso Weighted Ridge,100.0,0.01,4.0,1.0,2,True,0.0,True,0.09828218549989783,0.9202235688796065,197,6,2,0.2505899802096966,0.4873096446700508,0.9873096446700508,bending1:22;bending2:19;cycling:48;lying:48;sitting:48;standing:12,0:51;1:146,"{""0"": ""cycling"", ""1"": ""sitting""}",0.5690368213435207,0.9061913454538397,0.8355537994584897,1.453147177188716
AReMActivities,4,auto_k2_min_0.00,STCG-v1 Weighted Ridge,100.0,0.01,4.0,1.0,2,True,0.0,True,0.09828218549989783,0.9202235688796065,197,6,2,0.2505899802096966,0.4873096446700508,0.9873096446700508,bending1:22;bending2:19;cycling:48;lying:48;sitting:48;standing:12,0:51;1:146,"{""0"": ""cycling"", ""1"": ""sitting""}",0.568235906370142,0.9057593243797266,0.8342702349030438,1.4539258250619385
AReMActivities,4,auto_k2_min_0.02,Dense Ridge,30.0,,,,2,True,0.02,True,0.09828218549989783,0.9202235688796065,197,6,2,0.2505899802096966,0.4873096446700508,0.9873096446700508,bending1:22;bending2:19;cycling:48;lying:48;sitting:48;standing:12,0:51;1:146,"{""0"": ""cycling"", ""1"": ""sitting""}",0.5733895262668768,0.9109366077707814,0.8412092464597661,1.4550835330620835
AReMActivities,4,auto_k2_min_0.02,DynVAR-Lasso Weighted Ridge,30.0,0.01,4.0,1.0,2,True,0.02,True,0.09828218549989783,0.9202235688796065,197,6,2,0.2505899802096966,0.4873096446700508,0.9873096446700508,bending1:22;bending2:19;cycling:48;lying:48;sitting:48;standing:12,0:51;1:146,"{""0"": ""cycling"", ""1"": ""sitting""}",0.5721313053294081,0.9095767313102849,0.8396643635096582,1.454485772146349
AReMActivities,4,auto_k2_min_0.02,STCG-v1 Weighted Ridge,30.0,0.01,4.0,1.0,2,True,0.02,True,0.09828218549989783,0.9202235688796065,197,6,2,0.2505899802096966,0.4873096446700508,0.9873096446700508,bending1:22;bending2:19;cycling:48;lying:48;sitting:48;standing:12,0:51;1:146,"{""0"": ""cycling"", ""1"": ""sitting""}",0.5715653378745336,0.9091719198302292,0.8388110245169411,1.4547197319907905
AReMActivities,4,auto_k2_min_0.02,Dense Ridge,100.0,,,,2,True,0.02,True,0.09828218549989783,0.9202235688796065,197,6,2,0.2505899802096966,0.4873096446700508,0.9873096446700508,bending1:22;bending2:19;cycling:48;lying:48;sitting:48;standing:12,0:51;1:146,"{""0"": ""cycling"", ""1"": ""sitting""}",0.5719614744699092,0.9091155224705617,0.8390023121022033,1.454216576596745
AReMActivities,4,auto_k2_min_0.02,DynVAR-Lasso Weighted Ridge,100.0,0.01,4.0,1.0,2,True,0.02,True,0.09828218549989783,0.9202235688796065,197,6,2,0.2505899802096966,0.4873096446700508,0.9873096446700508,bending1:22;bending2:19;cycling:48;lying:48;sitting:48;standing:12,0:51;1:146,"{""0"": ""cycling"", ""1"": ""sitting""}",0.5690368213435207,0.9061913454538397,0.8355537994584897,1.453147177188716
AReMActivities,4,auto_k2_min_0.02,STCG-v1 Weighted Ridge,100.0,0.01,4.0,1.0,2,True,0.02,True,0.09828218549989783,0.9202235688796065,197,6,2,0.2505899802096966,0.4873096446700508,0.9873096446700508,bending1:22;bending2:19;cycling:48;lying:48;sitting:48;standing:12,0:51;1:146,"{""0"": ""cycling"", ""1"": ""sitting""}",0.568235906370142,0.9057593243797266,0.8342702349030438,1.4539258250619385
AReMActivities,4,auto_k2_min_0.04,Dense Ridge,30.0,,,,2,True,0.04,True,0.09828218549989783,0.9202235688796065,197,6,2,0.2505899802096966,0.4873096446700508,0.9873096446700508,bending1:22;bending2:19;cycling:48;lying:48;sitting:48;standing:12,0:51;1:146,"{""0"": ""cycling"", ""1"": ""sitting""}",0.5733895262668768,0.9109366077707814,0.8412092464597661,1.4550835330620835
AReMActivities,4,auto_k2_min_0.04,DynVAR-Lasso Weighted Ridge,30.0,0.01,4.0,1.0,2,True,0.04,True,0.09828218549989783,0.9202235688796065,197,6,2,0.2505899802096966,0.4873096446700508,0.9873096446700508,bending1:22;bending2:19;cycling:48;lying:48;sitting:48;standing:12,0:51;1:146,"{""0"": ""cycling"", ""1"": ""sitting""}",0.5721313053294081,0.9095767313102849,0.8396643635096582,1.454485772146349
AReMActivities,4,auto_k2_min_0.04,STCG-v1 Weighted Ridge,30.0,0.01,4.0,1.0,2,True,0.04,True,0.09828218549989783,0.9202235688796065,197,6,2,0.2505899802096966,0.4873096446700508,0.9873096446700508,bending1:22;bending2:19;cycling:48;lying:48;sitting:48;standing:12,0:51;1:146,"{""0"": ""cycling"", ""1"": ""sitting""}",0.5715653378745336,0.9091719198302292,0.8388110245169411,1.4547197319907905
AReMActivities,4,auto_k2_min_0.04,Dense Ridge,100.0,,,,2,True,0.04,True,0.09828218549989783,0.9202235688796065,197,6,2,0.2505899802096966,0.4873096446700508,0.9873096446700508,bending1:22;bending2:19;cycling:48;lying:48;sitting:48;standing:12,0:51;1:146,"{""0"": ""cycling"", ""1"": ""sitting""}",0.5719614744699092,0.9091155224705617,0.8390023121022033,1.454216576596745
AReMActivities,4,auto_k2_min_0.04,DynVAR-Lasso Weighted Ridge,100.0,0.01,4.0,1.0,2,True,0.04,True,0.09828218549989783,0.9202235688796065,197,6,2,0.2505899802096966,0.4873096446700508,0.9873096446700508,bending1:22;bending2:19;cycling:48;lying:48;sitting:48;standing:12,0:51;1:146,"{""0"": ""cycling"", ""1"": ""sitting""}",0.5690368213435207,0.9061913454538397,0.8355537994584897,1.453147177188716
AReMActivities,4,auto_k2_min_0.04,STCG-v1 Weighted Ridge,100.0,0.01,4.0,1.0,2,True,0.04,True,0.09828218549989783,0.9202235688796065,197,6,2,0.2505899802096966,0.4873096446700508,0.9873096446700508,bending1:22;bending2:19;cycling:48;lying:48;sitting:48;standing:12,0:51;1:146,"{""0"": ""cycling"", ""1"": ""sitting""}",0.568235906370142,0.9057593243797266,0.8342702349030438,1.4539258250619385
AReMActivities,4,auto_k2_min_0.06,Dense Ridge,30.0,,,,2,True,0.06,True,0.09828218549989783,0.9202235688796065,197,6,2,0.2505899802096966,0.4873096446700508,0.9873096446700508,bending1:22;bending2:19;cycling:48;lying:48;sitting:48;standing:12,0:51;1:146,"{""0"": ""cycling"", ""1"": ""sitting""}",0.5733895262668768,0.9109366077707814,0.8412092464597661,1.4550835330620835
AReMActivities,4,auto_k2_min_0.06,DynVAR-Lasso Weighted Ridge,30.0,0.01,4.0,1.0,2,True,0.06,True,0.09828218549989783,0.9202235688796065,197,6,2,0.2505899802096966,0.4873096446700508,0.9873096446700508,bending1:22;bending2:19;cycling:48;lying:48;sitting:48;standing:12,0:51;1:146,"{""0"": ""cycling"", ""1"": ""sitting""}",0.5721313053294081,0.9095767313102849,0.8396643635096582,1.454485772146349
AReMActivities,4,auto_k2_min_0.06,STCG-v1 Weighted Ridge,30.0,0.01,4.0,1.0,2,True,0.06,True,0.09828218549989783,0.9202235688796065,197,6,2,0.2505899802096966,0.4873096446700508,0.9873096446700508,bending1:22;bending2:19;cycling:48;lying:48;sitting:48;standing:12,0:51;1:146,"{""0"": ""cycling"", ""1"": ""sitting""}",0.5715653378745336,0.9091719198302292,0.8388110245169411,1.4547197319907905
AReMActivities,4,auto_k2_min_0.06,Dense Ridge,100.0,,,,2,True,0.06,True,0.09828218549989783,0.9202235688796065,197,6,2,0.2505899802096966,0.4873096446700508,0.9873096446700508,bending1:22;bending2:19;cycling:48;lying:48;sitting:48;standing:12,0:51;1:146,"{""0"": ""cycling"", ""1"": ""sitting""}",0.5719614744699092,0.9091155224705617,0.8390023121022033,1.454216576596745
AReMActivities,4,auto_k2_min_0.06,DynVAR-Lasso Weighted Ridge,100.0,0.01,4.0,1.0,2,True,0.06,True,0.09828218549989783,0.9202235688796065,197,6,2,0.2505899802096966,0.4873096446700508,0.9873096446700508,bending1:22;bending2:19;cycling:48;lying:48;sitting:48;standing:12,0:51;1:146,"{""0"": ""cycling"", ""1"": ""sitting""}",0.5690368213435207,0.9061913454538397,0.8355537994584897,1.453147177188716
AReMActivities,4,auto_k2_min_0.06,STCG-v1 Weighted Ridge,100.0,0.01,4.0,1.0,2,True,0.06,True,0.09828218549989783,0.9202235688796065,197,6,2,0.2505899802096966,0.4873096446700508,0.9873096446700508,bending1:22;bending2:19;cycling:48;lying:48;sitting:48;standing:12,0:51;1:146,"{""0"": ""cycling"", ""1"": ""sitting""}",0.568235906370142,0.9057593243797266,0.8342702349030438,1.4539258250619385
AReMActivities,4,auto_k2_min_0.08,Dense Ridge,30.0,,,,2,True,0.08,True,0.09828218549989783,0.9202235688796065,197,6,2,0.2505899802096966,0.4873096446700508,0.9873096446700508,bending1:22;bending2:19;cycling:48;lying:48;sitting:48;standing:12,0:51;1:146,"{""0"": ""cycling"", ""1"": ""sitting""}",0.5733895262668768,0.9109366077707814,0.8412092464597661,1.4550835330620835
AReMActivities,4,auto_k2_min_0.08,DynVAR-Lasso Weighted Ridge,30.0,0.01,4.0,1.0,2,True,0.08,True,0.09828218549989783,0.9202235688796065,197,6,2,0.2505899802096966,0.4873096446700508,0.9873096446700508,bending1:22;bending2:19;cycling:48;lying:48;sitting:48;standing:12,0:51;1:146,"{""0"": ""cycling"", ""1"": ""sitting""}",0.5721313053294081,0.9095767313102849,0.8396643635096582,1.454485772146349
AReMActivities,4,auto_k2_min_0.08,STCG-v1 Weighted Ridge,30.0,0.01,4.0,1.0,2,True,0.08,True,0.09828218549989783,0.9202235688796065,197,6,2,0.2505899802096966,0.4873096446700508,0.9873096446700508,bending1:22;bending2:19;cycling:48;lying:48;sitting:48;standing:12,0:51;1:146,"{""0"": ""cycling"", ""1"": ""sitting""}",0.5715653378745336,0.9091719198302292,0.8388110245169411,1.4547197319907905
AReMActivities,4,auto_k2_min_0.08,Dense Ridge,100.0,,,,2,True,0.08,True,0.09828218549989783,0.9202235688796065,197,6,2,0.2505899802096966,0.4873096446700508,0.9873096446700508,bending1:22;bending2:19;cycling:48;lying:48;sitting:48;standing:12,0:51;1:146,"{""0"": ""cycling"", ""1"": ""sitting""}",0.5719614744699092,0.9091155224705617,0.8390023121022033,1.454216576596745
AReMActivities,4,auto_k2_min_0.08,DynVAR-Lasso Weighted Ridge,100.0,0.01,4.0,1.0,2,True,0.08,True,0.09828218549989783,0.9202235688796065,197,6,2,0.2505899802096966,0.4873096446700508,0.9873096446700508,bending1:22;bending2:19;cycling:48;lying:48;sitting:48;standing:12,0:51;1:146,"{""0"": ""cycling"", ""1"": ""sitting""}",0.5690368213435207,0.9061913454538397,0.8355537994584897,1.453147177188716
AReMActivities,4,auto_k2_min_0.08,STCG-v1 Weighted Ridge,100.0,0.01,4.0,1.0,2,True,0.08,True,0.09828218549989783,0.9202235688796065,197,6,2,0.2505899802096966,0.4873096446700508,0.9873096446700508,bending1:22;bending2:19;cycling:48;lying:48;sitting:48;standing:12,0:51;1:146,"{""0"": ""cycling"", ""1"": ""sitting""}",0.568235906370142,0.9057593243797266,0.8342702349030438,1.4539258250619385
AReMActivities,4,auto_k2_min_0.10,Dense Ridge,30.0,,,,2,True,0.1,True,0.09828218549989783,0.9202235688796065,197,6,2,0.2505899802096966,0.4873096446700508,0.9873096446700508,bending1:22;bending2:19;cycling:48;lying:48;sitting:48;standing:12,0:51;1:146,"{""0"": ""cycling"", ""1"": ""sitting""}",0.5733895262668768,0.9109366077707814,0.8412092464597661,1.4550835330620835
AReMActivities,4,auto_k2_min_0.10,DynVAR-Lasso Weighted Ridge,30.0,0.01,4.0,1.0,2,True,0.1,True,0.09828218549989783,0.9202235688796065,197,6,2,0.2505899802096966,0.4873096446700508,0.9873096446700508,bending1:22;bending2:19;cycling:48;lying:48;sitting:48;standing:12,0:51;1:146,"{""0"": ""cycling"", ""1"": ""sitting""}",0.5721313053294081,0.9095767313102849,0.8396643635096582,1.454485772146349
AReMActivities,4,auto_k2_min_0.10,STCG-v1 Weighted Ridge,30.0,0.01,4.0,1.0,2,True,0.1,True,0.09828218549989783,0.9202235688796065,197,6,2,0.2505899802096966,0.4873096446700508,0.9873096446700508,bending1:22;bending2:19;cycling:48;lying:48;sitting:48;standing:12,0:51;1:146,"{""0"": ""cycling"", ""1"": ""sitting""}",0.5715653378745336,0.9091719198302292,0.8388110245169411,1.4547197319907905
AReMActivities,4,auto_k2_min_0.10,Dense Ridge,100.0,,,,2,True,0.1,True,0.09828218549989783,0.9202235688796065,197,6,2,0.2505899802096966,0.4873096446700508,0.9873096446700508,bending1:22;bending2:19;cycling:48;lying:48;sitting:48;standing:12,0:51;1:146,"{""0"": ""cycling"", ""1"": ""sitting""}",0.5719614744699092,0.9091155224705617,0.8390023121022033,1.454216576596745
AReMActivities,4,auto_k2_min_0.10,DynVAR-Lasso Weighted Ridge,100.0,0.01,4.0,1.0,2,True,0.1,True,0.09828218549989783,0.9202235688796065,197,6,2,0.2505899802096966,0.4873096446700508,0.9873096446700508,bending1:22;bending2:19;cycling:48;lying:48;sitting:48;standing:12,0:51;1:146,"{""0"": ""cycling"", ""1"": ""sitting""}",0.5690368213435207,0.9061913454538397,0.8355537994584897,1.453147177188716
AReMActivities,4,auto_k2_min_0.10,STCG-v1 Weighted Ridge,100.0,0.01,4.0,1.0,2,True,0.1,True,0.09828218549989783,0.9202235688796065,197,6,2,0.2505899802096966,0.4873096446700508,0.9873096446700508,bending1:22;bending2:19;cycling:48;lying:48;sitting:48;standing:12,0:51;1:146,"{""0"": ""cycling"", ""1"": ""sitting""}",0.568235906370142,0.9057593243797266,0.8342702349030438,1.4539258250619385
AReMActivities,4,auto_k2_min_0.12,Dense Ridge,30.0,,,,2,True,0.12,True,0.09828218549989783,0.9202235688796065,197,6,2,0.2505899802096966,0.4873096446700508,0.9873096446700508,bending1:22;bending2:19;cycling:48;lying:48;sitting:48;standing:12,0:51;1:146,"{""0"": ""cycling"", ""1"": ""sitting""}",0.5733895262668768,0.9109366077707814,0.8412092464597661,1.4550835330620835
AReMActivities,4,auto_k2_min_0.12,DynVAR-Lasso Weighted Ridge,30.0,0.01,4.0,1.0,2,True,0.12,True,0.09828218549989783,0.9202235688796065,197,6,2,0.2505899802096966,0.4873096446700508,0.9873096446700508,bending1:22;bending2:19;cycling:48;lying:48;sitting:48;standing:12,0:51;1:146,"{""0"": ""cycling"", ""1"": ""sitting""}",0.5721313053294081,0.9095767313102849,0.8396643635096582,1.454485772146349
AReMActivities,4,auto_k2_min_0.12,STCG-v1 Weighted Ridge,30.0,0.01,4.0,1.0,2,True,0.12,True,0.09828218549989783,0.9202235688796065,197,6,2,0.2505899802096966,0.4873096446700508,0.9873096446700508,bending1:22;bending2:19;cycling:48;lying:48;sitting:48;standing:12,0:51;1:146,"{""0"": ""cycling"", ""1"": ""sitting""}",0.5715653378745336,0.9091719198302292,0.8388110245169411,1.4547197319907905
AReMActivities,4,auto_k2_min_0.12,Dense Ridge,100.0,,,,2,True,0.12,True,0.09828218549989783,0.9202235688796065,197,6,2,0.2505899802096966,0.4873096446700508,0.9873096446700508,bending1:22;bending2:19;cycling:48;lying:48;sitting:48;standing:12,0:51;1:146,"{""0"": ""cycling"", ""1"": ""sitting""}",0.5719614744699092,0.9091155224705617,0.8390023121022033,1.454216576596745
AReMActivities,4,auto_k2_min_0.12,DynVAR-Lasso Weighted Ridge,100.0,0.01,4.0,1.0,2,True,0.12,True,0.09828218549989783,0.9202235688796065,197,6,2,0.2505899802096966,0.4873096446700508,0.9873096446700508,bending1:22;bending2:19;cycling:48;lying:48;sitting:48;standing:12,0:51;1:146,"{""0"": ""cycling"", ""1"": ""sitting""}",0.5690368213435207,0.9061913454538397,0.8355537994584897,1.453147177188716
AReMActivities,4,auto_k2_min_0.12,STCG-v1 Weighted Ridge,100.0,0.01,4.0,1.0,2,True,0.12,True,0.09828218549989783,0.9202235688796065,197,6,2,0.2505899802096966,0.4873096446700508,0.9873096446700508,bending1:22;bending2:19;cycling:48;lying:48;sitting:48;standing:12,0:51;1:146,"{""0"": ""cycling"", ""1"": ""sitting""}",0.568235906370142,0.9057593243797266,0.8342702349030438,1.4539258250619385
AReMActivities,4,auto_k2_min_0.16,Dense Ridge,30.0,,,,2,True,0.16,True,0.09828218549989783,0.9202235688796065,197,6,2,0.2505899802096966,0.4873096446700508,0.9873096446700508,bending1:22;bending2:19;cycling:48;lying:48;sitting:48;standing:12,0:51;1:146,"{""0"": ""cycling"", ""1"": ""sitting""}",0.5733895262668768,0.9109366077707814,0.8412092464597661,1.4550835330620835
AReMActivities,4,auto_k2_min_0.16,DynVAR-Lasso Weighted Ridge,30.0,0.01,4.0,1.0,2,True,0.16,True,0.09828218549989783,0.9202235688796065,197,6,2,0.2505899802096966,0.4873096446700508,0.9873096446700508,bending1:22;bending2:19;cycling:48;lying:48;sitting:48;standing:12,0:51;1:146,"{""0"": ""cycling"", ""1"": ""sitting""}",0.5721313053294081,0.9095767313102849,0.8396643635096582,1.454485772146349
AReMActivities,4,auto_k2_min_0.16,STCG-v1 Weighted Ridge,30.0,0.01,4.0,1.0,2,True,0.16,True,0.09828218549989783,0.9202235688796065,197,6,2,0.2505899802096966,0.4873096446700508,0.9873096446700508,bending1:22;bending2:19;cycling:48;lying:48;sitting:48;standing:12,0:51;1:146,"{""0"": ""cycling"", ""1"": ""sitting""}",0.5715653378745336,0.9091719198302292,0.8388110245169411,1.4547197319907905
AReMActivities,4,auto_k2_min_0.16,Dense Ridge,100.0,,,,2,True,0.16,True,0.09828218549989783,0.9202235688796065,197,6,2,0.2505899802096966,0.4873096446700508,0.9873096446700508,bending1:22;bending2:19;cycling:48;lying:48;sitting:48;standing:12,0:51;1:146,"{""0"": ""cycling"", ""1"": ""sitting""}",0.5719614744699092,0.9091155224705617,0.8390023121022033,1.454216576596745
AReMActivities,4,auto_k2_min_0.16,DynVAR-Lasso Weighted Ridge,100.0,0.01,4.0,1.0,2,True,0.16,True,0.09828218549989783,0.9202235688796065,197,6,2,0.2505899802096966,0.4873096446700508,0.9873096446700508,bending1:22;bending2:19;cycling:48;lying:48;sitting:48;standing:12,0:51;1:146,"{""0"": ""cycling"", ""1"": ""sitting""}",0.5690368213435207,0.9061913454538397,0.8355537994584897,1.453147177188716
AReMActivities,4,auto_k2_min_0.16,STCG-v1 Weighted Ridge,100.0,0.01,4.0,1.0,2,True,0.16,True,0.09828218549989783,0.9202235688796065,197,6,2,0.2505899802096966,0.4873096446700508,0.9873096446700508,bending1:22;bending2:19;cycling:48;lying:48;sitting:48;standing:12,0:51;1:146,"{""0"": ""cycling"", ""1"": ""sitting""}",0.568235906370142,0.9057593243797266,0.8342702349030438,1.4539258250619385
AReMActivities,4,auto_k2_min_0.20,Dense Ridge,30.0,,,,2,True,0.2,True,0.09828218549989783,0.9202235688796065,197,6,2,0.2505899802096966,0.4873096446700508,0.9873096446700508,bending1:22;bending2:19;cycling:48;lying:48;sitting:48;standing:12,0:51;1:146,"{""0"": ""cycling"", ""1"": ""sitting""}",0.5733895262668768,0.9109366077707814,0.8412092464597661,1.4550835330620835
AReMActivities,4,auto_k2_min_0.20,DynVAR-Lasso Weighted Ridge,30.0,0.01,4.0,1.0,2,True,0.2,True,0.09828218549989783,0.9202235688796065,197,6,2,0.2505899802096966,0.4873096446700508,0.9873096446700508,bending1:22;bending2:19;cycling:48;lying:48;sitting:48;standing:12,0:51;1:146,"{""0"": ""cycling"", ""1"": ""sitting""}",0.5721313053294081,0.9095767313102849,0.8396643635096582,1.454485772146349
AReMActivities,4,auto_k2_min_0.20,STCG-v1 Weighted Ridge,30.0,0.01,4.0,1.0,2,True,0.2,True,0.09828218549989783,0.9202235688796065,197,6,2,0.2505899802096966,0.4873096446700508,0.9873096446700508,bending1:22;bending2:19;cycling:48;lying:48;sitting:48;standing:12,0:51;1:146,"{""0"": ""cycling"", ""1"": ""sitting""}",0.5715653378745336,0.9091719198302292,0.8388110245169411,1.4547197319907905
AReMActivities,4,auto_k2_min_0.20,Dense Ridge,100.0,,,,2,True,0.2,True,0.09828218549989783,0.9202235688796065,197,6,2,0.2505899802096966,0.4873096446700508,0.9873096446700508,bending1:22;bending2:19;cycling:48;lying:48;sitting:48;standing:12,0:51;1:146,"{""0"": ""cycling"", ""1"": ""sitting""}",0.5719614744699092,0.9091155224705617,0.8390023121022033,1.454216576596745
AReMActivities,4,auto_k2_min_0.20,DynVAR-Lasso Weighted Ridge,100.0,0.01,4.0,1.0,2,True,0.2,True,0.09828218549989783,0.9202235688796065,197,6,2,0.2505899802096966,0.4873096446700508,0.9873096446700508,bending1:22;bending2:19;cycling:48;lying:48;sitting:48;standing:12,0:51;1:146,"{""0"": ""cycling"", ""1"": ""sitting""}",0.5690368213435207,0.9061913454538397,0.8355537994584897,1.453147177188716
AReMActivities,4,auto_k2_min_0.20,STCG-v1 Weighted Ridge,100.0,0.01,4.0,1.0,2,True,0.2,True,0.09828218549989783,0.9202235688796065,197,6,2,0.2505899802096966,0.4873096446700508,0.9873096446700508,bending1:22;bending2:19;cycling:48;lying:48;sitting:48;standing:12,0:51;1:146,"{""0"": ""cycling"", ""1"": ""sitting""}",0.568235906370142,0.9057593243797266,0.8342702349030438,1.4539258250619385
AReMActivities,4,forced_k2,Dense Ridge,30.0,,,,2,False,0.0,True,0.09828218549989783,0.9202235688796065,197,6,2,0.2505899802096966,0.4873096446700508,0.9873096446700508,bending1:22;bending2:19;cycling:48;lying:48;sitting:48;standing:12,0:51;1:146,"{""0"": ""cycling"", ""1"": ""sitting""}",0.5733895262668768,0.9109366077707814,0.8412092464597661,1.4550835330620835
AReMActivities,4,forced_k2,DynVAR-Lasso Weighted Ridge,30.0,0.01,4.0,1.0,2,False,0.0,True,0.09828218549989783,0.9202235688796065,197,6,2,0.2505899802096966,0.4873096446700508,0.9873096446700508,bending1:22;bending2:19;cycling:48;lying:48;sitting:48;standing:12,0:51;1:146,"{""0"": ""cycling"", ""1"": ""sitting""}",0.5721313053294081,0.9095767313102849,0.8396643635096582,1.454485772146349
AReMActivities,4,forced_k2,STCG-v1 Weighted Ridge,30.0,0.01,4.0,1.0,2,False,0.0,True,0.09828218549989783,0.9202235688796065,197,6,2,0.2505899802096966,0.4873096446700508,0.9873096446700508,bending1:22;bending2:19;cycling:48;lying:48;sitting:48;standing:12,0:51;1:146,"{""0"": ""cycling"", ""1"": ""sitting""}",0.5715653378745336,0.9091719198302292,0.8388110245169411,1.4547197319907905
AReMActivities,4,forced_k2,Dense Ridge,100.0,,,,2,False,0.0,True,0.09828218549989783,0.9202235688796065,197,6,2,0.2505899802096966,0.4873096446700508,0.9873096446700508,bending1:22;bending2:19;cycling:48;lying:48;sitting:48;standing:12,0:51;1:146,"{""0"": ""cycling"", ""1"": ""sitting""}",0.5719614744699092,0.9091155224705617,0.8390023121022033,1.454216576596745
AReMActivities,4,forced_k2,DynVAR-Lasso Weighted Ridge,100.0,0.01,4.0,1.0,2,False,0.0,True,0.09828218549989783,0.9202235688796065,197,6,2,0.2505899802096966,0.4873096446700508,0.9873096446700508,bending1:22;bending2:19;cycling:48;lying:48;sitting:48;standing:12,0:51;1:146,"{""0"": ""cycling"", ""1"": ""sitting""}",0.5690368213435207,0.9061913454538397,0.8355537994584897,1.453147177188716
AReMActivities,4,forced_k2,STCG-v1 Weighted Ridge,100.0,0.01,4.0,1.0,2,False,0.0,True,0.09828218549989783,0.9202235688796065,197,6,2,0.2505899802096966,0.4873096446700508,0.9873096446700508,bending1:22;bending2:19;cycling:48;lying:48;sitting:48;standing:12,0:51;1:146,"{""0"": ""cycling"", ""1"": ""sitting""}",0.568235906370142,0.9057593243797266,0.8342702349030438,1.4539258250619385
AReMActivities,4,auto_k3_min_0.00,Dense Ridge,30.0,,,,3,True,0.0,True,0.1257008492478667,0.6712516984213576,197,6,3,0.3256172339754328,0.5888324873096447,0.9873096446700508,bending1:22;bending2:19;cycling:48;lying:48;sitting:48;standing:12,0:51;1:46;2:100,"{""0"": ""cycling"", ""1"": ""lying"", ""2"": ""sitting""}",0.5733895262668768,0.9109366077707814,0.8412092464597661,1.4550835330620835
AReMActivities,4,auto_k3_min_0.00,DynVAR-Lasso Weighted Ridge,30.0,0.01,4.0,1.0,3,True,0.0,True,0.1257008492478667,0.6712516984213576,197,6,3,0.3256172339754328,0.5888324873096447,0.9873096446700508,bending1:22;bending2:19;cycling:48;lying:48;sitting:48;standing:12,0:51;1:46;2:100,"{""0"": ""cycling"", ""1"": ""lying"", ""2"": ""sitting""}",0.5721313053294081,0.9095767313102849,0.8396643635096582,1.454485772146349
AReMActivities,4,auto_k3_min_0.00,STCG-v1 Weighted Ridge,30.0,0.01,4.0,1.0,3,True,0.0,True,0.1257008492478667,0.6712516984213576,197,6,3,0.3256172339754328,0.5888324873096447,0.9873096446700508,bending1:22;bending2:19;cycling:48;lying:48;sitting:48;standing:12,0:51;1:46;2:100,"{""0"": ""cycling"", ""1"": ""lying"", ""2"": ""sitting""}",0.5715217339256723,0.9091367332499062,0.8387794830998535,1.4546751523845853
AReMActivities,4,auto_k3_min_0.00,Dense Ridge,100.0,,,,3,True,0.0,True,0.1257008492478667,0.6712516984213576,197,6,3,0.3256172339754328,0.5888324873096447,0.9873096446700508,bending1:22;bending2:19;cycling:48;lying:48;sitting:48;standing:12,0:51;1:46;2:100,"{""0"": ""cycling"", ""1"": ""lying"", ""2"": ""sitting""}",0.5719614744699092,0.9091155224705617,0.8390023121022033,1.454216576596745
AReMActivities,4,auto_k3_min_0.00,DynVAR-Lasso Weighted Ridge,100.0,0.01,4.0,1.0,3,True,0.0,True,0.1257008492478667,0.6712516984213576,197,6,3,0.3256172339754328,0.5888324873096447,0.9873096446700508,bending1:22;bending2:19;cycling:48;lying:48;sitting:48;standing:12,0:51;1:46;2:100,"{""0"": ""cycling"", ""1"": ""lying"", ""2"": ""sitting""}",0.5690368213435207,0.9061913454538397,0.8355537994584897,1.453147177188716
AReMActivities,4,auto_k3_min_0.00,STCG-v1 Weighted Ridge,100.0,0.01,4.0,1.0,3,True,0.0,True,0.1257008492478667,0.6712516984213576,197,6,3,0.3256172339754328,0.5888324873096447,0.9873096446700508,bending1:22;bending2:19;cycling:48;lying:48;sitting:48;standing:12,0:51;1:46;2:100,"{""0"": ""cycling"", ""1"": ""lying"", ""2"": ""sitting""}",0.5680622821731127,0.9055814109290996,0.8341206099605327,1.4536890447628465
AReMActivities,4,auto_k3_min_0.02,Dense Ridge,30.0,,,,3,True,0.02,True,0.1257008492478667,0.6712516984213576,197,6,3,0.3256172339754328,0.5888324873096447,0.9873096446700508,bending1:22;bending2:19;cycling:48;lying:48;sitting:48;standing:12,0:51;1:46;2:100,"{""0"": ""cycling"", ""1"": ""lying"", ""2"": ""sitting""}",0.5733895262668768,0.9109366077707814,0.8412092464597661,1.4550835330620835
AReMActivities,4,auto_k3_min_0.02,DynVAR-Lasso Weighted Ridge,30.0,0.01,4.0,1.0,3,True,0.02,True,0.1257008492478667,0.6712516984213576,197,6,3,0.3256172339754328,0.5888324873096447,0.9873096446700508,bending1:22;bending2:19;cycling:48;lying:48;sitting:48;standing:12,0:51;1:46;2:100,"{""0"": ""cycling"", ""1"": ""lying"", ""2"": ""sitting""}",0.5721313053294081,0.9095767313102849,0.8396643635096582,1.454485772146349
AReMActivities,4,auto_k3_min_0.02,STCG-v1 Weighted Ridge,30.0,0.01,4.0,1.0,3,True,0.02,True,0.1257008492478667,0.6712516984213576,197,6,3,0.3256172339754328,0.5888324873096447,0.9873096446700508,bending1:22;bending2:19;cycling:48;lying:48;sitting:48;standing:12,0:51;1:46;2:100,"{""0"": ""cycling"", ""1"": ""lying"", ""2"": ""sitting""}",0.5715217339256723,0.9091367332499062,0.8387794830998535,1.4546751523845853
AReMActivities,4,auto_k3_min_0.02,Dense Ridge,100.0,,,,3,True,0.02,True,0.1257008492478667,0.6712516984213576,197,6,3,0.3256172339754328,0.5888324873096447,0.9873096446700508,bending1:22;bending2:19;cycling:48;lying:48;sitting:48;standing:12,0:51;1:46;2:100,"{""0"": ""cycling"", ""1"": ""lying"", ""2"": ""sitting""}",0.5719614744699092,0.9091155224705617,0.8390023121022033,1.454216576596745
AReMActivities,4,auto_k3_min_0.02,DynVAR-Lasso Weighted Ridge,100.0,0.01,4.0,1.0,3,True,0.02,True,0.1257008492478667,0.6712516984213576,197,6,3,0.3256172339754328,0.5888324873096447,0.9873096446700508,bending1:22;bending2:19;cycling:48;lying:48;sitting:48;standing:12,0:51;1:46;2:100,"{""0"": ""cycling"", ""1"": ""lying"", ""2"": ""sitting""}",0.5690368213435207,0.9061913454538397,0.8355537994584897,1.453147177188716
AReMActivities,4,auto_k3_min_0.02,STCG-v1 Weighted Ridge,100.0,0.01,4.0,1.0,3,True,0.02,True,0.1257008492478667,0.6712516984213576,197,6,3,0.3256172339754328,0.5888324873096447,0.9873096446700508,bending1:22;bending2:19;cycling:48;lying:48;sitting:48;standing:12,0:51;1:46;2:100,"{""0"": ""cycling"", ""1"": ""lying"", ""2"": ""sitting""}",0.5680622821731127,0.9055814109290996,0.8341206099605327,1.4536890447628465
AReMActivities,4,auto_k3_min_0.04,Dense Ridge,30.0,,,,3,True,0.04,True,0.1257008492478667,0.6712516984213576,197,6,3,0.3256172339754328,0.5888324873096447,0.9873096446700508,bending1:22;bending2:19;cycling:48;lying:48;sitting:48;standing:12,0:51;1:46;2:100,"{""0"": ""cycling"", ""1"": ""lying"", ""2"": ""sitting""}",0.5733895262668768,0.9109366077707814,0.8412092464597661,1.4550835330620835
AReMActivities,4,auto_k3_min_0.04,DynVAR-Lasso Weighted Ridge,30.0,0.01,4.0,1.0,3,True,0.04,True,0.1257008492478667,0.6712516984213576,197,6,3,0.3256172339754328,0.5888324873096447,0.9873096446700508,bending1:22;bending2:19;cycling:48;lying:48;sitting:48;standing:12,0:51;1:46;2:100,"{""0"": ""cycling"", ""1"": ""lying"", ""2"": ""sitting""}",0.5721313053294081,0.9095767313102849,0.8396643635096582,1.454485772146349
AReMActivities,4,auto_k3_min_0.04,STCG-v1 Weighted Ridge,30.0,0.01,4.0,1.0,3,True,0.04,True,0.1257008492478667,0.6712516984213576,197,6,3,0.3256172339754328,0.5888324873096447,0.9873096446700508,bending1:22;bending2:19;cycling:48;lying:48;sitting:48;standing:12,0:51;1:46;2:100,"{""0"": ""cycling"", ""1"": ""lying"", ""2"": ""sitting""}",0.5715217339256723,0.9091367332499062,0.8387794830998535,1.4546751523845853
AReMActivities,4,auto_k3_min_0.04,Dense Ridge,100.0,,,,3,True,0.04,True,0.1257008492478667,0.6712516984213576,197,6,3,0.3256172339754328,0.5888324873096447,0.9873096446700508,bending1:22;bending2:19;cycling:48;lying:48;sitting:48;standing:12,0:51;1:46;2:100,"{""0"": ""cycling"", ""1"": ""lying"", ""2"": ""sitting""}",0.5719614744699092,0.9091155224705617,0.8390023121022033,1.454216576596745
AReMActivities,4,auto_k3_min_0.04,DynVAR-Lasso Weighted Ridge,100.0,0.01,4.0,1.0,3,True,0.04,True,0.1257008492478667,0.6712516984213576,197,6,3,0.3256172339754328,0.5888324873096447,0.9873096446700508,bending1:22;bending2:19;cycling:48;lying:48;sitting:48;standing:12,0:51;1:46;2:100,"{""0"": ""cycling"", ""1"": ""lying"", ""2"": ""sitting""}",0.5690368213435207,0.9061913454538397,0.8355537994584897,1.453147177188716
AReMActivities,4,auto_k3_min_0.04,STCG-v1 Weighted Ridge,100.0,0.01,4.0,1.0,3,True,0.04,True,0.1257008492478667,0.6712516984213576,197,6,3,0.3256172339754328,0.5888324873096447,0.9873096446700508,bending1:22;bending2:19;cycling:48;lying:48;sitting:48;standing:12,0:51;1:46;2:100,"{""0"": ""cycling"", ""1"": ""lying"", ""2"": ""sitting""}",0.5680622821731127,0.9055814109290996,0.8341206099605327,1.4536890447628465
AReMActivities,4,auto_k3_min_0.06,Dense Ridge,30.0,,,,3,True,0.06,True,0.1257008492478667,0.6712516984213576,197,6,3,0.3256172339754328,0.5888324873096447,0.9873096446700508,bending1:22;bending2:19;cycling:48;lying:48;sitting:48;standing:12,0:51;1:46;2:100,"{""0"": ""cycling"", ""1"": ""lying"", ""2"": ""sitting""}",0.5733895262668768,0.9109366077707814,0.8412092464597661,1.4550835330620835
AReMActivities,4,auto_k3_min_0.06,DynVAR-Lasso Weighted Ridge,30.0,0.01,4.0,1.0,3,True,0.06,True,0.1257008492478667,0.6712516984213576,197,6,3,0.3256172339754328,0.5888324873096447,0.9873096446700508,bending1:22;bending2:19;cycling:48;lying:48;sitting:48;standing:12,0:51;1:46;2:100,"{""0"": ""cycling"", ""1"": ""lying"", ""2"": ""sitting""}",0.5721313053294081,0.9095767313102849,0.8396643635096582,1.454485772146349
AReMActivities,4,auto_k3_min_0.06,STCG-v1 Weighted Ridge,30.0,0.01,4.0,1.0,3,True,0.06,True,0.1257008492478667,0.6712516984213576,197,6,3,0.3256172339754328,0.5888324873096447,0.9873096446700508,bending1:22;bending2:19;cycling:48;lying:48;sitting:48;standing:12,0:51;1:46;2:100,"{""0"": ""cycling"", ""1"": ""lying"", ""2"": ""sitting""}",0.5715217339256723,0.9091367332499062,0.8387794830998535,1.4546751523845853
AReMActivities,4,auto_k3_min_0.06,Dense Ridge,100.0,,,,3,True,0.06,True,0.1257008492478667,0.6712516984213576,197,6,3,0.3256172339754328,0.5888324873096447,0.9873096446700508,bending1:22;bending2:19;cycling:48;lying:48;sitting:48;standing:12,0:51;1:46;2:100,"{""0"": ""cycling"", ""1"": ""lying"", ""2"": ""sitting""}",0.5719614744699092,0.9091155224705617,0.8390023121022033,1.454216576596745
AReMActivities,4,auto_k3_min_0.06,DynVAR-Lasso Weighted Ridge,100.0,0.01,4.0,1.0,3,True,0.06,True,0.1257008492478667,0.6712516984213576,197,6,3,0.3256172339754328,0.5888324873096447,0.9873096446700508,bending1:22;bending2:19;cycling:48;lying:48;sitting:48;standing:12,0:51;1:46;2:100,"{""0"": ""cycling"", ""1"": ""lying"", ""2"": ""sitting""}",0.5690368213435207,0.9061913454538397,0.8355537994584897,1.453147177188716
AReMActivities,4,auto_k3_min_0.06,STCG-v1 Weighted Ridge,100.0,0.01,4.0,1.0,3,True,0.06,True,0.1257008492478667,0.6712516984213576,197,6,3,0.3256172339754328,0.5888324873096447,0.9873096446700508,bending1:22;bending2:19;cycling:48;lying:48;sitting:48;standing:12,0:51;1:46;2:100,"{""0"": ""cycling"", ""1"": ""lying"", ""2"": ""sitting""}",0.5680622821731127,0.9055814109290996,0.8341206099605327,1.4536890447628465
AReMActivities,4,auto_k3_min_0.08,Dense Ridge,30.0,,,,3,True,0.08,True,0.1257008492478667,0.6712516984213576,197,6,3,0.3256172339754328,0.5888324873096447,0.9873096446700508,bending1:22;bending2:19;cycling:48;lying:48;sitting:48;standing:12,0:51;1:46;2:100,"{""0"": ""cycling"", ""1"": ""lying"", ""2"": ""sitting""}",0.5733895262668768,0.9109366077707814,0.8412092464597661,1.4550835330620835
AReMActivities,4,auto_k3_min_0.08,DynVAR-Lasso Weighted Ridge,30.0,0.01,4.0,1.0,3,True,0.08,True,0.1257008492478667,0.6712516984213576,197,6,3,0.3256172339754328,0.5888324873096447,0.9873096446700508,bending1:22;bending2:19;cycling:48;lying:48;sitting:48;standing:12,0:51;1:46;2:100,"{""0"": ""cycling"", ""1"": ""lying"", ""2"": ""sitting""}",0.5721313053294081,0.9095767313102849,0.8396643635096582,1.454485772146349
AReMActivities,4,auto_k3_min_0.08,STCG-v1 Weighted Ridge,30.0,0.01,4.0,1.0,3,True,0.08,True,0.1257008492478667,0.6712516984213576,197,6,3,0.3256172339754328,0.5888324873096447,0.9873096446700508,bending1:22;bending2:19;cycling:48;lying:48;sitting:48;standing:12,0:51;1:46;2:100,"{""0"": ""cycling"", ""1"": ""lying"", ""2"": ""sitting""}",0.5715217339256723,0.9091367332499062,0.8387794830998535,1.4546751523845853
AReMActivities,4,auto_k3_min_0.08,Dense Ridge,100.0,,,,3,True,0.08,True,0.1257008492478667,0.6712516984213576,197,6,3,0.3256172339754328,0.5888324873096447,0.9873096446700508,bending1:22;bending2:19;cycling:48;lying:48;sitting:48;standing:12,0:51;1:46;2:100,"{""0"": ""cycling"", ""1"": ""lying"", ""2"": ""sitting""}",0.5719614744699092,0.9091155224705617,0.8390023121022033,1.454216576596745
AReMActivities,4,auto_k3_min_0.08,DynVAR-Lasso Weighted Ridge,100.0,0.01,4.0,1.0,3,True,0.08,True,0.1257008492478667,0.6712516984213576,197,6,3,0.3256172339754328,0.5888324873096447,0.9873096446700508,bending1:22;bending2:19;cycling:48;lying:48;sitting:48;standing:12,0:51;1:46;2:100,"{""0"": ""cycling"", ""1"": ""lying"", ""2"": ""sitting""}",0.5690368213435207,0.9061913454538397,0.8355537994584897,1.453147177188716
AReMActivities,4,auto_k3_min_0.08,STCG-v1 Weighted Ridge,100.0,0.01,4.0,1.0,3,True,0.08,True,0.1257008492478667,0.6712516984213576,197,6,3,0.3256172339754328,0.5888324873096447,0.9873096446700508,bending1:22;bending2:19;cycling:48;lying:48;sitting:48;standing:12,0:51;1:46;2:100,"{""0"": ""cycling"", ""1"": ""lying"", ""2"": ""sitting""}",0.5680622821731127,0.9055814109290996,0.8341206099605327,1.4536890447628465
AReMActivities,4,auto_k3_min_0.10,Dense Ridge,30.0,,,,3,True,0.1,True,0.1257008492478667,0.6712516984213576,197,6,3,0.3256172339754328,0.5888324873096447,0.9873096446700508,bending1:22;bending2:19;cycling:48;lying:48;sitting:48;standing:12,0:51;1:46;2:100,"{""0"": ""cycling"", ""1"": ""lying"", ""2"": ""sitting""}",0.5733895262668768,0.9109366077707814,0.8412092464597661,1.4550835330620835
AReMActivities,4,auto_k3_min_0.10,DynVAR-Lasso Weighted Ridge,30.0,0.01,4.0,1.0,3,True,0.1,True,0.1257008492478667,0.6712516984213576,197,6,3,0.3256172339754328,0.5888324873096447,0.9873096446700508,bending1:22;bending2:19;cycling:48;lying:48;sitting:48;standing:12,0:51;1:46;2:100,"{""0"": ""cycling"", ""1"": ""lying"", ""2"": ""sitting""}",0.5721313053294081,0.9095767313102849,0.8396643635096582,1.454485772146349
AReMActivities,4,auto_k3_min_0.10,STCG-v1 Weighted Ridge,30.0,0.01,4.0,1.0,3,True,0.1,True,0.1257008492478667,0.6712516984213576,197,6,3,0.3256172339754328,0.5888324873096447,0.9873096446700508,bending1:22;bending2:19;cycling:48;lying:48;sitting:48;standing:12,0:51;1:46;2:100,"{""0"": ""cycling"", ""1"": ""lying"", ""2"": ""sitting""}",0.5715217339256723,0.9091367332499062,0.8387794830998535,1.4546751523845853
AReMActivities,4,auto_k3_min_0.10,Dense Ridge,100.0,,,,3,True,0.1,True,0.1257008492478667,0.6712516984213576,197,6,3,0.3256172339754328,0.5888324873096447,0.9873096446700508,bending1:22;bending2:19;cycling:48;lying:48;sitting:48;standing:12,0:51;1:46;2:100,"{""0"": ""cycling"", ""1"": ""lying"", ""2"": ""sitting""}",0.5719614744699092,0.9091155224705617,0.8390023121022033,1.454216576596745
AReMActivities,4,auto_k3_min_0.10,DynVAR-Lasso Weighted Ridge,100.0,0.01,4.0,1.0,3,True,0.1,True,0.1257008492478667,0.6712516984213576,197,6,3,0.3256172339754328,0.5888324873096447,0.9873096446700508,bending1:22;bending2:19;cycling:48;lying:48;sitting:48;standing:12,0:51;1:46;2:100,"{""0"": ""cycling"", ""1"": ""lying"", ""2"": ""sitting""}",0.5690368213435207,0.9061913454538397,0.8355537994584897,1.453147177188716
AReMActivities,4,auto_k3_min_0.10,STCG-v1 Weighted Ridge,100.0,0.01,4.0,1.0,3,True,0.1,True,0.1257008492478667,0.6712516984213576,197,6,3,0.3256172339754328,0.5888324873096447,0.9873096446700508,bending1:22;bending2:19;cycling:48;lying:48;sitting:48;standing:12,0:51;1:46;2:100,"{""0"": ""cycling"", ""1"": ""lying"", ""2"": ""sitting""}",0.5680622821731127,0.9055814109290996,0.8341206099605327,1.4536890447628465
AReMActivities,4,auto_k3_min_0.12,Dense Ridge,30.0,,,,3,True,0.12,True,0.1257008492478667,0.6712516984213576,197,6,3,0.3256172339754328,0.5888324873096447,0.9873096446700508,bending1:22;bending2:19;cycling:48;lying:48;sitting:48;standing:12,0:51;1:46;2:100,"{""0"": ""cycling"", ""1"": ""lying"", ""2"": ""sitting""}",0.5733895262668768,0.9109366077707814,0.8412092464597661,1.4550835330620835
AReMActivities,4,auto_k3_min_0.12,DynVAR-Lasso Weighted Ridge,30.0,0.01,4.0,1.0,3,True,0.12,True,0.1257008492478667,0.6712516984213576,197,6,3,0.3256172339754328,0.5888324873096447,0.9873096446700508,bending1:22;bending2:19;cycling:48;lying:48;sitting:48;standing:12,0:51;1:46;2:100,"{""0"": ""cycling"", ""1"": ""lying"", ""2"": ""sitting""}",0.5721313053294081,0.9095767313102849,0.8396643635096582,1.454485772146349
AReMActivities,4,auto_k3_min_0.12,STCG-v1 Weighted Ridge,30.0,0.01,4.0,1.0,3,True,0.12,True,0.1257008492478667,0.6712516984213576,197,6,3,0.3256172339754328,0.5888324873096447,0.9873096446700508,bending1:22;bending2:19;cycling:48;lying:48;sitting:48;standing:12,0:51;1:46;2:100,"{""0"": ""cycling"", ""1"": ""lying"", ""2"": ""sitting""}",0.5715217339256723,0.9091367332499062,0.8387794830998535,1.4546751523845853
AReMActivities,4,auto_k3_min_0.12,Dense Ridge,100.0,,,,3,True,0.12,True,0.1257008492478667,0.6712516984213576,197,6,3,0.3256172339754328,0.5888324873096447,0.9873096446700508,bending1:22;bending2:19;cycling:48;lying:48;sitting:48;standing:12,0:51;1:46;2:100,"{""0"": ""cycling"", ""1"": ""lying"", ""2"": ""sitting""}",0.5719614744699092,0.9091155224705617,0.8390023121022033,1.454216576596745
AReMActivities,4,auto_k3_min_0.12,DynVAR-Lasso Weighted Ridge,100.0,0.01,4.0,1.0,3,True,0.12,True,0.1257008492478667,0.6712516984213576,197,6,3,0.3256172339754328,0.5888324873096447,0.9873096446700508,bending1:22;bending2:19;cycling:48;lying:48;sitting:48;standing:12,0:51;1:46;2:100,"{""0"": ""cycling"", ""1"": ""lying"", ""2"": ""sitting""}",0.5690368213435207,0.9061913454538397,0.8355537994584897,1.453147177188716
AReMActivities,4,auto_k3_min_0.12,STCG-v1 Weighted Ridge,100.0,0.01,4.0,1.0,3,True,0.12,True,0.1257008492478667,0.6712516984213576,197,6,3,0.3256172339754328,0.5888324873096447,0.9873096446700508,bending1:22;bending2:19;cycling:48;lying:48;sitting:48;standing:12,0:51;1:46;2:100,"{""0"": ""cycling"", ""1"": ""lying"", ""2"": ""sitting""}",0.5680622821731127,0.9055814109290996,0.8341206099605327,1.4536890447628465
AReMActivities,4,auto_k3_min_0.16,Dense Ridge,30.0,,,,3,True,0.16,True,0.1257008492478667,0.6712516984213576,197,6,3,0.3256172339754328,0.5888324873096447,0.9873096446700508,bending1:22;bending2:19;cycling:48;lying:48;sitting:48;standing:12,0:51;1:46;2:100,"{""0"": ""cycling"", ""1"": ""lying"", ""2"": ""sitting""}",0.5733895262668768,0.9109366077707814,0.8412092464597661,1.4550835330620835
AReMActivities,4,auto_k3_min_0.16,DynVAR-Lasso Weighted Ridge,30.0,0.01,4.0,1.0,3,True,0.16,True,0.1257008492478667,0.6712516984213576,197,6,3,0.3256172339754328,0.5888324873096447,0.9873096446700508,bending1:22;bending2:19;cycling:48;lying:48;sitting:48;standing:12,0:51;1:46;2:100,"{""0"": ""cycling"", ""1"": ""lying"", ""2"": ""sitting""}",0.5721313053294081,0.9095767313102849,0.8396643635096582,1.454485772146349
AReMActivities,4,auto_k3_min_0.16,STCG-v1 Weighted Ridge,30.0,0.01,4.0,1.0,3,True,0.16,True,0.1257008492478667,0.6712516984213576,197,6,3,0.3256172339754328,0.5888324873096447,0.9873096446700508,bending1:22;bending2:19;cycling:48;lying:48;sitting:48;standing:12,0:51;1:46;2:100,"{""0"": ""cycling"", ""1"": ""lying"", ""2"": ""sitting""}",0.5715217339256723,0.9091367332499062,0.8387794830998535,1.4546751523845853
AReMActivities,4,auto_k3_min_0.16,Dense Ridge,100.0,,,,3,True,0.16,True,0.1257008492478667,0.6712516984213576,197,6,3,0.3256172339754328,0.5888324873096447,0.9873096446700508,bending1:22;bending2:19;cycling:48;lying:48;sitting:48;standing:12,0:51;1:46;2:100,"{""0"": ""cycling"", ""1"": ""lying"", ""2"": ""sitting""}",0.5719614744699092,0.9091155224705617,0.8390023121022033,1.454216576596745
AReMActivities,4,auto_k3_min_0.16,DynVAR-Lasso Weighted Ridge,100.0,0.01,4.0,1.0,3,True,0.16,True,0.1257008492478667,0.6712516984213576,197,6,3,0.3256172339754328,0.5888324873096447,0.9873096446700508,bending1:22;bending2:19;cycling:48;lying:48;sitting:48;standing:12,0:51;1:46;2:100,"{""0"": ""cycling"", ""1"": ""lying"", ""2"": ""sitting""}",0.5690368213435207,0.9061913454538397,0.8355537994584897,1.453147177188716
AReMActivities,4,auto_k3_min_0.16,STCG-v1 Weighted Ridge,100.0,0.01,4.0,1.0,3,True,0.16,True,0.1257008492478667,0.6712516984213576,197,6,3,0.3256172339754328,0.5888324873096447,0.9873096446700508,bending1:22;bending2:19;cycling:48;lying:48;sitting:48;standing:12,0:51;1:46;2:100,"{""0"": ""cycling"", ""1"": ""lying"", ""2"": ""sitting""}",0.5680622821731127,0.9055814109290996,0.8341206099605327,1.4536890447628465
AReMActivities,4,auto_k3_min_0.20,Dense Ridge,30.0,,,,3,True,0.2,True,0.1257008492478667,0.6712516984213576,197,6,3,0.3256172339754328,0.5888324873096447,0.9873096446700508,bending1:22;bending2:19;cycling:48;lying:48;sitting:48;standing:12,0:51;1:46;2:100,"{""0"": ""cycling"", ""1"": ""lying"", ""2"": ""sitting""}",0.5733895262668768,0.9109366077707814,0.8412092464597661,1.4550835330620835
AReMActivities,4,auto_k3_min_0.20,DynVAR-Lasso Weighted Ridge,30.0,0.01,4.0,1.0,3,True,0.2,True,0.1257008492478667,0.6712516984213576,197,6,3,0.3256172339754328,0.5888324873096447,0.9873096446700508,bending1:22;bending2:19;cycling:48;lying:48;sitting:48;standing:12,0:51;1:46;2:100,"{""0"": ""cycling"", ""1"": ""lying"", ""2"": ""sitting""}",0.5721313053294081,0.9095767313102849,0.8396643635096582,1.454485772146349
AReMActivities,4,auto_k3_min_0.20,STCG-v1 Weighted Ridge,30.0,0.01,4.0,1.0,3,True,0.2,True,0.1257008492478667,0.6712516984213576,197,6,3,0.3256172339754328,0.5888324873096447,0.9873096446700508,bending1:22;bending2:19;cycling:48;lying:48;sitting:48;standing:12,0:51;1:46;2:100,"{""0"": ""cycling"", ""1"": ""lying"", ""2"": ""sitting""}",0.5715217339256723,0.9091367332499062,0.8387794830998535,1.4546751523845853
AReMActivities,4,auto_k3_min_0.20,Dense Ridge,100.0,,,,3,True,0.2,True,0.1257008492478667,0.6712516984213576,197,6,3,0.3256172339754328,0.5888324873096447,0.9873096446700508,bending1:22;bending2:19;cycling:48;lying:48;sitting:48;standing:12,0:51;1:46;2:100,"{""0"": ""cycling"", ""1"": ""lying"", ""2"": ""sitting""}",0.5719614744699092,0.9091155224705617,0.8390023121022033,1.454216576596745
AReMActivities,4,auto_k3_min_0.20,DynVAR-Lasso Weighted Ridge,100.0,0.01,4.0,1.0,3,True,0.2,True,0.1257008492478667,0.6712516984213576,197,6,3,0.3256172339754328,0.5888324873096447,0.9873096446700508,bending1:22;bending2:19;cycling:48;lying:48;sitting:48;standing:12,0:51;1:46;2:100,"{""0"": ""cycling"", ""1"": ""lying"", ""2"": ""sitting""}",0.5690368213435207,0.9061913454538397,0.8355537994584897,1.453147177188716
AReMActivities,4,auto_k3_min_0.20,STCG-v1 Weighted Ridge,100.0,0.01,4.0,1.0,3,True,0.2,True,0.1257008492478667,0.6712516984213576,197,6,3,0.3256172339754328,0.5888324873096447,0.9873096446700508,bending1:22;bending2:19;cycling:48;lying:48;sitting:48;standing:12,0:51;1:46;2:100,"{""0"": ""cycling"", ""1"": ""lying"", ""2"": ""sitting""}",0.5680622821731127,0.9055814109290996,0.8341206099605327,1.4536890447628465
AReMActivities,4,forced_k3,Dense Ridge,30.0,,,,3,False,0.0,True,0.1257008492478667,0.6712516984213576,197,6,3,0.3256172339754328,0.5888324873096447,0.9873096446700508,bending1:22;bending2:19;cycling:48;lying:48;sitting:48;standing:12,0:51;1:46;2:100,"{""0"": ""cycling"", ""1"": ""lying"", ""2"": ""sitting""}",0.5733895262668768,0.9109366077707814,0.8412092464597661,1.4550835330620835
AReMActivities,4,forced_k3,DynVAR-Lasso Weighted Ridge,30.0,0.01,4.0,1.0,3,False,0.0,True,0.1257008492478667,0.6712516984213576,197,6,3,0.3256172339754328,0.5888324873096447,0.9873096446700508,bending1:22;bending2:19;cycling:48;lying:48;sitting:48;standing:12,0:51;1:46;2:100,"{""0"": ""cycling"", ""1"": ""lying"", ""2"": ""sitting""}",0.5721313053294081,0.9095767313102849,0.8396643635096582,1.454485772146349
AReMActivities,4,forced_k3,STCG-v1 Weighted Ridge,30.0,0.01,4.0,1.0,3,False,0.0,True,0.1257008492478667,0.6712516984213576,197,6,3,0.3256172339754328,0.5888324873096447,0.9873096446700508,bending1:22;bending2:19;cycling:48;lying:48;sitting:48;standing:12,0:51;1:46;2:100,"{""0"": ""cycling"", ""1"": ""lying"", ""2"": ""sitting""}",0.5715217339256723,0.9091367332499062,0.8387794830998535,1.4546751523845853
AReMActivities,4,forced_k3,Dense Ridge,100.0,,,,3,False,0.0,True,0.1257008492478667,0.6712516984213576,197,6,3,0.3256172339754328,0.5888324873096447,0.9873096446700508,bending1:22;bending2:19;cycling:48;lying:48;sitting:48;standing:12,0:51;1:46;2:100,"{""0"": ""cycling"", ""1"": ""lying"", ""2"": ""sitting""}",0.5719614744699092,0.9091155224705617,0.8390023121022033,1.454216576596745
AReMActivities,4,forced_k3,DynVAR-Lasso Weighted Ridge,100.0,0.01,4.0,1.0,3,False,0.0,True,0.1257008492478667,0.6712516984213576,197,6,3,0.3256172339754328,0.5888324873096447,0.9873096446700508,bending1:22;bending2:19;cycling:48;lying:48;sitting:48;standing:12,0:51;1:46;2:100,"{""0"": ""cycling"", ""1"": ""lying"", ""2"": ""sitting""}",0.5690368213435207,0.9061913454538397,0.8355537994584897,1.453147177188716
AReMActivities,4,forced_k3,STCG-v1 Weighted Ridge,100.0,0.01,4.0,1.0,3,False,0.0,True,0.1257008492478667,0.6712516984213576,197,6,3,0.3256172339754328,0.5888324873096447,0.9873096446700508,bending1:22;bending2:19;cycling:48;lying:48;sitting:48;standing:12,0:51;1:46;2:100,"{""0"": ""cycling"", ""1"": ""lying"", ""2"": ""sitting""}",0.5680622821731127,0.9055814109290996,0.8341206099605327,1.4536890447628465
AReMActivities,4,auto_k4_min_0.00,Dense Ridge,30.0,,,,4,True,0.0,True,0.15041722908129243,0.5846574899982876,197,6,4,0.24863097232034767,0.467005076142132,0.9873096446700508,bending1:22;bending2:19;cycling:48;lying:48;sitting:48;standing:12,0:88;1:35;2:16;3:58,"{""0"": ""lying"", ""1"": ""cycling"", ""2"": ""bending1"", ""3"": ""sitting""}",0.5733895262668768,0.9109366077707814,0.8412092464597661,1.4550835330620835
AReMActivities,4,auto_k4_min_0.00,DynVAR-Lasso Weighted Ridge,30.0,0.01,4.0,1.0,4,True,0.0,True,0.15041722908129243,0.5846574899982876,197,6,4,0.24863097232034767,0.467005076142132,0.9873096446700508,bending1:22;bending2:19;cycling:48;lying:48;sitting:48;standing:12,0:88;1:35;2:16;3:58,"{""0"": ""lying"", ""1"": ""cycling"", ""2"": ""bending1"", ""3"": ""sitting""}",0.5721313053294081,0.9095767313102849,0.8396643635096582,1.454485772146349
AReMActivities,4,auto_k4_min_0.00,STCG-v1 Weighted Ridge,30.0,0.01,4.0,1.0,4,True,0.0,True,0.15041722908129243,0.5846574899982876,197,6,4,0.24863097232034767,0.467005076142132,0.9873096446700508,bending1:22;bending2:19;cycling:48;lying:48;sitting:48;standing:12,0:88;1:35;2:16;3:58,"{""0"": ""lying"", ""1"": ""cycling"", ""2"": ""bending1"", ""3"": ""sitting""}",0.5716646370102871,0.9094614328426687,0.8389627088856164,1.4546032983913109
AReMActivities,4,auto_k4_min_0.00,Dense Ridge,100.0,,,,4,True,0.0,True,0.15041722908129243,0.5846574899982876,197,6,4,0.24863097232034767,0.467005076142132,0.9873096446700508,bending1:22;bending2:19;cycling:48;lying:48;sitting:48;standing:12,0:88;1:35;2:16;3:58,"{""0"": ""lying"", ""1"": ""cycling"", ""2"": ""bending1"", ""3"": ""sitting""}",0.5719614744699092,0.9091155224705617,0.8390023121022033,1.454216576596745
AReMActivities,4,auto_k4_min_0.00,DynVAR-Lasso Weighted Ridge,100.0,0.01,4.0,1.0,4,True,0.0,True,0.15041722908129243,0.5846574899982876,197,6,4,0.24863097232034767,0.467005076142132,0.9873096446700508,bending1:22;bending2:19;cycling:48;lying:48;sitting:48;standing:12,0:88;1:35;2:16;3:58,"{""0"": ""lying"", ""1"": ""cycling"", ""2"": ""bending1"", ""3"": ""sitting""}",0.5690368213435207,0.9061913454538397,0.8355537994584897,1.453147177188716
AReMActivities,4,auto_k4_min_0.00,STCG-v1 Weighted Ridge,100.0,0.01,4.0,1.0,4,True,0.0,True,0.15041722908129243,0.5846574899982876,197,6,4,0.24863097232034767,0.467005076142132,0.9873096446700508,bending1:22;bending2:19;cycling:48;lying:48;sitting:48;standing:12,0:88;1:35;2:16;3:58,"{""0"": ""lying"", ""1"": ""cycling"", ""2"": ""bending1"", ""3"": ""sitting""}",0.5684717596259957,0.9062027005021627,0.8345423803455513,1.4536557278746316
AReMActivities,4,auto_k4_min_0.02,Dense Ridge,30.0,,,,4,True,0.02,True,0.15041722908129243,0.5846574899982876,197,6,4,0.24863097232034767,0.467005076142132,0.9873096446700508,bending1:22;bending2:19;cycling:48;lying:48;sitting:48;standing:12,0:88;1:35;2:16;3:58,"{""0"": ""lying"", ""1"": ""cycling"", ""2"": ""bending1"", ""3"": ""sitting""}",0.5733895262668768,0.9109366077707814,0.8412092464597661,1.4550835330620835
AReMActivities,4,auto_k4_min_0.02,DynVAR-Lasso Weighted Ridge,30.0,0.01,4.0,1.0,4,True,0.02,True,0.15041722908129243,0.5846574899982876,197,6,4,0.24863097232034767,0.467005076142132,0.9873096446700508,bending1:22;bending2:19;cycling:48;lying:48;sitting:48;standing:12,0:88;1:35;2:16;3:58,"{""0"": ""lying"", ""1"": ""cycling"", ""2"": ""bending1"", ""3"": ""sitting""}",0.5721313053294081,0.9095767313102849,0.8396643635096582,1.454485772146349
AReMActivities,4,auto_k4_min_0.02,STCG-v1 Weighted Ridge,30.0,0.01,4.0,1.0,4,True,0.02,True,0.15041722908129243,0.5846574899982876,197,6,4,0.24863097232034767,0.467005076142132,0.9873096446700508,bending1:22;bending2:19;cycling:48;lying:48;sitting:48;standing:12,0:88;1:35;2:16;3:58,"{""0"": ""lying"", ""1"": ""cycling"", ""2"": ""bending1"", ""3"": ""sitting""}",0.5716646370102871,0.9094614328426687,0.8389627088856164,1.4546032983913109
AReMActivities,4,auto_k4_min_0.02,Dense Ridge,100.0,,,,4,True,0.02,True,0.15041722908129243,0.5846574899982876,197,6,4,0.24863097232034767,0.467005076142132,0.9873096446700508,bending1:22;bending2:19;cycling:48;lying:48;sitting:48;standing:12,0:88;1:35;2:16;3:58,"{""0"": ""lying"", ""1"": ""cycling"", ""2"": ""bending1"", ""3"": ""sitting""}",0.5719614744699092,0.9091155224705617,0.8390023121022033,1.454216576596745
AReMActivities,4,auto_k4_min_0.02,DynVAR-Lasso Weighted Ridge,100.0,0.01,4.0,1.0,4,True,0.02,True,0.15041722908129243,0.5846574899982876,197,6,4,0.24863097232034767,0.467005076142132,0.9873096446700508,bending1:22;bending2:19;cycling:48;lying:48;sitting:48;standing:12,0:88;1:35;2:16;3:58,"{""0"": ""lying"", ""1"": ""cycling"", ""2"": ""bending1"", ""3"": ""sitting""}",0.5690368213435207,0.9061913454538397,0.8355537994584897,1.453147177188716
AReMActivities,4,auto_k4_min_0.02,STCG-v1 Weighted Ridge,100.0,0.01,4.0,1.0,4,True,0.02,True,0.15041722908129243,0.5846574899982876,197,6,4,0.24863097232034767,0.467005076142132,0.9873096446700508,bending1:22;bending2:19;cycling:48;lying:48;sitting:48;standing:12,0:88;1:35;2:16;3:58,"{""0"": ""lying"", ""1"": ""cycling"", ""2"": ""bending1"", ""3"": ""sitting""}",0.5684717596259957,0.9062027005021627,0.8345423803455513,1.4536557278746316
AReMActivities,4,auto_k4_min_0.04,Dense Ridge,30.0,,,,4,True,0.04,True,0.15041722908129243,0.5846574899982876,197,6,4,0.24863097232034767,0.467005076142132,0.9873096446700508,bending1:22;bending2:19;cycling:48;lying:48;sitting:48;standing:12,0:88;1:35;2:16;3:58,"{""0"": ""lying"", ""1"": ""cycling"", ""2"": ""bending1"", ""3"": ""sitting""}",0.5733895262668768,0.9109366077707814,0.8412092464597661,1.4550835330620835
AReMActivities,4,auto_k4_min_0.04,DynVAR-Lasso Weighted Ridge,30.0,0.01,4.0,1.0,4,True,0.04,True,0.15041722908129243,0.5846574899982876,197,6,4,0.24863097232034767,0.467005076142132,0.9873096446700508,bending1:22;bending2:19;cycling:48;lying:48;sitting:48;standing:12,0:88;1:35;2:16;3:58,"{""0"": ""lying"", ""1"": ""cycling"", ""2"": ""bending1"", ""3"": ""sitting""}",0.5721313053294081,0.9095767313102849,0.8396643635096582,1.454485772146349
AReMActivities,4,auto_k4_min_0.04,STCG-v1 Weighted Ridge,30.0,0.01,4.0,1.0,4,True,0.04,True,0.15041722908129243,0.5846574899982876,197,6,4,0.24863097232034767,0.467005076142132,0.9873096446700508,bending1:22;bending2:19;cycling:48;lying:48;sitting:48;standing:12,0:88;1:35;2:16;3:58,"{""0"": ""lying"", ""1"": ""cycling"", ""2"": ""bending1"", ""3"": ""sitting""}",0.5716646370102871,0.9094614328426687,0.8389627088856164,1.4546032983913109
AReMActivities,4,auto_k4_min_0.04,Dense Ridge,100.0,,,,4,True,0.04,True,0.15041722908129243,0.5846574899982876,197,6,4,0.24863097232034767,0.467005076142132,0.9873096446700508,bending1:22;bending2:19;cycling:48;lying:48;sitting:48;standing:12,0:88;1:35;2:16;3:58,"{""0"": ""lying"", ""1"": ""cycling"", ""2"": ""bending1"", ""3"": ""sitting""}",0.5719614744699092,0.9091155224705617,0.8390023121022033,1.454216576596745
AReMActivities,4,auto_k4_min_0.04,DynVAR-Lasso Weighted Ridge,100.0,0.01,4.0,1.0,4,True,0.04,True,0.15041722908129243,0.5846574899982876,197,6,4,0.24863097232034767,0.467005076142132,0.9873096446700508,bending1:22;bending2:19;cycling:48;lying:48;sitting:48;standing:12,0:88;1:35;2:16;3:58,"{""0"": ""lying"", ""1"": ""cycling"", ""2"": ""bending1"", ""3"": ""sitting""}",0.5690368213435207,0.9061913454538397,0.8355537994584897,1.453147177188716
AReMActivities,4,auto_k4_min_0.04,STCG-v1 Weighted Ridge,100.0,0.01,4.0,1.0,4,True,0.04,True,0.15041722908129243,0.5846574899982876,197,6,4,0.24863097232034767,0.467005076142132,0.9873096446700508,bending1:22;bending2:19;cycling:48;lying:48;sitting:48;standing:12,0:88;1:35;2:16;3:58,"{""0"": ""lying"", ""1"": ""cycling"", ""2"": ""bending1"", ""3"": ""sitting""}",0.5684717596259957,0.9062027005021627,0.8345423803455513,1.4536557278746316
AReMActivities,4,auto_k4_min_0.06,Dense Ridge,30.0,,,,4,True,0.06,True,0.15041722908129243,0.5846574899982876,197,6,4,0.24863097232034767,0.467005076142132,0.9873096446700508,bending1:22;bending2:19;cycling:48;lying:48;sitting:48;standing:12,0:88;1:35;2:16;3:58,"{""0"": ""lying"", ""1"": ""cycling"", ""2"": ""bending1"", ""3"": ""sitting""}",0.5733895262668768,0.9109366077707814,0.8412092464597661,1.4550835330620835
AReMActivities,4,auto_k4_min_0.06,DynVAR-Lasso Weighted Ridge,30.0,0.01,4.0,1.0,4,True,0.06,True,0.15041722908129243,0.5846574899982876,197,6,4,0.24863097232034767,0.467005076142132,0.9873096446700508,bending1:22;bending2:19;cycling:48;lying:48;sitting:48;standing:12,0:88;1:35;2:16;3:58,"{""0"": ""lying"", ""1"": ""cycling"", ""2"": ""bending1"", ""3"": ""sitting""}",0.5721313053294081,0.9095767313102849,0.8396643635096582,1.454485772146349
AReMActivities,4,auto_k4_min_0.06,STCG-v1 Weighted Ridge,30.0,0.01,4.0,1.0,4,True,0.06,True,0.15041722908129243,0.5846574899982876,197,6,4,0.24863097232034767,0.467005076142132,0.9873096446700508,bending1:22;bending2:19;cycling:48;lying:48;sitting:48;standing:12,0:88;1:35;2:16;3:58,"{""0"": ""lying"", ""1"": ""cycling"", ""2"": ""bending1"", ""3"": ""sitting""}",0.5716646370102871,0.9094614328426687,0.8389627088856164,1.4546032983913109
AReMActivities,4,auto_k4_min_0.06,Dense Ridge,100.0,,,,4,True,0.06,True,0.15041722908129243,0.5846574899982876,197,6,4,0.24863097232034767,0.467005076142132,0.9873096446700508,bending1:22;bending2:19;cycling:48;lying:48;sitting:48;standing:12,0:88;1:35;2:16;3:58,"{""0"": ""lying"", ""1"": ""cycling"", ""2"": ""bending1"", ""3"": ""sitting""}",0.5719614744699092,0.9091155224705617,0.8390023121022033,1.454216576596745
AReMActivities,4,auto_k4_min_0.06,DynVAR-Lasso Weighted Ridge,100.0,0.01,4.0,1.0,4,True,0.06,True,0.15041722908129243,0.5846574899982876,197,6,4,0.24863097232034767,0.467005076142132,0.9873096446700508,bending1:22;bending2:19;cycling:48;lying:48;sitting:48;standing:12,0:88;1:35;2:16;3:58,"{""0"": ""lying"", ""1"": ""cycling"", ""2"": ""bending1"", ""3"": ""sitting""}",0.5690368213435207,0.9061913454538397,0.8355537994584897,1.453147177188716
AReMActivities,4,auto_k4_min_0.06,STCG-v1 Weighted Ridge,100.0,0.01,4.0,1.0,4,True,0.06,True,0.15041722908129243,0.5846574899982876,197,6,4,0.24863097232034767,0.467005076142132,0.9873096446700508,bending1:22;bending2:19;cycling:48;lying:48;sitting:48;standing:12,0:88;1:35;2:16;3:58,"{""0"": ""lying"", ""1"": ""cycling"", ""2"": ""bending1"", ""3"": ""sitting""}",0.5684717596259957,0.9062027005021627,0.8345423803455513,1.4536557278746316
AReMActivities,4,auto_k4_min_0.08,Dense Ridge,30.0,,,,4,True,0.08,True,0.15041722908129243,0.5846574899982876,197,6,4,0.24863097232034767,0.467005076142132,0.9873096446700508,bending1:22;bending2:19;cycling:48;lying:48;sitting:48;standing:12,0:88;1:35;2:16;3:58,"{""0"": ""lying"", ""1"": ""cycling"", ""2"": ""bending1"", ""3"": ""sitting""}",0.5733895262668768,0.9109366077707814,0.8412092464597661,1.4550835330620835
AReMActivities,4,auto_k4_min_0.08,DynVAR-Lasso Weighted Ridge,30.0,0.01,4.0,1.0,4,True,0.08,True,0.15041722908129243,0.5846574899982876,197,6,4,0.24863097232034767,0.467005076142132,0.9873096446700508,bending1:22;bending2:19;cycling:48;lying:48;sitting:48;standing:12,0:88;1:35;2:16;3:58,"{""0"": ""lying"", ""1"": ""cycling"", ""2"": ""bending1"", ""3"": ""sitting""}",0.5721313053294081,0.9095767313102849,0.8396643635096582,1.454485772146349
AReMActivities,4,auto_k4_min_0.08,STCG-v1 Weighted Ridge,30.0,0.01,4.0,1.0,4,True,0.08,True,0.15041722908129243,0.5846574899982876,197,6,4,0.24863097232034767,0.467005076142132,0.9873096446700508,bending1:22;bending2:19;cycling:48;lying:48;sitting:48;standing:12,0:88;1:35;2:16;3:58,"{""0"": ""lying"", ""1"": ""cycling"", ""2"": ""bending1"", ""3"": ""sitting""}",0.5716646370102871,0.9094614328426687,0.8389627088856164,1.4546032983913109
AReMActivities,4,auto_k4_min_0.08,Dense Ridge,100.0,,,,4,True,0.08,True,0.15041722908129243,0.5846574899982876,197,6,4,0.24863097232034767,0.467005076142132,0.9873096446700508,bending1:22;bending2:19;cycling:48;lying:48;sitting:48;standing:12,0:88;1:35;2:16;3:58,"{""0"": ""lying"", ""1"": ""cycling"", ""2"": ""bending1"", ""3"": ""sitting""}",0.5719614744699092,0.9091155224705617,0.8390023121022033,1.454216576596745
AReMActivities,4,auto_k4_min_0.08,DynVAR-Lasso Weighted Ridge,100.0,0.01,4.0,1.0,4,True,0.08,True,0.15041722908129243,0.5846574899982876,197,6,4,0.24863097232034767,0.467005076142132,0.9873096446700508,bending1:22;bending2:19;cycling:48;lying:48;sitting:48;standing:12,0:88;1:35;2:16;3:58,"{""0"": ""lying"", ""1"": ""cycling"", ""2"": ""bending1"", ""3"": ""sitting""}",0.5690368213435207,0.9061913454538397,0.8355537994584897,1.453147177188716
AReMActivities,4,auto_k4_min_0.08,STCG-v1 Weighted Ridge,100.0,0.01,4.0,1.0,4,True,0.08,True,0.15041722908129243,0.5846574899982876,197,6,4,0.24863097232034767,0.467005076142132,0.9873096446700508,bending1:22;bending2:19;cycling:48;lying:48;sitting:48;standing:12,0:88;1:35;2:16;3:58,"{""0"": ""lying"", ""1"": ""cycling"", ""2"": ""bending1"", ""3"": ""sitting""}",0.5684717596259957,0.9062027005021627,0.8345423803455513,1.4536557278746316
AReMActivities,4,auto_k4_min_0.10,Dense Ridge,30.0,,,,4,True,0.1,True,0.15041722908129243,0.5846574899982876,197,6,4,0.24863097232034767,0.467005076142132,0.9873096446700508,bending1:22;bending2:19;cycling:48;lying:48;sitting:48;standing:12,0:88;1:35;2:16;3:58,"{""0"": ""lying"", ""1"": ""cycling"", ""2"": ""bending1"", ""3"": ""sitting""}",0.5733895262668768,0.9109366077707814,0.8412092464597661,1.4550835330620835
AReMActivities,4,auto_k4_min_0.10,DynVAR-Lasso Weighted Ridge,30.0,0.01,4.0,1.0,4,True,0.1,True,0.15041722908129243,0.5846574899982876,197,6,4,0.24863097232034767,0.467005076142132,0.9873096446700508,bending1:22;bending2:19;cycling:48;lying:48;sitting:48;standing:12,0:88;1:35;2:16;3:58,"{""0"": ""lying"", ""1"": ""cycling"", ""2"": ""bending1"", ""3"": ""sitting""}",0.5721313053294081,0.9095767313102849,0.8396643635096582,1.454485772146349
AReMActivities,4,auto_k4_min_0.10,STCG-v1 Weighted Ridge,30.0,0.01,4.0,1.0,4,True,0.1,True,0.15041722908129243,0.5846574899982876,197,6,4,0.24863097232034767,0.467005076142132,0.9873096446700508,bending1:22;bending2:19;cycling:48;lying:48;sitting:48;standing:12,0:88;1:35;2:16;3:58,"{""0"": ""lying"", ""1"": ""cycling"", ""2"": ""bending1"", ""3"": ""sitting""}",0.5716646370102871,0.9094614328426687,0.8389627088856164,1.4546032983913109
AReMActivities,4,auto_k4_min_0.10,Dense Ridge,100.0,,,,4,True,0.1,True,0.15041722908129243,0.5846574899982876,197,6,4,0.24863097232034767,0.467005076142132,0.9873096446700508,bending1:22;bending2:19;cycling:48;lying:48;sitting:48;standing:12,0:88;1:35;2:16;3:58,"{""0"": ""lying"", ""1"": ""cycling"", ""2"": ""bending1"", ""3"": ""sitting""}",0.5719614744699092,0.9091155224705617,0.8390023121022033,1.454216576596745
AReMActivities,4,auto_k4_min_0.10,DynVAR-Lasso Weighted Ridge,100.0,0.01,4.0,1.0,4,True,0.1,True,0.15041722908129243,0.5846574899982876,197,6,4,0.24863097232034767,0.467005076142132,0.9873096446700508,bending1:22;bending2:19;cycling:48;lying:48;sitting:48;standing:12,0:88;1:35;2:16;3:58,"{""0"": ""lying"", ""1"": ""cycling"", ""2"": ""bending1"", ""3"": ""sitting""}",0.5690368213435207,0.9061913454538397,0.8355537994584897,1.453147177188716
AReMActivities,4,auto_k4_min_0.10,STCG-v1 Weighted Ridge,100.0,0.01,4.0,1.0,4,True,0.1,True,0.15041722908129243,0.5846574899982876,197,6,4,0.24863097232034767,0.467005076142132,0.9873096446700508,bending1:22;bending2:19;cycling:48;lying:48;sitting:48;standing:12,0:88;1:35;2:16;3:58,"{""0"": ""lying"", ""1"": ""cycling"", ""2"": ""bending1"", ""3"": ""sitting""}",0.5684717596259957,0.9062027005021627,0.8345423803455513,1.4536557278746316
AReMActivities,4,auto_k4_min_0.12,Dense Ridge,30.0,,,,4,True,0.12,True,0.15041722908129243,0.5846574899982876,197,6,4,0.24863097232034767,0.467005076142132,0.9873096446700508,bending1:22;bending2:19;cycling:48;lying:48;sitting:48;standing:12,0:88;1:35;2:16;3:58,"{""0"": ""lying"", ""1"": ""cycling"", ""2"": ""bending1"", ""3"": ""sitting""}",0.5733895262668768,0.9109366077707814,0.8412092464597661,1.4550835330620835
AReMActivities,4,auto_k4_min_0.12,DynVAR-Lasso Weighted Ridge,30.0,0.01,4.0,1.0,4,True,0.12,True,0.15041722908129243,0.5846574899982876,197,6,4,0.24863097232034767,0.467005076142132,0.9873096446700508,bending1:22;bending2:19;cycling:48;lying:48;sitting:48;standing:12,0:88;1:35;2:16;3:58,"{""0"": ""lying"", ""1"": ""cycling"", ""2"": ""bending1"", ""3"": ""sitting""}",0.5721313053294081,0.9095767313102849,0.8396643635096582,1.454485772146349
AReMActivities,4,auto_k4_min_0.12,STCG-v1 Weighted Ridge,30.0,0.01,4.0,1.0,4,True,0.12,True,0.15041722908129243,0.5846574899982876,197,6,4,0.24863097232034767,0.467005076142132,0.9873096446700508,bending1:22;bending2:19;cycling:48;lying:48;sitting:48;standing:12,0:88;1:35;2:16;3:58,"{""0"": ""lying"", ""1"": ""cycling"", ""2"": ""bending1"", ""3"": ""sitting""}",0.5716646370102871,0.9094614328426687,0.8389627088856164,1.4546032983913109
AReMActivities,4,auto_k4_min_0.12,Dense Ridge,100.0,,,,4,True,0.12,True,0.15041722908129243,0.5846574899982876,197,6,4,0.24863097232034767,0.467005076142132,0.9873096446700508,bending1:22;bending2:19;cycling:48;lying:48;sitting:48;standing:12,0:88;1:35;2:16;3:58,"{""0"": ""lying"", ""1"": ""cycling"", ""2"": ""bending1"", ""3"": ""sitting""}",0.5719614744699092,0.9091155224705617,0.8390023121022033,1.454216576596745
AReMActivities,4,auto_k4_min_0.12,DynVAR-Lasso Weighted Ridge,100.0,0.01,4.0,1.0,4,True,0.12,True,0.15041722908129243,0.5846574899982876,197,6,4,0.24863097232034767,0.467005076142132,0.9873096446700508,bending1:22;bending2:19;cycling:48;lying:48;sitting:48;standing:12,0:88;1:35;2:16;3:58,"{""0"": ""lying"", ""1"": ""cycling"", ""2"": ""bending1"", ""3"": ""sitting""}",0.5690368213435207,0.9061913454538397,0.8355537994584897,1.453147177188716
AReMActivities,4,auto_k4_min_0.12,STCG-v1 Weighted Ridge,100.0,0.01,4.0,1.0,4,True,0.12,True,0.15041722908129243,0.5846574899982876,197,6,4,0.24863097232034767,0.467005076142132,0.9873096446700508,bending1:22;bending2:19;cycling:48;lying:48;sitting:48;standing:12,0:88;1:35;2:16;3:58,"{""0"": ""lying"", ""1"": ""cycling"", ""2"": ""bending1"", ""3"": ""sitting""}",0.5684717596259957,0.9062027005021627,0.8345423803455513,1.4536557278746316
AReMActivities,4,auto_k4_min_0.16,Dense Ridge,30.0,,,,4,True,0.16,False,0.15041722908129243,0.5846574899982876,197,6,1,0.0,0.2436548223350254,0.9873096446700508,bending1:22;bending2:19;cycling:48;lying:48;sitting:48;standing:12,0:197,"{""0"": ""cycling""}",0.5733895262668768,0.9109366077707814,0.8412092464597661,1.4550835330620835
AReMActivities,4,auto_k4_min_0.16,DynVAR-Lasso Weighted Ridge,30.0,0.01,4.0,1.0,4,True,0.16,False,0.15041722908129243,0.5846574899982876,197,6,1,0.0,0.2436548223350254,0.9873096446700508,bending1:22;bending2:19;cycling:48;lying:48;sitting:48;standing:12,0:197,"{""0"": ""cycling""}",0.5721313053294081,0.9095767313102849,0.8396643635096582,1.454485772146349
AReMActivities,4,auto_k4_min_0.16,STCG-v1 Weighted Ridge,30.0,0.01,4.0,1.0,4,True,0.16,False,0.15041722908129243,0.5846574899982876,197,6,1,0.0,0.2436548223350254,0.9873096446700508,bending1:22;bending2:19;cycling:48;lying:48;sitting:48;standing:12,0:197,"{""0"": ""cycling""}",0.5721313053294081,0.9095767313102849,0.8396643635096582,1.454485772146349
AReMActivities,4,auto_k4_min_0.16,Dense Ridge,100.0,,,,4,True,0.16,False,0.15041722908129243,0.5846574899982876,197,6,1,0.0,0.2436548223350254,0.9873096446700508,bending1:22;bending2:19;cycling:48;lying:48;sitting:48;standing:12,0:197,"{""0"": ""cycling""}",0.5719614744699092,0.9091155224705617,0.8390023121022033,1.454216576596745
AReMActivities,4,auto_k4_min_0.16,DynVAR-Lasso Weighted Ridge,100.0,0.01,4.0,1.0,4,True,0.16,False,0.15041722908129243,0.5846574899982876,197,6,1,0.0,0.2436548223350254,0.9873096446700508,bending1:22;bending2:19;cycling:48;lying:48;sitting:48;standing:12,0:197,"{""0"": ""cycling""}",0.5690368213435207,0.9061913454538397,0.8355537994584897,1.453147177188716
AReMActivities,4,auto_k4_min_0.16,STCG-v1 Weighted Ridge,100.0,0.01,4.0,1.0,4,True,0.16,False,0.15041722908129243,0.5846574899982876,197,6,1,0.0,0.2436548223350254,0.9873096446700508,bending1:22;bending2:19;cycling:48;lying:48;sitting:48;standing:12,0:197,"{""0"": ""cycling""}",0.5690368213435207,0.9061913454538397,0.8355537994584897,1.453147177188716
AReMActivities,4,auto_k4_min_0.20,Dense Ridge,30.0,,,,4,True,0.2,False,0.15041722908129243,0.5846574899982876,197,6,1,0.0,0.2436548223350254,0.9873096446700508,bending1:22;bending2:19;cycling:48;lying:48;sitting:48;standing:12,0:197,"{""0"": ""cycling""}",0.5733895262668768,0.9109366077707814,0.8412092464597661,1.4550835330620835
AReMActivities,4,auto_k4_min_0.20,DynVAR-Lasso Weighted Ridge,30.0,0.01,4.0,1.0,4,True,0.2,False,0.15041722908129243,0.5846574899982876,197,6,1,0.0,0.2436548223350254,0.9873096446700508,bending1:22;bending2:19;cycling:48;lying:48;sitting:48;standing:12,0:197,"{""0"": ""cycling""}",0.5721313053294081,0.9095767313102849,0.8396643635096582,1.454485772146349
AReMActivities,4,auto_k4_min_0.20,STCG-v1 Weighted Ridge,30.0,0.01,4.0,1.0,4,True,0.2,False,0.15041722908129243,0.5846574899982876,197,6,1,0.0,0.2436548223350254,0.9873096446700508,bending1:22;bending2:19;cycling:48;lying:48;sitting:48;standing:12,0:197,"{""0"": ""cycling""}",0.5721313053294081,0.9095767313102849,0.8396643635096582,1.454485772146349
AReMActivities,4,auto_k4_min_0.20,Dense Ridge,100.0,,,,4,True,0.2,False,0.15041722908129243,0.5846574899982876,197,6,1,0.0,0.2436548223350254,0.9873096446700508,bending1:22;bending2:19;cycling:48;lying:48;sitting:48;standing:12,0:197,"{""0"": ""cycling""}",0.5719614744699092,0.9091155224705617,0.8390023121022033,1.454216576596745
AReMActivities,4,auto_k4_min_0.20,DynVAR-Lasso Weighted Ridge,100.0,0.01,4.0,1.0,4,True,0.2,False,0.15041722908129243,0.5846574899982876,197,6,1,0.0,0.2436548223350254,0.9873096446700508,bending1:22;bending2:19;cycling:48;lying:48;sitting:48;standing:12,0:197,"{""0"": ""cycling""}",0.5690368213435207,0.9061913454538397,0.8355537994584897,1.453147177188716
AReMActivities,4,auto_k4_min_0.20,STCG-v1 Weighted Ridge,100.0,0.01,4.0,1.0,4,True,0.2,False,0.15041722908129243,0.5846574899982876,197,6,1,0.0,0.2436548223350254,0.9873096446700508,bending1:22;bending2:19;cycling:48;lying:48;sitting:48;standing:12,0:197,"{""0"": ""cycling""}",0.5690368213435207,0.9061913454538397,0.8355537994584897,1.453147177188716
AReMActivities,4,forced_k4,Dense Ridge,30.0,,,,4,False,0.0,True,0.15041722908129243,0.5846574899982876,197,6,4,0.24863097232034767,0.467005076142132,0.9873096446700508,bending1:22;bending2:19;cycling:48;lying:48;sitting:48;standing:12,0:88;1:35;2:16;3:58,"{""0"": ""lying"", ""1"": ""cycling"", ""2"": ""bending1"", ""3"": ""sitting""}",0.5733895262668768,0.9109366077707814,0.8412092464597661,1.4550835330620835
AReMActivities,4,forced_k4,DynVAR-Lasso Weighted Ridge,30.0,0.01,4.0,1.0,4,False,0.0,True,0.15041722908129243,0.5846574899982876,197,6,4,0.24863097232034767,0.467005076142132,0.9873096446700508,bending1:22;bending2:19;cycling:48;lying:48;sitting:48;standing:12,0:88;1:35;2:16;3:58,"{""0"": ""lying"", ""1"": ""cycling"", ""2"": ""bending1"", ""3"": ""sitting""}",0.5721313053294081,0.9095767313102849,0.8396643635096582,1.454485772146349
AReMActivities,4,forced_k4,STCG-v1 Weighted Ridge,30.0,0.01,4.0,1.0,4,False,0.0,True,0.15041722908129243,0.5846574899982876,197,6,4,0.24863097232034767,0.467005076142132,0.9873096446700508,bending1:22;bending2:19;cycling:48;lying:48;sitting:48;standing:12,0:88;1:35;2:16;3:58,"{""0"": ""lying"", ""1"": ""cycling"", ""2"": ""bending1"", ""3"": ""sitting""}",0.5716646370102871,0.9094614328426687,0.8389627088856164,1.4546032983913109
AReMActivities,4,forced_k4,Dense Ridge,100.0,,,,4,False,0.0,True,0.15041722908129243,0.5846574899982876,197,6,4,0.24863097232034767,0.467005076142132,0.9873096446700508,bending1:22;bending2:19;cycling:48;lying:48;sitting:48;standing:12,0:88;1:35;2:16;3:58,"{""0"": ""lying"", ""1"": ""cycling"", ""2"": ""bending1"", ""3"": ""sitting""}",0.5719614744699092,0.9091155224705617,0.8390023121022033,1.454216576596745
AReMActivities,4,forced_k4,DynVAR-Lasso Weighted Ridge,100.0,0.01,4.0,1.0,4,False,0.0,True,0.15041722908129243,0.5846574899982876,197,6,4,0.24863097232034767,0.467005076142132,0.9873096446700508,bending1:22;bending2:19;cycling:48;lying:48;sitting:48;standing:12,0:88;1:35;2:16;3:58,"{""0"": ""lying"", ""1"": ""cycling"", ""2"": ""bending1"", ""3"": ""sitting""}",0.5690368213435207,0.9061913454538397,0.8355537994584897,1.453147177188716
AReMActivities,4,forced_k4,STCG-v1 Weighted Ridge,100.0,0.01,4.0,1.0,4,False,0.0,True,0.15041722908129243,0.5846574899982876,197,6,4,0.24863097232034767,0.467005076142132,0.9873096446700508,bending1:22;bending2:19;cycling:48;lying:48;sitting:48;standing:12,0:88;1:35;2:16;3:58,"{""0"": ""lying"", ""1"": ""cycling"", ""2"": ""bending1"", ""3"": ""sitting""}",0.5684717596259957,0.9062027005021627,0.8345423803455513,1.4536557278746316
