config_id,config_rank,selection_objective,stcg_window_size,stcg_window_stride,state_count_distribution,inferred_state_count_distribution,dynamic_feature_nonzero_variance,dataset,label_column,horizon_cycles,lookback_cycles,method,train_rows,validation_rows,test_rows,train_positive_rate,validation_positive_rate,test_positive_rate,train_positives,validation_positives,test_positives,threshold_metric,threshold,validation_threshold_metric,balanced_accuracy,precision,recall,f1,average_precision,roc_auc
stable_L30_W16_S8,0,stable,16,8,1:2172,1:2172,0,HydraulicSystems,valve_condition,3,30,Train Majority,1303,217,652,0.19339984650805833,0.16589861751152074,0.22085889570552147,252,36,144,f1,0.19339984650805833,0.2845849802371542,0.5,0.22085889570552147,1.0,0.36180904522613067,0.22085889570552147,0.5
stable_L30_W16_S8,0,stable,16,8,1:2172,1:2172,0,HydraulicSystems,valve_condition,3,30,Sensor Logistic,1303,217,652,0.19339984650805833,0.16589861751152074,0.22085889570552147,252,36,144,f1,0.2607554527764662,0.3,0.5,0.22085889570552147,1.0,0.36180904522613067,0.22073374400426182,0.4748879046369204
stable_L30_W16_S8,0,stable,16,8,1:2172,1:2172,0,HydraulicSystems,valve_condition,3,30,Graph Ridge Logistic,1303,217,652,0.19339984650805833,0.16589861751152074,0.22085889570552147,252,36,144,f1,0.7756544318708768,0.35555555555555557,0.5230205599300087,0.24630541871921183,0.3472222222222222,0.2881844380403458,0.24198447148887223,0.5463555336832896
stable_L30_W16_S8,0,stable,16,8,1:2172,1:2172,0,HydraulicSystems,valve_condition,3,30,Sensor+Graph Logistic,1303,217,652,0.19339984650805833,0.16589861751152074,0.22085889570552147,252,36,144,f1,0.03391322535642074,0.3425414364640884,0.514763779527559,0.22784810126582278,0.75,0.34951456310679613,0.2506349573362337,0.5565124671916011
stable_L30_W16_S8,0,stable,16,8,1:2172,1:2172,0,HydraulicSystems,valve_condition,3,30,STCG-v1 Selected Logistic,1303,217,652,0.19339984650805833,0.16589861751152074,0.22085889570552147,252,36,144,f1,0.16105297367955643,0.35555555555555557,0.5153652668416449,0.22926829268292684,0.6527777777777778,0.33935018050541516,0.26399153860682834,0.5188784995625547
stable_L30_W16_S8,0,stable,16,8,1:2172,1:2172,0,HydraulicSystems,valve_condition,3,30,Sensor+STCG-v1 Logistic,1303,217,652,0.19339984650805833,0.16589861751152074,0.22085889570552147,252,36,144,f1,0.10630203956195863,0.3583815028901734,0.5308672353455819,0.28440366972477066,0.2152777777777778,0.2450592885375494,0.25077118806895554,0.532056539807524
stable_L30_W16_S8,0,stable,16,8,1:2170,1:2170,0,HydraulicSystems,valve_condition,5,30,Train Majority,1302,217,651,0.3225806451612903,0.2764976958525346,0.3686635944700461,420,60,240,f1,0.3225806451612903,0.4332129963898917,0.5,0.3686635944700461,1.0,0.5387205387205387,0.3686635944700461,0.5
stable_L30_W16_S8,0,stable,16,8,1:2170,1:2170,0,HydraulicSystems,valve_condition,5,30,Sensor Logistic,1302,217,651,0.3225806451612903,0.2764976958525346,0.3686635944700461,420,60,240,f1,0.27868201934777703,0.46153846153846156,0.5,0.3686635944700461,1.0,0.5387205387205387,0.40233128303223675,0.5189274128142741
stable_L30_W16_S8,0,stable,16,8,1:2170,1:2170,0,HydraulicSystems,valve_condition,5,30,Graph Ridge Logistic,1302,217,651,0.3225806451612903,0.2764976958525346,0.3686635944700461,420,60,240,f1,0.6455301312583713,0.5714285714285714,0.5041514598540147,0.3739495798319328,0.37083333333333335,0.3723849372384937,0.3829260865336598,0.5408454987834549
stable_L30_W16_S8,0,stable,16,8,1:2170,1:2170,0,HydraulicSystems,valve_condition,5,30,Sensor+Graph Logistic,1302,217,651,0.3225806451612903,0.2764976958525346,0.3686635944700461,420,60,240,f1,0.28361635192265977,0.5119047619047619,0.5364659367396594,0.3936651583710407,0.725,0.5102639296187683,0.3974220297579066,0.5428426601784266
stable_L30_W16_S8,0,stable,16,8,1:2170,1:2170,0,HydraulicSystems,valve_condition,5,30,STCG-v1 Selected Logistic,1302,217,651,0.3225806451612903,0.2764976958525346,0.3686635944700461,420,60,240,f1,0.12248413796987544,0.5217391304347826,0.5258515815085159,0.3854389721627409,0.75,0.5091937765205092,0.4277497306948905,0.5580798864557988
stable_L30_W16_S8,0,stable,16,8,1:2170,1:2170,0,HydraulicSystems,valve_condition,5,30,Sensor+STCG-v1 Logistic,1302,217,651,0.3225806451612903,0.2764976958525346,0.3686635944700461,420,60,240,f1,0.1876903890098788,0.5291005291005291,0.5257603406326035,0.4217687074829932,0.25833333333333336,0.32041343669250644,0.4311177806268448,0.5685725871857259
stable_L30_W16_S8,0,stable,16,8,1:2165,1:2165,0,HydraulicSystems,valve_condition,10,30,Train Majority,1299,217,649,0.6466512702078522,0.5529953917050692,0.7395993836671803,840,120,480,f1,0.6466512702078522,0.712166172106825,0.5,0.7395993836671803,1.0,0.8503100088573959,0.7395993836671803,0.5
stable_L30_W16_S8,0,stable,16,8,1:2165,1:2165,0,HydraulicSystems,valve_condition,10,30,Sensor Logistic,1299,217,649,0.6466512702078522,0.5529953917050692,0.7395993836671803,840,120,480,f1,0.3838247440908473,0.7272727272727273,0.5,0.7395993836671803,1.0,0.8503100088573959,0.8823740808215441,0.6941814595660749
stable_L30_W16_S8,0,stable,16,8,1:2165,1:2165,0,HydraulicSystems,valve_condition,10,30,Graph Ridge Logistic,1299,217,649,0.6466512702078522,0.5529953917050692,0.7395993836671803,840,120,480,f1,0.02197929937982631,0.8221343873517787,0.5678069526627219,0.7752100840336135,0.76875,0.7719665271966527,0.8199001120632825,0.6229783037475345
stable_L30_W16_S8,0,stable,16,8,1:2165,1:2165,0,HydraulicSystems,valve_condition,10,30,Sensor+Graph Logistic,1299,217,649,0.6466512702078522,0.5529953917050692,0.7395993836671803,840,120,480,f1,0.0008318475070488329,0.7147147147147147,0.501750493096647,0.7402799377916018,0.9916666666666667,0.8477292965271594,0.8352397898092905,0.6413954635108482
stable_L30_W16_S8,0,stable,16,8,1:2165,1:2165,0,HydraulicSystems,valve_condition,10,30,STCG-v1 Selected Logistic,1299,217,649,0.6466512702078522,0.5529953917050692,0.7395993836671803,840,120,480,f1,0.1908457601545331,0.7593984962406015,0.5550604043392505,0.7731707317073171,0.6604166666666667,0.7123595505617978,0.7639717105439929,0.5638067061143984
stable_L30_W16_S8,0,stable,16,8,1:2165,1:2165,0,HydraulicSystems,valve_condition,10,30,Sensor+STCG-v1 Logistic,1299,217,649,0.6466512702078522,0.5529953917050692,0.7395993836671803,840,120,480,f1,0.050281295677734976,0.7612903225806451,0.5,0.7395993836671803,1.0,0.8503100088573959,0.7750358244030406,0.5544255424063116
stable_L30_W16_S8,0,stable,16,8,1:2172,1:2172,0,HydraulicSystems,stable_flag,3,30,Train Majority,1303,217,652,0.07521105141980046,0.06451612903225806,0.08128834355828221,98,14,53,f1,0.07521105141980046,0.12121212121212122,0.5,0.08128834355828221,1.0,0.150354609929078,0.08128834355828221,0.5
stable_L30_W16_S8,0,stable,16,8,1:2172,1:2172,0,HydraulicSystems,stable_flag,3,30,Sensor Logistic,1303,217,652,0.07521105141980046,0.06451612903225806,0.08128834355828221,98,14,53,f1,0.5398307949893402,0.47368421052631576,0.5550288216209406,0.13829787234042554,0.24528301886792453,0.17687074829931973,0.1655042693286443,0.6573219516804737
stable_L30_W16_S8,0,stable,16,8,1:2172,1:2172,0,HydraulicSystems,stable_flag,3,30,Graph Ridge Logistic,1303,217,652,0.07521105141980046,0.06451612903225806,0.08128834355828221,98,14,53,f1,9.380374681957565e-08,0.13,0.5529183859892274,0.09042553191489362,0.9622641509433962,0.16531604538087522,0.1347061939348496,0.619680599741708
stable_L30_W16_S8,0,stable,16,8,1:2172,1:2172,0,HydraulicSystems,stable_flag,3,30,Sensor+Graph Logistic,1303,217,652,0.07521105141980046,0.06451612903225806,0.08128834355828221,98,14,53,f1,1.3713620983967196e-06,0.16296296296296298,0.5568400163795004,0.09140767824497258,0.9433962264150944,0.16666666666666666,0.12451684198045995,0.5883390556588024
stable_L30_W16_S8,0,stable,16,8,1:2172,1:2172,0,HydraulicSystems,stable_flag,3,30,STCG-v1 Selected Logistic,1303,217,652,0.07521105141980046,0.06451612903225806,0.08128834355828221,98,14,53,f1,0.001962709037347329,0.15789473684210525,0.4476170976785208,0.0670391061452514,0.4528301886792453,0.11678832116788321,0.07067330751341946,0.4318518285192301
stable_L30_W16_S8,0,stable,16,8,1:2172,1:2172,0,HydraulicSystems,stable_flag,3,30,Sensor+STCG-v1 Logistic,1303,217,652,0.07521105141980046,0.06451612903225806,0.08128834355828221,98,14,53,f1,0.003666002437138135,0.16981132075471697,0.49746432733801615,0.08068459657701711,0.6226415094339622,0.14285714285714285,0.07418340945992614,0.47525750464610833
stable_L30_W16_S8,0,stable,16,8,1:2170,1:2170,0,HydraulicSystems,stable_flag,5,30,Train Majority,1302,217,651,0.11827956989247312,0.10138248847926268,0.12749615975422426,154,22,83,f1,0.11827956989247312,0.18410041841004185,0.5,0.12749615975422426,1.0,0.22615803814713897,0.12749615975422426,0.5
stable_L30_W16_S8,0,stable,16,8,1:2170,1:2170,0,HydraulicSystems,stable_flag,5,30,Sensor Logistic,1302,217,651,0.11827956989247312,0.10138248847926268,0.12749615975422426,154,22,83,f1,0.41218692038598354,0.265625,0.5284447649753945,0.13432835820895522,0.9759036144578314,0.23615160349854228,0.2375809578253132,0.6671474630918038
stable_L30_W16_S8,0,stable,16,8,1:2170,1:2170,0,HydraulicSystems,stable_flag,5,30,Graph Ridge Logistic,1302,217,651,0.11827956989247312,0.10138248847926268,0.12749615975422426,154,22,83,f1,0.000814399198811198,0.24528301886792453,0.5286993042592907,0.136986301369863,0.7228915662650602,0.23032629558541268,0.1690130726269303,0.5756405905311387
stable_L30_W16_S8,0,stable,16,8,1:2170,1:2170,0,HydraulicSystems,stable_flag,5,30,Sensor+Graph Logistic,1302,217,651,0.11827956989247312,0.10138248847926268,0.12749615975422426,154,22,83,f1,0.00016302448742470927,0.26373626373626374,0.5391778381130155,0.1392931392931393,0.8072289156626506,0.2375886524822695,0.17901627989883556,0.5980400475139996
stable_L30_W16_S8,0,stable,16,8,1:2170,1:2170,0,HydraulicSystems,stable_flag,5,30,STCG-v1 Selected Logistic,1302,217,651,0.11827956989247312,0.10138248847926268,0.12749615975422426,154,22,83,f1,0.0664572694888773,0.22727272727272727,0.4875806041065671,0.121875,0.46987951807228917,0.1935483870967742,0.11734389493435587,0.4814186322755812
stable_L30_W16_S8,0,stable,16,8,1:2170,1:2170,0,HydraulicSystems,stable_flag,5,30,Sensor+STCG-v1 Logistic,1302,217,651,0.11827956989247312,0.10138248847926268,0.12749615975422426,154,22,83,f1,0.0002309343239212279,0.2361111111111111,0.5184859154929577,0.13174603174603175,1.0,0.23281907433380084,0.130293331111611,0.536080943492279
stable_L30_W16_S8,0,stable,16,8,1:2165,1:2165,0,HydraulicSystems,stable_flag,10,30,Train Majority,1299,217,649,0.22478829869130101,0.20276497695852536,0.24345146379044685,292,44,158,f1,0.22478829869130101,0.3371647509578544,0.5,0.24345146379044685,1.0,0.3915737298636927,0.24345146379044685,0.5
stable_L30_W16_S8,0,stable,16,8,1:2165,1:2165,0,HydraulicSystems,stable_flag,10,30,Sensor Logistic,1299,217,649,0.22478829869130101,0.20276497695852536,0.24345146379044685,292,44,158,f1,0.11702406715547757,0.422680412371134,0.5,0.24345146379044685,1.0,0.3915737298636927,0.3735715757037005,0.5893810100801773
stable_L30_W16_S8,0,stable,16,8,1:2165,1:2165,0,HydraulicSystems,stable_flag,10,30,Graph Ridge Logistic,1299,217,649,0.22478829869130101,0.20276497695852536,0.24345146379044685,292,44,158,f1,0.0991875858086727,0.39622641509433965,0.5324512103946994,0.26370757180156656,0.6392405063291139,0.3733826247689464,0.24075010168040947,0.5261027610920621
stable_L30_W16_S8,0,stable,16,8,1:2165,1:2165,0,HydraulicSystems,stable_flag,10,30,Sensor+Graph Logistic,1299,217,649,0.22478829869130101,0.20276497695852536,0.24345146379044685,292,44,158,f1,0.007431102645793505,0.4444444444444444,0.6231405810925777,0.30390143737166325,0.9367088607594937,0.45891472868217054,0.2789167808001406,0.5900513032045167
stable_L30_W16_S8,0,stable,16,8,1:2165,1:2165,0,HydraulicSystems,stable_flag,10,30,STCG-v1 Selected Logistic,1299,217,649,0.22478829869130101,0.20276497695852536,0.24345146379044685,292,44,158,f1,0.018249088131081982,0.38666666666666666,0.46669803294748513,0.22629310344827586,0.6645569620253164,0.33762057877813506,0.24011969683911288,0.4714352007012298
stable_L30_W16_S8,0,stable,16,8,1:2165,1:2165,0,HydraulicSystems,stable_flag,10,30,Sensor+STCG-v1 Logistic,1299,217,649,0.22478829869130101,0.20276497695852536,0.24345146379044685,292,44,158,f1,6.972535347273222e-05,0.43349753694581283,0.5020366598778004,0.24420401854714066,1.0,0.39254658385093166,0.2460897693435941,0.49211116553662115
stable_L30_W24_S8,1,stable,24,8,1:2172,1:2172,0,HydraulicSystems,valve_condition,3,30,Train Majority,1303,217,652,0.19339984650805833,0.16589861751152074,0.22085889570552147,252,36,144,f1,0.19339984650805833,0.2845849802371542,0.5,0.22085889570552147,1.0,0.36180904522613067,0.22085889570552147,0.5
stable_L30_W24_S8,1,stable,24,8,1:2172,1:2172,0,HydraulicSystems,valve_condition,3,30,Sensor Logistic,1303,217,652,0.19339984650805833,0.16589861751152074,0.22085889570552147,252,36,144,f1,0.2607554527764662,0.3,0.5,0.22085889570552147,1.0,0.36180904522613067,0.22073374400426182,0.4748879046369204
stable_L30_W24_S8,1,stable,24,8,1:2172,1:2172,0,HydraulicSystems,valve_condition,3,30,Graph Ridge Logistic,1303,217,652,0.19339984650805833,0.16589861751152074,0.22085889570552147,252,36,144,f1,0.7756544318708768,0.35555555555555557,0.5230205599300087,0.24630541871921183,0.3472222222222222,0.2881844380403458,0.24198447148887223,0.5463555336832896
stable_L30_W24_S8,1,stable,24,8,1:2172,1:2172,0,HydraulicSystems,valve_condition,3,30,Sensor+Graph Logistic,1303,217,652,0.19339984650805833,0.16589861751152074,0.22085889570552147,252,36,144,f1,0.03391322535642074,0.3425414364640884,0.514763779527559,0.22784810126582278,0.75,0.34951456310679613,0.2506349573362337,0.5565124671916011
stable_L30_W24_S8,1,stable,24,8,1:2172,1:2172,0,HydraulicSystems,valve_condition,3,30,STCG-v1 Selected Logistic,1303,217,652,0.19339984650805833,0.16589861751152074,0.22085889570552147,252,36,144,f1,1.52799315702926e-05,0.2857142857142857,0.4965277777777778,0.2196620583717358,0.9930555555555556,0.35974842767295595,0.2470317631014281,0.5540381671041119
stable_L30_W24_S8,1,stable,24,8,1:2172,1:2172,0,HydraulicSystems,valve_condition,3,30,Sensor+STCG-v1 Logistic,1303,217,652,0.19339984650805833,0.16589861751152074,0.22085889570552147,252,36,144,f1,0.01767768152956689,0.3350253807106599,0.5638123359580053,0.25692695214105793,0.7083333333333334,0.37707948243992606,0.24127067963814117,0.5578794838145231
stable_L30_W24_S8,1,stable,24,8,1:2170,1:2170,0,HydraulicSystems,valve_condition,5,30,Train Majority,1302,217,651,0.3225806451612903,0.2764976958525346,0.3686635944700461,420,60,240,f1,0.3225806451612903,0.4332129963898917,0.5,0.3686635944700461,1.0,0.5387205387205387,0.3686635944700461,0.5
stable_L30_W24_S8,1,stable,24,8,1:2170,1:2170,0,HydraulicSystems,valve_condition,5,30,Sensor Logistic,1302,217,651,0.3225806451612903,0.2764976958525346,0.3686635944700461,420,60,240,f1,0.27868201934777703,0.46153846153846156,0.5,0.3686635944700461,1.0,0.5387205387205387,0.40233128303223675,0.5189274128142741
stable_L30_W24_S8,1,stable,24,8,1:2170,1:2170,0,HydraulicSystems,valve_condition,5,30,Graph Ridge Logistic,1302,217,651,0.3225806451612903,0.2764976958525346,0.3686635944700461,420,60,240,f1,0.6455301312583713,0.5714285714285714,0.5041514598540147,0.3739495798319328,0.37083333333333335,0.3723849372384937,0.3829260865336598,0.5408454987834549
stable_L30_W24_S8,1,stable,24,8,1:2170,1:2170,0,HydraulicSystems,valve_condition,5,30,Sensor+Graph Logistic,1302,217,651,0.3225806451612903,0.2764976958525346,0.3686635944700461,420,60,240,f1,0.28361635192265977,0.5119047619047619,0.5364659367396594,0.3936651583710407,0.725,0.5102639296187683,0.3974220297579066,0.5428426601784266
stable_L30_W24_S8,1,stable,24,8,1:2170,1:2170,0,HydraulicSystems,valve_condition,5,30,STCG-v1 Selected Logistic,1302,217,651,0.3225806451612903,0.2764976958525346,0.3686635944700461,420,60,240,f1,4.6887916116050255e-05,0.43478260869565216,0.5,0.3686635944700461,1.0,0.5387205387205387,0.404250008078514,0.5207116788321168
stable_L30_W24_S8,1,stable,24,8,1:2170,1:2170,0,HydraulicSystems,valve_condition,5,30,Sensor+STCG-v1 Logistic,1302,217,651,0.3225806451612903,0.2764976958525346,0.3686635944700461,420,60,240,f1,0.0031913530319980887,0.46473029045643155,0.49396289537712895,0.3656093489148581,0.9125,0.5220500595947557,0.3868914872770167,0.5224452554744525
stable_L30_W24_S8,1,stable,24,8,1:2165,1:2165,0,HydraulicSystems,valve_condition,10,30,Train Majority,1299,217,649,0.6466512702078522,0.5529953917050692,0.7395993836671803,840,120,480,f1,0.6466512702078522,0.712166172106825,0.5,0.7395993836671803,1.0,0.8503100088573959,0.7395993836671803,0.5
stable_L30_W24_S8,1,stable,24,8,1:2165,1:2165,0,HydraulicSystems,valve_condition,10,30,Sensor Logistic,1299,217,649,0.6466512702078522,0.5529953917050692,0.7395993836671803,840,120,480,f1,0.3838247440908473,0.7272727272727273,0.5,0.7395993836671803,1.0,0.8503100088573959,0.8823740808215441,0.6941814595660749
stable_L30_W24_S8,1,stable,24,8,1:2165,1:2165,0,HydraulicSystems,valve_condition,10,30,Graph Ridge Logistic,1299,217,649,0.6466512702078522,0.5529953917050692,0.7395993836671803,840,120,480,f1,0.02197929937982631,0.8221343873517787,0.5678069526627219,0.7752100840336135,0.76875,0.7719665271966527,0.8199001120632825,0.6229783037475345
stable_L30_W24_S8,1,stable,24,8,1:2165,1:2165,0,HydraulicSystems,valve_condition,10,30,Sensor+Graph Logistic,1299,217,649,0.6466512702078522,0.5529953917050692,0.7395993836671803,840,120,480,f1,0.0008318475070488329,0.7147147147147147,0.501750493096647,0.7402799377916018,0.9916666666666667,0.8477292965271594,0.8352397898092905,0.6413954635108482
stable_L30_W24_S8,1,stable,24,8,1:2165,1:2165,0,HydraulicSystems,valve_condition,10,30,STCG-v1 Selected Logistic,1299,217,649,0.6466512702078522,0.5529953917050692,0.7395993836671803,840,120,480,f1,8.39667489900244e-08,0.7164179104477612,0.49395956607495073,0.7371794871794872,0.9583333333333334,0.8333333333333334,0.8418919362424633,0.6232371794871795
stable_L30_W24_S8,1,stable,24,8,1:2165,1:2165,0,HydraulicSystems,valve_condition,10,30,Sensor+STCG-v1 Logistic,1299,217,649,0.6466512702078522,0.5529953917050692,0.7395993836671803,840,120,480,f1,6.045040386607578e-05,0.7460815047021944,0.49204265285996057,0.7364217252396166,0.9604166666666667,0.833634719710669,0.8589452278168186,0.6613165680473374
stable_L30_W24_S8,1,stable,24,8,1:2172,1:2172,0,HydraulicSystems,stable_flag,3,30,Train Majority,1303,217,652,0.07521105141980046,0.06451612903225806,0.08128834355828221,98,14,53,f1,0.07521105141980046,0.12121212121212122,0.5,0.08128834355828221,1.0,0.150354609929078,0.08128834355828221,0.5
stable_L30_W24_S8,1,stable,24,8,1:2172,1:2172,0,HydraulicSystems,stable_flag,3,30,Sensor Logistic,1303,217,652,0.07521105141980046,0.06451612903225806,0.08128834355828221,98,14,53,f1,0.5398307949893402,0.47368421052631576,0.5550288216209406,0.13829787234042554,0.24528301886792453,0.17687074829931973,0.1655042693286443,0.6573219516804737
stable_L30_W24_S8,1,stable,24,8,1:2172,1:2172,0,HydraulicSystems,stable_flag,3,30,Graph Ridge Logistic,1303,217,652,0.07521105141980046,0.06451612903225806,0.08128834355828221,98,14,53,f1,9.380374681957565e-08,0.13,0.5529183859892274,0.09042553191489362,0.9622641509433962,0.16531604538087522,0.1347061939348496,0.619680599741708
stable_L30_W24_S8,1,stable,24,8,1:2172,1:2172,0,HydraulicSystems,stable_flag,3,30,Sensor+Graph Logistic,1303,217,652,0.07521105141980046,0.06451612903225806,0.08128834355828221,98,14,53,f1,1.3713620983967196e-06,0.16296296296296298,0.5568400163795004,0.09140767824497258,0.9433962264150944,0.16666666666666666,0.12451684198045995,0.5883390556588024
stable_L30_W24_S8,1,stable,24,8,1:2172,1:2172,0,HydraulicSystems,stable_flag,3,30,STCG-v1 Selected Logistic,1303,217,652,0.07521105141980046,0.06451612903225806,0.08128834355828221,98,14,53,f1,8.611191361495598e-06,0.13861386138613863,0.5754559485935679,0.09497206703910614,0.9622641509433962,0.17288135593220338,0.10834550619645955,0.6096324062116106
stable_L30_W24_S8,1,stable,24,8,1:2172,1:2172,0,HydraulicSystems,stable_flag,3,30,Sensor+STCG-v1 Logistic,1303,217,652,0.07521105141980046,0.06451612903225806,0.08128834355828221,98,14,53,f1,0.0006316033520987333,0.1839080459770115,0.5882760575802438,0.11553784860557768,0.5471698113207547,0.19078947368421054,0.11395075435038286,0.6202475824487353
stable_L30_W24_S8,1,stable,24,8,1:2170,1:2170,0,HydraulicSystems,stable_flag,5,30,Train Majority,1302,217,651,0.11827956989247312,0.10138248847926268,0.12749615975422426,154,22,83,f1,0.11827956989247312,0.18410041841004185,0.5,0.12749615975422426,1.0,0.22615803814713897,0.12749615975422426,0.5
stable_L30_W24_S8,1,stable,24,8,1:2170,1:2170,0,HydraulicSystems,stable_flag,5,30,Sensor Logistic,1302,217,651,0.11827956989247312,0.10138248847926268,0.12749615975422426,154,22,83,f1,0.41218692038598354,0.265625,0.5284447649753945,0.13432835820895522,0.9759036144578314,0.23615160349854228,0.2375809578253132,0.6671474630918038
stable_L30_W24_S8,1,stable,24,8,1:2170,1:2170,0,HydraulicSystems,stable_flag,5,30,Graph Ridge Logistic,1302,217,651,0.11827956989247312,0.10138248847926268,0.12749615975422426,154,22,83,f1,0.000814399198811198,0.24528301886792453,0.5286993042592907,0.136986301369863,0.7228915662650602,0.23032629558541268,0.1690130726269303,0.5756405905311387
stable_L30_W24_S8,1,stable,24,8,1:2170,1:2170,0,HydraulicSystems,stable_flag,5,30,Sensor+Graph Logistic,1302,217,651,0.11827956989247312,0.10138248847926268,0.12749615975422426,154,22,83,f1,0.00016302448742470927,0.26373626373626374,0.5391778381130155,0.1392931392931393,0.8072289156626506,0.2375886524822695,0.17901627989883556,0.5980400475139996
stable_L30_W24_S8,1,stable,24,8,1:2170,1:2170,0,HydraulicSystems,stable_flag,5,30,STCG-v1 Selected Logistic,1302,217,651,0.11827956989247312,0.10138248847926268,0.12749615975422426,154,22,83,f1,0.010908569795542257,0.27350427350427353,0.5325810283387069,0.14049586776859505,0.6144578313253012,0.22869955156950672,0.17762282710279903,0.5800526047853385
stable_L30_W24_S8,1,stable,24,8,1:2170,1:2170,0,HydraulicSystems,stable_flag,5,30,Sensor+STCG-v1 Logistic,1302,217,651,0.11827956989247312,0.10138248847926268,0.12749615975422426,154,22,83,f1,0.005608901234134944,0.3582089552238806,0.5293674698795181,0.14457831325301204,0.43373493975903615,0.21686746987951808,0.1806848521838852,0.5869888002715086
stable_L30_W24_S8,1,stable,24,8,1:2165,1:2165,0,HydraulicSystems,stable_flag,10,30,Train Majority,1299,217,649,0.22478829869130101,0.20276497695852536,0.24345146379044685,292,44,158,f1,0.22478829869130101,0.3371647509578544,0.5,0.24345146379044685,1.0,0.3915737298636927,0.24345146379044685,0.5
stable_L30_W24_S8,1,stable,24,8,1:2165,1:2165,0,HydraulicSystems,stable_flag,10,30,Sensor Logistic,1299,217,649,0.22478829869130101,0.20276497695852536,0.24345146379044685,292,44,158,f1,0.11702406715547757,0.422680412371134,0.5,0.24345146379044685,1.0,0.3915737298636927,0.3735715757037005,0.5893810100801773
stable_L30_W24_S8,1,stable,24,8,1:2165,1:2165,0,HydraulicSystems,stable_flag,10,30,Graph Ridge Logistic,1299,217,649,0.22478829869130101,0.20276497695852536,0.24345146379044685,292,44,158,f1,0.0991875858086727,0.39622641509433965,0.5324512103946994,0.26370757180156656,0.6392405063291139,0.3733826247689464,0.24075010168040947,0.5261027610920621
stable_L30_W24_S8,1,stable,24,8,1:2165,1:2165,0,HydraulicSystems,stable_flag,10,30,Sensor+Graph Logistic,1299,217,649,0.22478829869130101,0.20276497695852536,0.24345146379044685,292,44,158,f1,0.007431102645793505,0.4444444444444444,0.6231405810925777,0.30390143737166325,0.9367088607594937,0.45891472868217054,0.2789167808001406,0.5900513032045167
stable_L30_W24_S8,1,stable,24,8,1:2165,1:2165,0,HydraulicSystems,stable_flag,10,30,STCG-v1 Selected Logistic,1299,217,649,0.22478829869130101,0.20276497695852536,0.24345146379044685,292,44,158,f1,0.02603918277976015,0.3776223776223776,0.5767227822320761,0.2857142857142857,0.7848101265822784,0.4189189189189189,0.28566191514560313,0.6050426667354147
stable_L30_W24_S8,1,stable,24,8,1:2165,1:2165,0,HydraulicSystems,stable_flag,10,30,Sensor+STCG-v1 Logistic,1299,217,649,0.22478829869130101,0.20276497695852536,0.24345146379044685,292,44,158,f1,0.0009566923192816768,0.4861111111111111,0.570580576967697,0.27882599580712786,0.8417721518987342,0.4188976377952756,0.3016630214185142,0.6042821418443373
stable_L40_W16_S8,2,stable,16,8,1:733;2:1429,1:733;2:1429,12,HydraulicSystems,valve_condition,3,40,Train Majority,1297,216,649,0.19429452582883577,0.16666666666666666,0.2218798151001541,252,36,144,f1,0.19429452582883577,0.2857142857142857,0.5,0.2218798151001541,1.0,0.36317780580075665,0.2218798151001541,0.5
stable_L40_W16_S8,2,stable,16,8,1:733;2:1429,1:733;2:1429,12,HydraulicSystems,valve_condition,3,40,Sensor Logistic,1297,216,649,0.19429452582883577,0.16666666666666666,0.2218798151001541,252,36,144,f1,0.2054062389645499,0.330188679245283,0.5,0.2218798151001541,1.0,0.36317780580075665,0.222374668338375,0.48659240924092406
stable_L40_W16_S8,2,stable,16,8,1:733;2:1429,1:733;2:1429,12,HydraulicSystems,valve_condition,3,40,Graph Ridge Logistic,1297,216,649,0.19429452582883577,0.16666666666666666,0.2218798151001541,252,36,144,f1,0.11362706981329951,0.32142857142857145,0.5220778327832784,0.2318548387096774,0.7986111111111112,0.359375,0.22528819359762225,0.5241199119911991
stable_L40_W16_S8,2,stable,16,8,1:733;2:1429,1:733;2:1429,12,HydraulicSystems,valve_condition,3,40,Sensor+Graph Logistic,1297,216,649,0.19429452582883577,0.16666666666666666,0.2218798151001541,252,36,144,f1,0.04528590847660956,0.32160804020100503,0.495984598459846,0.22042139384116693,0.9444444444444444,0.35742444152431013,0.23010576447280046,0.5380638063806381
stable_L40_W16_S8,2,stable,16,8,1:733;2:1429,1:733;2:1429,12,HydraulicSystems,valve_condition,3,40,STCG-v1 Selected Logistic,1297,216,649,0.19429452582883577,0.16666666666666666,0.2218798151001541,252,36,144,f1,0.537078204445704,0.36363636363636365,0.5320682068206821,0.2545454545454545,0.3888888888888889,0.3076923076923077,0.2773609547584954,0.5568069306930694
stable_L40_W16_S8,2,stable,16,8,1:733;2:1429,1:733;2:1429,12,HydraulicSystems,valve_condition,3,40,Sensor+STCG-v1 Logistic,1297,216,649,0.19429452582883577,0.16666666666666666,0.2218798151001541,252,36,144,f1,0.00889757514067003,0.3582089552238806,0.4935299779977998,0.21958925750394945,0.9652777777777778,0.3577863577863578,0.2592630339279219,0.5292216721672167
stable_L40_W16_S8,2,stable,16,8,1:733;2:1427,1:733;2:1427,12,HydraulicSystems,valve_condition,5,40,Train Majority,1296,216,648,0.32407407407407407,0.2777777777777778,0.37037037037037035,420,60,240,f1,0.32407407407407407,0.43478260869565216,0.5,0.37037037037037035,1.0,0.5405405405405406,0.37037037037037035,0.5
stable_L40_W16_S8,2,stable,16,8,1:733;2:1427,1:733;2:1427,12,HydraulicSystems,valve_condition,5,40,Sensor Logistic,1296,216,648,0.32407407407407407,0.2777777777777778,0.37037037037037035,420,60,240,f1,0.17181809825337185,0.49382716049382713,0.5,0.37037037037037035,1.0,0.5405405405405406,0.40361077974525594,0.5196486928104574
stable_L40_W16_S8,2,stable,16,8,1:733;2:1427,1:733;2:1427,12,HydraulicSystems,valve_condition,5,40,Graph Ridge Logistic,1296,216,648,0.32407407407407407,0.2777777777777778,0.37037037037037035,420,60,240,f1,0.20503981959506384,0.48,0.5540441176470589,0.408983451536643,0.7208333333333333,0.521870286576169,0.41097569196800054,0.5537479575163399
stable_L40_W16_S8,2,stable,16,8,1:733;2:1427,1:733;2:1427,12,HydraulicSystems,valve_condition,5,40,Sensor+Graph Logistic,1296,216,648,0.32407407407407407,0.2777777777777778,0.37037037037037035,420,60,240,f1,0.009516913073745498,0.47413793103448276,0.5268382352941177,0.38475177304964536,0.9041666666666667,0.5398009950248757,0.4245979487687791,0.567984068627451
stable_L40_W16_S8,2,stable,16,8,1:733;2:1427,1:733;2:1427,12,HydraulicSystems,valve_condition,5,40,STCG-v1 Selected Logistic,1296,216,648,0.32407407407407407,0.2777777777777778,0.37037037037037035,420,60,240,f1,0.10809174814203673,0.4976958525345622,0.5174019607843137,0.38058252427184464,0.8166666666666667,0.519205298013245,0.43100688584744384,0.5684027777777777
stable_L40_W16_S8,2,stable,16,8,1:733;2:1427,1:733;2:1427,12,HydraulicSystems,valve_condition,5,40,Sensor+STCG-v1 Logistic,1296,216,648,0.32407407407407407,0.2777777777777778,0.37037037037037035,420,60,240,f1,0.017003519087869297,0.5065502183406113,0.4979166666666667,0.3693972179289026,0.9958333333333333,0.5388951521984217,0.4132877656145516,0.5417177287581699
stable_L40_W16_S8,2,stable,16,8,1:733;2:1422,1:733;2:1422,12,HydraulicSystems,valve_condition,10,40,Train Majority,1293,215,647,0.6504253673627224,0.5534883720930233,0.7418856259659969,841,119,480,f1,0.6504253673627224,0.7125748502994012,0.5,0.7418856259659969,1.0,0.8518189884649512,0.7418856259659969,0.5
stable_L40_W16_S8,2,stable,16,8,1:733;2:1422,1:733;2:1422,12,HydraulicSystems,valve_condition,10,40,Sensor Logistic,1293,215,647,0.6504253673627224,0.5534883720930233,0.7418856259659969,841,119,480,f1,0.10126050918982062,0.8040540540540541,0.5,0.7418856259659969,1.0,0.8518189884649512,0.8519420082623061,0.6456337325349301
stable_L40_W16_S8,2,stable,16,8,1:733;2:1422,1:733;2:1422,12,HydraulicSystems,valve_condition,10,40,Graph Ridge Logistic,1293,215,647,0.6504253673627224,0.5534883720930233,0.7418856259659969,841,119,480,f1,0.031132759676153053,0.8484848484848485,0.6551521956087825,0.816247582205029,0.8791666666666667,0.8465396188565697,0.8986247974940833,0.7624875249500999
stable_L40_W16_S8,2,stable,16,8,1:733;2:1422,1:733;2:1422,12,HydraulicSystems,valve_condition,10,40,Sensor+Graph Logistic,1293,215,647,0.6504253673627224,0.5534883720930233,0.7418856259659969,841,119,480,f1,0.001771869660781517,0.7125748502994012,0.5039046906187625,0.7433903576982893,0.9958333333333333,0.8512911843276937,0.9088342737118289,0.7714071856287423
stable_L40_W16_S8,2,stable,16,8,1:733;2:1422,1:733;2:1422,12,HydraulicSystems,valve_condition,10,40,STCG-v1 Selected Logistic,1293,215,647,0.6504253673627224,0.5534883720930233,0.7418856259659969,841,119,480,f1,0.053168954942729385,0.7534246575342466,0.5761352295409181,0.7769516728624535,0.8708333333333333,0.8212180746561886,0.7925859498592192,0.6244011976047904
stable_L40_W16_S8,2,stable,16,8,1:733;2:1422,1:733;2:1422,12,HydraulicSystems,valve_condition,10,40,Sensor+STCG-v1 Logistic,1293,215,647,0.6504253673627224,0.5534883720930233,0.7418856259659969,841,119,480,f1,0.038429627205889126,0.7789473684210526,0.5087200598802395,0.7452830188679245,0.9875,0.8494623655913979,0.8051390617973724,0.6238398203592814
stable_L40_W16_S8,2,stable,16,8,1:733;2:1429,1:733;2:1429,12,HydraulicSystems,stable_flag,3,40,Train Majority,1297,216,649,0.07555898226676946,0.06481481481481481,0.08166409861325115,98,14,53,f1,0.07555898226676946,0.12173913043478261,0.5,0.08166409861325115,1.0,0.150997150997151,0.08166409861325115,0.5
stable_L40_W16_S8,2,stable,16,8,1:733;2:1429,1:733;2:1429,12,HydraulicSystems,stable_flag,3,40,Sensor Logistic,1297,216,649,0.07555898226676946,0.06481481481481481,0.08166409861325115,98,14,53,f1,0.3739438111971159,0.3076923076923077,0.5490376092186906,0.15625,0.18867924528301888,0.17094017094017094,0.11259865352999975,0.5826579713815373
stable_L40_W16_S8,2,stable,16,8,1:733;2:1429,1:733;2:1429,12,HydraulicSystems,stable_flag,3,40,Graph Ridge Logistic,1297,216,649,0.07555898226676946,0.06481481481481481,0.08166409861325115,98,14,53,f1,0.9739702012296937,0.42105263157894735,0.5135811067493985,0.09090909090909091,0.24528301886792453,0.1326530612244898,0.13388599206863996,0.5833544383943269
stable_L40_W16_S8,2,stable,16,8,1:733;2:1429,1:733;2:1429,12,HydraulicSystems,stable_flag,3,40,Sensor+Graph Logistic,1297,216,649,0.07555898226676946,0.06481481481481481,0.08166409861325115,98,14,53,f1,0.9648568758220448,0.3902439024390244,0.5169209826516399,0.09042553191489362,0.32075471698113206,0.14107883817427386,0.11653774858760367,0.5858237305305812
stable_L40_W16_S8,2,stable,16,8,1:733;2:1429,1:733;2:1429,12,HydraulicSystems,stable_flag,3,40,STCG-v1 Selected Logistic,1297,216,649,0.07555898226676946,0.06481481481481481,0.08166409861325115,98,14,53,f1,0.2653476491841845,0.1794871794871795,0.46682284411801955,0.06172839506172839,0.18867924528301888,0.09302325581395349,0.07444108874379723,0.4615043687476257
stable_L40_W16_S8,2,stable,16,8,1:733;2:1429,1:733;2:1429,12,HydraulicSystems,stable_flag,3,40,Sensor+STCG-v1 Logistic,1297,216,649,0.07555898226676946,0.06481481481481481,0.08166409861325115,98,14,53,f1,0.0065596741188525196,0.2077922077922078,0.5110801570216538,0.09278350515463918,0.16981132075471697,0.12,0.08695964873479911,0.5057933392427504
stable_L40_W16_S8,2,stable,16,8,1:733;2:1427,1:733;2:1427,12,HydraulicSystems,stable_flag,5,40,Train Majority,1296,216,648,0.11882716049382716,0.10185185185185185,0.12808641975308643,154,22,83,f1,0.11882716049382716,0.18487394957983194,0.5,0.12808641975308643,1.0,0.2270861833105335,0.12808641975308643,0.5
stable_L40_W16_S8,2,stable,16,8,1:733;2:1427,1:733;2:1427,12,HydraulicSystems,stable_flag,5,40,Sensor Logistic,1296,216,648,0.11882716049382716,0.10185185185185185,0.12808641975308643,154,22,83,f1,0.7436926285784456,0.3125,0.5239897643672033,0.16666666666666666,0.18072289156626506,0.17341040462427745,0.15524800197649352,0.5449834737178804
stable_L40_W16_S8,2,stable,16,8,1:733;2:1427,1:733;2:1427,12,HydraulicSystems,stable_flag,5,40,Graph Ridge Logistic,1296,216,648,0.11882716049382716,0.10185185185185185,0.12808641975308643,154,22,83,f1,0.025147130748804376,0.4225352112676056,0.5100223904467427,0.1323529411764706,0.5421686746987951,0.2127659574468085,0.1136904684480129,0.4777481607847318
stable_L40_W16_S8,2,stable,16,8,1:733;2:1427,1:733;2:1427,12,HydraulicSystems,stable_flag,5,40,Sensor+Graph Logistic,1296,216,648,0.11882716049382716,0.10185185185185185,0.12808641975308643,154,22,83,f1,0.10832007078126525,0.3106796116504854,0.5344812879837936,0.1368421052631579,0.9397590361445783,0.23889739663093415,0.11040869080644072,0.4678963642179337
stable_L40_W16_S8,2,stable,16,8,1:733;2:1427,1:733;2:1427,12,HydraulicSystems,stable_flag,5,40,STCG-v1 Selected Logistic,1296,216,648,0.11882716049382716,0.10185185185185185,0.12808641975308643,154,22,83,f1,0.3141980302876237,0.28865979381443296,0.4473717880371042,0.09,0.21686746987951808,0.127208480565371,0.1333721052639574,0.46378078686427127
stable_L40_W16_S8,2,stable,16,8,1:733;2:1427,1:733;2:1427,12,HydraulicSystems,stable_flag,5,40,Sensor+STCG-v1 Logistic,1296,216,648,0.11882716049382716,0.10185185185185185,0.12808641975308643,154,22,83,f1,0.07380013843498569,0.3157894736842105,0.5327327007143619,0.1566265060240964,0.3132530120481928,0.20883534136546184,0.16675926049947948,0.546390873227423
stable_L40_W16_S8,2,stable,16,8,1:733;2:1422,1:733;2:1422,12,HydraulicSystems,stable_flag,10,40,Train Majority,1293,215,647,0.22815158546017014,0.19069767441860466,0.24420401854714066,295,41,158,f1,0.22815158546017014,0.3203125,0.5,0.24420401854714066,1.0,0.39254658385093166,0.24420401854714066,0.5
stable_L40_W16_S8,2,stable,16,8,1:733;2:1422,1:733;2:1422,12,HydraulicSystems,stable_flag,10,40,Sensor Logistic,1293,215,647,0.22815158546017014,0.19069767441860466,0.24420401854714066,295,41,158,f1,0.27702897616541944,0.3780487804878049,0.5,0.24420401854714066,1.0,0.39254658385093166,0.2560845589883315,0.4827729025911832
stable_L40_W16_S8,2,stable,16,8,1:733;2:1422,1:733;2:1422,12,HydraulicSystems,stable_flag,10,40,Graph Ridge Logistic,1293,215,647,0.22815158546017014,0.19069767441860466,0.24420401854714066,295,41,158,f1,4.127674006603943e-05,0.36936936936936937,0.5272708446584349,0.2557726465364121,0.9113924050632911,0.39944521497919555,0.26851103110347685,0.5246693070332117
stable_L40_W16_S8,2,stable,16,8,1:733;2:1422,1:733;2:1422,12,HydraulicSystems,stable_flag,10,40,Sensor+Graph Logistic,1293,215,647,0.22815158546017014,0.19069767441860466,0.24420401854714066,295,41,158,f1,5.956713063838352e-05,0.430939226519337,0.5337941031813829,0.2582897033158813,0.9367088607594937,0.4049247606019152,0.2676153923957731,0.5358132070099143
stable_L40_W16_S8,2,stable,16,8,1:733;2:1422,1:733;2:1422,12,HydraulicSystems,stable_flag,10,40,STCG-v1 Selected Logistic,1293,215,647,0.22815158546017014,0.19069767441860466,0.24420401854714066,295,41,158,f1,0.041350938167485515,0.35359116022099446,0.49046750019414465,0.23976608187134502,0.7784810126582279,0.36661698956780925,0.2451060345445133,0.46640004141751445
stable_L40_W16_S8,2,stable,16,8,1:733;2:1422,1:733;2:1422,12,HydraulicSystems,stable_flag,10,40,Sensor+STCG-v1 Logistic,1293,215,647,0.22815158546017014,0.19069767441860466,0.24420401854714066,295,41,158,f1,8.29000183611553e-05,0.35807860262008734,0.4988804328130258,0.24378881987577639,0.9936708860759493,0.3915211970074813,0.32791393700726257,0.5605083999896456
stable_L40_W24_S8,3,stable,24,8,1:2162,1:2162,0,HydraulicSystems,valve_condition,3,40,Train Majority,1297,216,649,0.19429452582883577,0.16666666666666666,0.2218798151001541,252,36,144,f1,0.19429452582883577,0.2857142857142857,0.5,0.2218798151001541,1.0,0.36317780580075665,0.2218798151001541,0.5
stable_L40_W24_S8,3,stable,24,8,1:2162,1:2162,0,HydraulicSystems,valve_condition,3,40,Sensor Logistic,1297,216,649,0.19429452582883577,0.16666666666666666,0.2218798151001541,252,36,144,f1,0.2054062389645499,0.330188679245283,0.5,0.2218798151001541,1.0,0.36317780580075665,0.222374668338375,0.48659240924092406
stable_L40_W24_S8,3,stable,24,8,1:2162,1:2162,0,HydraulicSystems,valve_condition,3,40,Graph Ridge Logistic,1297,216,649,0.19429452582883577,0.16666666666666666,0.2218798151001541,252,36,144,f1,0.11362706981329951,0.32142857142857145,0.5220778327832784,0.2318548387096774,0.7986111111111112,0.359375,0.22528819359762225,0.5241199119911991
stable_L40_W24_S8,3,stable,24,8,1:2162,1:2162,0,HydraulicSystems,valve_condition,3,40,Sensor+Graph Logistic,1297,216,649,0.19429452582883577,0.16666666666666666,0.2218798151001541,252,36,144,f1,0.04528590847660956,0.32160804020100503,0.495984598459846,0.22042139384116693,0.9444444444444444,0.35742444152431013,0.23010576447280046,0.5380638063806381
stable_L40_W24_S8,3,stable,24,8,1:2162,1:2162,0,HydraulicSystems,valve_condition,3,40,STCG-v1 Selected Logistic,1297,216,649,0.19429452582883577,0.16666666666666666,0.2218798151001541,252,36,144,f1,0.5626576950522549,0.3269230769230769,0.5023239823982398,0.2242152466367713,0.3472222222222222,0.2724795640326976,0.23608329847528425,0.5392051705170516
stable_L40_W24_S8,3,stable,24,8,1:2162,1:2162,0,HydraulicSystems,valve_condition,3,40,Sensor+STCG-v1 Logistic,1297,216,649,0.19429452582883577,0.16666666666666666,0.2218798151001541,252,36,144,f1,0.7848996490549208,0.34,0.5220434543454345,0.2550335570469799,0.2638888888888889,0.2593856655290102,0.23802192504364433,0.5362348734873487
stable_L40_W24_S8,3,stable,24,8,1:2160,1:2160,0,HydraulicSystems,valve_condition,5,40,Train Majority,1296,216,648,0.32407407407407407,0.2777777777777778,0.37037037037037035,420,60,240,f1,0.32407407407407407,0.43478260869565216,0.5,0.37037037037037035,1.0,0.5405405405405406,0.37037037037037035,0.5
stable_L40_W24_S8,3,stable,24,8,1:2160,1:2160,0,HydraulicSystems,valve_condition,5,40,Sensor Logistic,1296,216,648,0.32407407407407407,0.2777777777777778,0.37037037037037035,420,60,240,f1,0.17181809825337185,0.49382716049382713,0.5,0.37037037037037035,1.0,0.5405405405405406,0.40361077974525594,0.5196486928104574
stable_L40_W24_S8,3,stable,24,8,1:2160,1:2160,0,HydraulicSystems,valve_condition,5,40,Graph Ridge Logistic,1296,216,648,0.32407407407407407,0.2777777777777778,0.37037037037037035,420,60,240,f1,0.20503981959506384,0.48,0.5540441176470589,0.408983451536643,0.7208333333333333,0.521870286576169,0.41097569196800054,0.5537479575163399
stable_L40_W24_S8,3,stable,24,8,1:2160,1:2160,0,HydraulicSystems,valve_condition,5,40,Sensor+Graph Logistic,1296,216,648,0.32407407407407407,0.2777777777777778,0.37037037037037035,420,60,240,f1,0.009516913073745498,0.47413793103448276,0.5268382352941177,0.38475177304964536,0.9041666666666667,0.5398009950248757,0.4245979487687791,0.567984068627451
stable_L40_W24_S8,3,stable,24,8,1:2160,1:2160,0,HydraulicSystems,valve_condition,5,40,STCG-v1 Selected Logistic,1296,216,648,0.32407407407407407,0.2777777777777778,0.37037037037037035,420,60,240,f1,0.0007907208024675164,0.43478260869565216,0.5098039215686274,0.375,1.0,0.5454545454545454,0.3791632898740755,0.5410845588235293
stable_L40_W24_S8,3,stable,24,8,1:2160,1:2160,0,HydraulicSystems,valve_condition,5,40,Sensor+STCG-v1 Logistic,1296,216,648,0.32407407407407407,0.2777777777777778,0.37037037037037035,420,60,240,f1,0.0036263755631555884,0.5106382978723404,0.5060049019607843,0.3732283464566929,0.9875,0.5417142857142857,0.38526497854573516,0.553421160130719
stable_L40_W24_S8,3,stable,24,8,1:2155,1:2155,0,HydraulicSystems,valve_condition,10,40,Train Majority,1293,215,647,0.6504253673627224,0.5534883720930233,0.7418856259659969,841,119,480,f1,0.6504253673627224,0.7125748502994012,0.5,0.7418856259659969,1.0,0.8518189884649512,0.7418856259659969,0.5
stable_L40_W24_S8,3,stable,24,8,1:2155,1:2155,0,HydraulicSystems,valve_condition,10,40,Sensor Logistic,1293,215,647,0.6504253673627224,0.5534883720930233,0.7418856259659969,841,119,480,f1,0.10126050918982062,0.8040540540540541,0.5,0.7418856259659969,1.0,0.8518189884649512,0.8519420082623061,0.6456337325349301
stable_L40_W24_S8,3,stable,24,8,1:2155,1:2155,0,HydraulicSystems,valve_condition,10,40,Graph Ridge Logistic,1293,215,647,0.6504253673627224,0.5534883720930233,0.7418856259659969,841,119,480,f1,0.031132759676153053,0.8484848484848485,0.6551521956087825,0.816247582205029,0.8791666666666667,0.8465396188565697,0.8986247974940833,0.7624875249500999
stable_L40_W24_S8,3,stable,24,8,1:2155,1:2155,0,HydraulicSystems,valve_condition,10,40,Sensor+Graph Logistic,1293,215,647,0.6504253673627224,0.5534883720930233,0.7418856259659969,841,119,480,f1,0.001771869660781517,0.7125748502994012,0.5039046906187625,0.7433903576982893,0.9958333333333333,0.8512911843276937,0.9088342737118289,0.7714071856287423
stable_L40_W24_S8,3,stable,24,8,1:2155,1:2155,0,HydraulicSystems,valve_condition,10,40,STCG-v1 Selected Logistic,1293,215,647,0.6504253673627224,0.5534883720930233,0.7418856259659969,841,119,480,f1,7.305627482398656e-07,0.7125748502994012,0.5226484530938124,0.7507936507936508,0.9854166666666667,0.8522522522522522,0.7929691715879723,0.5895833333333333
stable_L40_W24_S8,3,stable,24,8,1:2155,1:2155,0,HydraulicSystems,valve_condition,10,40,Sensor+STCG-v1 Logistic,1293,215,647,0.6504253673627224,0.5534883720930233,0.7418856259659969,841,119,480,f1,0.0027200667059010674,0.7129909365558912,0.5458208582834332,0.7599364069952306,0.9958333333333333,0.8620378719567178,0.7911062759101547,0.6095059880239521
stable_L40_W24_S8,3,stable,24,8,1:2162,1:2162,0,HydraulicSystems,stable_flag,3,40,Train Majority,1297,216,649,0.07555898226676946,0.06481481481481481,0.08166409861325115,98,14,53,f1,0.07555898226676946,0.12173913043478261,0.5,0.08166409861325115,1.0,0.150997150997151,0.08166409861325115,0.5
stable_L40_W24_S8,3,stable,24,8,1:2162,1:2162,0,HydraulicSystems,stable_flag,3,40,Sensor Logistic,1297,216,649,0.07555898226676946,0.06481481481481481,0.08166409861325115,98,14,53,f1,0.3739438111971159,0.3076923076923077,0.5490376092186906,0.15625,0.18867924528301888,0.17094017094017094,0.11259865352999975,0.5826579713815373
stable_L40_W24_S8,3,stable,24,8,1:2162,1:2162,0,HydraulicSystems,stable_flag,3,40,Graph Ridge Logistic,1297,216,649,0.07555898226676946,0.06481481481481481,0.08166409861325115,98,14,53,f1,0.9739702012296937,0.42105263157894735,0.5135811067493985,0.09090909090909091,0.24528301886792453,0.1326530612244898,0.13388599206863996,0.5833544383943269
stable_L40_W24_S8,3,stable,24,8,1:2162,1:2162,0,HydraulicSystems,stable_flag,3,40,Sensor+Graph Logistic,1297,216,649,0.07555898226676946,0.06481481481481481,0.08166409861325115,98,14,53,f1,0.9648568758220448,0.3902439024390244,0.5169209826516399,0.09042553191489362,0.32075471698113206,0.14107883817427386,0.11653774858760367,0.5858237305305812
stable_L40_W24_S8,3,stable,24,8,1:2162,1:2162,0,HydraulicSystems,stable_flag,3,40,STCG-v1 Selected Logistic,1297,216,649,0.07555898226676946,0.06481481481481481,0.08166409861325115,98,14,53,f1,0.3668537941493428,0.18556701030927836,0.5189945548942636,0.0888030888030888,0.4339622641509434,0.14743589743589744,0.08381443297512722,0.5239331391667722
stable_L40_W24_S8,3,stable,24,8,1:2162,1:2162,0,HydraulicSystems,stable_flag,3,40,Sensor+STCG-v1 Logistic,1297,216,649,0.07555898226676946,0.06481481481481481,0.08166409861325115,98,14,53,f1,0.0334563479661768,0.22727272727272727,0.5667658604533367,0.10028653295128939,0.660377358490566,0.17412935323383086,0.09639440323497762,0.5713562112194503
stable_L40_W24_S8,3,stable,24,8,1:2160,1:2160,0,HydraulicSystems,stable_flag,5,40,Train Majority,1296,216,648,0.11882716049382716,0.10185185185185185,0.12808641975308643,154,22,83,f1,0.11882716049382716,0.18487394957983194,0.5,0.12808641975308643,1.0,0.2270861833105335,0.12808641975308643,0.5
stable_L40_W24_S8,3,stable,24,8,1:2160,1:2160,0,HydraulicSystems,stable_flag,5,40,Sensor Logistic,1296,216,648,0.11882716049382716,0.10185185185185185,0.12808641975308643,154,22,83,f1,0.7436926285784456,0.3125,0.5239897643672033,0.16666666666666666,0.18072289156626506,0.17341040462427745,0.15524800197649352,0.5449834737178804
stable_L40_W24_S8,3,stable,24,8,1:2160,1:2160,0,HydraulicSystems,stable_flag,5,40,Graph Ridge Logistic,1296,216,648,0.11882716049382716,0.10185185185185185,0.12808641975308643,154,22,83,f1,0.025147130748804376,0.4225352112676056,0.5100223904467427,0.1323529411764706,0.5421686746987951,0.2127659574468085,0.1136904684480129,0.4777481607847318
stable_L40_W24_S8,3,stable,24,8,1:2160,1:2160,0,HydraulicSystems,stable_flag,5,40,Sensor+Graph Logistic,1296,216,648,0.11882716049382716,0.10185185185185185,0.12808641975308643,154,22,83,f1,0.10832007078126525,0.3106796116504854,0.5344812879837936,0.1368421052631579,0.9397590361445783,0.23889739663093415,0.11040869080644072,0.4678963642179337
stable_L40_W24_S8,3,stable,24,8,1:2160,1:2160,0,HydraulicSystems,stable_flag,5,40,STCG-v1 Selected Logistic,1296,216,648,0.11882716049382716,0.10185185185185185,0.12808641975308643,154,22,83,f1,0.2066880360890642,0.265625,0.5208124533532359,0.1375,0.5301204819277109,0.21836228287841192,0.13682644877381034,0.5253438532892633
stable_L40_W24_S8,3,stable,24,8,1:2160,1:2160,0,HydraulicSystems,stable_flag,5,40,Sensor+STCG-v1 Logistic,1296,216,648,0.11882716049382716,0.10185185185185185,0.12808641975308643,154,22,83,f1,0.015040990067525593,0.34146341463414637,0.5199168354835271,0.13358778625954199,0.8433734939759037,0.23064250411861614,0.16259674291762,0.5557522123893806
stable_L40_W24_S8,3,stable,24,8,1:2155,1:2155,0,HydraulicSystems,stable_flag,10,40,Train Majority,1293,215,647,0.22815158546017014,0.19069767441860466,0.24420401854714066,295,41,158,f1,0.22815158546017014,0.3203125,0.5,0.24420401854714066,1.0,0.39254658385093166,0.24420401854714066,0.5
stable_L40_W24_S8,3,stable,24,8,1:2155,1:2155,0,HydraulicSystems,stable_flag,10,40,Sensor Logistic,1293,215,647,0.22815158546017014,0.19069767441860466,0.24420401854714066,295,41,158,f1,0.27702897616541944,0.3780487804878049,0.5,0.24420401854714066,1.0,0.39254658385093166,0.2560845589883315,0.4827729025911832
stable_L40_W24_S8,3,stable,24,8,1:2155,1:2155,0,HydraulicSystems,stable_flag,10,40,Graph Ridge Logistic,1293,215,647,0.22815158546017014,0.19069767441860466,0.24420401854714066,295,41,158,f1,4.127674006603943e-05,0.36936936936936937,0.5272708446584349,0.2557726465364121,0.9113924050632911,0.39944521497919555,0.26851103110347685,0.5246693070332117
stable_L40_W24_S8,3,stable,24,8,1:2155,1:2155,0,HydraulicSystems,stable_flag,10,40,Sensor+Graph Logistic,1293,215,647,0.22815158546017014,0.19069767441860466,0.24420401854714066,295,41,158,f1,5.956713063838352e-05,0.430939226519337,0.5337941031813829,0.2582897033158813,0.9367088607594937,0.4049247606019152,0.2676153923957731,0.5358132070099143
stable_L40_W24_S8,3,stable,24,8,1:2155,1:2155,0,HydraulicSystems,stable_flag,10,40,STCG-v1 Selected Logistic,1293,215,647,0.22815158546017014,0.19069767441860466,0.24420401854714066,295,41,158,f1,0.20481511802261407,0.4,0.5646242654862674,0.28095238095238095,0.7468354430379747,0.4083044982698962,0.24637694264184148,0.5468017913074992
stable_L40_W24_S8,3,stable,24,8,1:2155,1:2155,0,HydraulicSystems,stable_flag,10,40,Sensor+STCG-v1 Logistic,1293,215,647,0.22815158546017014,0.19069767441860466,0.24420401854714066,295,41,158,f1,0.003643553206372562,0.47560975609756095,0.5599389091662137,0.2692307692307692,0.9746835443037974,0.42191780821917807,0.2642986200796834,0.5839481245631747
stable_L60_W16_S8,4,stable,16,8,1:242;2:1132;3:467;4:301,1:242;2:1132;3:467;4:301,18,HydraulicSystems,valve_condition,3,60,Train Majority,1285,214,643,0.19844357976653695,0.1542056074766355,0.223950233281493,255,33,144,f1,0.19844357976653695,0.26720647773279355,0.5,0.223950233281493,1.0,0.36594663278271916,0.223950233281493,0.5
stable_L60_W16_S8,4,stable,16,8,1:242;2:1132;3:467;4:301,1:242;2:1132;3:467;4:301,18,HydraulicSystems,valve_condition,3,60,Sensor Logistic,1285,214,643,0.19844357976653695,0.1542056074766355,0.223950233281493,255,33,144,f1,0.23794409240593103,0.33,0.5,0.223950233281493,1.0,0.36594663278271916,0.18762149528576355,0.40305611222444887
stable_L60_W16_S8,4,stable,16,8,1:242;2:1132;3:467;4:301,1:242;2:1132;3:467;4:301,18,HydraulicSystems,valve_condition,3,60,Graph Ridge Logistic,1285,214,643,0.19844357976653695,0.1542056074766355,0.223950233281493,255,33,144,f1,0.49669152385078963,0.4153846153846154,0.507208862168782,0.2311111111111111,0.3611111111111111,0.28184281842818426,0.22662755043323685,0.5227120908483633
stable_L60_W16_S8,4,stable,16,8,1:242;2:1132;3:467;4:301,1:242;2:1132;3:467;4:301,18,HydraulicSystems,valve_condition,3,60,Sensor+Graph Logistic,1285,214,643,0.19844357976653695,0.1542056074766355,0.223950233281493,255,33,144,f1,0.9269641705227729,0.3013698630136986,0.5279517368069473,0.24429967426710097,0.5208333333333334,0.3325942350332594,0.23409722200052135,0.520499331997328
stable_L60_W16_S8,4,stable,16,8,1:242;2:1132;3:467;4:301,1:242;2:1132;3:467;4:301,18,HydraulicSystems,valve_condition,3,60,STCG-v1 Selected Logistic,1285,214,643,0.19844357976653695,0.1542056074766355,0.223950233281493,255,33,144,f1,0.2737990687495785,0.37681159420289856,0.4925336784680472,0.21963824289405684,0.5902777777777778,0.32015065913371,0.23724856899637825,0.5065965263861055
stable_L60_W16_S8,4,stable,16,8,1:242;2:1132;3:467;4:301,1:242;2:1132;3:467;4:301,18,HydraulicSystems,valve_condition,3,60,Sensor+STCG-v1 Logistic,1285,214,643,0.19844357976653695,0.1542056074766355,0.223950233281493,255,33,144,f1,0.5139290808759761,0.45045045045045046,0.47292501670006676,0.1595744680851064,0.10416666666666667,0.12605042016806722,0.22290983076464566,0.48698786461812515
stable_L60_W16_S8,4,stable,16,8,1:242;2:1131;3:466;4:301,1:242;2:1131;3:466;4:301,18,HydraulicSystems,valve_condition,5,60,Train Majority,1284,214,642,0.3309968847352025,0.2570093457943925,0.37383177570093457,425,55,240,f1,0.3309968847352025,0.40892193308550184,0.5,0.37383177570093457,1.0,0.54421768707483,0.37383177570093457,0.5
stable_L60_W16_S8,4,stable,16,8,1:242;2:1131;3:466;4:301,1:242;2:1131;3:466;4:301,18,HydraulicSystems,valve_condition,5,60,Sensor Logistic,1284,214,642,0.3309968847352025,0.2570093457943925,0.37383177570093457,425,55,240,f1,0.2476690701174329,0.5070422535211268,0.5,0.37383177570093457,1.0,0.54421768707483,0.29566109766163906,0.3645107794361525
stable_L60_W16_S8,4,stable,16,8,1:242;2:1131;3:466;4:301,1:242;2:1131;3:466;4:301,18,HydraulicSystems,valve_condition,5,60,Graph Ridge Logistic,1284,214,642,0.3309968847352025,0.2570093457943925,0.37383177570093457,425,55,240,f1,0.27177235984349973,0.5419354838709678,0.5132462686567164,0.38688524590163936,0.49166666666666664,0.43302752293577984,0.37135425567547203,0.5048714759535655
stable_L60_W16_S8,4,stable,16,8,1:242;2:1131;3:466;4:301,1:242;2:1131;3:466;4:301,18,HydraulicSystems,valve_condition,5,60,Sensor+Graph Logistic,1284,214,642,0.3309968847352025,0.2570093457943925,0.37383177570093457,425,55,240,f1,0.3676037067220149,0.5432098765432098,0.49757462686567167,0.37168141592920356,0.525,0.43523316062176165,0.3669803597085103,0.4909100331674958
stable_L60_W16_S8,4,stable,16,8,1:242;2:1131;3:466;4:301,1:242;2:1131;3:466;4:301,18,HydraulicSystems,valve_condition,5,60,STCG-v1 Selected Logistic,1284,214,642,0.3309968847352025,0.2570093457943925,0.37383177570093457,425,55,240,f1,0.29302761401018684,0.5423728813559322,0.5048818407960198,0.3775,0.6291666666666667,0.471875,0.38150728149547475,0.5038764510779435
stable_L60_W16_S8,4,stable,16,8,1:242;2:1131;3:466;4:301,1:242;2:1131;3:466;4:301,18,HydraulicSystems,valve_condition,5,60,Sensor+STCG-v1 Logistic,1284,214,642,0.3309968847352025,0.2570093457943925,0.37383177570093457,425,55,240,f1,0.4356404336458147,0.5769230769230769,0.5002798507462687,0.374,0.7791666666666667,0.5054054054054054,0.3661084908663818,0.4943615257048093
stable_L60_W16_S8,4,stable,16,8,1:242;2:1131;3:464;4:298,1:242;2:1131;3:464;4:298,18,HydraulicSystems,valve_condition,10,60,Train Majority,1281,213,641,0.6627634660421545,0.5211267605633803,0.748829953198128,849,111,480,f1,0.6627634660421545,0.6851851851851852,0.5,0.748829953198128,1.0,0.856378233719893,0.748829953198128,0.5
stable_L60_W16_S8,4,stable,16,8,1:242;2:1131;3:464;4:298,1:242;2:1131;3:464;4:298,18,HydraulicSystems,valve_condition,10,60,Sensor Logistic,1281,213,641,0.6627634660421545,0.5211267605633803,0.748829953198128,849,111,480,f1,0.179601443097464,0.844106463878327,0.5,0.748829953198128,1.0,0.856378233719893,0.660493780810045,0.3943064182194617
stable_L60_W16_S8,4,stable,16,8,1:242;2:1131;3:464;4:298,1:242;2:1131;3:464;4:298,18,HydraulicSystems,valve_condition,10,60,Graph Ridge Logistic,1281,213,641,0.6627634660421545,0.5211267605633803,0.748829953198128,849,111,480,f1,0.054028031298052094,0.8363636363636363,0.658883281573499,0.8288100208768268,0.8270833333333333,0.8279457768508863,0.8417401357772736,0.681159420289855
stable_L60_W16_S8,4,stable,16,8,1:242;2:1131;3:464;4:298,1:242;2:1131;3:464;4:298,18,HydraulicSystems,valve_condition,10,60,Sensor+Graph Logistic,1281,213,641,0.6627634660421545,0.5211267605633803,0.748829953198128,849,111,480,f1,1.0324943114964878e-06,0.8104089219330854,0.49895833333333334,0.7484375,0.9979166666666667,0.8553571428571428,0.8113542565290891,0.6170289855072464
stable_L60_W16_S8,4,stable,16,8,1:242;2:1131;3:464;4:298,1:242;2:1131;3:464;4:298,18,HydraulicSystems,valve_condition,10,60,STCG-v1 Selected Logistic,1281,213,641,0.6627634660421545,0.5211267605633803,0.748829953198128,849,111,480,f1,0.8082147002575892,0.8340807174887892,0.4039660973084886,0.6700680272108843,0.41041666666666665,0.5090439276485789,0.6607797147618129,0.34604037267080745
stable_L60_W16_S8,4,stable,16,8,1:242;2:1131;3:464;4:298,1:242;2:1131;3:464;4:298,18,HydraulicSystems,valve_condition,10,60,Sensor+STCG-v1 Logistic,1281,213,641,0.6627634660421545,0.5211267605633803,0.748829953198128,849,111,480,f1,0.4373413270679166,0.8373983739837398,0.5027562111801243,0.75,0.8875,0.8129770992366412,0.7171389848197207,0.44719202898550725
stable_L60_W16_S8,4,stable,16,8,1:242;2:1132;3:467;4:301,1:242;2:1132;3:467;4:301,18,HydraulicSystems,stable_flag,3,60,Train Majority,1285,214,643,0.07859922178988327,0.0514018691588785,0.08242612752721618,101,11,53,f1,0.07859922178988327,0.09777777777777778,0.5,0.08242612752721618,1.0,0.15229885057471265,0.08242612752721618,0.5
stable_L60_W16_S8,4,stable,16,8,1:242;2:1132;3:467;4:301,1:242;2:1132;3:467;4:301,18,HydraulicSystems,stable_flag,3,60,Sensor Logistic,1285,214,643,0.07859922178988327,0.0514018691588785,0.08242612752721618,101,11,53,f1,0.12637763305264818,0.14012738853503184,0.5,0.08242612752721618,1.0,0.15229885057471265,0.14029605617665053,0.5461464662615926
stable_L60_W16_S8,4,stable,16,8,1:242;2:1132;3:467;4:301,1:242;2:1132;3:467;4:301,18,HydraulicSystems,stable_flag,3,60,Graph Ridge Logistic,1285,214,643,0.07859922178988327,0.0514018691588785,0.08242612752721618,101,11,53,f1,0.9824316830292911,0.14285714285714285,0.4923728813559322,0.0,0.0,0.0,0.11288037835745623,0.6242724656220019
stable_L60_W16_S8,4,stable,16,8,1:242;2:1132;3:467;4:301,1:242;2:1132;3:467;4:301,18,HydraulicSystems,stable_flag,3,60,Sensor+Graph Logistic,1285,214,643,0.07859922178988327,0.0514018691588785,0.08242612752721618,101,11,53,f1,0.0035640394626604175,0.21739130434782608,0.5333706427886152,0.1005586592178771,0.33962264150943394,0.15517241379310345,0.10982766547108888,0.6191237607930924
stable_L60_W16_S8,4,stable,16,8,1:242;2:1132;3:467;4:301,1:242;2:1132;3:467;4:301,18,HydraulicSystems,stable_flag,3,60,STCG-v1 Selected Logistic,1285,214,643,0.07859922178988327,0.0514018691588785,0.08242612752721618,101,11,53,f1,0.8723953428540224,0.17391304347826086,0.5633194755356572,0.1566265060240964,0.24528301886792453,0.19117647058823528,0.1279831174737833,0.6232491205628398
stable_L60_W16_S8,4,stable,16,8,1:242;2:1132;3:467;4:301,1:242;2:1132;3:467;4:301,18,HydraulicSystems,stable_flag,3,60,Sensor+STCG-v1 Logistic,1285,214,643,0.07859922178988327,0.0514018691588785,0.08242612752721618,101,11,53,f1,7.96510134275297e-07,0.11428571428571428,0.5033898305084745,0.08294209702660407,1.0,0.1531791907514451,0.13133529788261075,0.5982091461464663
stable_L60_W16_S8,4,stable,16,8,1:242;2:1131;3:466;4:301,1:242;2:1131;3:466;4:301,18,HydraulicSystems,stable_flag,5,60,Train Majority,1284,214,642,0.12383177570093458,0.0794392523364486,0.1292834890965732,159,17,83,f1,0.12383177570093458,0.1471861471861472,0.5,0.1292834890965732,1.0,0.2289655172413793,0.1292834890965732,0.5
stable_L60_W16_S8,4,stable,16,8,1:242;2:1131;3:466;4:301,1:242;2:1131;3:466;4:301,18,HydraulicSystems,stable_flag,5,60,Sensor Logistic,1284,214,642,0.12383177570093458,0.0794392523364486,0.1292834890965732,159,17,83,f1,0.13862304345869145,0.20606060606060606,0.5,0.1292834890965732,1.0,0.2289655172413793,0.1573584347629841,0.5508545811151583
stable_L60_W16_S8,4,stable,16,8,1:242;2:1131;3:466;4:301,1:242;2:1131;3:466;4:301,18,HydraulicSystems,stable_flag,5,60,Graph Ridge Logistic,1284,214,642,0.12383177570093458,0.0794392523364486,0.1292834890965732,159,17,83,f1,0.30851355817400256,0.3076923076923077,0.4981572084402009,0.12121212121212122,0.04819277108433735,0.06896551724137931,0.14898625464596277,0.5598637842963985
stable_L60_W16_S8,4,stable,16,8,1:242;2:1131;3:466;4:301,1:242;2:1131;3:466;4:301,18,HydraulicSystems,stable_flag,5,60,Sensor+Graph Logistic,1284,214,642,0.12383177570093458,0.0794392523364486,0.1292834890965732,159,17,83,f1,0.16147119985391445,0.2727272727272727,0.5228786343944651,0.14659685863874344,0.3373493975903614,0.20437956204379562,0.1472536174452575,0.5499924564088196
stable_L60_W16_S8,4,stable,16,8,1:242;2:1131;3:466;4:301,1:242;2:1131;3:466;4:301,18,HydraulicSystems,stable_flag,5,60,STCG-v1 Selected Logistic,1284,214,642,0.12383177570093458,0.0794392523364486,0.1292834890965732,159,17,83,f1,0.019889316798875397,0.19480519480519481,0.5494105222320409,0.1447084233261339,0.8072289156626506,0.2454212454212454,0.16605311272566967,0.5862448003103649
stable_L60_W16_S8,4,stable,16,8,1:242;2:1131;3:466;4:301,1:242;2:1131;3:466;4:301,18,HydraulicSystems,stable_flag,5,60,Sensor+STCG-v1 Logistic,1284,214,642,0.12383177570093458,0.0794392523364486,0.1292834890965732,159,17,83,f1,0.0007156333269019129,0.20125786163522014,0.5008944543828264,0.1294851794071763,1.0,0.2292817679558011,0.16878065728556294,0.5433109899346941
stable_L60_W16_S8,4,stable,16,8,1:242;2:1131;3:464;4:298,1:242;2:1131;3:464;4:298,18,HydraulicSystems,stable_flag,10,60,Train Majority,1281,213,641,0.23653395784543327,0.15492957746478872,0.24648985959438377,303,33,158,f1,0.23653395784543327,0.2682926829268293,0.5,0.24648985959438377,1.0,0.3954943679599499,0.24648985959438377,0.5
stable_L60_W16_S8,4,stable,16,8,1:242;2:1131;3:464;4:298,1:242;2:1131;3:464;4:298,18,HydraulicSystems,stable_flag,10,60,Sensor Logistic,1281,213,641,0.23653395784543327,0.15492957746478872,0.24648985959438377,303,33,158,f1,0.18462852282802406,0.36464088397790057,0.5,0.24648985959438377,1.0,0.3954943679599499,0.2757330125371323,0.5475797363524386
stable_L60_W16_S8,4,stable,16,8,1:242;2:1131;3:464;4:298,1:242;2:1131;3:464;4:298,18,HydraulicSystems,stable_flag,10,60,Graph Ridge Logistic,1281,213,641,0.23653395784543327,0.15492957746478872,0.24648985959438377,303,33,158,f1,0.03596651090329048,0.34532374100719426,0.46503262835128545,0.203125,0.2468354430379747,0.22285714285714286,0.23645423339241933,0.4489739759415049
stable_L60_W16_S8,4,stable,16,8,1:242;2:1131;3:464;4:298,1:242;2:1131;3:464;4:298,18,HydraulicSystems,stable_flag,10,60,Sensor+Graph Logistic,1281,213,641,0.23653395784543327,0.15492957746478872,0.24648985959438377,303,33,158,f1,0.056444140913921456,0.42718446601941745,0.46857719422386457,0.2206896551724138,0.4050632911392405,0.2857142857142857,0.23781123397549123,0.459719055481301
stable_L60_W16_S8,4,stable,16,8,1:242;2:1131;3:464;4:298,1:242;2:1131;3:464;4:298,18,HydraulicSystems,stable_flag,10,60,STCG-v1 Selected Logistic,1281,213,641,0.23653395784543327,0.15492957746478872,0.24648985959438377,303,33,158,f1,0.08782165658152043,0.36363636363636365,0.5204746180255262,0.2570194384449244,0.7531645569620253,0.3832528180354267,0.2648827945119611,0.5160783080430852
stable_L60_W16_S8,4,stable,16,8,1:242;2:1131;3:464;4:298,1:242;2:1131;3:464;4:298,18,HydraulicSystems,stable_flag,10,60,Sensor+STCG-v1 Logistic,1281,213,641,0.23653395784543327,0.15492957746478872,0.24648985959438377,303,33,158,f1,0.0073514085455221615,0.37575757575757573,0.5,0.24648985959438377,1.0,0.3954943679599499,0.26390935424450934,0.524674371674922
stable_L60_W24_S8,5,stable,24,8,1:21;2:1566;3:432;4:123,1:21;2:1566;3:432;4:123,18,HydraulicSystems,valve_condition,3,60,Train Majority,1285,214,643,0.19844357976653695,0.1542056074766355,0.223950233281493,255,33,144,f1,0.19844357976653695,0.26720647773279355,0.5,0.223950233281493,1.0,0.36594663278271916,0.223950233281493,0.5
stable_L60_W24_S8,5,stable,24,8,1:21;2:1566;3:432;4:123,1:21;2:1566;3:432;4:123,18,HydraulicSystems,valve_condition,3,60,Sensor Logistic,1285,214,643,0.19844357976653695,0.1542056074766355,0.223950233281493,255,33,144,f1,0.23794409240593103,0.33,0.5,0.223950233281493,1.0,0.36594663278271916,0.18762149528576355,0.40305611222444887
stable_L60_W24_S8,5,stable,24,8,1:21;2:1566;3:432;4:123,1:21;2:1566;3:432;4:123,18,HydraulicSystems,valve_condition,3,60,Graph Ridge Logistic,1285,214,643,0.19844357976653695,0.1542056074766355,0.223950233281493,255,33,144,f1,0.49669152385078963,0.4153846153846154,0.507208862168782,0.2311111111111111,0.3611111111111111,0.28184281842818426,0.22662755043323685,0.5227120908483633
stable_L60_W24_S8,5,stable,24,8,1:21;2:1566;3:432;4:123,1:21;2:1566;3:432;4:123,18,HydraulicSystems,valve_condition,3,60,Sensor+Graph Logistic,1285,214,643,0.19844357976653695,0.1542056074766355,0.223950233281493,255,33,144,f1,0.9269641705227729,0.3013698630136986,0.5279517368069473,0.24429967426710097,0.5208333333333334,0.3325942350332594,0.23409722200052135,0.520499331997328
stable_L60_W24_S8,5,stable,24,8,1:21;2:1566;3:432;4:123,1:21;2:1566;3:432;4:123,18,HydraulicSystems,valve_condition,3,60,STCG-v1 Selected Logistic,1285,214,643,0.19844357976653695,0.1542056074766355,0.223950233281493,255,33,144,f1,0.7075437299792263,0.38016528925619836,0.5424181696726786,0.27906976744186046,0.3333333333333333,0.3037974683544304,0.2549173406971286,0.534388220886217
stable_L60_W24_S8,5,stable,24,8,1:21;2:1566;3:432;4:123,1:21;2:1566;3:432;4:123,18,HydraulicSystems,valve_condition,3,60,Sensor+STCG-v1 Logistic,1285,214,643,0.19844357976653695,0.1542056074766355,0.223950233281493,255,33,144,f1,0.5698453458777705,0.36486486486486486,0.46368431307058566,0.20308483290488433,0.5486111111111112,0.2964352720450281,0.22821244859044554,0.4757014028056113
stable_L60_W24_S8,5,stable,24,8,1:21;2:1564;3:432;4:123,1:21;2:1564;3:432;4:123,18,HydraulicSystems,valve_condition,5,60,Train Majority,1284,214,642,0.3309968847352025,0.2570093457943925,0.37383177570093457,425,55,240,f1,0.3309968847352025,0.40892193308550184,0.5,0.37383177570093457,1.0,0.54421768707483,0.37383177570093457,0.5
stable_L60_W24_S8,5,stable,24,8,1:21;2:1564;3:432;4:123,1:21;2:1564;3:432;4:123,18,HydraulicSystems,valve_condition,5,60,Sensor Logistic,1284,214,642,0.3309968847352025,0.2570093457943925,0.37383177570093457,425,55,240,f1,0.2476690701174329,0.5070422535211268,0.5,0.37383177570093457,1.0,0.54421768707483,0.29566109766163906,0.3645107794361525
stable_L60_W24_S8,5,stable,24,8,1:21;2:1564;3:432;4:123,1:21;2:1564;3:432;4:123,18,HydraulicSystems,valve_condition,5,60,Graph Ridge Logistic,1284,214,642,0.3309968847352025,0.2570093457943925,0.37383177570093457,425,55,240,f1,0.27177235984349973,0.5419354838709678,0.5132462686567164,0.38688524590163936,0.49166666666666664,0.43302752293577984,0.37135425567547203,0.5048714759535655
stable_L60_W24_S8,5,stable,24,8,1:21;2:1564;3:432;4:123,1:21;2:1564;3:432;4:123,18,HydraulicSystems,valve_condition,5,60,Sensor+Graph Logistic,1284,214,642,0.3309968847352025,0.2570093457943925,0.37383177570093457,425,55,240,f1,0.3676037067220149,0.5432098765432098,0.49757462686567167,0.37168141592920356,0.525,0.43523316062176165,0.3669803597085103,0.4909100331674958
stable_L60_W24_S8,5,stable,24,8,1:21;2:1564;3:432;4:123,1:21;2:1564;3:432;4:123,18,HydraulicSystems,valve_condition,5,60,STCG-v1 Selected Logistic,1284,214,642,0.3309968847352025,0.2570093457943925,0.37383177570093457,425,55,240,f1,0.33444336309721107,0.5098039215686274,0.5553171641791045,0.4254658385093168,0.5708333333333333,0.4875444839857651,0.4202796264081391,0.5587790215588724
stable_L60_W24_S8,5,stable,24,8,1:21;2:1564;3:432;4:123,1:21;2:1564;3:432;4:123,18,HydraulicSystems,valve_condition,5,60,Sensor+STCG-v1 Logistic,1284,214,642,0.3309968847352025,0.2570093457943925,0.37383177570093457,425,55,240,f1,0.2302929734350054,0.5222222222222223,0.5026741293532339,0.37521514629948366,0.9083333333333333,0.5310596833130329,0.39341415569941696,0.5266376451077943
stable_L60_W24_S8,5,stable,24,8,1:21;2:1560;3:432;4:122,1:21;2:1560;3:432;4:122,18,HydraulicSystems,valve_condition,10,60,Train Majority,1281,213,641,0.6627634660421545,0.5211267605633803,0.748829953198128,849,111,480,f1,0.6627634660421545,0.6851851851851852,0.5,0.748829953198128,1.0,0.856378233719893,0.748829953198128,0.5
stable_L60_W24_S8,5,stable,24,8,1:21;2:1560;3:432;4:122,1:21;2:1560;3:432;4:122,18,HydraulicSystems,valve_condition,10,60,Sensor Logistic,1281,213,641,0.6627634660421545,0.5211267605633803,0.748829953198128,849,111,480,f1,0.179601443097464,0.844106463878327,0.5,0.748829953198128,1.0,0.856378233719893,0.660493780810045,0.3943064182194617
stable_L60_W24_S8,5,stable,24,8,1:21;2:1560;3:432;4:122,1:21;2:1560;3:432;4:122,18,HydraulicSystems,valve_condition,10,60,Graph Ridge Logistic,1281,213,641,0.6627634660421545,0.5211267605633803,0.748829953198128,849,111,480,f1,0.054028031298052094,0.8363636363636363,0.658883281573499,0.8288100208768268,0.8270833333333333,0.8279457768508863,0.8417401357772736,0.681159420289855
stable_L60_W24_S8,5,stable,24,8,1:21;2:1560;3:432;4:122,1:21;2:1560;3:432;4:122,18,HydraulicSystems,valve_condition,10,60,Sensor+Graph Logistic,1281,213,641,0.6627634660421545,0.5211267605633803,0.748829953198128,849,111,480,f1,1.0324943114964878e-06,0.8104089219330854,0.49895833333333334,0.7484375,0.9979166666666667,0.8553571428571428,0.8113542565290891,0.6170289855072464
stable_L60_W24_S8,5,stable,24,8,1:21;2:1560;3:432;4:122,1:21;2:1560;3:432;4:122,18,HydraulicSystems,valve_condition,10,60,STCG-v1 Selected Logistic,1281,213,641,0.6627634660421545,0.5211267605633803,0.748829953198128,849,111,480,f1,0.9980899718068764,0.863849765258216,0.5105590062111801,0.758893280632411,0.4,0.5238744884038199,0.771871356571397,0.48550724637681164
stable_L60_W24_S8,5,stable,24,8,1:21;2:1560;3:432;4:122,1:21;2:1560;3:432;4:122,18,HydraulicSystems,valve_condition,10,60,Sensor+STCG-v1 Logistic,1281,213,641,0.6627634660421545,0.5211267605633803,0.748829953198128,849,111,480,f1,0.8695387536644427,0.8622222222222222,0.5794254658385093,0.8046647230320699,0.575,0.6707168894289186,0.8398844964150324,0.6184006211180124
stable_L60_W24_S8,5,stable,24,8,1:21;2:1566;3:432;4:123,1:21;2:1566;3:432;4:123,18,HydraulicSystems,stable_flag,3,60,Train Majority,1285,214,643,0.07859922178988327,0.0514018691588785,0.08242612752721618,101,11,53,f1,0.07859922178988327,0.09777777777777778,0.5,0.08242612752721618,1.0,0.15229885057471265,0.08242612752721618,0.5
stable_L60_W24_S8,5,stable,24,8,1:21;2:1566;3:432;4:123,1:21;2:1566;3:432;4:123,18,HydraulicSystems,stable_flag,3,60,Sensor Logistic,1285,214,643,0.07859922178988327,0.0514018691588785,0.08242612752721618,101,11,53,f1,0.12637763305264818,0.14012738853503184,0.5,0.08242612752721618,1.0,0.15229885057471265,0.14029605617665053,0.5461464662615926
stable_L60_W24_S8,5,stable,24,8,1:21;2:1566;3:432;4:123,1:21;2:1566;3:432;4:123,18,HydraulicSystems,stable_flag,3,60,Graph Ridge Logistic,1285,214,643,0.07859922178988327,0.0514018691588785,0.08242612752721618,101,11,53,f1,0.9824316830292911,0.14285714285714285,0.4923728813559322,0.0,0.0,0.0,0.11288037835745623,0.6242724656220019
stable_L60_W24_S8,5,stable,24,8,1:21;2:1566;3:432;4:123,1:21;2:1566;3:432;4:123,18,HydraulicSystems,stable_flag,3,60,Sensor+Graph Logistic,1285,214,643,0.07859922178988327,0.0514018691588785,0.08242612752721618,101,11,53,f1,0.0035640394626604175,0.21739130434782608,0.5333706427886152,0.1005586592178771,0.33962264150943394,0.15517241379310345,0.10982766547108888,0.6191237607930924
stable_L60_W24_S8,5,stable,24,8,1:21;2:1566;3:432;4:123,1:21;2:1566;3:432;4:123,18,HydraulicSystems,stable_flag,3,60,STCG-v1 Selected Logistic,1285,214,643,0.07859922178988327,0.0514018691588785,0.08242612752721618,101,11,53,f1,0.9650512452078872,0.16666666666666666,0.4449152542372881,0.0,0.0,0.0,0.06432635542904057,0.40367764630636394
stable_L60_W24_S8,5,stable,24,8,1:21;2:1566;3:432;4:123,1:21;2:1566;3:432;4:123,18,HydraulicSystems,stable_flag,3,60,Sensor+STCG-v1 Logistic,1285,214,643,0.07859922178988327,0.0514018691588785,0.08242612752721618,101,11,53,f1,0.9673374219842652,0.21428571428571427,0.4570354972817397,0.07062146892655367,0.4716981132075472,0.12285012285012285,0.06534843119648072,0.41138471378317876
stable_L60_W24_S8,5,stable,24,8,1:21;2:1564;3:432;4:123,1:21;2:1564;3:432;4:123,18,HydraulicSystems,stable_flag,5,60,Train Majority,1284,214,642,0.12383177570093458,0.0794392523364486,0.1292834890965732,159,17,83,f1,0.12383177570093458,0.1471861471861472,0.5,0.1292834890965732,1.0,0.2289655172413793,0.1292834890965732,0.5
stable_L60_W24_S8,5,stable,24,8,1:21;2:1564;3:432;4:123,1:21;2:1564;3:432;4:123,18,HydraulicSystems,stable_flag,5,60,Sensor Logistic,1284,214,642,0.12383177570093458,0.0794392523364486,0.1292834890965732,159,17,83,f1,0.13862304345869145,0.20606060606060606,0.5,0.1292834890965732,1.0,0.2289655172413793,0.1573584347629841,0.5508545811151583
stable_L60_W24_S8,5,stable,24,8,1:21;2:1564;3:432;4:123,1:21;2:1564;3:432;4:123,18,HydraulicSystems,stable_flag,5,60,Graph Ridge Logistic,1284,214,642,0.12383177570093458,0.0794392523364486,0.1292834890965732,159,17,83,f1,0.30851355817400256,0.3076923076923077,0.4981572084402009,0.12121212121212122,0.04819277108433735,0.06896551724137931,0.14898625464596277,0.5598637842963985
stable_L60_W24_S8,5,stable,24,8,1:21;2:1564;3:432;4:123,1:21;2:1564;3:432;4:123,18,HydraulicSystems,stable_flag,5,60,Sensor+Graph Logistic,1284,214,642,0.12383177570093458,0.0794392523364486,0.1292834890965732,159,17,83,f1,0.16147119985391445,0.2727272727272727,0.5228786343944651,0.14659685863874344,0.3373493975903614,0.20437956204379562,0.1472536174452575,0.5499924564088196
stable_L60_W24_S8,5,stable,24,8,1:21;2:1564;3:432;4:123,1:21;2:1564;3:432;4:123,18,HydraulicSystems,stable_flag,5,60,STCG-v1 Selected Logistic,1284,214,642,0.12383177570093458,0.0794392523364486,0.1292834890965732,159,17,83,f1,0.9969853997340054,0.2608695652173913,0.47603293316378215,0.06,0.03614457831325301,0.045112781954887216,0.1064241586604141,0.4270534732849106
stable_L60_W24_S8,5,stable,24,8,1:21;2:1564;3:432;4:123,1:21;2:1564;3:432;4:123,18,HydraulicSystems,stable_flag,5,60,Sensor+STCG-v1 Logistic,1284,214,642,0.12383177570093458,0.0794392523364486,0.1292834890965732,159,17,83,f1,2.1959333864864892e-07,0.18681318681318682,0.5,0.1292834890965732,1.0,0.2289655172413793,0.10725362115867304,0.4245964178718452
stable_L60_W24_S8,5,stable,24,8,1:21;2:1560;3:432;4:122,1:21;2:1560;3:432;4:122,18,HydraulicSystems,stable_flag,10,60,Train Majority,1281,213,641,0.23653395784543327,0.15492957746478872,0.24648985959438377,303,33,158,f1,0.23653395784543327,0.2682926829268293,0.5,0.24648985959438377,1.0,0.3954943679599499,0.24648985959438377,0.5
stable_L60_W24_S8,5,stable,24,8,1:21;2:1560;3:432;4:122,1:21;2:1560;3:432;4:122,18,HydraulicSystems,stable_flag,10,60,Sensor Logistic,1281,213,641,0.23653395784543327,0.15492957746478872,0.24648985959438377,303,33,158,f1,0.18462852282802406,0.36464088397790057,0.5,0.24648985959438377,1.0,0.3954943679599499,0.2757330125371323,0.5475797363524386
stable_L60_W24_S8,5,stable,24,8,1:21;2:1560;3:432;4:122,1:21;2:1560;3:432;4:122,18,HydraulicSystems,stable_flag,10,60,Graph Ridge Logistic,1281,213,641,0.23653395784543327,0.15492957746478872,0.24648985959438377,303,33,158,f1,0.03596651090329048,0.34532374100719426,0.46503262835128545,0.203125,0.2468354430379747,0.22285714285714286,0.23645423339241933,0.4489739759415049
stable_L60_W24_S8,5,stable,24,8,1:21;2:1560;3:432;4:122,1:21;2:1560;3:432;4:122,18,HydraulicSystems,stable_flag,10,60,Sensor+Graph Logistic,1281,213,641,0.23653395784543327,0.15492957746478872,0.24648985959438377,303,33,158,f1,0.056444140913921456,0.42718446601941745,0.46857719422386457,0.2206896551724138,0.4050632911392405,0.2857142857142857,0.23781123397549123,0.459719055481301
stable_L60_W24_S8,5,stable,24,8,1:21;2:1560;3:432;4:122,1:21;2:1560;3:432;4:122,18,HydraulicSystems,stable_flag,10,60,STCG-v1 Selected Logistic,1281,213,641,0.23653395784543327,0.15492957746478872,0.24648985959438377,303,33,158,f1,0.005276607100284642,0.3062200956937799,0.5204090992478445,0.2545757071547421,0.9683544303797469,0.4031620553359684,0.20961466640767518,0.4309301045679691
stable_L60_W24_S8,5,stable,24,8,1:21;2:1560;3:432;4:122,1:21;2:1560;3:432;4:122,18,HydraulicSystems,stable_flag,10,60,Sensor+STCG-v1 Logistic,1281,213,641,0.23653395784543327,0.15492957746478872,0.24648985959438377,303,33,158,f1,4.807790957222863e-06,0.3626373626373626,0.5,0.24648985959438377,1.0,0.3954943679599499,0.23308019238774763,0.4622742878108866
transition_L30_W16_S8,6,transition,16,8,3:2172,3:2172,6,HydraulicSystems,valve_condition,3,30,Train Majority,1303,217,652,0.19339984650805833,0.16589861751152074,0.22085889570552147,252,36,144,f1,0.19339984650805833,0.2845849802371542,0.5,0.22085889570552147,1.0,0.36180904522613067,0.22085889570552147,0.5
transition_L30_W16_S8,6,transition,16,8,3:2172,3:2172,6,HydraulicSystems,valve_condition,3,30,Sensor Logistic,1303,217,652,0.19339984650805833,0.16589861751152074,0.22085889570552147,252,36,144,f1,0.2607554527764662,0.3,0.5,0.22085889570552147,1.0,0.36180904522613067,0.22073374400426182,0.4748879046369204
transition_L30_W16_S8,6,transition,16,8,3:2172,3:2172,6,HydraulicSystems,valve_condition,3,30,Graph Ridge Logistic,1303,217,652,0.19339984650805833,0.16589861751152074,0.22085889570552147,252,36,144,f1,0.7756544318708768,0.35555555555555557,0.5230205599300087,0.24630541871921183,0.3472222222222222,0.2881844380403458,0.24198447148887223,0.5463555336832896
transition_L30_W16_S8,6,transition,16,8,3:2172,3:2172,6,HydraulicSystems,valve_condition,3,30,Sensor+Graph Logistic,1303,217,652,0.19339984650805833,0.16589861751152074,0.22085889570552147,252,36,144,f1,0.03391322535642074,0.3425414364640884,0.514763779527559,0.22784810126582278,0.75,0.34951456310679613,0.2506349573362337,0.5565124671916011
transition_L30_W16_S8,6,transition,16,8,3:2172,3:2172,6,HydraulicSystems,valve_condition,3,30,STCG-v1 Selected Logistic,1303,217,652,0.19339984650805833,0.16589861751152074,0.22085889570552147,252,36,144,f1,0.14597948353236315,0.34408602150537637,0.5109634733158355,0.22673031026252982,0.6597222222222222,0.33747779751332146,0.2576839704717126,0.5168279746281715
transition_L30_W16_S8,6,transition,16,8,3:2172,3:2172,6,HydraulicSystems,valve_condition,3,30,Sensor+STCG-v1 Logistic,1303,217,652,0.19339984650805833,0.16589861751152074,0.22085889570552147,252,36,144,f1,0.16548270168368634,0.36942675159235666,0.5028707349081365,0.23076923076923078,0.10416666666666667,0.14354066985645933,0.2476940464439254,0.5341070647419073
transition_L30_W16_S8,6,transition,16,8,3:2170,3:2170,6,HydraulicSystems,valve_condition,5,30,Train Majority,1302,217,651,0.3225806451612903,0.2764976958525346,0.3686635944700461,420,60,240,f1,0.3225806451612903,0.4332129963898917,0.5,0.3686635944700461,1.0,0.5387205387205387,0.3686635944700461,0.5
transition_L30_W16_S8,6,transition,16,8,3:2170,3:2170,6,HydraulicSystems,valve_condition,5,30,Sensor Logistic,1302,217,651,0.3225806451612903,0.2764976958525346,0.3686635944700461,420,60,240,f1,0.27868201934777703,0.46153846153846156,0.5,0.3686635944700461,1.0,0.5387205387205387,0.40233128303223675,0.5189274128142741
transition_L30_W16_S8,6,transition,16,8,3:2170,3:2170,6,HydraulicSystems,valve_condition,5,30,Graph Ridge Logistic,1302,217,651,0.3225806451612903,0.2764976958525346,0.3686635944700461,420,60,240,f1,0.6455301312583713,0.5714285714285714,0.5041514598540147,0.3739495798319328,0.37083333333333335,0.3723849372384937,0.3829260865336598,0.5408454987834549
transition_L30_W16_S8,6,transition,16,8,3:2170,3:2170,6,HydraulicSystems,valve_condition,5,30,Sensor+Graph Logistic,1302,217,651,0.3225806451612903,0.2764976958525346,0.3686635944700461,420,60,240,f1,0.28361635192265977,0.5119047619047619,0.5364659367396594,0.3936651583710407,0.725,0.5102639296187683,0.3974220297579066,0.5428426601784266
transition_L30_W16_S8,6,transition,16,8,3:2170,3:2170,6,HydraulicSystems,valve_condition,5,30,STCG-v1 Selected Logistic,1302,217,651,0.3225806451612903,0.2764976958525346,0.3686635944700461,420,60,240,f1,0.18740001531937314,0.5306122448979592,0.526779197080292,0.3893129770992366,0.6375,0.4834123222748815,0.41922423346773763,0.5581508515815086
transition_L30_W16_S8,6,transition,16,8,3:2170,3:2170,6,HydraulicSystems,valve_condition,5,30,Sensor+STCG-v1 Logistic,1302,217,651,0.3225806451612903,0.2764976958525346,0.3686635944700461,420,60,240,f1,0.16593292973351512,0.5208333333333334,0.5349148418491484,0.41904761904761906,0.36666666666666664,0.39111111111111113,0.43205016578630917,0.570397404703974
transition_L30_W16_S8,6,transition,16,8,3:2165,3:2165,6,HydraulicSystems,valve_condition,10,30,Train Majority,1299,217,649,0.6466512702078522,0.5529953917050692,0.7395993836671803,840,120,480,f1,0.6466512702078522,0.712166172106825,0.5,0.7395993836671803,1.0,0.8503100088573959,0.7395993836671803,0.5
transition_L30_W16_S8,6,transition,16,8,3:2165,3:2165,6,HydraulicSystems,valve_condition,10,30,Sensor Logistic,1299,217,649,0.6466512702078522,0.5529953917050692,0.7395993836671803,840,120,480,f1,0.3838247440908473,0.7272727272727273,0.5,0.7395993836671803,1.0,0.8503100088573959,0.8823740808215441,0.6941814595660749
transition_L30_W16_S8,6,transition,16,8,3:2165,3:2165,6,HydraulicSystems,valve_condition,10,30,Graph Ridge Logistic,1299,217,649,0.6466512702078522,0.5529953917050692,0.7395993836671803,840,120,480,f1,0.02197929937982631,0.8221343873517787,0.5678069526627219,0.7752100840336135,0.76875,0.7719665271966527,0.8199001120632825,0.6229783037475345
transition_L30_W16_S8,6,transition,16,8,3:2165,3:2165,6,HydraulicSystems,valve_condition,10,30,Sensor+Graph Logistic,1299,217,649,0.6466512702078522,0.5529953917050692,0.7395993836671803,840,120,480,f1,0.0008318475070488329,0.7147147147147147,0.501750493096647,0.7402799377916018,0.9916666666666667,0.8477292965271594,0.8352397898092905,0.6413954635108482
transition_L30_W16_S8,6,transition,16,8,3:2165,3:2165,6,HydraulicSystems,valve_condition,10,30,STCG-v1 Selected Logistic,1299,217,649,0.6466512702078522,0.5529953917050692,0.7395993836671803,840,120,480,f1,0.1560270128824579,0.7593984962406015,0.5465175049309665,0.7672209026128266,0.6729166666666667,0.7169811320754716,0.75793821718041,0.560465976331361
transition_L30_W16_S8,6,transition,16,8,3:2165,3:2165,6,HydraulicSystems,valve_condition,10,30,Sensor+STCG-v1 Logistic,1299,217,649,0.6466512702078522,0.5529953917050692,0.7395993836671803,840,120,480,f1,0.048581503965449864,0.7564102564102564,0.4979166666666667,0.7387944358578052,0.9958333333333333,0.8482697426796806,0.7708847564958126,0.5521572978303747
transition_L30_W16_S8,6,transition,16,8,3:2172,3:2172,6,HydraulicSystems,stable_flag,3,30,Train Majority,1303,217,652,0.07521105141980046,0.06451612903225806,0.08128834355828221,98,14,53,f1,0.07521105141980046,0.12121212121212122,0.5,0.08128834355828221,1.0,0.150354609929078,0.08128834355828221,0.5
transition_L30_W16_S8,6,transition,16,8,3:2172,3:2172,6,HydraulicSystems,stable_flag,3,30,Sensor Logistic,1303,217,652,0.07521105141980046,0.06451612903225806,0.08128834355828221,98,14,53,f1,0.5398307949893402,0.47368421052631576,0.5550288216209406,0.13829787234042554,0.24528301886792453,0.17687074829931973,0.1655042693286443,0.6573219516804737
transition_L30_W16_S8,6,transition,16,8,3:2172,3:2172,6,HydraulicSystems,stable_flag,3,30,Graph Ridge Logistic,1303,217,652,0.07521105141980046,0.06451612903225806,0.08128834355828221,98,14,53,f1,9.380374681957565e-08,0.13,0.5529183859892274,0.09042553191489362,0.9622641509433962,0.16531604538087522,0.1347061939348496,0.619680599741708
transition_L30_W16_S8,6,transition,16,8,3:2172,3:2172,6,HydraulicSystems,stable_flag,3,30,Sensor+Graph Logistic,1303,217,652,0.07521105141980046,0.06451612903225806,0.08128834355828221,98,14,53,f1,1.3713620983967196e-06,0.16296296296296298,0.5568400163795004,0.09140767824497258,0.9433962264150944,0.16666666666666666,0.12451684198045995,0.5883390556588024
transition_L30_W16_S8,6,transition,16,8,3:2172,3:2172,6,HydraulicSystems,stable_flag,3,30,STCG-v1 Selected Logistic,1303,217,652,0.07521105141980046,0.06451612903225806,0.08128834355828221,98,14,53,f1,0.0062633912570545505,0.16161616161616163,0.44385296248464423,0.06312292358803986,0.3584905660377358,0.10734463276836158,0.06927781133265343,0.422969099442467
transition_L30_W16_S8,6,transition,16,8,3:2172,3:2172,6,HydraulicSystems,stable_flag,3,30,Sensor+STCG-v1 Logistic,1303,217,652,0.07521105141980046,0.06451612903225806,0.08128834355828221,98,14,53,f1,0.0022312780348124274,0.16822429906542055,0.49696034270954736,0.08051948051948052,0.5849056603773585,0.1415525114155251,0.07253215179881306,0.4625948908558289
transition_L30_W16_S8,6,transition,16,8,3:2170,3:2170,6,HydraulicSystems,stable_flag,5,30,Train Majority,1302,217,651,0.11827956989247312,0.10138248847926268,0.12749615975422426,154,22,83,f1,0.11827956989247312,0.18410041841004185,0.5,0.12749615975422426,1.0,0.22615803814713897,0.12749615975422426,0.5
transition_L30_W16_S8,6,transition,16,8,3:2170,3:2170,6,HydraulicSystems,stable_flag,5,30,Sensor Logistic,1302,217,651,0.11827956989247312,0.10138248847926268,0.12749615975422426,154,22,83,f1,0.41218692038598354,0.265625,0.5284447649753945,0.13432835820895522,0.9759036144578314,0.23615160349854228,0.2375809578253132,0.6671474630918038
transition_L30_W16_S8,6,transition,16,8,3:2170,3:2170,6,HydraulicSystems,stable_flag,5,30,Graph Ridge Logistic,1302,217,651,0.11827956989247312,0.10138248847926268,0.12749615975422426,154,22,83,f1,0.000814399198811198,0.24528301886792453,0.5286993042592907,0.136986301369863,0.7228915662650602,0.23032629558541268,0.1690130726269303,0.5756405905311387
transition_L30_W16_S8,6,transition,16,8,3:2170,3:2170,6,HydraulicSystems,stable_flag,5,30,Sensor+Graph Logistic,1302,217,651,0.11827956989247312,0.10138248847926268,0.12749615975422426,154,22,83,f1,0.00016302448742470927,0.26373626373626374,0.5391778381130155,0.1392931392931393,0.8072289156626506,0.2375886524822695,0.17901627989883556,0.5980400475139996
transition_L30_W16_S8,6,transition,16,8,3:2170,3:2170,6,HydraulicSystems,stable_flag,5,30,STCG-v1 Selected Logistic,1302,217,651,0.11827956989247312,0.10138248847926268,0.12749615975422426,154,22,83,f1,0.02247720579947315,0.22857142857142856,0.5101073307313762,0.13150684931506848,0.5783132530120482,0.21428571428571427,0.11703165261731134,0.4814398438825725
transition_L30_W16_S8,6,transition,16,8,3:2170,3:2170,6,HydraulicSystems,stable_flag,5,30,Sensor+STCG-v1 Logistic,1302,217,651,0.11827956989247312,0.10138248847926268,0.12749615975422426,154,22,83,f1,0.0029475696725223097,0.23809523809523808,0.5416489903275072,0.1377551020408163,0.9759036144578314,0.2414307004470939,0.13069067660609518,0.5372687934837943
transition_L30_W16_S8,6,transition,16,8,3:2165,3:2165,6,HydraulicSystems,stable_flag,10,30,Train Majority,1299,217,649,0.22478829869130101,0.20276497695852536,0.24345146379044685,292,44,158,f1,0.22478829869130101,0.3371647509578544,0.5,0.24345146379044685,1.0,0.3915737298636927,0.24345146379044685,0.5
transition_L30_W16_S8,6,transition,16,8,3:2165,3:2165,6,HydraulicSystems,stable_flag,10,30,Sensor Logistic,1299,217,649,0.22478829869130101,0.20276497695852536,0.24345146379044685,292,44,158,f1,0.11702406715547757,0.422680412371134,0.5,0.24345146379044685,1.0,0.3915737298636927,0.3735715757037005,0.5893810100801773
transition_L30_W16_S8,6,transition,16,8,3:2165,3:2165,6,HydraulicSystems,stable_flag,10,30,Graph Ridge Logistic,1299,217,649,0.22478829869130101,0.20276497695852536,0.24345146379044685,292,44,158,f1,0.0991875858086727,0.39622641509433965,0.5324512103946994,0.26370757180156656,0.6392405063291139,0.3733826247689464,0.24075010168040947,0.5261027610920621
transition_L30_W16_S8,6,transition,16,8,3:2165,3:2165,6,HydraulicSystems,stable_flag,10,30,Sensor+Graph Logistic,1299,217,649,0.22478829869130101,0.20276497695852536,0.24345146379044685,292,44,158,f1,0.007431102645793505,0.4444444444444444,0.6231405810925777,0.30390143737166325,0.9367088607594937,0.45891472868217054,0.2789167808001406,0.5900513032045167
transition_L30_W16_S8,6,transition,16,8,3:2165,3:2165,6,HydraulicSystems,stable_flag,10,30,STCG-v1 Selected Logistic,1299,217,649,0.22478829869130101,0.20276497695852536,0.24345146379044685,292,44,158,f1,0.017704199862485916,0.38926174496644295,0.46669803294748513,0.22629310344827586,0.6645569620253164,0.33762057877813506,0.23934229521532158,0.4707906880816726
transition_L30_W16_S8,6,transition,16,8,3:2165,3:2165,6,HydraulicSystems,stable_flag,10,30,Sensor+STCG-v1 Logistic,1299,217,649,0.22478829869130101,0.20276497695852536,0.24345146379044685,292,44,158,f1,5.021292899391062e-05,0.4292682926829268,0.5020366598778004,0.24420401854714066,1.0,0.39254658385093166,0.2544646145565018,0.4990719018278378
transition_L30_W24_S8,7,transition,24,8,2:2172,2:2172,4,HydraulicSystems,valve_condition,3,30,Train Majority,1303,217,652,0.19339984650805833,0.16589861751152074,0.22085889570552147,252,36,144,f1,0.19339984650805833,0.2845849802371542,0.5,0.22085889570552147,1.0,0.36180904522613067,0.22085889570552147,0.5
transition_L30_W24_S8,7,transition,24,8,2:2172,2:2172,4,HydraulicSystems,valve_condition,3,30,Sensor Logistic,1303,217,652,0.19339984650805833,0.16589861751152074,0.22085889570552147,252,36,144,f1,0.2607554527764662,0.3,0.5,0.22085889570552147,1.0,0.36180904522613067,0.22073374400426182,0.4748879046369204
transition_L30_W24_S8,7,transition,24,8,2:2172,2:2172,4,HydraulicSystems,valve_condition,3,30,Graph Ridge Logistic,1303,217,652,0.19339984650805833,0.16589861751152074,0.22085889570552147,252,36,144,f1,0.7756544318708768,0.35555555555555557,0.5230205599300087,0.24630541871921183,0.3472222222222222,0.2881844380403458,0.24198447148887223,0.5463555336832896
transition_L30_W24_S8,7,transition,24,8,2:2172,2:2172,4,HydraulicSystems,valve_condition,3,30,Sensor+Graph Logistic,1303,217,652,0.19339984650805833,0.16589861751152074,0.22085889570552147,252,36,144,f1,0.03391322535642074,0.3425414364640884,0.514763779527559,0.22784810126582278,0.75,0.34951456310679613,0.2506349573362337,0.5565124671916011
transition_L30_W24_S8,7,transition,24,8,2:2172,2:2172,4,HydraulicSystems,valve_condition,3,30,STCG-v1 Selected Logistic,1303,217,652,0.19339984650805833,0.16589861751152074,0.22085889570552147,252,36,144,f1,1.542583233781611e-05,0.2857142857142857,0.4965277777777778,0.2196620583717358,0.9930555555555556,0.35974842767295595,0.24703059775304204,0.5540928477690289
transition_L30_W24_S8,7,transition,24,8,2:2172,2:2172,4,HydraulicSystems,valve_condition,3,30,Sensor+STCG-v1 Logistic,1303,217,652,0.19339984650805833,0.16589861751152074,0.22085889570552147,252,36,144,f1,0.018322937187940164,0.336734693877551,0.5602854330708662,0.2558139534883721,0.6875,0.3728813559322034,0.24077728483417132,0.5576881014873141
transition_L30_W24_S8,7,transition,24,8,2:2170,2:2170,4,HydraulicSystems,valve_condition,5,30,Train Majority,1302,217,651,0.3225806451612903,0.2764976958525346,0.3686635944700461,420,60,240,f1,0.3225806451612903,0.4332129963898917,0.5,0.3686635944700461,1.0,0.5387205387205387,0.3686635944700461,0.5
transition_L30_W24_S8,7,transition,24,8,2:2170,2:2170,4,HydraulicSystems,valve_condition,5,30,Sensor Logistic,1302,217,651,0.3225806451612903,0.2764976958525346,0.3686635944700461,420,60,240,f1,0.27868201934777703,0.46153846153846156,0.5,0.3686635944700461,1.0,0.5387205387205387,0.40233128303223675,0.5189274128142741
transition_L30_W24_S8,7,transition,24,8,2:2170,2:2170,4,HydraulicSystems,valve_condition,5,30,Graph Ridge Logistic,1302,217,651,0.3225806451612903,0.2764976958525346,0.3686635944700461,420,60,240,f1,0.6455301312583713,0.5714285714285714,0.5041514598540147,0.3739495798319328,0.37083333333333335,0.3723849372384937,0.3829260865336598,0.5408454987834549
transition_L30_W24_S8,7,transition,24,8,2:2170,2:2170,4,HydraulicSystems,valve_condition,5,30,Sensor+Graph Logistic,1302,217,651,0.3225806451612903,0.2764976958525346,0.3686635944700461,420,60,240,f1,0.28361635192265977,0.5119047619047619,0.5364659367396594,0.3936651583710407,0.725,0.5102639296187683,0.3974220297579066,0.5428426601784266
transition_L30_W24_S8,7,transition,24,8,2:2170,2:2170,4,HydraulicSystems,valve_condition,5,30,STCG-v1 Selected Logistic,1302,217,651,0.3225806451612903,0.2764976958525346,0.3686635944700461,420,60,240,f1,4.776820948295467e-05,0.43478260869565216,0.5,0.3686635944700461,1.0,0.5387205387205387,0.40486837627342526,0.5210056772100568
transition_L30_W24_S8,7,transition,24,8,2:2170,2:2170,4,HydraulicSystems,valve_condition,5,30,Sensor+STCG-v1 Logistic,1302,217,651,0.3225806451612903,0.2764976958525346,0.3686635944700461,420,60,240,f1,0.0033467483049924905,0.46473029045643155,0.4967457420924574,0.367003367003367,0.9083333333333333,0.5227817745803357,0.38648772890305827,0.5220194647201947
transition_L30_W24_S8,7,transition,24,8,2:2165,2:2165,4,HydraulicSystems,valve_condition,10,30,Train Majority,1299,217,649,0.6466512702078522,0.5529953917050692,0.7395993836671803,840,120,480,f1,0.6466512702078522,0.712166172106825,0.5,0.7395993836671803,1.0,0.8503100088573959,0.7395993836671803,0.5
transition_L30_W24_S8,7,transition,24,8,2:2165,2:2165,4,HydraulicSystems,valve_condition,10,30,Sensor Logistic,1299,217,649,0.6466512702078522,0.5529953917050692,0.7395993836671803,840,120,480,f1,0.3838247440908473,0.7272727272727273,0.5,0.7395993836671803,1.0,0.8503100088573959,0.8823740808215441,0.6941814595660749
transition_L30_W24_S8,7,transition,24,8,2:2165,2:2165,4,HydraulicSystems,valve_condition,10,30,Graph Ridge Logistic,1299,217,649,0.6466512702078522,0.5529953917050692,0.7395993836671803,840,120,480,f1,0.02197929937982631,0.8221343873517787,0.5678069526627219,0.7752100840336135,0.76875,0.7719665271966527,0.8199001120632825,0.6229783037475345
transition_L30_W24_S8,7,transition,24,8,2:2165,2:2165,4,HydraulicSystems,valve_condition,10,30,Sensor+Graph Logistic,1299,217,649,0.6466512702078522,0.5529953917050692,0.7395993836671803,840,120,480,f1,0.0008318475070488329,0.7147147147147147,0.501750493096647,0.7402799377916018,0.9916666666666667,0.8477292965271594,0.8352397898092905,0.6413954635108482
transition_L30_W24_S8,7,transition,24,8,2:2165,2:2165,4,HydraulicSystems,valve_condition,10,30,STCG-v1 Selected Logistic,1299,217,649,0.6466512702078522,0.5529953917050692,0.7395993836671803,840,120,480,f1,8.179197076877011e-08,0.7164179104477612,0.4918762327416174,0.7363344051446945,0.9541666666666667,0.8312159709618875,0.8418816541798306,0.6223249506903353
transition_L30_W24_S8,7,transition,24,8,2:2165,2:2165,4,HydraulicSystems,valve_condition,10,30,Sensor+STCG-v1 Logistic,1299,217,649,0.6466512702078522,0.5529953917050692,0.7395993836671803,840,120,480,f1,5.779776927197084e-05,0.7460815047021944,0.49204265285996057,0.7364217252396166,0.9604166666666667,0.833634719710669,0.8585498610016882,0.6607001972386588
transition_L30_W24_S8,7,transition,24,8,2:2172,2:2172,4,HydraulicSystems,stable_flag,3,30,Train Majority,1303,217,652,0.07521105141980046,0.06451612903225806,0.08128834355828221,98,14,53,f1,0.07521105141980046,0.12121212121212122,0.5,0.08128834355828221,1.0,0.150354609929078,0.08128834355828221,0.5
transition_L30_W24_S8,7,transition,24,8,2:2172,2:2172,4,HydraulicSystems,stable_flag,3,30,Sensor Logistic,1303,217,652,0.07521105141980046,0.06451612903225806,0.08128834355828221,98,14,53,f1,0.5398307949893402,0.47368421052631576,0.5550288216209406,0.13829787234042554,0.24528301886792453,0.17687074829931973,0.1655042693286443,0.6573219516804737
transition_L30_W24_S8,7,transition,24,8,2:2172,2:2172,4,HydraulicSystems,stable_flag,3,30,Graph Ridge Logistic,1303,217,652,0.07521105141980046,0.06451612903225806,0.08128834355828221,98,14,53,f1,9.380374681957565e-08,0.13,0.5529183859892274,0.09042553191489362,0.9622641509433962,0.16531604538087522,0.1347061939348496,0.619680599741708
transition_L30_W24_S8,7,transition,24,8,2:2172,2:2172,4,HydraulicSystems,stable_flag,3,30,Sensor+Graph Logistic,1303,217,652,0.07521105141980046,0.06451612903225806,0.08128834355828221,98,14,53,f1,1.3713620983967196e-06,0.16296296296296298,0.5568400163795004,0.09140767824497258,0.9433962264150944,0.16666666666666666,0.12451684198045995,0.5883390556588024
transition_L30_W24_S8,7,transition,24,8,2:2172,2:2172,4,HydraulicSystems,stable_flag,3,30,STCG-v1 Selected Logistic,1303,217,652,0.07521105141980046,0.06451612903225806,0.08128834355828221,98,14,53,f1,9.107884416793601e-06,0.13930348258706468,0.5779601222162725,0.09550561797752809,0.9622641509433962,0.1737649063032368,0.1085990417542197,0.6100418937222414
transition_L30_W24_S8,7,transition,24,8,2:2172,2:2172,4,HydraulicSystems,stable_flag,3,30,Sensor+STCG-v1 Logistic,1303,217,652,0.07521105141980046,0.06451612903225806,0.08128834355828221,98,14,53,f1,8.225368418444488e-05,0.18691588785046728,0.5973005323337638,0.11146496815286625,0.660377358490566,0.1907356948228883,0.11511324637121845,0.622610010394683
transition_L30_W24_S8,7,transition,24,8,2:2170,2:2170,4,HydraulicSystems,stable_flag,5,30,Train Majority,1302,217,651,0.11827956989247312,0.10138248847926268,0.12749615975422426,154,22,83,f1,0.11827956989247312,0.18410041841004185,0.5,0.12749615975422426,1.0,0.22615803814713897,0.12749615975422426,0.5
transition_L30_W24_S8,7,transition,24,8,2:2170,2:2170,4,HydraulicSystems,stable_flag,5,30,Sensor Logistic,1302,217,651,0.11827956989247312,0.10138248847926268,0.12749615975422426,154,22,83,f1,0.41218692038598354,0.265625,0.5284447649753945,0.13432835820895522,0.9759036144578314,0.23615160349854228,0.2375809578253132,0.6671474630918038
transition_L30_W24_S8,7,transition,24,8,2:2170,2:2170,4,HydraulicSystems,stable_flag,5,30,Graph Ridge Logistic,1302,217,651,0.11827956989247312,0.10138248847926268,0.12749615975422426,154,22,83,f1,0.000814399198811198,0.24528301886792453,0.5286993042592907,0.136986301369863,0.7228915662650602,0.23032629558541268,0.1690130726269303,0.5756405905311387
transition_L30_W24_S8,7,transition,24,8,2:2170,2:2170,4,HydraulicSystems,stable_flag,5,30,Sensor+Graph Logistic,1302,217,651,0.11827956989247312,0.10138248847926268,0.12749615975422426,154,22,83,f1,0.00016302448742470927,0.26373626373626374,0.5391778381130155,0.1392931392931393,0.8072289156626506,0.2375886524822695,0.17901627989883556,0.5980400475139996
transition_L30_W24_S8,7,transition,24,8,2:2170,2:2170,4,HydraulicSystems,stable_flag,5,30,STCG-v1 Selected Logistic,1302,217,651,0.11827956989247312,0.10138248847926268,0.12749615975422426,154,22,83,f1,0.006412312449982255,0.2706766917293233,0.5184965212964534,0.1345646437994723,0.6144578313253012,0.22077922077922077,0.1770657783154373,0.5787374851518752
transition_L30_W24_S8,7,transition,24,8,2:2170,2:2170,4,HydraulicSystems,stable_flag,5,30,Sensor+STCG-v1 Logistic,1302,217,651,0.11827956989247312,0.10138248847926268,0.12749615975422426,154,22,83,f1,0.0012132775203745046,0.358974358974359,0.5226539962667571,0.1388888888888889,0.4819277108433735,0.215633423180593,0.18023846432320803,0.5872221279484133
transition_L30_W24_S8,7,transition,24,8,2:2165,2:2165,4,HydraulicSystems,stable_flag,10,30,Train Majority,1299,217,649,0.22478829869130101,0.20276497695852536,0.24345146379044685,292,44,158,f1,0.22478829869130101,0.3371647509578544,0.5,0.24345146379044685,1.0,0.3915737298636927,0.24345146379044685,0.5
transition_L30_W24_S8,7,transition,24,8,2:2165,2:2165,4,HydraulicSystems,stable_flag,10,30,Sensor Logistic,1299,217,649,0.22478829869130101,0.20276497695852536,0.24345146379044685,292,44,158,f1,0.11702406715547757,0.422680412371134,0.5,0.24345146379044685,1.0,0.3915737298636927,0.3735715757037005,0.5893810100801773
transition_L30_W24_S8,7,transition,24,8,2:2165,2:2165,4,HydraulicSystems,stable_flag,10,30,Graph Ridge Logistic,1299,217,649,0.22478829869130101,0.20276497695852536,0.24345146379044685,292,44,158,f1,0.0991875858086727,0.39622641509433965,0.5324512103946994,0.26370757180156656,0.6392405063291139,0.3733826247689464,0.24075010168040947,0.5261027610920621
transition_L30_W24_S8,7,transition,24,8,2:2165,2:2165,4,HydraulicSystems,stable_flag,10,30,Sensor+Graph Logistic,1299,217,649,0.22478829869130101,0.20276497695852536,0.24345146379044685,292,44,158,f1,0.007431102645793505,0.4444444444444444,0.6231405810925777,0.30390143737166325,0.9367088607594937,0.45891472868217054,0.2789167808001406,0.5900513032045167
transition_L30_W24_S8,7,transition,24,8,2:2165,2:2165,4,HydraulicSystems,stable_flag,10,30,STCG-v1 Selected Logistic,1299,217,649,0.22478829869130101,0.20276497695852536,0.24345146379044685,292,44,158,f1,0.025921761793198404,0.3776223776223776,0.5767227822320761,0.2857142857142857,0.7848101265822784,0.4189189189189189,0.28565045092668495,0.6050168862306324
transition_L30_W24_S8,7,transition,24,8,2:2165,2:2165,4,HydraulicSystems,stable_flag,10,30,Sensor+STCG-v1 Logistic,1299,217,649,0.22478829869130101,0.20276497695852536,0.24345146379044685,292,44,158,f1,0.0009641996196286933,0.4861111111111111,0.5695622470287969,0.27824267782426776,0.8417721518987342,0.41823899371069184,0.30191634844023557,0.6045915079017246
transition_L40_W16_S8,8,transition,16,8,4:2162,4:2162,8,HydraulicSystems,valve_condition,3,40,Train Majority,1297,216,649,0.19429452582883577,0.16666666666666666,0.2218798151001541,252,36,144,f1,0.19429452582883577,0.2857142857142857,0.5,0.2218798151001541,1.0,0.36317780580075665,0.2218798151001541,0.5
transition_L40_W16_S8,8,transition,16,8,4:2162,4:2162,8,HydraulicSystems,valve_condition,3,40,Sensor Logistic,1297,216,649,0.19429452582883577,0.16666666666666666,0.2218798151001541,252,36,144,f1,0.2054062389645499,0.330188679245283,0.5,0.2218798151001541,1.0,0.36317780580075665,0.222374668338375,0.48659240924092406
transition_L40_W16_S8,8,transition,16,8,4:2162,4:2162,8,HydraulicSystems,valve_condition,3,40,Graph Ridge Logistic,1297,216,649,0.19429452582883577,0.16666666666666666,0.2218798151001541,252,36,144,f1,0.11362706981329951,0.32142857142857145,0.5220778327832784,0.2318548387096774,0.7986111111111112,0.359375,0.22528819359762225,0.5241199119911991
transition_L40_W16_S8,8,transition,16,8,4:2162,4:2162,8,HydraulicSystems,valve_condition,3,40,Sensor+Graph Logistic,1297,216,649,0.19429452582883577,0.16666666666666666,0.2218798151001541,252,36,144,f1,0.04528590847660956,0.32160804020100503,0.495984598459846,0.22042139384116693,0.9444444444444444,0.35742444152431013,0.23010576447280046,0.5380638063806381
transition_L40_W16_S8,8,transition,16,8,4:2162,4:2162,8,HydraulicSystems,valve_condition,3,40,STCG-v1 Selected Logistic,1297,216,649,0.19429452582883577,0.16666666666666666,0.2218798151001541,252,36,144,f1,0.2725300638321743,0.3472222222222222,0.5526058855885588,0.2549019607843137,0.6319444444444444,0.36327345309381237,0.2761179139250619,0.5736111111111111
transition_L40_W16_S8,8,transition,16,8,4:2162,4:2162,8,HydraulicSystems,valve_condition,3,40,Sensor+STCG-v1 Logistic,1297,216,649,0.19429452582883577,0.16666666666666666,0.2218798151001541,252,36,144,f1,0.054107391166889104,0.35428571428571426,0.5801361386138614,0.3103448275862069,0.4375,0.3631123919308357,0.2901049731165108,0.5718371837183719
transition_L40_W16_S8,8,transition,16,8,4:2160,4:2160,8,HydraulicSystems,valve_condition,5,40,Train Majority,1296,216,648,0.32407407407407407,0.2777777777777778,0.37037037037037035,420,60,240,f1,0.32407407407407407,0.43478260869565216,0.5,0.37037037037037035,1.0,0.5405405405405406,0.37037037037037035,0.5
transition_L40_W16_S8,8,transition,16,8,4:2160,4:2160,8,HydraulicSystems,valve_condition,5,40,Sensor Logistic,1296,216,648,0.32407407407407407,0.2777777777777778,0.37037037037037035,420,60,240,f1,0.17181809825337185,0.49382716049382713,0.5,0.37037037037037035,1.0,0.5405405405405406,0.40361077974525594,0.5196486928104574
transition_L40_W16_S8,8,transition,16,8,4:2160,4:2160,8,HydraulicSystems,valve_condition,5,40,Graph Ridge Logistic,1296,216,648,0.32407407407407407,0.2777777777777778,0.37037037037037035,420,60,240,f1,0.20503981959506384,0.48,0.5540441176470589,0.408983451536643,0.7208333333333333,0.521870286576169,0.41097569196800054,0.5537479575163399
transition_L40_W16_S8,8,transition,16,8,4:2160,4:2160,8,HydraulicSystems,valve_condition,5,40,Sensor+Graph Logistic,1296,216,648,0.32407407407407407,0.2777777777777778,0.37037037037037035,420,60,240,f1,0.009516913073745498,0.47413793103448276,0.5268382352941177,0.38475177304964536,0.9041666666666667,0.5398009950248757,0.4245979487687791,0.567984068627451
transition_L40_W16_S8,8,transition,16,8,4:2160,4:2160,8,HydraulicSystems,valve_condition,5,40,STCG-v1 Selected Logistic,1296,216,648,0.32407407407407407,0.2777777777777778,0.37037037037037035,420,60,240,f1,0.0422315252200423,0.48582995951417,0.5169117647058824,0.3790186125211506,0.9333333333333333,0.5391095066185319,0.43078637129001385,0.5848243464052287
transition_L40_W16_S8,8,transition,16,8,4:2160,4:2160,8,HydraulicSystems,valve_condition,5,40,Sensor+STCG-v1 Logistic,1296,216,648,0.32407407407407407,0.2777777777777778,0.37037037037037035,420,60,240,f1,0.060880968782445415,0.5445544554455446,0.5422794117647058,0.42792792792792794,0.3958333333333333,0.41125541125541126,0.436048718858186,0.5768790849673202
transition_L40_W16_S8,8,transition,16,8,4:2155,4:2155,8,HydraulicSystems,valve_condition,10,40,Train Majority,1293,215,647,0.6504253673627224,0.5534883720930233,0.7418856259659969,841,119,480,f1,0.6504253673627224,0.7125748502994012,0.5,0.7418856259659969,1.0,0.8518189884649512,0.7418856259659969,0.5
transition_L40_W16_S8,8,transition,16,8,4:2155,4:2155,8,HydraulicSystems,valve_condition,10,40,Sensor Logistic,1293,215,647,0.6504253673627224,0.5534883720930233,0.7418856259659969,841,119,480,f1,0.10126050918982062,0.8040540540540541,0.5,0.7418856259659969,1.0,0.8518189884649512,0.8519420082623061,0.6456337325349301
transition_L40_W16_S8,8,transition,16,8,4:2155,4:2155,8,HydraulicSystems,valve_condition,10,40,Graph Ridge Logistic,1293,215,647,0.6504253673627224,0.5534883720930233,0.7418856259659969,841,119,480,f1,0.031132759676153053,0.8484848484848485,0.6551521956087825,0.816247582205029,0.8791666666666667,0.8465396188565697,0.8986247974940833,0.7624875249500999
transition_L40_W16_S8,8,transition,16,8,4:2155,4:2155,8,HydraulicSystems,valve_condition,10,40,Sensor+Graph Logistic,1293,215,647,0.6504253673627224,0.5534883720930233,0.7418856259659969,841,119,480,f1,0.001771869660781517,0.7125748502994012,0.5039046906187625,0.7433903576982893,0.9958333333333333,0.8512911843276937,0.9088342737118289,0.7714071856287423
transition_L40_W16_S8,8,transition,16,8,4:2155,4:2155,8,HydraulicSystems,valve_condition,10,40,STCG-v1 Selected Logistic,1293,215,647,0.6504253673627224,0.5534883720930233,0.7418856259659969,841,119,480,f1,0.11342413480381847,0.8161764705882353,0.5314683133732535,0.7585470085470085,0.7395833333333334,0.7489451476793249,0.7743601379422143,0.5542914171656687
transition_L40_W16_S8,8,transition,16,8,4:2155,4:2155,8,HydraulicSystems,valve_condition,10,40,Sensor+STCG-v1 Logistic,1293,215,647,0.6504253673627224,0.5534883720930233,0.7418856259659969,841,119,480,f1,0.0012791185876841636,0.7959183673469388,0.5028630239520958,0.7429906542056075,0.99375,0.8502673796791443,0.7827015347911916,0.5317490019960079
transition_L40_W16_S8,8,transition,16,8,4:2162,4:2162,8,HydraulicSystems,stable_flag,3,40,Train Majority,1297,216,649,0.07555898226676946,0.06481481481481481,0.08166409861325115,98,14,53,f1,0.07555898226676946,0.12173913043478261,0.5,0.08166409861325115,1.0,0.150997150997151,0.08166409861325115,0.5
transition_L40_W16_S8,8,transition,16,8,4:2162,4:2162,8,HydraulicSystems,stable_flag,3,40,Sensor Logistic,1297,216,649,0.07555898226676946,0.06481481481481481,0.08166409861325115,98,14,53,f1,0.3739438111971159,0.3076923076923077,0.5490376092186906,0.15625,0.18867924528301888,0.17094017094017094,0.11259865352999975,0.5826579713815373
transition_L40_W16_S8,8,transition,16,8,4:2162,4:2162,8,HydraulicSystems,stable_flag,3,40,Graph Ridge Logistic,1297,216,649,0.07555898226676946,0.06481481481481481,0.08166409861325115,98,14,53,f1,0.9739702012296937,0.42105263157894735,0.5135811067493985,0.09090909090909091,0.24528301886792453,0.1326530612244898,0.13388599206863996,0.5833544383943269
transition_L40_W16_S8,8,transition,16,8,4:2162,4:2162,8,HydraulicSystems,stable_flag,3,40,Sensor+Graph Logistic,1297,216,649,0.07555898226676946,0.06481481481481481,0.08166409861325115,98,14,53,f1,0.9648568758220448,0.3902439024390244,0.5169209826516399,0.09042553191489362,0.32075471698113206,0.14107883817427386,0.11653774858760367,0.5858237305305812
transition_L40_W16_S8,8,transition,16,8,4:2162,4:2162,8,HydraulicSystems,stable_flag,3,40,STCG-v1 Selected Logistic,1297,216,649,0.07555898226676946,0.06481481481481481,0.08166409861325115,98,14,53,f1,0.898525932644431,0.2641509433962264,0.4576104849943016,0.04838709677419355,0.11320754716981132,0.06779661016949153,0.07027182430685049,0.442509813853362
transition_L40_W16_S8,8,transition,16,8,4:2162,4:2162,8,HydraulicSystems,stable_flag,3,40,Sensor+STCG-v1 Logistic,1297,216,649,0.07555898226676946,0.06481481481481481,0.08166409861325115,98,14,53,f1,0.00958777855749635,0.23076923076923078,0.48822337596555654,0.07142857142857142,0.1509433962264151,0.09696969696969697,0.0891122983067544,0.5252944156008611
transition_L40_W16_S8,8,transition,16,8,4:2160,4:2160,8,HydraulicSystems,stable_flag,5,40,Train Majority,1296,216,648,0.11882716049382716,0.10185185185185185,0.12808641975308643,154,22,83,f1,0.11882716049382716,0.18487394957983194,0.5,0.12808641975308643,1.0,0.2270861833105335,0.12808641975308643,0.5
transition_L40_W16_S8,8,transition,16,8,4:2160,4:2160,8,HydraulicSystems,stable_flag,5,40,Sensor Logistic,1296,216,648,0.11882716049382716,0.10185185185185185,0.12808641975308643,154,22,83,f1,0.7436926285784456,0.3125,0.5239897643672033,0.16666666666666666,0.18072289156626506,0.17341040462427745,0.15524800197649352,0.5449834737178804
transition_L40_W16_S8,8,transition,16,8,4:2160,4:2160,8,HydraulicSystems,stable_flag,5,40,Graph Ridge Logistic,1296,216,648,0.11882716049382716,0.10185185185185185,0.12808641975308643,154,22,83,f1,0.025147130748804376,0.4225352112676056,0.5100223904467427,0.1323529411764706,0.5421686746987951,0.2127659574468085,0.1136904684480129,0.4777481607847318
transition_L40_W16_S8,8,transition,16,8,4:2160,4:2160,8,HydraulicSystems,stable_flag,5,40,Sensor+Graph Logistic,1296,216,648,0.11882716049382716,0.10185185185185185,0.12808641975308643,154,22,83,f1,0.10832007078126525,0.3106796116504854,0.5344812879837936,0.1368421052631579,0.9397590361445783,0.23889739663093415,0.11040869080644072,0.4678963642179337
transition_L40_W16_S8,8,transition,16,8,4:2160,4:2160,8,HydraulicSystems,stable_flag,5,40,STCG-v1 Selected Logistic,1296,216,648,0.11882716049382716,0.10185185185185185,0.12808641975308643,154,22,83,f1,0.019991133648841402,0.2689075630252101,0.4455912144151829,0.10864197530864197,0.5301204819277109,0.18032786885245902,0.10711857943892424,0.4271244269111846
transition_L40_W16_S8,8,transition,16,8,4:2160,4:2160,8,HydraulicSystems,stable_flag,5,40,Sensor+STCG-v1 Logistic,1296,216,648,0.11882716049382716,0.10185185185185185,0.12808641975308643,154,22,83,f1,0.2277570688717639,0.29545454545454547,0.4842627145751146,0.11904761904761904,0.3614457831325301,0.1791044776119403,0.13212440496525002,0.4919501012901162
transition_L40_W16_S8,8,transition,16,8,4:2155,4:2155,8,HydraulicSystems,stable_flag,10,40,Train Majority,1293,215,647,0.22815158546017014,0.19069767441860466,0.24420401854714066,295,41,158,f1,0.22815158546017014,0.3203125,0.5,0.24420401854714066,1.0,0.39254658385093166,0.24420401854714066,0.5
transition_L40_W16_S8,8,transition,16,8,4:2155,4:2155,8,HydraulicSystems,stable_flag,10,40,Sensor Logistic,1293,215,647,0.22815158546017014,0.19069767441860466,0.24420401854714066,295,41,158,f1,0.27702897616541944,0.3780487804878049,0.5,0.24420401854714066,1.0,0.39254658385093166,0.2560845589883315,0.4827729025911832
transition_L40_W16_S8,8,transition,16,8,4:2155,4:2155,8,HydraulicSystems,stable_flag,10,40,Graph Ridge Logistic,1293,215,647,0.22815158546017014,0.19069767441860466,0.24420401854714066,295,41,158,f1,4.127674006603943e-05,0.36936936936936937,0.5272708446584349,0.2557726465364121,0.9113924050632911,0.39944521497919555,0.26851103110347685,0.5246693070332117
transition_L40_W16_S8,8,transition,16,8,4:2155,4:2155,8,HydraulicSystems,stable_flag,10,40,Sensor+Graph Logistic,1293,215,647,0.22815158546017014,0.19069767441860466,0.24420401854714066,295,41,158,f1,5.956713063838352e-05,0.430939226519337,0.5337941031813829,0.2582897033158813,0.9367088607594937,0.4049247606019152,0.2676153923957731,0.5358132070099143
transition_L40_W16_S8,8,transition,16,8,4:2155,4:2155,8,HydraulicSystems,stable_flag,10,40,STCG-v1 Selected Logistic,1293,215,647,0.22815158546017014,0.19069767441860466,0.24420401854714066,295,41,158,f1,0.318685494686677,0.38333333333333336,0.42733167663275606,0.1972972972972973,0.4620253164556962,0.2765151515151515,0.19135375371092833,0.39430768036033237
transition_L40_W16_S8,8,transition,16,8,4:2155,4:2155,8,HydraulicSystems,stable_flag,10,40,Sensor+STCG-v1 Logistic,1293,215,647,0.22815158546017014,0.19069767441860466,0.24420401854714066,295,41,158,f1,0.000354525276413411,0.37209302325581395,0.5,0.24420401854714066,1.0,0.39254658385093166,0.23753179210382552,0.4722890942507313
transition_L40_W24_S8,9,transition,24,8,3:2162,3:2162,6,HydraulicSystems,valve_condition,3,40,Train Majority,1297,216,649,0.19429452582883577,0.16666666666666666,0.2218798151001541,252,36,144,f1,0.19429452582883577,0.2857142857142857,0.5,0.2218798151001541,1.0,0.36317780580075665,0.2218798151001541,0.5
transition_L40_W24_S8,9,transition,24,8,3:2162,3:2162,6,HydraulicSystems,valve_condition,3,40,Sensor Logistic,1297,216,649,0.19429452582883577,0.16666666666666666,0.2218798151001541,252,36,144,f1,0.2054062389645499,0.330188679245283,0.5,0.2218798151001541,1.0,0.36317780580075665,0.222374668338375,0.48659240924092406
transition_L40_W24_S8,9,transition,24,8,3:2162,3:2162,6,HydraulicSystems,valve_condition,3,40,Graph Ridge Logistic,1297,216,649,0.19429452582883577,0.16666666666666666,0.2218798151001541,252,36,144,f1,0.11362706981329951,0.32142857142857145,0.5220778327832784,0.2318548387096774,0.7986111111111112,0.359375,0.22528819359762225,0.5241199119911991
transition_L40_W24_S8,9,transition,24,8,3:2162,3:2162,6,HydraulicSystems,valve_condition,3,40,Sensor+Graph Logistic,1297,216,649,0.19429452582883577,0.16666666666666666,0.2218798151001541,252,36,144,f1,0.04528590847660956,0.32160804020100503,0.495984598459846,0.22042139384116693,0.9444444444444444,0.35742444152431013,0.23010576447280046,0.5380638063806381
transition_L40_W24_S8,9,transition,24,8,3:2162,3:2162,6,HydraulicSystems,valve_condition,3,40,STCG-v1 Selected Logistic,1297,216,649,0.19429452582883577,0.16666666666666666,0.2218798151001541,252,36,144,f1,0.5653728016603042,0.3269230769230769,0.5092684268426843,0.2311111111111111,0.3611111111111111,0.28184281842818426,0.23662273184204963,0.540525302530253
transition_L40_W24_S8,9,transition,24,8,3:2162,3:2162,6,HydraulicSystems,valve_condition,3,40,Sensor+STCG-v1 Logistic,1297,216,649,0.19429452582883577,0.16666666666666666,0.2218798151001541,252,36,144,f1,0.7408626050266204,0.34951456310679613,0.5280115511551156,0.2608695652173913,0.2916666666666667,0.2754098360655738,0.23929804438179275,0.5371837183718372
transition_L40_W24_S8,9,transition,24,8,3:2160,3:2160,6,HydraulicSystems,valve_condition,5,40,Train Majority,1296,216,648,0.32407407407407407,0.2777777777777778,0.37037037037037035,420,60,240,f1,0.32407407407407407,0.43478260869565216,0.5,0.37037037037037035,1.0,0.5405405405405406,0.37037037037037035,0.5
transition_L40_W24_S8,9,transition,24,8,3:2160,3:2160,6,HydraulicSystems,valve_condition,5,40,Sensor Logistic,1296,216,648,0.32407407407407407,0.2777777777777778,0.37037037037037035,420,60,240,f1,0.17181809825337185,0.49382716049382713,0.5,0.37037037037037035,1.0,0.5405405405405406,0.40361077974525594,0.5196486928104574
transition_L40_W24_S8,9,transition,24,8,3:2160,3:2160,6,HydraulicSystems,valve_condition,5,40,Graph Ridge Logistic,1296,216,648,0.32407407407407407,0.2777777777777778,0.37037037037037035,420,60,240,f1,0.20503981959506384,0.48,0.5540441176470589,0.408983451536643,0.7208333333333333,0.521870286576169,0.41097569196800054,0.5537479575163399
transition_L40_W24_S8,9,transition,24,8,3:2160,3:2160,6,HydraulicSystems,valve_condition,5,40,Sensor+Graph Logistic,1296,216,648,0.32407407407407407,0.2777777777777778,0.37037037037037035,420,60,240,f1,0.009516913073745498,0.47413793103448276,0.5268382352941177,0.38475177304964536,0.9041666666666667,0.5398009950248757,0.4245979487687791,0.567984068627451
transition_L40_W24_S8,9,transition,24,8,3:2160,3:2160,6,HydraulicSystems,valve_condition,5,40,STCG-v1 Selected Logistic,1296,216,648,0.32407407407407407,0.2777777777777778,0.37037037037037035,420,60,240,f1,0.0006458376690484657,0.43478260869565216,0.508578431372549,0.374414976599064,1.0,0.5448354143019296,0.37997232701473815,0.5425245098039215
transition_L40_W24_S8,9,transition,24,8,3:2160,3:2160,6,HydraulicSystems,valve_condition,5,40,Sensor+STCG-v1 Logistic,1296,216,648,0.32407407407407407,0.2777777777777778,0.37037037037037035,420,60,240,f1,0.02636307362520283,0.5114155251141552,0.5238970588235294,0.3826530612244898,0.9375,0.5434782608695652,0.38769474553600713,0.557077205882353
transition_L40_W24_S8,9,transition,24,8,3:2155,3:2155,6,HydraulicSystems,valve_condition,10,40,Train Majority,1293,215,647,0.6504253673627224,0.5534883720930233,0.7418856259659969,841,119,480,f1,0.6504253673627224,0.7125748502994012,0.5,0.7418856259659969,1.0,0.8518189884649512,0.7418856259659969,0.5
transition_L40_W24_S8,9,transition,24,8,3:2155,3:2155,6,HydraulicSystems,valve_condition,10,40,Sensor Logistic,1293,215,647,0.6504253673627224,0.5534883720930233,0.7418856259659969,841,119,480,f1,0.10126050918982062,0.8040540540540541,0.5,0.7418856259659969,1.0,0.8518189884649512,0.8519420082623061,0.6456337325349301
transition_L40_W24_S8,9,transition,24,8,3:2155,3:2155,6,HydraulicSystems,valve_condition,10,40,Graph Ridge Logistic,1293,215,647,0.6504253673627224,0.5534883720930233,0.7418856259659969,841,119,480,f1,0.031132759676153053,0.8484848484848485,0.6551521956087825,0.816247582205029,0.8791666666666667,0.8465396188565697,0.8986247974940833,0.7624875249500999
transition_L40_W24_S8,9,transition,24,8,3:2155,3:2155,6,HydraulicSystems,valve_condition,10,40,Sensor+Graph Logistic,1293,215,647,0.6504253673627224,0.5534883720930233,0.7418856259659969,841,119,480,f1,0.001771869660781517,0.7125748502994012,0.5039046906187625,0.7433903576982893,0.9958333333333333,0.8512911843276937,0.9088342737118289,0.7714071856287423
transition_L40_W24_S8,9,transition,24,8,3:2155,3:2155,6,HydraulicSystems,valve_condition,10,40,STCG-v1 Selected Logistic,1293,215,647,0.6504253673627224,0.5534883720930233,0.7418856259659969,841,119,480,f1,4.5678894956756327e-07,0.7125748502994012,0.5226484530938124,0.7507936507936508,0.9854166666666667,0.8522522522522522,0.792775114290839,0.5904441117764472
transition_L40_W24_S8,9,transition,24,8,3:2155,3:2155,6,HydraulicSystems,valve_condition,10,40,Sensor+STCG-v1 Logistic,1293,215,647,0.6504253673627224,0.5534883720930233,0.7418856259659969,841,119,480,f1,0.00021836876686472125,0.7125748502994012,0.5179640718562875,0.748829953198128,1.0,0.856378233719893,0.7885739801304747,0.6062999001996008
transition_L40_W24_S8,9,transition,24,8,3:2162,3:2162,6,HydraulicSystems,stable_flag,3,40,Train Majority,1297,216,649,0.07555898226676946,0.06481481481481481,0.08166409861325115,98,14,53,f1,0.07555898226676946,0.12173913043478261,0.5,0.08166409861325115,1.0,0.150997150997151,0.08166409861325115,0.5
transition_L40_W24_S8,9,transition,24,8,3:2162,3:2162,6,HydraulicSystems,stable_flag,3,40,Sensor Logistic,1297,216,649,0.07555898226676946,0.06481481481481481,0.08166409861325115,98,14,53,f1,0.3739438111971159,0.3076923076923077,0.5490376092186906,0.15625,0.18867924528301888,0.17094017094017094,0.11259865352999975,0.5826579713815373
transition_L40_W24_S8,9,transition,24,8,3:2162,3:2162,6,HydraulicSystems,stable_flag,3,40,Graph Ridge Logistic,1297,216,649,0.07555898226676946,0.06481481481481481,0.08166409861325115,98,14,53,f1,0.9739702012296937,0.42105263157894735,0.5135811067493985,0.09090909090909091,0.24528301886792453,0.1326530612244898,0.13388599206863996,0.5833544383943269
transition_L40_W24_S8,9,transition,24,8,3:2162,3:2162,6,HydraulicSystems,stable_flag,3,40,Sensor+Graph Logistic,1297,216,649,0.07555898226676946,0.06481481481481481,0.08166409861325115,98,14,53,f1,0.9648568758220448,0.3902439024390244,0.5169209826516399,0.09042553191489362,0.32075471698113206,0.14107883817427386,0.11653774858760367,0.5858237305305812
transition_L40_W24_S8,9,transition,24,8,3:2162,3:2162,6,HydraulicSystems,stable_flag,3,40,STCG-v1 Selected Logistic,1297,216,649,0.07555898226676946,0.06481481481481481,0.08166409861325115,98,14,53,f1,0.1467488885787312,0.2,0.5420412814993035,0.09508196721311475,0.5471698113207547,0.16201117318435754,0.0839695381820036,0.5196277067240724
transition_L40_W24_S8,9,transition,24,8,3:2162,3:2162,6,HydraulicSystems,stable_flag,3,40,Sensor+STCG-v1 Logistic,1297,216,649,0.07555898226676946,0.06481481481481481,0.08166409861325115,98,14,53,f1,0.01062442864090259,0.23157894736842105,0.5587723186020008,0.09490740740740741,0.7735849056603774,0.16907216494845362,0.096519436118798,0.5678105609725212
transition_L40_W24_S8,9,transition,24,8,3:2160,3:2160,6,HydraulicSystems,stable_flag,5,40,Train Majority,1296,216,648,0.11882716049382716,0.10185185185185185,0.12808641975308643,154,22,83,f1,0.11882716049382716,0.18487394957983194,0.5,0.12808641975308643,1.0,0.2270861833105335,0.12808641975308643,0.5
transition_L40_W24_S8,9,transition,24,8,3:2160,3:2160,6,HydraulicSystems,stable_flag,5,40,Sensor Logistic,1296,216,648,0.11882716049382716,0.10185185185185185,0.12808641975308643,154,22,83,f1,0.7436926285784456,0.3125,0.5239897643672033,0.16666666666666666,0.18072289156626506,0.17341040462427745,0.15524800197649352,0.5449834737178804
transition_L40_W24_S8,9,transition,24,8,3:2160,3:2160,6,HydraulicSystems,stable_flag,5,40,Graph Ridge Logistic,1296,216,648,0.11882716049382716,0.10185185185185185,0.12808641975308643,154,22,83,f1,0.025147130748804376,0.4225352112676056,0.5100223904467427,0.1323529411764706,0.5421686746987951,0.2127659574468085,0.1136904684480129,0.4777481607847318
transition_L40_W24_S8,9,transition,24,8,3:2160,3:2160,6,HydraulicSystems,stable_flag,5,40,Sensor+Graph Logistic,1296,216,648,0.11882716049382716,0.10185185185185185,0.12808641975308643,154,22,83,f1,0.10832007078126525,0.3106796116504854,0.5344812879837936,0.1368421052631579,0.9397590361445783,0.23889739663093415,0.11040869080644072,0.4678963642179337
transition_L40_W24_S8,9,transition,24,8,3:2160,3:2160,6,HydraulicSystems,stable_flag,5,40,STCG-v1 Selected Logistic,1296,216,648,0.11882716049382716,0.10185185185185185,0.12808641975308643,154,22,83,f1,0.052514272817567986,0.28187919463087246,0.5187333404414116,0.13527851458885942,0.6144578313253012,0.2217391304347826,0.13792692880575314,0.5278387887834524
transition_L40_W24_S8,9,transition,24,8,3:2160,3:2160,6,HydraulicSystems,stable_flag,5,40,Sensor+STCG-v1 Logistic,1296,216,648,0.11882716049382716,0.10185185185185185,0.12808641975308643,154,22,83,f1,0.014567439542733391,0.34146341463414637,0.5162064185947329,0.13246268656716417,0.8554216867469879,0.2294022617124394,0.16531848094744744,0.5577566904787291
transition_L40_W24_S8,9,transition,24,8,3:2155,3:2155,6,HydraulicSystems,stable_flag,10,40,Train Majority,1293,215,647,0.22815158546017014,0.19069767441860466,0.24420401854714066,295,41,158,f1,0.22815158546017014,0.3203125,0.5,0.24420401854714066,1.0,0.39254658385093166,0.24420401854714066,0.5
transition_L40_W24_S8,9,transition,24,8,3:2155,3:2155,6,HydraulicSystems,stable_flag,10,40,Sensor Logistic,1293,215,647,0.22815158546017014,0.19069767441860466,0.24420401854714066,295,41,158,f1,0.27702897616541944,0.3780487804878049,0.5,0.24420401854714066,1.0,0.39254658385093166,0.2560845589883315,0.4827729025911832
transition_L40_W24_S8,9,transition,24,8,3:2155,3:2155,6,HydraulicSystems,stable_flag,10,40,Graph Ridge Logistic,1293,215,647,0.22815158546017014,0.19069767441860466,0.24420401854714066,295,41,158,f1,4.127674006603943e-05,0.36936936936936937,0.5272708446584349,0.2557726465364121,0.9113924050632911,0.39944521497919555,0.26851103110347685,0.5246693070332117
transition_L40_W24_S8,9,transition,24,8,3:2155,3:2155,6,HydraulicSystems,stable_flag,10,40,Sensor+Graph Logistic,1293,215,647,0.22815158546017014,0.19069767441860466,0.24420401854714066,295,41,158,f1,5.956713063838352e-05,0.430939226519337,0.5337941031813829,0.2582897033158813,0.9367088607594937,0.4049247606019152,0.2676153923957731,0.5358132070099143
transition_L40_W24_S8,9,transition,24,8,3:2155,3:2155,6,HydraulicSystems,stable_flag,10,40,STCG-v1 Selected Logistic,1293,215,647,0.22815158546017014,0.19069767441860466,0.24420401854714066,295,41,158,f1,0.26301801511431333,0.4,0.5664751106624214,0.28292682926829266,0.7341772151898734,0.4084507042253521,0.2453520794768969,0.5451580337035024
transition_L40_W24_S8,9,transition,24,8,3:2155,3:2155,6,HydraulicSystems,stable_flag,10,40,Sensor+STCG-v1 Logistic,1293,215,647,0.22815158546017014,0.19069767441860466,0.24420401854714066,295,41,158,f1,0.005075880797855794,0.47560975609756095,0.5629093215293417,0.27079646017699116,0.9683544303797469,0.42323651452282157,0.26471805845011964,0.5843364137609692
transition_L60_W16_S8,10,transition,16,8,2:5;3:364;4:1773,2:5;3:364;4:1773,18,HydraulicSystems,valve_condition,3,60,Train Majority,1285,214,643,0.19844357976653695,0.1542056074766355,0.223950233281493,255,33,144,f1,0.19844357976653695,0.26720647773279355,0.5,0.223950233281493,1.0,0.36594663278271916,0.223950233281493,0.5
transition_L60_W16_S8,10,transition,16,8,2:5;3:364;4:1773,2:5;3:364;4:1773,18,HydraulicSystems,valve_condition,3,60,Sensor Logistic,1285,214,643,0.19844357976653695,0.1542056074766355,0.223950233281493,255,33,144,f1,0.23794409240593103,0.33,0.5,0.223950233281493,1.0,0.36594663278271916,0.18762149528576355,0.40305611222444887
transition_L60_W16_S8,10,transition,16,8,2:5;3:364;4:1773,2:5;3:364;4:1773,18,HydraulicSystems,valve_condition,3,60,Graph Ridge Logistic,1285,214,643,0.19844357976653695,0.1542056074766355,0.223950233281493,255,33,144,f1,0.49669152385078963,0.4153846153846154,0.507208862168782,0.2311111111111111,0.3611111111111111,0.28184281842818426,0.22662755043323685,0.5227120908483633
transition_L60_W16_S8,10,transition,16,8,2:5;3:364;4:1773,2:5;3:364;4:1773,18,HydraulicSystems,valve_condition,3,60,Sensor+Graph Logistic,1285,214,643,0.19844357976653695,0.1542056074766355,0.223950233281493,255,33,144,f1,0.9269641705227729,0.3013698630136986,0.5279517368069473,0.24429967426710097,0.5208333333333334,0.3325942350332594,0.23409722200052135,0.520499331997328
transition_L60_W16_S8,10,transition,16,8,2:5;3:364;4:1773,2:5;3:364;4:1773,18,HydraulicSystems,valve_condition,3,60,STCG-v1 Selected Logistic,1285,214,643,0.19844357976653695,0.1542056074766355,0.223950233281493,255,33,144,f1,0.5140630538218518,0.3181818181818182,0.483230349588065,0.20833333333333334,0.3472222222222222,0.2604166666666667,0.2244213836359509,0.5056641059897573
transition_L60_W16_S8,10,transition,16,8,2:5;3:364;4:1773,2:5;3:364;4:1773,18,HydraulicSystems,valve_condition,3,60,Sensor+STCG-v1 Logistic,1285,214,643,0.19844357976653695,0.1542056074766355,0.223950233281493,255,33,144,f1,0.5405454722735267,0.4044943820224719,0.5357381429525718,0.24427480916030533,0.6666666666666666,0.3575418994413408,0.22090907891890643,0.5168253173012692
transition_L60_W16_S8,10,transition,16,8,2:5;3:363;4:1772,2:5;3:363;4:1772,18,HydraulicSystems,valve_condition,5,60,Train Majority,1284,214,642,0.3309968847352025,0.2570093457943925,0.37383177570093457,425,55,240,f1,0.3309968847352025,0.40892193308550184,0.5,0.37383177570093457,1.0,0.54421768707483,0.37383177570093457,0.5
transition_L60_W16_S8,10,transition,16,8,2:5;3:363;4:1772,2:5;3:363;4:1772,18,HydraulicSystems,valve_condition,5,60,Sensor Logistic,1284,214,642,0.3309968847352025,0.2570093457943925,0.37383177570093457,425,55,240,f1,0.2476690701174329,0.5070422535211268,0.5,0.37383177570093457,1.0,0.54421768707483,0.29566109766163906,0.3645107794361525
transition_L60_W16_S8,10,transition,16,8,2:5;3:363;4:1772,2:5;3:363;4:1772,18,HydraulicSystems,valve_condition,5,60,Graph Ridge Logistic,1284,214,642,0.3309968847352025,0.2570093457943925,0.37383177570093457,425,55,240,f1,0.27177235984349973,0.5419354838709678,0.5132462686567164,0.38688524590163936,0.49166666666666664,0.43302752293577984,0.37135425567547203,0.5048714759535655
transition_L60_W16_S8,10,transition,16,8,2:5;3:363;4:1772,2:5;3:363;4:1772,18,HydraulicSystems,valve_condition,5,60,Sensor+Graph Logistic,1284,214,642,0.3309968847352025,0.2570093457943925,0.37383177570093457,425,55,240,f1,0.3676037067220149,0.5432098765432098,0.49757462686567167,0.37168141592920356,0.525,0.43523316062176165,0.3669803597085103,0.4909100331674958
transition_L60_W16_S8,10,transition,16,8,2:5;3:363;4:1772,2:5;3:363;4:1772,18,HydraulicSystems,valve_condition,5,60,STCG-v1 Selected Logistic,1284,214,642,0.3309968847352025,0.2570093457943925,0.37383177570093457,425,55,240,f1,0.28560089728583504,0.5034013605442177,0.5023009950248756,0.37566137566137564,0.5916666666666667,0.459546925566343,0.3710741214168496,0.4970771144278607
transition_L60_W16_S8,10,transition,16,8,2:5;3:363;4:1772,2:5;3:363;4:1772,18,HydraulicSystems,valve_condition,5,60,Sensor+STCG-v1 Logistic,1284,214,642,0.3309968847352025,0.2570093457943925,0.37383177570093457,425,55,240,f1,0.10440012189592722,0.5847953216374269,0.5190609452736319,0.3849129593810445,0.8291666666666667,0.5257595772787318,0.36221261057000276,0.4922160033167496
transition_L60_W16_S8,10,transition,16,8,2:5;3:362;4:1768,2:5;3:362;4:1768,18,HydraulicSystems,valve_condition,10,60,Train Majority,1281,213,641,0.6627634660421545,0.5211267605633803,0.748829953198128,849,111,480,f1,0.6627634660421545,0.6851851851851852,0.5,0.748829953198128,1.0,0.856378233719893,0.748829953198128,0.5
transition_L60_W16_S8,10,transition,16,8,2:5;3:362;4:1768,2:5;3:362;4:1768,18,HydraulicSystems,valve_condition,10,60,Sensor Logistic,1281,213,641,0.6627634660421545,0.5211267605633803,0.748829953198128,849,111,480,f1,0.179601443097464,0.844106463878327,0.5,0.748829953198128,1.0,0.856378233719893,0.660493780810045,0.3943064182194617
transition_L60_W16_S8,10,transition,16,8,2:5;3:362;4:1768,2:5;3:362;4:1768,18,HydraulicSystems,valve_condition,10,60,Graph Ridge Logistic,1281,213,641,0.6627634660421545,0.5211267605633803,0.748829953198128,849,111,480,f1,0.054028031298052094,0.8363636363636363,0.658883281573499,0.8288100208768268,0.8270833333333333,0.8279457768508863,0.8417401357772736,0.681159420289855
transition_L60_W16_S8,10,transition,16,8,2:5;3:362;4:1768,2:5;3:362;4:1768,18,HydraulicSystems,valve_condition,10,60,Sensor+Graph Logistic,1281,213,641,0.6627634660421545,0.5211267605633803,0.748829953198128,849,111,480,f1,1.0324943114964878e-06,0.8104089219330854,0.49895833333333334,0.7484375,0.9979166666666667,0.8553571428571428,0.8113542565290891,0.6170289855072464
transition_L60_W16_S8,10,transition,16,8,2:5;3:362;4:1768,2:5;3:362;4:1768,18,HydraulicSystems,valve_condition,10,60,STCG-v1 Selected Logistic,1281,213,641,0.6627634660421545,0.5211267605633803,0.748829953198128,849,111,480,f1,0.4461499590777565,0.7833333333333333,0.3911037784679089,0.6864608076009501,0.6020833333333333,0.6415094339622641,0.6433590191741698,0.3199922360248447
transition_L60_W16_S8,10,transition,16,8,2:5;3:362;4:1768,2:5;3:362;4:1768,18,HydraulicSystems,valve_condition,10,60,Sensor+STCG-v1 Logistic,1281,213,641,0.6627634660421545,0.5211267605633803,0.748829953198128,849,111,480,f1,0.3753617038348378,0.8306451612903226,0.39249482401656316,0.6963562753036437,0.7166666666666667,0.7063655030800822,0.6261654695633483,0.28704710144927537
transition_L60_W16_S8,10,transition,16,8,2:5;3:364;4:1773,2:5;3:364;4:1773,18,HydraulicSystems,stable_flag,3,60,Train Majority,1285,214,643,0.07859922178988327,0.0514018691588785,0.08242612752721618,101,11,53,f1,0.07859922178988327,0.09777777777777778,0.5,0.08242612752721618,1.0,0.15229885057471265,0.08242612752721618,0.5
transition_L60_W16_S8,10,transition,16,8,2:5;3:364;4:1773,2:5;3:364;4:1773,18,HydraulicSystems,stable_flag,3,60,Sensor Logistic,1285,214,643,0.07859922178988327,0.0514018691588785,0.08242612752721618,101,11,53,f1,0.12637763305264818,0.14012738853503184,0.5,0.08242612752721618,1.0,0.15229885057471265,0.14029605617665053,0.5461464662615926
transition_L60_W16_S8,10,transition,16,8,2:5;3:364;4:1773,2:5;3:364;4:1773,18,HydraulicSystems,stable_flag,3,60,Graph Ridge Logistic,1285,214,643,0.07859922178988327,0.0514018691588785,0.08242612752721618,101,11,53,f1,0.9824316830292911,0.14285714285714285,0.4923728813559322,0.0,0.0,0.0,0.11288037835745623,0.6242724656220019
transition_L60_W16_S8,10,transition,16,8,2:5;3:364;4:1773,2:5;3:364;4:1773,18,HydraulicSystems,stable_flag,3,60,Sensor+Graph Logistic,1285,214,643,0.07859922178988327,0.0514018691588785,0.08242612752721618,101,11,53,f1,0.0035640394626604175,0.21739130434782608,0.5333706427886152,0.1005586592178771,0.33962264150943394,0.15517241379310345,0.10982766547108888,0.6191237607930924
transition_L60_W16_S8,10,transition,16,8,2:5;3:364;4:1773,2:5;3:364;4:1773,18,HydraulicSystems,stable_flag,3,60,STCG-v1 Selected Logistic,1285,214,643,0.07859922178988327,0.0514018691588785,0.08242612752721618,101,11,53,f1,0.9985953755772896,0.16666666666666666,0.5028781579788936,0.09090909090909091,0.05660377358490566,0.06976744186046512,0.10397014042648202,0.5285897025903422
transition_L60_W16_S8,10,transition,16,8,2:5;3:364;4:1773,2:5;3:364;4:1773,18,HydraulicSystems,stable_flag,3,60,Sensor+STCG-v1 Logistic,1285,214,643,0.07859922178988327,0.0514018691588785,0.08242612752721618,101,11,53,f1,0.6330807334220856,0.16666666666666666,0.5327950111928366,0.09302325581395349,0.5283018867924528,0.15819209039548024,0.10600914532888164,0.5271826031339942
transition_L60_W16_S8,10,transition,16,8,2:5;3:363;4:1772,2:5;3:363;4:1772,18,HydraulicSystems,stable_flag,5,60,Train Majority,1284,214,642,0.12383177570093458,0.0794392523364486,0.1292834890965732,159,17,83,f1,0.12383177570093458,0.1471861471861472,0.5,0.1292834890965732,1.0,0.2289655172413793,0.1292834890965732,0.5
transition_L60_W16_S8,10,transition,16,8,2:5;3:363;4:1772,2:5;3:363;4:1772,18,HydraulicSystems,stable_flag,5,60,Sensor Logistic,1284,214,642,0.12383177570093458,0.0794392523364486,0.1292834890965732,159,17,83,f1,0.13862304345869145,0.20606060606060606,0.5,0.1292834890965732,1.0,0.2289655172413793,0.1573584347629841,0.5508545811151583
transition_L60_W16_S8,10,transition,16,8,2:5;3:363;4:1772,2:5;3:363;4:1772,18,HydraulicSystems,stable_flag,5,60,Graph Ridge Logistic,1284,214,642,0.12383177570093458,0.0794392523364486,0.1292834890965732,159,17,83,f1,0.30851355817400256,0.3076923076923077,0.4981572084402009,0.12121212121212122,0.04819277108433735,0.06896551724137931,0.14898625464596277,0.5598637842963985
transition_L60_W16_S8,10,transition,16,8,2:5;3:363;4:1772,2:5;3:363;4:1772,18,HydraulicSystems,stable_flag,5,60,Sensor+Graph Logistic,1284,214,642,0.12383177570093458,0.0794392523364486,0.1292834890965732,159,17,83,f1,0.16147119985391445,0.2727272727272727,0.5228786343944651,0.14659685863874344,0.3373493975903614,0.20437956204379562,0.1472536174452575,0.5499924564088196
transition_L60_W16_S8,10,transition,16,8,2:5;3:363;4:1772,2:5;3:363;4:1772,18,HydraulicSystems,stable_flag,5,60,STCG-v1 Selected Logistic,1284,214,642,0.12383177570093458,0.0794392523364486,0.1292834890965732,159,17,83,f1,0.1752492781640349,0.1836734693877551,0.5290536026036166,0.1408839779005525,0.6144578313253012,0.2292134831460674,0.14760208075057074,0.5244735651011919
transition_L60_W16_S8,10,transition,16,8,2:5;3:363;4:1772,2:5;3:363;4:1772,18,HydraulicSystems,stable_flag,5,60,Sensor+STCG-v1 Logistic,1284,214,642,0.12383177570093458,0.0794392523364486,0.1292834890965732,159,17,83,f1,0.0006845642223206656,0.20253164556962025,0.5,0.1292834890965732,1.0,0.2289655172413793,0.15948693976709544,0.5323835592818501
transition_L60_W16_S8,10,transition,16,8,2:5;3:362;4:1768,2:5;3:362;4:1768,18,HydraulicSystems,stable_flag,10,60,Train Majority,1281,213,641,0.23653395784543327,0.15492957746478872,0.24648985959438377,303,33,158,f1,0.23653395784543327,0.2682926829268293,0.5,0.24648985959438377,1.0,0.3954943679599499,0.24648985959438377,0.5
transition_L60_W16_S8,10,transition,16,8,2:5;3:362;4:1768,2:5;3:362;4:1768,18,HydraulicSystems,stable_flag,10,60,Sensor Logistic,1281,213,641,0.23653395784543327,0.15492957746478872,0.24648985959438377,303,33,158,f1,0.18462852282802406,0.36464088397790057,0.5,0.24648985959438377,1.0,0.3954943679599499,0.2757330125371323,0.5475797363524386
transition_L60_W16_S8,10,transition,16,8,2:5;3:362;4:1768,2:5;3:362;4:1768,18,HydraulicSystems,stable_flag,10,60,Graph Ridge Logistic,1281,213,641,0.23653395784543327,0.15492957746478872,0.24648985959438377,303,33,158,f1,0.03596651090329048,0.34532374100719426,0.46503262835128545,0.203125,0.2468354430379747,0.22285714285714286,0.23645423339241933,0.4489739759415049
transition_L60_W16_S8,10,transition,16,8,2:5;3:362;4:1768,2:5;3:362;4:1768,18,HydraulicSystems,stable_flag,10,60,Sensor+Graph Logistic,1281,213,641,0.23653395784543327,0.15492957746478872,0.24648985959438377,303,33,158,f1,0.056444140913921456,0.42718446601941745,0.46857719422386457,0.2206896551724138,0.4050632911392405,0.2857142857142857,0.23781123397549123,0.459719055481301
transition_L60_W16_S8,10,transition,16,8,2:5;3:362;4:1768,2:5;3:362;4:1768,18,HydraulicSystems,stable_flag,10,60,STCG-v1 Selected Logistic,1281,213,641,0.23653395784543327,0.15492957746478872,0.24648985959438377,303,33,158,f1,0.07133485655123747,0.328042328042328,0.4987027282019027,0.24593128390596744,0.8607594936708861,0.38255977496483823,0.27073471736308435,0.5294441386901487
transition_L60_W16_S8,10,transition,16,8,2:5;3:362;4:1768,2:5;3:362;4:1768,18,HydraulicSystems,stable_flag,10,60,Sensor+STCG-v1 Logistic,1281,213,641,0.23653395784543327,0.15492957746478872,0.24648985959438377,303,33,158,f1,0.006496062989647418,0.3793103448275862,0.5,0.24648985959438377,1.0,0.3954943679599499,0.27428786816413775,0.5419844327384228
transition_L60_W24_S8,11,transition,24,8,2:2;3:426;4:1714,2:2;3:426;4:1714,18,HydraulicSystems,valve_condition,3,60,Train Majority,1285,214,643,0.19844357976653695,0.1542056074766355,0.223950233281493,255,33,144,f1,0.19844357976653695,0.26720647773279355,0.5,0.223950233281493,1.0,0.36594663278271916,0.223950233281493,0.5
transition_L60_W24_S8,11,transition,24,8,2:2;3:426;4:1714,2:2;3:426;4:1714,18,HydraulicSystems,valve_condition,3,60,Sensor Logistic,1285,214,643,0.19844357976653695,0.1542056074766355,0.223950233281493,255,33,144,f1,0.23794409240593103,0.33,0.5,0.223950233281493,1.0,0.36594663278271916,0.18762149528576355,0.40305611222444887
transition_L60_W24_S8,11,transition,24,8,2:2;3:426;4:1714,2:2;3:426;4:1714,18,HydraulicSystems,valve_condition,3,60,Graph Ridge Logistic,1285,214,643,0.19844357976653695,0.1542056074766355,0.223950233281493,255,33,144,f1,0.49669152385078963,0.4153846153846154,0.507208862168782,0.2311111111111111,0.3611111111111111,0.28184281842818426,0.22662755043323685,0.5227120908483633
transition_L60_W24_S8,11,transition,24,8,2:2;3:426;4:1714,2:2;3:426;4:1714,18,HydraulicSystems,valve_condition,3,60,Sensor+Graph Logistic,1285,214,643,0.19844357976653695,0.1542056074766355,0.223950233281493,255,33,144,f1,0.9269641705227729,0.3013698630136986,0.5279517368069473,0.24429967426710097,0.5208333333333334,0.3325942350332594,0.23409722200052135,0.520499331997328
transition_L60_W24_S8,11,transition,24,8,2:2;3:426;4:1714,2:2;3:426;4:1714,18,HydraulicSystems,valve_condition,3,60,STCG-v1 Selected Logistic,1285,214,643,0.19844357976653695,0.1542056074766355,0.223950233281493,255,33,144,f1,0.42165264017135445,0.3409090909090909,0.5417710420841684,0.253125,0.5625,0.34913793103448276,0.24425420669615078,0.5432392562903585
transition_L60_W24_S8,11,transition,24,8,2:2;3:426;4:1714,2:2;3:426;4:1714,18,HydraulicSystems,valve_condition,3,60,Sensor+STCG-v1 Logistic,1285,214,643,0.19844357976653695,0.1542056074766355,0.223950233281493,255,33,144,f1,0.24816153389764825,0.3567567567567568,0.5189197840124694,0.23130434782608697,0.9236111111111112,0.36995827538247567,0.2467695153034215,0.5237836784680472
transition_L60_W24_S8,11,transition,24,8,2:2;3:425;4:1713,2:2;3:425;4:1713,18,HydraulicSystems,valve_condition,5,60,Train Majority,1284,214,642,0.3309968847352025,0.2570093457943925,0.37383177570093457,425,55,240,f1,0.3309968847352025,0.40892193308550184,0.5,0.37383177570093457,1.0,0.54421768707483,0.37383177570093457,0.5
transition_L60_W24_S8,11,transition,24,8,2:2;3:425;4:1713,2:2;3:425;4:1713,18,HydraulicSystems,valve_condition,5,60,Sensor Logistic,1284,214,642,0.3309968847352025,0.2570093457943925,0.37383177570093457,425,55,240,f1,0.2476690701174329,0.5070422535211268,0.5,0.37383177570093457,1.0,0.54421768707483,0.29566109766163906,0.3645107794361525
transition_L60_W24_S8,11,transition,24,8,2:2;3:425;4:1713,2:2;3:425;4:1713,18,HydraulicSystems,valve_condition,5,60,Graph Ridge Logistic,1284,214,642,0.3309968847352025,0.2570093457943925,0.37383177570093457,425,55,240,f1,0.27177235984349973,0.5419354838709678,0.5132462686567164,0.38688524590163936,0.49166666666666664,0.43302752293577984,0.37135425567547203,0.5048714759535655
transition_L60_W24_S8,11,transition,24,8,2:2;3:425;4:1713,2:2;3:425;4:1713,18,HydraulicSystems,valve_condition,5,60,Sensor+Graph Logistic,1284,214,642,0.3309968847352025,0.2570093457943925,0.37383177570093457,425,55,240,f1,0.3676037067220149,0.5432098765432098,0.49757462686567167,0.37168141592920356,0.525,0.43523316062176165,0.3669803597085103,0.4909100331674958
transition_L60_W24_S8,11,transition,24,8,2:2;3:425;4:1713,2:2;3:425;4:1713,18,HydraulicSystems,valve_condition,5,60,STCG-v1 Selected Logistic,1284,214,642,0.3309968847352025,0.2570093457943925,0.37383177570093457,425,55,240,f1,0.7697735086060693,0.5079365079365079,0.5551305970149254,0.47305389221556887,0.32916666666666666,0.3882063882063882,0.4494135164569726,0.5876762023217247
transition_L60_W24_S8,11,transition,24,8,2:2;3:425;4:1713,2:2;3:425;4:1713,18,HydraulicSystems,valve_condition,5,60,Sensor+STCG-v1 Logistic,1284,214,642,0.3309968847352025,0.2570093457943925,0.37383177570093457,425,55,240,f1,0.07089680411537651,0.5023696682464455,0.507773631840796,0.37766830870279144,0.9583333333333334,0.541813898704358,0.4587836999999643,0.5980721393034826
transition_L60_W24_S8,11,transition,24,8,2:2;3:424;4:1709,2:2;3:424;4:1709,18,HydraulicSystems,valve_condition,10,60,Train Majority,1281,213,641,0.6627634660421545,0.5211267605633803,0.748829953198128,849,111,480,f1,0.6627634660421545,0.6851851851851852,0.5,0.748829953198128,1.0,0.856378233719893,0.748829953198128,0.5
transition_L60_W24_S8,11,transition,24,8,2:2;3:424;4:1709,2:2;3:424;4:1709,18,HydraulicSystems,valve_condition,10,60,Sensor Logistic,1281,213,641,0.6627634660421545,0.5211267605633803,0.748829953198128,849,111,480,f1,0.179601443097464,0.844106463878327,0.5,0.748829953198128,1.0,0.856378233719893,0.660493780810045,0.3943064182194617
transition_L60_W24_S8,11,transition,24,8,2:2;3:424;4:1709,2:2;3:424;4:1709,18,HydraulicSystems,valve_condition,10,60,Graph Ridge Logistic,1281,213,641,0.6627634660421545,0.5211267605633803,0.748829953198128,849,111,480,f1,0.054028031298052094,0.8363636363636363,0.658883281573499,0.8288100208768268,0.8270833333333333,0.8279457768508863,0.8417401357772736,0.681159420289855
transition_L60_W24_S8,11,transition,24,8,2:2;3:424;4:1709,2:2;3:424;4:1709,18,HydraulicSystems,valve_condition,10,60,Sensor+Graph Logistic,1281,213,641,0.6627634660421545,0.5211267605633803,0.748829953198128,849,111,480,f1,1.0324943114964878e-06,0.8104089219330854,0.49895833333333334,0.7484375,0.9979166666666667,0.8553571428571428,0.8113542565290891,0.6170289855072464
transition_L60_W24_S8,11,transition,24,8,2:2;3:424;4:1709,2:2;3:424;4:1709,18,HydraulicSystems,valve_condition,10,60,STCG-v1 Selected Logistic,1281,213,641,0.6627634660421545,0.5211267605633803,0.748829953198128,849,111,480,f1,0.04116515333683659,0.75,0.47858436853002073,0.7385229540918163,0.7708333333333334,0.7543323139653415,0.7370436108544232,0.47184265010351967
transition_L60_W24_S8,11,transition,24,8,2:2;3:424;4:1709,2:2;3:424;4:1709,18,HydraulicSystems,valve_condition,10,60,Sensor+STCG-v1 Logistic,1281,213,641,0.6627634660421545,0.5211267605633803,0.748829953198128,849,111,480,f1,0.01787737761772352,0.8,0.4841226708074534,0.7421602787456446,0.8875,0.8083491461100569,0.7846568155690625,0.5258799171842651
transition_L60_W24_S8,11,transition,24,8,2:2;3:426;4:1714,2:2;3:426;4:1714,18,HydraulicSystems,stable_flag,3,60,Train Majority,1285,214,643,0.07859922178988327,0.0514018691588785,0.08242612752721618,101,11,53,f1,0.07859922178988327,0.09777777777777778,0.5,0.08242612752721618,1.0,0.15229885057471265,0.08242612752721618,0.5
transition_L60_W24_S8,11,transition,24,8,2:2;3:426;4:1714,2:2;3:426;4:1714,18,HydraulicSystems,stable_flag,3,60,Sensor Logistic,1285,214,643,0.07859922178988327,0.0514018691588785,0.08242612752721618,101,11,53,f1,0.12637763305264818,0.14012738853503184,0.5,0.08242612752721618,1.0,0.15229885057471265,0.14029605617665053,0.5461464662615926
transition_L60_W24_S8,11,transition,24,8,2:2;3:426;4:1714,2:2;3:426;4:1714,18,HydraulicSystems,stable_flag,3,60,Graph Ridge Logistic,1285,214,643,0.07859922178988327,0.0514018691588785,0.08242612752721618,101,11,53,f1,0.9824316830292911,0.14285714285714285,0.4923728813559322,0.0,0.0,0.0,0.11288037835745623,0.6242724656220019
transition_L60_W24_S8,11,transition,24,8,2:2;3:426;4:1714,2:2;3:426;4:1714,18,HydraulicSystems,stable_flag,3,60,Sensor+Graph Logistic,1285,214,643,0.07859922178988327,0.0514018691588785,0.08242612752721618,101,11,53,f1,0.0035640394626604175,0.21739130434782608,0.5333706427886152,0.1005586592178771,0.33962264150943394,0.15517241379310345,0.10982766547108888,0.6191237607930924
transition_L60_W24_S8,11,transition,24,8,2:2;3:426;4:1714,2:2;3:426;4:1714,18,HydraulicSystems,stable_flag,3,60,STCG-v1 Selected Logistic,1285,214,643,0.07859922178988327,0.0514018691588785,0.08242612752721618,101,11,53,f1,0.0005615935309997932,0.1134020618556701,0.471378317876559,0.07582938388625593,0.6037735849056604,0.13473684210526315,0.07867471865760624,0.4598656859609849
transition_L60_W24_S8,11,transition,24,8,2:2;3:426;4:1714,2:2;3:426;4:1714,18,HydraulicSystems,stable_flag,3,60,Sensor+STCG-v1 Logistic,1285,214,643,0.07859922178988327,0.0514018691588785,0.08242612752721618,101,11,53,f1,0.000256924632349623,0.14965986394557823,0.48311480652382477,0.07958477508650519,0.8679245283018868,0.14580031695721077,0.0857817855802522,0.4885833066837224
transition_L60_W24_S8,11,transition,24,8,2:2;3:425;4:1713,2:2;3:425;4:1713,18,HydraulicSystems,stable_flag,5,60,Train Majority,1284,214,642,0.12383177570093458,0.0794392523364486,0.1292834890965732,159,17,83,f1,0.12383177570093458,0.1471861471861472,0.5,0.1292834890965732,1.0,0.2289655172413793,0.1292834890965732,0.5
transition_L60_W24_S8,11,transition,24,8,2:2;3:425;4:1713,2:2;3:425;4:1713,18,HydraulicSystems,stable_flag,5,60,Sensor Logistic,1284,214,642,0.12383177570093458,0.0794392523364486,0.1292834890965732,159,17,83,f1,0.13862304345869145,0.20606060606060606,0.5,0.1292834890965732,1.0,0.2289655172413793,0.1573584347629841,0.5508545811151583
transition_L60_W24_S8,11,transition,24,8,2:2;3:425;4:1713,2:2;3:425;4:1713,18,HydraulicSystems,stable_flag,5,60,Graph Ridge Logistic,1284,214,642,0.12383177570093458,0.0794392523364486,0.1292834890965732,159,17,83,f1,0.30851355817400256,0.3076923076923077,0.4981572084402009,0.12121212121212122,0.04819277108433735,0.06896551724137931,0.14898625464596277,0.5598637842963985
transition_L60_W24_S8,11,transition,24,8,2:2;3:425;4:1713,2:2;3:425;4:1713,18,HydraulicSystems,stable_flag,5,60,Sensor+Graph Logistic,1284,214,642,0.12383177570093458,0.0794392523364486,0.1292834890965732,159,17,83,f1,0.16147119985391445,0.2727272727272727,0.5228786343944651,0.14659685863874344,0.3373493975903614,0.20437956204379562,0.1472536174452575,0.5499924564088196
transition_L60_W24_S8,11,transition,24,8,2:2;3:425;4:1713,2:2;3:425;4:1713,18,HydraulicSystems,stable_flag,5,60,STCG-v1 Selected Logistic,1284,214,642,0.12383177570093458,0.0794392523364486,0.1292834890965732,159,17,83,f1,0.6955100798728523,0.19130434782608696,0.47326335754466886,0.11255411255411256,0.3132530120481928,0.16560509554140126,0.13372728192603509,0.446860788413044
transition_L60_W24_S8,11,transition,24,8,2:2;3:425;4:1713,2:2;3:425;4:1713,18,HydraulicSystems,stable_flag,5,60,Sensor+STCG-v1 Logistic,1284,214,642,0.12383177570093458,0.0794392523364486,0.1292834890965732,159,17,83,f1,0.04860817955601415,0.22556390977443608,0.5116279069767442,0.13195548489666137,1.0,0.23314606741573032,0.1455538531738248,0.47018126171950775
transition_L60_W24_S8,11,transition,24,8,2:2;3:424;4:1709,2:2;3:424;4:1709,18,HydraulicSystems,stable_flag,10,60,Train Majority,1281,213,641,0.23653395784543327,0.15492957746478872,0.24648985959438377,303,33,158,f1,0.23653395784543327,0.2682926829268293,0.5,0.24648985959438377,1.0,0.3954943679599499,0.24648985959438377,0.5
transition_L60_W24_S8,11,transition,24,8,2:2;3:424;4:1709,2:2;3:424;4:1709,18,HydraulicSystems,stable_flag,10,60,Sensor Logistic,1281,213,641,0.23653395784543327,0.15492957746478872,0.24648985959438377,303,33,158,f1,0.18462852282802406,0.36464088397790057,0.5,0.24648985959438377,1.0,0.3954943679599499,0.2757330125371323,0.5475797363524386
transition_L60_W24_S8,11,transition,24,8,2:2;3:424;4:1709,2:2;3:424;4:1709,18,HydraulicSystems,stable_flag,10,60,Graph Ridge Logistic,1281,213,641,0.23653395784543327,0.15492957746478872,0.24648985959438377,303,33,158,f1,0.03596651090329048,0.34532374100719426,0.46503262835128545,0.203125,0.2468354430379747,0.22285714285714286,0.23645423339241933,0.4489739759415049
transition_L60_W24_S8,11,transition,24,8,2:2;3:424;4:1709,2:2;3:424;4:1709,18,HydraulicSystems,stable_flag,10,60,Sensor+Graph Logistic,1281,213,641,0.23653395784543327,0.15492957746478872,0.24648985959438377,303,33,158,f1,0.056444140913921456,0.42718446601941745,0.46857719422386457,0.2206896551724138,0.4050632911392405,0.2857142857142857,0.23781123397549123,0.459719055481301
transition_L60_W24_S8,11,transition,24,8,2:2;3:424;4:1709,2:2;3:424;4:1709,18,HydraulicSystems,stable_flag,10,60,STCG-v1 Selected Logistic,1281,213,641,0.23653395784543327,0.15492957746478872,0.24648985959438377,303,33,158,f1,0.45445436506691766,0.35772357723577236,0.5030007600178211,0.24855491329479767,0.5443037974683544,0.3412698412698413,0.2343206766400239,0.4902377021254291
transition_L60_W24_S8,11,transition,24,8,2:2;3:424;4:1709,2:2;3:424;4:1709,18,HydraulicSystems,stable_flag,10,60,Sensor+STCG-v1 Logistic,1281,213,641,0.23653395784543327,0.15492957746478872,0.24648985959438377,303,33,158,f1,0.004486790957733427,0.38961038961038963,0.5041407867494824,0.24803767660910517,1.0,0.39748427672955977,0.2981864972303245,0.5461252194879052
