dataset,seed,label_column,method,window_id,start,end,true_label,predicted_label,match,label_purity,inferred_state
HydraulicSystems,0,cooler_condition,Train Majority,1,150,450,3,100,0,1.0,1
HydraulicSystems,0,cooler_condition,Train Majority,2,300,600,3,100,0,1.0,1
HydraulicSystems,0,cooler_condition,Train Majority,4,600,900,3,100,0,1.0,1
HydraulicSystems,0,cooler_condition,Train Majority,6,900,1200,3,100,0,1.0,1
HydraulicSystems,0,cooler_condition,Train Majority,8,1200,1500,3,100,0,1.0,1
HydraulicSystems,0,cooler_condition,Train Majority,9,1350,1650,3,100,0,1.0,1
HydraulicSystems,0,cooler_condition,Train Majority,13,1950,2250,3,100,0,1.0,1
HydraulicSystems,0,cooler_condition,Train Majority,14,2100,2400,3,100,0,1.0,1
HydraulicSystems,0,cooler_condition,Train Majority,17,2550,2850,3,100,0,1.0,1
HydraulicSystems,0,cooler_condition,Train Majority,18,2700,3000,3,100,0,1.0,1
HydraulicSystems,0,cooler_condition,Train Majority,19,2850,3150,3,100,0,1.0,1
HydraulicSystems,0,cooler_condition,Train Majority,22,3300,3600,3,100,0,1.0,1
HydraulicSystems,0,cooler_condition,Train Majority,25,3750,4050,3,100,0,1.0,1
HydraulicSystems,0,cooler_condition,Train Majority,26,3900,4200,3,100,0,1.0,1
HydraulicSystems,0,cooler_condition,Train Majority,29,4350,4650,3,100,0,1.0,1
HydraulicSystems,0,cooler_condition,Train Majority,31,4650,4950,3,100,0,1.0,1
HydraulicSystems,0,cooler_condition,Train Majority,32,4800,5100,3,100,0,1.0,1
HydraulicSystems,0,cooler_condition,Train Majority,33,4950,5250,3,100,0,1.0,1
HydraulicSystems,0,cooler_condition,Train Majority,36,5400,5700,3,100,0,1.0,1
HydraulicSystems,0,cooler_condition,Train Majority,38,5700,6000,3,100,0,1.0,1
HydraulicSystems,0,cooler_condition,Train Majority,42,6300,6600,3,100,0,1.0,1
HydraulicSystems,0,cooler_condition,Train Majority,44,6600,6900,3,100,0,1.0,1
HydraulicSystems,0,cooler_condition,Train Majority,46,6900,7200,3,100,0,1.0,1
HydraulicSystems,0,cooler_condition,Train Majority,49,7350,7650,3,100,0,1.0,1
HydraulicSystems,0,cooler_condition,Train Majority,50,7500,7800,3,100,0,1.0,1
HydraulicSystems,0,cooler_condition,Train Majority,51,7650,7950,3,100,0,1.0,1
HydraulicSystems,0,cooler_condition,Train Majority,52,7800,8100,3,100,0,1.0,1
HydraulicSystems,0,cooler_condition,Train Majority,53,7950,8250,3,100,0,1.0,1
HydraulicSystems,0,cooler_condition,Train Majority,54,8100,8400,3,100,0,1.0,1
HydraulicSystems,0,cooler_condition,Train Majority,55,8250,8550,3,100,0,1.0,0
HydraulicSystems,0,cooler_condition,Train Majority,56,8400,8700,3,100,0,1.0,0
HydraulicSystems,0,cooler_condition,Train Majority,59,8850,9150,3,100,0,1.0,1
HydraulicSystems,0,cooler_condition,Train Majority,60,9000,9300,3,100,0,1.0,1
HydraulicSystems,0,cooler_condition,Train Majority,66,9900,10200,3,100,0,1.0,1
HydraulicSystems,0,cooler_condition,Train Majority,67,10050,10350,3,100,0,1.0,1
HydraulicSystems,0,cooler_condition,Train Majority,68,10200,10500,3,100,0,1.0,1
HydraulicSystems,0,cooler_condition,Train Majority,69,10350,10650,3,100,0,1.0,1
HydraulicSystems,0,cooler_condition,Train Majority,70,10500,10800,3,100,0,1.0,1
HydraulicSystems,0,cooler_condition,Train Majority,71,10650,10950,3,100,0,1.0,1
HydraulicSystems,0,cooler_condition,Train Majority,73,10950,11250,3,100,0,1.0,1
HydraulicSystems,0,cooler_condition,Train Majority,74,11100,11400,3,100,0,1.0,1
HydraulicSystems,0,cooler_condition,Train Majority,76,11400,11700,3,100,0,1.0,1
HydraulicSystems,0,cooler_condition,Train Majority,79,11850,12150,3,100,0,1.0,1
HydraulicSystems,0,cooler_condition,Train Majority,81,12150,12450,3,100,0,1.0,1
HydraulicSystems,0,cooler_condition,Train Majority,84,12600,12900,3,100,0,1.0,1
HydraulicSystems,0,cooler_condition,Train Majority,89,13350,13650,3,100,0,1.0,1
HydraulicSystems,0,cooler_condition,Train Majority,91,13650,13950,3,100,0,1.0,1
HydraulicSystems,0,cooler_condition,Train Majority,94,14100,14400,3,100,0,1.0,1
HydraulicSystems,0,cooler_condition,Train Majority,96,14400,14700,3,100,0,1.0,1
HydraulicSystems,0,cooler_condition,Train Majority,98,14700,15000,3,100,0,1.0,1
HydraulicSystems,0,cooler_condition,Train Majority,100,15000,15300,3,100,0,1.0,1
HydraulicSystems,0,cooler_condition,Train Majority,102,15300,15600,3,100,0,1.0,1
HydraulicSystems,0,cooler_condition,Train Majority,104,15600,15900,3,100,0,1.0,1
HydraulicSystems,0,cooler_condition,Train Majority,105,15750,16050,3,100,0,1.0,1
HydraulicSystems,0,cooler_condition,Train Majority,106,15900,16200,3,100,0,1.0,1
HydraulicSystems,0,cooler_condition,Train Majority,110,16500,16800,3,100,0,1.0,1
HydraulicSystems,0,cooler_condition,Train Majority,112,16800,17100,3,100,0,1.0,1
HydraulicSystems,0,cooler_condition,Train Majority,113,16950,17250,3,100,0,1.0,1
HydraulicSystems,0,cooler_condition,Train Majority,116,17400,17700,3,100,0,1.0,1
HydraulicSystems,0,cooler_condition,Train Majority,121,18150,18450,3,100,0,1.0,1
HydraulicSystems,0,cooler_condition,Train Majority,125,18750,19050,3,100,0,1.0,1
HydraulicSystems,0,cooler_condition,Train Majority,126,18900,19200,3,100,0,1.0,1
HydraulicSystems,0,cooler_condition,Train Majority,130,19500,19800,3,100,0,1.0,1
HydraulicSystems,0,cooler_condition,Train Majority,131,19650,19950,3,100,0,1.0,1
HydraulicSystems,0,cooler_condition,Train Majority,132,19800,20100,3,100,0,1.0,1
HydraulicSystems,0,cooler_condition,Train Majority,134,20100,20400,3,100,0,1.0,1
HydraulicSystems,0,cooler_condition,Train Majority,137,20550,20850,3,100,0,1.0,1
HydraulicSystems,0,cooler_condition,Train Majority,141,21150,21450,3,100,0,1.0,1
HydraulicSystems,0,cooler_condition,Train Majority,143,21450,21750,3,100,0,1.0,1
HydraulicSystems,0,cooler_condition,Train Majority,144,21600,21900,3,100,0,1.0,1
HydraulicSystems,0,cooler_condition,Train Majority,146,21900,22200,3,100,0,1.0,1
HydraulicSystems,0,cooler_condition,Train Majority,147,22050,22350,3,100,0,1.0,1
HydraulicSystems,0,cooler_condition,Train Majority,151,22650,22950,3,100,0,1.0,1
HydraulicSystems,0,cooler_condition,Train Majority,152,22800,23100,3,100,0,1.0,1
HydraulicSystems,0,cooler_condition,Train Majority,154,23100,23400,3,100,0,1.0,1
HydraulicSystems,0,cooler_condition,Train Majority,155,23250,23550,3,100,0,1.0,1
HydraulicSystems,0,cooler_condition,Train Majority,156,23400,23700,3,100,0,1.0,1
HydraulicSystems,0,cooler_condition,Train Majority,159,23850,24150,3,100,0,1.0,1
HydraulicSystems,0,cooler_condition,Train Majority,162,24300,24600,3,100,0,1.0,1
HydraulicSystems,0,cooler_condition,Train Majority,164,24600,24900,3,100,0,1.0,1
HydraulicSystems,0,cooler_condition,Train Majority,167,25050,25350,3,100,0,1.0,1
HydraulicSystems,0,cooler_condition,Train Majority,169,25350,25650,3,100,0,1.0,1
HydraulicSystems,0,cooler_condition,Train Majority,170,25500,25800,3,100,0,1.0,1
HydraulicSystems,0,cooler_condition,Train Majority,172,25800,26100,3,100,0,1.0,1
HydraulicSystems,0,cooler_condition,Train Majority,173,25950,26250,3,100,0,1.0,1
HydraulicSystems,0,cooler_condition,Train Majority,174,26100,26400,3,100,0,1.0,1
HydraulicSystems,0,cooler_condition,Train Majority,176,26400,26700,3,100,0,1.0,1
HydraulicSystems,0,cooler_condition,Train Majority,177,26550,26850,3,100,0,1.0,1
HydraulicSystems,0,cooler_condition,Train Majority,180,27000,27300,3,100,0,1.0,1
HydraulicSystems,0,cooler_condition,Train Majority,181,27150,27450,3,100,0,1.0,1
HydraulicSystems,0,cooler_condition,Train Majority,182,27300,27600,3,100,0,1.0,1
HydraulicSystems,0,cooler_condition,Train Majority,183,27450,27750,3,100,0,1.0,1
HydraulicSystems,0,cooler_condition,Train Majority,184,27600,27900,3,100,0,1.0,1
HydraulicSystems,0,cooler_condition,Train Majority,190,28500,28800,3,100,0,1.0,1
HydraulicSystems,0,cooler_condition,Train Majority,191,28650,28950,3,100,0,1.0,1
HydraulicSystems,0,cooler_condition,Train Majority,192,28800,29100,3,100,0,1.0,1
HydraulicSystems,0,cooler_condition,Train Majority,193,28950,29250,3,100,0,1.0,1
HydraulicSystems,0,cooler_condition,Train Majority,195,29250,29550,3,100,0,1.0,1
HydraulicSystems,0,cooler_condition,Train Majority,197,29550,29850,3,100,0,1.0,1
HydraulicSystems,0,cooler_condition,Train Majority,199,29850,30150,3,100,0,1.0,1
HydraulicSystems,0,cooler_condition,Train Majority,201,30150,30450,3,100,0,1.0,1
HydraulicSystems,0,cooler_condition,Train Majority,202,30300,30600,3,100,0,1.0,1
HydraulicSystems,0,cooler_condition,Train Majority,203,30450,30750,3,100,0,1.0,1
HydraulicSystems,0,cooler_condition,Train Majority,205,30750,31050,3,100,0,1.0,1
HydraulicSystems,0,cooler_condition,Train Majority,207,31050,31350,3,100,0,1.0,1
HydraulicSystems,0,cooler_condition,Train Majority,208,31200,31500,3,100,0,1.0,1
HydraulicSystems,0,cooler_condition,Train Majority,210,31500,31800,3,100,0,1.0,1
HydraulicSystems,0,cooler_condition,Train Majority,212,31800,32100,3,100,0,1.0,1
HydraulicSystems,0,cooler_condition,Train Majority,213,31950,32250,3,100,0,1.0,1
HydraulicSystems,0,cooler_condition,Train Majority,218,32700,33000,3,100,0,1.0,0
HydraulicSystems,0,cooler_condition,Train Majority,221,33150,33450,3,100,0,1.0,1
HydraulicSystems,0,cooler_condition,Train Majority,222,33300,33600,3,100,0,1.0,1
HydraulicSystems,0,cooler_condition,Train Majority,223,33450,33750,3,100,0,1.0,1
HydraulicSystems,0,cooler_condition,Train Majority,225,33750,34050,3,100,0,1.0,1
HydraulicSystems,0,cooler_condition,Train Majority,226,33900,34200,3,100,0,1.0,1
HydraulicSystems,0,cooler_condition,Train Majority,229,34350,34650,3,100,0,1.0,1
HydraulicSystems,0,cooler_condition,Train Majority,230,34500,34800,3,100,0,1.0,1
HydraulicSystems,0,cooler_condition,Train Majority,239,35850,36150,3,100,0,1.0,1
HydraulicSystems,0,cooler_condition,Train Majority,240,36000,36300,3,100,0,1.0,1
HydraulicSystems,0,cooler_condition,Train Majority,241,36150,36450,3,100,0,1.0,1
HydraulicSystems,0,cooler_condition,Train Majority,242,36300,36600,3,100,0,1.0,1
HydraulicSystems,0,cooler_condition,Train Majority,243,36450,36750,3,100,0,1.0,1
HydraulicSystems,0,cooler_condition,Train Majority,244,36600,36900,3,100,0,1.0,1
HydraulicSystems,0,cooler_condition,Train Majority,245,36750,37050,3,100,0,1.0,1
HydraulicSystems,0,cooler_condition,Train Majority,247,37050,37350,3,100,0,1.0,1
HydraulicSystems,0,cooler_condition,Train Majority,251,37650,37950,3,100,0,1.0,1
HydraulicSystems,0,cooler_condition,Train Majority,256,38400,38700,3,100,0,1.0,1
HydraulicSystems,0,cooler_condition,Train Majority,257,38550,38850,3,100,0,1.0,1
HydraulicSystems,0,cooler_condition,Train Majority,261,39150,39450,3,100,0,1.0,1
HydraulicSystems,0,cooler_condition,Train Majority,262,39300,39600,3,100,0,1.0,1
HydraulicSystems,0,cooler_condition,Train Majority,263,39450,39750,3,100,0,1.0,1
HydraulicSystems,0,cooler_condition,Train Majority,264,39600,39900,3,100,0,1.0,1
HydraulicSystems,0,cooler_condition,Train Majority,267,40050,40350,3,100,0,1.0,1
HydraulicSystems,0,cooler_condition,Train Majority,268,40200,40500,3,100,0,1.0,1
HydraulicSystems,0,cooler_condition,Train Majority,270,40500,40800,3,100,0,1.0,1
HydraulicSystems,0,cooler_condition,Train Majority,273,40950,41250,3,100,0,1.0,1
HydraulicSystems,0,cooler_condition,Train Majority,274,41100,41400,3,100,0,1.0,1
HydraulicSystems,0,cooler_condition,Train Majority,278,41700,42000,3,100,0,1.0,1
HydraulicSystems,0,cooler_condition,Train Majority,280,42000,42300,3,100,0,1.0,1
HydraulicSystems,0,cooler_condition,Train Majority,283,42450,42750,3,100,0,1.0,1
HydraulicSystems,0,cooler_condition,Train Majority,284,42600,42900,3,100,0,1.0,1
HydraulicSystems,0,cooler_condition,Train Majority,286,42900,43200,3,100,0,1.0,1
HydraulicSystems,0,cooler_condition,Train Majority,287,43050,43350,3,100,0,1.0,1
HydraulicSystems,0,cooler_condition,Train Majority,288,43200,43500,3,100,0,1.0,1
HydraulicSystems,0,cooler_condition,Train Majority,290,43500,43800,3,100,0,1.0,1
HydraulicSystems,0,cooler_condition,Train Majority,291,43650,43950,3,100,0,0.9,1
HydraulicSystems,0,cooler_condition,Train Majority,293,43950,44250,20,100,0,1.0,1
HydraulicSystems,0,cooler_condition,Train Majority,295,44250,44550,20,100,0,1.0,1
HydraulicSystems,0,cooler_condition,Train Majority,296,44400,44700,20,100,0,1.0,1
HydraulicSystems,0,cooler_condition,Train Majority,297,44550,44850,20,100,0,1.0,1
HydraulicSystems,0,cooler_condition,Train Majority,299,44850,45150,20,100,0,1.0,1
HydraulicSystems,0,cooler_condition,Train Majority,300,45000,45300,20,100,0,1.0,1
HydraulicSystems,0,cooler_condition,Train Majority,304,45600,45900,20,100,0,1.0,1
HydraulicSystems,0,cooler_condition,Train Majority,305,45750,46050,20,100,0,1.0,1
HydraulicSystems,0,cooler_condition,Train Majority,306,45900,46200,20,100,0,1.0,1
HydraulicSystems,0,cooler_condition,Train Majority,308,46200,46500,20,100,0,1.0,0
HydraulicSystems,0,cooler_condition,Train Majority,309,46350,46650,20,100,0,1.0,1
HydraulicSystems,0,cooler_condition,Train Majority,310,46500,46800,20,100,0,1.0,0
HydraulicSystems,0,cooler_condition,Train Majority,312,46800,47100,20,100,0,1.0,0
HydraulicSystems,0,cooler_condition,Train Majority,313,46950,47250,20,100,0,1.0,0
HydraulicSystems,0,cooler_condition,Train Majority,315,47250,47550,20,100,0,1.0,1
HydraulicSystems,0,cooler_condition,Train Majority,318,47700,48000,20,100,0,1.0,0
HydraulicSystems,0,cooler_condition,Train Majority,319,47850,48150,20,100,0,1.0,0
HydraulicSystems,0,cooler_condition,Train Majority,320,48000,48300,20,100,0,1.0,0
HydraulicSystems,0,cooler_condition,Train Majority,326,48900,49200,20,100,0,1.0,0
HydraulicSystems,0,cooler_condition,Train Majority,327,49050,49350,20,100,0,1.0,0
HydraulicSystems,0,cooler_condition,Train Majority,328,49200,49500,20,100,0,1.0,0
HydraulicSystems,0,cooler_condition,Train Majority,332,49800,50100,20,100,0,1.0,0
HydraulicSystems,0,cooler_condition,Train Majority,333,49950,50250,20,100,0,1.0,0
HydraulicSystems,0,cooler_condition,Train Majority,334,50100,50400,20,100,0,1.0,0
HydraulicSystems,0,cooler_condition,Train Majority,337,50550,50850,20,100,0,1.0,0
HydraulicSystems,0,cooler_condition,Train Majority,338,50700,51000,20,100,0,1.0,0
HydraulicSystems,0,cooler_condition,Train Majority,340,51000,51300,20,100,0,1.0,0
HydraulicSystems,0,cooler_condition,Train Majority,341,51150,51450,20,100,0,1.0,0
HydraulicSystems,0,cooler_condition,Train Majority,342,51300,51600,20,100,0,1.0,0
HydraulicSystems,0,cooler_condition,Train Majority,343,51450,51750,20,100,0,1.0,0
HydraulicSystems,0,cooler_condition,Train Majority,346,51900,52200,20,100,0,1.0,1
HydraulicSystems,0,cooler_condition,Train Majority,348,52200,52500,20,100,0,1.0,1
HydraulicSystems,0,cooler_condition,Train Majority,350,52500,52800,20,100,0,1.0,0
HydraulicSystems,0,cooler_condition,Train Majority,354,53100,53400,20,100,0,1.0,0
HydraulicSystems,0,cooler_condition,Train Majority,355,53250,53550,20,100,0,1.0,0
HydraulicSystems,0,cooler_condition,Train Majority,358,53700,54000,20,100,0,1.0,0
HydraulicSystems,0,cooler_condition,Train Majority,360,54000,54300,20,100,0,1.0,0
HydraulicSystems,0,cooler_condition,Train Majority,361,54150,54450,20,100,0,1.0,0
HydraulicSystems,0,cooler_condition,Train Majority,363,54450,54750,20,100,0,1.0,0
HydraulicSystems,0,cooler_condition,Train Majority,364,54600,54900,20,100,0,1.0,0
HydraulicSystems,0,cooler_condition,Train Majority,369,55350,55650,20,100,0,1.0,0
HydraulicSystems,0,cooler_condition,Train Majority,370,55500,55800,20,100,0,1.0,0
HydraulicSystems,0,cooler_condition,Train Majority,372,55800,56100,20,100,0,1.0,1
HydraulicSystems,0,cooler_condition,Train Majority,373,55950,56250,20,100,0,1.0,1
HydraulicSystems,0,cooler_condition,Train Majority,377,56550,56850,20,100,0,1.0,0
HydraulicSystems,0,cooler_condition,Train Majority,381,57150,57450,20,100,0,1.0,0
HydraulicSystems,0,cooler_condition,Train Majority,382,57300,57600,20,100,0,1.0,0
HydraulicSystems,0,cooler_condition,Train Majority,383,57450,57750,20,100,0,1.0,0
HydraulicSystems,0,cooler_condition,Train Majority,384,57600,57900,20,100,0,1.0,0
HydraulicSystems,0,cooler_condition,Train Majority,385,57750,58050,20,100,0,1.0,0
HydraulicSystems,0,cooler_condition,Train Majority,386,57900,58200,20,100,0,1.0,0
HydraulicSystems,0,cooler_condition,Train Majority,388,58200,58500,20,100,0,1.0,0
HydraulicSystems,0,cooler_condition,Train Majority,389,58350,58650,20,100,0,1.0,0
HydraulicSystems,0,cooler_condition,Train Majority,390,58500,58800,20,100,0,1.0,0
HydraulicSystems,0,cooler_condition,Train Majority,391,58650,58950,20,100,0,1.0,0
HydraulicSystems,0,cooler_condition,Train Majority,392,58800,59100,20,100,0,1.0,0
HydraulicSystems,0,cooler_condition,Train Majority,397,59550,59850,20,100,0,1.0,1
HydraulicSystems,0,cooler_condition,Train Majority,399,59850,60150,20,100,0,1.0,0
HydraulicSystems,0,cooler_condition,Train Majority,401,60150,60450,20,100,0,1.0,0
HydraulicSystems,0,cooler_condition,Train Majority,402,60300,60600,20,100,0,1.0,0
HydraulicSystems,0,cooler_condition,Train Majority,403,60450,60750,20,100,0,1.0,0
HydraulicSystems,0,cooler_condition,Train Majority,404,60600,60900,20,100,0,1.0,0
HydraulicSystems,0,cooler_condition,Train Majority,405,60750,61050,20,100,0,1.0,0
HydraulicSystems,0,cooler_condition,Train Majority,406,60900,61200,20,100,0,1.0,0
HydraulicSystems,0,cooler_condition,Train Majority,407,61050,61350,20,100,0,1.0,0
HydraulicSystems,0,cooler_condition,Train Majority,412,61800,62100,20,100,0,1.0,0
HydraulicSystems,0,cooler_condition,Train Majority,415,62250,62550,20,100,0,1.0,0
HydraulicSystems,0,cooler_condition,Train Majority,417,62550,62850,20,100,0,1.0,0
HydraulicSystems,0,cooler_condition,Train Majority,418,62700,63000,20,100,0,1.0,0
HydraulicSystems,0,cooler_condition,Train Majority,419,62850,63150,20,100,0,1.0,0
HydraulicSystems,0,cooler_condition,Train Majority,421,63150,63450,20,100,0,1.0,0
HydraulicSystems,0,cooler_condition,Train Majority,422,63300,63600,20,100,0,1.0,0
HydraulicSystems,0,cooler_condition,Train Majority,423,63450,63750,20,100,0,1.0,0
HydraulicSystems,0,cooler_condition,Train Majority,427,64050,64350,20,100,0,1.0,0
HydraulicSystems,0,cooler_condition,Train Majority,430,64500,64800,20,100,0,1.0,0
HydraulicSystems,0,cooler_condition,Train Majority,432,64800,65100,20,100,0,1.0,0
HydraulicSystems,0,cooler_condition,Train Majority,434,65100,65400,20,100,0,1.0,0
HydraulicSystems,0,cooler_condition,Train Majority,437,65550,65850,20,100,0,1.0,0
HydraulicSystems,0,cooler_condition,Train Majority,442,66300,66600,20,100,0,1.0,0
HydraulicSystems,0,cooler_condition,Train Majority,444,66600,66900,20,100,0,1.0,0
HydraulicSystems,0,cooler_condition,Train Majority,445,66750,67050,20,100,0,1.0,0
HydraulicSystems,0,cooler_condition,Train Majority,446,66900,67200,20,100,0,1.0,0
HydraulicSystems,0,cooler_condition,Train Majority,448,67200,67500,20,100,0,1.0,0
HydraulicSystems,0,cooler_condition,Train Majority,451,67650,67950,20,100,0,1.0,0
HydraulicSystems,0,cooler_condition,Train Majority,452,67800,68100,20,100,0,1.0,1
HydraulicSystems,0,cooler_condition,Train Majority,453,67950,68250,20,100,0,1.0,0
HydraulicSystems,0,cooler_condition,Train Majority,454,68100,68400,20,100,0,1.0,0
HydraulicSystems,0,cooler_condition,Train Majority,456,68400,68700,20,100,0,1.0,0
HydraulicSystems,0,cooler_condition,Train Majority,458,68700,69000,20,100,0,1.0,0
HydraulicSystems,0,cooler_condition,Train Majority,463,69450,69750,20,100,0,1.0,0
HydraulicSystems,0,cooler_condition,Train Majority,465,69750,70050,20,100,0,1.0,0
HydraulicSystems,0,cooler_condition,Train Majority,466,69900,70200,20,100,0,1.0,0
HydraulicSystems,0,cooler_condition,Train Majority,468,70200,70500,20,100,0,1.0,1
HydraulicSystems,0,cooler_condition,Train Majority,469,70350,70650,20,100,0,1.0,1
HydraulicSystems,0,cooler_condition,Train Majority,471,70650,70950,20,100,0,1.0,0
HydraulicSystems,0,cooler_condition,Train Majority,473,70950,71250,20,100,0,1.0,0
HydraulicSystems,0,cooler_condition,Train Majority,474,71100,71400,20,100,0,1.0,0
HydraulicSystems,0,cooler_condition,Train Majority,476,71400,71700,20,100,0,1.0,0
HydraulicSystems,0,cooler_condition,Train Majority,485,72750,73050,20,100,0,1.0,0
HydraulicSystems,0,cooler_condition,Train Majority,486,72900,73200,20,100,0,1.0,0
HydraulicSystems,0,cooler_condition,Train Majority,487,73050,73350,20,100,0,1.0,0
HydraulicSystems,0,cooler_condition,Train Majority,488,73200,73500,20,100,0,1.0,0
HydraulicSystems,0,cooler_condition,Train Majority,492,73800,74100,20,100,0,1.0,0
HydraulicSystems,0,cooler_condition,Train Majority,495,74250,74550,20,100,0,1.0,0
HydraulicSystems,0,cooler_condition,Train Majority,496,74400,74700,20,100,0,1.0,0
HydraulicSystems,0,cooler_condition,Train Majority,497,74550,74850,20,100,0,1.0,0
HydraulicSystems,0,cooler_condition,Train Majority,499,74850,75150,20,100,0,1.0,0
HydraulicSystems,0,cooler_condition,Train Majority,500,75000,75300,20,100,0,1.0,0
HydraulicSystems,0,cooler_condition,Train Majority,506,75900,76200,20,100,0,1.0,0
HydraulicSystems,0,cooler_condition,Train Majority,508,76200,76500,20,100,0,1.0,0
HydraulicSystems,0,cooler_condition,Train Majority,510,76500,76800,20,100,0,1.0,0
HydraulicSystems,0,cooler_condition,Train Majority,512,76800,77100,20,100,0,1.0,0
HydraulicSystems,0,cooler_condition,Train Majority,513,76950,77250,20,100,0,1.0,0
HydraulicSystems,0,cooler_condition,Train Majority,518,77700,78000,20,100,0,1.0,0
HydraulicSystems,0,cooler_condition,Train Majority,520,78000,78300,20,100,0,1.0,0
HydraulicSystems,0,cooler_condition,Train Majority,522,78300,78600,20,100,0,1.0,0
HydraulicSystems,0,cooler_condition,Train Majority,523,78450,78750,20,100,0,1.0,0
HydraulicSystems,0,cooler_condition,Train Majority,524,78600,78900,20,100,0,1.0,0
HydraulicSystems,0,cooler_condition,Train Majority,525,78750,79050,20,100,0,1.0,0
HydraulicSystems,0,cooler_condition,Train Majority,530,79500,79800,20,100,0,1.0,0
HydraulicSystems,0,cooler_condition,Train Majority,532,79800,80100,20,100,0,1.0,0
HydraulicSystems,0,cooler_condition,Train Majority,535,80250,80550,20,100,0,1.0,0
HydraulicSystems,0,cooler_condition,Train Majority,536,80400,80700,20,100,0,1.0,0
HydraulicSystems,0,cooler_condition,Train Majority,537,80550,80850,20,100,0,1.0,0
HydraulicSystems,0,cooler_condition,Train Majority,540,81000,81300,20,100,0,1.0,0
HydraulicSystems,0,cooler_condition,Train Majority,542,81300,81600,20,100,0,1.0,0
HydraulicSystems,0,cooler_condition,Train Majority,546,81900,82200,20,100,0,1.0,0
HydraulicSystems,0,cooler_condition,Train Majority,550,82500,82800,20,100,0,1.0,0
HydraulicSystems,0,cooler_condition,Train Majority,551,82650,82950,20,100,0,1.0,0
HydraulicSystems,0,cooler_condition,Train Majority,553,82950,83250,20,100,0,1.0,0
HydraulicSystems,0,cooler_condition,Train Majority,560,84000,84300,20,100,0,1.0,0
HydraulicSystems,0,cooler_condition,Train Majority,561,84150,84450,20,100,0,1.0,0
HydraulicSystems,0,cooler_condition,Train Majority,564,84600,84900,20,100,0,1.0,0
HydraulicSystems,0,cooler_condition,Train Majority,566,84900,85200,20,100,0,1.0,0
HydraulicSystems,0,cooler_condition,Train Majority,567,85050,85350,20,100,0,1.0,0
HydraulicSystems,0,cooler_condition,Train Majority,568,85200,85500,20,100,0,1.0,1
HydraulicSystems,0,cooler_condition,Train Majority,571,85650,85950,20,100,0,1.0,0
HydraulicSystems,0,cooler_condition,Train Majority,572,85800,86100,20,100,0,1.0,0
HydraulicSystems,0,cooler_condition,Train Majority,574,86100,86400,20,100,0,1.0,0
HydraulicSystems,0,cooler_condition,Train Majority,575,86250,86550,20,100,0,1.0,0
HydraulicSystems,0,cooler_condition,Train Majority,576,86400,86700,20,100,0,1.0,0
HydraulicSystems,0,cooler_condition,Train Majority,578,86700,87000,20,100,0,1.0,0
HydraulicSystems,0,cooler_condition,Train Majority,579,86850,87150,20,100,0,1.0,0
HydraulicSystems,0,cooler_condition,Train Majority,582,87300,87600,20,100,0,1.0,0
HydraulicSystems,0,cooler_condition,Train Majority,583,87450,87750,20,100,0,1.0,0
HydraulicSystems,0,cooler_condition,Train Majority,584,87600,87900,20,100,0,0.8,1
HydraulicSystems,0,cooler_condition,Train Majority,585,87750,88050,100,100,1,0.7,1
HydraulicSystems,0,cooler_condition,Train Majority,590,88500,88800,100,100,1,1.0,0
HydraulicSystems,0,cooler_condition,Train Majority,591,88650,88950,100,100,1,1.0,1
HydraulicSystems,0,cooler_condition,Train Majority,593,88950,89250,100,100,1,1.0,0
HydraulicSystems,0,cooler_condition,Train Majority,595,89250,89550,100,100,1,1.0,0
HydraulicSystems,0,cooler_condition,Train Majority,598,89700,90000,100,100,1,1.0,0
HydraulicSystems,0,cooler_condition,Train Majority,599,89850,90150,100,100,1,1.0,0
HydraulicSystems,0,cooler_condition,Train Majority,602,90300,90600,100,100,1,1.0,0
HydraulicSystems,0,cooler_condition,Train Majority,603,90450,90750,100,100,1,1.0,0
HydraulicSystems,0,cooler_condition,Train Majority,610,91500,91800,100,100,1,1.0,0
HydraulicSystems,0,cooler_condition,Train Majority,613,91950,92250,100,100,1,1.0,0
HydraulicSystems,0,cooler_condition,Train Majority,616,92400,92700,100,100,1,1.0,0
HydraulicSystems,0,cooler_condition,Train Majority,618,92700,93000,100,100,1,1.0,0
HydraulicSystems,0,cooler_condition,Train Majority,620,93000,93300,100,100,1,1.0,0
HydraulicSystems,0,cooler_condition,Train Majority,621,93150,93450,100,100,1,1.0,0
HydraulicSystems,0,cooler_condition,Train Majority,622,93300,93600,100,100,1,1.0,0
HydraulicSystems,0,cooler_condition,Train Majority,624,93600,93900,100,100,1,1.0,0
HydraulicSystems,0,cooler_condition,Train Majority,626,93900,94200,100,100,1,1.0,0
HydraulicSystems,0,cooler_condition,Train Majority,627,94050,94350,100,100,1,1.0,0
HydraulicSystems,0,cooler_condition,Train Majority,628,94200,94500,100,100,1,1.0,0
HydraulicSystems,0,cooler_condition,Train Majority,629,94350,94650,100,100,1,1.0,0
HydraulicSystems,0,cooler_condition,Train Majority,630,94500,94800,100,100,1,1.0,0
HydraulicSystems,0,cooler_condition,Train Majority,631,94650,94950,100,100,1,1.0,0
HydraulicSystems,0,cooler_condition,Train Majority,632,94800,95100,100,100,1,1.0,0
HydraulicSystems,0,cooler_condition,Train Majority,635,95250,95550,100,100,1,1.0,0
HydraulicSystems,0,cooler_condition,Train Majority,637,95550,95850,100,100,1,1.0,0
HydraulicSystems,0,cooler_condition,Train Majority,639,95850,96150,100,100,1,1.0,0
HydraulicSystems,0,cooler_condition,Train Majority,645,96750,97050,100,100,1,1.0,0
HydraulicSystems,0,cooler_condition,Train Majority,646,96900,97200,100,100,1,1.0,0
HydraulicSystems,0,cooler_condition,Train Majority,648,97200,97500,100,100,1,1.0,0
HydraulicSystems,0,cooler_condition,Train Majority,649,97350,97650,100,100,1,1.0,0
HydraulicSystems,0,cooler_condition,Train Majority,650,97500,97800,100,100,1,1.0,0
HydraulicSystems,0,cooler_condition,Train Majority,653,97950,98250,100,100,1,1.0,0
HydraulicSystems,0,cooler_condition,Train Majority,655,98250,98550,100,100,1,1.0,0
HydraulicSystems,0,cooler_condition,Train Majority,656,98400,98700,100,100,1,1.0,0
HydraulicSystems,0,cooler_condition,Train Majority,657,98550,98850,100,100,1,1.0,0
HydraulicSystems,0,cooler_condition,Train Majority,659,98850,99150,100,100,1,1.0,0
HydraulicSystems,0,cooler_condition,Train Majority,660,99000,99300,100,100,1,1.0,0
HydraulicSystems,0,cooler_condition,Train Majority,667,100050,100350,100,100,1,1.0,0
HydraulicSystems,0,cooler_condition,Train Majority,668,100200,100500,100,100,1,1.0,0
HydraulicSystems,0,cooler_condition,Train Majority,669,100350,100650,100,100,1,1.0,0
HydraulicSystems,0,cooler_condition,Train Majority,675,101250,101550,100,100,1,1.0,0
HydraulicSystems,0,cooler_condition,Train Majority,676,101400,101700,100,100,1,1.0,0
HydraulicSystems,0,cooler_condition,Train Majority,677,101550,101850,100,100,1,1.0,0
HydraulicSystems,0,cooler_condition,Train Majority,678,101700,102000,100,100,1,1.0,0
HydraulicSystems,0,cooler_condition,Train Majority,679,101850,102150,100,100,1,1.0,0
HydraulicSystems,0,cooler_condition,Train Majority,682,102300,102600,100,100,1,1.0,0
HydraulicSystems,0,cooler_condition,Train Majority,683,102450,102750,100,100,1,1.0,0
HydraulicSystems,0,cooler_condition,Train Majority,684,102600,102900,100,100,1,1.0,0
HydraulicSystems,0,cooler_condition,Train Majority,687,103050,103350,100,100,1,1.0,0
HydraulicSystems,0,cooler_condition,Train Majority,688,103200,103500,100,100,1,1.0,0
HydraulicSystems,0,cooler_condition,Train Majority,691,103650,103950,100,100,1,1.0,0
HydraulicSystems,0,cooler_condition,Train Majority,692,103800,104100,100,100,1,1.0,0
HydraulicSystems,0,cooler_condition,Train Majority,694,104100,104400,100,100,1,1.0,0
HydraulicSystems,0,cooler_condition,Train Majority,696,104400,104700,100,100,1,1.0,0
HydraulicSystems,0,cooler_condition,Train Majority,701,105150,105450,100,100,1,1.0,0
HydraulicSystems,0,cooler_condition,Train Majority,702,105300,105600,100,100,1,1.0,0
HydraulicSystems,0,cooler_condition,Train Majority,703,105450,105750,100,100,1,1.0,0
HydraulicSystems,0,cooler_condition,Train Majority,704,105600,105900,100,100,1,1.0,0
HydraulicSystems,0,cooler_condition,Train Majority,706,105900,106200,100,100,1,1.0,0
HydraulicSystems,0,cooler_condition,Train Majority,707,106050,106350,100,100,1,1.0,0
HydraulicSystems,0,cooler_condition,Train Majority,708,106200,106500,100,100,1,1.0,0
HydraulicSystems,0,cooler_condition,Train Majority,709,106350,106650,100,100,1,1.0,0
HydraulicSystems,0,cooler_condition,Train Majority,711,106650,106950,100,100,1,1.0,0
HydraulicSystems,0,cooler_condition,Train Majority,713,106950,107250,100,100,1,1.0,0
HydraulicSystems,0,cooler_condition,Train Majority,715,107250,107550,100,100,1,1.0,0
HydraulicSystems,0,cooler_condition,Train Majority,717,107550,107850,100,100,1,1.0,0
HydraulicSystems,0,cooler_condition,Train Majority,718,107700,108000,100,100,1,1.0,0
HydraulicSystems,0,cooler_condition,Train Majority,723,108450,108750,100,100,1,1.0,0
HydraulicSystems,0,cooler_condition,Train Majority,725,108750,109050,100,100,1,1.0,0
HydraulicSystems,0,cooler_condition,Train Majority,726,108900,109200,100,100,1,1.0,0
HydraulicSystems,0,cooler_condition,Train Majority,729,109350,109650,100,100,1,1.0,0
HydraulicSystems,0,cooler_condition,Train Majority,732,109800,110100,100,100,1,1.0,0
HydraulicSystems,0,cooler_condition,Train Majority,733,109950,110250,100,100,1,1.0,0
HydraulicSystems,0,cooler_condition,Train Majority,734,110100,110400,100,100,1,1.0,0
HydraulicSystems,0,cooler_condition,Train Majority,735,110250,110550,100,100,1,1.0,0
HydraulicSystems,0,cooler_condition,Train Majority,736,110400,110700,100,100,1,1.0,0
HydraulicSystems,0,cooler_condition,Train Majority,737,110550,110850,100,100,1,1.0,0
HydraulicSystems,0,cooler_condition,Train Majority,740,111000,111300,100,100,1,1.0,0
HydraulicSystems,0,cooler_condition,Train Majority,744,111600,111900,100,100,1,1.0,0
HydraulicSystems,0,cooler_condition,Train Majority,745,111750,112050,100,100,1,1.0,0
HydraulicSystems,0,cooler_condition,Train Majority,746,111900,112200,100,100,1,1.0,0
HydraulicSystems,0,cooler_condition,Train Majority,747,112050,112350,100,100,1,1.0,0
HydraulicSystems,0,cooler_condition,Train Majority,749,112350,112650,100,100,1,1.0,0
HydraulicSystems,0,cooler_condition,Train Majority,751,112650,112950,100,100,1,1.0,0
HydraulicSystems,0,cooler_condition,Train Majority,752,112800,113100,100,100,1,1.0,0
HydraulicSystems,0,cooler_condition,Train Majority,753,112950,113250,100,100,1,1.0,0
HydraulicSystems,0,cooler_condition,Train Majority,755,113250,113550,100,100,1,1.0,0
HydraulicSystems,0,cooler_condition,Train Majority,758,113700,114000,100,100,1,1.0,0
HydraulicSystems,0,cooler_condition,Train Majority,764,114600,114900,100,100,1,1.0,0
HydraulicSystems,0,cooler_condition,Train Majority,766,114900,115200,100,100,1,1.0,0
HydraulicSystems,0,cooler_condition,Train Majority,767,115050,115350,100,100,1,1.0,0
HydraulicSystems,0,cooler_condition,Train Majority,770,115500,115800,100,100,1,1.0,0
HydraulicSystems,0,cooler_condition,Train Majority,775,116250,116550,100,100,1,1.0,0
HydraulicSystems,0,cooler_condition,Train Majority,777,116550,116850,100,100,1,1.0,0
HydraulicSystems,0,cooler_condition,Train Majority,780,117000,117300,100,100,1,1.0,0
HydraulicSystems,0,cooler_condition,Train Majority,781,117150,117450,100,100,1,1.0,0
HydraulicSystems,0,cooler_condition,Train Majority,783,117450,117750,100,100,1,1.0,0
HydraulicSystems,0,cooler_condition,Train Majority,785,117750,118050,100,100,1,1.0,0
HydraulicSystems,0,cooler_condition,Train Majority,786,117900,118200,100,100,1,1.0,0
HydraulicSystems,0,cooler_condition,Train Majority,788,118200,118500,100,100,1,1.0,0
HydraulicSystems,0,cooler_condition,Train Majority,789,118350,118650,100,100,1,1.0,0
HydraulicSystems,0,cooler_condition,Train Majority,790,118500,118800,100,100,1,1.0,0
HydraulicSystems,0,cooler_condition,Train Majority,791,118650,118950,100,100,1,1.0,0
HydraulicSystems,0,cooler_condition,Train Majority,793,118950,119250,100,100,1,1.0,0
HydraulicSystems,0,cooler_condition,Train Majority,797,119550,119850,100,100,1,1.0,0
HydraulicSystems,0,cooler_condition,Train Majority,798,119700,120000,100,100,1,1.0,0
HydraulicSystems,0,cooler_condition,Train Majority,799,119850,120150,100,100,1,1.0,0
HydraulicSystems,0,cooler_condition,Train Majority,800,120000,120300,100,100,1,1.0,0
HydraulicSystems,0,cooler_condition,Train Majority,801,120150,120450,100,100,1,1.0,0
HydraulicSystems,0,cooler_condition,Train Majority,804,120600,120900,100,100,1,1.0,0
HydraulicSystems,0,cooler_condition,Train Majority,807,121050,121350,100,100,1,1.0,0
HydraulicSystems,0,cooler_condition,Train Majority,808,121200,121500,100,100,1,1.0,0
HydraulicSystems,0,cooler_condition,Train Majority,809,121350,121650,100,100,1,1.0,0
HydraulicSystems,0,cooler_condition,Train Majority,810,121500,121800,100,100,1,1.0,0
HydraulicSystems,0,cooler_condition,Train Majority,814,122100,122400,100,100,1,1.0,0
HydraulicSystems,0,cooler_condition,Train Majority,815,122250,122550,100,100,1,1.0,0
HydraulicSystems,0,cooler_condition,Train Majority,818,122700,123000,100,100,1,1.0,0
HydraulicSystems,0,cooler_condition,Train Majority,820,123000,123300,100,100,1,1.0,0
HydraulicSystems,0,cooler_condition,Train Majority,823,123450,123750,100,100,1,1.0,0
HydraulicSystems,0,cooler_condition,Train Majority,827,124050,124350,100,100,1,1.0,0
HydraulicSystems,0,cooler_condition,Train Majority,831,124650,124950,100,100,1,1.0,0
HydraulicSystems,0,cooler_condition,Train Majority,832,124800,125100,100,100,1,1.0,0
HydraulicSystems,0,cooler_condition,Train Majority,833,124950,125250,100,100,1,1.0,0
HydraulicSystems,0,cooler_condition,Train Majority,836,125400,125700,100,100,1,1.0,0
HydraulicSystems,0,cooler_condition,Train Majority,840,126000,126300,100,100,1,1.0,0
HydraulicSystems,0,cooler_condition,Train Majority,841,126150,126450,100,100,1,1.0,0
HydraulicSystems,0,cooler_condition,Train Majority,844,126600,126900,100,100,1,1.0,0
HydraulicSystems,0,cooler_condition,Train Majority,845,126750,127050,100,100,1,1.0,0
HydraulicSystems,0,cooler_condition,Train Majority,846,126900,127200,100,100,1,1.0,0
HydraulicSystems,0,cooler_condition,Train Majority,847,127050,127350,100,100,1,1.0,0
HydraulicSystems,0,cooler_condition,Train Majority,849,127350,127650,100,100,1,1.0,0
HydraulicSystems,0,cooler_condition,Train Majority,851,127650,127950,100,100,1,1.0,0
HydraulicSystems,0,cooler_condition,Train Majority,854,128100,128400,100,100,1,1.0,0
HydraulicSystems,0,cooler_condition,Train Majority,856,128400,128700,100,100,1,1.0,0
HydraulicSystems,0,cooler_condition,Train Majority,857,128550,128850,100,100,1,1.0,0
HydraulicSystems,0,cooler_condition,Train Majority,859,128850,129150,100,100,1,1.0,0
HydraulicSystems,0,cooler_condition,Train Majority,862,129300,129600,100,100,1,1.0,0
HydraulicSystems,0,cooler_condition,Train Majority,864,129600,129900,100,100,1,1.0,0
HydraulicSystems,0,cooler_condition,Train Majority,867,130050,130350,100,100,1,1.0,0
HydraulicSystems,0,cooler_condition,Train Majority,868,130200,130500,100,100,1,1.0,0
HydraulicSystems,0,cooler_condition,Train Majority,869,130350,130650,100,100,1,1.0,0
HydraulicSystems,0,cooler_condition,Train Majority,871,130650,130950,100,100,1,1.0,0
HydraulicSystems,0,cooler_condition,Train Majority,872,130800,131100,100,100,1,1.0,0
HydraulicSystems,0,cooler_condition,Train Majority,873,130950,131250,100,100,1,1.0,0
HydraulicSystems,0,cooler_condition,Train Majority,875,131250,131550,100,100,1,1.0,0
HydraulicSystems,0,cooler_condition,Train Majority,876,131400,131700,100,100,1,1.0,0
HydraulicSystems,0,cooler_condition,Train Majority,879,131850,132150,100,100,1,1.0,0
HydraulicSystems,0,cooler_condition,SensorMeanStd Centroid,1,150,450,3,3,1,1.0,1
HydraulicSystems,0,cooler_condition,SensorMeanStd Centroid,2,300,600,3,3,1,1.0,1
HydraulicSystems,0,cooler_condition,SensorMeanStd Centroid,4,600,900,3,3,1,1.0,1
HydraulicSystems,0,cooler_condition,SensorMeanStd Centroid,6,900,1200,3,3,1,1.0,1
HydraulicSystems,0,cooler_condition,SensorMeanStd Centroid,8,1200,1500,3,3,1,1.0,1
HydraulicSystems,0,cooler_condition,SensorMeanStd Centroid,9,1350,1650,3,3,1,1.0,1
HydraulicSystems,0,cooler_condition,SensorMeanStd Centroid,13,1950,2250,3,3,1,1.0,1
HydraulicSystems,0,cooler_condition,SensorMeanStd Centroid,14,2100,2400,3,3,1,1.0,1
HydraulicSystems,0,cooler_condition,SensorMeanStd Centroid,17,2550,2850,3,3,1,1.0,1
HydraulicSystems,0,cooler_condition,SensorMeanStd Centroid,18,2700,3000,3,3,1,1.0,1
HydraulicSystems,0,cooler_condition,SensorMeanStd Centroid,19,2850,3150,3,3,1,1.0,1
HydraulicSystems,0,cooler_condition,SensorMeanStd Centroid,22,3300,3600,3,3,1,1.0,1
HydraulicSystems,0,cooler_condition,SensorMeanStd Centroid,25,3750,4050,3,3,1,1.0,1
HydraulicSystems,0,cooler_condition,SensorMeanStd Centroid,26,3900,4200,3,3,1,1.0,1
HydraulicSystems,0,cooler_condition,SensorMeanStd Centroid,29,4350,4650,3,3,1,1.0,1
HydraulicSystems,0,cooler_condition,SensorMeanStd Centroid,31,4650,4950,3,3,1,1.0,1
HydraulicSystems,0,cooler_condition,SensorMeanStd Centroid,32,4800,5100,3,3,1,1.0,1
HydraulicSystems,0,cooler_condition,SensorMeanStd Centroid,33,4950,5250,3,3,1,1.0,1
HydraulicSystems,0,cooler_condition,SensorMeanStd Centroid,36,5400,5700,3,3,1,1.0,1
HydraulicSystems,0,cooler_condition,SensorMeanStd Centroid,38,5700,6000,3,3,1,1.0,1
HydraulicSystems,0,cooler_condition,SensorMeanStd Centroid,42,6300,6600,3,3,1,1.0,1
HydraulicSystems,0,cooler_condition,SensorMeanStd Centroid,44,6600,6900,3,3,1,1.0,1
HydraulicSystems,0,cooler_condition,SensorMeanStd Centroid,46,6900,7200,3,3,1,1.0,1
HydraulicSystems,0,cooler_condition,SensorMeanStd Centroid,49,7350,7650,3,3,1,1.0,1
HydraulicSystems,0,cooler_condition,SensorMeanStd Centroid,50,7500,7800,3,3,1,1.0,1
HydraulicSystems,0,cooler_condition,SensorMeanStd Centroid,51,7650,7950,3,3,1,1.0,1
HydraulicSystems,0,cooler_condition,SensorMeanStd Centroid,52,7800,8100,3,3,1,1.0,1
HydraulicSystems,0,cooler_condition,SensorMeanStd Centroid,53,7950,8250,3,3,1,1.0,1
HydraulicSystems,0,cooler_condition,SensorMeanStd Centroid,54,8100,8400,3,3,1,1.0,1
HydraulicSystems,0,cooler_condition,SensorMeanStd Centroid,55,8250,8550,3,3,1,1.0,0
HydraulicSystems,0,cooler_condition,SensorMeanStd Centroid,56,8400,8700,3,3,1,1.0,0
HydraulicSystems,0,cooler_condition,SensorMeanStd Centroid,59,8850,9150,3,3,1,1.0,1
HydraulicSystems,0,cooler_condition,SensorMeanStd Centroid,60,9000,9300,3,3,1,1.0,1
HydraulicSystems,0,cooler_condition,SensorMeanStd Centroid,66,9900,10200,3,3,1,1.0,1
HydraulicSystems,0,cooler_condition,SensorMeanStd Centroid,67,10050,10350,3,3,1,1.0,1
HydraulicSystems,0,cooler_condition,SensorMeanStd Centroid,68,10200,10500,3,3,1,1.0,1
HydraulicSystems,0,cooler_condition,SensorMeanStd Centroid,69,10350,10650,3,3,1,1.0,1
HydraulicSystems,0,cooler_condition,SensorMeanStd Centroid,70,10500,10800,3,3,1,1.0,1
HydraulicSystems,0,cooler_condition,SensorMeanStd Centroid,71,10650,10950,3,3,1,1.0,1
HydraulicSystems,0,cooler_condition,SensorMeanStd Centroid,73,10950,11250,3,3,1,1.0,1
HydraulicSystems,0,cooler_condition,SensorMeanStd Centroid,74,11100,11400,3,3,1,1.0,1
HydraulicSystems,0,cooler_condition,SensorMeanStd Centroid,76,11400,11700,3,3,1,1.0,1
HydraulicSystems,0,cooler_condition,SensorMeanStd Centroid,79,11850,12150,3,3,1,1.0,1
HydraulicSystems,0,cooler_condition,SensorMeanStd Centroid,81,12150,12450,3,3,1,1.0,1
HydraulicSystems,0,cooler_condition,SensorMeanStd Centroid,84,12600,12900,3,3,1,1.0,1
HydraulicSystems,0,cooler_condition,SensorMeanStd Centroid,89,13350,13650,3,3,1,1.0,1
HydraulicSystems,0,cooler_condition,SensorMeanStd Centroid,91,13650,13950,3,20,0,1.0,1
HydraulicSystems,0,cooler_condition,SensorMeanStd Centroid,94,14100,14400,3,3,1,1.0,1
HydraulicSystems,0,cooler_condition,SensorMeanStd Centroid,96,14400,14700,3,3,1,1.0,1
HydraulicSystems,0,cooler_condition,SensorMeanStd Centroid,98,14700,15000,3,3,1,1.0,1
HydraulicSystems,0,cooler_condition,SensorMeanStd Centroid,100,15000,15300,3,3,1,1.0,1
HydraulicSystems,0,cooler_condition,SensorMeanStd Centroid,102,15300,15600,3,3,1,1.0,1
HydraulicSystems,0,cooler_condition,SensorMeanStd Centroid,104,15600,15900,3,3,1,1.0,1
HydraulicSystems,0,cooler_condition,SensorMeanStd Centroid,105,15750,16050,3,3,1,1.0,1
HydraulicSystems,0,cooler_condition,SensorMeanStd Centroid,106,15900,16200,3,3,1,1.0,1
HydraulicSystems,0,cooler_condition,SensorMeanStd Centroid,110,16500,16800,3,3,1,1.0,1
HydraulicSystems,0,cooler_condition,SensorMeanStd Centroid,112,16800,17100,3,3,1,1.0,1
HydraulicSystems,0,cooler_condition,SensorMeanStd Centroid,113,16950,17250,3,3,1,1.0,1
HydraulicSystems,0,cooler_condition,SensorMeanStd Centroid,116,17400,17700,3,3,1,1.0,1
HydraulicSystems,0,cooler_condition,SensorMeanStd Centroid,121,18150,18450,3,3,1,1.0,1
HydraulicSystems,0,cooler_condition,SensorMeanStd Centroid,125,18750,19050,3,3,1,1.0,1
HydraulicSystems,0,cooler_condition,SensorMeanStd Centroid,126,18900,19200,3,3,1,1.0,1
HydraulicSystems,0,cooler_condition,SensorMeanStd Centroid,130,19500,19800,3,3,1,1.0,1
HydraulicSystems,0,cooler_condition,SensorMeanStd Centroid,131,19650,19950,3,3,1,1.0,1
HydraulicSystems,0,cooler_condition,SensorMeanStd Centroid,132,19800,20100,3,3,1,1.0,1
HydraulicSystems,0,cooler_condition,SensorMeanStd Centroid,134,20100,20400,3,3,1,1.0,1
HydraulicSystems,0,cooler_condition,SensorMeanStd Centroid,137,20550,20850,3,3,1,1.0,1
HydraulicSystems,0,cooler_condition,SensorMeanStd Centroid,141,21150,21450,3,3,1,1.0,1
HydraulicSystems,0,cooler_condition,SensorMeanStd Centroid,143,21450,21750,3,3,1,1.0,1
HydraulicSystems,0,cooler_condition,SensorMeanStd Centroid,144,21600,21900,3,3,1,1.0,1
HydraulicSystems,0,cooler_condition,SensorMeanStd Centroid,146,21900,22200,3,3,1,1.0,1
HydraulicSystems,0,cooler_condition,SensorMeanStd Centroid,147,22050,22350,3,3,1,1.0,1
HydraulicSystems,0,cooler_condition,SensorMeanStd Centroid,151,22650,22950,3,3,1,1.0,1
HydraulicSystems,0,cooler_condition,SensorMeanStd Centroid,152,22800,23100,3,3,1,1.0,1
HydraulicSystems,0,cooler_condition,SensorMeanStd Centroid,154,23100,23400,3,3,1,1.0,1
HydraulicSystems,0,cooler_condition,SensorMeanStd Centroid,155,23250,23550,3,3,1,1.0,1
HydraulicSystems,0,cooler_condition,SensorMeanStd Centroid,156,23400,23700,3,3,1,1.0,1
HydraulicSystems,0,cooler_condition,SensorMeanStd Centroid,159,23850,24150,3,3,1,1.0,1
HydraulicSystems,0,cooler_condition,SensorMeanStd Centroid,162,24300,24600,3,3,1,1.0,1
HydraulicSystems,0,cooler_condition,SensorMeanStd Centroid,164,24600,24900,3,3,1,1.0,1
HydraulicSystems,0,cooler_condition,SensorMeanStd Centroid,167,25050,25350,3,3,1,1.0,1
HydraulicSystems,0,cooler_condition,SensorMeanStd Centroid,169,25350,25650,3,3,1,1.0,1
HydraulicSystems,0,cooler_condition,SensorMeanStd Centroid,170,25500,25800,3,3,1,1.0,1
HydraulicSystems,0,cooler_condition,SensorMeanStd Centroid,172,25800,26100,3,3,1,1.0,1
HydraulicSystems,0,cooler_condition,SensorMeanStd Centroid,173,25950,26250,3,3,1,1.0,1
HydraulicSystems,0,cooler_condition,SensorMeanStd Centroid,174,26100,26400,3,3,1,1.0,1
HydraulicSystems,0,cooler_condition,SensorMeanStd Centroid,176,26400,26700,3,3,1,1.0,1
HydraulicSystems,0,cooler_condition,SensorMeanStd Centroid,177,26550,26850,3,3,1,1.0,1
HydraulicSystems,0,cooler_condition,SensorMeanStd Centroid,180,27000,27300,3,3,1,1.0,1
HydraulicSystems,0,cooler_condition,SensorMeanStd Centroid,181,27150,27450,3,3,1,1.0,1
HydraulicSystems,0,cooler_condition,SensorMeanStd Centroid,182,27300,27600,3,3,1,1.0,1
HydraulicSystems,0,cooler_condition,SensorMeanStd Centroid,183,27450,27750,3,3,1,1.0,1
HydraulicSystems,0,cooler_condition,SensorMeanStd Centroid,184,27600,27900,3,3,1,1.0,1
HydraulicSystems,0,cooler_condition,SensorMeanStd Centroid,190,28500,28800,3,3,1,1.0,1
HydraulicSystems,0,cooler_condition,SensorMeanStd Centroid,191,28650,28950,3,3,1,1.0,1
HydraulicSystems,0,cooler_condition,SensorMeanStd Centroid,192,28800,29100,3,3,1,1.0,1
HydraulicSystems,0,cooler_condition,SensorMeanStd Centroid,193,28950,29250,3,3,1,1.0,1
HydraulicSystems,0,cooler_condition,SensorMeanStd Centroid,195,29250,29550,3,3,1,1.0,1
HydraulicSystems,0,cooler_condition,SensorMeanStd Centroid,197,29550,29850,3,3,1,1.0,1
HydraulicSystems,0,cooler_condition,SensorMeanStd Centroid,199,29850,30150,3,3,1,1.0,1
HydraulicSystems,0,cooler_condition,SensorMeanStd Centroid,201,30150,30450,3,3,1,1.0,1
HydraulicSystems,0,cooler_condition,SensorMeanStd Centroid,202,30300,30600,3,3,1,1.0,1
HydraulicSystems,0,cooler_condition,SensorMeanStd Centroid,203,30450,30750,3,3,1,1.0,1
HydraulicSystems,0,cooler_condition,SensorMeanStd Centroid,205,30750,31050,3,3,1,1.0,1
HydraulicSystems,0,cooler_condition,SensorMeanStd Centroid,207,31050,31350,3,3,1,1.0,1
HydraulicSystems,0,cooler_condition,SensorMeanStd Centroid,208,31200,31500,3,3,1,1.0,1
HydraulicSystems,0,cooler_condition,SensorMeanStd Centroid,210,31500,31800,3,3,1,1.0,1
HydraulicSystems,0,cooler_condition,SensorMeanStd Centroid,212,31800,32100,3,3,1,1.0,1
HydraulicSystems,0,cooler_condition,SensorMeanStd Centroid,213,31950,32250,3,3,1,1.0,1
HydraulicSystems,0,cooler_condition,SensorMeanStd Centroid,218,32700,33000,3,3,1,1.0,0
HydraulicSystems,0,cooler_condition,SensorMeanStd Centroid,221,33150,33450,3,3,1,1.0,1
HydraulicSystems,0,cooler_condition,SensorMeanStd Centroid,222,33300,33600,3,3,1,1.0,1
HydraulicSystems,0,cooler_condition,SensorMeanStd Centroid,223,33450,33750,3,3,1,1.0,1
HydraulicSystems,0,cooler_condition,SensorMeanStd Centroid,225,33750,34050,3,3,1,1.0,1
HydraulicSystems,0,cooler_condition,SensorMeanStd Centroid,226,33900,34200,3,3,1,1.0,1
HydraulicSystems,0,cooler_condition,SensorMeanStd Centroid,229,34350,34650,3,3,1,1.0,1
HydraulicSystems,0,cooler_condition,SensorMeanStd Centroid,230,34500,34800,3,3,1,1.0,1
HydraulicSystems,0,cooler_condition,SensorMeanStd Centroid,239,35850,36150,3,3,1,1.0,1
HydraulicSystems,0,cooler_condition,SensorMeanStd Centroid,240,36000,36300,3,3,1,1.0,1
HydraulicSystems,0,cooler_condition,SensorMeanStd Centroid,241,36150,36450,3,3,1,1.0,1
HydraulicSystems,0,cooler_condition,SensorMeanStd Centroid,242,36300,36600,3,3,1,1.0,1
HydraulicSystems,0,cooler_condition,SensorMeanStd Centroid,243,36450,36750,3,3,1,1.0,1
HydraulicSystems,0,cooler_condition,SensorMeanStd Centroid,244,36600,36900,3,3,1,1.0,1
HydraulicSystems,0,cooler_condition,SensorMeanStd Centroid,245,36750,37050,3,3,1,1.0,1
HydraulicSystems,0,cooler_condition,SensorMeanStd Centroid,247,37050,37350,3,3,1,1.0,1
HydraulicSystems,0,cooler_condition,SensorMeanStd Centroid,251,37650,37950,3,3,1,1.0,1
HydraulicSystems,0,cooler_condition,SensorMeanStd Centroid,256,38400,38700,3,3,1,1.0,1
HydraulicSystems,0,cooler_condition,SensorMeanStd Centroid,257,38550,38850,3,3,1,1.0,1
HydraulicSystems,0,cooler_condition,SensorMeanStd Centroid,261,39150,39450,3,3,1,1.0,1
HydraulicSystems,0,cooler_condition,SensorMeanStd Centroid,262,39300,39600,3,3,1,1.0,1
HydraulicSystems,0,cooler_condition,SensorMeanStd Centroid,263,39450,39750,3,3,1,1.0,1
HydraulicSystems,0,cooler_condition,SensorMeanStd Centroid,264,39600,39900,3,3,1,1.0,1
HydraulicSystems,0,cooler_condition,SensorMeanStd Centroid,267,40050,40350,3,3,1,1.0,1
HydraulicSystems,0,cooler_condition,SensorMeanStd Centroid,268,40200,40500,3,3,1,1.0,1
HydraulicSystems,0,cooler_condition,SensorMeanStd Centroid,270,40500,40800,3,3,1,1.0,1
HydraulicSystems,0,cooler_condition,SensorMeanStd Centroid,273,40950,41250,3,3,1,1.0,1
HydraulicSystems,0,cooler_condition,SensorMeanStd Centroid,274,41100,41400,3,3,1,1.0,1
HydraulicSystems,0,cooler_condition,SensorMeanStd Centroid,278,41700,42000,3,3,1,1.0,1
HydraulicSystems,0,cooler_condition,SensorMeanStd Centroid,280,42000,42300,3,3,1,1.0,1
HydraulicSystems,0,cooler_condition,SensorMeanStd Centroid,283,42450,42750,3,3,1,1.0,1
HydraulicSystems,0,cooler_condition,SensorMeanStd Centroid,284,42600,42900,3,3,1,1.0,1
HydraulicSystems,0,cooler_condition,SensorMeanStd Centroid,286,42900,43200,3,3,1,1.0,1
HydraulicSystems,0,cooler_condition,SensorMeanStd Centroid,287,43050,43350,3,3,1,1.0,1
HydraulicSystems,0,cooler_condition,SensorMeanStd Centroid,288,43200,43500,3,3,1,1.0,1
HydraulicSystems,0,cooler_condition,SensorMeanStd Centroid,290,43500,43800,3,3,1,1.0,1
HydraulicSystems,0,cooler_condition,SensorMeanStd Centroid,291,43650,43950,3,3,1,0.9,1
HydraulicSystems,0,cooler_condition,SensorMeanStd Centroid,293,43950,44250,20,20,1,1.0,1
HydraulicSystems,0,cooler_condition,SensorMeanStd Centroid,295,44250,44550,20,20,1,1.0,1
HydraulicSystems,0,cooler_condition,SensorMeanStd Centroid,296,44400,44700,20,20,1,1.0,1
HydraulicSystems,0,cooler_condition,SensorMeanStd Centroid,297,44550,44850,20,20,1,1.0,1
HydraulicSystems,0,cooler_condition,SensorMeanStd Centroid,299,44850,45150,20,20,1,1.0,1
HydraulicSystems,0,cooler_condition,SensorMeanStd Centroid,300,45000,45300,20,20,1,1.0,1
HydraulicSystems,0,cooler_condition,SensorMeanStd Centroid,304,45600,45900,20,20,1,1.0,1
HydraulicSystems,0,cooler_condition,SensorMeanStd Centroid,305,45750,46050,20,20,1,1.0,1
HydraulicSystems,0,cooler_condition,SensorMeanStd Centroid,306,45900,46200,20,20,1,1.0,1
HydraulicSystems,0,cooler_condition,SensorMeanStd Centroid,308,46200,46500,20,20,1,1.0,0
HydraulicSystems,0,cooler_condition,SensorMeanStd Centroid,309,46350,46650,20,20,1,1.0,1
HydraulicSystems,0,cooler_condition,SensorMeanStd Centroid,310,46500,46800,20,20,1,1.0,0
HydraulicSystems,0,cooler_condition,SensorMeanStd Centroid,312,46800,47100,20,20,1,1.0,0
HydraulicSystems,0,cooler_condition,SensorMeanStd Centroid,313,46950,47250,20,20,1,1.0,0
HydraulicSystems,0,cooler_condition,SensorMeanStd Centroid,315,47250,47550,20,20,1,1.0,1
HydraulicSystems,0,cooler_condition,SensorMeanStd Centroid,318,47700,48000,20,20,1,1.0,0
HydraulicSystems,0,cooler_condition,SensorMeanStd Centroid,319,47850,48150,20,20,1,1.0,0
HydraulicSystems,0,cooler_condition,SensorMeanStd Centroid,320,48000,48300,20,20,1,1.0,0
HydraulicSystems,0,cooler_condition,SensorMeanStd Centroid,326,48900,49200,20,20,1,1.0,0
HydraulicSystems,0,cooler_condition,SensorMeanStd Centroid,327,49050,49350,20,20,1,1.0,0
HydraulicSystems,0,cooler_condition,SensorMeanStd Centroid,328,49200,49500,20,20,1,1.0,0
HydraulicSystems,0,cooler_condition,SensorMeanStd Centroid,332,49800,50100,20,20,1,1.0,0
HydraulicSystems,0,cooler_condition,SensorMeanStd Centroid,333,49950,50250,20,20,1,1.0,0
HydraulicSystems,0,cooler_condition,SensorMeanStd Centroid,334,50100,50400,20,20,1,1.0,0
HydraulicSystems,0,cooler_condition,SensorMeanStd Centroid,337,50550,50850,20,20,1,1.0,0
HydraulicSystems,0,cooler_condition,SensorMeanStd Centroid,338,50700,51000,20,20,1,1.0,0
HydraulicSystems,0,cooler_condition,SensorMeanStd Centroid,340,51000,51300,20,20,1,1.0,0
HydraulicSystems,0,cooler_condition,SensorMeanStd Centroid,341,51150,51450,20,20,1,1.0,0
HydraulicSystems,0,cooler_condition,SensorMeanStd Centroid,342,51300,51600,20,20,1,1.0,0
HydraulicSystems,0,cooler_condition,SensorMeanStd Centroid,343,51450,51750,20,20,1,1.0,0
HydraulicSystems,0,cooler_condition,SensorMeanStd Centroid,346,51900,52200,20,20,1,1.0,1
HydraulicSystems,0,cooler_condition,SensorMeanStd Centroid,348,52200,52500,20,20,1,1.0,1
HydraulicSystems,0,cooler_condition,SensorMeanStd Centroid,350,52500,52800,20,20,1,1.0,0
HydraulicSystems,0,cooler_condition,SensorMeanStd Centroid,354,53100,53400,20,20,1,1.0,0
HydraulicSystems,0,cooler_condition,SensorMeanStd Centroid,355,53250,53550,20,20,1,1.0,0
HydraulicSystems,0,cooler_condition,SensorMeanStd Centroid,358,53700,54000,20,20,1,1.0,0
HydraulicSystems,0,cooler_condition,SensorMeanStd Centroid,360,54000,54300,20,20,1,1.0,0
HydraulicSystems,0,cooler_condition,SensorMeanStd Centroid,361,54150,54450,20,20,1,1.0,0
HydraulicSystems,0,cooler_condition,SensorMeanStd Centroid,363,54450,54750,20,20,1,1.0,0
HydraulicSystems,0,cooler_condition,SensorMeanStd Centroid,364,54600,54900,20,20,1,1.0,0
HydraulicSystems,0,cooler_condition,SensorMeanStd Centroid,369,55350,55650,20,20,1,1.0,0
HydraulicSystems,0,cooler_condition,SensorMeanStd Centroid,370,55500,55800,20,20,1,1.0,0
HydraulicSystems,0,cooler_condition,SensorMeanStd Centroid,372,55800,56100,20,20,1,1.0,1
HydraulicSystems,0,cooler_condition,SensorMeanStd Centroid,373,55950,56250,20,20,1,1.0,1
HydraulicSystems,0,cooler_condition,SensorMeanStd Centroid,377,56550,56850,20,20,1,1.0,0
HydraulicSystems,0,cooler_condition,SensorMeanStd Centroid,381,57150,57450,20,20,1,1.0,0
HydraulicSystems,0,cooler_condition,SensorMeanStd Centroid,382,57300,57600,20,20,1,1.0,0
HydraulicSystems,0,cooler_condition,SensorMeanStd Centroid,383,57450,57750,20,20,1,1.0,0
HydraulicSystems,0,cooler_condition,SensorMeanStd Centroid,384,57600,57900,20,20,1,1.0,0
HydraulicSystems,0,cooler_condition,SensorMeanStd Centroid,385,57750,58050,20,20,1,1.0,0
HydraulicSystems,0,cooler_condition,SensorMeanStd Centroid,386,57900,58200,20,20,1,1.0,0
HydraulicSystems,0,cooler_condition,SensorMeanStd Centroid,388,58200,58500,20,20,1,1.0,0
HydraulicSystems,0,cooler_condition,SensorMeanStd Centroid,389,58350,58650,20,20,1,1.0,0
HydraulicSystems,0,cooler_condition,SensorMeanStd Centroid,390,58500,58800,20,20,1,1.0,0
HydraulicSystems,0,cooler_condition,SensorMeanStd Centroid,391,58650,58950,20,20,1,1.0,0
HydraulicSystems,0,cooler_condition,SensorMeanStd Centroid,392,58800,59100,20,20,1,1.0,0
HydraulicSystems,0,cooler_condition,SensorMeanStd Centroid,397,59550,59850,20,20,1,1.0,1
HydraulicSystems,0,cooler_condition,SensorMeanStd Centroid,399,59850,60150,20,20,1,1.0,0
HydraulicSystems,0,cooler_condition,SensorMeanStd Centroid,401,60150,60450,20,20,1,1.0,0
HydraulicSystems,0,cooler_condition,SensorMeanStd Centroid,402,60300,60600,20,20,1,1.0,0
HydraulicSystems,0,cooler_condition,SensorMeanStd Centroid,403,60450,60750,20,20,1,1.0,0
HydraulicSystems,0,cooler_condition,SensorMeanStd Centroid,404,60600,60900,20,20,1,1.0,0
HydraulicSystems,0,cooler_condition,SensorMeanStd Centroid,405,60750,61050,20,20,1,1.0,0
HydraulicSystems,0,cooler_condition,SensorMeanStd Centroid,406,60900,61200,20,20,1,1.0,0
HydraulicSystems,0,cooler_condition,SensorMeanStd Centroid,407,61050,61350,20,20,1,1.0,0
HydraulicSystems,0,cooler_condition,SensorMeanStd Centroid,412,61800,62100,20,20,1,1.0,0
HydraulicSystems,0,cooler_condition,SensorMeanStd Centroid,415,62250,62550,20,20,1,1.0,0
HydraulicSystems,0,cooler_condition,SensorMeanStd Centroid,417,62550,62850,20,20,1,1.0,0
HydraulicSystems,0,cooler_condition,SensorMeanStd Centroid,418,62700,63000,20,20,1,1.0,0
HydraulicSystems,0,cooler_condition,SensorMeanStd Centroid,419,62850,63150,20,20,1,1.0,0
HydraulicSystems,0,cooler_condition,SensorMeanStd Centroid,421,63150,63450,20,20,1,1.0,0
HydraulicSystems,0,cooler_condition,SensorMeanStd Centroid,422,63300,63600,20,20,1,1.0,0
HydraulicSystems,0,cooler_condition,SensorMeanStd Centroid,423,63450,63750,20,20,1,1.0,0
HydraulicSystems,0,cooler_condition,SensorMeanStd Centroid,427,64050,64350,20,20,1,1.0,0
HydraulicSystems,0,cooler_condition,SensorMeanStd Centroid,430,64500,64800,20,20,1,1.0,0
HydraulicSystems,0,cooler_condition,SensorMeanStd Centroid,432,64800,65100,20,20,1,1.0,0
HydraulicSystems,0,cooler_condition,SensorMeanStd Centroid,434,65100,65400,20,20,1,1.0,0
HydraulicSystems,0,cooler_condition,SensorMeanStd Centroid,437,65550,65850,20,20,1,1.0,0
HydraulicSystems,0,cooler_condition,SensorMeanStd Centroid,442,66300,66600,20,20,1,1.0,0
HydraulicSystems,0,cooler_condition,SensorMeanStd Centroid,444,66600,66900,20,20,1,1.0,0
HydraulicSystems,0,cooler_condition,SensorMeanStd Centroid,445,66750,67050,20,20,1,1.0,0
HydraulicSystems,0,cooler_condition,SensorMeanStd Centroid,446,66900,67200,20,20,1,1.0,0
HydraulicSystems,0,cooler_condition,SensorMeanStd Centroid,448,67200,67500,20,20,1,1.0,0
HydraulicSystems,0,cooler_condition,SensorMeanStd Centroid,451,67650,67950,20,20,1,1.0,0
HydraulicSystems,0,cooler_condition,SensorMeanStd Centroid,452,67800,68100,20,20,1,1.0,1
HydraulicSystems,0,cooler_condition,SensorMeanStd Centroid,453,67950,68250,20,20,1,1.0,0
HydraulicSystems,0,cooler_condition,SensorMeanStd Centroid,454,68100,68400,20,20,1,1.0,0
HydraulicSystems,0,cooler_condition,SensorMeanStd Centroid,456,68400,68700,20,20,1,1.0,0
HydraulicSystems,0,cooler_condition,SensorMeanStd Centroid,458,68700,69000,20,20,1,1.0,0
HydraulicSystems,0,cooler_condition,SensorMeanStd Centroid,463,69450,69750,20,20,1,1.0,0
HydraulicSystems,0,cooler_condition,SensorMeanStd Centroid,465,69750,70050,20,20,1,1.0,0
HydraulicSystems,0,cooler_condition,SensorMeanStd Centroid,466,69900,70200,20,20,1,1.0,0
HydraulicSystems,0,cooler_condition,SensorMeanStd Centroid,468,70200,70500,20,20,1,1.0,1
HydraulicSystems,0,cooler_condition,SensorMeanStd Centroid,469,70350,70650,20,20,1,1.0,1
HydraulicSystems,0,cooler_condition,SensorMeanStd Centroid,471,70650,70950,20,20,1,1.0,0
HydraulicSystems,0,cooler_condition,SensorMeanStd Centroid,473,70950,71250,20,20,1,1.0,0
HydraulicSystems,0,cooler_condition,SensorMeanStd Centroid,474,71100,71400,20,20,1,1.0,0
HydraulicSystems,0,cooler_condition,SensorMeanStd Centroid,476,71400,71700,20,20,1,1.0,0
HydraulicSystems,0,cooler_condition,SensorMeanStd Centroid,485,72750,73050,20,20,1,1.0,0
HydraulicSystems,0,cooler_condition,SensorMeanStd Centroid,486,72900,73200,20,20,1,1.0,0
HydraulicSystems,0,cooler_condition,SensorMeanStd Centroid,487,73050,73350,20,20,1,1.0,0
HydraulicSystems,0,cooler_condition,SensorMeanStd Centroid,488,73200,73500,20,20,1,1.0,0
HydraulicSystems,0,cooler_condition,SensorMeanStd Centroid,492,73800,74100,20,20,1,1.0,0
HydraulicSystems,0,cooler_condition,SensorMeanStd Centroid,495,74250,74550,20,20,1,1.0,0
HydraulicSystems,0,cooler_condition,SensorMeanStd Centroid,496,74400,74700,20,20,1,1.0,0
HydraulicSystems,0,cooler_condition,SensorMeanStd Centroid,497,74550,74850,20,20,1,1.0,0
HydraulicSystems,0,cooler_condition,SensorMeanStd Centroid,499,74850,75150,20,20,1,1.0,0
HydraulicSystems,0,cooler_condition,SensorMeanStd Centroid,500,75000,75300,20,20,1,1.0,0
HydraulicSystems,0,cooler_condition,SensorMeanStd Centroid,506,75900,76200,20,20,1,1.0,0
HydraulicSystems,0,cooler_condition,SensorMeanStd Centroid,508,76200,76500,20,20,1,1.0,0
HydraulicSystems,0,cooler_condition,SensorMeanStd Centroid,510,76500,76800,20,20,1,1.0,0
HydraulicSystems,0,cooler_condition,SensorMeanStd Centroid,512,76800,77100,20,20,1,1.0,0
HydraulicSystems,0,cooler_condition,SensorMeanStd Centroid,513,76950,77250,20,20,1,1.0,0
HydraulicSystems,0,cooler_condition,SensorMeanStd Centroid,518,77700,78000,20,20,1,1.0,0
HydraulicSystems,0,cooler_condition,SensorMeanStd Centroid,520,78000,78300,20,20,1,1.0,0
HydraulicSystems,0,cooler_condition,SensorMeanStd Centroid,522,78300,78600,20,20,1,1.0,0
HydraulicSystems,0,cooler_condition,SensorMeanStd Centroid,523,78450,78750,20,20,1,1.0,0
HydraulicSystems,0,cooler_condition,SensorMeanStd Centroid,524,78600,78900,20,20,1,1.0,0
HydraulicSystems,0,cooler_condition,SensorMeanStd Centroid,525,78750,79050,20,20,1,1.0,0
HydraulicSystems,0,cooler_condition,SensorMeanStd Centroid,530,79500,79800,20,20,1,1.0,0
HydraulicSystems,0,cooler_condition,SensorMeanStd Centroid,532,79800,80100,20,20,1,1.0,0
HydraulicSystems,0,cooler_condition,SensorMeanStd Centroid,535,80250,80550,20,20,1,1.0,0
HydraulicSystems,0,cooler_condition,SensorMeanStd Centroid,536,80400,80700,20,20,1,1.0,0
HydraulicSystems,0,cooler_condition,SensorMeanStd Centroid,537,80550,80850,20,20,1,1.0,0
HydraulicSystems,0,cooler_condition,SensorMeanStd Centroid,540,81000,81300,20,20,1,1.0,0
HydraulicSystems,0,cooler_condition,SensorMeanStd Centroid,542,81300,81600,20,20,1,1.0,0
HydraulicSystems,0,cooler_condition,SensorMeanStd Centroid,546,81900,82200,20,20,1,1.0,0
HydraulicSystems,0,cooler_condition,SensorMeanStd Centroid,550,82500,82800,20,20,1,1.0,0
HydraulicSystems,0,cooler_condition,SensorMeanStd Centroid,551,82650,82950,20,20,1,1.0,0
HydraulicSystems,0,cooler_condition,SensorMeanStd Centroid,553,82950,83250,20,20,1,1.0,0
HydraulicSystems,0,cooler_condition,SensorMeanStd Centroid,560,84000,84300,20,20,1,1.0,0
HydraulicSystems,0,cooler_condition,SensorMeanStd Centroid,561,84150,84450,20,20,1,1.0,0
HydraulicSystems,0,cooler_condition,SensorMeanStd Centroid,564,84600,84900,20,20,1,1.0,0
HydraulicSystems,0,cooler_condition,SensorMeanStd Centroid,566,84900,85200,20,20,1,1.0,0
HydraulicSystems,0,cooler_condition,SensorMeanStd Centroid,567,85050,85350,20,20,1,1.0,0
HydraulicSystems,0,cooler_condition,SensorMeanStd Centroid,568,85200,85500,20,20,1,1.0,1
HydraulicSystems,0,cooler_condition,SensorMeanStd Centroid,571,85650,85950,20,20,1,1.0,0
HydraulicSystems,0,cooler_condition,SensorMeanStd Centroid,572,85800,86100,20,20,1,1.0,0
HydraulicSystems,0,cooler_condition,SensorMeanStd Centroid,574,86100,86400,20,20,1,1.0,0
HydraulicSystems,0,cooler_condition,SensorMeanStd Centroid,575,86250,86550,20,20,1,1.0,0
HydraulicSystems,0,cooler_condition,SensorMeanStd Centroid,576,86400,86700,20,20,1,1.0,0
HydraulicSystems,0,cooler_condition,SensorMeanStd Centroid,578,86700,87000,20,20,1,1.0,0
HydraulicSystems,0,cooler_condition,SensorMeanStd Centroid,579,86850,87150,20,20,1,1.0,0
HydraulicSystems,0,cooler_condition,SensorMeanStd Centroid,582,87300,87600,20,20,1,1.0,0
HydraulicSystems,0,cooler_condition,SensorMeanStd Centroid,583,87450,87750,20,20,1,1.0,0
HydraulicSystems,0,cooler_condition,SensorMeanStd Centroid,584,87600,87900,20,20,1,0.8,1
HydraulicSystems,0,cooler_condition,SensorMeanStd Centroid,585,87750,88050,100,20,0,0.7,1
HydraulicSystems,0,cooler_condition,SensorMeanStd Centroid,590,88500,88800,100,100,1,1.0,0
HydraulicSystems,0,cooler_condition,SensorMeanStd Centroid,591,88650,88950,100,100,1,1.0,1
HydraulicSystems,0,cooler_condition,SensorMeanStd Centroid,593,88950,89250,100,100,1,1.0,0
HydraulicSystems,0,cooler_condition,SensorMeanStd Centroid,595,89250,89550,100,100,1,1.0,0
HydraulicSystems,0,cooler_condition,SensorMeanStd Centroid,598,89700,90000,100,100,1,1.0,0
HydraulicSystems,0,cooler_condition,SensorMeanStd Centroid,599,89850,90150,100,100,1,1.0,0
HydraulicSystems,0,cooler_condition,SensorMeanStd Centroid,602,90300,90600,100,100,1,1.0,0
HydraulicSystems,0,cooler_condition,SensorMeanStd Centroid,603,90450,90750,100,100,1,1.0,0
HydraulicSystems,0,cooler_condition,SensorMeanStd Centroid,610,91500,91800,100,100,1,1.0,0
HydraulicSystems,0,cooler_condition,SensorMeanStd Centroid,613,91950,92250,100,100,1,1.0,0
HydraulicSystems,0,cooler_condition,SensorMeanStd Centroid,616,92400,92700,100,100,1,1.0,0
HydraulicSystems,0,cooler_condition,SensorMeanStd Centroid,618,92700,93000,100,100,1,1.0,0
HydraulicSystems,0,cooler_condition,SensorMeanStd Centroid,620,93000,93300,100,100,1,1.0,0
HydraulicSystems,0,cooler_condition,SensorMeanStd Centroid,621,93150,93450,100,100,1,1.0,0
HydraulicSystems,0,cooler_condition,SensorMeanStd Centroid,622,93300,93600,100,100,1,1.0,0
HydraulicSystems,0,cooler_condition,SensorMeanStd Centroid,624,93600,93900,100,100,1,1.0,0
HydraulicSystems,0,cooler_condition,SensorMeanStd Centroid,626,93900,94200,100,100,1,1.0,0
HydraulicSystems,0,cooler_condition,SensorMeanStd Centroid,627,94050,94350,100,100,1,1.0,0
HydraulicSystems,0,cooler_condition,SensorMeanStd Centroid,628,94200,94500,100,100,1,1.0,0
HydraulicSystems,0,cooler_condition,SensorMeanStd Centroid,629,94350,94650,100,100,1,1.0,0
HydraulicSystems,0,cooler_condition,SensorMeanStd Centroid,630,94500,94800,100,100,1,1.0,0
HydraulicSystems,0,cooler_condition,SensorMeanStd Centroid,631,94650,94950,100,100,1,1.0,0
HydraulicSystems,0,cooler_condition,SensorMeanStd Centroid,632,94800,95100,100,100,1,1.0,0
HydraulicSystems,0,cooler_condition,SensorMeanStd Centroid,635,95250,95550,100,100,1,1.0,0
HydraulicSystems,0,cooler_condition,SensorMeanStd Centroid,637,95550,95850,100,100,1,1.0,0
HydraulicSystems,0,cooler_condition,SensorMeanStd Centroid,639,95850,96150,100,100,1,1.0,0
HydraulicSystems,0,cooler_condition,SensorMeanStd Centroid,645,96750,97050,100,100,1,1.0,0
HydraulicSystems,0,cooler_condition,SensorMeanStd Centroid,646,96900,97200,100,100,1,1.0,0
HydraulicSystems,0,cooler_condition,SensorMeanStd Centroid,648,97200,97500,100,100,1,1.0,0
HydraulicSystems,0,cooler_condition,SensorMeanStd Centroid,649,97350,97650,100,100,1,1.0,0
HydraulicSystems,0,cooler_condition,SensorMeanStd Centroid,650,97500,97800,100,100,1,1.0,0
HydraulicSystems,0,cooler_condition,SensorMeanStd Centroid,653,97950,98250,100,100,1,1.0,0
HydraulicSystems,0,cooler_condition,SensorMeanStd Centroid,655,98250,98550,100,100,1,1.0,0
HydraulicSystems,0,cooler_condition,SensorMeanStd Centroid,656,98400,98700,100,100,1,1.0,0
HydraulicSystems,0,cooler_condition,SensorMeanStd Centroid,657,98550,98850,100,100,1,1.0,0
HydraulicSystems,0,cooler_condition,SensorMeanStd Centroid,659,98850,99150,100,100,1,1.0,0
HydraulicSystems,0,cooler_condition,SensorMeanStd Centroid,660,99000,99300,100,100,1,1.0,0
HydraulicSystems,0,cooler_condition,SensorMeanStd Centroid,667,100050,100350,100,100,1,1.0,0
HydraulicSystems,0,cooler_condition,SensorMeanStd Centroid,668,100200,100500,100,100,1,1.0,0
HydraulicSystems,0,cooler_condition,SensorMeanStd Centroid,669,100350,100650,100,100,1,1.0,0
HydraulicSystems,0,cooler_condition,SensorMeanStd Centroid,675,101250,101550,100,100,1,1.0,0
HydraulicSystems,0,cooler_condition,SensorMeanStd Centroid,676,101400,101700,100,100,1,1.0,0
HydraulicSystems,0,cooler_condition,SensorMeanStd Centroid,677,101550,101850,100,100,1,1.0,0
HydraulicSystems,0,cooler_condition,SensorMeanStd Centroid,678,101700,102000,100,100,1,1.0,0
HydraulicSystems,0,cooler_condition,SensorMeanStd Centroid,679,101850,102150,100,100,1,1.0,0
HydraulicSystems,0,cooler_condition,SensorMeanStd Centroid,682,102300,102600,100,100,1,1.0,0
HydraulicSystems,0,cooler_condition,SensorMeanStd Centroid,683,102450,102750,100,100,1,1.0,0
HydraulicSystems,0,cooler_condition,SensorMeanStd Centroid,684,102600,102900,100,100,1,1.0,0
HydraulicSystems,0,cooler_condition,SensorMeanStd Centroid,687,103050,103350,100,100,1,1.0,0
HydraulicSystems,0,cooler_condition,SensorMeanStd Centroid,688,103200,103500,100,100,1,1.0,0
HydraulicSystems,0,cooler_condition,SensorMeanStd Centroid,691,103650,103950,100,100,1,1.0,0
HydraulicSystems,0,cooler_condition,SensorMeanStd Centroid,692,103800,104100,100,100,1,1.0,0
HydraulicSystems,0,cooler_condition,SensorMeanStd Centroid,694,104100,104400,100,100,1,1.0,0
HydraulicSystems,0,cooler_condition,SensorMeanStd Centroid,696,104400,104700,100,100,1,1.0,0
HydraulicSystems,0,cooler_condition,SensorMeanStd Centroid,701,105150,105450,100,100,1,1.0,0
HydraulicSystems,0,cooler_condition,SensorMeanStd Centroid,702,105300,105600,100,100,1,1.0,0
HydraulicSystems,0,cooler_condition,SensorMeanStd Centroid,703,105450,105750,100,100,1,1.0,0
HydraulicSystems,0,cooler_condition,SensorMeanStd Centroid,704,105600,105900,100,100,1,1.0,0
HydraulicSystems,0,cooler_condition,SensorMeanStd Centroid,706,105900,106200,100,100,1,1.0,0
HydraulicSystems,0,cooler_condition,SensorMeanStd Centroid,707,106050,106350,100,100,1,1.0,0
HydraulicSystems,0,cooler_condition,SensorMeanStd Centroid,708,106200,106500,100,100,1,1.0,0
HydraulicSystems,0,cooler_condition,SensorMeanStd Centroid,709,106350,106650,100,100,1,1.0,0
HydraulicSystems,0,cooler_condition,SensorMeanStd Centroid,711,106650,106950,100,100,1,1.0,0
HydraulicSystems,0,cooler_condition,SensorMeanStd Centroid,713,106950,107250,100,100,1,1.0,0
HydraulicSystems,0,cooler_condition,SensorMeanStd Centroid,715,107250,107550,100,100,1,1.0,0
HydraulicSystems,0,cooler_condition,SensorMeanStd Centroid,717,107550,107850,100,100,1,1.0,0
HydraulicSystems,0,cooler_condition,SensorMeanStd Centroid,718,107700,108000,100,100,1,1.0,0
HydraulicSystems,0,cooler_condition,SensorMeanStd Centroid,723,108450,108750,100,100,1,1.0,0
HydraulicSystems,0,cooler_condition,SensorMeanStd Centroid,725,108750,109050,100,100,1,1.0,0
HydraulicSystems,0,cooler_condition,SensorMeanStd Centroid,726,108900,109200,100,100,1,1.0,0
HydraulicSystems,0,cooler_condition,SensorMeanStd Centroid,729,109350,109650,100,100,1,1.0,0
HydraulicSystems,0,cooler_condition,SensorMeanStd Centroid,732,109800,110100,100,100,1,1.0,0
HydraulicSystems,0,cooler_condition,SensorMeanStd Centroid,733,109950,110250,100,100,1,1.0,0
HydraulicSystems,0,cooler_condition,SensorMeanStd Centroid,734,110100,110400,100,100,1,1.0,0
HydraulicSystems,0,cooler_condition,SensorMeanStd Centroid,735,110250,110550,100,100,1,1.0,0
HydraulicSystems,0,cooler_condition,SensorMeanStd Centroid,736,110400,110700,100,100,1,1.0,0
HydraulicSystems,0,cooler_condition,SensorMeanStd Centroid,737,110550,110850,100,100,1,1.0,0
HydraulicSystems,0,cooler_condition,SensorMeanStd Centroid,740,111000,111300,100,100,1,1.0,0
HydraulicSystems,0,cooler_condition,SensorMeanStd Centroid,744,111600,111900,100,100,1,1.0,0
HydraulicSystems,0,cooler_condition,SensorMeanStd Centroid,745,111750,112050,100,100,1,1.0,0
HydraulicSystems,0,cooler_condition,SensorMeanStd Centroid,746,111900,112200,100,100,1,1.0,0
HydraulicSystems,0,cooler_condition,SensorMeanStd Centroid,747,112050,112350,100,100,1,1.0,0
HydraulicSystems,0,cooler_condition,SensorMeanStd Centroid,749,112350,112650,100,100,1,1.0,0
HydraulicSystems,0,cooler_condition,SensorMeanStd Centroid,751,112650,112950,100,100,1,1.0,0
HydraulicSystems,0,cooler_condition,SensorMeanStd Centroid,752,112800,113100,100,100,1,1.0,0
HydraulicSystems,0,cooler_condition,SensorMeanStd Centroid,753,112950,113250,100,100,1,1.0,0
HydraulicSystems,0,cooler_condition,SensorMeanStd Centroid,755,113250,113550,100,100,1,1.0,0
HydraulicSystems,0,cooler_condition,SensorMeanStd Centroid,758,113700,114000,100,100,1,1.0,0
HydraulicSystems,0,cooler_condition,SensorMeanStd Centroid,764,114600,114900,100,100,1,1.0,0
HydraulicSystems,0,cooler_condition,SensorMeanStd Centroid,766,114900,115200,100,100,1,1.0,0
HydraulicSystems,0,cooler_condition,SensorMeanStd Centroid,767,115050,115350,100,100,1,1.0,0
HydraulicSystems,0,cooler_condition,SensorMeanStd Centroid,770,115500,115800,100,100,1,1.0,0
HydraulicSystems,0,cooler_condition,SensorMeanStd Centroid,775,116250,116550,100,100,1,1.0,0
HydraulicSystems,0,cooler_condition,SensorMeanStd Centroid,777,116550,116850,100,100,1,1.0,0
HydraulicSystems,0,cooler_condition,SensorMeanStd Centroid,780,117000,117300,100,100,1,1.0,0
HydraulicSystems,0,cooler_condition,SensorMeanStd Centroid,781,117150,117450,100,100,1,1.0,0
HydraulicSystems,0,cooler_condition,SensorMeanStd Centroid,783,117450,117750,100,100,1,1.0,0
HydraulicSystems,0,cooler_condition,SensorMeanStd Centroid,785,117750,118050,100,100,1,1.0,0
HydraulicSystems,0,cooler_condition,SensorMeanStd Centroid,786,117900,118200,100,100,1,1.0,0
HydraulicSystems,0,cooler_condition,SensorMeanStd Centroid,788,118200,118500,100,100,1,1.0,0
HydraulicSystems,0,cooler_condition,SensorMeanStd Centroid,789,118350,118650,100,100,1,1.0,0
HydraulicSystems,0,cooler_condition,SensorMeanStd Centroid,790,118500,118800,100,100,1,1.0,0
HydraulicSystems,0,cooler_condition,SensorMeanStd Centroid,791,118650,118950,100,100,1,1.0,0
HydraulicSystems,0,cooler_condition,SensorMeanStd Centroid,793,118950,119250,100,100,1,1.0,0
HydraulicSystems,0,cooler_condition,SensorMeanStd Centroid,797,119550,119850,100,100,1,1.0,0
HydraulicSystems,0,cooler_condition,SensorMeanStd Centroid,798,119700,120000,100,100,1,1.0,0
HydraulicSystems,0,cooler_condition,SensorMeanStd Centroid,799,119850,120150,100,100,1,1.0,0
HydraulicSystems,0,cooler_condition,SensorMeanStd Centroid,800,120000,120300,100,100,1,1.0,0
HydraulicSystems,0,cooler_condition,SensorMeanStd Centroid,801,120150,120450,100,100,1,1.0,0
HydraulicSystems,0,cooler_condition,SensorMeanStd Centroid,804,120600,120900,100,100,1,1.0,0
HydraulicSystems,0,cooler_condition,SensorMeanStd Centroid,807,121050,121350,100,100,1,1.0,0
HydraulicSystems,0,cooler_condition,SensorMeanStd Centroid,808,121200,121500,100,100,1,1.0,0
HydraulicSystems,0,cooler_condition,SensorMeanStd Centroid,809,121350,121650,100,100,1,1.0,0
HydraulicSystems,0,cooler_condition,SensorMeanStd Centroid,810,121500,121800,100,100,1,1.0,0
HydraulicSystems,0,cooler_condition,SensorMeanStd Centroid,814,122100,122400,100,100,1,1.0,0
HydraulicSystems,0,cooler_condition,SensorMeanStd Centroid,815,122250,122550,100,100,1,1.0,0
HydraulicSystems,0,cooler_condition,SensorMeanStd Centroid,818,122700,123000,100,100,1,1.0,0
HydraulicSystems,0,cooler_condition,SensorMeanStd Centroid,820,123000,123300,100,100,1,1.0,0
HydraulicSystems,0,cooler_condition,SensorMeanStd Centroid,823,123450,123750,100,100,1,1.0,0
HydraulicSystems,0,cooler_condition,SensorMeanStd Centroid,827,124050,124350,100,100,1,1.0,0
HydraulicSystems,0,cooler_condition,SensorMeanStd Centroid,831,124650,124950,100,100,1,1.0,0
HydraulicSystems,0,cooler_condition,SensorMeanStd Centroid,832,124800,125100,100,100,1,1.0,0
HydraulicSystems,0,cooler_condition,SensorMeanStd Centroid,833,124950,125250,100,100,1,1.0,0
HydraulicSystems,0,cooler_condition,SensorMeanStd Centroid,836,125400,125700,100,100,1,1.0,0
HydraulicSystems,0,cooler_condition,SensorMeanStd Centroid,840,126000,126300,100,100,1,1.0,0
HydraulicSystems,0,cooler_condition,SensorMeanStd Centroid,841,126150,126450,100,100,1,1.0,0
HydraulicSystems,0,cooler_condition,SensorMeanStd Centroid,844,126600,126900,100,100,1,1.0,0
HydraulicSystems,0,cooler_condition,SensorMeanStd Centroid,845,126750,127050,100,100,1,1.0,0
HydraulicSystems,0,cooler_condition,SensorMeanStd Centroid,846,126900,127200,100,100,1,1.0,0
HydraulicSystems,0,cooler_condition,SensorMeanStd Centroid,847,127050,127350,100,100,1,1.0,0
HydraulicSystems,0,cooler_condition,SensorMeanStd Centroid,849,127350,127650,100,100,1,1.0,0
HydraulicSystems,0,cooler_condition,SensorMeanStd Centroid,851,127650,127950,100,100,1,1.0,0
HydraulicSystems,0,cooler_condition,SensorMeanStd Centroid,854,128100,128400,100,100,1,1.0,0
HydraulicSystems,0,cooler_condition,SensorMeanStd Centroid,856,128400,128700,100,100,1,1.0,0
HydraulicSystems,0,cooler_condition,SensorMeanStd Centroid,857,128550,128850,100,100,1,1.0,0
HydraulicSystems,0,cooler_condition,SensorMeanStd Centroid,859,128850,129150,100,100,1,1.0,0
HydraulicSystems,0,cooler_condition,SensorMeanStd Centroid,862,129300,129600,100,100,1,1.0,0
HydraulicSystems,0,cooler_condition,SensorMeanStd Centroid,864,129600,129900,100,100,1,1.0,0
HydraulicSystems,0,cooler_condition,SensorMeanStd Centroid,867,130050,130350,100,100,1,1.0,0
HydraulicSystems,0,cooler_condition,SensorMeanStd Centroid,868,130200,130500,100,100,1,1.0,0
HydraulicSystems,0,cooler_condition,SensorMeanStd Centroid,869,130350,130650,100,100,1,1.0,0
HydraulicSystems,0,cooler_condition,SensorMeanStd Centroid,871,130650,130950,100,100,1,1.0,0
HydraulicSystems,0,cooler_condition,SensorMeanStd Centroid,872,130800,131100,100,100,1,1.0,0
HydraulicSystems,0,cooler_condition,SensorMeanStd Centroid,873,130950,131250,100,100,1,1.0,0
HydraulicSystems,0,cooler_condition,SensorMeanStd Centroid,875,131250,131550,100,100,1,1.0,0
HydraulicSystems,0,cooler_condition,SensorMeanStd Centroid,876,131400,131700,100,100,1,1.0,0
HydraulicSystems,0,cooler_condition,SensorMeanStd Centroid,879,131850,132150,100,100,1,1.0,0
HydraulicSystems,0,cooler_condition,GraphFeature Centroid,1,150,450,3,3,1,1.0,1
HydraulicSystems,0,cooler_condition,GraphFeature Centroid,2,300,600,3,3,1,1.0,1
HydraulicSystems,0,cooler_condition,GraphFeature Centroid,4,600,900,3,3,1,1.0,1
HydraulicSystems,0,cooler_condition,GraphFeature Centroid,6,900,1200,3,20,0,1.0,1
HydraulicSystems,0,cooler_condition,GraphFeature Centroid,8,1200,1500,3,3,1,1.0,1
HydraulicSystems,0,cooler_condition,GraphFeature Centroid,9,1350,1650,3,3,1,1.0,1
HydraulicSystems,0,cooler_condition,GraphFeature Centroid,13,1950,2250,3,3,1,1.0,1
HydraulicSystems,0,cooler_condition,GraphFeature Centroid,14,2100,2400,3,3,1,1.0,1
HydraulicSystems,0,cooler_condition,GraphFeature Centroid,17,2550,2850,3,3,1,1.0,1
HydraulicSystems,0,cooler_condition,GraphFeature Centroid,18,2700,3000,3,3,1,1.0,1
HydraulicSystems,0,cooler_condition,GraphFeature Centroid,19,2850,3150,3,3,1,1.0,1
HydraulicSystems,0,cooler_condition,GraphFeature Centroid,22,3300,3600,3,3,1,1.0,1
HydraulicSystems,0,cooler_condition,GraphFeature Centroid,25,3750,4050,3,3,1,1.0,1
HydraulicSystems,0,cooler_condition,GraphFeature Centroid,26,3900,4200,3,3,1,1.0,1
HydraulicSystems,0,cooler_condition,GraphFeature Centroid,29,4350,4650,3,3,1,1.0,1
HydraulicSystems,0,cooler_condition,GraphFeature Centroid,31,4650,4950,3,3,1,1.0,1
HydraulicSystems,0,cooler_condition,GraphFeature Centroid,32,4800,5100,3,3,1,1.0,1
HydraulicSystems,0,cooler_condition,GraphFeature Centroid,33,4950,5250,3,3,1,1.0,1
HydraulicSystems,0,cooler_condition,GraphFeature Centroid,36,5400,5700,3,3,1,1.0,1
HydraulicSystems,0,cooler_condition,GraphFeature Centroid,38,5700,6000,3,3,1,1.0,1
HydraulicSystems,0,cooler_condition,GraphFeature Centroid,42,6300,6600,3,3,1,1.0,1
HydraulicSystems,0,cooler_condition,GraphFeature Centroid,44,6600,6900,3,3,1,1.0,1
HydraulicSystems,0,cooler_condition,GraphFeature Centroid,46,6900,7200,3,3,1,1.0,1
HydraulicSystems,0,cooler_condition,GraphFeature Centroid,49,7350,7650,3,3,1,1.0,1
HydraulicSystems,0,cooler_condition,GraphFeature Centroid,50,7500,7800,3,3,1,1.0,1
HydraulicSystems,0,cooler_condition,GraphFeature Centroid,51,7650,7950,3,3,1,1.0,1
HydraulicSystems,0,cooler_condition,GraphFeature Centroid,52,7800,8100,3,3,1,1.0,1
HydraulicSystems,0,cooler_condition,GraphFeature Centroid,53,7950,8250,3,3,1,1.0,1
HydraulicSystems,0,cooler_condition,GraphFeature Centroid,54,8100,8400,3,3,1,1.0,1
HydraulicSystems,0,cooler_condition,GraphFeature Centroid,55,8250,8550,3,20,0,1.0,0
HydraulicSystems,0,cooler_condition,GraphFeature Centroid,56,8400,8700,3,20,0,1.0,0
HydraulicSystems,0,cooler_condition,GraphFeature Centroid,59,8850,9150,3,3,1,1.0,1
HydraulicSystems,0,cooler_condition,GraphFeature Centroid,60,9000,9300,3,3,1,1.0,1
HydraulicSystems,0,cooler_condition,GraphFeature Centroid,66,9900,10200,3,3,1,1.0,1
HydraulicSystems,0,cooler_condition,GraphFeature Centroid,67,10050,10350,3,3,1,1.0,1
HydraulicSystems,0,cooler_condition,GraphFeature Centroid,68,10200,10500,3,3,1,1.0,1
HydraulicSystems,0,cooler_condition,GraphFeature Centroid,69,10350,10650,3,3,1,1.0,1
HydraulicSystems,0,cooler_condition,GraphFeature Centroid,70,10500,10800,3,3,1,1.0,1
HydraulicSystems,0,cooler_condition,GraphFeature Centroid,71,10650,10950,3,3,1,1.0,1
HydraulicSystems,0,cooler_condition,GraphFeature Centroid,73,10950,11250,3,3,1,1.0,1
HydraulicSystems,0,cooler_condition,GraphFeature Centroid,74,11100,11400,3,3,1,1.0,1
HydraulicSystems,0,cooler_condition,GraphFeature Centroid,76,11400,11700,3,3,1,1.0,1
HydraulicSystems,0,cooler_condition,GraphFeature Centroid,79,11850,12150,3,3,1,1.0,1
HydraulicSystems,0,cooler_condition,GraphFeature Centroid,81,12150,12450,3,3,1,1.0,1
HydraulicSystems,0,cooler_condition,GraphFeature Centroid,84,12600,12900,3,3,1,1.0,1
HydraulicSystems,0,cooler_condition,GraphFeature Centroid,89,13350,13650,3,3,1,1.0,1
HydraulicSystems,0,cooler_condition,GraphFeature Centroid,91,13650,13950,3,3,1,1.0,1
HydraulicSystems,0,cooler_condition,GraphFeature Centroid,94,14100,14400,3,3,1,1.0,1
HydraulicSystems,0,cooler_condition,GraphFeature Centroid,96,14400,14700,3,3,1,1.0,1
HydraulicSystems,0,cooler_condition,GraphFeature Centroid,98,14700,15000,3,3,1,1.0,1
HydraulicSystems,0,cooler_condition,GraphFeature Centroid,100,15000,15300,3,3,1,1.0,1
HydraulicSystems,0,cooler_condition,GraphFeature Centroid,102,15300,15600,3,20,0,1.0,1
HydraulicSystems,0,cooler_condition,GraphFeature Centroid,104,15600,15900,3,3,1,1.0,1
HydraulicSystems,0,cooler_condition,GraphFeature Centroid,105,15750,16050,3,3,1,1.0,1
HydraulicSystems,0,cooler_condition,GraphFeature Centroid,106,15900,16200,3,20,0,1.0,1
HydraulicSystems,0,cooler_condition,GraphFeature Centroid,110,16500,16800,3,3,1,1.0,1
HydraulicSystems,0,cooler_condition,GraphFeature Centroid,112,16800,17100,3,3,1,1.0,1
HydraulicSystems,0,cooler_condition,GraphFeature Centroid,113,16950,17250,3,3,1,1.0,1
HydraulicSystems,0,cooler_condition,GraphFeature Centroid,116,17400,17700,3,3,1,1.0,1
HydraulicSystems,0,cooler_condition,GraphFeature Centroid,121,18150,18450,3,3,1,1.0,1
HydraulicSystems,0,cooler_condition,GraphFeature Centroid,125,18750,19050,3,3,1,1.0,1
HydraulicSystems,0,cooler_condition,GraphFeature Centroid,126,18900,19200,3,3,1,1.0,1
HydraulicSystems,0,cooler_condition,GraphFeature Centroid,130,19500,19800,3,3,1,1.0,1
HydraulicSystems,0,cooler_condition,GraphFeature Centroid,131,19650,19950,3,3,1,1.0,1
HydraulicSystems,0,cooler_condition,GraphFeature Centroid,132,19800,20100,3,3,1,1.0,1
HydraulicSystems,0,cooler_condition,GraphFeature Centroid,134,20100,20400,3,3,1,1.0,1
HydraulicSystems,0,cooler_condition,GraphFeature Centroid,137,20550,20850,3,3,1,1.0,1
HydraulicSystems,0,cooler_condition,GraphFeature Centroid,141,21150,21450,3,3,1,1.0,1
HydraulicSystems,0,cooler_condition,GraphFeature Centroid,143,21450,21750,3,3,1,1.0,1
HydraulicSystems,0,cooler_condition,GraphFeature Centroid,144,21600,21900,3,3,1,1.0,1
HydraulicSystems,0,cooler_condition,GraphFeature Centroid,146,21900,22200,3,3,1,1.0,1
HydraulicSystems,0,cooler_condition,GraphFeature Centroid,147,22050,22350,3,3,1,1.0,1
HydraulicSystems,0,cooler_condition,GraphFeature Centroid,151,22650,22950,3,3,1,1.0,1
HydraulicSystems,0,cooler_condition,GraphFeature Centroid,152,22800,23100,3,3,1,1.0,1
HydraulicSystems,0,cooler_condition,GraphFeature Centroid,154,23100,23400,3,3,1,1.0,1
HydraulicSystems,0,cooler_condition,GraphFeature Centroid,155,23250,23550,3,3,1,1.0,1
HydraulicSystems,0,cooler_condition,GraphFeature Centroid,156,23400,23700,3,3,1,1.0,1
HydraulicSystems,0,cooler_condition,GraphFeature Centroid,159,23850,24150,3,3,1,1.0,1
HydraulicSystems,0,cooler_condition,GraphFeature Centroid,162,24300,24600,3,3,1,1.0,1
HydraulicSystems,0,cooler_condition,GraphFeature Centroid,164,24600,24900,3,3,1,1.0,1
HydraulicSystems,0,cooler_condition,GraphFeature Centroid,167,25050,25350,3,3,1,1.0,1
HydraulicSystems,0,cooler_condition,GraphFeature Centroid,169,25350,25650,3,3,1,1.0,1
HydraulicSystems,0,cooler_condition,GraphFeature Centroid,170,25500,25800,3,3,1,1.0,1
HydraulicSystems,0,cooler_condition,GraphFeature Centroid,172,25800,26100,3,3,1,1.0,1
HydraulicSystems,0,cooler_condition,GraphFeature Centroid,173,25950,26250,3,3,1,1.0,1
HydraulicSystems,0,cooler_condition,GraphFeature Centroid,174,26100,26400,3,3,1,1.0,1
HydraulicSystems,0,cooler_condition,GraphFeature Centroid,176,26400,26700,3,3,1,1.0,1
HydraulicSystems,0,cooler_condition,GraphFeature Centroid,177,26550,26850,3,3,1,1.0,1
HydraulicSystems,0,cooler_condition,GraphFeature Centroid,180,27000,27300,3,3,1,1.0,1
HydraulicSystems,0,cooler_condition,GraphFeature Centroid,181,27150,27450,3,3,1,1.0,1
HydraulicSystems,0,cooler_condition,GraphFeature Centroid,182,27300,27600,3,3,1,1.0,1
HydraulicSystems,0,cooler_condition,GraphFeature Centroid,183,27450,27750,3,3,1,1.0,1
HydraulicSystems,0,cooler_condition,GraphFeature Centroid,184,27600,27900,3,3,1,1.0,1
HydraulicSystems,0,cooler_condition,GraphFeature Centroid,190,28500,28800,3,3,1,1.0,1
HydraulicSystems,0,cooler_condition,GraphFeature Centroid,191,28650,28950,3,3,1,1.0,1
HydraulicSystems,0,cooler_condition,GraphFeature Centroid,192,28800,29100,3,3,1,1.0,1
HydraulicSystems,0,cooler_condition,GraphFeature Centroid,193,28950,29250,3,3,1,1.0,1
HydraulicSystems,0,cooler_condition,GraphFeature Centroid,195,29250,29550,3,3,1,1.0,1
HydraulicSystems,0,cooler_condition,GraphFeature Centroid,197,29550,29850,3,3,1,1.0,1
HydraulicSystems,0,cooler_condition,GraphFeature Centroid,199,29850,30150,3,3,1,1.0,1
HydraulicSystems,0,cooler_condition,GraphFeature Centroid,201,30150,30450,3,3,1,1.0,1
HydraulicSystems,0,cooler_condition,GraphFeature Centroid,202,30300,30600,3,3,1,1.0,1
HydraulicSystems,0,cooler_condition,GraphFeature Centroid,203,30450,30750,3,3,1,1.0,1
HydraulicSystems,0,cooler_condition,GraphFeature Centroid,205,30750,31050,3,3,1,1.0,1
HydraulicSystems,0,cooler_condition,GraphFeature Centroid,207,31050,31350,3,3,1,1.0,1
HydraulicSystems,0,cooler_condition,GraphFeature Centroid,208,31200,31500,3,3,1,1.0,1
HydraulicSystems,0,cooler_condition,GraphFeature Centroid,210,31500,31800,3,3,1,1.0,1
HydraulicSystems,0,cooler_condition,GraphFeature Centroid,212,31800,32100,3,3,1,1.0,1
HydraulicSystems,0,cooler_condition,GraphFeature Centroid,213,31950,32250,3,3,1,1.0,1
HydraulicSystems,0,cooler_condition,GraphFeature Centroid,218,32700,33000,3,3,1,1.0,0
HydraulicSystems,0,cooler_condition,GraphFeature Centroid,221,33150,33450,3,3,1,1.0,1
HydraulicSystems,0,cooler_condition,GraphFeature Centroid,222,33300,33600,3,3,1,1.0,1
HydraulicSystems,0,cooler_condition,GraphFeature Centroid,223,33450,33750,3,3,1,1.0,1
HydraulicSystems,0,cooler_condition,GraphFeature Centroid,225,33750,34050,3,3,1,1.0,1
HydraulicSystems,0,cooler_condition,GraphFeature Centroid,226,33900,34200,3,3,1,1.0,1
HydraulicSystems,0,cooler_condition,GraphFeature Centroid,229,34350,34650,3,3,1,1.0,1
HydraulicSystems,0,cooler_condition,GraphFeature Centroid,230,34500,34800,3,3,1,1.0,1
HydraulicSystems,0,cooler_condition,GraphFeature Centroid,239,35850,36150,3,3,1,1.0,1
HydraulicSystems,0,cooler_condition,GraphFeature Centroid,240,36000,36300,3,3,1,1.0,1
HydraulicSystems,0,cooler_condition,GraphFeature Centroid,241,36150,36450,3,3,1,1.0,1
HydraulicSystems,0,cooler_condition,GraphFeature Centroid,242,36300,36600,3,3,1,1.0,1
HydraulicSystems,0,cooler_condition,GraphFeature Centroid,243,36450,36750,3,3,1,1.0,1
HydraulicSystems,0,cooler_condition,GraphFeature Centroid,244,36600,36900,3,3,1,1.0,1
HydraulicSystems,0,cooler_condition,GraphFeature Centroid,245,36750,37050,3,3,1,1.0,1
HydraulicSystems,0,cooler_condition,GraphFeature Centroid,247,37050,37350,3,3,1,1.0,1
HydraulicSystems,0,cooler_condition,GraphFeature Centroid,251,37650,37950,3,3,1,1.0,1
HydraulicSystems,0,cooler_condition,GraphFeature Centroid,256,38400,38700,3,3,1,1.0,1
HydraulicSystems,0,cooler_condition,GraphFeature Centroid,257,38550,38850,3,3,1,1.0,1
HydraulicSystems,0,cooler_condition,GraphFeature Centroid,261,39150,39450,3,3,1,1.0,1
HydraulicSystems,0,cooler_condition,GraphFeature Centroid,262,39300,39600,3,3,1,1.0,1
HydraulicSystems,0,cooler_condition,GraphFeature Centroid,263,39450,39750,3,3,1,1.0,1
HydraulicSystems,0,cooler_condition,GraphFeature Centroid,264,39600,39900,3,3,1,1.0,1
HydraulicSystems,0,cooler_condition,GraphFeature Centroid,267,40050,40350,3,3,1,1.0,1
HydraulicSystems,0,cooler_condition,GraphFeature Centroid,268,40200,40500,3,3,1,1.0,1
HydraulicSystems,0,cooler_condition,GraphFeature Centroid,270,40500,40800,3,3,1,1.0,1
HydraulicSystems,0,cooler_condition,GraphFeature Centroid,273,40950,41250,3,3,1,1.0,1
HydraulicSystems,0,cooler_condition,GraphFeature Centroid,274,41100,41400,3,3,1,1.0,1
HydraulicSystems,0,cooler_condition,GraphFeature Centroid,278,41700,42000,3,3,1,1.0,1
HydraulicSystems,0,cooler_condition,GraphFeature Centroid,280,42000,42300,3,3,1,1.0,1
HydraulicSystems,0,cooler_condition,GraphFeature Centroid,283,42450,42750,3,3,1,1.0,1
HydraulicSystems,0,cooler_condition,GraphFeature Centroid,284,42600,42900,3,3,1,1.0,1
HydraulicSystems,0,cooler_condition,GraphFeature Centroid,286,42900,43200,3,3,1,1.0,1
HydraulicSystems,0,cooler_condition,GraphFeature Centroid,287,43050,43350,3,3,1,1.0,1
HydraulicSystems,0,cooler_condition,GraphFeature Centroid,288,43200,43500,3,3,1,1.0,1
HydraulicSystems,0,cooler_condition,GraphFeature Centroid,290,43500,43800,3,3,1,1.0,1
HydraulicSystems,0,cooler_condition,GraphFeature Centroid,291,43650,43950,3,3,1,0.9,1
HydraulicSystems,0,cooler_condition,GraphFeature Centroid,293,43950,44250,20,3,0,1.0,1
HydraulicSystems,0,cooler_condition,GraphFeature Centroid,295,44250,44550,20,3,0,1.0,1
HydraulicSystems,0,cooler_condition,GraphFeature Centroid,296,44400,44700,20,3,0,1.0,1
HydraulicSystems,0,cooler_condition,GraphFeature Centroid,297,44550,44850,20,3,0,1.0,1
HydraulicSystems,0,cooler_condition,GraphFeature Centroid,299,44850,45150,20,20,1,1.0,1
HydraulicSystems,0,cooler_condition,GraphFeature Centroid,300,45000,45300,20,3,0,1.0,1
HydraulicSystems,0,cooler_condition,GraphFeature Centroid,304,45600,45900,20,20,1,1.0,1
HydraulicSystems,0,cooler_condition,GraphFeature Centroid,305,45750,46050,20,20,1,1.0,1
HydraulicSystems,0,cooler_condition,GraphFeature Centroid,306,45900,46200,20,20,1,1.0,1
HydraulicSystems,0,cooler_condition,GraphFeature Centroid,308,46200,46500,20,20,1,1.0,0
HydraulicSystems,0,cooler_condition,GraphFeature Centroid,309,46350,46650,20,20,1,1.0,1
HydraulicSystems,0,cooler_condition,GraphFeature Centroid,310,46500,46800,20,20,1,1.0,0
HydraulicSystems,0,cooler_condition,GraphFeature Centroid,312,46800,47100,20,20,1,1.0,0
HydraulicSystems,0,cooler_condition,GraphFeature Centroid,313,46950,47250,20,20,1,1.0,0
HydraulicSystems,0,cooler_condition,GraphFeature Centroid,315,47250,47550,20,20,1,1.0,1
HydraulicSystems,0,cooler_condition,GraphFeature Centroid,318,47700,48000,20,20,1,1.0,0
HydraulicSystems,0,cooler_condition,GraphFeature Centroid,319,47850,48150,20,20,1,1.0,0
HydraulicSystems,0,cooler_condition,GraphFeature Centroid,320,48000,48300,20,20,1,1.0,0
HydraulicSystems,0,cooler_condition,GraphFeature Centroid,326,48900,49200,20,20,1,1.0,0
HydraulicSystems,0,cooler_condition,GraphFeature Centroid,327,49050,49350,20,20,1,1.0,0
HydraulicSystems,0,cooler_condition,GraphFeature Centroid,328,49200,49500,20,20,1,1.0,0
HydraulicSystems,0,cooler_condition,GraphFeature Centroid,332,49800,50100,20,20,1,1.0,0
HydraulicSystems,0,cooler_condition,GraphFeature Centroid,333,49950,50250,20,20,1,1.0,0
HydraulicSystems,0,cooler_condition,GraphFeature Centroid,334,50100,50400,20,20,1,1.0,0
HydraulicSystems,0,cooler_condition,GraphFeature Centroid,337,50550,50850,20,20,1,1.0,0
HydraulicSystems,0,cooler_condition,GraphFeature Centroid,338,50700,51000,20,20,1,1.0,0
HydraulicSystems,0,cooler_condition,GraphFeature Centroid,340,51000,51300,20,20,1,1.0,0
HydraulicSystems,0,cooler_condition,GraphFeature Centroid,341,51150,51450,20,20,1,1.0,0
HydraulicSystems,0,cooler_condition,GraphFeature Centroid,342,51300,51600,20,20,1,1.0,0
HydraulicSystems,0,cooler_condition,GraphFeature Centroid,343,51450,51750,20,20,1,1.0,0
HydraulicSystems,0,cooler_condition,GraphFeature Centroid,346,51900,52200,20,20,1,1.0,1
HydraulicSystems,0,cooler_condition,GraphFeature Centroid,348,52200,52500,20,3,0,1.0,1
HydraulicSystems,0,cooler_condition,GraphFeature Centroid,350,52500,52800,20,20,1,1.0,0
HydraulicSystems,0,cooler_condition,GraphFeature Centroid,354,53100,53400,20,20,1,1.0,0
HydraulicSystems,0,cooler_condition,GraphFeature Centroid,355,53250,53550,20,20,1,1.0,0
HydraulicSystems,0,cooler_condition,GraphFeature Centroid,358,53700,54000,20,20,1,1.0,0
HydraulicSystems,0,cooler_condition,GraphFeature Centroid,360,54000,54300,20,20,1,1.0,0
HydraulicSystems,0,cooler_condition,GraphFeature Centroid,361,54150,54450,20,20,1,1.0,0
HydraulicSystems,0,cooler_condition,GraphFeature Centroid,363,54450,54750,20,20,1,1.0,0
HydraulicSystems,0,cooler_condition,GraphFeature Centroid,364,54600,54900,20,20,1,1.0,0
HydraulicSystems,0,cooler_condition,GraphFeature Centroid,369,55350,55650,20,20,1,1.0,0
HydraulicSystems,0,cooler_condition,GraphFeature Centroid,370,55500,55800,20,20,1,1.0,0
HydraulicSystems,0,cooler_condition,GraphFeature Centroid,372,55800,56100,20,20,1,1.0,1
HydraulicSystems,0,cooler_condition,GraphFeature Centroid,373,55950,56250,20,20,1,1.0,1
HydraulicSystems,0,cooler_condition,GraphFeature Centroid,377,56550,56850,20,20,1,1.0,0
HydraulicSystems,0,cooler_condition,GraphFeature Centroid,381,57150,57450,20,20,1,1.0,0
HydraulicSystems,0,cooler_condition,GraphFeature Centroid,382,57300,57600,20,20,1,1.0,0
HydraulicSystems,0,cooler_condition,GraphFeature Centroid,383,57450,57750,20,20,1,1.0,0
HydraulicSystems,0,cooler_condition,GraphFeature Centroid,384,57600,57900,20,20,1,1.0,0
HydraulicSystems,0,cooler_condition,GraphFeature Centroid,385,57750,58050,20,20,1,1.0,0
HydraulicSystems,0,cooler_condition,GraphFeature Centroid,386,57900,58200,20,20,1,1.0,0
HydraulicSystems,0,cooler_condition,GraphFeature Centroid,388,58200,58500,20,20,1,1.0,0
HydraulicSystems,0,cooler_condition,GraphFeature Centroid,389,58350,58650,20,20,1,1.0,0
HydraulicSystems,0,cooler_condition,GraphFeature Centroid,390,58500,58800,20,20,1,1.0,0
HydraulicSystems,0,cooler_condition,GraphFeature Centroid,391,58650,58950,20,20,1,1.0,0
HydraulicSystems,0,cooler_condition,GraphFeature Centroid,392,58800,59100,20,20,1,1.0,0
HydraulicSystems,0,cooler_condition,GraphFeature Centroid,397,59550,59850,20,20,1,1.0,1
HydraulicSystems,0,cooler_condition,GraphFeature Centroid,399,59850,60150,20,20,1,1.0,0
HydraulicSystems,0,cooler_condition,GraphFeature Centroid,401,60150,60450,20,20,1,1.0,0
HydraulicSystems,0,cooler_condition,GraphFeature Centroid,402,60300,60600,20,20,1,1.0,0
HydraulicSystems,0,cooler_condition,GraphFeature Centroid,403,60450,60750,20,20,1,1.0,0
HydraulicSystems,0,cooler_condition,GraphFeature Centroid,404,60600,60900,20,20,1,1.0,0
HydraulicSystems,0,cooler_condition,GraphFeature Centroid,405,60750,61050,20,20,1,1.0,0
HydraulicSystems,0,cooler_condition,GraphFeature Centroid,406,60900,61200,20,20,1,1.0,0
HydraulicSystems,0,cooler_condition,GraphFeature Centroid,407,61050,61350,20,20,1,1.0,0
HydraulicSystems,0,cooler_condition,GraphFeature Centroid,412,61800,62100,20,20,1,1.0,0
HydraulicSystems,0,cooler_condition,GraphFeature Centroid,415,62250,62550,20,20,1,1.0,0
HydraulicSystems,0,cooler_condition,GraphFeature Centroid,417,62550,62850,20,20,1,1.0,0
HydraulicSystems,0,cooler_condition,GraphFeature Centroid,418,62700,63000,20,20,1,1.0,0
HydraulicSystems,0,cooler_condition,GraphFeature Centroid,419,62850,63150,20,20,1,1.0,0
HydraulicSystems,0,cooler_condition,GraphFeature Centroid,421,63150,63450,20,20,1,1.0,0
HydraulicSystems,0,cooler_condition,GraphFeature Centroid,422,63300,63600,20,20,1,1.0,0
HydraulicSystems,0,cooler_condition,GraphFeature Centroid,423,63450,63750,20,20,1,1.0,0
HydraulicSystems,0,cooler_condition,GraphFeature Centroid,427,64050,64350,20,20,1,1.0,0
HydraulicSystems,0,cooler_condition,GraphFeature Centroid,430,64500,64800,20,20,1,1.0,0
HydraulicSystems,0,cooler_condition,GraphFeature Centroid,432,64800,65100,20,20,1,1.0,0
HydraulicSystems,0,cooler_condition,GraphFeature Centroid,434,65100,65400,20,20,1,1.0,0
HydraulicSystems,0,cooler_condition,GraphFeature Centroid,437,65550,65850,20,20,1,1.0,0
HydraulicSystems,0,cooler_condition,GraphFeature Centroid,442,66300,66600,20,20,1,1.0,0
HydraulicSystems,0,cooler_condition,GraphFeature Centroid,444,66600,66900,20,20,1,1.0,0
HydraulicSystems,0,cooler_condition,GraphFeature Centroid,445,66750,67050,20,20,1,1.0,0
HydraulicSystems,0,cooler_condition,GraphFeature Centroid,446,66900,67200,20,20,1,1.0,0
HydraulicSystems,0,cooler_condition,GraphFeature Centroid,448,67200,67500,20,100,0,1.0,0
HydraulicSystems,0,cooler_condition,GraphFeature Centroid,451,67650,67950,20,20,1,1.0,0
HydraulicSystems,0,cooler_condition,GraphFeature Centroid,452,67800,68100,20,20,1,1.0,1
HydraulicSystems,0,cooler_condition,GraphFeature Centroid,453,67950,68250,20,20,1,1.0,0
HydraulicSystems,0,cooler_condition,GraphFeature Centroid,454,68100,68400,20,20,1,1.0,0
HydraulicSystems,0,cooler_condition,GraphFeature Centroid,456,68400,68700,20,20,1,1.0,0
HydraulicSystems,0,cooler_condition,GraphFeature Centroid,458,68700,69000,20,20,1,1.0,0
HydraulicSystems,0,cooler_condition,GraphFeature Centroid,463,69450,69750,20,20,1,1.0,0
HydraulicSystems,0,cooler_condition,GraphFeature Centroid,465,69750,70050,20,20,1,1.0,0
HydraulicSystems,0,cooler_condition,GraphFeature Centroid,466,69900,70200,20,20,1,1.0,0
HydraulicSystems,0,cooler_condition,GraphFeature Centroid,468,70200,70500,20,3,0,1.0,1
HydraulicSystems,0,cooler_condition,GraphFeature Centroid,469,70350,70650,20,20,1,1.0,1
HydraulicSystems,0,cooler_condition,GraphFeature Centroid,471,70650,70950,20,20,1,1.0,0
HydraulicSystems,0,cooler_condition,GraphFeature Centroid,473,70950,71250,20,20,1,1.0,0
HydraulicSystems,0,cooler_condition,GraphFeature Centroid,474,71100,71400,20,20,1,1.0,0
HydraulicSystems,0,cooler_condition,GraphFeature Centroid,476,71400,71700,20,20,1,1.0,0
HydraulicSystems,0,cooler_condition,GraphFeature Centroid,485,72750,73050,20,20,1,1.0,0
HydraulicSystems,0,cooler_condition,GraphFeature Centroid,486,72900,73200,20,20,1,1.0,0
HydraulicSystems,0,cooler_condition,GraphFeature Centroid,487,73050,73350,20,20,1,1.0,0
HydraulicSystems,0,cooler_condition,GraphFeature Centroid,488,73200,73500,20,20,1,1.0,0
HydraulicSystems,0,cooler_condition,GraphFeature Centroid,492,73800,74100,20,20,1,1.0,0
HydraulicSystems,0,cooler_condition,GraphFeature Centroid,495,74250,74550,20,20,1,1.0,0
HydraulicSystems,0,cooler_condition,GraphFeature Centroid,496,74400,74700,20,20,1,1.0,0
HydraulicSystems,0,cooler_condition,GraphFeature Centroid,497,74550,74850,20,20,1,1.0,0
HydraulicSystems,0,cooler_condition,GraphFeature Centroid,499,74850,75150,20,20,1,1.0,0
HydraulicSystems,0,cooler_condition,GraphFeature Centroid,500,75000,75300,20,20,1,1.0,0
HydraulicSystems,0,cooler_condition,GraphFeature Centroid,506,75900,76200,20,20,1,1.0,0
HydraulicSystems,0,cooler_condition,GraphFeature Centroid,508,76200,76500,20,20,1,1.0,0
HydraulicSystems,0,cooler_condition,GraphFeature Centroid,510,76500,76800,20,20,1,1.0,0
HydraulicSystems,0,cooler_condition,GraphFeature Centroid,512,76800,77100,20,20,1,1.0,0
HydraulicSystems,0,cooler_condition,GraphFeature Centroid,513,76950,77250,20,20,1,1.0,0
HydraulicSystems,0,cooler_condition,GraphFeature Centroid,518,77700,78000,20,20,1,1.0,0
HydraulicSystems,0,cooler_condition,GraphFeature Centroid,520,78000,78300,20,20,1,1.0,0
HydraulicSystems,0,cooler_condition,GraphFeature Centroid,522,78300,78600,20,20,1,1.0,0
HydraulicSystems,0,cooler_condition,GraphFeature Centroid,523,78450,78750,20,20,1,1.0,0
HydraulicSystems,0,cooler_condition,GraphFeature Centroid,524,78600,78900,20,20,1,1.0,0
HydraulicSystems,0,cooler_condition,GraphFeature Centroid,525,78750,79050,20,20,1,1.0,0
HydraulicSystems,0,cooler_condition,GraphFeature Centroid,530,79500,79800,20,20,1,1.0,0
HydraulicSystems,0,cooler_condition,GraphFeature Centroid,532,79800,80100,20,20,1,1.0,0
HydraulicSystems,0,cooler_condition,GraphFeature Centroid,535,80250,80550,20,20,1,1.0,0
HydraulicSystems,0,cooler_condition,GraphFeature Centroid,536,80400,80700,20,20,1,1.0,0
HydraulicSystems,0,cooler_condition,GraphFeature Centroid,537,80550,80850,20,20,1,1.0,0
HydraulicSystems,0,cooler_condition,GraphFeature Centroid,540,81000,81300,20,20,1,1.0,0
HydraulicSystems,0,cooler_condition,GraphFeature Centroid,542,81300,81600,20,20,1,1.0,0
HydraulicSystems,0,cooler_condition,GraphFeature Centroid,546,81900,82200,20,20,1,1.0,0
HydraulicSystems,0,cooler_condition,GraphFeature Centroid,550,82500,82800,20,20,1,1.0,0
HydraulicSystems,0,cooler_condition,GraphFeature Centroid,551,82650,82950,20,20,1,1.0,0
HydraulicSystems,0,cooler_condition,GraphFeature Centroid,553,82950,83250,20,20,1,1.0,0
HydraulicSystems,0,cooler_condition,GraphFeature Centroid,560,84000,84300,20,20,1,1.0,0
HydraulicSystems,0,cooler_condition,GraphFeature Centroid,561,84150,84450,20,20,1,1.0,0
HydraulicSystems,0,cooler_condition,GraphFeature Centroid,564,84600,84900,20,20,1,1.0,0
HydraulicSystems,0,cooler_condition,GraphFeature Centroid,566,84900,85200,20,100,0,1.0,0
HydraulicSystems,0,cooler_condition,GraphFeature Centroid,567,85050,85350,20,20,1,1.0,0
HydraulicSystems,0,cooler_condition,GraphFeature Centroid,568,85200,85500,20,20,1,1.0,1
HydraulicSystems,0,cooler_condition,GraphFeature Centroid,571,85650,85950,20,20,1,1.0,0
HydraulicSystems,0,cooler_condition,GraphFeature Centroid,572,85800,86100,20,20,1,1.0,0
HydraulicSystems,0,cooler_condition,GraphFeature Centroid,574,86100,86400,20,20,1,1.0,0
HydraulicSystems,0,cooler_condition,GraphFeature Centroid,575,86250,86550,20,20,1,1.0,0
HydraulicSystems,0,cooler_condition,GraphFeature Centroid,576,86400,86700,20,20,1,1.0,0
HydraulicSystems,0,cooler_condition,GraphFeature Centroid,578,86700,87000,20,20,1,1.0,0
HydraulicSystems,0,cooler_condition,GraphFeature Centroid,579,86850,87150,20,20,1,1.0,0
HydraulicSystems,0,cooler_condition,GraphFeature Centroid,582,87300,87600,20,20,1,1.0,0
HydraulicSystems,0,cooler_condition,GraphFeature Centroid,583,87450,87750,20,20,1,1.0,0
HydraulicSystems,0,cooler_condition,GraphFeature Centroid,584,87600,87900,20,3,0,0.8,1
HydraulicSystems,0,cooler_condition,GraphFeature Centroid,585,87750,88050,100,3,0,0.7,1
HydraulicSystems,0,cooler_condition,GraphFeature Centroid,590,88500,88800,100,20,0,1.0,0
HydraulicSystems,0,cooler_condition,GraphFeature Centroid,591,88650,88950,100,3,0,1.0,1
HydraulicSystems,0,cooler_condition,GraphFeature Centroid,593,88950,89250,100,100,1,1.0,0
HydraulicSystems,0,cooler_condition,GraphFeature Centroid,595,89250,89550,100,100,1,1.0,0
HydraulicSystems,0,cooler_condition,GraphFeature Centroid,598,89700,90000,100,100,1,1.0,0
HydraulicSystems,0,cooler_condition,GraphFeature Centroid,599,89850,90150,100,100,1,1.0,0
HydraulicSystems,0,cooler_condition,GraphFeature Centroid,602,90300,90600,100,100,1,1.0,0
HydraulicSystems,0,cooler_condition,GraphFeature Centroid,603,90450,90750,100,100,1,1.0,0
HydraulicSystems,0,cooler_condition,GraphFeature Centroid,610,91500,91800,100,100,1,1.0,0
HydraulicSystems,0,cooler_condition,GraphFeature Centroid,613,91950,92250,100,100,1,1.0,0
HydraulicSystems,0,cooler_condition,GraphFeature Centroid,616,92400,92700,100,100,1,1.0,0
HydraulicSystems,0,cooler_condition,GraphFeature Centroid,618,92700,93000,100,100,1,1.0,0
HydraulicSystems,0,cooler_condition,GraphFeature Centroid,620,93000,93300,100,100,1,1.0,0
HydraulicSystems,0,cooler_condition,GraphFeature Centroid,621,93150,93450,100,100,1,1.0,0
HydraulicSystems,0,cooler_condition,GraphFeature Centroid,622,93300,93600,100,100,1,1.0,0
HydraulicSystems,0,cooler_condition,GraphFeature Centroid,624,93600,93900,100,100,1,1.0,0
HydraulicSystems,0,cooler_condition,GraphFeature Centroid,626,93900,94200,100,100,1,1.0,0
HydraulicSystems,0,cooler_condition,GraphFeature Centroid,627,94050,94350,100,100,1,1.0,0
HydraulicSystems,0,cooler_condition,GraphFeature Centroid,628,94200,94500,100,100,1,1.0,0
HydraulicSystems,0,cooler_condition,GraphFeature Centroid,629,94350,94650,100,100,1,1.0,0
HydraulicSystems,0,cooler_condition,GraphFeature Centroid,630,94500,94800,100,100,1,1.0,0
HydraulicSystems,0,cooler_condition,GraphFeature Centroid,631,94650,94950,100,100,1,1.0,0
HydraulicSystems,0,cooler_condition,GraphFeature Centroid,632,94800,95100,100,100,1,1.0,0
HydraulicSystems,0,cooler_condition,GraphFeature Centroid,635,95250,95550,100,100,1,1.0,0
HydraulicSystems,0,cooler_condition,GraphFeature Centroid,637,95550,95850,100,100,1,1.0,0
HydraulicSystems,0,cooler_condition,GraphFeature Centroid,639,95850,96150,100,100,1,1.0,0
HydraulicSystems,0,cooler_condition,GraphFeature Centroid,645,96750,97050,100,100,1,1.0,0
HydraulicSystems,0,cooler_condition,GraphFeature Centroid,646,96900,97200,100,100,1,1.0,0
HydraulicSystems,0,cooler_condition,GraphFeature Centroid,648,97200,97500,100,100,1,1.0,0
HydraulicSystems,0,cooler_condition,GraphFeature Centroid,649,97350,97650,100,100,1,1.0,0
HydraulicSystems,0,cooler_condition,GraphFeature Centroid,650,97500,97800,100,100,1,1.0,0
HydraulicSystems,0,cooler_condition,GraphFeature Centroid,653,97950,98250,100,100,1,1.0,0
HydraulicSystems,0,cooler_condition,GraphFeature Centroid,655,98250,98550,100,100,1,1.0,0
HydraulicSystems,0,cooler_condition,GraphFeature Centroid,656,98400,98700,100,100,1,1.0,0
HydraulicSystems,0,cooler_condition,GraphFeature Centroid,657,98550,98850,100,100,1,1.0,0
HydraulicSystems,0,cooler_condition,GraphFeature Centroid,659,98850,99150,100,100,1,1.0,0
HydraulicSystems,0,cooler_condition,GraphFeature Centroid,660,99000,99300,100,100,1,1.0,0
HydraulicSystems,0,cooler_condition,GraphFeature Centroid,667,100050,100350,100,100,1,1.0,0
HydraulicSystems,0,cooler_condition,GraphFeature Centroid,668,100200,100500,100,100,1,1.0,0
HydraulicSystems,0,cooler_condition,GraphFeature Centroid,669,100350,100650,100,100,1,1.0,0
HydraulicSystems,0,cooler_condition,GraphFeature Centroid,675,101250,101550,100,100,1,1.0,0
HydraulicSystems,0,cooler_condition,GraphFeature Centroid,676,101400,101700,100,100,1,1.0,0
HydraulicSystems,0,cooler_condition,GraphFeature Centroid,677,101550,101850,100,100,1,1.0,0
HydraulicSystems,0,cooler_condition,GraphFeature Centroid,678,101700,102000,100,100,1,1.0,0
HydraulicSystems,0,cooler_condition,GraphFeature Centroid,679,101850,102150,100,100,1,1.0,0
HydraulicSystems,0,cooler_condition,GraphFeature Centroid,682,102300,102600,100,100,1,1.0,0
HydraulicSystems,0,cooler_condition,GraphFeature Centroid,683,102450,102750,100,100,1,1.0,0
HydraulicSystems,0,cooler_condition,GraphFeature Centroid,684,102600,102900,100,100,1,1.0,0
HydraulicSystems,0,cooler_condition,GraphFeature Centroid,687,103050,103350,100,100,1,1.0,0
HydraulicSystems,0,cooler_condition,GraphFeature Centroid,688,103200,103500,100,100,1,1.0,0
HydraulicSystems,0,cooler_condition,GraphFeature Centroid,691,103650,103950,100,100,1,1.0,0
HydraulicSystems,0,cooler_condition,GraphFeature Centroid,692,103800,104100,100,100,1,1.0,0
HydraulicSystems,0,cooler_condition,GraphFeature Centroid,694,104100,104400,100,100,1,1.0,0
HydraulicSystems,0,cooler_condition,GraphFeature Centroid,696,104400,104700,100,100,1,1.0,0
HydraulicSystems,0,cooler_condition,GraphFeature Centroid,701,105150,105450,100,100,1,1.0,0
HydraulicSystems,0,cooler_condition,GraphFeature Centroid,702,105300,105600,100,100,1,1.0,0
HydraulicSystems,0,cooler_condition,GraphFeature Centroid,703,105450,105750,100,100,1,1.0,0
HydraulicSystems,0,cooler_condition,GraphFeature Centroid,704,105600,105900,100,100,1,1.0,0
HydraulicSystems,0,cooler_condition,GraphFeature Centroid,706,105900,106200,100,100,1,1.0,0
HydraulicSystems,0,cooler_condition,GraphFeature Centroid,707,106050,106350,100,100,1,1.0,0
HydraulicSystems,0,cooler_condition,GraphFeature Centroid,708,106200,106500,100,100,1,1.0,0
HydraulicSystems,0,cooler_condition,GraphFeature Centroid,709,106350,106650,100,100,1,1.0,0
HydraulicSystems,0,cooler_condition,GraphFeature Centroid,711,106650,106950,100,100,1,1.0,0
HydraulicSystems,0,cooler_condition,GraphFeature Centroid,713,106950,107250,100,100,1,1.0,0
HydraulicSystems,0,cooler_condition,GraphFeature Centroid,715,107250,107550,100,100,1,1.0,0
HydraulicSystems,0,cooler_condition,GraphFeature Centroid,717,107550,107850,100,100,1,1.0,0
HydraulicSystems,0,cooler_condition,GraphFeature Centroid,718,107700,108000,100,100,1,1.0,0
HydraulicSystems,0,cooler_condition,GraphFeature Centroid,723,108450,108750,100,100,1,1.0,0
HydraulicSystems,0,cooler_condition,GraphFeature Centroid,725,108750,109050,100,100,1,1.0,0
HydraulicSystems,0,cooler_condition,GraphFeature Centroid,726,108900,109200,100,100,1,1.0,0
HydraulicSystems,0,cooler_condition,GraphFeature Centroid,729,109350,109650,100,100,1,1.0,0
HydraulicSystems,0,cooler_condition,GraphFeature Centroid,732,109800,110100,100,100,1,1.0,0
HydraulicSystems,0,cooler_condition,GraphFeature Centroid,733,109950,110250,100,100,1,1.0,0
HydraulicSystems,0,cooler_condition,GraphFeature Centroid,734,110100,110400,100,100,1,1.0,0
HydraulicSystems,0,cooler_condition,GraphFeature Centroid,735,110250,110550,100,100,1,1.0,0
HydraulicSystems,0,cooler_condition,GraphFeature Centroid,736,110400,110700,100,100,1,1.0,0
HydraulicSystems,0,cooler_condition,GraphFeature Centroid,737,110550,110850,100,100,1,1.0,0
HydraulicSystems,0,cooler_condition,GraphFeature Centroid,740,111000,111300,100,100,1,1.0,0
HydraulicSystems,0,cooler_condition,GraphFeature Centroid,744,111600,111900,100,100,1,1.0,0
HydraulicSystems,0,cooler_condition,GraphFeature Centroid,745,111750,112050,100,100,1,1.0,0
HydraulicSystems,0,cooler_condition,GraphFeature Centroid,746,111900,112200,100,100,1,1.0,0
HydraulicSystems,0,cooler_condition,GraphFeature Centroid,747,112050,112350,100,100,1,1.0,0
HydraulicSystems,0,cooler_condition,GraphFeature Centroid,749,112350,112650,100,100,1,1.0,0
HydraulicSystems,0,cooler_condition,GraphFeature Centroid,751,112650,112950,100,100,1,1.0,0
HydraulicSystems,0,cooler_condition,GraphFeature Centroid,752,112800,113100,100,100,1,1.0,0
HydraulicSystems,0,cooler_condition,GraphFeature Centroid,753,112950,113250,100,100,1,1.0,0
HydraulicSystems,0,cooler_condition,GraphFeature Centroid,755,113250,113550,100,100,1,1.0,0
HydraulicSystems,0,cooler_condition,GraphFeature Centroid,758,113700,114000,100,100,1,1.0,0
HydraulicSystems,0,cooler_condition,GraphFeature Centroid,764,114600,114900,100,100,1,1.0,0
HydraulicSystems,0,cooler_condition,GraphFeature Centroid,766,114900,115200,100,100,1,1.0,0
HydraulicSystems,0,cooler_condition,GraphFeature Centroid,767,115050,115350,100,100,1,1.0,0
HydraulicSystems,0,cooler_condition,GraphFeature Centroid,770,115500,115800,100,100,1,1.0,0
HydraulicSystems,0,cooler_condition,GraphFeature Centroid,775,116250,116550,100,100,1,1.0,0
HydraulicSystems,0,cooler_condition,GraphFeature Centroid,777,116550,116850,100,100,1,1.0,0
HydraulicSystems,0,cooler_condition,GraphFeature Centroid,780,117000,117300,100,100,1,1.0,0
HydraulicSystems,0,cooler_condition,GraphFeature Centroid,781,117150,117450,100,100,1,1.0,0
HydraulicSystems,0,cooler_condition,GraphFeature Centroid,783,117450,117750,100,100,1,1.0,0
HydraulicSystems,0,cooler_condition,GraphFeature Centroid,785,117750,118050,100,100,1,1.0,0
HydraulicSystems,0,cooler_condition,GraphFeature Centroid,786,117900,118200,100,100,1,1.0,0
HydraulicSystems,0,cooler_condition,GraphFeature Centroid,788,118200,118500,100,100,1,1.0,0
HydraulicSystems,0,cooler_condition,GraphFeature Centroid,789,118350,118650,100,100,1,1.0,0
HydraulicSystems,0,cooler_condition,GraphFeature Centroid,790,118500,118800,100,100,1,1.0,0
HydraulicSystems,0,cooler_condition,GraphFeature Centroid,791,118650,118950,100,100,1,1.0,0
HydraulicSystems,0,cooler_condition,GraphFeature Centroid,793,118950,119250,100,100,1,1.0,0
HydraulicSystems,0,cooler_condition,GraphFeature Centroid,797,119550,119850,100,100,1,1.0,0
HydraulicSystems,0,cooler_condition,GraphFeature Centroid,798,119700,120000,100,100,1,1.0,0
HydraulicSystems,0,cooler_condition,GraphFeature Centroid,799,119850,120150,100,100,1,1.0,0
HydraulicSystems,0,cooler_condition,GraphFeature Centroid,800,120000,120300,100,100,1,1.0,0
HydraulicSystems,0,cooler_condition,GraphFeature Centroid,801,120150,120450,100,100,1,1.0,0
HydraulicSystems,0,cooler_condition,GraphFeature Centroid,804,120600,120900,100,100,1,1.0,0
HydraulicSystems,0,cooler_condition,GraphFeature Centroid,807,121050,121350,100,100,1,1.0,0
HydraulicSystems,0,cooler_condition,GraphFeature Centroid,808,121200,121500,100,100,1,1.0,0
HydraulicSystems,0,cooler_condition,GraphFeature Centroid,809,121350,121650,100,100,1,1.0,0
HydraulicSystems,0,cooler_condition,GraphFeature Centroid,810,121500,121800,100,100,1,1.0,0
HydraulicSystems,0,cooler_condition,GraphFeature Centroid,814,122100,122400,100,100,1,1.0,0
HydraulicSystems,0,cooler_condition,GraphFeature Centroid,815,122250,122550,100,100,1,1.0,0
HydraulicSystems,0,cooler_condition,GraphFeature Centroid,818,122700,123000,100,100,1,1.0,0
HydraulicSystems,0,cooler_condition,GraphFeature Centroid,820,123000,123300,100,100,1,1.0,0
HydraulicSystems,0,cooler_condition,GraphFeature Centroid,823,123450,123750,100,100,1,1.0,0
HydraulicSystems,0,cooler_condition,GraphFeature Centroid,827,124050,124350,100,100,1,1.0,0
HydraulicSystems,0,cooler_condition,GraphFeature Centroid,831,124650,124950,100,100,1,1.0,0
HydraulicSystems,0,cooler_condition,GraphFeature Centroid,832,124800,125100,100,100,1,1.0,0
HydraulicSystems,0,cooler_condition,GraphFeature Centroid,833,124950,125250,100,100,1,1.0,0
HydraulicSystems,0,cooler_condition,GraphFeature Centroid,836,125400,125700,100,100,1,1.0,0
HydraulicSystems,0,cooler_condition,GraphFeature Centroid,840,126000,126300,100,100,1,1.0,0
HydraulicSystems,0,cooler_condition,GraphFeature Centroid,841,126150,126450,100,100,1,1.0,0
HydraulicSystems,0,cooler_condition,GraphFeature Centroid,844,126600,126900,100,100,1,1.0,0
HydraulicSystems,0,cooler_condition,GraphFeature Centroid,845,126750,127050,100,100,1,1.0,0
HydraulicSystems,0,cooler_condition,GraphFeature Centroid,846,126900,127200,100,100,1,1.0,0
HydraulicSystems,0,cooler_condition,GraphFeature Centroid,847,127050,127350,100,100,1,1.0,0
HydraulicSystems,0,cooler_condition,GraphFeature Centroid,849,127350,127650,100,100,1,1.0,0
HydraulicSystems,0,cooler_condition,GraphFeature Centroid,851,127650,127950,100,100,1,1.0,0
HydraulicSystems,0,cooler_condition,GraphFeature Centroid,854,128100,128400,100,100,1,1.0,0
HydraulicSystems,0,cooler_condition,GraphFeature Centroid,856,128400,128700,100,100,1,1.0,0
HydraulicSystems,0,cooler_condition,GraphFeature Centroid,857,128550,128850,100,100,1,1.0,0
HydraulicSystems,0,cooler_condition,GraphFeature Centroid,859,128850,129150,100,100,1,1.0,0
HydraulicSystems,0,cooler_condition,GraphFeature Centroid,862,129300,129600,100,100,1,1.0,0
HydraulicSystems,0,cooler_condition,GraphFeature Centroid,864,129600,129900,100,100,1,1.0,0
HydraulicSystems,0,cooler_condition,GraphFeature Centroid,867,130050,130350,100,100,1,1.0,0
HydraulicSystems,0,cooler_condition,GraphFeature Centroid,868,130200,130500,100,100,1,1.0,0
HydraulicSystems,0,cooler_condition,GraphFeature Centroid,869,130350,130650,100,100,1,1.0,0
HydraulicSystems,0,cooler_condition,GraphFeature Centroid,871,130650,130950,100,100,1,1.0,0
HydraulicSystems,0,cooler_condition,GraphFeature Centroid,872,130800,131100,100,100,1,1.0,0
HydraulicSystems,0,cooler_condition,GraphFeature Centroid,873,130950,131250,100,100,1,1.0,0
HydraulicSystems,0,cooler_condition,GraphFeature Centroid,875,131250,131550,100,100,1,1.0,0
HydraulicSystems,0,cooler_condition,GraphFeature Centroid,876,131400,131700,100,100,1,1.0,0
HydraulicSystems,0,cooler_condition,GraphFeature Centroid,879,131850,132150,100,100,1,1.0,0
HydraulicSystems,0,cooler_condition,STCG-v1 State Mapping,1,150,450,3,3,1,1.0,1
HydraulicSystems,0,cooler_condition,STCG-v1 State Mapping,2,300,600,3,3,1,1.0,1
HydraulicSystems,0,cooler_condition,STCG-v1 State Mapping,4,600,900,3,3,1,1.0,1
HydraulicSystems,0,cooler_condition,STCG-v1 State Mapping,6,900,1200,3,3,1,1.0,1
HydraulicSystems,0,cooler_condition,STCG-v1 State Mapping,8,1200,1500,3,3,1,1.0,1
HydraulicSystems,0,cooler_condition,STCG-v1 State Mapping,9,1350,1650,3,3,1,1.0,1
HydraulicSystems,0,cooler_condition,STCG-v1 State Mapping,13,1950,2250,3,3,1,1.0,1
HydraulicSystems,0,cooler_condition,STCG-v1 State Mapping,14,2100,2400,3,3,1,1.0,1
HydraulicSystems,0,cooler_condition,STCG-v1 State Mapping,17,2550,2850,3,3,1,1.0,1
HydraulicSystems,0,cooler_condition,STCG-v1 State Mapping,18,2700,3000,3,3,1,1.0,1
HydraulicSystems,0,cooler_condition,STCG-v1 State Mapping,19,2850,3150,3,3,1,1.0,1
HydraulicSystems,0,cooler_condition,STCG-v1 State Mapping,22,3300,3600,3,3,1,1.0,1
HydraulicSystems,0,cooler_condition,STCG-v1 State Mapping,25,3750,4050,3,3,1,1.0,1
HydraulicSystems,0,cooler_condition,STCG-v1 State Mapping,26,3900,4200,3,3,1,1.0,1
HydraulicSystems,0,cooler_condition,STCG-v1 State Mapping,29,4350,4650,3,3,1,1.0,1
HydraulicSystems,0,cooler_condition,STCG-v1 State Mapping,31,4650,4950,3,3,1,1.0,1
HydraulicSystems,0,cooler_condition,STCG-v1 State Mapping,32,4800,5100,3,3,1,1.0,1
HydraulicSystems,0,cooler_condition,STCG-v1 State Mapping,33,4950,5250,3,3,1,1.0,1
HydraulicSystems,0,cooler_condition,STCG-v1 State Mapping,36,5400,5700,3,3,1,1.0,1
HydraulicSystems,0,cooler_condition,STCG-v1 State Mapping,38,5700,6000,3,3,1,1.0,1
HydraulicSystems,0,cooler_condition,STCG-v1 State Mapping,42,6300,6600,3,3,1,1.0,1
HydraulicSystems,0,cooler_condition,STCG-v1 State Mapping,44,6600,6900,3,3,1,1.0,1
HydraulicSystems,0,cooler_condition,STCG-v1 State Mapping,46,6900,7200,3,3,1,1.0,1
HydraulicSystems,0,cooler_condition,STCG-v1 State Mapping,49,7350,7650,3,3,1,1.0,1
HydraulicSystems,0,cooler_condition,STCG-v1 State Mapping,50,7500,7800,3,3,1,1.0,1
HydraulicSystems,0,cooler_condition,STCG-v1 State Mapping,51,7650,7950,3,3,1,1.0,1
HydraulicSystems,0,cooler_condition,STCG-v1 State Mapping,52,7800,8100,3,3,1,1.0,1
HydraulicSystems,0,cooler_condition,STCG-v1 State Mapping,53,7950,8250,3,3,1,1.0,1
HydraulicSystems,0,cooler_condition,STCG-v1 State Mapping,54,8100,8400,3,3,1,1.0,1
HydraulicSystems,0,cooler_condition,STCG-v1 State Mapping,55,8250,8550,3,100,0,1.0,0
HydraulicSystems,0,cooler_condition,STCG-v1 State Mapping,56,8400,8700,3,100,0,1.0,0
HydraulicSystems,0,cooler_condition,STCG-v1 State Mapping,59,8850,9150,3,3,1,1.0,1
HydraulicSystems,0,cooler_condition,STCG-v1 State Mapping,60,9000,9300,3,3,1,1.0,1
HydraulicSystems,0,cooler_condition,STCG-v1 State Mapping,66,9900,10200,3,3,1,1.0,1
HydraulicSystems,0,cooler_condition,STCG-v1 State Mapping,67,10050,10350,3,3,1,1.0,1
HydraulicSystems,0,cooler_condition,STCG-v1 State Mapping,68,10200,10500,3,3,1,1.0,1
HydraulicSystems,0,cooler_condition,STCG-v1 State Mapping,69,10350,10650,3,3,1,1.0,1
HydraulicSystems,0,cooler_condition,STCG-v1 State Mapping,70,10500,10800,3,3,1,1.0,1
HydraulicSystems,0,cooler_condition,STCG-v1 State Mapping,71,10650,10950,3,3,1,1.0,1
HydraulicSystems,0,cooler_condition,STCG-v1 State Mapping,73,10950,11250,3,3,1,1.0,1
HydraulicSystems,0,cooler_condition,STCG-v1 State Mapping,74,11100,11400,3,3,1,1.0,1
HydraulicSystems,0,cooler_condition,STCG-v1 State Mapping,76,11400,11700,3,3,1,1.0,1
HydraulicSystems,0,cooler_condition,STCG-v1 State Mapping,79,11850,12150,3,3,1,1.0,1
HydraulicSystems,0,cooler_condition,STCG-v1 State Mapping,81,12150,12450,3,3,1,1.0,1
HydraulicSystems,0,cooler_condition,STCG-v1 State Mapping,84,12600,12900,3,3,1,1.0,1
HydraulicSystems,0,cooler_condition,STCG-v1 State Mapping,89,13350,13650,3,3,1,1.0,1
HydraulicSystems,0,cooler_condition,STCG-v1 State Mapping,91,13650,13950,3,3,1,1.0,1
HydraulicSystems,0,cooler_condition,STCG-v1 State Mapping,94,14100,14400,3,3,1,1.0,1
HydraulicSystems,0,cooler_condition,STCG-v1 State Mapping,96,14400,14700,3,3,1,1.0,1
HydraulicSystems,0,cooler_condition,STCG-v1 State Mapping,98,14700,15000,3,3,1,1.0,1
HydraulicSystems,0,cooler_condition,STCG-v1 State Mapping,100,15000,15300,3,3,1,1.0,1
HydraulicSystems,0,cooler_condition,STCG-v1 State Mapping,102,15300,15600,3,3,1,1.0,1
HydraulicSystems,0,cooler_condition,STCG-v1 State Mapping,104,15600,15900,3,3,1,1.0,1
HydraulicSystems,0,cooler_condition,STCG-v1 State Mapping,105,15750,16050,3,3,1,1.0,1
HydraulicSystems,0,cooler_condition,STCG-v1 State Mapping,106,15900,16200,3,3,1,1.0,1
HydraulicSystems,0,cooler_condition,STCG-v1 State Mapping,110,16500,16800,3,3,1,1.0,1
HydraulicSystems,0,cooler_condition,STCG-v1 State Mapping,112,16800,17100,3,3,1,1.0,1
HydraulicSystems,0,cooler_condition,STCG-v1 State Mapping,113,16950,17250,3,3,1,1.0,1
HydraulicSystems,0,cooler_condition,STCG-v1 State Mapping,116,17400,17700,3,3,1,1.0,1
HydraulicSystems,0,cooler_condition,STCG-v1 State Mapping,121,18150,18450,3,3,1,1.0,1
HydraulicSystems,0,cooler_condition,STCG-v1 State Mapping,125,18750,19050,3,3,1,1.0,1
HydraulicSystems,0,cooler_condition,STCG-v1 State Mapping,126,18900,19200,3,3,1,1.0,1
HydraulicSystems,0,cooler_condition,STCG-v1 State Mapping,130,19500,19800,3,3,1,1.0,1
HydraulicSystems,0,cooler_condition,STCG-v1 State Mapping,131,19650,19950,3,3,1,1.0,1
HydraulicSystems,0,cooler_condition,STCG-v1 State Mapping,132,19800,20100,3,3,1,1.0,1
HydraulicSystems,0,cooler_condition,STCG-v1 State Mapping,134,20100,20400,3,3,1,1.0,1
HydraulicSystems,0,cooler_condition,STCG-v1 State Mapping,137,20550,20850,3,3,1,1.0,1
HydraulicSystems,0,cooler_condition,STCG-v1 State Mapping,141,21150,21450,3,3,1,1.0,1
HydraulicSystems,0,cooler_condition,STCG-v1 State Mapping,143,21450,21750,3,3,1,1.0,1
HydraulicSystems,0,cooler_condition,STCG-v1 State Mapping,144,21600,21900,3,3,1,1.0,1
HydraulicSystems,0,cooler_condition,STCG-v1 State Mapping,146,21900,22200,3,3,1,1.0,1
HydraulicSystems,0,cooler_condition,STCG-v1 State Mapping,147,22050,22350,3,3,1,1.0,1
HydraulicSystems,0,cooler_condition,STCG-v1 State Mapping,151,22650,22950,3,3,1,1.0,1
HydraulicSystems,0,cooler_condition,STCG-v1 State Mapping,152,22800,23100,3,3,1,1.0,1
HydraulicSystems,0,cooler_condition,STCG-v1 State Mapping,154,23100,23400,3,3,1,1.0,1
HydraulicSystems,0,cooler_condition,STCG-v1 State Mapping,155,23250,23550,3,3,1,1.0,1
HydraulicSystems,0,cooler_condition,STCG-v1 State Mapping,156,23400,23700,3,3,1,1.0,1
HydraulicSystems,0,cooler_condition,STCG-v1 State Mapping,159,23850,24150,3,3,1,1.0,1
HydraulicSystems,0,cooler_condition,STCG-v1 State Mapping,162,24300,24600,3,3,1,1.0,1
HydraulicSystems,0,cooler_condition,STCG-v1 State Mapping,164,24600,24900,3,3,1,1.0,1
HydraulicSystems,0,cooler_condition,STCG-v1 State Mapping,167,25050,25350,3,3,1,1.0,1
HydraulicSystems,0,cooler_condition,STCG-v1 State Mapping,169,25350,25650,3,3,1,1.0,1
HydraulicSystems,0,cooler_condition,STCG-v1 State Mapping,170,25500,25800,3,3,1,1.0,1
HydraulicSystems,0,cooler_condition,STCG-v1 State Mapping,172,25800,26100,3,3,1,1.0,1
HydraulicSystems,0,cooler_condition,STCG-v1 State Mapping,173,25950,26250,3,3,1,1.0,1
HydraulicSystems,0,cooler_condition,STCG-v1 State Mapping,174,26100,26400,3,3,1,1.0,1
HydraulicSystems,0,cooler_condition,STCG-v1 State Mapping,176,26400,26700,3,3,1,1.0,1
HydraulicSystems,0,cooler_condition,STCG-v1 State Mapping,177,26550,26850,3,3,1,1.0,1
HydraulicSystems,0,cooler_condition,STCG-v1 State Mapping,180,27000,27300,3,3,1,1.0,1
HydraulicSystems,0,cooler_condition,STCG-v1 State Mapping,181,27150,27450,3,3,1,1.0,1
HydraulicSystems,0,cooler_condition,STCG-v1 State Mapping,182,27300,27600,3,3,1,1.0,1
HydraulicSystems,0,cooler_condition,STCG-v1 State Mapping,183,27450,27750,3,3,1,1.0,1
HydraulicSystems,0,cooler_condition,STCG-v1 State Mapping,184,27600,27900,3,3,1,1.0,1
HydraulicSystems,0,cooler_condition,STCG-v1 State Mapping,190,28500,28800,3,3,1,1.0,1
HydraulicSystems,0,cooler_condition,STCG-v1 State Mapping,191,28650,28950,3,3,1,1.0,1
HydraulicSystems,0,cooler_condition,STCG-v1 State Mapping,192,28800,29100,3,3,1,1.0,1
HydraulicSystems,0,cooler_condition,STCG-v1 State Mapping,193,28950,29250,3,3,1,1.0,1
HydraulicSystems,0,cooler_condition,STCG-v1 State Mapping,195,29250,29550,3,3,1,1.0,1
HydraulicSystems,0,cooler_condition,STCG-v1 State Mapping,197,29550,29850,3,3,1,1.0,1
HydraulicSystems,0,cooler_condition,STCG-v1 State Mapping,199,29850,30150,3,3,1,1.0,1
HydraulicSystems,0,cooler_condition,STCG-v1 State Mapping,201,30150,30450,3,3,1,1.0,1
HydraulicSystems,0,cooler_condition,STCG-v1 State Mapping,202,30300,30600,3,3,1,1.0,1
HydraulicSystems,0,cooler_condition,STCG-v1 State Mapping,203,30450,30750,3,3,1,1.0,1
HydraulicSystems,0,cooler_condition,STCG-v1 State Mapping,205,30750,31050,3,3,1,1.0,1
HydraulicSystems,0,cooler_condition,STCG-v1 State Mapping,207,31050,31350,3,3,1,1.0,1
HydraulicSystems,0,cooler_condition,STCG-v1 State Mapping,208,31200,31500,3,3,1,1.0,1
HydraulicSystems,0,cooler_condition,STCG-v1 State Mapping,210,31500,31800,3,3,1,1.0,1
HydraulicSystems,0,cooler_condition,STCG-v1 State Mapping,212,31800,32100,3,3,1,1.0,1
HydraulicSystems,0,cooler_condition,STCG-v1 State Mapping,213,31950,32250,3,3,1,1.0,1
HydraulicSystems,0,cooler_condition,STCG-v1 State Mapping,218,32700,33000,3,100,0,1.0,0
HydraulicSystems,0,cooler_condition,STCG-v1 State Mapping,221,33150,33450,3,3,1,1.0,1
HydraulicSystems,0,cooler_condition,STCG-v1 State Mapping,222,33300,33600,3,3,1,1.0,1
HydraulicSystems,0,cooler_condition,STCG-v1 State Mapping,223,33450,33750,3,3,1,1.0,1
HydraulicSystems,0,cooler_condition,STCG-v1 State Mapping,225,33750,34050,3,3,1,1.0,1
HydraulicSystems,0,cooler_condition,STCG-v1 State Mapping,226,33900,34200,3,3,1,1.0,1
HydraulicSystems,0,cooler_condition,STCG-v1 State Mapping,229,34350,34650,3,3,1,1.0,1
HydraulicSystems,0,cooler_condition,STCG-v1 State Mapping,230,34500,34800,3,3,1,1.0,1
HydraulicSystems,0,cooler_condition,STCG-v1 State Mapping,239,35850,36150,3,3,1,1.0,1
HydraulicSystems,0,cooler_condition,STCG-v1 State Mapping,240,36000,36300,3,3,1,1.0,1
HydraulicSystems,0,cooler_condition,STCG-v1 State Mapping,241,36150,36450,3,3,1,1.0,1
HydraulicSystems,0,cooler_condition,STCG-v1 State Mapping,242,36300,36600,3,3,1,1.0,1
HydraulicSystems,0,cooler_condition,STCG-v1 State Mapping,243,36450,36750,3,3,1,1.0,1
HydraulicSystems,0,cooler_condition,STCG-v1 State Mapping,244,36600,36900,3,3,1,1.0,1
HydraulicSystems,0,cooler_condition,STCG-v1 State Mapping,245,36750,37050,3,3,1,1.0,1
HydraulicSystems,0,cooler_condition,STCG-v1 State Mapping,247,37050,37350,3,3,1,1.0,1
HydraulicSystems,0,cooler_condition,STCG-v1 State Mapping,251,37650,37950,3,3,1,1.0,1
HydraulicSystems,0,cooler_condition,STCG-v1 State Mapping,256,38400,38700,3,3,1,1.0,1
HydraulicSystems,0,cooler_condition,STCG-v1 State Mapping,257,38550,38850,3,3,1,1.0,1
HydraulicSystems,0,cooler_condition,STCG-v1 State Mapping,261,39150,39450,3,3,1,1.0,1
HydraulicSystems,0,cooler_condition,STCG-v1 State Mapping,262,39300,39600,3,3,1,1.0,1
HydraulicSystems,0,cooler_condition,STCG-v1 State Mapping,263,39450,39750,3,3,1,1.0,1
HydraulicSystems,0,cooler_condition,STCG-v1 State Mapping,264,39600,39900,3,3,1,1.0,1
HydraulicSystems,0,cooler_condition,STCG-v1 State Mapping,267,40050,40350,3,3,1,1.0,1
HydraulicSystems,0,cooler_condition,STCG-v1 State Mapping,268,40200,40500,3,3,1,1.0,1
HydraulicSystems,0,cooler_condition,STCG-v1 State Mapping,270,40500,40800,3,3,1,1.0,1
HydraulicSystems,0,cooler_condition,STCG-v1 State Mapping,273,40950,41250,3,3,1,1.0,1
HydraulicSystems,0,cooler_condition,STCG-v1 State Mapping,274,41100,41400,3,3,1,1.0,1
HydraulicSystems,0,cooler_condition,STCG-v1 State Mapping,278,41700,42000,3,3,1,1.0,1
HydraulicSystems,0,cooler_condition,STCG-v1 State Mapping,280,42000,42300,3,3,1,1.0,1
HydraulicSystems,0,cooler_condition,STCG-v1 State Mapping,283,42450,42750,3,3,1,1.0,1
HydraulicSystems,0,cooler_condition,STCG-v1 State Mapping,284,42600,42900,3,3,1,1.0,1
HydraulicSystems,0,cooler_condition,STCG-v1 State Mapping,286,42900,43200,3,3,1,1.0,1
HydraulicSystems,0,cooler_condition,STCG-v1 State Mapping,287,43050,43350,3,3,1,1.0,1
HydraulicSystems,0,cooler_condition,STCG-v1 State Mapping,288,43200,43500,3,3,1,1.0,1
HydraulicSystems,0,cooler_condition,STCG-v1 State Mapping,290,43500,43800,3,3,1,1.0,1
HydraulicSystems,0,cooler_condition,STCG-v1 State Mapping,291,43650,43950,3,3,1,0.9,1
HydraulicSystems,0,cooler_condition,STCG-v1 State Mapping,293,43950,44250,20,3,0,1.0,1
HydraulicSystems,0,cooler_condition,STCG-v1 State Mapping,295,44250,44550,20,3,0,1.0,1
HydraulicSystems,0,cooler_condition,STCG-v1 State Mapping,296,44400,44700,20,3,0,1.0,1
HydraulicSystems,0,cooler_condition,STCG-v1 State Mapping,297,44550,44850,20,3,0,1.0,1
HydraulicSystems,0,cooler_condition,STCG-v1 State Mapping,299,44850,45150,20,3,0,1.0,1
HydraulicSystems,0,cooler_condition,STCG-v1 State Mapping,300,45000,45300,20,3,0,1.0,1
HydraulicSystems,0,cooler_condition,STCG-v1 State Mapping,304,45600,45900,20,3,0,1.0,1
HydraulicSystems,0,cooler_condition,STCG-v1 State Mapping,305,45750,46050,20,3,0,1.0,1
HydraulicSystems,0,cooler_condition,STCG-v1 State Mapping,306,45900,46200,20,3,0,1.0,1
HydraulicSystems,0,cooler_condition,STCG-v1 State Mapping,308,46200,46500,20,100,0,1.0,0
HydraulicSystems,0,cooler_condition,STCG-v1 State Mapping,309,46350,46650,20,3,0,1.0,1
HydraulicSystems,0,cooler_condition,STCG-v1 State Mapping,310,46500,46800,20,100,0,1.0,0
HydraulicSystems,0,cooler_condition,STCG-v1 State Mapping,312,46800,47100,20,100,0,1.0,0
HydraulicSystems,0,cooler_condition,STCG-v1 State Mapping,313,46950,47250,20,100,0,1.0,0
HydraulicSystems,0,cooler_condition,STCG-v1 State Mapping,315,47250,47550,20,3,0,1.0,1
HydraulicSystems,0,cooler_condition,STCG-v1 State Mapping,318,47700,48000,20,100,0,1.0,0
HydraulicSystems,0,cooler_condition,STCG-v1 State Mapping,319,47850,48150,20,100,0,1.0,0
HydraulicSystems,0,cooler_condition,STCG-v1 State Mapping,320,48000,48300,20,100,0,1.0,0
HydraulicSystems,0,cooler_condition,STCG-v1 State Mapping,326,48900,49200,20,100,0,1.0,0
HydraulicSystems,0,cooler_condition,STCG-v1 State Mapping,327,49050,49350,20,100,0,1.0,0
HydraulicSystems,0,cooler_condition,STCG-v1 State Mapping,328,49200,49500,20,100,0,1.0,0
HydraulicSystems,0,cooler_condition,STCG-v1 State Mapping,332,49800,50100,20,100,0,1.0,0
HydraulicSystems,0,cooler_condition,STCG-v1 State Mapping,333,49950,50250,20,100,0,1.0,0
HydraulicSystems,0,cooler_condition,STCG-v1 State Mapping,334,50100,50400,20,100,0,1.0,0
HydraulicSystems,0,cooler_condition,STCG-v1 State Mapping,337,50550,50850,20,100,0,1.0,0
HydraulicSystems,0,cooler_condition,STCG-v1 State Mapping,338,50700,51000,20,100,0,1.0,0
HydraulicSystems,0,cooler_condition,STCG-v1 State Mapping,340,51000,51300,20,100,0,1.0,0
HydraulicSystems,0,cooler_condition,STCG-v1 State Mapping,341,51150,51450,20,100,0,1.0,0
HydraulicSystems,0,cooler_condition,STCG-v1 State Mapping,342,51300,51600,20,100,0,1.0,0
HydraulicSystems,0,cooler_condition,STCG-v1 State Mapping,343,51450,51750,20,100,0,1.0,0
HydraulicSystems,0,cooler_condition,STCG-v1 State Mapping,346,51900,52200,20,3,0,1.0,1
HydraulicSystems,0,cooler_condition,STCG-v1 State Mapping,348,52200,52500,20,3,0,1.0,1
HydraulicSystems,0,cooler_condition,STCG-v1 State Mapping,350,52500,52800,20,100,0,1.0,0
HydraulicSystems,0,cooler_condition,STCG-v1 State Mapping,354,53100,53400,20,100,0,1.0,0
HydraulicSystems,0,cooler_condition,STCG-v1 State Mapping,355,53250,53550,20,100,0,1.0,0
HydraulicSystems,0,cooler_condition,STCG-v1 State Mapping,358,53700,54000,20,100,0,1.0,0
HydraulicSystems,0,cooler_condition,STCG-v1 State Mapping,360,54000,54300,20,100,0,1.0,0
HydraulicSystems,0,cooler_condition,STCG-v1 State Mapping,361,54150,54450,20,100,0,1.0,0
HydraulicSystems,0,cooler_condition,STCG-v1 State Mapping,363,54450,54750,20,100,0,1.0,0
HydraulicSystems,0,cooler_condition,STCG-v1 State Mapping,364,54600,54900,20,100,0,1.0,0
HydraulicSystems,0,cooler_condition,STCG-v1 State Mapping,369,55350,55650,20,100,0,1.0,0
HydraulicSystems,0,cooler_condition,STCG-v1 State Mapping,370,55500,55800,20,100,0,1.0,0
HydraulicSystems,0,cooler_condition,STCG-v1 State Mapping,372,55800,56100,20,3,0,1.0,1
HydraulicSystems,0,cooler_condition,STCG-v1 State Mapping,373,55950,56250,20,3,0,1.0,1
HydraulicSystems,0,cooler_condition,STCG-v1 State Mapping,377,56550,56850,20,100,0,1.0,0
HydraulicSystems,0,cooler_condition,STCG-v1 State Mapping,381,57150,57450,20,100,0,1.0,0
HydraulicSystems,0,cooler_condition,STCG-v1 State Mapping,382,57300,57600,20,100,0,1.0,0
HydraulicSystems,0,cooler_condition,STCG-v1 State Mapping,383,57450,57750,20,100,0,1.0,0
HydraulicSystems,0,cooler_condition,STCG-v1 State Mapping,384,57600,57900,20,100,0,1.0,0
HydraulicSystems,0,cooler_condition,STCG-v1 State Mapping,385,57750,58050,20,100,0,1.0,0
HydraulicSystems,0,cooler_condition,STCG-v1 State Mapping,386,57900,58200,20,100,0,1.0,0
HydraulicSystems,0,cooler_condition,STCG-v1 State Mapping,388,58200,58500,20,100,0,1.0,0
HydraulicSystems,0,cooler_condition,STCG-v1 State Mapping,389,58350,58650,20,100,0,1.0,0
HydraulicSystems,0,cooler_condition,STCG-v1 State Mapping,390,58500,58800,20,100,0,1.0,0
HydraulicSystems,0,cooler_condition,STCG-v1 State Mapping,391,58650,58950,20,100,0,1.0,0
HydraulicSystems,0,cooler_condition,STCG-v1 State Mapping,392,58800,59100,20,100,0,1.0,0
HydraulicSystems,0,cooler_condition,STCG-v1 State Mapping,397,59550,59850,20,3,0,1.0,1
HydraulicSystems,0,cooler_condition,STCG-v1 State Mapping,399,59850,60150,20,100,0,1.0,0
HydraulicSystems,0,cooler_condition,STCG-v1 State Mapping,401,60150,60450,20,100,0,1.0,0
HydraulicSystems,0,cooler_condition,STCG-v1 State Mapping,402,60300,60600,20,100,0,1.0,0
HydraulicSystems,0,cooler_condition,STCG-v1 State Mapping,403,60450,60750,20,100,0,1.0,0
HydraulicSystems,0,cooler_condition,STCG-v1 State Mapping,404,60600,60900,20,100,0,1.0,0
HydraulicSystems,0,cooler_condition,STCG-v1 State Mapping,405,60750,61050,20,100,0,1.0,0
HydraulicSystems,0,cooler_condition,STCG-v1 State Mapping,406,60900,61200,20,100,0,1.0,0
HydraulicSystems,0,cooler_condition,STCG-v1 State Mapping,407,61050,61350,20,100,0,1.0,0
HydraulicSystems,0,cooler_condition,STCG-v1 State Mapping,412,61800,62100,20,100,0,1.0,0
HydraulicSystems,0,cooler_condition,STCG-v1 State Mapping,415,62250,62550,20,100,0,1.0,0
HydraulicSystems,0,cooler_condition,STCG-v1 State Mapping,417,62550,62850,20,100,0,1.0,0
HydraulicSystems,0,cooler_condition,STCG-v1 State Mapping,418,62700,63000,20,100,0,1.0,0
HydraulicSystems,0,cooler_condition,STCG-v1 State Mapping,419,62850,63150,20,100,0,1.0,0
HydraulicSystems,0,cooler_condition,STCG-v1 State Mapping,421,63150,63450,20,100,0,1.0,0
HydraulicSystems,0,cooler_condition,STCG-v1 State Mapping,422,63300,63600,20,100,0,1.0,0
HydraulicSystems,0,cooler_condition,STCG-v1 State Mapping,423,63450,63750,20,100,0,1.0,0
HydraulicSystems,0,cooler_condition,STCG-v1 State Mapping,427,64050,64350,20,100,0,1.0,0
HydraulicSystems,0,cooler_condition,STCG-v1 State Mapping,430,64500,64800,20,100,0,1.0,0
HydraulicSystems,0,cooler_condition,STCG-v1 State Mapping,432,64800,65100,20,100,0,1.0,0
HydraulicSystems,0,cooler_condition,STCG-v1 State Mapping,434,65100,65400,20,100,0,1.0,0
HydraulicSystems,0,cooler_condition,STCG-v1 State Mapping,437,65550,65850,20,100,0,1.0,0
HydraulicSystems,0,cooler_condition,STCG-v1 State Mapping,442,66300,66600,20,100,0,1.0,0
HydraulicSystems,0,cooler_condition,STCG-v1 State Mapping,444,66600,66900,20,100,0,1.0,0
HydraulicSystems,0,cooler_condition,STCG-v1 State Mapping,445,66750,67050,20,100,0,1.0,0
HydraulicSystems,0,cooler_condition,STCG-v1 State Mapping,446,66900,67200,20,100,0,1.0,0
HydraulicSystems,0,cooler_condition,STCG-v1 State Mapping,448,67200,67500,20,100,0,1.0,0
HydraulicSystems,0,cooler_condition,STCG-v1 State Mapping,451,67650,67950,20,100,0,1.0,0
HydraulicSystems,0,cooler_condition,STCG-v1 State Mapping,452,67800,68100,20,3,0,1.0,1
HydraulicSystems,0,cooler_condition,STCG-v1 State Mapping,453,67950,68250,20,100,0,1.0,0
HydraulicSystems,0,cooler_condition,STCG-v1 State Mapping,454,68100,68400,20,100,0,1.0,0
HydraulicSystems,0,cooler_condition,STCG-v1 State Mapping,456,68400,68700,20,100,0,1.0,0
HydraulicSystems,0,cooler_condition,STCG-v1 State Mapping,458,68700,69000,20,100,0,1.0,0
HydraulicSystems,0,cooler_condition,STCG-v1 State Mapping,463,69450,69750,20,100,0,1.0,0
HydraulicSystems,0,cooler_condition,STCG-v1 State Mapping,465,69750,70050,20,100,0,1.0,0
HydraulicSystems,0,cooler_condition,STCG-v1 State Mapping,466,69900,70200,20,100,0,1.0,0
HydraulicSystems,0,cooler_condition,STCG-v1 State Mapping,468,70200,70500,20,3,0,1.0,1
HydraulicSystems,0,cooler_condition,STCG-v1 State Mapping,469,70350,70650,20,3,0,1.0,1
HydraulicSystems,0,cooler_condition,STCG-v1 State Mapping,471,70650,70950,20,100,0,1.0,0
HydraulicSystems,0,cooler_condition,STCG-v1 State Mapping,473,70950,71250,20,100,0,1.0,0
HydraulicSystems,0,cooler_condition,STCG-v1 State Mapping,474,71100,71400,20,100,0,1.0,0
HydraulicSystems,0,cooler_condition,STCG-v1 State Mapping,476,71400,71700,20,100,0,1.0,0
HydraulicSystems,0,cooler_condition,STCG-v1 State Mapping,485,72750,73050,20,100,0,1.0,0
HydraulicSystems,0,cooler_condition,STCG-v1 State Mapping,486,72900,73200,20,100,0,1.0,0
HydraulicSystems,0,cooler_condition,STCG-v1 State Mapping,487,73050,73350,20,100,0,1.0,0
HydraulicSystems,0,cooler_condition,STCG-v1 State Mapping,488,73200,73500,20,100,0,1.0,0
HydraulicSystems,0,cooler_condition,STCG-v1 State Mapping,492,73800,74100,20,100,0,1.0,0
HydraulicSystems,0,cooler_condition,STCG-v1 State Mapping,495,74250,74550,20,100,0,1.0,0
HydraulicSystems,0,cooler_condition,STCG-v1 State Mapping,496,74400,74700,20,100,0,1.0,0
HydraulicSystems,0,cooler_condition,STCG-v1 State Mapping,497,74550,74850,20,100,0,1.0,0
HydraulicSystems,0,cooler_condition,STCG-v1 State Mapping,499,74850,75150,20,100,0,1.0,0
HydraulicSystems,0,cooler_condition,STCG-v1 State Mapping,500,75000,75300,20,100,0,1.0,0
HydraulicSystems,0,cooler_condition,STCG-v1 State Mapping,506,75900,76200,20,100,0,1.0,0
HydraulicSystems,0,cooler_condition,STCG-v1 State Mapping,508,76200,76500,20,100,0,1.0,0
HydraulicSystems,0,cooler_condition,STCG-v1 State Mapping,510,76500,76800,20,100,0,1.0,0
HydraulicSystems,0,cooler_condition,STCG-v1 State Mapping,512,76800,77100,20,100,0,1.0,0
HydraulicSystems,0,cooler_condition,STCG-v1 State Mapping,513,76950,77250,20,100,0,1.0,0
HydraulicSystems,0,cooler_condition,STCG-v1 State Mapping,518,77700,78000,20,100,0,1.0,0
HydraulicSystems,0,cooler_condition,STCG-v1 State Mapping,520,78000,78300,20,100,0,1.0,0
HydraulicSystems,0,cooler_condition,STCG-v1 State Mapping,522,78300,78600,20,100,0,1.0,0
HydraulicSystems,0,cooler_condition,STCG-v1 State Mapping,523,78450,78750,20,100,0,1.0,0
HydraulicSystems,0,cooler_condition,STCG-v1 State Mapping,524,78600,78900,20,100,0,1.0,0
HydraulicSystems,0,cooler_condition,STCG-v1 State Mapping,525,78750,79050,20,100,0,1.0,0
HydraulicSystems,0,cooler_condition,STCG-v1 State Mapping,530,79500,79800,20,100,0,1.0,0
HydraulicSystems,0,cooler_condition,STCG-v1 State Mapping,532,79800,80100,20,100,0,1.0,0
HydraulicSystems,0,cooler_condition,STCG-v1 State Mapping,535,80250,80550,20,100,0,1.0,0
HydraulicSystems,0,cooler_condition,STCG-v1 State Mapping,536,80400,80700,20,100,0,1.0,0
HydraulicSystems,0,cooler_condition,STCG-v1 State Mapping,537,80550,80850,20,100,0,1.0,0
HydraulicSystems,0,cooler_condition,STCG-v1 State Mapping,540,81000,81300,20,100,0,1.0,0
HydraulicSystems,0,cooler_condition,STCG-v1 State Mapping,542,81300,81600,20,100,0,1.0,0
HydraulicSystems,0,cooler_condition,STCG-v1 State Mapping,546,81900,82200,20,100,0,1.0,0
HydraulicSystems,0,cooler_condition,STCG-v1 State Mapping,550,82500,82800,20,100,0,1.0,0
HydraulicSystems,0,cooler_condition,STCG-v1 State Mapping,551,82650,82950,20,100,0,1.0,0
HydraulicSystems,0,cooler_condition,STCG-v1 State Mapping,553,82950,83250,20,100,0,1.0,0
HydraulicSystems,0,cooler_condition,STCG-v1 State Mapping,560,84000,84300,20,100,0,1.0,0
HydraulicSystems,0,cooler_condition,STCG-v1 State Mapping,561,84150,84450,20,100,0,1.0,0
HydraulicSystems,0,cooler_condition,STCG-v1 State Mapping,564,84600,84900,20,100,0,1.0,0
HydraulicSystems,0,cooler_condition,STCG-v1 State Mapping,566,84900,85200,20,100,0,1.0,0
HydraulicSystems,0,cooler_condition,STCG-v1 State Mapping,567,85050,85350,20,100,0,1.0,0
HydraulicSystems,0,cooler_condition,STCG-v1 State Mapping,568,85200,85500,20,3,0,1.0,1
HydraulicSystems,0,cooler_condition,STCG-v1 State Mapping,571,85650,85950,20,100,0,1.0,0
HydraulicSystems,0,cooler_condition,STCG-v1 State Mapping,572,85800,86100,20,100,0,1.0,0
HydraulicSystems,0,cooler_condition,STCG-v1 State Mapping,574,86100,86400,20,100,0,1.0,0
HydraulicSystems,0,cooler_condition,STCG-v1 State Mapping,575,86250,86550,20,100,0,1.0,0
HydraulicSystems,0,cooler_condition,STCG-v1 State Mapping,576,86400,86700,20,100,0,1.0,0
HydraulicSystems,0,cooler_condition,STCG-v1 State Mapping,578,86700,87000,20,100,0,1.0,0
HydraulicSystems,0,cooler_condition,STCG-v1 State Mapping,579,86850,87150,20,100,0,1.0,0
HydraulicSystems,0,cooler_condition,STCG-v1 State Mapping,582,87300,87600,20,100,0,1.0,0
HydraulicSystems,0,cooler_condition,STCG-v1 State Mapping,583,87450,87750,20,100,0,1.0,0
HydraulicSystems,0,cooler_condition,STCG-v1 State Mapping,584,87600,87900,20,3,0,0.8,1
HydraulicSystems,0,cooler_condition,STCG-v1 State Mapping,585,87750,88050,100,3,0,0.7,1
HydraulicSystems,0,cooler_condition,STCG-v1 State Mapping,590,88500,88800,100,100,1,1.0,0
HydraulicSystems,0,cooler_condition,STCG-v1 State Mapping,591,88650,88950,100,3,0,1.0,1
HydraulicSystems,0,cooler_condition,STCG-v1 State Mapping,593,88950,89250,100,100,1,1.0,0
HydraulicSystems,0,cooler_condition,STCG-v1 State Mapping,595,89250,89550,100,100,1,1.0,0
HydraulicSystems,0,cooler_condition,STCG-v1 State Mapping,598,89700,90000,100,100,1,1.0,0
HydraulicSystems,0,cooler_condition,STCG-v1 State Mapping,599,89850,90150,100,100,1,1.0,0
HydraulicSystems,0,cooler_condition,STCG-v1 State Mapping,602,90300,90600,100,100,1,1.0,0
HydraulicSystems,0,cooler_condition,STCG-v1 State Mapping,603,90450,90750,100,100,1,1.0,0
HydraulicSystems,0,cooler_condition,STCG-v1 State Mapping,610,91500,91800,100,100,1,1.0,0
HydraulicSystems,0,cooler_condition,STCG-v1 State Mapping,613,91950,92250,100,100,1,1.0,0
HydraulicSystems,0,cooler_condition,STCG-v1 State Mapping,616,92400,92700,100,100,1,1.0,0
HydraulicSystems,0,cooler_condition,STCG-v1 State Mapping,618,92700,93000,100,100,1,1.0,0
HydraulicSystems,0,cooler_condition,STCG-v1 State Mapping,620,93000,93300,100,100,1,1.0,0
HydraulicSystems,0,cooler_condition,STCG-v1 State Mapping,621,93150,93450,100,100,1,1.0,0
HydraulicSystems,0,cooler_condition,STCG-v1 State Mapping,622,93300,93600,100,100,1,1.0,0
HydraulicSystems,0,cooler_condition,STCG-v1 State Mapping,624,93600,93900,100,100,1,1.0,0
HydraulicSystems,0,cooler_condition,STCG-v1 State Mapping,626,93900,94200,100,100,1,1.0,0
HydraulicSystems,0,cooler_condition,STCG-v1 State Mapping,627,94050,94350,100,100,1,1.0,0
HydraulicSystems,0,cooler_condition,STCG-v1 State Mapping,628,94200,94500,100,100,1,1.0,0
HydraulicSystems,0,cooler_condition,STCG-v1 State Mapping,629,94350,94650,100,100,1,1.0,0
HydraulicSystems,0,cooler_condition,STCG-v1 State Mapping,630,94500,94800,100,100,1,1.0,0
HydraulicSystems,0,cooler_condition,STCG-v1 State Mapping,631,94650,94950,100,100,1,1.0,0
HydraulicSystems,0,cooler_condition,STCG-v1 State Mapping,632,94800,95100,100,100,1,1.0,0
HydraulicSystems,0,cooler_condition,STCG-v1 State Mapping,635,95250,95550,100,100,1,1.0,0
HydraulicSystems,0,cooler_condition,STCG-v1 State Mapping,637,95550,95850,100,100,1,1.0,0
HydraulicSystems,0,cooler_condition,STCG-v1 State Mapping,639,95850,96150,100,100,1,1.0,0
HydraulicSystems,0,cooler_condition,STCG-v1 State Mapping,645,96750,97050,100,100,1,1.0,0
HydraulicSystems,0,cooler_condition,STCG-v1 State Mapping,646,96900,97200,100,100,1,1.0,0
HydraulicSystems,0,cooler_condition,STCG-v1 State Mapping,648,97200,97500,100,100,1,1.0,0
HydraulicSystems,0,cooler_condition,STCG-v1 State Mapping,649,97350,97650,100,100,1,1.0,0
HydraulicSystems,0,cooler_condition,STCG-v1 State Mapping,650,97500,97800,100,100,1,1.0,0
HydraulicSystems,0,cooler_condition,STCG-v1 State Mapping,653,97950,98250,100,100,1,1.0,0
HydraulicSystems,0,cooler_condition,STCG-v1 State Mapping,655,98250,98550,100,100,1,1.0,0
HydraulicSystems,0,cooler_condition,STCG-v1 State Mapping,656,98400,98700,100,100,1,1.0,0
HydraulicSystems,0,cooler_condition,STCG-v1 State Mapping,657,98550,98850,100,100,1,1.0,0
HydraulicSystems,0,cooler_condition,STCG-v1 State Mapping,659,98850,99150,100,100,1,1.0,0
HydraulicSystems,0,cooler_condition,STCG-v1 State Mapping,660,99000,99300,100,100,1,1.0,0
HydraulicSystems,0,cooler_condition,STCG-v1 State Mapping,667,100050,100350,100,100,1,1.0,0
HydraulicSystems,0,cooler_condition,STCG-v1 State Mapping,668,100200,100500,100,100,1,1.0,0
HydraulicSystems,0,cooler_condition,STCG-v1 State Mapping,669,100350,100650,100,100,1,1.0,0
HydraulicSystems,0,cooler_condition,STCG-v1 State Mapping,675,101250,101550,100,100,1,1.0,0
HydraulicSystems,0,cooler_condition,STCG-v1 State Mapping,676,101400,101700,100,100,1,1.0,0
HydraulicSystems,0,cooler_condition,STCG-v1 State Mapping,677,101550,101850,100,100,1,1.0,0
HydraulicSystems,0,cooler_condition,STCG-v1 State Mapping,678,101700,102000,100,100,1,1.0,0
HydraulicSystems,0,cooler_condition,STCG-v1 State Mapping,679,101850,102150,100,100,1,1.0,0
HydraulicSystems,0,cooler_condition,STCG-v1 State Mapping,682,102300,102600,100,100,1,1.0,0
HydraulicSystems,0,cooler_condition,STCG-v1 State Mapping,683,102450,102750,100,100,1,1.0,0
HydraulicSystems,0,cooler_condition,STCG-v1 State Mapping,684,102600,102900,100,100,1,1.0,0
HydraulicSystems,0,cooler_condition,STCG-v1 State Mapping,687,103050,103350,100,100,1,1.0,0
HydraulicSystems,0,cooler_condition,STCG-v1 State Mapping,688,103200,103500,100,100,1,1.0,0
HydraulicSystems,0,cooler_condition,STCG-v1 State Mapping,691,103650,103950,100,100,1,1.0,0
HydraulicSystems,0,cooler_condition,STCG-v1 State Mapping,692,103800,104100,100,100,1,1.0,0
HydraulicSystems,0,cooler_condition,STCG-v1 State Mapping,694,104100,104400,100,100,1,1.0,0
HydraulicSystems,0,cooler_condition,STCG-v1 State Mapping,696,104400,104700,100,100,1,1.0,0
HydraulicSystems,0,cooler_condition,STCG-v1 State Mapping,701,105150,105450,100,100,1,1.0,0
HydraulicSystems,0,cooler_condition,STCG-v1 State Mapping,702,105300,105600,100,100,1,1.0,0
HydraulicSystems,0,cooler_condition,STCG-v1 State Mapping,703,105450,105750,100,100,1,1.0,0
HydraulicSystems,0,cooler_condition,STCG-v1 State Mapping,704,105600,105900,100,100,1,1.0,0
HydraulicSystems,0,cooler_condition,STCG-v1 State Mapping,706,105900,106200,100,100,1,1.0,0
HydraulicSystems,0,cooler_condition,STCG-v1 State Mapping,707,106050,106350,100,100,1,1.0,0
HydraulicSystems,0,cooler_condition,STCG-v1 State Mapping,708,106200,106500,100,100,1,1.0,0
HydraulicSystems,0,cooler_condition,STCG-v1 State Mapping,709,106350,106650,100,100,1,1.0,0
HydraulicSystems,0,cooler_condition,STCG-v1 State Mapping,711,106650,106950,100,100,1,1.0,0
HydraulicSystems,0,cooler_condition,STCG-v1 State Mapping,713,106950,107250,100,100,1,1.0,0
HydraulicSystems,0,cooler_condition,STCG-v1 State Mapping,715,107250,107550,100,100,1,1.0,0
HydraulicSystems,0,cooler_condition,STCG-v1 State Mapping,717,107550,107850,100,100,1,1.0,0
HydraulicSystems,0,cooler_condition,STCG-v1 State Mapping,718,107700,108000,100,100,1,1.0,0
HydraulicSystems,0,cooler_condition,STCG-v1 State Mapping,723,108450,108750,100,100,1,1.0,0
HydraulicSystems,0,cooler_condition,STCG-v1 State Mapping,725,108750,109050,100,100,1,1.0,0
HydraulicSystems,0,cooler_condition,STCG-v1 State Mapping,726,108900,109200,100,100,1,1.0,0
HydraulicSystems,0,cooler_condition,STCG-v1 State Mapping,729,109350,109650,100,100,1,1.0,0
HydraulicSystems,0,cooler_condition,STCG-v1 State Mapping,732,109800,110100,100,100,1,1.0,0
HydraulicSystems,0,cooler_condition,STCG-v1 State Mapping,733,109950,110250,100,100,1,1.0,0
HydraulicSystems,0,cooler_condition,STCG-v1 State Mapping,734,110100,110400,100,100,1,1.0,0
HydraulicSystems,0,cooler_condition,STCG-v1 State Mapping,735,110250,110550,100,100,1,1.0,0
HydraulicSystems,0,cooler_condition,STCG-v1 State Mapping,736,110400,110700,100,100,1,1.0,0
HydraulicSystems,0,cooler_condition,STCG-v1 State Mapping,737,110550,110850,100,100,1,1.0,0
HydraulicSystems,0,cooler_condition,STCG-v1 State Mapping,740,111000,111300,100,100,1,1.0,0
HydraulicSystems,0,cooler_condition,STCG-v1 State Mapping,744,111600,111900,100,100,1,1.0,0
HydraulicSystems,0,cooler_condition,STCG-v1 State Mapping,745,111750,112050,100,100,1,1.0,0
HydraulicSystems,0,cooler_condition,STCG-v1 State Mapping,746,111900,112200,100,100,1,1.0,0
HydraulicSystems,0,cooler_condition,STCG-v1 State Mapping,747,112050,112350,100,100,1,1.0,0
HydraulicSystems,0,cooler_condition,STCG-v1 State Mapping,749,112350,112650,100,100,1,1.0,0
HydraulicSystems,0,cooler_condition,STCG-v1 State Mapping,751,112650,112950,100,100,1,1.0,0
HydraulicSystems,0,cooler_condition,STCG-v1 State Mapping,752,112800,113100,100,100,1,1.0,0
HydraulicSystems,0,cooler_condition,STCG-v1 State Mapping,753,112950,113250,100,100,1,1.0,0
HydraulicSystems,0,cooler_condition,STCG-v1 State Mapping,755,113250,113550,100,100,1,1.0,0
HydraulicSystems,0,cooler_condition,STCG-v1 State Mapping,758,113700,114000,100,100,1,1.0,0
HydraulicSystems,0,cooler_condition,STCG-v1 State Mapping,764,114600,114900,100,100,1,1.0,0
HydraulicSystems,0,cooler_condition,STCG-v1 State Mapping,766,114900,115200,100,100,1,1.0,0
HydraulicSystems,0,cooler_condition,STCG-v1 State Mapping,767,115050,115350,100,100,1,1.0,0
HydraulicSystems,0,cooler_condition,STCG-v1 State Mapping,770,115500,115800,100,100,1,1.0,0
HydraulicSystems,0,cooler_condition,STCG-v1 State Mapping,775,116250,116550,100,100,1,1.0,0
HydraulicSystems,0,cooler_condition,STCG-v1 State Mapping,777,116550,116850,100,100,1,1.0,0
HydraulicSystems,0,cooler_condition,STCG-v1 State Mapping,780,117000,117300,100,100,1,1.0,0
HydraulicSystems,0,cooler_condition,STCG-v1 State Mapping,781,117150,117450,100,100,1,1.0,0
HydraulicSystems,0,cooler_condition,STCG-v1 State Mapping,783,117450,117750,100,100,1,1.0,0
HydraulicSystems,0,cooler_condition,STCG-v1 State Mapping,785,117750,118050,100,100,1,1.0,0
HydraulicSystems,0,cooler_condition,STCG-v1 State Mapping,786,117900,118200,100,100,1,1.0,0
HydraulicSystems,0,cooler_condition,STCG-v1 State Mapping,788,118200,118500,100,100,1,1.0,0
HydraulicSystems,0,cooler_condition,STCG-v1 State Mapping,789,118350,118650,100,100,1,1.0,0
HydraulicSystems,0,cooler_condition,STCG-v1 State Mapping,790,118500,118800,100,100,1,1.0,0
HydraulicSystems,0,cooler_condition,STCG-v1 State Mapping,791,118650,118950,100,100,1,1.0,0
HydraulicSystems,0,cooler_condition,STCG-v1 State Mapping,793,118950,119250,100,100,1,1.0,0
HydraulicSystems,0,cooler_condition,STCG-v1 State Mapping,797,119550,119850,100,100,1,1.0,0
HydraulicSystems,0,cooler_condition,STCG-v1 State Mapping,798,119700,120000,100,100,1,1.0,0
HydraulicSystems,0,cooler_condition,STCG-v1 State Mapping,799,119850,120150,100,100,1,1.0,0
HydraulicSystems,0,cooler_condition,STCG-v1 State Mapping,800,120000,120300,100,100,1,1.0,0
HydraulicSystems,0,cooler_condition,STCG-v1 State Mapping,801,120150,120450,100,100,1,1.0,0
HydraulicSystems,0,cooler_condition,STCG-v1 State Mapping,804,120600,120900,100,100,1,1.0,0
HydraulicSystems,0,cooler_condition,STCG-v1 State Mapping,807,121050,121350,100,100,1,1.0,0
HydraulicSystems,0,cooler_condition,STCG-v1 State Mapping,808,121200,121500,100,100,1,1.0,0
HydraulicSystems,0,cooler_condition,STCG-v1 State Mapping,809,121350,121650,100,100,1,1.0,0
HydraulicSystems,0,cooler_condition,STCG-v1 State Mapping,810,121500,121800,100,100,1,1.0,0
HydraulicSystems,0,cooler_condition,STCG-v1 State Mapping,814,122100,122400,100,100,1,1.0,0
HydraulicSystems,0,cooler_condition,STCG-v1 State Mapping,815,122250,122550,100,100,1,1.0,0
HydraulicSystems,0,cooler_condition,STCG-v1 State Mapping,818,122700,123000,100,100,1,1.0,0
HydraulicSystems,0,cooler_condition,STCG-v1 State Mapping,820,123000,123300,100,100,1,1.0,0
HydraulicSystems,0,cooler_condition,STCG-v1 State Mapping,823,123450,123750,100,100,1,1.0,0
HydraulicSystems,0,cooler_condition,STCG-v1 State Mapping,827,124050,124350,100,100,1,1.0,0
HydraulicSystems,0,cooler_condition,STCG-v1 State Mapping,831,124650,124950,100,100,1,1.0,0
HydraulicSystems,0,cooler_condition,STCG-v1 State Mapping,832,124800,125100,100,100,1,1.0,0
HydraulicSystems,0,cooler_condition,STCG-v1 State Mapping,833,124950,125250,100,100,1,1.0,0
HydraulicSystems,0,cooler_condition,STCG-v1 State Mapping,836,125400,125700,100,100,1,1.0,0
HydraulicSystems,0,cooler_condition,STCG-v1 State Mapping,840,126000,126300,100,100,1,1.0,0
HydraulicSystems,0,cooler_condition,STCG-v1 State Mapping,841,126150,126450,100,100,1,1.0,0
HydraulicSystems,0,cooler_condition,STCG-v1 State Mapping,844,126600,126900,100,100,1,1.0,0
HydraulicSystems,0,cooler_condition,STCG-v1 State Mapping,845,126750,127050,100,100,1,1.0,0
HydraulicSystems,0,cooler_condition,STCG-v1 State Mapping,846,126900,127200,100,100,1,1.0,0
HydraulicSystems,0,cooler_condition,STCG-v1 State Mapping,847,127050,127350,100,100,1,1.0,0
HydraulicSystems,0,cooler_condition,STCG-v1 State Mapping,849,127350,127650,100,100,1,1.0,0
HydraulicSystems,0,cooler_condition,STCG-v1 State Mapping,851,127650,127950,100,100,1,1.0,0
HydraulicSystems,0,cooler_condition,STCG-v1 State Mapping,854,128100,128400,100,100,1,1.0,0
HydraulicSystems,0,cooler_condition,STCG-v1 State Mapping,856,128400,128700,100,100,1,1.0,0
HydraulicSystems,0,cooler_condition,STCG-v1 State Mapping,857,128550,128850,100,100,1,1.0,0
HydraulicSystems,0,cooler_condition,STCG-v1 State Mapping,859,128850,129150,100,100,1,1.0,0
HydraulicSystems,0,cooler_condition,STCG-v1 State Mapping,862,129300,129600,100,100,1,1.0,0
HydraulicSystems,0,cooler_condition,STCG-v1 State Mapping,864,129600,129900,100,100,1,1.0,0
HydraulicSystems,0,cooler_condition,STCG-v1 State Mapping,867,130050,130350,100,100,1,1.0,0
HydraulicSystems,0,cooler_condition,STCG-v1 State Mapping,868,130200,130500,100,100,1,1.0,0
HydraulicSystems,0,cooler_condition,STCG-v1 State Mapping,869,130350,130650,100,100,1,1.0,0
HydraulicSystems,0,cooler_condition,STCG-v1 State Mapping,871,130650,130950,100,100,1,1.0,0
HydraulicSystems,0,cooler_condition,STCG-v1 State Mapping,872,130800,131100,100,100,1,1.0,0
HydraulicSystems,0,cooler_condition,STCG-v1 State Mapping,873,130950,131250,100,100,1,1.0,0
HydraulicSystems,0,cooler_condition,STCG-v1 State Mapping,875,131250,131550,100,100,1,1.0,0
HydraulicSystems,0,cooler_condition,STCG-v1 State Mapping,876,131400,131700,100,100,1,1.0,0
HydraulicSystems,0,cooler_condition,STCG-v1 State Mapping,879,131850,132150,100,100,1,1.0,0
HydraulicSystems,1,cooler_condition,Train Majority,0,0,300,3,100,0,1.0,1
HydraulicSystems,1,cooler_condition,Train Majority,2,300,600,3,100,0,1.0,1
HydraulicSystems,1,cooler_condition,Train Majority,3,450,750,3,100,0,1.0,1
HydraulicSystems,1,cooler_condition,Train Majority,4,600,900,3,100,0,1.0,1
HydraulicSystems,1,cooler_condition,Train Majority,5,750,1050,3,100,0,1.0,1
HydraulicSystems,1,cooler_condition,Train Majority,8,1200,1500,3,100,0,1.0,1
HydraulicSystems,1,cooler_condition,Train Majority,10,1500,1800,3,100,0,1.0,1
HydraulicSystems,1,cooler_condition,Train Majority,12,1800,2100,3,100,0,1.0,1
HydraulicSystems,1,cooler_condition,Train Majority,15,2250,2550,3,100,0,1.0,1
HydraulicSystems,1,cooler_condition,Train Majority,16,2400,2700,3,100,0,1.0,1
HydraulicSystems,1,cooler_condition,Train Majority,21,3150,3450,3,100,0,1.0,1
HydraulicSystems,1,cooler_condition,Train Majority,23,3450,3750,3,100,0,1.0,1
HydraulicSystems,1,cooler_condition,Train Majority,26,3900,4200,3,100,0,1.0,1
HydraulicSystems,1,cooler_condition,Train Majority,29,4350,4650,3,100,0,1.0,1
HydraulicSystems,1,cooler_condition,Train Majority,30,4500,4800,3,100,0,1.0,1
HydraulicSystems,1,cooler_condition,Train Majority,31,4650,4950,3,100,0,1.0,1
HydraulicSystems,1,cooler_condition,Train Majority,32,4800,5100,3,100,0,1.0,1
HydraulicSystems,1,cooler_condition,Train Majority,37,5550,5850,3,100,0,1.0,1
HydraulicSystems,1,cooler_condition,Train Majority,39,5850,6150,3,100,0,1.0,1
HydraulicSystems,1,cooler_condition,Train Majority,44,6600,6900,3,100,0,1.0,1
HydraulicSystems,1,cooler_condition,Train Majority,46,6900,7200,3,100,0,1.0,1
HydraulicSystems,1,cooler_condition,Train Majority,48,7200,7500,3,100,0,1.0,1
HydraulicSystems,1,cooler_condition,Train Majority,49,7350,7650,3,100,0,1.0,1
HydraulicSystems,1,cooler_condition,Train Majority,50,7500,7800,3,100,0,1.0,1
HydraulicSystems,1,cooler_condition,Train Majority,52,7800,8100,3,100,0,1.0,1
HydraulicSystems,1,cooler_condition,Train Majority,53,7950,8250,3,100,0,1.0,1
HydraulicSystems,1,cooler_condition,Train Majority,54,8100,8400,3,100,0,1.0,1
HydraulicSystems,1,cooler_condition,Train Majority,56,8400,8700,3,100,0,1.0,0
HydraulicSystems,1,cooler_condition,Train Majority,57,8550,8850,3,100,0,1.0,1
HydraulicSystems,1,cooler_condition,Train Majority,58,8700,9000,3,100,0,1.0,1
HydraulicSystems,1,cooler_condition,Train Majority,61,9150,9450,3,100,0,1.0,1
HydraulicSystems,1,cooler_condition,Train Majority,62,9300,9600,3,100,0,1.0,1
HydraulicSystems,1,cooler_condition,Train Majority,64,9600,9900,3,100,0,1.0,1
HydraulicSystems,1,cooler_condition,Train Majority,66,9900,10200,3,100,0,1.0,1
HydraulicSystems,1,cooler_condition,Train Majority,70,10500,10800,3,100,0,1.0,1
HydraulicSystems,1,cooler_condition,Train Majority,71,10650,10950,3,100,0,1.0,1
HydraulicSystems,1,cooler_condition,Train Majority,73,10950,11250,3,100,0,1.0,1
HydraulicSystems,1,cooler_condition,Train Majority,77,11550,11850,3,100,0,1.0,1
HydraulicSystems,1,cooler_condition,Train Majority,80,12000,12300,3,100,0,1.0,1
HydraulicSystems,1,cooler_condition,Train Majority,83,12450,12750,3,100,0,1.0,1
HydraulicSystems,1,cooler_condition,Train Majority,84,12600,12900,3,100,0,1.0,1
HydraulicSystems,1,cooler_condition,Train Majority,86,12900,13200,3,100,0,1.0,1
HydraulicSystems,1,cooler_condition,Train Majority,88,13200,13500,3,100,0,1.0,1
HydraulicSystems,1,cooler_condition,Train Majority,89,13350,13650,3,100,0,1.0,1
HydraulicSystems,1,cooler_condition,Train Majority,90,13500,13800,3,100,0,1.0,1
HydraulicSystems,1,cooler_condition,Train Majority,92,13800,14100,3,100,0,1.0,1
HydraulicSystems,1,cooler_condition,Train Majority,94,14100,14400,3,100,0,1.0,1
HydraulicSystems,1,cooler_condition,Train Majority,95,14250,14550,3,100,0,1.0,1
HydraulicSystems,1,cooler_condition,Train Majority,96,14400,14700,3,100,0,1.0,1
HydraulicSystems,1,cooler_condition,Train Majority,97,14550,14850,3,100,0,1.0,1
HydraulicSystems,1,cooler_condition,Train Majority,98,14700,15000,3,100,0,1.0,1
HydraulicSystems,1,cooler_condition,Train Majority,100,15000,15300,3,100,0,1.0,1
HydraulicSystems,1,cooler_condition,Train Majority,101,15150,15450,3,100,0,1.0,1
HydraulicSystems,1,cooler_condition,Train Majority,102,15300,15600,3,100,0,1.0,1
HydraulicSystems,1,cooler_condition,Train Majority,103,15450,15750,3,100,0,1.0,1
HydraulicSystems,1,cooler_condition,Train Majority,107,16050,16350,3,100,0,1.0,0
HydraulicSystems,1,cooler_condition,Train Majority,109,16350,16650,3,100,0,1.0,1
HydraulicSystems,1,cooler_condition,Train Majority,114,17100,17400,3,100,0,1.0,1
HydraulicSystems,1,cooler_condition,Train Majority,115,17250,17550,3,100,0,1.0,1
HydraulicSystems,1,cooler_condition,Train Majority,116,17400,17700,3,100,0,1.0,1
HydraulicSystems,1,cooler_condition,Train Majority,117,17550,17850,3,100,0,1.0,1
HydraulicSystems,1,cooler_condition,Train Majority,118,17700,18000,3,100,0,1.0,1
HydraulicSystems,1,cooler_condition,Train Majority,119,17850,18150,3,100,0,1.0,1
HydraulicSystems,1,cooler_condition,Train Majority,121,18150,18450,3,100,0,1.0,1
HydraulicSystems,1,cooler_condition,Train Majority,126,18900,19200,3,100,0,1.0,1
HydraulicSystems,1,cooler_condition,Train Majority,127,19050,19350,3,100,0,1.0,1
HydraulicSystems,1,cooler_condition,Train Majority,128,19200,19500,3,100,0,1.0,1
HydraulicSystems,1,cooler_condition,Train Majority,130,19500,19800,3,100,0,1.0,1
HydraulicSystems,1,cooler_condition,Train Majority,133,19950,20250,3,100,0,1.0,1
HydraulicSystems,1,cooler_condition,Train Majority,134,20100,20400,3,100,0,1.0,1
HydraulicSystems,1,cooler_condition,Train Majority,138,20700,21000,3,100,0,1.0,1
HydraulicSystems,1,cooler_condition,Train Majority,143,21450,21750,3,100,0,1.0,1
HydraulicSystems,1,cooler_condition,Train Majority,145,21750,22050,3,100,0,1.0,1
HydraulicSystems,1,cooler_condition,Train Majority,149,22350,22650,3,100,0,1.0,1
HydraulicSystems,1,cooler_condition,Train Majority,150,22500,22800,3,100,0,1.0,1
HydraulicSystems,1,cooler_condition,Train Majority,152,22800,23100,3,100,0,1.0,1
HydraulicSystems,1,cooler_condition,Train Majority,153,22950,23250,3,100,0,1.0,1
HydraulicSystems,1,cooler_condition,Train Majority,154,23100,23400,3,100,0,1.0,1
HydraulicSystems,1,cooler_condition,Train Majority,155,23250,23550,3,100,0,1.0,1
HydraulicSystems,1,cooler_condition,Train Majority,156,23400,23700,3,100,0,1.0,1
HydraulicSystems,1,cooler_condition,Train Majority,158,23700,24000,3,100,0,1.0,1
HydraulicSystems,1,cooler_condition,Train Majority,159,23850,24150,3,100,0,1.0,1
HydraulicSystems,1,cooler_condition,Train Majority,163,24450,24750,3,100,0,1.0,1
HydraulicSystems,1,cooler_condition,Train Majority,167,25050,25350,3,100,0,1.0,1
HydraulicSystems,1,cooler_condition,Train Majority,168,25200,25500,3,100,0,1.0,1
HydraulicSystems,1,cooler_condition,Train Majority,171,25650,25950,3,100,0,1.0,1
HydraulicSystems,1,cooler_condition,Train Majority,176,26400,26700,3,100,0,1.0,1
HydraulicSystems,1,cooler_condition,Train Majority,177,26550,26850,3,100,0,1.0,1
HydraulicSystems,1,cooler_condition,Train Majority,179,26850,27150,3,100,0,1.0,1
HydraulicSystems,1,cooler_condition,Train Majority,180,27000,27300,3,100,0,1.0,1
HydraulicSystems,1,cooler_condition,Train Majority,183,27450,27750,3,100,0,1.0,1
HydraulicSystems,1,cooler_condition,Train Majority,186,27900,28200,3,100,0,1.0,1
HydraulicSystems,1,cooler_condition,Train Majority,187,28050,28350,3,100,0,1.0,1
HydraulicSystems,1,cooler_condition,Train Majority,188,28200,28500,3,100,0,1.0,1
HydraulicSystems,1,cooler_condition,Train Majority,190,28500,28800,3,100,0,1.0,1
HydraulicSystems,1,cooler_condition,Train Majority,191,28650,28950,3,100,0,1.0,1
HydraulicSystems,1,cooler_condition,Train Majority,193,28950,29250,3,100,0,1.0,1
HydraulicSystems,1,cooler_condition,Train Majority,194,29100,29400,3,100,0,1.0,1
HydraulicSystems,1,cooler_condition,Train Majority,196,29400,29700,3,100,0,1.0,1
HydraulicSystems,1,cooler_condition,Train Majority,198,29700,30000,3,100,0,1.0,1
HydraulicSystems,1,cooler_condition,Train Majority,200,30000,30300,3,100,0,1.0,1
HydraulicSystems,1,cooler_condition,Train Majority,203,30450,30750,3,100,0,1.0,1
HydraulicSystems,1,cooler_condition,Train Majority,204,30600,30900,3,100,0,1.0,1
HydraulicSystems,1,cooler_condition,Train Majority,205,30750,31050,3,100,0,1.0,1
HydraulicSystems,1,cooler_condition,Train Majority,206,30900,31200,3,100,0,1.0,1
HydraulicSystems,1,cooler_condition,Train Majority,208,31200,31500,3,100,0,1.0,1
HydraulicSystems,1,cooler_condition,Train Majority,209,31350,31650,3,100,0,1.0,1
HydraulicSystems,1,cooler_condition,Train Majority,210,31500,31800,3,100,0,1.0,1
HydraulicSystems,1,cooler_condition,Train Majority,212,31800,32100,3,100,0,1.0,1
HydraulicSystems,1,cooler_condition,Train Majority,213,31950,32250,3,100,0,1.0,1
HydraulicSystems,1,cooler_condition,Train Majority,214,32100,32400,3,100,0,1.0,1
HydraulicSystems,1,cooler_condition,Train Majority,215,32250,32550,3,100,0,1.0,1
HydraulicSystems,1,cooler_condition,Train Majority,222,33300,33600,3,100,0,1.0,1
HydraulicSystems,1,cooler_condition,Train Majority,227,34050,34350,3,100,0,1.0,1
HydraulicSystems,1,cooler_condition,Train Majority,231,34650,34950,3,100,0,1.0,1
HydraulicSystems,1,cooler_condition,Train Majority,232,34800,35100,3,100,0,1.0,1
HydraulicSystems,1,cooler_condition,Train Majority,234,35100,35400,3,100,0,1.0,1
HydraulicSystems,1,cooler_condition,Train Majority,237,35550,35850,3,100,0,1.0,1
HydraulicSystems,1,cooler_condition,Train Majority,238,35700,36000,3,100,0,1.0,1
HydraulicSystems,1,cooler_condition,Train Majority,244,36600,36900,3,100,0,1.0,1
HydraulicSystems,1,cooler_condition,Train Majority,245,36750,37050,3,100,0,1.0,1
HydraulicSystems,1,cooler_condition,Train Majority,247,37050,37350,3,100,0,1.0,1
HydraulicSystems,1,cooler_condition,Train Majority,248,37200,37500,3,100,0,1.0,1
HydraulicSystems,1,cooler_condition,Train Majority,250,37500,37800,3,100,0,1.0,1
HydraulicSystems,1,cooler_condition,Train Majority,251,37650,37950,3,100,0,1.0,1
HydraulicSystems,1,cooler_condition,Train Majority,252,37800,38100,3,100,0,1.0,1
HydraulicSystems,1,cooler_condition,Train Majority,253,37950,38250,3,100,0,1.0,1
HydraulicSystems,1,cooler_condition,Train Majority,254,38100,38400,3,100,0,1.0,1
HydraulicSystems,1,cooler_condition,Train Majority,255,38250,38550,3,100,0,1.0,1
HydraulicSystems,1,cooler_condition,Train Majority,259,38850,39150,3,100,0,1.0,1
HydraulicSystems,1,cooler_condition,Train Majority,262,39300,39600,3,100,0,1.0,1
HydraulicSystems,1,cooler_condition,Train Majority,264,39600,39900,3,100,0,1.0,1
HydraulicSystems,1,cooler_condition,Train Majority,267,40050,40350,3,100,0,1.0,1
HydraulicSystems,1,cooler_condition,Train Majority,268,40200,40500,3,100,0,1.0,1
HydraulicSystems,1,cooler_condition,Train Majority,271,40650,40950,3,100,0,1.0,1
HydraulicSystems,1,cooler_condition,Train Majority,274,41100,41400,3,100,0,1.0,1
HydraulicSystems,1,cooler_condition,Train Majority,277,41550,41850,3,100,0,1.0,1
HydraulicSystems,1,cooler_condition,Train Majority,278,41700,42000,3,100,0,1.0,1
HydraulicSystems,1,cooler_condition,Train Majority,280,42000,42300,3,100,0,1.0,1
HydraulicSystems,1,cooler_condition,Train Majority,281,42150,42450,3,100,0,1.0,1
HydraulicSystems,1,cooler_condition,Train Majority,283,42450,42750,3,100,0,1.0,1
HydraulicSystems,1,cooler_condition,Train Majority,284,42600,42900,3,100,0,1.0,1
HydraulicSystems,1,cooler_condition,Train Majority,285,42750,43050,3,100,0,1.0,1
HydraulicSystems,1,cooler_condition,Train Majority,287,43050,43350,3,100,0,1.0,1
HydraulicSystems,1,cooler_condition,Train Majority,289,43350,43650,3,100,0,1.0,1
HydraulicSystems,1,cooler_condition,Train Majority,290,43500,43800,3,100,0,1.0,1
HydraulicSystems,1,cooler_condition,Train Majority,295,44250,44550,20,100,0,1.0,1
HydraulicSystems,1,cooler_condition,Train Majority,296,44400,44700,20,100,0,1.0,1
HydraulicSystems,1,cooler_condition,Train Majority,299,44850,45150,20,100,0,1.0,1
HydraulicSystems,1,cooler_condition,Train Majority,301,45150,45450,20,100,0,1.0,0
HydraulicSystems,1,cooler_condition,Train Majority,302,45300,45600,20,100,0,1.0,1
HydraulicSystems,1,cooler_condition,Train Majority,303,45450,45750,20,100,0,1.0,1
HydraulicSystems,1,cooler_condition,Train Majority,306,45900,46200,20,100,0,1.0,1
HydraulicSystems,1,cooler_condition,Train Majority,307,46050,46350,20,100,0,1.0,0
HydraulicSystems,1,cooler_condition,Train Majority,308,46200,46500,20,100,0,1.0,0
HydraulicSystems,1,cooler_condition,Train Majority,315,47250,47550,20,100,0,1.0,1
HydraulicSystems,1,cooler_condition,Train Majority,317,47550,47850,20,100,0,1.0,0
HydraulicSystems,1,cooler_condition,Train Majority,321,48150,48450,20,100,0,1.0,0
HydraulicSystems,1,cooler_condition,Train Majority,327,49050,49350,20,100,0,1.0,0
HydraulicSystems,1,cooler_condition,Train Majority,328,49200,49500,20,100,0,1.0,0
HydraulicSystems,1,cooler_condition,Train Majority,331,49650,49950,20,100,0,1.0,0
HydraulicSystems,1,cooler_condition,Train Majority,332,49800,50100,20,100,0,1.0,0
HydraulicSystems,1,cooler_condition,Train Majority,333,49950,50250,20,100,0,1.0,0
HydraulicSystems,1,cooler_condition,Train Majority,339,50850,51150,20,100,0,1.0,0
HydraulicSystems,1,cooler_condition,Train Majority,340,51000,51300,20,100,0,1.0,0
HydraulicSystems,1,cooler_condition,Train Majority,343,51450,51750,20,100,0,1.0,0
HydraulicSystems,1,cooler_condition,Train Majority,347,52050,52350,20,100,0,1.0,0
HydraulicSystems,1,cooler_condition,Train Majority,348,52200,52500,20,100,0,1.0,1
HydraulicSystems,1,cooler_condition,Train Majority,352,52800,53100,20,100,0,1.0,0
HydraulicSystems,1,cooler_condition,Train Majority,353,52950,53250,20,100,0,1.0,0
HydraulicSystems,1,cooler_condition,Train Majority,355,53250,53550,20,100,0,1.0,0
HydraulicSystems,1,cooler_condition,Train Majority,356,53400,53700,20,100,0,1.0,0
HydraulicSystems,1,cooler_condition,Train Majority,357,53550,53850,20,100,0,1.0,0
HydraulicSystems,1,cooler_condition,Train Majority,358,53700,54000,20,100,0,1.0,0
HydraulicSystems,1,cooler_condition,Train Majority,359,53850,54150,20,100,0,1.0,0
HydraulicSystems,1,cooler_condition,Train Majority,360,54000,54300,20,100,0,1.0,0
HydraulicSystems,1,cooler_condition,Train Majority,361,54150,54450,20,100,0,1.0,0
HydraulicSystems,1,cooler_condition,Train Majority,363,54450,54750,20,100,0,1.0,0
HydraulicSystems,1,cooler_condition,Train Majority,365,54750,55050,20,100,0,1.0,0
HydraulicSystems,1,cooler_condition,Train Majority,367,55050,55350,20,100,0,1.0,0
HydraulicSystems,1,cooler_condition,Train Majority,369,55350,55650,20,100,0,1.0,0
HydraulicSystems,1,cooler_condition,Train Majority,370,55500,55800,20,100,0,1.0,0
HydraulicSystems,1,cooler_condition,Train Majority,371,55650,55950,20,100,0,1.0,0
HydraulicSystems,1,cooler_condition,Train Majority,374,56100,56400,20,100,0,1.0,0
HydraulicSystems,1,cooler_condition,Train Majority,377,56550,56850,20,100,0,1.0,0
HydraulicSystems,1,cooler_condition,Train Majority,381,57150,57450,20,100,0,1.0,0
HydraulicSystems,1,cooler_condition,Train Majority,382,57300,57600,20,100,0,1.0,0
HydraulicSystems,1,cooler_condition,Train Majority,385,57750,58050,20,100,0,1.0,0
HydraulicSystems,1,cooler_condition,Train Majority,386,57900,58200,20,100,0,1.0,0
HydraulicSystems,1,cooler_condition,Train Majority,388,58200,58500,20,100,0,1.0,0
HydraulicSystems,1,cooler_condition,Train Majority,389,58350,58650,20,100,0,1.0,0
HydraulicSystems,1,cooler_condition,Train Majority,395,59250,59550,20,100,0,1.0,0
HydraulicSystems,1,cooler_condition,Train Majority,396,59400,59700,20,100,0,1.0,0
HydraulicSystems,1,cooler_condition,Train Majority,397,59550,59850,20,100,0,1.0,1
HydraulicSystems,1,cooler_condition,Train Majority,398,59700,60000,20,100,0,1.0,0
HydraulicSystems,1,cooler_condition,Train Majority,399,59850,60150,20,100,0,1.0,0
HydraulicSystems,1,cooler_condition,Train Majority,400,60000,60300,20,100,0,1.0,0
HydraulicSystems,1,cooler_condition,Train Majority,401,60150,60450,20,100,0,1.0,0
HydraulicSystems,1,cooler_condition,Train Majority,403,60450,60750,20,100,0,1.0,0
HydraulicSystems,1,cooler_condition,Train Majority,404,60600,60900,20,100,0,1.0,0
HydraulicSystems,1,cooler_condition,Train Majority,406,60900,61200,20,100,0,1.0,0
HydraulicSystems,1,cooler_condition,Train Majority,407,61050,61350,20,100,0,1.0,0
HydraulicSystems,1,cooler_condition,Train Majority,415,62250,62550,20,100,0,1.0,0
HydraulicSystems,1,cooler_condition,Train Majority,416,62400,62700,20,100,0,1.0,0
HydraulicSystems,1,cooler_condition,Train Majority,420,63000,63300,20,100,0,1.0,0
HydraulicSystems,1,cooler_condition,Train Majority,421,63150,63450,20,100,0,1.0,0
HydraulicSystems,1,cooler_condition,Train Majority,426,63900,64200,20,100,0,1.0,0
HydraulicSystems,1,cooler_condition,Train Majority,428,64200,64500,20,100,0,1.0,0
HydraulicSystems,1,cooler_condition,Train Majority,429,64350,64650,20,100,0,1.0,0
HydraulicSystems,1,cooler_condition,Train Majority,430,64500,64800,20,100,0,1.0,0
HydraulicSystems,1,cooler_condition,Train Majority,431,64650,64950,20,100,0,1.0,0
HydraulicSystems,1,cooler_condition,Train Majority,432,64800,65100,20,100,0,1.0,0
HydraulicSystems,1,cooler_condition,Train Majority,435,65250,65550,20,100,0,1.0,0
HydraulicSystems,1,cooler_condition,Train Majority,438,65700,66000,20,100,0,1.0,0
HydraulicSystems,1,cooler_condition,Train Majority,439,65850,66150,20,100,0,1.0,0
HydraulicSystems,1,cooler_condition,Train Majority,441,66150,66450,20,100,0,1.0,0
HydraulicSystems,1,cooler_condition,Train Majority,442,66300,66600,20,100,0,1.0,0
HydraulicSystems,1,cooler_condition,Train Majority,443,66450,66750,20,100,0,1.0,0
HydraulicSystems,1,cooler_condition,Train Majority,444,66600,66900,20,100,0,1.0,0
HydraulicSystems,1,cooler_condition,Train Majority,445,66750,67050,20,100,0,1.0,0
HydraulicSystems,1,cooler_condition,Train Majority,446,66900,67200,20,100,0,1.0,0
HydraulicSystems,1,cooler_condition,Train Majority,447,67050,67350,20,100,0,1.0,0
HydraulicSystems,1,cooler_condition,Train Majority,448,67200,67500,20,100,0,1.0,0
HydraulicSystems,1,cooler_condition,Train Majority,449,67350,67650,20,100,0,1.0,0
HydraulicSystems,1,cooler_condition,Train Majority,450,67500,67800,20,100,0,1.0,0
HydraulicSystems,1,cooler_condition,Train Majority,454,68100,68400,20,100,0,1.0,0
HydraulicSystems,1,cooler_condition,Train Majority,455,68250,68550,20,100,0,1.0,0
HydraulicSystems,1,cooler_condition,Train Majority,456,68400,68700,20,100,0,1.0,0
HydraulicSystems,1,cooler_condition,Train Majority,457,68550,68850,20,100,0,1.0,0
HydraulicSystems,1,cooler_condition,Train Majority,459,68850,69150,20,100,0,1.0,0
HydraulicSystems,1,cooler_condition,Train Majority,460,69000,69300,20,100,0,1.0,0
HydraulicSystems,1,cooler_condition,Train Majority,461,69150,69450,20,100,0,1.0,0
HydraulicSystems,1,cooler_condition,Train Majority,462,69300,69600,20,100,0,1.0,0
HydraulicSystems,1,cooler_condition,Train Majority,463,69450,69750,20,100,0,1.0,0
HydraulicSystems,1,cooler_condition,Train Majority,468,70200,70500,20,100,0,1.0,1
HydraulicSystems,1,cooler_condition,Train Majority,470,70500,70800,20,100,0,1.0,0
HydraulicSystems,1,cooler_condition,Train Majority,472,70800,71100,20,100,0,1.0,0
HydraulicSystems,1,cooler_condition,Train Majority,475,71250,71550,20,100,0,1.0,0
HydraulicSystems,1,cooler_condition,Train Majority,478,71700,72000,20,100,0,1.0,0
HydraulicSystems,1,cooler_condition,Train Majority,480,72000,72300,20,100,0,1.0,0
HydraulicSystems,1,cooler_condition,Train Majority,481,72150,72450,20,100,0,1.0,0
HydraulicSystems,1,cooler_condition,Train Majority,484,72600,72900,20,100,0,1.0,0
HydraulicSystems,1,cooler_condition,Train Majority,485,72750,73050,20,100,0,1.0,0
HydraulicSystems,1,cooler_condition,Train Majority,486,72900,73200,20,100,0,1.0,0
HydraulicSystems,1,cooler_condition,Train Majority,490,73500,73800,20,100,0,1.0,0
HydraulicSystems,1,cooler_condition,Train Majority,493,73950,74250,20,100,0,1.0,0
HydraulicSystems,1,cooler_condition,Train Majority,495,74250,74550,20,100,0,1.0,0
HydraulicSystems,1,cooler_condition,Train Majority,497,74550,74850,20,100,0,1.0,0
HydraulicSystems,1,cooler_condition,Train Majority,499,74850,75150,20,100,0,1.0,0
HydraulicSystems,1,cooler_condition,Train Majority,500,75000,75300,20,100,0,1.0,0
HydraulicSystems,1,cooler_condition,Train Majority,502,75300,75600,20,100,0,1.0,0
HydraulicSystems,1,cooler_condition,Train Majority,503,75450,75750,20,100,0,1.0,0
HydraulicSystems,1,cooler_condition,Train Majority,505,75750,76050,20,100,0,1.0,0
HydraulicSystems,1,cooler_condition,Train Majority,506,75900,76200,20,100,0,1.0,0
HydraulicSystems,1,cooler_condition,Train Majority,508,76200,76500,20,100,0,1.0,0
HydraulicSystems,1,cooler_condition,Train Majority,510,76500,76800,20,100,0,1.0,0
HydraulicSystems,1,cooler_condition,Train Majority,511,76650,76950,20,100,0,1.0,0
HydraulicSystems,1,cooler_condition,Train Majority,512,76800,77100,20,100,0,1.0,0
HydraulicSystems,1,cooler_condition,Train Majority,514,77100,77400,20,100,0,1.0,0
HydraulicSystems,1,cooler_condition,Train Majority,517,77550,77850,20,100,0,1.0,0
HydraulicSystems,1,cooler_condition,Train Majority,518,77700,78000,20,100,0,1.0,0
HydraulicSystems,1,cooler_condition,Train Majority,520,78000,78300,20,100,0,1.0,0
HydraulicSystems,1,cooler_condition,Train Majority,523,78450,78750,20,100,0,1.0,0
HydraulicSystems,1,cooler_condition,Train Majority,525,78750,79050,20,100,0,1.0,0
HydraulicSystems,1,cooler_condition,Train Majority,526,78900,79200,20,100,0,1.0,0
HydraulicSystems,1,cooler_condition,Train Majority,527,79050,79350,20,100,0,1.0,0
HydraulicSystems,1,cooler_condition,Train Majority,529,79350,79650,20,100,0,1.0,0
HydraulicSystems,1,cooler_condition,Train Majority,535,80250,80550,20,100,0,1.0,0
HydraulicSystems,1,cooler_condition,Train Majority,536,80400,80700,20,100,0,1.0,0
HydraulicSystems,1,cooler_condition,Train Majority,537,80550,80850,20,100,0,1.0,0
HydraulicSystems,1,cooler_condition,Train Majority,538,80700,81000,20,100,0,1.0,0
HydraulicSystems,1,cooler_condition,Train Majority,539,80850,81150,20,100,0,1.0,0
HydraulicSystems,1,cooler_condition,Train Majority,540,81000,81300,20,100,0,1.0,0
HydraulicSystems,1,cooler_condition,Train Majority,541,81150,81450,20,100,0,1.0,0
HydraulicSystems,1,cooler_condition,Train Majority,542,81300,81600,20,100,0,1.0,0
HydraulicSystems,1,cooler_condition,Train Majority,545,81750,82050,20,100,0,1.0,0
HydraulicSystems,1,cooler_condition,Train Majority,546,81900,82200,20,100,0,1.0,0
HydraulicSystems,1,cooler_condition,Train Majority,547,82050,82350,20,100,0,1.0,0
HydraulicSystems,1,cooler_condition,Train Majority,549,82350,82650,20,100,0,1.0,0
HydraulicSystems,1,cooler_condition,Train Majority,552,82800,83100,20,100,0,1.0,0
HydraulicSystems,1,cooler_condition,Train Majority,553,82950,83250,20,100,0,1.0,0
HydraulicSystems,1,cooler_condition,Train Majority,558,83700,84000,20,100,0,1.0,0
HydraulicSystems,1,cooler_condition,Train Majority,559,83850,84150,20,100,0,1.0,0
HydraulicSystems,1,cooler_condition,Train Majority,560,84000,84300,20,100,0,1.0,0
HydraulicSystems,1,cooler_condition,Train Majority,561,84150,84450,20,100,0,1.0,0
HydraulicSystems,1,cooler_condition,Train Majority,562,84300,84600,20,100,0,1.0,0
HydraulicSystems,1,cooler_condition,Train Majority,564,84600,84900,20,100,0,1.0,0
HydraulicSystems,1,cooler_condition,Train Majority,567,85050,85350,20,100,0,1.0,0
HydraulicSystems,1,cooler_condition,Train Majority,570,85500,85800,20,100,0,1.0,1
HydraulicSystems,1,cooler_condition,Train Majority,574,86100,86400,20,100,0,1.0,0
HydraulicSystems,1,cooler_condition,Train Majority,579,86850,87150,20,100,0,1.0,0
HydraulicSystems,1,cooler_condition,Train Majority,581,87150,87450,20,100,0,1.0,0
HydraulicSystems,1,cooler_condition,Train Majority,585,87750,88050,100,100,1,0.7,1
HydraulicSystems,1,cooler_condition,Train Majority,586,87900,88200,100,100,1,1.0,1
HydraulicSystems,1,cooler_condition,Train Majority,589,88350,88650,100,100,1,1.0,1
HydraulicSystems,1,cooler_condition,Train Majority,590,88500,88800,100,100,1,1.0,0
HydraulicSystems,1,cooler_condition,Train Majority,591,88650,88950,100,100,1,1.0,1
HydraulicSystems,1,cooler_condition,Train Majority,592,88800,89100,100,100,1,1.0,0
HydraulicSystems,1,cooler_condition,Train Majority,593,88950,89250,100,100,1,1.0,0
HydraulicSystems,1,cooler_condition,Train Majority,594,89100,89400,100,100,1,1.0,0
HydraulicSystems,1,cooler_condition,Train Majority,595,89250,89550,100,100,1,1.0,0
HydraulicSystems,1,cooler_condition,Train Majority,598,89700,90000,100,100,1,1.0,0
HydraulicSystems,1,cooler_condition,Train Majority,599,89850,90150,100,100,1,1.0,0
HydraulicSystems,1,cooler_condition,Train Majority,603,90450,90750,100,100,1,1.0,0
HydraulicSystems,1,cooler_condition,Train Majority,604,90600,90900,100,100,1,1.0,0
HydraulicSystems,1,cooler_condition,Train Majority,605,90750,91050,100,100,1,1.0,0
HydraulicSystems,1,cooler_condition,Train Majority,606,90900,91200,100,100,1,1.0,0
HydraulicSystems,1,cooler_condition,Train Majority,607,91050,91350,100,100,1,1.0,0
HydraulicSystems,1,cooler_condition,Train Majority,608,91200,91500,100,100,1,1.0,0
HydraulicSystems,1,cooler_condition,Train Majority,609,91350,91650,100,100,1,1.0,0
HydraulicSystems,1,cooler_condition,Train Majority,612,91800,92100,100,100,1,1.0,0
HydraulicSystems,1,cooler_condition,Train Majority,614,92100,92400,100,100,1,1.0,0
HydraulicSystems,1,cooler_condition,Train Majority,616,92400,92700,100,100,1,1.0,0
HydraulicSystems,1,cooler_condition,Train Majority,617,92550,92850,100,100,1,1.0,0
HydraulicSystems,1,cooler_condition,Train Majority,621,93150,93450,100,100,1,1.0,0
HydraulicSystems,1,cooler_condition,Train Majority,625,93750,94050,100,100,1,1.0,0
HydraulicSystems,1,cooler_condition,Train Majority,628,94200,94500,100,100,1,1.0,0
HydraulicSystems,1,cooler_condition,Train Majority,629,94350,94650,100,100,1,1.0,0
HydraulicSystems,1,cooler_condition,Train Majority,632,94800,95100,100,100,1,1.0,0
HydraulicSystems,1,cooler_condition,Train Majority,633,94950,95250,100,100,1,1.0,0
HydraulicSystems,1,cooler_condition,Train Majority,636,95400,95700,100,100,1,1.0,0
HydraulicSystems,1,cooler_condition,Train Majority,637,95550,95850,100,100,1,1.0,0
HydraulicSystems,1,cooler_condition,Train Majority,639,95850,96150,100,100,1,1.0,0
HydraulicSystems,1,cooler_condition,Train Majority,644,96600,96900,100,100,1,1.0,0
HydraulicSystems,1,cooler_condition,Train Majority,646,96900,97200,100,100,1,1.0,0
HydraulicSystems,1,cooler_condition,Train Majority,648,97200,97500,100,100,1,1.0,0
HydraulicSystems,1,cooler_condition,Train Majority,650,97500,97800,100,100,1,1.0,0
HydraulicSystems,1,cooler_condition,Train Majority,651,97650,97950,100,100,1,1.0,0
HydraulicSystems,1,cooler_condition,Train Majority,652,97800,98100,100,100,1,1.0,0
HydraulicSystems,1,cooler_condition,Train Majority,654,98100,98400,100,100,1,1.0,0
HydraulicSystems,1,cooler_condition,Train Majority,655,98250,98550,100,100,1,1.0,0
HydraulicSystems,1,cooler_condition,Train Majority,658,98700,99000,100,100,1,1.0,0
HydraulicSystems,1,cooler_condition,Train Majority,659,98850,99150,100,100,1,1.0,0
HydraulicSystems,1,cooler_condition,Train Majority,663,99450,99750,100,100,1,1.0,0
HydraulicSystems,1,cooler_condition,Train Majority,665,99750,100050,100,100,1,1.0,0
HydraulicSystems,1,cooler_condition,Train Majority,666,99900,100200,100,100,1,1.0,0
HydraulicSystems,1,cooler_condition,Train Majority,668,100200,100500,100,100,1,1.0,0
HydraulicSystems,1,cooler_condition,Train Majority,669,100350,100650,100,100,1,1.0,0
HydraulicSystems,1,cooler_condition,Train Majority,671,100650,100950,100,100,1,1.0,0
HydraulicSystems,1,cooler_condition,Train Majority,672,100800,101100,100,100,1,1.0,0
HydraulicSystems,1,cooler_condition,Train Majority,673,100950,101250,100,100,1,1.0,0
HydraulicSystems,1,cooler_condition,Train Majority,675,101250,101550,100,100,1,1.0,0
HydraulicSystems,1,cooler_condition,Train Majority,681,102150,102450,100,100,1,1.0,0
HydraulicSystems,1,cooler_condition,Train Majority,682,102300,102600,100,100,1,1.0,0
HydraulicSystems,1,cooler_condition,Train Majority,684,102600,102900,100,100,1,1.0,0
HydraulicSystems,1,cooler_condition,Train Majority,688,103200,103500,100,100,1,1.0,0
HydraulicSystems,1,cooler_condition,Train Majority,690,103500,103800,100,100,1,1.0,0
HydraulicSystems,1,cooler_condition,Train Majority,691,103650,103950,100,100,1,1.0,0
HydraulicSystems,1,cooler_condition,Train Majority,692,103800,104100,100,100,1,1.0,0
HydraulicSystems,1,cooler_condition,Train Majority,693,103950,104250,100,100,1,1.0,0
HydraulicSystems,1,cooler_condition,Train Majority,695,104250,104550,100,100,1,1.0,0
HydraulicSystems,1,cooler_condition,Train Majority,696,104400,104700,100,100,1,1.0,0
HydraulicSystems,1,cooler_condition,Train Majority,698,104700,105000,100,100,1,1.0,0
HydraulicSystems,1,cooler_condition,Train Majority,702,105300,105600,100,100,1,1.0,0
HydraulicSystems,1,cooler_condition,Train Majority,705,105750,106050,100,100,1,1.0,0
HydraulicSystems,1,cooler_condition,Train Majority,706,105900,106200,100,100,1,1.0,0
HydraulicSystems,1,cooler_condition,Train Majority,708,106200,106500,100,100,1,1.0,0
HydraulicSystems,1,cooler_condition,Train Majority,712,106800,107100,100,100,1,1.0,0
HydraulicSystems,1,cooler_condition,Train Majority,715,107250,107550,100,100,1,1.0,0
HydraulicSystems,1,cooler_condition,Train Majority,716,107400,107700,100,100,1,1.0,0
HydraulicSystems,1,cooler_condition,Train Majority,718,107700,108000,100,100,1,1.0,0
HydraulicSystems,1,cooler_condition,Train Majority,720,108000,108300,100,100,1,1.0,0
HydraulicSystems,1,cooler_condition,Train Majority,721,108150,108450,100,100,1,1.0,0
HydraulicSystems,1,cooler_condition,Train Majority,723,108450,108750,100,100,1,1.0,0
HydraulicSystems,1,cooler_condition,Train Majority,726,108900,109200,100,100,1,1.0,0
HydraulicSystems,1,cooler_condition,Train Majority,728,109200,109500,100,100,1,1.0,0
HydraulicSystems,1,cooler_condition,Train Majority,730,109500,109800,100,100,1,1.0,0
HydraulicSystems,1,cooler_condition,Train Majority,731,109650,109950,100,100,1,1.0,0
HydraulicSystems,1,cooler_condition,Train Majority,732,109800,110100,100,100,1,1.0,0
HydraulicSystems,1,cooler_condition,Train Majority,733,109950,110250,100,100,1,1.0,0
HydraulicSystems,1,cooler_condition,Train Majority,734,110100,110400,100,100,1,1.0,0
HydraulicSystems,1,cooler_condition,Train Majority,735,110250,110550,100,100,1,1.0,0
HydraulicSystems,1,cooler_condition,Train Majority,737,110550,110850,100,100,1,1.0,0
HydraulicSystems,1,cooler_condition,Train Majority,738,110700,111000,100,100,1,1.0,0
HydraulicSystems,1,cooler_condition,Train Majority,741,111150,111450,100,100,1,1.0,0
HydraulicSystems,1,cooler_condition,Train Majority,742,111300,111600,100,100,1,1.0,0
HydraulicSystems,1,cooler_condition,Train Majority,744,111600,111900,100,100,1,1.0,0
HydraulicSystems,1,cooler_condition,Train Majority,746,111900,112200,100,100,1,1.0,0
HydraulicSystems,1,cooler_condition,Train Majority,748,112200,112500,100,100,1,1.0,0
HydraulicSystems,1,cooler_condition,Train Majority,750,112500,112800,100,100,1,1.0,0
HydraulicSystems,1,cooler_condition,Train Majority,751,112650,112950,100,100,1,1.0,0
HydraulicSystems,1,cooler_condition,Train Majority,752,112800,113100,100,100,1,1.0,0
HydraulicSystems,1,cooler_condition,Train Majority,756,113400,113700,100,100,1,1.0,0
HydraulicSystems,1,cooler_condition,Train Majority,757,113550,113850,100,100,1,1.0,0
HydraulicSystems,1,cooler_condition,Train Majority,760,114000,114300,100,100,1,1.0,0
HydraulicSystems,1,cooler_condition,Train Majority,766,114900,115200,100,100,1,1.0,0
HydraulicSystems,1,cooler_condition,Train Majority,767,115050,115350,100,100,1,1.0,0
HydraulicSystems,1,cooler_condition,Train Majority,769,115350,115650,100,100,1,1.0,0
HydraulicSystems,1,cooler_condition,Train Majority,770,115500,115800,100,100,1,1.0,0
HydraulicSystems,1,cooler_condition,Train Majority,773,115950,116250,100,100,1,1.0,0
HydraulicSystems,1,cooler_condition,Train Majority,774,116100,116400,100,100,1,1.0,0
HydraulicSystems,1,cooler_condition,Train Majority,775,116250,116550,100,100,1,1.0,0
HydraulicSystems,1,cooler_condition,Train Majority,777,116550,116850,100,100,1,1.0,0
HydraulicSystems,1,cooler_condition,Train Majority,778,116700,117000,100,100,1,1.0,0
HydraulicSystems,1,cooler_condition,Train Majority,779,116850,117150,100,100,1,1.0,0
HydraulicSystems,1,cooler_condition,Train Majority,780,117000,117300,100,100,1,1.0,0
HydraulicSystems,1,cooler_condition,Train Majority,782,117300,117600,100,100,1,1.0,0
HydraulicSystems,1,cooler_condition,Train Majority,788,118200,118500,100,100,1,1.0,0
HydraulicSystems,1,cooler_condition,Train Majority,789,118350,118650,100,100,1,1.0,0
HydraulicSystems,1,cooler_condition,Train Majority,791,118650,118950,100,100,1,1.0,0
HydraulicSystems,1,cooler_condition,Train Majority,793,118950,119250,100,100,1,1.0,0
HydraulicSystems,1,cooler_condition,Train Majority,794,119100,119400,100,100,1,1.0,0
HydraulicSystems,1,cooler_condition,Train Majority,796,119400,119700,100,100,1,1.0,0
HydraulicSystems,1,cooler_condition,Train Majority,797,119550,119850,100,100,1,1.0,0
HydraulicSystems,1,cooler_condition,Train Majority,803,120450,120750,100,100,1,1.0,0
HydraulicSystems,1,cooler_condition,Train Majority,804,120600,120900,100,100,1,1.0,0
HydraulicSystems,1,cooler_condition,Train Majority,805,120750,121050,100,100,1,1.0,0
HydraulicSystems,1,cooler_condition,Train Majority,806,120900,121200,100,100,1,1.0,0
HydraulicSystems,1,cooler_condition,Train Majority,807,121050,121350,100,100,1,1.0,0
HydraulicSystems,1,cooler_condition,Train Majority,808,121200,121500,100,100,1,1.0,0
HydraulicSystems,1,cooler_condition,Train Majority,809,121350,121650,100,100,1,1.0,0
HydraulicSystems,1,cooler_condition,Train Majority,810,121500,121800,100,100,1,1.0,0
HydraulicSystems,1,cooler_condition,Train Majority,811,121650,121950,100,100,1,1.0,0
HydraulicSystems,1,cooler_condition,Train Majority,814,122100,122400,100,100,1,1.0,0
HydraulicSystems,1,cooler_condition,Train Majority,820,123000,123300,100,100,1,1.0,0
HydraulicSystems,1,cooler_condition,Train Majority,821,123150,123450,100,100,1,1.0,0
HydraulicSystems,1,cooler_condition,Train Majority,823,123450,123750,100,100,1,1.0,0
HydraulicSystems,1,cooler_condition,Train Majority,825,123750,124050,100,100,1,1.0,0
HydraulicSystems,1,cooler_condition,Train Majority,826,123900,124200,100,100,1,1.0,0
HydraulicSystems,1,cooler_condition,Train Majority,827,124050,124350,100,100,1,1.0,0
HydraulicSystems,1,cooler_condition,Train Majority,829,124350,124650,100,100,1,1.0,0
HydraulicSystems,1,cooler_condition,Train Majority,832,124800,125100,100,100,1,1.0,0
HydraulicSystems,1,cooler_condition,Train Majority,836,125400,125700,100,100,1,1.0,0
HydraulicSystems,1,cooler_condition,Train Majority,837,125550,125850,100,100,1,1.0,0
HydraulicSystems,1,cooler_condition,Train Majority,839,125850,126150,100,100,1,1.0,0
HydraulicSystems,1,cooler_condition,Train Majority,843,126450,126750,100,100,1,1.0,0
HydraulicSystems,1,cooler_condition,Train Majority,846,126900,127200,100,100,1,1.0,0
HydraulicSystems,1,cooler_condition,Train Majority,848,127200,127500,100,100,1,1.0,0
HydraulicSystems,1,cooler_condition,Train Majority,856,128400,128700,100,100,1,1.0,0
HydraulicSystems,1,cooler_condition,Train Majority,858,128700,129000,100,100,1,1.0,0
HydraulicSystems,1,cooler_condition,Train Majority,859,128850,129150,100,100,1,1.0,0
HydraulicSystems,1,cooler_condition,Train Majority,864,129600,129900,100,100,1,1.0,0
HydraulicSystems,1,cooler_condition,Train Majority,865,129750,130050,100,100,1,1.0,0
HydraulicSystems,1,cooler_condition,Train Majority,867,130050,130350,100,100,1,1.0,0
HydraulicSystems,1,cooler_condition,Train Majority,873,130950,131250,100,100,1,1.0,0
HydraulicSystems,1,cooler_condition,Train Majority,874,131100,131400,100,100,1,1.0,0
HydraulicSystems,1,cooler_condition,Train Majority,875,131250,131550,100,100,1,1.0,0
HydraulicSystems,1,cooler_condition,Train Majority,876,131400,131700,100,100,1,1.0,0
HydraulicSystems,1,cooler_condition,Train Majority,877,131550,131850,100,100,1,1.0,0
HydraulicSystems,1,cooler_condition,Train Majority,878,131700,132000,100,100,1,1.0,0
HydraulicSystems,1,cooler_condition,SensorMeanStd Centroid,0,0,300,3,3,1,1.0,1
HydraulicSystems,1,cooler_condition,SensorMeanStd Centroid,2,300,600,3,3,1,1.0,1
HydraulicSystems,1,cooler_condition,SensorMeanStd Centroid,3,450,750,3,3,1,1.0,1
HydraulicSystems,1,cooler_condition,SensorMeanStd Centroid,4,600,900,3,3,1,1.0,1
HydraulicSystems,1,cooler_condition,SensorMeanStd Centroid,5,750,1050,3,3,1,1.0,1
HydraulicSystems,1,cooler_condition,SensorMeanStd Centroid,8,1200,1500,3,3,1,1.0,1
HydraulicSystems,1,cooler_condition,SensorMeanStd Centroid,10,1500,1800,3,3,1,1.0,1
HydraulicSystems,1,cooler_condition,SensorMeanStd Centroid,12,1800,2100,3,3,1,1.0,1
HydraulicSystems,1,cooler_condition,SensorMeanStd Centroid,15,2250,2550,3,3,1,1.0,1
HydraulicSystems,1,cooler_condition,SensorMeanStd Centroid,16,2400,2700,3,3,1,1.0,1
HydraulicSystems,1,cooler_condition,SensorMeanStd Centroid,21,3150,3450,3,3,1,1.0,1
HydraulicSystems,1,cooler_condition,SensorMeanStd Centroid,23,3450,3750,3,20,0,1.0,1
HydraulicSystems,1,cooler_condition,SensorMeanStd Centroid,26,3900,4200,3,3,1,1.0,1
HydraulicSystems,1,cooler_condition,SensorMeanStd Centroid,29,4350,4650,3,3,1,1.0,1
HydraulicSystems,1,cooler_condition,SensorMeanStd Centroid,30,4500,4800,3,3,1,1.0,1
HydraulicSystems,1,cooler_condition,SensorMeanStd Centroid,31,4650,4950,3,3,1,1.0,1
HydraulicSystems,1,cooler_condition,SensorMeanStd Centroid,32,4800,5100,3,3,1,1.0,1
HydraulicSystems,1,cooler_condition,SensorMeanStd Centroid,37,5550,5850,3,3,1,1.0,1
HydraulicSystems,1,cooler_condition,SensorMeanStd Centroid,39,5850,6150,3,3,1,1.0,1
HydraulicSystems,1,cooler_condition,SensorMeanStd Centroid,44,6600,6900,3,3,1,1.0,1
HydraulicSystems,1,cooler_condition,SensorMeanStd Centroid,46,6900,7200,3,3,1,1.0,1
HydraulicSystems,1,cooler_condition,SensorMeanStd Centroid,48,7200,7500,3,3,1,1.0,1
HydraulicSystems,1,cooler_condition,SensorMeanStd Centroid,49,7350,7650,3,3,1,1.0,1
HydraulicSystems,1,cooler_condition,SensorMeanStd Centroid,50,7500,7800,3,3,1,1.0,1
HydraulicSystems,1,cooler_condition,SensorMeanStd Centroid,52,7800,8100,3,3,1,1.0,1
HydraulicSystems,1,cooler_condition,SensorMeanStd Centroid,53,7950,8250,3,3,1,1.0,1
HydraulicSystems,1,cooler_condition,SensorMeanStd Centroid,54,8100,8400,3,3,1,1.0,1
HydraulicSystems,1,cooler_condition,SensorMeanStd Centroid,56,8400,8700,3,3,1,1.0,0
HydraulicSystems,1,cooler_condition,SensorMeanStd Centroid,57,8550,8850,3,3,1,1.0,1
HydraulicSystems,1,cooler_condition,SensorMeanStd Centroid,58,8700,9000,3,3,1,1.0,1
HydraulicSystems,1,cooler_condition,SensorMeanStd Centroid,61,9150,9450,3,3,1,1.0,1
HydraulicSystems,1,cooler_condition,SensorMeanStd Centroid,62,9300,9600,3,3,1,1.0,1
HydraulicSystems,1,cooler_condition,SensorMeanStd Centroid,64,9600,9900,3,3,1,1.0,1
HydraulicSystems,1,cooler_condition,SensorMeanStd Centroid,66,9900,10200,3,3,1,1.0,1
HydraulicSystems,1,cooler_condition,SensorMeanStd Centroid,70,10500,10800,3,3,1,1.0,1
HydraulicSystems,1,cooler_condition,SensorMeanStd Centroid,71,10650,10950,3,3,1,1.0,1
HydraulicSystems,1,cooler_condition,SensorMeanStd Centroid,73,10950,11250,3,3,1,1.0,1
HydraulicSystems,1,cooler_condition,SensorMeanStd Centroid,77,11550,11850,3,3,1,1.0,1
HydraulicSystems,1,cooler_condition,SensorMeanStd Centroid,80,12000,12300,3,3,1,1.0,1
HydraulicSystems,1,cooler_condition,SensorMeanStd Centroid,83,12450,12750,3,3,1,1.0,1
HydraulicSystems,1,cooler_condition,SensorMeanStd Centroid,84,12600,12900,3,3,1,1.0,1
HydraulicSystems,1,cooler_condition,SensorMeanStd Centroid,86,12900,13200,3,3,1,1.0,1
HydraulicSystems,1,cooler_condition,SensorMeanStd Centroid,88,13200,13500,3,3,1,1.0,1
HydraulicSystems,1,cooler_condition,SensorMeanStd Centroid,89,13350,13650,3,3,1,1.0,1
HydraulicSystems,1,cooler_condition,SensorMeanStd Centroid,90,13500,13800,3,3,1,1.0,1
HydraulicSystems,1,cooler_condition,SensorMeanStd Centroid,92,13800,14100,3,3,1,1.0,1
HydraulicSystems,1,cooler_condition,SensorMeanStd Centroid,94,14100,14400,3,3,1,1.0,1
HydraulicSystems,1,cooler_condition,SensorMeanStd Centroid,95,14250,14550,3,3,1,1.0,1
HydraulicSystems,1,cooler_condition,SensorMeanStd Centroid,96,14400,14700,3,3,1,1.0,1
HydraulicSystems,1,cooler_condition,SensorMeanStd Centroid,97,14550,14850,3,20,0,1.0,1
HydraulicSystems,1,cooler_condition,SensorMeanStd Centroid,98,14700,15000,3,3,1,1.0,1
HydraulicSystems,1,cooler_condition,SensorMeanStd Centroid,100,15000,15300,3,3,1,1.0,1
HydraulicSystems,1,cooler_condition,SensorMeanStd Centroid,101,15150,15450,3,3,1,1.0,1
HydraulicSystems,1,cooler_condition,SensorMeanStd Centroid,102,15300,15600,3,3,1,1.0,1
HydraulicSystems,1,cooler_condition,SensorMeanStd Centroid,103,15450,15750,3,3,1,1.0,1
HydraulicSystems,1,cooler_condition,SensorMeanStd Centroid,107,16050,16350,3,3,1,1.0,0
HydraulicSystems,1,cooler_condition,SensorMeanStd Centroid,109,16350,16650,3,3,1,1.0,1
HydraulicSystems,1,cooler_condition,SensorMeanStd Centroid,114,17100,17400,3,3,1,1.0,1
HydraulicSystems,1,cooler_condition,SensorMeanStd Centroid,115,17250,17550,3,3,1,1.0,1
HydraulicSystems,1,cooler_condition,SensorMeanStd Centroid,116,17400,17700,3,3,1,1.0,1
HydraulicSystems,1,cooler_condition,SensorMeanStd Centroid,117,17550,17850,3,3,1,1.0,1
HydraulicSystems,1,cooler_condition,SensorMeanStd Centroid,118,17700,18000,3,3,1,1.0,1
HydraulicSystems,1,cooler_condition,SensorMeanStd Centroid,119,17850,18150,3,3,1,1.0,1
HydraulicSystems,1,cooler_condition,SensorMeanStd Centroid,121,18150,18450,3,3,1,1.0,1
HydraulicSystems,1,cooler_condition,SensorMeanStd Centroid,126,18900,19200,3,3,1,1.0,1
HydraulicSystems,1,cooler_condition,SensorMeanStd Centroid,127,19050,19350,3,3,1,1.0,1
HydraulicSystems,1,cooler_condition,SensorMeanStd Centroid,128,19200,19500,3,3,1,1.0,1
HydraulicSystems,1,cooler_condition,SensorMeanStd Centroid,130,19500,19800,3,3,1,1.0,1
HydraulicSystems,1,cooler_condition,SensorMeanStd Centroid,133,19950,20250,3,3,1,1.0,1
HydraulicSystems,1,cooler_condition,SensorMeanStd Centroid,134,20100,20400,3,3,1,1.0,1
HydraulicSystems,1,cooler_condition,SensorMeanStd Centroid,138,20700,21000,3,3,1,1.0,1
HydraulicSystems,1,cooler_condition,SensorMeanStd Centroid,143,21450,21750,3,3,1,1.0,1
HydraulicSystems,1,cooler_condition,SensorMeanStd Centroid,145,21750,22050,3,3,1,1.0,1
HydraulicSystems,1,cooler_condition,SensorMeanStd Centroid,149,22350,22650,3,3,1,1.0,1
HydraulicSystems,1,cooler_condition,SensorMeanStd Centroid,150,22500,22800,3,3,1,1.0,1
HydraulicSystems,1,cooler_condition,SensorMeanStd Centroid,152,22800,23100,3,3,1,1.0,1
HydraulicSystems,1,cooler_condition,SensorMeanStd Centroid,153,22950,23250,3,3,1,1.0,1
HydraulicSystems,1,cooler_condition,SensorMeanStd Centroid,154,23100,23400,3,3,1,1.0,1
HydraulicSystems,1,cooler_condition,SensorMeanStd Centroid,155,23250,23550,3,3,1,1.0,1
HydraulicSystems,1,cooler_condition,SensorMeanStd Centroid,156,23400,23700,3,3,1,1.0,1
HydraulicSystems,1,cooler_condition,SensorMeanStd Centroid,158,23700,24000,3,3,1,1.0,1
HydraulicSystems,1,cooler_condition,SensorMeanStd Centroid,159,23850,24150,3,3,1,1.0,1
HydraulicSystems,1,cooler_condition,SensorMeanStd Centroid,163,24450,24750,3,3,1,1.0,1
HydraulicSystems,1,cooler_condition,SensorMeanStd Centroid,167,25050,25350,3,3,1,1.0,1
HydraulicSystems,1,cooler_condition,SensorMeanStd Centroid,168,25200,25500,3,3,1,1.0,1
HydraulicSystems,1,cooler_condition,SensorMeanStd Centroid,171,25650,25950,3,3,1,1.0,1
HydraulicSystems,1,cooler_condition,SensorMeanStd Centroid,176,26400,26700,3,3,1,1.0,1
HydraulicSystems,1,cooler_condition,SensorMeanStd Centroid,177,26550,26850,3,3,1,1.0,1
HydraulicSystems,1,cooler_condition,SensorMeanStd Centroid,179,26850,27150,3,3,1,1.0,1
HydraulicSystems,1,cooler_condition,SensorMeanStd Centroid,180,27000,27300,3,3,1,1.0,1
HydraulicSystems,1,cooler_condition,SensorMeanStd Centroid,183,27450,27750,3,3,1,1.0,1
HydraulicSystems,1,cooler_condition,SensorMeanStd Centroid,186,27900,28200,3,3,1,1.0,1
HydraulicSystems,1,cooler_condition,SensorMeanStd Centroid,187,28050,28350,3,3,1,1.0,1
HydraulicSystems,1,cooler_condition,SensorMeanStd Centroid,188,28200,28500,3,3,1,1.0,1
HydraulicSystems,1,cooler_condition,SensorMeanStd Centroid,190,28500,28800,3,3,1,1.0,1
HydraulicSystems,1,cooler_condition,SensorMeanStd Centroid,191,28650,28950,3,3,1,1.0,1
HydraulicSystems,1,cooler_condition,SensorMeanStd Centroid,193,28950,29250,3,3,1,1.0,1
HydraulicSystems,1,cooler_condition,SensorMeanStd Centroid,194,29100,29400,3,3,1,1.0,1
HydraulicSystems,1,cooler_condition,SensorMeanStd Centroid,196,29400,29700,3,3,1,1.0,1
HydraulicSystems,1,cooler_condition,SensorMeanStd Centroid,198,29700,30000,3,3,1,1.0,1
HydraulicSystems,1,cooler_condition,SensorMeanStd Centroid,200,30000,30300,3,3,1,1.0,1
HydraulicSystems,1,cooler_condition,SensorMeanStd Centroid,203,30450,30750,3,3,1,1.0,1
HydraulicSystems,1,cooler_condition,SensorMeanStd Centroid,204,30600,30900,3,3,1,1.0,1
HydraulicSystems,1,cooler_condition,SensorMeanStd Centroid,205,30750,31050,3,3,1,1.0,1
HydraulicSystems,1,cooler_condition,SensorMeanStd Centroid,206,30900,31200,3,3,1,1.0,1
HydraulicSystems,1,cooler_condition,SensorMeanStd Centroid,208,31200,31500,3,3,1,1.0,1
HydraulicSystems,1,cooler_condition,SensorMeanStd Centroid,209,31350,31650,3,3,1,1.0,1
HydraulicSystems,1,cooler_condition,SensorMeanStd Centroid,210,31500,31800,3,3,1,1.0,1
HydraulicSystems,1,cooler_condition,SensorMeanStd Centroid,212,31800,32100,3,3,1,1.0,1
HydraulicSystems,1,cooler_condition,SensorMeanStd Centroid,213,31950,32250,3,3,1,1.0,1
HydraulicSystems,1,cooler_condition,SensorMeanStd Centroid,214,32100,32400,3,3,1,1.0,1
HydraulicSystems,1,cooler_condition,SensorMeanStd Centroid,215,32250,32550,3,3,1,1.0,1
HydraulicSystems,1,cooler_condition,SensorMeanStd Centroid,222,33300,33600,3,3,1,1.0,1
HydraulicSystems,1,cooler_condition,SensorMeanStd Centroid,227,34050,34350,3,3,1,1.0,1
HydraulicSystems,1,cooler_condition,SensorMeanStd Centroid,231,34650,34950,3,3,1,1.0,1
HydraulicSystems,1,cooler_condition,SensorMeanStd Centroid,232,34800,35100,3,3,1,1.0,1
HydraulicSystems,1,cooler_condition,SensorMeanStd Centroid,234,35100,35400,3,3,1,1.0,1
HydraulicSystems,1,cooler_condition,SensorMeanStd Centroid,237,35550,35850,3,3,1,1.0,1
HydraulicSystems,1,cooler_condition,SensorMeanStd Centroid,238,35700,36000,3,3,1,1.0,1
HydraulicSystems,1,cooler_condition,SensorMeanStd Centroid,244,36600,36900,3,3,1,1.0,1
HydraulicSystems,1,cooler_condition,SensorMeanStd Centroid,245,36750,37050,3,3,1,1.0,1
HydraulicSystems,1,cooler_condition,SensorMeanStd Centroid,247,37050,37350,3,3,1,1.0,1
HydraulicSystems,1,cooler_condition,SensorMeanStd Centroid,248,37200,37500,3,3,1,1.0,1
HydraulicSystems,1,cooler_condition,SensorMeanStd Centroid,250,37500,37800,3,3,1,1.0,1
HydraulicSystems,1,cooler_condition,SensorMeanStd Centroid,251,37650,37950,3,3,1,1.0,1
HydraulicSystems,1,cooler_condition,SensorMeanStd Centroid,252,37800,38100,3,3,1,1.0,1
HydraulicSystems,1,cooler_condition,SensorMeanStd Centroid,253,37950,38250,3,3,1,1.0,1
HydraulicSystems,1,cooler_condition,SensorMeanStd Centroid,254,38100,38400,3,3,1,1.0,1
HydraulicSystems,1,cooler_condition,SensorMeanStd Centroid,255,38250,38550,3,3,1,1.0,1
HydraulicSystems,1,cooler_condition,SensorMeanStd Centroid,259,38850,39150,3,3,1,1.0,1
HydraulicSystems,1,cooler_condition,SensorMeanStd Centroid,262,39300,39600,3,3,1,1.0,1
HydraulicSystems,1,cooler_condition,SensorMeanStd Centroid,264,39600,39900,3,3,1,1.0,1
HydraulicSystems,1,cooler_condition,SensorMeanStd Centroid,267,40050,40350,3,3,1,1.0,1
HydraulicSystems,1,cooler_condition,SensorMeanStd Centroid,268,40200,40500,3,3,1,1.0,1
HydraulicSystems,1,cooler_condition,SensorMeanStd Centroid,271,40650,40950,3,3,1,1.0,1
HydraulicSystems,1,cooler_condition,SensorMeanStd Centroid,274,41100,41400,3,3,1,1.0,1
HydraulicSystems,1,cooler_condition,SensorMeanStd Centroid,277,41550,41850,3,3,1,1.0,1
HydraulicSystems,1,cooler_condition,SensorMeanStd Centroid,278,41700,42000,3,3,1,1.0,1
HydraulicSystems,1,cooler_condition,SensorMeanStd Centroid,280,42000,42300,3,3,1,1.0,1
HydraulicSystems,1,cooler_condition,SensorMeanStd Centroid,281,42150,42450,3,3,1,1.0,1
HydraulicSystems,1,cooler_condition,SensorMeanStd Centroid,283,42450,42750,3,3,1,1.0,1
HydraulicSystems,1,cooler_condition,SensorMeanStd Centroid,284,42600,42900,3,3,1,1.0,1
HydraulicSystems,1,cooler_condition,SensorMeanStd Centroid,285,42750,43050,3,3,1,1.0,1
HydraulicSystems,1,cooler_condition,SensorMeanStd Centroid,287,43050,43350,3,3,1,1.0,1
HydraulicSystems,1,cooler_condition,SensorMeanStd Centroid,289,43350,43650,3,3,1,1.0,1
HydraulicSystems,1,cooler_condition,SensorMeanStd Centroid,290,43500,43800,3,3,1,1.0,1
HydraulicSystems,1,cooler_condition,SensorMeanStd Centroid,295,44250,44550,20,20,1,1.0,1
HydraulicSystems,1,cooler_condition,SensorMeanStd Centroid,296,44400,44700,20,20,1,1.0,1
HydraulicSystems,1,cooler_condition,SensorMeanStd Centroid,299,44850,45150,20,20,1,1.0,1
HydraulicSystems,1,cooler_condition,SensorMeanStd Centroid,301,45150,45450,20,20,1,1.0,0
HydraulicSystems,1,cooler_condition,SensorMeanStd Centroid,302,45300,45600,20,20,1,1.0,1
HydraulicSystems,1,cooler_condition,SensorMeanStd Centroid,303,45450,45750,20,20,1,1.0,1
HydraulicSystems,1,cooler_condition,SensorMeanStd Centroid,306,45900,46200,20,20,1,1.0,1
HydraulicSystems,1,cooler_condition,SensorMeanStd Centroid,307,46050,46350,20,20,1,1.0,0
HydraulicSystems,1,cooler_condition,SensorMeanStd Centroid,308,46200,46500,20,20,1,1.0,0
HydraulicSystems,1,cooler_condition,SensorMeanStd Centroid,315,47250,47550,20,20,1,1.0,1
HydraulicSystems,1,cooler_condition,SensorMeanStd Centroid,317,47550,47850,20,20,1,1.0,0
HydraulicSystems,1,cooler_condition,SensorMeanStd Centroid,321,48150,48450,20,20,1,1.0,0
HydraulicSystems,1,cooler_condition,SensorMeanStd Centroid,327,49050,49350,20,20,1,1.0,0
HydraulicSystems,1,cooler_condition,SensorMeanStd Centroid,328,49200,49500,20,20,1,1.0,0
HydraulicSystems,1,cooler_condition,SensorMeanStd Centroid,331,49650,49950,20,20,1,1.0,0
HydraulicSystems,1,cooler_condition,SensorMeanStd Centroid,332,49800,50100,20,20,1,1.0,0
HydraulicSystems,1,cooler_condition,SensorMeanStd Centroid,333,49950,50250,20,20,1,1.0,0
HydraulicSystems,1,cooler_condition,SensorMeanStd Centroid,339,50850,51150,20,20,1,1.0,0
HydraulicSystems,1,cooler_condition,SensorMeanStd Centroid,340,51000,51300,20,20,1,1.0,0
HydraulicSystems,1,cooler_condition,SensorMeanStd Centroid,343,51450,51750,20,20,1,1.0,0
HydraulicSystems,1,cooler_condition,SensorMeanStd Centroid,347,52050,52350,20,20,1,1.0,0
HydraulicSystems,1,cooler_condition,SensorMeanStd Centroid,348,52200,52500,20,20,1,1.0,1
HydraulicSystems,1,cooler_condition,SensorMeanStd Centroid,352,52800,53100,20,20,1,1.0,0
HydraulicSystems,1,cooler_condition,SensorMeanStd Centroid,353,52950,53250,20,20,1,1.0,0
HydraulicSystems,1,cooler_condition,SensorMeanStd Centroid,355,53250,53550,20,20,1,1.0,0
HydraulicSystems,1,cooler_condition,SensorMeanStd Centroid,356,53400,53700,20,20,1,1.0,0
HydraulicSystems,1,cooler_condition,SensorMeanStd Centroid,357,53550,53850,20,20,1,1.0,0
HydraulicSystems,1,cooler_condition,SensorMeanStd Centroid,358,53700,54000,20,20,1,1.0,0
HydraulicSystems,1,cooler_condition,SensorMeanStd Centroid,359,53850,54150,20,20,1,1.0,0
HydraulicSystems,1,cooler_condition,SensorMeanStd Centroid,360,54000,54300,20,20,1,1.0,0
HydraulicSystems,1,cooler_condition,SensorMeanStd Centroid,361,54150,54450,20,20,1,1.0,0
HydraulicSystems,1,cooler_condition,SensorMeanStd Centroid,363,54450,54750,20,20,1,1.0,0
HydraulicSystems,1,cooler_condition,SensorMeanStd Centroid,365,54750,55050,20,20,1,1.0,0
HydraulicSystems,1,cooler_condition,SensorMeanStd Centroid,367,55050,55350,20,20,1,1.0,0
HydraulicSystems,1,cooler_condition,SensorMeanStd Centroid,369,55350,55650,20,20,1,1.0,0
HydraulicSystems,1,cooler_condition,SensorMeanStd Centroid,370,55500,55800,20,20,1,1.0,0
HydraulicSystems,1,cooler_condition,SensorMeanStd Centroid,371,55650,55950,20,20,1,1.0,0
HydraulicSystems,1,cooler_condition,SensorMeanStd Centroid,374,56100,56400,20,20,1,1.0,0
HydraulicSystems,1,cooler_condition,SensorMeanStd Centroid,377,56550,56850,20,20,1,1.0,0
HydraulicSystems,1,cooler_condition,SensorMeanStd Centroid,381,57150,57450,20,20,1,1.0,0
HydraulicSystems,1,cooler_condition,SensorMeanStd Centroid,382,57300,57600,20,20,1,1.0,0
HydraulicSystems,1,cooler_condition,SensorMeanStd Centroid,385,57750,58050,20,20,1,1.0,0
HydraulicSystems,1,cooler_condition,SensorMeanStd Centroid,386,57900,58200,20,20,1,1.0,0
HydraulicSystems,1,cooler_condition,SensorMeanStd Centroid,388,58200,58500,20,20,1,1.0,0
HydraulicSystems,1,cooler_condition,SensorMeanStd Centroid,389,58350,58650,20,20,1,1.0,0
HydraulicSystems,1,cooler_condition,SensorMeanStd Centroid,395,59250,59550,20,20,1,1.0,0
HydraulicSystems,1,cooler_condition,SensorMeanStd Centroid,396,59400,59700,20,20,1,1.0,0
HydraulicSystems,1,cooler_condition,SensorMeanStd Centroid,397,59550,59850,20,20,1,1.0,1
HydraulicSystems,1,cooler_condition,SensorMeanStd Centroid,398,59700,60000,20,20,1,1.0,0
HydraulicSystems,1,cooler_condition,SensorMeanStd Centroid,399,59850,60150,20,20,1,1.0,0
HydraulicSystems,1,cooler_condition,SensorMeanStd Centroid,400,60000,60300,20,20,1,1.0,0
HydraulicSystems,1,cooler_condition,SensorMeanStd Centroid,401,60150,60450,20,20,1,1.0,0
HydraulicSystems,1,cooler_condition,SensorMeanStd Centroid,403,60450,60750,20,20,1,1.0,0
HydraulicSystems,1,cooler_condition,SensorMeanStd Centroid,404,60600,60900,20,20,1,1.0,0
HydraulicSystems,1,cooler_condition,SensorMeanStd Centroid,406,60900,61200,20,20,1,1.0,0
HydraulicSystems,1,cooler_condition,SensorMeanStd Centroid,407,61050,61350,20,20,1,1.0,0
HydraulicSystems,1,cooler_condition,SensorMeanStd Centroid,415,62250,62550,20,20,1,1.0,0
HydraulicSystems,1,cooler_condition,SensorMeanStd Centroid,416,62400,62700,20,20,1,1.0,0
HydraulicSystems,1,cooler_condition,SensorMeanStd Centroid,420,63000,63300,20,20,1,1.0,0
HydraulicSystems,1,cooler_condition,SensorMeanStd Centroid,421,63150,63450,20,20,1,1.0,0
HydraulicSystems,1,cooler_condition,SensorMeanStd Centroid,426,63900,64200,20,20,1,1.0,0
HydraulicSystems,1,cooler_condition,SensorMeanStd Centroid,428,64200,64500,20,20,1,1.0,0
HydraulicSystems,1,cooler_condition,SensorMeanStd Centroid,429,64350,64650,20,20,1,1.0,0
HydraulicSystems,1,cooler_condition,SensorMeanStd Centroid,430,64500,64800,20,20,1,1.0,0
HydraulicSystems,1,cooler_condition,SensorMeanStd Centroid,431,64650,64950,20,20,1,1.0,0
HydraulicSystems,1,cooler_condition,SensorMeanStd Centroid,432,64800,65100,20,20,1,1.0,0
HydraulicSystems,1,cooler_condition,SensorMeanStd Centroid,435,65250,65550,20,20,1,1.0,0
HydraulicSystems,1,cooler_condition,SensorMeanStd Centroid,438,65700,66000,20,20,1,1.0,0
HydraulicSystems,1,cooler_condition,SensorMeanStd Centroid,439,65850,66150,20,20,1,1.0,0
HydraulicSystems,1,cooler_condition,SensorMeanStd Centroid,441,66150,66450,20,20,1,1.0,0
HydraulicSystems,1,cooler_condition,SensorMeanStd Centroid,442,66300,66600,20,20,1,1.0,0
HydraulicSystems,1,cooler_condition,SensorMeanStd Centroid,443,66450,66750,20,20,1,1.0,0
HydraulicSystems,1,cooler_condition,SensorMeanStd Centroid,444,66600,66900,20,20,1,1.0,0
HydraulicSystems,1,cooler_condition,SensorMeanStd Centroid,445,66750,67050,20,20,1,1.0,0
HydraulicSystems,1,cooler_condition,SensorMeanStd Centroid,446,66900,67200,20,20,1,1.0,0
HydraulicSystems,1,cooler_condition,SensorMeanStd Centroid,447,67050,67350,20,20,1,1.0,0
HydraulicSystems,1,cooler_condition,SensorMeanStd Centroid,448,67200,67500,20,20,1,1.0,0
HydraulicSystems,1,cooler_condition,SensorMeanStd Centroid,449,67350,67650,20,20,1,1.0,0
HydraulicSystems,1,cooler_condition,SensorMeanStd Centroid,450,67500,67800,20,20,1,1.0,0
HydraulicSystems,1,cooler_condition,SensorMeanStd Centroid,454,68100,68400,20,20,1,1.0,0
HydraulicSystems,1,cooler_condition,SensorMeanStd Centroid,455,68250,68550,20,20,1,1.0,0
HydraulicSystems,1,cooler_condition,SensorMeanStd Centroid,456,68400,68700,20,20,1,1.0,0
HydraulicSystems,1,cooler_condition,SensorMeanStd Centroid,457,68550,68850,20,20,1,1.0,0
HydraulicSystems,1,cooler_condition,SensorMeanStd Centroid,459,68850,69150,20,20,1,1.0,0
HydraulicSystems,1,cooler_condition,SensorMeanStd Centroid,460,69000,69300,20,20,1,1.0,0
HydraulicSystems,1,cooler_condition,SensorMeanStd Centroid,461,69150,69450,20,20,1,1.0,0
HydraulicSystems,1,cooler_condition,SensorMeanStd Centroid,462,69300,69600,20,20,1,1.0,0
HydraulicSystems,1,cooler_condition,SensorMeanStd Centroid,463,69450,69750,20,20,1,1.0,0
HydraulicSystems,1,cooler_condition,SensorMeanStd Centroid,468,70200,70500,20,20,1,1.0,1
HydraulicSystems,1,cooler_condition,SensorMeanStd Centroid,470,70500,70800,20,20,1,1.0,0
HydraulicSystems,1,cooler_condition,SensorMeanStd Centroid,472,70800,71100,20,20,1,1.0,0
HydraulicSystems,1,cooler_condition,SensorMeanStd Centroid,475,71250,71550,20,20,1,1.0,0
HydraulicSystems,1,cooler_condition,SensorMeanStd Centroid,478,71700,72000,20,20,1,1.0,0
HydraulicSystems,1,cooler_condition,SensorMeanStd Centroid,480,72000,72300,20,20,1,1.0,0
HydraulicSystems,1,cooler_condition,SensorMeanStd Centroid,481,72150,72450,20,20,1,1.0,0
HydraulicSystems,1,cooler_condition,SensorMeanStd Centroid,484,72600,72900,20,20,1,1.0,0
HydraulicSystems,1,cooler_condition,SensorMeanStd Centroid,485,72750,73050,20,20,1,1.0,0
HydraulicSystems,1,cooler_condition,SensorMeanStd Centroid,486,72900,73200,20,20,1,1.0,0
HydraulicSystems,1,cooler_condition,SensorMeanStd Centroid,490,73500,73800,20,20,1,1.0,0
HydraulicSystems,1,cooler_condition,SensorMeanStd Centroid,493,73950,74250,20,20,1,1.0,0
HydraulicSystems,1,cooler_condition,SensorMeanStd Centroid,495,74250,74550,20,20,1,1.0,0
HydraulicSystems,1,cooler_condition,SensorMeanStd Centroid,497,74550,74850,20,20,1,1.0,0
HydraulicSystems,1,cooler_condition,SensorMeanStd Centroid,499,74850,75150,20,20,1,1.0,0
HydraulicSystems,1,cooler_condition,SensorMeanStd Centroid,500,75000,75300,20,20,1,1.0,0
HydraulicSystems,1,cooler_condition,SensorMeanStd Centroid,502,75300,75600,20,20,1,1.0,0
HydraulicSystems,1,cooler_condition,SensorMeanStd Centroid,503,75450,75750,20,20,1,1.0,0
HydraulicSystems,1,cooler_condition,SensorMeanStd Centroid,505,75750,76050,20,20,1,1.0,0
HydraulicSystems,1,cooler_condition,SensorMeanStd Centroid,506,75900,76200,20,20,1,1.0,0
HydraulicSystems,1,cooler_condition,SensorMeanStd Centroid,508,76200,76500,20,20,1,1.0,0
HydraulicSystems,1,cooler_condition,SensorMeanStd Centroid,510,76500,76800,20,20,1,1.0,0
HydraulicSystems,1,cooler_condition,SensorMeanStd Centroid,511,76650,76950,20,20,1,1.0,0
HydraulicSystems,1,cooler_condition,SensorMeanStd Centroid,512,76800,77100,20,20,1,1.0,0
HydraulicSystems,1,cooler_condition,SensorMeanStd Centroid,514,77100,77400,20,20,1,1.0,0
HydraulicSystems,1,cooler_condition,SensorMeanStd Centroid,517,77550,77850,20,20,1,1.0,0
HydraulicSystems,1,cooler_condition,SensorMeanStd Centroid,518,77700,78000,20,20,1,1.0,0
HydraulicSystems,1,cooler_condition,SensorMeanStd Centroid,520,78000,78300,20,20,1,1.0,0
HydraulicSystems,1,cooler_condition,SensorMeanStd Centroid,523,78450,78750,20,20,1,1.0,0
HydraulicSystems,1,cooler_condition,SensorMeanStd Centroid,525,78750,79050,20,20,1,1.0,0
HydraulicSystems,1,cooler_condition,SensorMeanStd Centroid,526,78900,79200,20,20,1,1.0,0
HydraulicSystems,1,cooler_condition,SensorMeanStd Centroid,527,79050,79350,20,20,1,1.0,0
HydraulicSystems,1,cooler_condition,SensorMeanStd Centroid,529,79350,79650,20,20,1,1.0,0
HydraulicSystems,1,cooler_condition,SensorMeanStd Centroid,535,80250,80550,20,20,1,1.0,0
HydraulicSystems,1,cooler_condition,SensorMeanStd Centroid,536,80400,80700,20,20,1,1.0,0
HydraulicSystems,1,cooler_condition,SensorMeanStd Centroid,537,80550,80850,20,20,1,1.0,0
HydraulicSystems,1,cooler_condition,SensorMeanStd Centroid,538,80700,81000,20,20,1,1.0,0
HydraulicSystems,1,cooler_condition,SensorMeanStd Centroid,539,80850,81150,20,20,1,1.0,0
HydraulicSystems,1,cooler_condition,SensorMeanStd Centroid,540,81000,81300,20,20,1,1.0,0
HydraulicSystems,1,cooler_condition,SensorMeanStd Centroid,541,81150,81450,20,20,1,1.0,0
HydraulicSystems,1,cooler_condition,SensorMeanStd Centroid,542,81300,81600,20,20,1,1.0,0
HydraulicSystems,1,cooler_condition,SensorMeanStd Centroid,545,81750,82050,20,20,1,1.0,0
HydraulicSystems,1,cooler_condition,SensorMeanStd Centroid,546,81900,82200,20,20,1,1.0,0
HydraulicSystems,1,cooler_condition,SensorMeanStd Centroid,547,82050,82350,20,20,1,1.0,0
HydraulicSystems,1,cooler_condition,SensorMeanStd Centroid,549,82350,82650,20,20,1,1.0,0
HydraulicSystems,1,cooler_condition,SensorMeanStd Centroid,552,82800,83100,20,20,1,1.0,0
HydraulicSystems,1,cooler_condition,SensorMeanStd Centroid,553,82950,83250,20,20,1,1.0,0
HydraulicSystems,1,cooler_condition,SensorMeanStd Centroid,558,83700,84000,20,20,1,1.0,0
HydraulicSystems,1,cooler_condition,SensorMeanStd Centroid,559,83850,84150,20,20,1,1.0,0
HydraulicSystems,1,cooler_condition,SensorMeanStd Centroid,560,84000,84300,20,20,1,1.0,0
HydraulicSystems,1,cooler_condition,SensorMeanStd Centroid,561,84150,84450,20,20,1,1.0,0
HydraulicSystems,1,cooler_condition,SensorMeanStd Centroid,562,84300,84600,20,20,1,1.0,0
HydraulicSystems,1,cooler_condition,SensorMeanStd Centroid,564,84600,84900,20,20,1,1.0,0
HydraulicSystems,1,cooler_condition,SensorMeanStd Centroid,567,85050,85350,20,20,1,1.0,0
HydraulicSystems,1,cooler_condition,SensorMeanStd Centroid,570,85500,85800,20,20,1,1.0,1
HydraulicSystems,1,cooler_condition,SensorMeanStd Centroid,574,86100,86400,20,20,1,1.0,0
HydraulicSystems,1,cooler_condition,SensorMeanStd Centroid,579,86850,87150,20,20,1,1.0,0
HydraulicSystems,1,cooler_condition,SensorMeanStd Centroid,581,87150,87450,20,20,1,1.0,0
HydraulicSystems,1,cooler_condition,SensorMeanStd Centroid,585,87750,88050,100,20,0,0.7,1
HydraulicSystems,1,cooler_condition,SensorMeanStd Centroid,586,87900,88200,100,20,0,1.0,1
HydraulicSystems,1,cooler_condition,SensorMeanStd Centroid,589,88350,88650,100,100,1,1.0,1
HydraulicSystems,1,cooler_condition,SensorMeanStd Centroid,590,88500,88800,100,100,1,1.0,0
HydraulicSystems,1,cooler_condition,SensorMeanStd Centroid,591,88650,88950,100,100,1,1.0,1
HydraulicSystems,1,cooler_condition,SensorMeanStd Centroid,592,88800,89100,100,100,1,1.0,0
HydraulicSystems,1,cooler_condition,SensorMeanStd Centroid,593,88950,89250,100,100,1,1.0,0
HydraulicSystems,1,cooler_condition,SensorMeanStd Centroid,594,89100,89400,100,100,1,1.0,0
HydraulicSystems,1,cooler_condition,SensorMeanStd Centroid,595,89250,89550,100,100,1,1.0,0
HydraulicSystems,1,cooler_condition,SensorMeanStd Centroid,598,89700,90000,100,100,1,1.0,0
HydraulicSystems,1,cooler_condition,SensorMeanStd Centroid,599,89850,90150,100,100,1,1.0,0
HydraulicSystems,1,cooler_condition,SensorMeanStd Centroid,603,90450,90750,100,100,1,1.0,0
HydraulicSystems,1,cooler_condition,SensorMeanStd Centroid,604,90600,90900,100,100,1,1.0,0
HydraulicSystems,1,cooler_condition,SensorMeanStd Centroid,605,90750,91050,100,100,1,1.0,0
HydraulicSystems,1,cooler_condition,SensorMeanStd Centroid,606,90900,91200,100,100,1,1.0,0
HydraulicSystems,1,cooler_condition,SensorMeanStd Centroid,607,91050,91350,100,100,1,1.0,0
HydraulicSystems,1,cooler_condition,SensorMeanStd Centroid,608,91200,91500,100,100,1,1.0,0
HydraulicSystems,1,cooler_condition,SensorMeanStd Centroid,609,91350,91650,100,100,1,1.0,0
HydraulicSystems,1,cooler_condition,SensorMeanStd Centroid,612,91800,92100,100,100,1,1.0,0
HydraulicSystems,1,cooler_condition,SensorMeanStd Centroid,614,92100,92400,100,100,1,1.0,0
HydraulicSystems,1,cooler_condition,SensorMeanStd Centroid,616,92400,92700,100,100,1,1.0,0
HydraulicSystems,1,cooler_condition,SensorMeanStd Centroid,617,92550,92850,100,100,1,1.0,0
HydraulicSystems,1,cooler_condition,SensorMeanStd Centroid,621,93150,93450,100,100,1,1.0,0
HydraulicSystems,1,cooler_condition,SensorMeanStd Centroid,625,93750,94050,100,100,1,1.0,0
HydraulicSystems,1,cooler_condition,SensorMeanStd Centroid,628,94200,94500,100,100,1,1.0,0
HydraulicSystems,1,cooler_condition,SensorMeanStd Centroid,629,94350,94650,100,100,1,1.0,0
HydraulicSystems,1,cooler_condition,SensorMeanStd Centroid,632,94800,95100,100,100,1,1.0,0
HydraulicSystems,1,cooler_condition,SensorMeanStd Centroid,633,94950,95250,100,100,1,1.0,0
HydraulicSystems,1,cooler_condition,SensorMeanStd Centroid,636,95400,95700,100,100,1,1.0,0
HydraulicSystems,1,cooler_condition,SensorMeanStd Centroid,637,95550,95850,100,100,1,1.0,0
HydraulicSystems,1,cooler_condition,SensorMeanStd Centroid,639,95850,96150,100,100,1,1.0,0
HydraulicSystems,1,cooler_condition,SensorMeanStd Centroid,644,96600,96900,100,100,1,1.0,0
HydraulicSystems,1,cooler_condition,SensorMeanStd Centroid,646,96900,97200,100,100,1,1.0,0
HydraulicSystems,1,cooler_condition,SensorMeanStd Centroid,648,97200,97500,100,100,1,1.0,0
HydraulicSystems,1,cooler_condition,SensorMeanStd Centroid,650,97500,97800,100,100,1,1.0,0
HydraulicSystems,1,cooler_condition,SensorMeanStd Centroid,651,97650,97950,100,100,1,1.0,0
HydraulicSystems,1,cooler_condition,SensorMeanStd Centroid,652,97800,98100,100,100,1,1.0,0
HydraulicSystems,1,cooler_condition,SensorMeanStd Centroid,654,98100,98400,100,100,1,1.0,0
HydraulicSystems,1,cooler_condition,SensorMeanStd Centroid,655,98250,98550,100,100,1,1.0,0
HydraulicSystems,1,cooler_condition,SensorMeanStd Centroid,658,98700,99000,100,100,1,1.0,0
HydraulicSystems,1,cooler_condition,SensorMeanStd Centroid,659,98850,99150,100,100,1,1.0,0
HydraulicSystems,1,cooler_condition,SensorMeanStd Centroid,663,99450,99750,100,100,1,1.0,0
HydraulicSystems,1,cooler_condition,SensorMeanStd Centroid,665,99750,100050,100,100,1,1.0,0
HydraulicSystems,1,cooler_condition,SensorMeanStd Centroid,666,99900,100200,100,100,1,1.0,0
HydraulicSystems,1,cooler_condition,SensorMeanStd Centroid,668,100200,100500,100,100,1,1.0,0
HydraulicSystems,1,cooler_condition,SensorMeanStd Centroid,669,100350,100650,100,100,1,1.0,0
HydraulicSystems,1,cooler_condition,SensorMeanStd Centroid,671,100650,100950,100,100,1,1.0,0
HydraulicSystems,1,cooler_condition,SensorMeanStd Centroid,672,100800,101100,100,100,1,1.0,0
HydraulicSystems,1,cooler_condition,SensorMeanStd Centroid,673,100950,101250,100,100,1,1.0,0
HydraulicSystems,1,cooler_condition,SensorMeanStd Centroid,675,101250,101550,100,100,1,1.0,0
HydraulicSystems,1,cooler_condition,SensorMeanStd Centroid,681,102150,102450,100,100,1,1.0,0
HydraulicSystems,1,cooler_condition,SensorMeanStd Centroid,682,102300,102600,100,100,1,1.0,0
HydraulicSystems,1,cooler_condition,SensorMeanStd Centroid,684,102600,102900,100,100,1,1.0,0
HydraulicSystems,1,cooler_condition,SensorMeanStd Centroid,688,103200,103500,100,100,1,1.0,0
HydraulicSystems,1,cooler_condition,SensorMeanStd Centroid,690,103500,103800,100,100,1,1.0,0
HydraulicSystems,1,cooler_condition,SensorMeanStd Centroid,691,103650,103950,100,100,1,1.0,0
HydraulicSystems,1,cooler_condition,SensorMeanStd Centroid,692,103800,104100,100,100,1,1.0,0
HydraulicSystems,1,cooler_condition,SensorMeanStd Centroid,693,103950,104250,100,100,1,1.0,0
HydraulicSystems,1,cooler_condition,SensorMeanStd Centroid,695,104250,104550,100,100,1,1.0,0
HydraulicSystems,1,cooler_condition,SensorMeanStd Centroid,696,104400,104700,100,100,1,1.0,0
HydraulicSystems,1,cooler_condition,SensorMeanStd Centroid,698,104700,105000,100,100,1,1.0,0
HydraulicSystems,1,cooler_condition,SensorMeanStd Centroid,702,105300,105600,100,100,1,1.0,0
HydraulicSystems,1,cooler_condition,SensorMeanStd Centroid,705,105750,106050,100,100,1,1.0,0
HydraulicSystems,1,cooler_condition,SensorMeanStd Centroid,706,105900,106200,100,100,1,1.0,0
HydraulicSystems,1,cooler_condition,SensorMeanStd Centroid,708,106200,106500,100,100,1,1.0,0
HydraulicSystems,1,cooler_condition,SensorMeanStd Centroid,712,106800,107100,100,100,1,1.0,0
HydraulicSystems,1,cooler_condition,SensorMeanStd Centroid,715,107250,107550,100,100,1,1.0,0
HydraulicSystems,1,cooler_condition,SensorMeanStd Centroid,716,107400,107700,100,100,1,1.0,0
HydraulicSystems,1,cooler_condition,SensorMeanStd Centroid,718,107700,108000,100,100,1,1.0,0
HydraulicSystems,1,cooler_condition,SensorMeanStd Centroid,720,108000,108300,100,100,1,1.0,0
HydraulicSystems,1,cooler_condition,SensorMeanStd Centroid,721,108150,108450,100,100,1,1.0,0
HydraulicSystems,1,cooler_condition,SensorMeanStd Centroid,723,108450,108750,100,100,1,1.0,0
HydraulicSystems,1,cooler_condition,SensorMeanStd Centroid,726,108900,109200,100,100,1,1.0,0
HydraulicSystems,1,cooler_condition,SensorMeanStd Centroid,728,109200,109500,100,100,1,1.0,0
HydraulicSystems,1,cooler_condition,SensorMeanStd Centroid,730,109500,109800,100,100,1,1.0,0
HydraulicSystems,1,cooler_condition,SensorMeanStd Centroid,731,109650,109950,100,100,1,1.0,0
HydraulicSystems,1,cooler_condition,SensorMeanStd Centroid,732,109800,110100,100,100,1,1.0,0
HydraulicSystems,1,cooler_condition,SensorMeanStd Centroid,733,109950,110250,100,100,1,1.0,0
HydraulicSystems,1,cooler_condition,SensorMeanStd Centroid,734,110100,110400,100,100,1,1.0,0
HydraulicSystems,1,cooler_condition,SensorMeanStd Centroid,735,110250,110550,100,100,1,1.0,0
HydraulicSystems,1,cooler_condition,SensorMeanStd Centroid,737,110550,110850,100,100,1,1.0,0
HydraulicSystems,1,cooler_condition,SensorMeanStd Centroid,738,110700,111000,100,100,1,1.0,0
HydraulicSystems,1,cooler_condition,SensorMeanStd Centroid,741,111150,111450,100,100,1,1.0,0
HydraulicSystems,1,cooler_condition,SensorMeanStd Centroid,742,111300,111600,100,100,1,1.0,0
HydraulicSystems,1,cooler_condition,SensorMeanStd Centroid,744,111600,111900,100,100,1,1.0,0
HydraulicSystems,1,cooler_condition,SensorMeanStd Centroid,746,111900,112200,100,100,1,1.0,0
HydraulicSystems,1,cooler_condition,SensorMeanStd Centroid,748,112200,112500,100,100,1,1.0,0
HydraulicSystems,1,cooler_condition,SensorMeanStd Centroid,750,112500,112800,100,100,1,1.0,0
HydraulicSystems,1,cooler_condition,SensorMeanStd Centroid,751,112650,112950,100,100,1,1.0,0
HydraulicSystems,1,cooler_condition,SensorMeanStd Centroid,752,112800,113100,100,100,1,1.0,0
HydraulicSystems,1,cooler_condition,SensorMeanStd Centroid,756,113400,113700,100,100,1,1.0,0
HydraulicSystems,1,cooler_condition,SensorMeanStd Centroid,757,113550,113850,100,100,1,1.0,0
HydraulicSystems,1,cooler_condition,SensorMeanStd Centroid,760,114000,114300,100,100,1,1.0,0
HydraulicSystems,1,cooler_condition,SensorMeanStd Centroid,766,114900,115200,100,100,1,1.0,0
HydraulicSystems,1,cooler_condition,SensorMeanStd Centroid,767,115050,115350,100,100,1,1.0,0
HydraulicSystems,1,cooler_condition,SensorMeanStd Centroid,769,115350,115650,100,100,1,1.0,0
HydraulicSystems,1,cooler_condition,SensorMeanStd Centroid,770,115500,115800,100,100,1,1.0,0
HydraulicSystems,1,cooler_condition,SensorMeanStd Centroid,773,115950,116250,100,100,1,1.0,0
HydraulicSystems,1,cooler_condition,SensorMeanStd Centroid,774,116100,116400,100,100,1,1.0,0
HydraulicSystems,1,cooler_condition,SensorMeanStd Centroid,775,116250,116550,100,100,1,1.0,0
HydraulicSystems,1,cooler_condition,SensorMeanStd Centroid,777,116550,116850,100,100,1,1.0,0
HydraulicSystems,1,cooler_condition,SensorMeanStd Centroid,778,116700,117000,100,100,1,1.0,0
HydraulicSystems,1,cooler_condition,SensorMeanStd Centroid,779,116850,117150,100,100,1,1.0,0
HydraulicSystems,1,cooler_condition,SensorMeanStd Centroid,780,117000,117300,100,100,1,1.0,0
HydraulicSystems,1,cooler_condition,SensorMeanStd Centroid,782,117300,117600,100,100,1,1.0,0
HydraulicSystems,1,cooler_condition,SensorMeanStd Centroid,788,118200,118500,100,100,1,1.0,0
HydraulicSystems,1,cooler_condition,SensorMeanStd Centroid,789,118350,118650,100,100,1,1.0,0
HydraulicSystems,1,cooler_condition,SensorMeanStd Centroid,791,118650,118950,100,100,1,1.0,0
HydraulicSystems,1,cooler_condition,SensorMeanStd Centroid,793,118950,119250,100,100,1,1.0,0
HydraulicSystems,1,cooler_condition,SensorMeanStd Centroid,794,119100,119400,100,100,1,1.0,0
HydraulicSystems,1,cooler_condition,SensorMeanStd Centroid,796,119400,119700,100,100,1,1.0,0
HydraulicSystems,1,cooler_condition,SensorMeanStd Centroid,797,119550,119850,100,100,1,1.0,0
HydraulicSystems,1,cooler_condition,SensorMeanStd Centroid,803,120450,120750,100,100,1,1.0,0
HydraulicSystems,1,cooler_condition,SensorMeanStd Centroid,804,120600,120900,100,100,1,1.0,0
HydraulicSystems,1,cooler_condition,SensorMeanStd Centroid,805,120750,121050,100,100,1,1.0,0
HydraulicSystems,1,cooler_condition,SensorMeanStd Centroid,806,120900,121200,100,100,1,1.0,0
HydraulicSystems,1,cooler_condition,SensorMeanStd Centroid,807,121050,121350,100,100,1,1.0,0
HydraulicSystems,1,cooler_condition,SensorMeanStd Centroid,808,121200,121500,100,100,1,1.0,0
HydraulicSystems,1,cooler_condition,SensorMeanStd Centroid,809,121350,121650,100,100,1,1.0,0
HydraulicSystems,1,cooler_condition,SensorMeanStd Centroid,810,121500,121800,100,100,1,1.0,0
HydraulicSystems,1,cooler_condition,SensorMeanStd Centroid,811,121650,121950,100,100,1,1.0,0
HydraulicSystems,1,cooler_condition,SensorMeanStd Centroid,814,122100,122400,100,100,1,1.0,0
HydraulicSystems,1,cooler_condition,SensorMeanStd Centroid,820,123000,123300,100,100,1,1.0,0
HydraulicSystems,1,cooler_condition,SensorMeanStd Centroid,821,123150,123450,100,100,1,1.0,0
HydraulicSystems,1,cooler_condition,SensorMeanStd Centroid,823,123450,123750,100,100,1,1.0,0
HydraulicSystems,1,cooler_condition,SensorMeanStd Centroid,825,123750,124050,100,100,1,1.0,0
HydraulicSystems,1,cooler_condition,SensorMeanStd Centroid,826,123900,124200,100,100,1,1.0,0
HydraulicSystems,1,cooler_condition,SensorMeanStd Centroid,827,124050,124350,100,100,1,1.0,0
HydraulicSystems,1,cooler_condition,SensorMeanStd Centroid,829,124350,124650,100,100,1,1.0,0
HydraulicSystems,1,cooler_condition,SensorMeanStd Centroid,832,124800,125100,100,100,1,1.0,0
HydraulicSystems,1,cooler_condition,SensorMeanStd Centroid,836,125400,125700,100,100,1,1.0,0
HydraulicSystems,1,cooler_condition,SensorMeanStd Centroid,837,125550,125850,100,100,1,1.0,0
HydraulicSystems,1,cooler_condition,SensorMeanStd Centroid,839,125850,126150,100,100,1,1.0,0
HydraulicSystems,1,cooler_condition,SensorMeanStd Centroid,843,126450,126750,100,100,1,1.0,0
HydraulicSystems,1,cooler_condition,SensorMeanStd Centroid,846,126900,127200,100,100,1,1.0,0
HydraulicSystems,1,cooler_condition,SensorMeanStd Centroid,848,127200,127500,100,100,1,1.0,0
HydraulicSystems,1,cooler_condition,SensorMeanStd Centroid,856,128400,128700,100,100,1,1.0,0
HydraulicSystems,1,cooler_condition,SensorMeanStd Centroid,858,128700,129000,100,100,1,1.0,0
HydraulicSystems,1,cooler_condition,SensorMeanStd Centroid,859,128850,129150,100,100,1,1.0,0
HydraulicSystems,1,cooler_condition,SensorMeanStd Centroid,864,129600,129900,100,100,1,1.0,0
HydraulicSystems,1,cooler_condition,SensorMeanStd Centroid,865,129750,130050,100,100,1,1.0,0
HydraulicSystems,1,cooler_condition,SensorMeanStd Centroid,867,130050,130350,100,100,1,1.0,0
HydraulicSystems,1,cooler_condition,SensorMeanStd Centroid,873,130950,131250,100,100,1,1.0,0
HydraulicSystems,1,cooler_condition,SensorMeanStd Centroid,874,131100,131400,100,100,1,1.0,0
HydraulicSystems,1,cooler_condition,SensorMeanStd Centroid,875,131250,131550,100,100,1,1.0,0
HydraulicSystems,1,cooler_condition,SensorMeanStd Centroid,876,131400,131700,100,100,1,1.0,0
HydraulicSystems,1,cooler_condition,SensorMeanStd Centroid,877,131550,131850,100,100,1,1.0,0
HydraulicSystems,1,cooler_condition,SensorMeanStd Centroid,878,131700,132000,100,100,1,1.0,0
HydraulicSystems,1,cooler_condition,GraphFeature Centroid,0,0,300,3,3,1,1.0,1
HydraulicSystems,1,cooler_condition,GraphFeature Centroid,2,300,600,3,3,1,1.0,1
HydraulicSystems,1,cooler_condition,GraphFeature Centroid,3,450,750,3,3,1,1.0,1
HydraulicSystems,1,cooler_condition,GraphFeature Centroid,4,600,900,3,3,1,1.0,1
HydraulicSystems,1,cooler_condition,GraphFeature Centroid,5,750,1050,3,20,0,1.0,1
HydraulicSystems,1,cooler_condition,GraphFeature Centroid,8,1200,1500,3,3,1,1.0,1
HydraulicSystems,1,cooler_condition,GraphFeature Centroid,10,1500,1800,3,3,1,1.0,1
HydraulicSystems,1,cooler_condition,GraphFeature Centroid,12,1800,2100,3,3,1,1.0,1
HydraulicSystems,1,cooler_condition,GraphFeature Centroid,15,2250,2550,3,3,1,1.0,1
HydraulicSystems,1,cooler_condition,GraphFeature Centroid,16,2400,2700,3,3,1,1.0,1
HydraulicSystems,1,cooler_condition,GraphFeature Centroid,21,3150,3450,3,3,1,1.0,1
HydraulicSystems,1,cooler_condition,GraphFeature Centroid,23,3450,3750,3,3,1,1.0,1
HydraulicSystems,1,cooler_condition,GraphFeature Centroid,26,3900,4200,3,3,1,1.0,1
HydraulicSystems,1,cooler_condition,GraphFeature Centroid,29,4350,4650,3,3,1,1.0,1
HydraulicSystems,1,cooler_condition,GraphFeature Centroid,30,4500,4800,3,3,1,1.0,1
HydraulicSystems,1,cooler_condition,GraphFeature Centroid,31,4650,4950,3,3,1,1.0,1
HydraulicSystems,1,cooler_condition,GraphFeature Centroid,32,4800,5100,3,3,1,1.0,1
HydraulicSystems,1,cooler_condition,GraphFeature Centroid,37,5550,5850,3,3,1,1.0,1
HydraulicSystems,1,cooler_condition,GraphFeature Centroid,39,5850,6150,3,3,1,1.0,1
HydraulicSystems,1,cooler_condition,GraphFeature Centroid,44,6600,6900,3,3,1,1.0,1
HydraulicSystems,1,cooler_condition,GraphFeature Centroid,46,6900,7200,3,3,1,1.0,1
HydraulicSystems,1,cooler_condition,GraphFeature Centroid,48,7200,7500,3,3,1,1.0,1
HydraulicSystems,1,cooler_condition,GraphFeature Centroid,49,7350,7650,3,3,1,1.0,1
HydraulicSystems,1,cooler_condition,GraphFeature Centroid,50,7500,7800,3,3,1,1.0,1
HydraulicSystems,1,cooler_condition,GraphFeature Centroid,52,7800,8100,3,3,1,1.0,1
HydraulicSystems,1,cooler_condition,GraphFeature Centroid,53,7950,8250,3,3,1,1.0,1
HydraulicSystems,1,cooler_condition,GraphFeature Centroid,54,8100,8400,3,3,1,1.0,1
HydraulicSystems,1,cooler_condition,GraphFeature Centroid,56,8400,8700,3,20,0,1.0,0
HydraulicSystems,1,cooler_condition,GraphFeature Centroid,57,8550,8850,3,3,1,1.0,1
HydraulicSystems,1,cooler_condition,GraphFeature Centroid,58,8700,9000,3,3,1,1.0,1
HydraulicSystems,1,cooler_condition,GraphFeature Centroid,61,9150,9450,3,3,1,1.0,1
HydraulicSystems,1,cooler_condition,GraphFeature Centroid,62,9300,9600,3,3,1,1.0,1
HydraulicSystems,1,cooler_condition,GraphFeature Centroid,64,9600,9900,3,3,1,1.0,1
HydraulicSystems,1,cooler_condition,GraphFeature Centroid,66,9900,10200,3,3,1,1.0,1
HydraulicSystems,1,cooler_condition,GraphFeature Centroid,70,10500,10800,3,3,1,1.0,1
HydraulicSystems,1,cooler_condition,GraphFeature Centroid,71,10650,10950,3,3,1,1.0,1
HydraulicSystems,1,cooler_condition,GraphFeature Centroid,73,10950,11250,3,3,1,1.0,1
HydraulicSystems,1,cooler_condition,GraphFeature Centroid,77,11550,11850,3,3,1,1.0,1
HydraulicSystems,1,cooler_condition,GraphFeature Centroid,80,12000,12300,3,3,1,1.0,1
HydraulicSystems,1,cooler_condition,GraphFeature Centroid,83,12450,12750,3,3,1,1.0,1
HydraulicSystems,1,cooler_condition,GraphFeature Centroid,84,12600,12900,3,3,1,1.0,1
HydraulicSystems,1,cooler_condition,GraphFeature Centroid,86,12900,13200,3,3,1,1.0,1
HydraulicSystems,1,cooler_condition,GraphFeature Centroid,88,13200,13500,3,20,0,1.0,1
HydraulicSystems,1,cooler_condition,GraphFeature Centroid,89,13350,13650,3,3,1,1.0,1
HydraulicSystems,1,cooler_condition,GraphFeature Centroid,90,13500,13800,3,3,1,1.0,1
HydraulicSystems,1,cooler_condition,GraphFeature Centroid,92,13800,14100,3,3,1,1.0,1
HydraulicSystems,1,cooler_condition,GraphFeature Centroid,94,14100,14400,3,3,1,1.0,1
HydraulicSystems,1,cooler_condition,GraphFeature Centroid,95,14250,14550,3,3,1,1.0,1
HydraulicSystems,1,cooler_condition,GraphFeature Centroid,96,14400,14700,3,3,1,1.0,1
HydraulicSystems,1,cooler_condition,GraphFeature Centroid,97,14550,14850,3,3,1,1.0,1
HydraulicSystems,1,cooler_condition,GraphFeature Centroid,98,14700,15000,3,3,1,1.0,1
HydraulicSystems,1,cooler_condition,GraphFeature Centroid,100,15000,15300,3,3,1,1.0,1
HydraulicSystems,1,cooler_condition,GraphFeature Centroid,101,15150,15450,3,20,0,1.0,1
HydraulicSystems,1,cooler_condition,GraphFeature Centroid,102,15300,15600,3,20,0,1.0,1
HydraulicSystems,1,cooler_condition,GraphFeature Centroid,103,15450,15750,3,3,1,1.0,1
HydraulicSystems,1,cooler_condition,GraphFeature Centroid,107,16050,16350,3,20,0,1.0,0
HydraulicSystems,1,cooler_condition,GraphFeature Centroid,109,16350,16650,3,3,1,1.0,1
HydraulicSystems,1,cooler_condition,GraphFeature Centroid,114,17100,17400,3,3,1,1.0,1
HydraulicSystems,1,cooler_condition,GraphFeature Centroid,115,17250,17550,3,3,1,1.0,1
HydraulicSystems,1,cooler_condition,GraphFeature Centroid,116,17400,17700,3,3,1,1.0,1
HydraulicSystems,1,cooler_condition,GraphFeature Centroid,117,17550,17850,3,3,1,1.0,1
HydraulicSystems,1,cooler_condition,GraphFeature Centroid,118,17700,18000,3,3,1,1.0,1
HydraulicSystems,1,cooler_condition,GraphFeature Centroid,119,17850,18150,3,3,1,1.0,1
HydraulicSystems,1,cooler_condition,GraphFeature Centroid,121,18150,18450,3,3,1,1.0,1
HydraulicSystems,1,cooler_condition,GraphFeature Centroid,126,18900,19200,3,3,1,1.0,1
HydraulicSystems,1,cooler_condition,GraphFeature Centroid,127,19050,19350,3,3,1,1.0,1
HydraulicSystems,1,cooler_condition,GraphFeature Centroid,128,19200,19500,3,3,1,1.0,1
HydraulicSystems,1,cooler_condition,GraphFeature Centroid,130,19500,19800,3,3,1,1.0,1
HydraulicSystems,1,cooler_condition,GraphFeature Centroid,133,19950,20250,3,3,1,1.0,1
HydraulicSystems,1,cooler_condition,GraphFeature Centroid,134,20100,20400,3,3,1,1.0,1
HydraulicSystems,1,cooler_condition,GraphFeature Centroid,138,20700,21000,3,3,1,1.0,1
HydraulicSystems,1,cooler_condition,GraphFeature Centroid,143,21450,21750,3,3,1,1.0,1
HydraulicSystems,1,cooler_condition,GraphFeature Centroid,145,21750,22050,3,3,1,1.0,1
HydraulicSystems,1,cooler_condition,GraphFeature Centroid,149,22350,22650,3,3,1,1.0,1
HydraulicSystems,1,cooler_condition,GraphFeature Centroid,150,22500,22800,3,3,1,1.0,1
HydraulicSystems,1,cooler_condition,GraphFeature Centroid,152,22800,23100,3,3,1,1.0,1
HydraulicSystems,1,cooler_condition,GraphFeature Centroid,153,22950,23250,3,3,1,1.0,1
HydraulicSystems,1,cooler_condition,GraphFeature Centroid,154,23100,23400,3,3,1,1.0,1
HydraulicSystems,1,cooler_condition,GraphFeature Centroid,155,23250,23550,3,3,1,1.0,1
HydraulicSystems,1,cooler_condition,GraphFeature Centroid,156,23400,23700,3,3,1,1.0,1
HydraulicSystems,1,cooler_condition,GraphFeature Centroid,158,23700,24000,3,3,1,1.0,1
HydraulicSystems,1,cooler_condition,GraphFeature Centroid,159,23850,24150,3,3,1,1.0,1
HydraulicSystems,1,cooler_condition,GraphFeature Centroid,163,24450,24750,3,3,1,1.0,1
HydraulicSystems,1,cooler_condition,GraphFeature Centroid,167,25050,25350,3,3,1,1.0,1
HydraulicSystems,1,cooler_condition,GraphFeature Centroid,168,25200,25500,3,3,1,1.0,1
HydraulicSystems,1,cooler_condition,GraphFeature Centroid,171,25650,25950,3,3,1,1.0,1
HydraulicSystems,1,cooler_condition,GraphFeature Centroid,176,26400,26700,3,3,1,1.0,1
HydraulicSystems,1,cooler_condition,GraphFeature Centroid,177,26550,26850,3,3,1,1.0,1
HydraulicSystems,1,cooler_condition,GraphFeature Centroid,179,26850,27150,3,3,1,1.0,1
HydraulicSystems,1,cooler_condition,GraphFeature Centroid,180,27000,27300,3,3,1,1.0,1
HydraulicSystems,1,cooler_condition,GraphFeature Centroid,183,27450,27750,3,3,1,1.0,1
HydraulicSystems,1,cooler_condition,GraphFeature Centroid,186,27900,28200,3,3,1,1.0,1
HydraulicSystems,1,cooler_condition,GraphFeature Centroid,187,28050,28350,3,3,1,1.0,1
HydraulicSystems,1,cooler_condition,GraphFeature Centroid,188,28200,28500,3,3,1,1.0,1
HydraulicSystems,1,cooler_condition,GraphFeature Centroid,190,28500,28800,3,3,1,1.0,1
HydraulicSystems,1,cooler_condition,GraphFeature Centroid,191,28650,28950,3,3,1,1.0,1
HydraulicSystems,1,cooler_condition,GraphFeature Centroid,193,28950,29250,3,3,1,1.0,1
HydraulicSystems,1,cooler_condition,GraphFeature Centroid,194,29100,29400,3,3,1,1.0,1
HydraulicSystems,1,cooler_condition,GraphFeature Centroid,196,29400,29700,3,3,1,1.0,1
HydraulicSystems,1,cooler_condition,GraphFeature Centroid,198,29700,30000,3,3,1,1.0,1
HydraulicSystems,1,cooler_condition,GraphFeature Centroid,200,30000,30300,3,3,1,1.0,1
HydraulicSystems,1,cooler_condition,GraphFeature Centroid,203,30450,30750,3,3,1,1.0,1
HydraulicSystems,1,cooler_condition,GraphFeature Centroid,204,30600,30900,3,3,1,1.0,1
HydraulicSystems,1,cooler_condition,GraphFeature Centroid,205,30750,31050,3,3,1,1.0,1
HydraulicSystems,1,cooler_condition,GraphFeature Centroid,206,30900,31200,3,3,1,1.0,1
HydraulicSystems,1,cooler_condition,GraphFeature Centroid,208,31200,31500,3,3,1,1.0,1
HydraulicSystems,1,cooler_condition,GraphFeature Centroid,209,31350,31650,3,3,1,1.0,1
HydraulicSystems,1,cooler_condition,GraphFeature Centroid,210,31500,31800,3,3,1,1.0,1
HydraulicSystems,1,cooler_condition,GraphFeature Centroid,212,31800,32100,3,3,1,1.0,1
HydraulicSystems,1,cooler_condition,GraphFeature Centroid,213,31950,32250,3,3,1,1.0,1
HydraulicSystems,1,cooler_condition,GraphFeature Centroid,214,32100,32400,3,3,1,1.0,1
HydraulicSystems,1,cooler_condition,GraphFeature Centroid,215,32250,32550,3,3,1,1.0,1
HydraulicSystems,1,cooler_condition,GraphFeature Centroid,222,33300,33600,3,3,1,1.0,1
HydraulicSystems,1,cooler_condition,GraphFeature Centroid,227,34050,34350,3,3,1,1.0,1
HydraulicSystems,1,cooler_condition,GraphFeature Centroid,231,34650,34950,3,3,1,1.0,1
HydraulicSystems,1,cooler_condition,GraphFeature Centroid,232,34800,35100,3,3,1,1.0,1
HydraulicSystems,1,cooler_condition,GraphFeature Centroid,234,35100,35400,3,3,1,1.0,1
HydraulicSystems,1,cooler_condition,GraphFeature Centroid,237,35550,35850,3,3,1,1.0,1
HydraulicSystems,1,cooler_condition,GraphFeature Centroid,238,35700,36000,3,3,1,1.0,1
HydraulicSystems,1,cooler_condition,GraphFeature Centroid,244,36600,36900,3,3,1,1.0,1
HydraulicSystems,1,cooler_condition,GraphFeature Centroid,245,36750,37050,3,3,1,1.0,1
HydraulicSystems,1,cooler_condition,GraphFeature Centroid,247,37050,37350,3,3,1,1.0,1
HydraulicSystems,1,cooler_condition,GraphFeature Centroid,248,37200,37500,3,3,1,1.0,1
HydraulicSystems,1,cooler_condition,GraphFeature Centroid,250,37500,37800,3,3,1,1.0,1
HydraulicSystems,1,cooler_condition,GraphFeature Centroid,251,37650,37950,3,3,1,1.0,1
HydraulicSystems,1,cooler_condition,GraphFeature Centroid,252,37800,38100,3,3,1,1.0,1
HydraulicSystems,1,cooler_condition,GraphFeature Centroid,253,37950,38250,3,3,1,1.0,1
HydraulicSystems,1,cooler_condition,GraphFeature Centroid,254,38100,38400,3,3,1,1.0,1
HydraulicSystems,1,cooler_condition,GraphFeature Centroid,255,38250,38550,3,3,1,1.0,1
HydraulicSystems,1,cooler_condition,GraphFeature Centroid,259,38850,39150,3,3,1,1.0,1
HydraulicSystems,1,cooler_condition,GraphFeature Centroid,262,39300,39600,3,3,1,1.0,1
HydraulicSystems,1,cooler_condition,GraphFeature Centroid,264,39600,39900,3,3,1,1.0,1
HydraulicSystems,1,cooler_condition,GraphFeature Centroid,267,40050,40350,3,3,1,1.0,1
HydraulicSystems,1,cooler_condition,GraphFeature Centroid,268,40200,40500,3,3,1,1.0,1
HydraulicSystems,1,cooler_condition,GraphFeature Centroid,271,40650,40950,3,3,1,1.0,1
HydraulicSystems,1,cooler_condition,GraphFeature Centroid,274,41100,41400,3,3,1,1.0,1
HydraulicSystems,1,cooler_condition,GraphFeature Centroid,277,41550,41850,3,3,1,1.0,1
HydraulicSystems,1,cooler_condition,GraphFeature Centroid,278,41700,42000,3,3,1,1.0,1
HydraulicSystems,1,cooler_condition,GraphFeature Centroid,280,42000,42300,3,3,1,1.0,1
HydraulicSystems,1,cooler_condition,GraphFeature Centroid,281,42150,42450,3,3,1,1.0,1
HydraulicSystems,1,cooler_condition,GraphFeature Centroid,283,42450,42750,3,3,1,1.0,1
HydraulicSystems,1,cooler_condition,GraphFeature Centroid,284,42600,42900,3,3,1,1.0,1
HydraulicSystems,1,cooler_condition,GraphFeature Centroid,285,42750,43050,3,3,1,1.0,1
HydraulicSystems,1,cooler_condition,GraphFeature Centroid,287,43050,43350,3,3,1,1.0,1
HydraulicSystems,1,cooler_condition,GraphFeature Centroid,289,43350,43650,3,3,1,1.0,1
HydraulicSystems,1,cooler_condition,GraphFeature Centroid,290,43500,43800,3,3,1,1.0,1
HydraulicSystems,1,cooler_condition,GraphFeature Centroid,295,44250,44550,20,3,0,1.0,1
HydraulicSystems,1,cooler_condition,GraphFeature Centroid,296,44400,44700,20,3,0,1.0,1
HydraulicSystems,1,cooler_condition,GraphFeature Centroid,299,44850,45150,20,20,1,1.0,1
HydraulicSystems,1,cooler_condition,GraphFeature Centroid,301,45150,45450,20,20,1,1.0,0
HydraulicSystems,1,cooler_condition,GraphFeature Centroid,302,45300,45600,20,20,1,1.0,1
HydraulicSystems,1,cooler_condition,GraphFeature Centroid,303,45450,45750,20,20,1,1.0,1
HydraulicSystems,1,cooler_condition,GraphFeature Centroid,306,45900,46200,20,20,1,1.0,1
HydraulicSystems,1,cooler_condition,GraphFeature Centroid,307,46050,46350,20,20,1,1.0,0
HydraulicSystems,1,cooler_condition,GraphFeature Centroid,308,46200,46500,20,20,1,1.0,0
HydraulicSystems,1,cooler_condition,GraphFeature Centroid,315,47250,47550,20,3,0,1.0,1
HydraulicSystems,1,cooler_condition,GraphFeature Centroid,317,47550,47850,20,20,1,1.0,0
HydraulicSystems,1,cooler_condition,GraphFeature Centroid,321,48150,48450,20,20,1,1.0,0
HydraulicSystems,1,cooler_condition,GraphFeature Centroid,327,49050,49350,20,20,1,1.0,0
HydraulicSystems,1,cooler_condition,GraphFeature Centroid,328,49200,49500,20,20,1,1.0,0
HydraulicSystems,1,cooler_condition,GraphFeature Centroid,331,49650,49950,20,20,1,1.0,0
HydraulicSystems,1,cooler_condition,GraphFeature Centroid,332,49800,50100,20,20,1,1.0,0
HydraulicSystems,1,cooler_condition,GraphFeature Centroid,333,49950,50250,20,20,1,1.0,0
HydraulicSystems,1,cooler_condition,GraphFeature Centroid,339,50850,51150,20,20,1,1.0,0
HydraulicSystems,1,cooler_condition,GraphFeature Centroid,340,51000,51300,20,20,1,1.0,0
HydraulicSystems,1,cooler_condition,GraphFeature Centroid,343,51450,51750,20,20,1,1.0,0
HydraulicSystems,1,cooler_condition,GraphFeature Centroid,347,52050,52350,20,20,1,1.0,0
HydraulicSystems,1,cooler_condition,GraphFeature Centroid,348,52200,52500,20,3,0,1.0,1
HydraulicSystems,1,cooler_condition,GraphFeature Centroid,352,52800,53100,20,20,1,1.0,0
HydraulicSystems,1,cooler_condition,GraphFeature Centroid,353,52950,53250,20,20,1,1.0,0
HydraulicSystems,1,cooler_condition,GraphFeature Centroid,355,53250,53550,20,20,1,1.0,0
HydraulicSystems,1,cooler_condition,GraphFeature Centroid,356,53400,53700,20,20,1,1.0,0
HydraulicSystems,1,cooler_condition,GraphFeature Centroid,357,53550,53850,20,20,1,1.0,0
HydraulicSystems,1,cooler_condition,GraphFeature Centroid,358,53700,54000,20,20,1,1.0,0
HydraulicSystems,1,cooler_condition,GraphFeature Centroid,359,53850,54150,20,20,1,1.0,0
HydraulicSystems,1,cooler_condition,GraphFeature Centroid,360,54000,54300,20,20,1,1.0,0
HydraulicSystems,1,cooler_condition,GraphFeature Centroid,361,54150,54450,20,20,1,1.0,0
HydraulicSystems,1,cooler_condition,GraphFeature Centroid,363,54450,54750,20,20,1,1.0,0
HydraulicSystems,1,cooler_condition,GraphFeature Centroid,365,54750,55050,20,20,1,1.0,0
HydraulicSystems,1,cooler_condition,GraphFeature Centroid,367,55050,55350,20,20,1,1.0,0
HydraulicSystems,1,cooler_condition,GraphFeature Centroid,369,55350,55650,20,20,1,1.0,0
HydraulicSystems,1,cooler_condition,GraphFeature Centroid,370,55500,55800,20,20,1,1.0,0
HydraulicSystems,1,cooler_condition,GraphFeature Centroid,371,55650,55950,20,20,1,1.0,0
HydraulicSystems,1,cooler_condition,GraphFeature Centroid,374,56100,56400,20,20,1,1.0,0
HydraulicSystems,1,cooler_condition,GraphFeature Centroid,377,56550,56850,20,20,1,1.0,0
HydraulicSystems,1,cooler_condition,GraphFeature Centroid,381,57150,57450,20,20,1,1.0,0
HydraulicSystems,1,cooler_condition,GraphFeature Centroid,382,57300,57600,20,20,1,1.0,0
HydraulicSystems,1,cooler_condition,GraphFeature Centroid,385,57750,58050,20,20,1,1.0,0
HydraulicSystems,1,cooler_condition,GraphFeature Centroid,386,57900,58200,20,20,1,1.0,0
HydraulicSystems,1,cooler_condition,GraphFeature Centroid,388,58200,58500,20,20,1,1.0,0
HydraulicSystems,1,cooler_condition,GraphFeature Centroid,389,58350,58650,20,20,1,1.0,0
HydraulicSystems,1,cooler_condition,GraphFeature Centroid,395,59250,59550,20,20,1,1.0,0
HydraulicSystems,1,cooler_condition,GraphFeature Centroid,396,59400,59700,20,20,1,1.0,0
HydraulicSystems,1,cooler_condition,GraphFeature Centroid,397,59550,59850,20,20,1,1.0,1
HydraulicSystems,1,cooler_condition,GraphFeature Centroid,398,59700,60000,20,20,1,1.0,0
HydraulicSystems,1,cooler_condition,GraphFeature Centroid,399,59850,60150,20,20,1,1.0,0
HydraulicSystems,1,cooler_condition,GraphFeature Centroid,400,60000,60300,20,20,1,1.0,0
HydraulicSystems,1,cooler_condition,GraphFeature Centroid,401,60150,60450,20,20,1,1.0,0
HydraulicSystems,1,cooler_condition,GraphFeature Centroid,403,60450,60750,20,20,1,1.0,0
HydraulicSystems,1,cooler_condition,GraphFeature Centroid,404,60600,60900,20,20,1,1.0,0
HydraulicSystems,1,cooler_condition,GraphFeature Centroid,406,60900,61200,20,20,1,1.0,0
HydraulicSystems,1,cooler_condition,GraphFeature Centroid,407,61050,61350,20,20,1,1.0,0
HydraulicSystems,1,cooler_condition,GraphFeature Centroid,415,62250,62550,20,20,1,1.0,0
HydraulicSystems,1,cooler_condition,GraphFeature Centroid,416,62400,62700,20,20,1,1.0,0
HydraulicSystems,1,cooler_condition,GraphFeature Centroid,420,63000,63300,20,20,1,1.0,0
HydraulicSystems,1,cooler_condition,GraphFeature Centroid,421,63150,63450,20,20,1,1.0,0
HydraulicSystems,1,cooler_condition,GraphFeature Centroid,426,63900,64200,20,20,1,1.0,0
HydraulicSystems,1,cooler_condition,GraphFeature Centroid,428,64200,64500,20,20,1,1.0,0
HydraulicSystems,1,cooler_condition,GraphFeature Centroid,429,64350,64650,20,20,1,1.0,0
HydraulicSystems,1,cooler_condition,GraphFeature Centroid,430,64500,64800,20,20,1,1.0,0
HydraulicSystems,1,cooler_condition,GraphFeature Centroid,431,64650,64950,20,20,1,1.0,0
HydraulicSystems,1,cooler_condition,GraphFeature Centroid,432,64800,65100,20,20,1,1.0,0
HydraulicSystems,1,cooler_condition,GraphFeature Centroid,435,65250,65550,20,20,1,1.0,0
HydraulicSystems,1,cooler_condition,GraphFeature Centroid,438,65700,66000,20,20,1,1.0,0
HydraulicSystems,1,cooler_condition,GraphFeature Centroid,439,65850,66150,20,20,1,1.0,0
HydraulicSystems,1,cooler_condition,GraphFeature Centroid,441,66150,66450,20,20,1,1.0,0
HydraulicSystems,1,cooler_condition,GraphFeature Centroid,442,66300,66600,20,20,1,1.0,0
HydraulicSystems,1,cooler_condition,GraphFeature Centroid,443,66450,66750,20,20,1,1.0,0
HydraulicSystems,1,cooler_condition,GraphFeature Centroid,444,66600,66900,20,20,1,1.0,0
HydraulicSystems,1,cooler_condition,GraphFeature Centroid,445,66750,67050,20,20,1,1.0,0
HydraulicSystems,1,cooler_condition,GraphFeature Centroid,446,66900,67200,20,20,1,1.0,0
HydraulicSystems,1,cooler_condition,GraphFeature Centroid,447,67050,67350,20,20,1,1.0,0
HydraulicSystems,1,cooler_condition,GraphFeature Centroid,448,67200,67500,20,100,0,1.0,0
HydraulicSystems,1,cooler_condition,GraphFeature Centroid,449,67350,67650,20,20,1,1.0,0
HydraulicSystems,1,cooler_condition,GraphFeature Centroid,450,67500,67800,20,20,1,1.0,0
HydraulicSystems,1,cooler_condition,GraphFeature Centroid,454,68100,68400,20,20,1,1.0,0
HydraulicSystems,1,cooler_condition,GraphFeature Centroid,455,68250,68550,20,20,1,1.0,0
HydraulicSystems,1,cooler_condition,GraphFeature Centroid,456,68400,68700,20,20,1,1.0,0
HydraulicSystems,1,cooler_condition,GraphFeature Centroid,457,68550,68850,20,20,1,1.0,0
HydraulicSystems,1,cooler_condition,GraphFeature Centroid,459,68850,69150,20,20,1,1.0,0
HydraulicSystems,1,cooler_condition,GraphFeature Centroid,460,69000,69300,20,20,1,1.0,0
HydraulicSystems,1,cooler_condition,GraphFeature Centroid,461,69150,69450,20,20,1,1.0,0
HydraulicSystems,1,cooler_condition,GraphFeature Centroid,462,69300,69600,20,20,1,1.0,0
HydraulicSystems,1,cooler_condition,GraphFeature Centroid,463,69450,69750,20,20,1,1.0,0
HydraulicSystems,1,cooler_condition,GraphFeature Centroid,468,70200,70500,20,3,0,1.0,1
HydraulicSystems,1,cooler_condition,GraphFeature Centroid,470,70500,70800,20,20,1,1.0,0
HydraulicSystems,1,cooler_condition,GraphFeature Centroid,472,70800,71100,20,20,1,1.0,0
HydraulicSystems,1,cooler_condition,GraphFeature Centroid,475,71250,71550,20,20,1,1.0,0
HydraulicSystems,1,cooler_condition,GraphFeature Centroid,478,71700,72000,20,20,1,1.0,0
HydraulicSystems,1,cooler_condition,GraphFeature Centroid,480,72000,72300,20,20,1,1.0,0
HydraulicSystems,1,cooler_condition,GraphFeature Centroid,481,72150,72450,20,20,1,1.0,0
HydraulicSystems,1,cooler_condition,GraphFeature Centroid,484,72600,72900,20,20,1,1.0,0
HydraulicSystems,1,cooler_condition,GraphFeature Centroid,485,72750,73050,20,20,1,1.0,0
HydraulicSystems,1,cooler_condition,GraphFeature Centroid,486,72900,73200,20,20,1,1.0,0
HydraulicSystems,1,cooler_condition,GraphFeature Centroid,490,73500,73800,20,20,1,1.0,0
HydraulicSystems,1,cooler_condition,GraphFeature Centroid,493,73950,74250,20,20,1,1.0,0
HydraulicSystems,1,cooler_condition,GraphFeature Centroid,495,74250,74550,20,20,1,1.0,0
HydraulicSystems,1,cooler_condition,GraphFeature Centroid,497,74550,74850,20,20,1,1.0,0
HydraulicSystems,1,cooler_condition,GraphFeature Centroid,499,74850,75150,20,20,1,1.0,0
HydraulicSystems,1,cooler_condition,GraphFeature Centroid,500,75000,75300,20,20,1,1.0,0
HydraulicSystems,1,cooler_condition,GraphFeature Centroid,502,75300,75600,20,20,1,1.0,0
HydraulicSystems,1,cooler_condition,GraphFeature Centroid,503,75450,75750,20,20,1,1.0,0
HydraulicSystems,1,cooler_condition,GraphFeature Centroid,505,75750,76050,20,20,1,1.0,0
HydraulicSystems,1,cooler_condition,GraphFeature Centroid,506,75900,76200,20,20,1,1.0,0
HydraulicSystems,1,cooler_condition,GraphFeature Centroid,508,76200,76500,20,20,1,1.0,0
HydraulicSystems,1,cooler_condition,GraphFeature Centroid,510,76500,76800,20,20,1,1.0,0
HydraulicSystems,1,cooler_condition,GraphFeature Centroid,511,76650,76950,20,20,1,1.0,0
HydraulicSystems,1,cooler_condition,GraphFeature Centroid,512,76800,77100,20,20,1,1.0,0
HydraulicSystems,1,cooler_condition,GraphFeature Centroid,514,77100,77400,20,20,1,1.0,0
HydraulicSystems,1,cooler_condition,GraphFeature Centroid,517,77550,77850,20,20,1,1.0,0
HydraulicSystems,1,cooler_condition,GraphFeature Centroid,518,77700,78000,20,20,1,1.0,0
HydraulicSystems,1,cooler_condition,GraphFeature Centroid,520,78000,78300,20,20,1,1.0,0
HydraulicSystems,1,cooler_condition,GraphFeature Centroid,523,78450,78750,20,20,1,1.0,0
HydraulicSystems,1,cooler_condition,GraphFeature Centroid,525,78750,79050,20,20,1,1.0,0
HydraulicSystems,1,cooler_condition,GraphFeature Centroid,526,78900,79200,20,20,1,1.0,0
HydraulicSystems,1,cooler_condition,GraphFeature Centroid,527,79050,79350,20,20,1,1.0,0
HydraulicSystems,1,cooler_condition,GraphFeature Centroid,529,79350,79650,20,20,1,1.0,0
HydraulicSystems,1,cooler_condition,GraphFeature Centroid,535,80250,80550,20,20,1,1.0,0
HydraulicSystems,1,cooler_condition,GraphFeature Centroid,536,80400,80700,20,20,1,1.0,0
HydraulicSystems,1,cooler_condition,GraphFeature Centroid,537,80550,80850,20,20,1,1.0,0
HydraulicSystems,1,cooler_condition,GraphFeature Centroid,538,80700,81000,20,20,1,1.0,0
HydraulicSystems,1,cooler_condition,GraphFeature Centroid,539,80850,81150,20,20,1,1.0,0
HydraulicSystems,1,cooler_condition,GraphFeature Centroid,540,81000,81300,20,20,1,1.0,0
HydraulicSystems,1,cooler_condition,GraphFeature Centroid,541,81150,81450,20,20,1,1.0,0
HydraulicSystems,1,cooler_condition,GraphFeature Centroid,542,81300,81600,20,20,1,1.0,0
HydraulicSystems,1,cooler_condition,GraphFeature Centroid,545,81750,82050,20,20,1,1.0,0
HydraulicSystems,1,cooler_condition,GraphFeature Centroid,546,81900,82200,20,20,1,1.0,0
HydraulicSystems,1,cooler_condition,GraphFeature Centroid,547,82050,82350,20,20,1,1.0,0
HydraulicSystems,1,cooler_condition,GraphFeature Centroid,549,82350,82650,20,20,1,1.0,0
HydraulicSystems,1,cooler_condition,GraphFeature Centroid,552,82800,83100,20,20,1,1.0,0
HydraulicSystems,1,cooler_condition,GraphFeature Centroid,553,82950,83250,20,20,1,1.0,0
HydraulicSystems,1,cooler_condition,GraphFeature Centroid,558,83700,84000,20,20,1,1.0,0
HydraulicSystems,1,cooler_condition,GraphFeature Centroid,559,83850,84150,20,20,1,1.0,0
HydraulicSystems,1,cooler_condition,GraphFeature Centroid,560,84000,84300,20,20,1,1.0,0
HydraulicSystems,1,cooler_condition,GraphFeature Centroid,561,84150,84450,20,20,1,1.0,0
HydraulicSystems,1,cooler_condition,GraphFeature Centroid,562,84300,84600,20,20,1,1.0,0
HydraulicSystems,1,cooler_condition,GraphFeature Centroid,564,84600,84900,20,20,1,1.0,0
HydraulicSystems,1,cooler_condition,GraphFeature Centroid,567,85050,85350,20,20,1,1.0,0
HydraulicSystems,1,cooler_condition,GraphFeature Centroid,570,85500,85800,20,20,1,1.0,1
HydraulicSystems,1,cooler_condition,GraphFeature Centroid,574,86100,86400,20,20,1,1.0,0
HydraulicSystems,1,cooler_condition,GraphFeature Centroid,579,86850,87150,20,20,1,1.0,0
HydraulicSystems,1,cooler_condition,GraphFeature Centroid,581,87150,87450,20,20,1,1.0,0
HydraulicSystems,1,cooler_condition,GraphFeature Centroid,585,87750,88050,100,3,0,0.7,1
HydraulicSystems,1,cooler_condition,GraphFeature Centroid,586,87900,88200,100,3,0,1.0,1
HydraulicSystems,1,cooler_condition,GraphFeature Centroid,589,88350,88650,100,3,0,1.0,1
HydraulicSystems,1,cooler_condition,GraphFeature Centroid,590,88500,88800,100,20,0,1.0,0
HydraulicSystems,1,cooler_condition,GraphFeature Centroid,591,88650,88950,100,3,0,1.0,1
HydraulicSystems,1,cooler_condition,GraphFeature Centroid,592,88800,89100,100,100,1,1.0,0
HydraulicSystems,1,cooler_condition,GraphFeature Centroid,593,88950,89250,100,100,1,1.0,0
HydraulicSystems,1,cooler_condition,GraphFeature Centroid,594,89100,89400,100,100,1,1.0,0
HydraulicSystems,1,cooler_condition,GraphFeature Centroid,595,89250,89550,100,100,1,1.0,0
HydraulicSystems,1,cooler_condition,GraphFeature Centroid,598,89700,90000,100,100,1,1.0,0
HydraulicSystems,1,cooler_condition,GraphFeature Centroid,599,89850,90150,100,100,1,1.0,0
HydraulicSystems,1,cooler_condition,GraphFeature Centroid,603,90450,90750,100,100,1,1.0,0
HydraulicSystems,1,cooler_condition,GraphFeature Centroid,604,90600,90900,100,100,1,1.0,0
HydraulicSystems,1,cooler_condition,GraphFeature Centroid,605,90750,91050,100,100,1,1.0,0
HydraulicSystems,1,cooler_condition,GraphFeature Centroid,606,90900,91200,100,100,1,1.0,0
HydraulicSystems,1,cooler_condition,GraphFeature Centroid,607,91050,91350,100,100,1,1.0,0
HydraulicSystems,1,cooler_condition,GraphFeature Centroid,608,91200,91500,100,100,1,1.0,0
HydraulicSystems,1,cooler_condition,GraphFeature Centroid,609,91350,91650,100,100,1,1.0,0
HydraulicSystems,1,cooler_condition,GraphFeature Centroid,612,91800,92100,100,100,1,1.0,0
HydraulicSystems,1,cooler_condition,GraphFeature Centroid,614,92100,92400,100,100,1,1.0,0
HydraulicSystems,1,cooler_condition,GraphFeature Centroid,616,92400,92700,100,100,1,1.0,0
HydraulicSystems,1,cooler_condition,GraphFeature Centroid,617,92550,92850,100,100,1,1.0,0
HydraulicSystems,1,cooler_condition,GraphFeature Centroid,621,93150,93450,100,100,1,1.0,0
HydraulicSystems,1,cooler_condition,GraphFeature Centroid,625,93750,94050,100,100,1,1.0,0
HydraulicSystems,1,cooler_condition,GraphFeature Centroid,628,94200,94500,100,100,1,1.0,0
HydraulicSystems,1,cooler_condition,GraphFeature Centroid,629,94350,94650,100,100,1,1.0,0
HydraulicSystems,1,cooler_condition,GraphFeature Centroid,632,94800,95100,100,100,1,1.0,0
HydraulicSystems,1,cooler_condition,GraphFeature Centroid,633,94950,95250,100,100,1,1.0,0
HydraulicSystems,1,cooler_condition,GraphFeature Centroid,636,95400,95700,100,100,1,1.0,0
HydraulicSystems,1,cooler_condition,GraphFeature Centroid,637,95550,95850,100,100,1,1.0,0
HydraulicSystems,1,cooler_condition,GraphFeature Centroid,639,95850,96150,100,100,1,1.0,0
HydraulicSystems,1,cooler_condition,GraphFeature Centroid,644,96600,96900,100,100,1,1.0,0
HydraulicSystems,1,cooler_condition,GraphFeature Centroid,646,96900,97200,100,100,1,1.0,0
HydraulicSystems,1,cooler_condition,GraphFeature Centroid,648,97200,97500,100,100,1,1.0,0
HydraulicSystems,1,cooler_condition,GraphFeature Centroid,650,97500,97800,100,100,1,1.0,0
HydraulicSystems,1,cooler_condition,GraphFeature Centroid,651,97650,97950,100,100,1,1.0,0
HydraulicSystems,1,cooler_condition,GraphFeature Centroid,652,97800,98100,100,100,1,1.0,0
HydraulicSystems,1,cooler_condition,GraphFeature Centroid,654,98100,98400,100,100,1,1.0,0
HydraulicSystems,1,cooler_condition,GraphFeature Centroid,655,98250,98550,100,100,1,1.0,0
HydraulicSystems,1,cooler_condition,GraphFeature Centroid,658,98700,99000,100,100,1,1.0,0
HydraulicSystems,1,cooler_condition,GraphFeature Centroid,659,98850,99150,100,100,1,1.0,0
HydraulicSystems,1,cooler_condition,GraphFeature Centroid,663,99450,99750,100,100,1,1.0,0
HydraulicSystems,1,cooler_condition,GraphFeature Centroid,665,99750,100050,100,100,1,1.0,0
HydraulicSystems,1,cooler_condition,GraphFeature Centroid,666,99900,100200,100,100,1,1.0,0
HydraulicSystems,1,cooler_condition,GraphFeature Centroid,668,100200,100500,100,100,1,1.0,0
HydraulicSystems,1,cooler_condition,GraphFeature Centroid,669,100350,100650,100,100,1,1.0,0
HydraulicSystems,1,cooler_condition,GraphFeature Centroid,671,100650,100950,100,100,1,1.0,0
HydraulicSystems,1,cooler_condition,GraphFeature Centroid,672,100800,101100,100,100,1,1.0,0
HydraulicSystems,1,cooler_condition,GraphFeature Centroid,673,100950,101250,100,100,1,1.0,0
HydraulicSystems,1,cooler_condition,GraphFeature Centroid,675,101250,101550,100,100,1,1.0,0
HydraulicSystems,1,cooler_condition,GraphFeature Centroid,681,102150,102450,100,100,1,1.0,0
HydraulicSystems,1,cooler_condition,GraphFeature Centroid,682,102300,102600,100,100,1,1.0,0
HydraulicSystems,1,cooler_condition,GraphFeature Centroid,684,102600,102900,100,100,1,1.0,0
HydraulicSystems,1,cooler_condition,GraphFeature Centroid,688,103200,103500,100,100,1,1.0,0
HydraulicSystems,1,cooler_condition,GraphFeature Centroid,690,103500,103800,100,100,1,1.0,0
HydraulicSystems,1,cooler_condition,GraphFeature Centroid,691,103650,103950,100,100,1,1.0,0
HydraulicSystems,1,cooler_condition,GraphFeature Centroid,692,103800,104100,100,100,1,1.0,0
HydraulicSystems,1,cooler_condition,GraphFeature Centroid,693,103950,104250,100,100,1,1.0,0
HydraulicSystems,1,cooler_condition,GraphFeature Centroid,695,104250,104550,100,100,1,1.0,0
HydraulicSystems,1,cooler_condition,GraphFeature Centroid,696,104400,104700,100,100,1,1.0,0
HydraulicSystems,1,cooler_condition,GraphFeature Centroid,698,104700,105000,100,100,1,1.0,0
HydraulicSystems,1,cooler_condition,GraphFeature Centroid,702,105300,105600,100,100,1,1.0,0
HydraulicSystems,1,cooler_condition,GraphFeature Centroid,705,105750,106050,100,100,1,1.0,0
HydraulicSystems,1,cooler_condition,GraphFeature Centroid,706,105900,106200,100,100,1,1.0,0
HydraulicSystems,1,cooler_condition,GraphFeature Centroid,708,106200,106500,100,100,1,1.0,0
HydraulicSystems,1,cooler_condition,GraphFeature Centroid,712,106800,107100,100,100,1,1.0,0
HydraulicSystems,1,cooler_condition,GraphFeature Centroid,715,107250,107550,100,100,1,1.0,0
HydraulicSystems,1,cooler_condition,GraphFeature Centroid,716,107400,107700,100,100,1,1.0,0
HydraulicSystems,1,cooler_condition,GraphFeature Centroid,718,107700,108000,100,100,1,1.0,0
HydraulicSystems,1,cooler_condition,GraphFeature Centroid,720,108000,108300,100,100,1,1.0,0
HydraulicSystems,1,cooler_condition,GraphFeature Centroid,721,108150,108450,100,100,1,1.0,0
HydraulicSystems,1,cooler_condition,GraphFeature Centroid,723,108450,108750,100,100,1,1.0,0
HydraulicSystems,1,cooler_condition,GraphFeature Centroid,726,108900,109200,100,100,1,1.0,0
HydraulicSystems,1,cooler_condition,GraphFeature Centroid,728,109200,109500,100,100,1,1.0,0
HydraulicSystems,1,cooler_condition,GraphFeature Centroid,730,109500,109800,100,100,1,1.0,0
HydraulicSystems,1,cooler_condition,GraphFeature Centroid,731,109650,109950,100,100,1,1.0,0
HydraulicSystems,1,cooler_condition,GraphFeature Centroid,732,109800,110100,100,100,1,1.0,0
HydraulicSystems,1,cooler_condition,GraphFeature Centroid,733,109950,110250,100,100,1,1.0,0
HydraulicSystems,1,cooler_condition,GraphFeature Centroid,734,110100,110400,100,100,1,1.0,0
HydraulicSystems,1,cooler_condition,GraphFeature Centroid,735,110250,110550,100,100,1,1.0,0
HydraulicSystems,1,cooler_condition,GraphFeature Centroid,737,110550,110850,100,100,1,1.0,0
HydraulicSystems,1,cooler_condition,GraphFeature Centroid,738,110700,111000,100,100,1,1.0,0
HydraulicSystems,1,cooler_condition,GraphFeature Centroid,741,111150,111450,100,100,1,1.0,0
HydraulicSystems,1,cooler_condition,GraphFeature Centroid,742,111300,111600,100,100,1,1.0,0
HydraulicSystems,1,cooler_condition,GraphFeature Centroid,744,111600,111900,100,100,1,1.0,0
HydraulicSystems,1,cooler_condition,GraphFeature Centroid,746,111900,112200,100,100,1,1.0,0
HydraulicSystems,1,cooler_condition,GraphFeature Centroid,748,112200,112500,100,100,1,1.0,0
HydraulicSystems,1,cooler_condition,GraphFeature Centroid,750,112500,112800,100,100,1,1.0,0
HydraulicSystems,1,cooler_condition,GraphFeature Centroid,751,112650,112950,100,100,1,1.0,0
HydraulicSystems,1,cooler_condition,GraphFeature Centroid,752,112800,113100,100,100,1,1.0,0
HydraulicSystems,1,cooler_condition,GraphFeature Centroid,756,113400,113700,100,100,1,1.0,0
HydraulicSystems,1,cooler_condition,GraphFeature Centroid,757,113550,113850,100,100,1,1.0,0
HydraulicSystems,1,cooler_condition,GraphFeature Centroid,760,114000,114300,100,100,1,1.0,0
HydraulicSystems,1,cooler_condition,GraphFeature Centroid,766,114900,115200,100,100,1,1.0,0
HydraulicSystems,1,cooler_condition,GraphFeature Centroid,767,115050,115350,100,100,1,1.0,0
HydraulicSystems,1,cooler_condition,GraphFeature Centroid,769,115350,115650,100,100,1,1.0,0
HydraulicSystems,1,cooler_condition,GraphFeature Centroid,770,115500,115800,100,100,1,1.0,0
HydraulicSystems,1,cooler_condition,GraphFeature Centroid,773,115950,116250,100,100,1,1.0,0
HydraulicSystems,1,cooler_condition,GraphFeature Centroid,774,116100,116400,100,100,1,1.0,0
HydraulicSystems,1,cooler_condition,GraphFeature Centroid,775,116250,116550,100,100,1,1.0,0
HydraulicSystems,1,cooler_condition,GraphFeature Centroid,777,116550,116850,100,100,1,1.0,0
HydraulicSystems,1,cooler_condition,GraphFeature Centroid,778,116700,117000,100,100,1,1.0,0
HydraulicSystems,1,cooler_condition,GraphFeature Centroid,779,116850,117150,100,100,1,1.0,0
HydraulicSystems,1,cooler_condition,GraphFeature Centroid,780,117000,117300,100,100,1,1.0,0
HydraulicSystems,1,cooler_condition,GraphFeature Centroid,782,117300,117600,100,100,1,1.0,0
HydraulicSystems,1,cooler_condition,GraphFeature Centroid,788,118200,118500,100,100,1,1.0,0
HydraulicSystems,1,cooler_condition,GraphFeature Centroid,789,118350,118650,100,100,1,1.0,0
HydraulicSystems,1,cooler_condition,GraphFeature Centroid,791,118650,118950,100,100,1,1.0,0
HydraulicSystems,1,cooler_condition,GraphFeature Centroid,793,118950,119250,100,100,1,1.0,0
HydraulicSystems,1,cooler_condition,GraphFeature Centroid,794,119100,119400,100,100,1,1.0,0
HydraulicSystems,1,cooler_condition,GraphFeature Centroid,796,119400,119700,100,100,1,1.0,0
HydraulicSystems,1,cooler_condition,GraphFeature Centroid,797,119550,119850,100,100,1,1.0,0
HydraulicSystems,1,cooler_condition,GraphFeature Centroid,803,120450,120750,100,100,1,1.0,0
HydraulicSystems,1,cooler_condition,GraphFeature Centroid,804,120600,120900,100,100,1,1.0,0
HydraulicSystems,1,cooler_condition,GraphFeature Centroid,805,120750,121050,100,100,1,1.0,0
HydraulicSystems,1,cooler_condition,GraphFeature Centroid,806,120900,121200,100,100,1,1.0,0
HydraulicSystems,1,cooler_condition,GraphFeature Centroid,807,121050,121350,100,100,1,1.0,0
HydraulicSystems,1,cooler_condition,GraphFeature Centroid,808,121200,121500,100,100,1,1.0,0
HydraulicSystems,1,cooler_condition,GraphFeature Centroid,809,121350,121650,100,100,1,1.0,0
HydraulicSystems,1,cooler_condition,GraphFeature Centroid,810,121500,121800,100,100,1,1.0,0
HydraulicSystems,1,cooler_condition,GraphFeature Centroid,811,121650,121950,100,100,1,1.0,0
HydraulicSystems,1,cooler_condition,GraphFeature Centroid,814,122100,122400,100,100,1,1.0,0
HydraulicSystems,1,cooler_condition,GraphFeature Centroid,820,123000,123300,100,100,1,1.0,0
HydraulicSystems,1,cooler_condition,GraphFeature Centroid,821,123150,123450,100,100,1,1.0,0
HydraulicSystems,1,cooler_condition,GraphFeature Centroid,823,123450,123750,100,100,1,1.0,0
HydraulicSystems,1,cooler_condition,GraphFeature Centroid,825,123750,124050,100,100,1,1.0,0
HydraulicSystems,1,cooler_condition,GraphFeature Centroid,826,123900,124200,100,100,1,1.0,0
HydraulicSystems,1,cooler_condition,GraphFeature Centroid,827,124050,124350,100,100,1,1.0,0
HydraulicSystems,1,cooler_condition,GraphFeature Centroid,829,124350,124650,100,100,1,1.0,0
HydraulicSystems,1,cooler_condition,GraphFeature Centroid,832,124800,125100,100,100,1,1.0,0
HydraulicSystems,1,cooler_condition,GraphFeature Centroid,836,125400,125700,100,100,1,1.0,0
HydraulicSystems,1,cooler_condition,GraphFeature Centroid,837,125550,125850,100,100,1,1.0,0
HydraulicSystems,1,cooler_condition,GraphFeature Centroid,839,125850,126150,100,100,1,1.0,0
HydraulicSystems,1,cooler_condition,GraphFeature Centroid,843,126450,126750,100,100,1,1.0,0
HydraulicSystems,1,cooler_condition,GraphFeature Centroid,846,126900,127200,100,100,1,1.0,0
HydraulicSystems,1,cooler_condition,GraphFeature Centroid,848,127200,127500,100,100,1,1.0,0
HydraulicSystems,1,cooler_condition,GraphFeature Centroid,856,128400,128700,100,100,1,1.0,0
HydraulicSystems,1,cooler_condition,GraphFeature Centroid,858,128700,129000,100,100,1,1.0,0
HydraulicSystems,1,cooler_condition,GraphFeature Centroid,859,128850,129150,100,100,1,1.0,0
HydraulicSystems,1,cooler_condition,GraphFeature Centroid,864,129600,129900,100,100,1,1.0,0
HydraulicSystems,1,cooler_condition,GraphFeature Centroid,865,129750,130050,100,100,1,1.0,0
HydraulicSystems,1,cooler_condition,GraphFeature Centroid,867,130050,130350,100,100,1,1.0,0
HydraulicSystems,1,cooler_condition,GraphFeature Centroid,873,130950,131250,100,100,1,1.0,0
HydraulicSystems,1,cooler_condition,GraphFeature Centroid,874,131100,131400,100,100,1,1.0,0
HydraulicSystems,1,cooler_condition,GraphFeature Centroid,875,131250,131550,100,100,1,1.0,0
HydraulicSystems,1,cooler_condition,GraphFeature Centroid,876,131400,131700,100,100,1,1.0,0
HydraulicSystems,1,cooler_condition,GraphFeature Centroid,877,131550,131850,100,100,1,1.0,0
HydraulicSystems,1,cooler_condition,GraphFeature Centroid,878,131700,132000,100,100,1,1.0,0
HydraulicSystems,1,cooler_condition,STCG-v1 State Mapping,0,0,300,3,3,1,1.0,1
HydraulicSystems,1,cooler_condition,STCG-v1 State Mapping,2,300,600,3,3,1,1.0,1
HydraulicSystems,1,cooler_condition,STCG-v1 State Mapping,3,450,750,3,3,1,1.0,1
HydraulicSystems,1,cooler_condition,STCG-v1 State Mapping,4,600,900,3,3,1,1.0,1
HydraulicSystems,1,cooler_condition,STCG-v1 State Mapping,5,750,1050,3,3,1,1.0,1
HydraulicSystems,1,cooler_condition,STCG-v1 State Mapping,8,1200,1500,3,3,1,1.0,1
HydraulicSystems,1,cooler_condition,STCG-v1 State Mapping,10,1500,1800,3,3,1,1.0,1
HydraulicSystems,1,cooler_condition,STCG-v1 State Mapping,12,1800,2100,3,3,1,1.0,1
HydraulicSystems,1,cooler_condition,STCG-v1 State Mapping,15,2250,2550,3,3,1,1.0,1
HydraulicSystems,1,cooler_condition,STCG-v1 State Mapping,16,2400,2700,3,3,1,1.0,1
HydraulicSystems,1,cooler_condition,STCG-v1 State Mapping,21,3150,3450,3,3,1,1.0,1
HydraulicSystems,1,cooler_condition,STCG-v1 State Mapping,23,3450,3750,3,3,1,1.0,1
HydraulicSystems,1,cooler_condition,STCG-v1 State Mapping,26,3900,4200,3,3,1,1.0,1
HydraulicSystems,1,cooler_condition,STCG-v1 State Mapping,29,4350,4650,3,3,1,1.0,1
HydraulicSystems,1,cooler_condition,STCG-v1 State Mapping,30,4500,4800,3,3,1,1.0,1
HydraulicSystems,1,cooler_condition,STCG-v1 State Mapping,31,4650,4950,3,3,1,1.0,1
HydraulicSystems,1,cooler_condition,STCG-v1 State Mapping,32,4800,5100,3,3,1,1.0,1
HydraulicSystems,1,cooler_condition,STCG-v1 State Mapping,37,5550,5850,3,3,1,1.0,1
HydraulicSystems,1,cooler_condition,STCG-v1 State Mapping,39,5850,6150,3,3,1,1.0,1
HydraulicSystems,1,cooler_condition,STCG-v1 State Mapping,44,6600,6900,3,3,1,1.0,1
HydraulicSystems,1,cooler_condition,STCG-v1 State Mapping,46,6900,7200,3,3,1,1.0,1
HydraulicSystems,1,cooler_condition,STCG-v1 State Mapping,48,7200,7500,3,3,1,1.0,1
HydraulicSystems,1,cooler_condition,STCG-v1 State Mapping,49,7350,7650,3,3,1,1.0,1
HydraulicSystems,1,cooler_condition,STCG-v1 State Mapping,50,7500,7800,3,3,1,1.0,1
HydraulicSystems,1,cooler_condition,STCG-v1 State Mapping,52,7800,8100,3,3,1,1.0,1
HydraulicSystems,1,cooler_condition,STCG-v1 State Mapping,53,7950,8250,3,3,1,1.0,1
HydraulicSystems,1,cooler_condition,STCG-v1 State Mapping,54,8100,8400,3,3,1,1.0,1
HydraulicSystems,1,cooler_condition,STCG-v1 State Mapping,56,8400,8700,3,100,0,1.0,0
HydraulicSystems,1,cooler_condition,STCG-v1 State Mapping,57,8550,8850,3,3,1,1.0,1
HydraulicSystems,1,cooler_condition,STCG-v1 State Mapping,58,8700,9000,3,3,1,1.0,1
HydraulicSystems,1,cooler_condition,STCG-v1 State Mapping,61,9150,9450,3,3,1,1.0,1
HydraulicSystems,1,cooler_condition,STCG-v1 State Mapping,62,9300,9600,3,3,1,1.0,1
HydraulicSystems,1,cooler_condition,STCG-v1 State Mapping,64,9600,9900,3,3,1,1.0,1
HydraulicSystems,1,cooler_condition,STCG-v1 State Mapping,66,9900,10200,3,3,1,1.0,1
HydraulicSystems,1,cooler_condition,STCG-v1 State Mapping,70,10500,10800,3,3,1,1.0,1
HydraulicSystems,1,cooler_condition,STCG-v1 State Mapping,71,10650,10950,3,3,1,1.0,1
HydraulicSystems,1,cooler_condition,STCG-v1 State Mapping,73,10950,11250,3,3,1,1.0,1
HydraulicSystems,1,cooler_condition,STCG-v1 State Mapping,77,11550,11850,3,3,1,1.0,1
HydraulicSystems,1,cooler_condition,STCG-v1 State Mapping,80,12000,12300,3,3,1,1.0,1
HydraulicSystems,1,cooler_condition,STCG-v1 State Mapping,83,12450,12750,3,3,1,1.0,1
HydraulicSystems,1,cooler_condition,STCG-v1 State Mapping,84,12600,12900,3,3,1,1.0,1
HydraulicSystems,1,cooler_condition,STCG-v1 State Mapping,86,12900,13200,3,3,1,1.0,1
HydraulicSystems,1,cooler_condition,STCG-v1 State Mapping,88,13200,13500,3,3,1,1.0,1
HydraulicSystems,1,cooler_condition,STCG-v1 State Mapping,89,13350,13650,3,3,1,1.0,1
HydraulicSystems,1,cooler_condition,STCG-v1 State Mapping,90,13500,13800,3,3,1,1.0,1
HydraulicSystems,1,cooler_condition,STCG-v1 State Mapping,92,13800,14100,3,3,1,1.0,1
HydraulicSystems,1,cooler_condition,STCG-v1 State Mapping,94,14100,14400,3,3,1,1.0,1
HydraulicSystems,1,cooler_condition,STCG-v1 State Mapping,95,14250,14550,3,3,1,1.0,1
HydraulicSystems,1,cooler_condition,STCG-v1 State Mapping,96,14400,14700,3,3,1,1.0,1
HydraulicSystems,1,cooler_condition,STCG-v1 State Mapping,97,14550,14850,3,3,1,1.0,1
HydraulicSystems,1,cooler_condition,STCG-v1 State Mapping,98,14700,15000,3,3,1,1.0,1
HydraulicSystems,1,cooler_condition,STCG-v1 State Mapping,100,15000,15300,3,3,1,1.0,1
HydraulicSystems,1,cooler_condition,STCG-v1 State Mapping,101,15150,15450,3,3,1,1.0,1
HydraulicSystems,1,cooler_condition,STCG-v1 State Mapping,102,15300,15600,3,3,1,1.0,1
HydraulicSystems,1,cooler_condition,STCG-v1 State Mapping,103,15450,15750,3,3,1,1.0,1
HydraulicSystems,1,cooler_condition,STCG-v1 State Mapping,107,16050,16350,3,100,0,1.0,0
HydraulicSystems,1,cooler_condition,STCG-v1 State Mapping,109,16350,16650,3,3,1,1.0,1
HydraulicSystems,1,cooler_condition,STCG-v1 State Mapping,114,17100,17400,3,3,1,1.0,1
HydraulicSystems,1,cooler_condition,STCG-v1 State Mapping,115,17250,17550,3,3,1,1.0,1
HydraulicSystems,1,cooler_condition,STCG-v1 State Mapping,116,17400,17700,3,3,1,1.0,1
HydraulicSystems,1,cooler_condition,STCG-v1 State Mapping,117,17550,17850,3,3,1,1.0,1
HydraulicSystems,1,cooler_condition,STCG-v1 State Mapping,118,17700,18000,3,3,1,1.0,1
HydraulicSystems,1,cooler_condition,STCG-v1 State Mapping,119,17850,18150,3,3,1,1.0,1
HydraulicSystems,1,cooler_condition,STCG-v1 State Mapping,121,18150,18450,3,3,1,1.0,1
HydraulicSystems,1,cooler_condition,STCG-v1 State Mapping,126,18900,19200,3,3,1,1.0,1
HydraulicSystems,1,cooler_condition,STCG-v1 State Mapping,127,19050,19350,3,3,1,1.0,1
HydraulicSystems,1,cooler_condition,STCG-v1 State Mapping,128,19200,19500,3,3,1,1.0,1
HydraulicSystems,1,cooler_condition,STCG-v1 State Mapping,130,19500,19800,3,3,1,1.0,1
HydraulicSystems,1,cooler_condition,STCG-v1 State Mapping,133,19950,20250,3,3,1,1.0,1
HydraulicSystems,1,cooler_condition,STCG-v1 State Mapping,134,20100,20400,3,3,1,1.0,1
HydraulicSystems,1,cooler_condition,STCG-v1 State Mapping,138,20700,21000,3,3,1,1.0,1
HydraulicSystems,1,cooler_condition,STCG-v1 State Mapping,143,21450,21750,3,3,1,1.0,1
HydraulicSystems,1,cooler_condition,STCG-v1 State Mapping,145,21750,22050,3,3,1,1.0,1
HydraulicSystems,1,cooler_condition,STCG-v1 State Mapping,149,22350,22650,3,3,1,1.0,1
HydraulicSystems,1,cooler_condition,STCG-v1 State Mapping,150,22500,22800,3,3,1,1.0,1
HydraulicSystems,1,cooler_condition,STCG-v1 State Mapping,152,22800,23100,3,3,1,1.0,1
HydraulicSystems,1,cooler_condition,STCG-v1 State Mapping,153,22950,23250,3,3,1,1.0,1
HydraulicSystems,1,cooler_condition,STCG-v1 State Mapping,154,23100,23400,3,3,1,1.0,1
HydraulicSystems,1,cooler_condition,STCG-v1 State Mapping,155,23250,23550,3,3,1,1.0,1
HydraulicSystems,1,cooler_condition,STCG-v1 State Mapping,156,23400,23700,3,3,1,1.0,1
HydraulicSystems,1,cooler_condition,STCG-v1 State Mapping,158,23700,24000,3,3,1,1.0,1
HydraulicSystems,1,cooler_condition,STCG-v1 State Mapping,159,23850,24150,3,3,1,1.0,1
HydraulicSystems,1,cooler_condition,STCG-v1 State Mapping,163,24450,24750,3,3,1,1.0,1
HydraulicSystems,1,cooler_condition,STCG-v1 State Mapping,167,25050,25350,3,3,1,1.0,1
HydraulicSystems,1,cooler_condition,STCG-v1 State Mapping,168,25200,25500,3,3,1,1.0,1
HydraulicSystems,1,cooler_condition,STCG-v1 State Mapping,171,25650,25950,3,3,1,1.0,1
HydraulicSystems,1,cooler_condition,STCG-v1 State Mapping,176,26400,26700,3,3,1,1.0,1
HydraulicSystems,1,cooler_condition,STCG-v1 State Mapping,177,26550,26850,3,3,1,1.0,1
HydraulicSystems,1,cooler_condition,STCG-v1 State Mapping,179,26850,27150,3,3,1,1.0,1
HydraulicSystems,1,cooler_condition,STCG-v1 State Mapping,180,27000,27300,3,3,1,1.0,1
HydraulicSystems,1,cooler_condition,STCG-v1 State Mapping,183,27450,27750,3,3,1,1.0,1
HydraulicSystems,1,cooler_condition,STCG-v1 State Mapping,186,27900,28200,3,3,1,1.0,1
HydraulicSystems,1,cooler_condition,STCG-v1 State Mapping,187,28050,28350,3,3,1,1.0,1
HydraulicSystems,1,cooler_condition,STCG-v1 State Mapping,188,28200,28500,3,3,1,1.0,1
HydraulicSystems,1,cooler_condition,STCG-v1 State Mapping,190,28500,28800,3,3,1,1.0,1
HydraulicSystems,1,cooler_condition,STCG-v1 State Mapping,191,28650,28950,3,3,1,1.0,1
HydraulicSystems,1,cooler_condition,STCG-v1 State Mapping,193,28950,29250,3,3,1,1.0,1
HydraulicSystems,1,cooler_condition,STCG-v1 State Mapping,194,29100,29400,3,3,1,1.0,1
HydraulicSystems,1,cooler_condition,STCG-v1 State Mapping,196,29400,29700,3,3,1,1.0,1
HydraulicSystems,1,cooler_condition,STCG-v1 State Mapping,198,29700,30000,3,3,1,1.0,1
HydraulicSystems,1,cooler_condition,STCG-v1 State Mapping,200,30000,30300,3,3,1,1.0,1
HydraulicSystems,1,cooler_condition,STCG-v1 State Mapping,203,30450,30750,3,3,1,1.0,1
HydraulicSystems,1,cooler_condition,STCG-v1 State Mapping,204,30600,30900,3,3,1,1.0,1
HydraulicSystems,1,cooler_condition,STCG-v1 State Mapping,205,30750,31050,3,3,1,1.0,1
HydraulicSystems,1,cooler_condition,STCG-v1 State Mapping,206,30900,31200,3,3,1,1.0,1
HydraulicSystems,1,cooler_condition,STCG-v1 State Mapping,208,31200,31500,3,3,1,1.0,1
HydraulicSystems,1,cooler_condition,STCG-v1 State Mapping,209,31350,31650,3,3,1,1.0,1
HydraulicSystems,1,cooler_condition,STCG-v1 State Mapping,210,31500,31800,3,3,1,1.0,1
HydraulicSystems,1,cooler_condition,STCG-v1 State Mapping,212,31800,32100,3,3,1,1.0,1
HydraulicSystems,1,cooler_condition,STCG-v1 State Mapping,213,31950,32250,3,3,1,1.0,1
HydraulicSystems,1,cooler_condition,STCG-v1 State Mapping,214,32100,32400,3,3,1,1.0,1
HydraulicSystems,1,cooler_condition,STCG-v1 State Mapping,215,32250,32550,3,3,1,1.0,1
HydraulicSystems,1,cooler_condition,STCG-v1 State Mapping,222,33300,33600,3,3,1,1.0,1
HydraulicSystems,1,cooler_condition,STCG-v1 State Mapping,227,34050,34350,3,3,1,1.0,1
HydraulicSystems,1,cooler_condition,STCG-v1 State Mapping,231,34650,34950,3,3,1,1.0,1
HydraulicSystems,1,cooler_condition,STCG-v1 State Mapping,232,34800,35100,3,3,1,1.0,1
HydraulicSystems,1,cooler_condition,STCG-v1 State Mapping,234,35100,35400,3,3,1,1.0,1
HydraulicSystems,1,cooler_condition,STCG-v1 State Mapping,237,35550,35850,3,3,1,1.0,1
HydraulicSystems,1,cooler_condition,STCG-v1 State Mapping,238,35700,36000,3,3,1,1.0,1
HydraulicSystems,1,cooler_condition,STCG-v1 State Mapping,244,36600,36900,3,3,1,1.0,1
HydraulicSystems,1,cooler_condition,STCG-v1 State Mapping,245,36750,37050,3,3,1,1.0,1
HydraulicSystems,1,cooler_condition,STCG-v1 State Mapping,247,37050,37350,3,3,1,1.0,1
HydraulicSystems,1,cooler_condition,STCG-v1 State Mapping,248,37200,37500,3,3,1,1.0,1
HydraulicSystems,1,cooler_condition,STCG-v1 State Mapping,250,37500,37800,3,3,1,1.0,1
HydraulicSystems,1,cooler_condition,STCG-v1 State Mapping,251,37650,37950,3,3,1,1.0,1
HydraulicSystems,1,cooler_condition,STCG-v1 State Mapping,252,37800,38100,3,3,1,1.0,1
HydraulicSystems,1,cooler_condition,STCG-v1 State Mapping,253,37950,38250,3,3,1,1.0,1
HydraulicSystems,1,cooler_condition,STCG-v1 State Mapping,254,38100,38400,3,3,1,1.0,1
HydraulicSystems,1,cooler_condition,STCG-v1 State Mapping,255,38250,38550,3,3,1,1.0,1
HydraulicSystems,1,cooler_condition,STCG-v1 State Mapping,259,38850,39150,3,3,1,1.0,1
HydraulicSystems,1,cooler_condition,STCG-v1 State Mapping,262,39300,39600,3,3,1,1.0,1
HydraulicSystems,1,cooler_condition,STCG-v1 State Mapping,264,39600,39900,3,3,1,1.0,1
HydraulicSystems,1,cooler_condition,STCG-v1 State Mapping,267,40050,40350,3,3,1,1.0,1
HydraulicSystems,1,cooler_condition,STCG-v1 State Mapping,268,40200,40500,3,3,1,1.0,1
HydraulicSystems,1,cooler_condition,STCG-v1 State Mapping,271,40650,40950,3,3,1,1.0,1
HydraulicSystems,1,cooler_condition,STCG-v1 State Mapping,274,41100,41400,3,3,1,1.0,1
HydraulicSystems,1,cooler_condition,STCG-v1 State Mapping,277,41550,41850,3,3,1,1.0,1
HydraulicSystems,1,cooler_condition,STCG-v1 State Mapping,278,41700,42000,3,3,1,1.0,1
HydraulicSystems,1,cooler_condition,STCG-v1 State Mapping,280,42000,42300,3,3,1,1.0,1
HydraulicSystems,1,cooler_condition,STCG-v1 State Mapping,281,42150,42450,3,3,1,1.0,1
HydraulicSystems,1,cooler_condition,STCG-v1 State Mapping,283,42450,42750,3,3,1,1.0,1
HydraulicSystems,1,cooler_condition,STCG-v1 State Mapping,284,42600,42900,3,3,1,1.0,1
HydraulicSystems,1,cooler_condition,STCG-v1 State Mapping,285,42750,43050,3,3,1,1.0,1
HydraulicSystems,1,cooler_condition,STCG-v1 State Mapping,287,43050,43350,3,3,1,1.0,1
HydraulicSystems,1,cooler_condition,STCG-v1 State Mapping,289,43350,43650,3,3,1,1.0,1
HydraulicSystems,1,cooler_condition,STCG-v1 State Mapping,290,43500,43800,3,3,1,1.0,1
HydraulicSystems,1,cooler_condition,STCG-v1 State Mapping,295,44250,44550,20,3,0,1.0,1
HydraulicSystems,1,cooler_condition,STCG-v1 State Mapping,296,44400,44700,20,3,0,1.0,1
HydraulicSystems,1,cooler_condition,STCG-v1 State Mapping,299,44850,45150,20,3,0,1.0,1
HydraulicSystems,1,cooler_condition,STCG-v1 State Mapping,301,45150,45450,20,100,0,1.0,0
HydraulicSystems,1,cooler_condition,STCG-v1 State Mapping,302,45300,45600,20,3,0,1.0,1
HydraulicSystems,1,cooler_condition,STCG-v1 State Mapping,303,45450,45750,20,3,0,1.0,1
HydraulicSystems,1,cooler_condition,STCG-v1 State Mapping,306,45900,46200,20,3,0,1.0,1
HydraulicSystems,1,cooler_condition,STCG-v1 State Mapping,307,46050,46350,20,100,0,1.0,0
HydraulicSystems,1,cooler_condition,STCG-v1 State Mapping,308,46200,46500,20,100,0,1.0,0
HydraulicSystems,1,cooler_condition,STCG-v1 State Mapping,315,47250,47550,20,3,0,1.0,1
HydraulicSystems,1,cooler_condition,STCG-v1 State Mapping,317,47550,47850,20,100,0,1.0,0
HydraulicSystems,1,cooler_condition,STCG-v1 State Mapping,321,48150,48450,20,100,0,1.0,0
HydraulicSystems,1,cooler_condition,STCG-v1 State Mapping,327,49050,49350,20,100,0,1.0,0
HydraulicSystems,1,cooler_condition,STCG-v1 State Mapping,328,49200,49500,20,100,0,1.0,0
HydraulicSystems,1,cooler_condition,STCG-v1 State Mapping,331,49650,49950,20,100,0,1.0,0
HydraulicSystems,1,cooler_condition,STCG-v1 State Mapping,332,49800,50100,20,100,0,1.0,0
HydraulicSystems,1,cooler_condition,STCG-v1 State Mapping,333,49950,50250,20,100,0,1.0,0
HydraulicSystems,1,cooler_condition,STCG-v1 State Mapping,339,50850,51150,20,100,0,1.0,0
HydraulicSystems,1,cooler_condition,STCG-v1 State Mapping,340,51000,51300,20,100,0,1.0,0
HydraulicSystems,1,cooler_condition,STCG-v1 State Mapping,343,51450,51750,20,100,0,1.0,0
HydraulicSystems,1,cooler_condition,STCG-v1 State Mapping,347,52050,52350,20,100,0,1.0,0
HydraulicSystems,1,cooler_condition,STCG-v1 State Mapping,348,52200,52500,20,3,0,1.0,1
HydraulicSystems,1,cooler_condition,STCG-v1 State Mapping,352,52800,53100,20,100,0,1.0,0
HydraulicSystems,1,cooler_condition,STCG-v1 State Mapping,353,52950,53250,20,100,0,1.0,0
HydraulicSystems,1,cooler_condition,STCG-v1 State Mapping,355,53250,53550,20,100,0,1.0,0
HydraulicSystems,1,cooler_condition,STCG-v1 State Mapping,356,53400,53700,20,100,0,1.0,0
HydraulicSystems,1,cooler_condition,STCG-v1 State Mapping,357,53550,53850,20,100,0,1.0,0
HydraulicSystems,1,cooler_condition,STCG-v1 State Mapping,358,53700,54000,20,100,0,1.0,0
HydraulicSystems,1,cooler_condition,STCG-v1 State Mapping,359,53850,54150,20,100,0,1.0,0
HydraulicSystems,1,cooler_condition,STCG-v1 State Mapping,360,54000,54300,20,100,0,1.0,0
HydraulicSystems,1,cooler_condition,STCG-v1 State Mapping,361,54150,54450,20,100,0,1.0,0
HydraulicSystems,1,cooler_condition,STCG-v1 State Mapping,363,54450,54750,20,100,0,1.0,0
HydraulicSystems,1,cooler_condition,STCG-v1 State Mapping,365,54750,55050,20,100,0,1.0,0
HydraulicSystems,1,cooler_condition,STCG-v1 State Mapping,367,55050,55350,20,100,0,1.0,0
HydraulicSystems,1,cooler_condition,STCG-v1 State Mapping,369,55350,55650,20,100,0,1.0,0
HydraulicSystems,1,cooler_condition,STCG-v1 State Mapping,370,55500,55800,20,100,0,1.0,0
HydraulicSystems,1,cooler_condition,STCG-v1 State Mapping,371,55650,55950,20,100,0,1.0,0
HydraulicSystems,1,cooler_condition,STCG-v1 State Mapping,374,56100,56400,20,100,0,1.0,0
HydraulicSystems,1,cooler_condition,STCG-v1 State Mapping,377,56550,56850,20,100,0,1.0,0
HydraulicSystems,1,cooler_condition,STCG-v1 State Mapping,381,57150,57450,20,100,0,1.0,0
HydraulicSystems,1,cooler_condition,STCG-v1 State Mapping,382,57300,57600,20,100,0,1.0,0
HydraulicSystems,1,cooler_condition,STCG-v1 State Mapping,385,57750,58050,20,100,0,1.0,0
HydraulicSystems,1,cooler_condition,STCG-v1 State Mapping,386,57900,58200,20,100,0,1.0,0
HydraulicSystems,1,cooler_condition,STCG-v1 State Mapping,388,58200,58500,20,100,0,1.0,0
HydraulicSystems,1,cooler_condition,STCG-v1 State Mapping,389,58350,58650,20,100,0,1.0,0
HydraulicSystems,1,cooler_condition,STCG-v1 State Mapping,395,59250,59550,20,100,0,1.0,0
HydraulicSystems,1,cooler_condition,STCG-v1 State Mapping,396,59400,59700,20,100,0,1.0,0
HydraulicSystems,1,cooler_condition,STCG-v1 State Mapping,397,59550,59850,20,3,0,1.0,1
HydraulicSystems,1,cooler_condition,STCG-v1 State Mapping,398,59700,60000,20,100,0,1.0,0
HydraulicSystems,1,cooler_condition,STCG-v1 State Mapping,399,59850,60150,20,100,0,1.0,0
HydraulicSystems,1,cooler_condition,STCG-v1 State Mapping,400,60000,60300,20,100,0,1.0,0
HydraulicSystems,1,cooler_condition,STCG-v1 State Mapping,401,60150,60450,20,100,0,1.0,0
HydraulicSystems,1,cooler_condition,STCG-v1 State Mapping,403,60450,60750,20,100,0,1.0,0
HydraulicSystems,1,cooler_condition,STCG-v1 State Mapping,404,60600,60900,20,100,0,1.0,0
HydraulicSystems,1,cooler_condition,STCG-v1 State Mapping,406,60900,61200,20,100,0,1.0,0
HydraulicSystems,1,cooler_condition,STCG-v1 State Mapping,407,61050,61350,20,100,0,1.0,0
HydraulicSystems,1,cooler_condition,STCG-v1 State Mapping,415,62250,62550,20,100,0,1.0,0
HydraulicSystems,1,cooler_condition,STCG-v1 State Mapping,416,62400,62700,20,100,0,1.0,0
HydraulicSystems,1,cooler_condition,STCG-v1 State Mapping,420,63000,63300,20,100,0,1.0,0
HydraulicSystems,1,cooler_condition,STCG-v1 State Mapping,421,63150,63450,20,100,0,1.0,0
HydraulicSystems,1,cooler_condition,STCG-v1 State Mapping,426,63900,64200,20,100,0,1.0,0
HydraulicSystems,1,cooler_condition,STCG-v1 State Mapping,428,64200,64500,20,100,0,1.0,0
HydraulicSystems,1,cooler_condition,STCG-v1 State Mapping,429,64350,64650,20,100,0,1.0,0
HydraulicSystems,1,cooler_condition,STCG-v1 State Mapping,430,64500,64800,20,100,0,1.0,0
HydraulicSystems,1,cooler_condition,STCG-v1 State Mapping,431,64650,64950,20,100,0,1.0,0
HydraulicSystems,1,cooler_condition,STCG-v1 State Mapping,432,64800,65100,20,100,0,1.0,0
HydraulicSystems,1,cooler_condition,STCG-v1 State Mapping,435,65250,65550,20,100,0,1.0,0
HydraulicSystems,1,cooler_condition,STCG-v1 State Mapping,438,65700,66000,20,100,0,1.0,0
HydraulicSystems,1,cooler_condition,STCG-v1 State Mapping,439,65850,66150,20,100,0,1.0,0
HydraulicSystems,1,cooler_condition,STCG-v1 State Mapping,441,66150,66450,20,100,0,1.0,0
HydraulicSystems,1,cooler_condition,STCG-v1 State Mapping,442,66300,66600,20,100,0,1.0,0
HydraulicSystems,1,cooler_condition,STCG-v1 State Mapping,443,66450,66750,20,100,0,1.0,0
HydraulicSystems,1,cooler_condition,STCG-v1 State Mapping,444,66600,66900,20,100,0,1.0,0
HydraulicSystems,1,cooler_condition,STCG-v1 State Mapping,445,66750,67050,20,100,0,1.0,0
HydraulicSystems,1,cooler_condition,STCG-v1 State Mapping,446,66900,67200,20,100,0,1.0,0
HydraulicSystems,1,cooler_condition,STCG-v1 State Mapping,447,67050,67350,20,100,0,1.0,0
HydraulicSystems,1,cooler_condition,STCG-v1 State Mapping,448,67200,67500,20,100,0,1.0,0
HydraulicSystems,1,cooler_condition,STCG-v1 State Mapping,449,67350,67650,20,100,0,1.0,0
HydraulicSystems,1,cooler_condition,STCG-v1 State Mapping,450,67500,67800,20,100,0,1.0,0
HydraulicSystems,1,cooler_condition,STCG-v1 State Mapping,454,68100,68400,20,100,0,1.0,0
HydraulicSystems,1,cooler_condition,STCG-v1 State Mapping,455,68250,68550,20,100,0,1.0,0
HydraulicSystems,1,cooler_condition,STCG-v1 State Mapping,456,68400,68700,20,100,0,1.0,0
HydraulicSystems,1,cooler_condition,STCG-v1 State Mapping,457,68550,68850,20,100,0,1.0,0
HydraulicSystems,1,cooler_condition,STCG-v1 State Mapping,459,68850,69150,20,100,0,1.0,0
HydraulicSystems,1,cooler_condition,STCG-v1 State Mapping,460,69000,69300,20,100,0,1.0,0
HydraulicSystems,1,cooler_condition,STCG-v1 State Mapping,461,69150,69450,20,100,0,1.0,0
HydraulicSystems,1,cooler_condition,STCG-v1 State Mapping,462,69300,69600,20,100,0,1.0,0
HydraulicSystems,1,cooler_condition,STCG-v1 State Mapping,463,69450,69750,20,100,0,1.0,0
HydraulicSystems,1,cooler_condition,STCG-v1 State Mapping,468,70200,70500,20,3,0,1.0,1
HydraulicSystems,1,cooler_condition,STCG-v1 State Mapping,470,70500,70800,20,100,0,1.0,0
HydraulicSystems,1,cooler_condition,STCG-v1 State Mapping,472,70800,71100,20,100,0,1.0,0
HydraulicSystems,1,cooler_condition,STCG-v1 State Mapping,475,71250,71550,20,100,0,1.0,0
HydraulicSystems,1,cooler_condition,STCG-v1 State Mapping,478,71700,72000,20,100,0,1.0,0
HydraulicSystems,1,cooler_condition,STCG-v1 State Mapping,480,72000,72300,20,100,0,1.0,0
HydraulicSystems,1,cooler_condition,STCG-v1 State Mapping,481,72150,72450,20,100,0,1.0,0
HydraulicSystems,1,cooler_condition,STCG-v1 State Mapping,484,72600,72900,20,100,0,1.0,0
HydraulicSystems,1,cooler_condition,STCG-v1 State Mapping,485,72750,73050,20,100,0,1.0,0
HydraulicSystems,1,cooler_condition,STCG-v1 State Mapping,486,72900,73200,20,100,0,1.0,0
HydraulicSystems,1,cooler_condition,STCG-v1 State Mapping,490,73500,73800,20,100,0,1.0,0
HydraulicSystems,1,cooler_condition,STCG-v1 State Mapping,493,73950,74250,20,100,0,1.0,0
HydraulicSystems,1,cooler_condition,STCG-v1 State Mapping,495,74250,74550,20,100,0,1.0,0
HydraulicSystems,1,cooler_condition,STCG-v1 State Mapping,497,74550,74850,20,100,0,1.0,0
HydraulicSystems,1,cooler_condition,STCG-v1 State Mapping,499,74850,75150,20,100,0,1.0,0
HydraulicSystems,1,cooler_condition,STCG-v1 State Mapping,500,75000,75300,20,100,0,1.0,0
HydraulicSystems,1,cooler_condition,STCG-v1 State Mapping,502,75300,75600,20,100,0,1.0,0
HydraulicSystems,1,cooler_condition,STCG-v1 State Mapping,503,75450,75750,20,100,0,1.0,0
HydraulicSystems,1,cooler_condition,STCG-v1 State Mapping,505,75750,76050,20,100,0,1.0,0
HydraulicSystems,1,cooler_condition,STCG-v1 State Mapping,506,75900,76200,20,100,0,1.0,0
HydraulicSystems,1,cooler_condition,STCG-v1 State Mapping,508,76200,76500,20,100,0,1.0,0
HydraulicSystems,1,cooler_condition,STCG-v1 State Mapping,510,76500,76800,20,100,0,1.0,0
HydraulicSystems,1,cooler_condition,STCG-v1 State Mapping,511,76650,76950,20,100,0,1.0,0
HydraulicSystems,1,cooler_condition,STCG-v1 State Mapping,512,76800,77100,20,100,0,1.0,0
HydraulicSystems,1,cooler_condition,STCG-v1 State Mapping,514,77100,77400,20,100,0,1.0,0
HydraulicSystems,1,cooler_condition,STCG-v1 State Mapping,517,77550,77850,20,100,0,1.0,0
HydraulicSystems,1,cooler_condition,STCG-v1 State Mapping,518,77700,78000,20,100,0,1.0,0
HydraulicSystems,1,cooler_condition,STCG-v1 State Mapping,520,78000,78300,20,100,0,1.0,0
HydraulicSystems,1,cooler_condition,STCG-v1 State Mapping,523,78450,78750,20,100,0,1.0,0
HydraulicSystems,1,cooler_condition,STCG-v1 State Mapping,525,78750,79050,20,100,0,1.0,0
HydraulicSystems,1,cooler_condition,STCG-v1 State Mapping,526,78900,79200,20,100,0,1.0,0
HydraulicSystems,1,cooler_condition,STCG-v1 State Mapping,527,79050,79350,20,100,0,1.0,0
HydraulicSystems,1,cooler_condition,STCG-v1 State Mapping,529,79350,79650,20,100,0,1.0,0
HydraulicSystems,1,cooler_condition,STCG-v1 State Mapping,535,80250,80550,20,100,0,1.0,0
HydraulicSystems,1,cooler_condition,STCG-v1 State Mapping,536,80400,80700,20,100,0,1.0,0
HydraulicSystems,1,cooler_condition,STCG-v1 State Mapping,537,80550,80850,20,100,0,1.0,0
HydraulicSystems,1,cooler_condition,STCG-v1 State Mapping,538,80700,81000,20,100,0,1.0,0
HydraulicSystems,1,cooler_condition,STCG-v1 State Mapping,539,80850,81150,20,100,0,1.0,0
HydraulicSystems,1,cooler_condition,STCG-v1 State Mapping,540,81000,81300,20,100,0,1.0,0
HydraulicSystems,1,cooler_condition,STCG-v1 State Mapping,541,81150,81450,20,100,0,1.0,0
HydraulicSystems,1,cooler_condition,STCG-v1 State Mapping,542,81300,81600,20,100,0,1.0,0
HydraulicSystems,1,cooler_condition,STCG-v1 State Mapping,545,81750,82050,20,100,0,1.0,0
HydraulicSystems,1,cooler_condition,STCG-v1 State Mapping,546,81900,82200,20,100,0,1.0,0
HydraulicSystems,1,cooler_condition,STCG-v1 State Mapping,547,82050,82350,20,100,0,1.0,0
HydraulicSystems,1,cooler_condition,STCG-v1 State Mapping,549,82350,82650,20,100,0,1.0,0
HydraulicSystems,1,cooler_condition,STCG-v1 State Mapping,552,82800,83100,20,100,0,1.0,0
HydraulicSystems,1,cooler_condition,STCG-v1 State Mapping,553,82950,83250,20,100,0,1.0,0
HydraulicSystems,1,cooler_condition,STCG-v1 State Mapping,558,83700,84000,20,100,0,1.0,0
HydraulicSystems,1,cooler_condition,STCG-v1 State Mapping,559,83850,84150,20,100,0,1.0,0
HydraulicSystems,1,cooler_condition,STCG-v1 State Mapping,560,84000,84300,20,100,0,1.0,0
HydraulicSystems,1,cooler_condition,STCG-v1 State Mapping,561,84150,84450,20,100,0,1.0,0
HydraulicSystems,1,cooler_condition,STCG-v1 State Mapping,562,84300,84600,20,100,0,1.0,0
HydraulicSystems,1,cooler_condition,STCG-v1 State Mapping,564,84600,84900,20,100,0,1.0,0
HydraulicSystems,1,cooler_condition,STCG-v1 State Mapping,567,85050,85350,20,100,0,1.0,0
HydraulicSystems,1,cooler_condition,STCG-v1 State Mapping,570,85500,85800,20,3,0,1.0,1
HydraulicSystems,1,cooler_condition,STCG-v1 State Mapping,574,86100,86400,20,100,0,1.0,0
HydraulicSystems,1,cooler_condition,STCG-v1 State Mapping,579,86850,87150,20,100,0,1.0,0
HydraulicSystems,1,cooler_condition,STCG-v1 State Mapping,581,87150,87450,20,100,0,1.0,0
HydraulicSystems,1,cooler_condition,STCG-v1 State Mapping,585,87750,88050,100,3,0,0.7,1
HydraulicSystems,1,cooler_condition,STCG-v1 State Mapping,586,87900,88200,100,3,0,1.0,1
HydraulicSystems,1,cooler_condition,STCG-v1 State Mapping,589,88350,88650,100,3,0,1.0,1
HydraulicSystems,1,cooler_condition,STCG-v1 State Mapping,590,88500,88800,100,100,1,1.0,0
HydraulicSystems,1,cooler_condition,STCG-v1 State Mapping,591,88650,88950,100,3,0,1.0,1
HydraulicSystems,1,cooler_condition,STCG-v1 State Mapping,592,88800,89100,100,100,1,1.0,0
HydraulicSystems,1,cooler_condition,STCG-v1 State Mapping,593,88950,89250,100,100,1,1.0,0
HydraulicSystems,1,cooler_condition,STCG-v1 State Mapping,594,89100,89400,100,100,1,1.0,0
HydraulicSystems,1,cooler_condition,STCG-v1 State Mapping,595,89250,89550,100,100,1,1.0,0
HydraulicSystems,1,cooler_condition,STCG-v1 State Mapping,598,89700,90000,100,100,1,1.0,0
HydraulicSystems,1,cooler_condition,STCG-v1 State Mapping,599,89850,90150,100,100,1,1.0,0
HydraulicSystems,1,cooler_condition,STCG-v1 State Mapping,603,90450,90750,100,100,1,1.0,0
HydraulicSystems,1,cooler_condition,STCG-v1 State Mapping,604,90600,90900,100,100,1,1.0,0
HydraulicSystems,1,cooler_condition,STCG-v1 State Mapping,605,90750,91050,100,100,1,1.0,0
HydraulicSystems,1,cooler_condition,STCG-v1 State Mapping,606,90900,91200,100,100,1,1.0,0
HydraulicSystems,1,cooler_condition,STCG-v1 State Mapping,607,91050,91350,100,100,1,1.0,0
HydraulicSystems,1,cooler_condition,STCG-v1 State Mapping,608,91200,91500,100,100,1,1.0,0
HydraulicSystems,1,cooler_condition,STCG-v1 State Mapping,609,91350,91650,100,100,1,1.0,0
HydraulicSystems,1,cooler_condition,STCG-v1 State Mapping,612,91800,92100,100,100,1,1.0,0
HydraulicSystems,1,cooler_condition,STCG-v1 State Mapping,614,92100,92400,100,100,1,1.0,0
HydraulicSystems,1,cooler_condition,STCG-v1 State Mapping,616,92400,92700,100,100,1,1.0,0
HydraulicSystems,1,cooler_condition,STCG-v1 State Mapping,617,92550,92850,100,100,1,1.0,0
HydraulicSystems,1,cooler_condition,STCG-v1 State Mapping,621,93150,93450,100,100,1,1.0,0
HydraulicSystems,1,cooler_condition,STCG-v1 State Mapping,625,93750,94050,100,100,1,1.0,0
HydraulicSystems,1,cooler_condition,STCG-v1 State Mapping,628,94200,94500,100,100,1,1.0,0
HydraulicSystems,1,cooler_condition,STCG-v1 State Mapping,629,94350,94650,100,100,1,1.0,0
HydraulicSystems,1,cooler_condition,STCG-v1 State Mapping,632,94800,95100,100,100,1,1.0,0
HydraulicSystems,1,cooler_condition,STCG-v1 State Mapping,633,94950,95250,100,100,1,1.0,0
HydraulicSystems,1,cooler_condition,STCG-v1 State Mapping,636,95400,95700,100,100,1,1.0,0
HydraulicSystems,1,cooler_condition,STCG-v1 State Mapping,637,95550,95850,100,100,1,1.0,0
HydraulicSystems,1,cooler_condition,STCG-v1 State Mapping,639,95850,96150,100,100,1,1.0,0
HydraulicSystems,1,cooler_condition,STCG-v1 State Mapping,644,96600,96900,100,100,1,1.0,0
HydraulicSystems,1,cooler_condition,STCG-v1 State Mapping,646,96900,97200,100,100,1,1.0,0
HydraulicSystems,1,cooler_condition,STCG-v1 State Mapping,648,97200,97500,100,100,1,1.0,0
HydraulicSystems,1,cooler_condition,STCG-v1 State Mapping,650,97500,97800,100,100,1,1.0,0
HydraulicSystems,1,cooler_condition,STCG-v1 State Mapping,651,97650,97950,100,100,1,1.0,0
HydraulicSystems,1,cooler_condition,STCG-v1 State Mapping,652,97800,98100,100,100,1,1.0,0
HydraulicSystems,1,cooler_condition,STCG-v1 State Mapping,654,98100,98400,100,100,1,1.0,0
HydraulicSystems,1,cooler_condition,STCG-v1 State Mapping,655,98250,98550,100,100,1,1.0,0
HydraulicSystems,1,cooler_condition,STCG-v1 State Mapping,658,98700,99000,100,100,1,1.0,0
HydraulicSystems,1,cooler_condition,STCG-v1 State Mapping,659,98850,99150,100,100,1,1.0,0
HydraulicSystems,1,cooler_condition,STCG-v1 State Mapping,663,99450,99750,100,100,1,1.0,0
HydraulicSystems,1,cooler_condition,STCG-v1 State Mapping,665,99750,100050,100,100,1,1.0,0
HydraulicSystems,1,cooler_condition,STCG-v1 State Mapping,666,99900,100200,100,100,1,1.0,0
HydraulicSystems,1,cooler_condition,STCG-v1 State Mapping,668,100200,100500,100,100,1,1.0,0
HydraulicSystems,1,cooler_condition,STCG-v1 State Mapping,669,100350,100650,100,100,1,1.0,0
HydraulicSystems,1,cooler_condition,STCG-v1 State Mapping,671,100650,100950,100,100,1,1.0,0
HydraulicSystems,1,cooler_condition,STCG-v1 State Mapping,672,100800,101100,100,100,1,1.0,0
HydraulicSystems,1,cooler_condition,STCG-v1 State Mapping,673,100950,101250,100,100,1,1.0,0
HydraulicSystems,1,cooler_condition,STCG-v1 State Mapping,675,101250,101550,100,100,1,1.0,0
HydraulicSystems,1,cooler_condition,STCG-v1 State Mapping,681,102150,102450,100,100,1,1.0,0
HydraulicSystems,1,cooler_condition,STCG-v1 State Mapping,682,102300,102600,100,100,1,1.0,0
HydraulicSystems,1,cooler_condition,STCG-v1 State Mapping,684,102600,102900,100,100,1,1.0,0
HydraulicSystems,1,cooler_condition,STCG-v1 State Mapping,688,103200,103500,100,100,1,1.0,0
HydraulicSystems,1,cooler_condition,STCG-v1 State Mapping,690,103500,103800,100,100,1,1.0,0
HydraulicSystems,1,cooler_condition,STCG-v1 State Mapping,691,103650,103950,100,100,1,1.0,0
HydraulicSystems,1,cooler_condition,STCG-v1 State Mapping,692,103800,104100,100,100,1,1.0,0
HydraulicSystems,1,cooler_condition,STCG-v1 State Mapping,693,103950,104250,100,100,1,1.0,0
HydraulicSystems,1,cooler_condition,STCG-v1 State Mapping,695,104250,104550,100,100,1,1.0,0
HydraulicSystems,1,cooler_condition,STCG-v1 State Mapping,696,104400,104700,100,100,1,1.0,0
HydraulicSystems,1,cooler_condition,STCG-v1 State Mapping,698,104700,105000,100,100,1,1.0,0
HydraulicSystems,1,cooler_condition,STCG-v1 State Mapping,702,105300,105600,100,100,1,1.0,0
HydraulicSystems,1,cooler_condition,STCG-v1 State Mapping,705,105750,106050,100,100,1,1.0,0
HydraulicSystems,1,cooler_condition,STCG-v1 State Mapping,706,105900,106200,100,100,1,1.0,0
HydraulicSystems,1,cooler_condition,STCG-v1 State Mapping,708,106200,106500,100,100,1,1.0,0
HydraulicSystems,1,cooler_condition,STCG-v1 State Mapping,712,106800,107100,100,100,1,1.0,0
HydraulicSystems,1,cooler_condition,STCG-v1 State Mapping,715,107250,107550,100,100,1,1.0,0
HydraulicSystems,1,cooler_condition,STCG-v1 State Mapping,716,107400,107700,100,100,1,1.0,0
HydraulicSystems,1,cooler_condition,STCG-v1 State Mapping,718,107700,108000,100,100,1,1.0,0
HydraulicSystems,1,cooler_condition,STCG-v1 State Mapping,720,108000,108300,100,100,1,1.0,0
HydraulicSystems,1,cooler_condition,STCG-v1 State Mapping,721,108150,108450,100,100,1,1.0,0
HydraulicSystems,1,cooler_condition,STCG-v1 State Mapping,723,108450,108750,100,100,1,1.0,0
HydraulicSystems,1,cooler_condition,STCG-v1 State Mapping,726,108900,109200,100,100,1,1.0,0
HydraulicSystems,1,cooler_condition,STCG-v1 State Mapping,728,109200,109500,100,100,1,1.0,0
HydraulicSystems,1,cooler_condition,STCG-v1 State Mapping,730,109500,109800,100,100,1,1.0,0
HydraulicSystems,1,cooler_condition,STCG-v1 State Mapping,731,109650,109950,100,100,1,1.0,0
HydraulicSystems,1,cooler_condition,STCG-v1 State Mapping,732,109800,110100,100,100,1,1.0,0
HydraulicSystems,1,cooler_condition,STCG-v1 State Mapping,733,109950,110250,100,100,1,1.0,0
HydraulicSystems,1,cooler_condition,STCG-v1 State Mapping,734,110100,110400,100,100,1,1.0,0
HydraulicSystems,1,cooler_condition,STCG-v1 State Mapping,735,110250,110550,100,100,1,1.0,0
HydraulicSystems,1,cooler_condition,STCG-v1 State Mapping,737,110550,110850,100,100,1,1.0,0
HydraulicSystems,1,cooler_condition,STCG-v1 State Mapping,738,110700,111000,100,100,1,1.0,0
HydraulicSystems,1,cooler_condition,STCG-v1 State Mapping,741,111150,111450,100,100,1,1.0,0
HydraulicSystems,1,cooler_condition,STCG-v1 State Mapping,742,111300,111600,100,100,1,1.0,0
HydraulicSystems,1,cooler_condition,STCG-v1 State Mapping,744,111600,111900,100,100,1,1.0,0
HydraulicSystems,1,cooler_condition,STCG-v1 State Mapping,746,111900,112200,100,100,1,1.0,0
HydraulicSystems,1,cooler_condition,STCG-v1 State Mapping,748,112200,112500,100,100,1,1.0,0
HydraulicSystems,1,cooler_condition,STCG-v1 State Mapping,750,112500,112800,100,100,1,1.0,0
HydraulicSystems,1,cooler_condition,STCG-v1 State Mapping,751,112650,112950,100,100,1,1.0,0
HydraulicSystems,1,cooler_condition,STCG-v1 State Mapping,752,112800,113100,100,100,1,1.0,0
HydraulicSystems,1,cooler_condition,STCG-v1 State Mapping,756,113400,113700,100,100,1,1.0,0
HydraulicSystems,1,cooler_condition,STCG-v1 State Mapping,757,113550,113850,100,100,1,1.0,0
HydraulicSystems,1,cooler_condition,STCG-v1 State Mapping,760,114000,114300,100,100,1,1.0,0
HydraulicSystems,1,cooler_condition,STCG-v1 State Mapping,766,114900,115200,100,100,1,1.0,0
HydraulicSystems,1,cooler_condition,STCG-v1 State Mapping,767,115050,115350,100,100,1,1.0,0
HydraulicSystems,1,cooler_condition,STCG-v1 State Mapping,769,115350,115650,100,100,1,1.0,0
HydraulicSystems,1,cooler_condition,STCG-v1 State Mapping,770,115500,115800,100,100,1,1.0,0
HydraulicSystems,1,cooler_condition,STCG-v1 State Mapping,773,115950,116250,100,100,1,1.0,0
HydraulicSystems,1,cooler_condition,STCG-v1 State Mapping,774,116100,116400,100,100,1,1.0,0
HydraulicSystems,1,cooler_condition,STCG-v1 State Mapping,775,116250,116550,100,100,1,1.0,0
HydraulicSystems,1,cooler_condition,STCG-v1 State Mapping,777,116550,116850,100,100,1,1.0,0
HydraulicSystems,1,cooler_condition,STCG-v1 State Mapping,778,116700,117000,100,100,1,1.0,0
HydraulicSystems,1,cooler_condition,STCG-v1 State Mapping,779,116850,117150,100,100,1,1.0,0
HydraulicSystems,1,cooler_condition,STCG-v1 State Mapping,780,117000,117300,100,100,1,1.0,0
HydraulicSystems,1,cooler_condition,STCG-v1 State Mapping,782,117300,117600,100,100,1,1.0,0
HydraulicSystems,1,cooler_condition,STCG-v1 State Mapping,788,118200,118500,100,100,1,1.0,0
HydraulicSystems,1,cooler_condition,STCG-v1 State Mapping,789,118350,118650,100,100,1,1.0,0
HydraulicSystems,1,cooler_condition,STCG-v1 State Mapping,791,118650,118950,100,100,1,1.0,0
HydraulicSystems,1,cooler_condition,STCG-v1 State Mapping,793,118950,119250,100,100,1,1.0,0
HydraulicSystems,1,cooler_condition,STCG-v1 State Mapping,794,119100,119400,100,100,1,1.0,0
HydraulicSystems,1,cooler_condition,STCG-v1 State Mapping,796,119400,119700,100,100,1,1.0,0
HydraulicSystems,1,cooler_condition,STCG-v1 State Mapping,797,119550,119850,100,100,1,1.0,0
HydraulicSystems,1,cooler_condition,STCG-v1 State Mapping,803,120450,120750,100,100,1,1.0,0
HydraulicSystems,1,cooler_condition,STCG-v1 State Mapping,804,120600,120900,100,100,1,1.0,0
HydraulicSystems,1,cooler_condition,STCG-v1 State Mapping,805,120750,121050,100,100,1,1.0,0
HydraulicSystems,1,cooler_condition,STCG-v1 State Mapping,806,120900,121200,100,100,1,1.0,0
HydraulicSystems,1,cooler_condition,STCG-v1 State Mapping,807,121050,121350,100,100,1,1.0,0
HydraulicSystems,1,cooler_condition,STCG-v1 State Mapping,808,121200,121500,100,100,1,1.0,0
HydraulicSystems,1,cooler_condition,STCG-v1 State Mapping,809,121350,121650,100,100,1,1.0,0
HydraulicSystems,1,cooler_condition,STCG-v1 State Mapping,810,121500,121800,100,100,1,1.0,0
HydraulicSystems,1,cooler_condition,STCG-v1 State Mapping,811,121650,121950,100,100,1,1.0,0
HydraulicSystems,1,cooler_condition,STCG-v1 State Mapping,814,122100,122400,100,100,1,1.0,0
HydraulicSystems,1,cooler_condition,STCG-v1 State Mapping,820,123000,123300,100,100,1,1.0,0
HydraulicSystems,1,cooler_condition,STCG-v1 State Mapping,821,123150,123450,100,100,1,1.0,0
HydraulicSystems,1,cooler_condition,STCG-v1 State Mapping,823,123450,123750,100,100,1,1.0,0
HydraulicSystems,1,cooler_condition,STCG-v1 State Mapping,825,123750,124050,100,100,1,1.0,0
HydraulicSystems,1,cooler_condition,STCG-v1 State Mapping,826,123900,124200,100,100,1,1.0,0
HydraulicSystems,1,cooler_condition,STCG-v1 State Mapping,827,124050,124350,100,100,1,1.0,0
HydraulicSystems,1,cooler_condition,STCG-v1 State Mapping,829,124350,124650,100,100,1,1.0,0
HydraulicSystems,1,cooler_condition,STCG-v1 State Mapping,832,124800,125100,100,100,1,1.0,0
HydraulicSystems,1,cooler_condition,STCG-v1 State Mapping,836,125400,125700,100,100,1,1.0,0
HydraulicSystems,1,cooler_condition,STCG-v1 State Mapping,837,125550,125850,100,100,1,1.0,0
HydraulicSystems,1,cooler_condition,STCG-v1 State Mapping,839,125850,126150,100,100,1,1.0,0
HydraulicSystems,1,cooler_condition,STCG-v1 State Mapping,843,126450,126750,100,100,1,1.0,0
HydraulicSystems,1,cooler_condition,STCG-v1 State Mapping,846,126900,127200,100,100,1,1.0,0
HydraulicSystems,1,cooler_condition,STCG-v1 State Mapping,848,127200,127500,100,100,1,1.0,0
HydraulicSystems,1,cooler_condition,STCG-v1 State Mapping,856,128400,128700,100,100,1,1.0,0
HydraulicSystems,1,cooler_condition,STCG-v1 State Mapping,858,128700,129000,100,100,1,1.0,0
HydraulicSystems,1,cooler_condition,STCG-v1 State Mapping,859,128850,129150,100,100,1,1.0,0
HydraulicSystems,1,cooler_condition,STCG-v1 State Mapping,864,129600,129900,100,100,1,1.0,0
HydraulicSystems,1,cooler_condition,STCG-v1 State Mapping,865,129750,130050,100,100,1,1.0,0
HydraulicSystems,1,cooler_condition,STCG-v1 State Mapping,867,130050,130350,100,100,1,1.0,0
HydraulicSystems,1,cooler_condition,STCG-v1 State Mapping,873,130950,131250,100,100,1,1.0,0
HydraulicSystems,1,cooler_condition,STCG-v1 State Mapping,874,131100,131400,100,100,1,1.0,0
HydraulicSystems,1,cooler_condition,STCG-v1 State Mapping,875,131250,131550,100,100,1,1.0,0
HydraulicSystems,1,cooler_condition,STCG-v1 State Mapping,876,131400,131700,100,100,1,1.0,0
HydraulicSystems,1,cooler_condition,STCG-v1 State Mapping,877,131550,131850,100,100,1,1.0,0
HydraulicSystems,1,cooler_condition,STCG-v1 State Mapping,878,131700,132000,100,100,1,1.0,0
HydraulicSystems,2,cooler_condition,Train Majority,0,0,300,3,100,0,1.0,1
HydraulicSystems,2,cooler_condition,Train Majority,1,150,450,3,100,0,1.0,1
HydraulicSystems,2,cooler_condition,Train Majority,4,600,900,3,100,0,1.0,1
HydraulicSystems,2,cooler_condition,Train Majority,5,750,1050,3,100,0,1.0,1
HydraulicSystems,2,cooler_condition,Train Majority,7,1050,1350,3,100,0,1.0,1
HydraulicSystems,2,cooler_condition,Train Majority,8,1200,1500,3,100,0,1.0,1
HydraulicSystems,2,cooler_condition,Train Majority,9,1350,1650,3,100,0,1.0,1
HydraulicSystems,2,cooler_condition,Train Majority,11,1650,1950,3,100,0,1.0,1
HydraulicSystems,2,cooler_condition,Train Majority,13,1950,2250,3,100,0,1.0,1
HydraulicSystems,2,cooler_condition,Train Majority,14,2100,2400,3,100,0,1.0,1
HydraulicSystems,2,cooler_condition,Train Majority,15,2250,2550,3,100,0,1.0,1
HydraulicSystems,2,cooler_condition,Train Majority,17,2550,2850,3,100,0,1.0,1
HydraulicSystems,2,cooler_condition,Train Majority,20,3000,3300,3,100,0,1.0,1
HydraulicSystems,2,cooler_condition,Train Majority,21,3150,3450,3,100,0,1.0,1
HydraulicSystems,2,cooler_condition,Train Majority,23,3450,3750,3,100,0,1.0,1
HydraulicSystems,2,cooler_condition,Train Majority,26,3900,4200,3,100,0,1.0,1
HydraulicSystems,2,cooler_condition,Train Majority,27,4050,4350,3,100,0,1.0,1
HydraulicSystems,2,cooler_condition,Train Majority,28,4200,4500,3,100,0,1.0,1
HydraulicSystems,2,cooler_condition,Train Majority,29,4350,4650,3,100,0,1.0,1
HydraulicSystems,2,cooler_condition,Train Majority,34,5100,5400,3,100,0,1.0,1
HydraulicSystems,2,cooler_condition,Train Majority,35,5250,5550,3,100,0,1.0,1
HydraulicSystems,2,cooler_condition,Train Majority,39,5850,6150,3,100,0,1.0,1
HydraulicSystems,2,cooler_condition,Train Majority,40,6000,6300,3,100,0,1.0,1
HydraulicSystems,2,cooler_condition,Train Majority,42,6300,6600,3,100,0,1.0,1
HydraulicSystems,2,cooler_condition,Train Majority,44,6600,6900,3,100,0,1.0,1
HydraulicSystems,2,cooler_condition,Train Majority,45,6750,7050,3,100,0,1.0,1
HydraulicSystems,2,cooler_condition,Train Majority,46,6900,7200,3,100,0,1.0,1
HydraulicSystems,2,cooler_condition,Train Majority,47,7050,7350,3,100,0,1.0,1
HydraulicSystems,2,cooler_condition,Train Majority,52,7800,8100,3,100,0,1.0,1
HydraulicSystems,2,cooler_condition,Train Majority,53,7950,8250,3,100,0,1.0,1
HydraulicSystems,2,cooler_condition,Train Majority,54,8100,8400,3,100,0,1.0,1
HydraulicSystems,2,cooler_condition,Train Majority,55,8250,8550,3,100,0,1.0,0
HydraulicSystems,2,cooler_condition,Train Majority,56,8400,8700,3,100,0,1.0,0
HydraulicSystems,2,cooler_condition,Train Majority,60,9000,9300,3,100,0,1.0,1
HydraulicSystems,2,cooler_condition,Train Majority,61,9150,9450,3,100,0,1.0,1
HydraulicSystems,2,cooler_condition,Train Majority,64,9600,9900,3,100,0,1.0,1
HydraulicSystems,2,cooler_condition,Train Majority,65,9750,10050,3,100,0,1.0,1
HydraulicSystems,2,cooler_condition,Train Majority,66,9900,10200,3,100,0,1.0,1
HydraulicSystems,2,cooler_condition,Train Majority,68,10200,10500,3,100,0,1.0,1
HydraulicSystems,2,cooler_condition,Train Majority,69,10350,10650,3,100,0,1.0,1
HydraulicSystems,2,cooler_condition,Train Majority,72,10800,11100,3,100,0,1.0,1
HydraulicSystems,2,cooler_condition,Train Majority,73,10950,11250,3,100,0,1.0,1
HydraulicSystems,2,cooler_condition,Train Majority,74,11100,11400,3,100,0,1.0,1
HydraulicSystems,2,cooler_condition,Train Majority,75,11250,11550,3,100,0,1.0,1
HydraulicSystems,2,cooler_condition,Train Majority,77,11550,11850,3,100,0,1.0,1
HydraulicSystems,2,cooler_condition,Train Majority,78,11700,12000,3,100,0,1.0,1
HydraulicSystems,2,cooler_condition,Train Majority,80,12000,12300,3,100,0,1.0,1
HydraulicSystems,2,cooler_condition,Train Majority,81,12150,12450,3,100,0,1.0,1
HydraulicSystems,2,cooler_condition,Train Majority,87,13050,13350,3,100,0,1.0,1
HydraulicSystems,2,cooler_condition,Train Majority,93,13950,14250,3,100,0,1.0,1
HydraulicSystems,2,cooler_condition,Train Majority,94,14100,14400,3,100,0,1.0,1
HydraulicSystems,2,cooler_condition,Train Majority,95,14250,14550,3,100,0,1.0,1
HydraulicSystems,2,cooler_condition,Train Majority,96,14400,14700,3,100,0,1.0,1
HydraulicSystems,2,cooler_condition,Train Majority,99,14850,15150,3,100,0,1.0,1
HydraulicSystems,2,cooler_condition,Train Majority,100,15000,15300,3,100,0,1.0,1
HydraulicSystems,2,cooler_condition,Train Majority,101,15150,15450,3,100,0,1.0,1
HydraulicSystems,2,cooler_condition,Train Majority,104,15600,15900,3,100,0,1.0,1
HydraulicSystems,2,cooler_condition,Train Majority,106,15900,16200,3,100,0,1.0,1
HydraulicSystems,2,cooler_condition,Train Majority,112,16800,17100,3,100,0,1.0,1
HydraulicSystems,2,cooler_condition,Train Majority,114,17100,17400,3,100,0,1.0,1
HydraulicSystems,2,cooler_condition,Train Majority,116,17400,17700,3,100,0,1.0,1
HydraulicSystems,2,cooler_condition,Train Majority,117,17550,17850,3,100,0,1.0,1
HydraulicSystems,2,cooler_condition,Train Majority,118,17700,18000,3,100,0,1.0,1
HydraulicSystems,2,cooler_condition,Train Majority,120,18000,18300,3,100,0,1.0,1
HydraulicSystems,2,cooler_condition,Train Majority,121,18150,18450,3,100,0,1.0,1
HydraulicSystems,2,cooler_condition,Train Majority,126,18900,19200,3,100,0,1.0,1
HydraulicSystems,2,cooler_condition,Train Majority,127,19050,19350,3,100,0,1.0,1
HydraulicSystems,2,cooler_condition,Train Majority,130,19500,19800,3,100,0,1.0,1
HydraulicSystems,2,cooler_condition,Train Majority,133,19950,20250,3,100,0,1.0,1
HydraulicSystems,2,cooler_condition,Train Majority,134,20100,20400,3,100,0,1.0,1
HydraulicSystems,2,cooler_condition,Train Majority,135,20250,20550,3,100,0,1.0,1
HydraulicSystems,2,cooler_condition,Train Majority,137,20550,20850,3,100,0,1.0,1
HydraulicSystems,2,cooler_condition,Train Majority,142,21300,21600,3,100,0,1.0,1
HydraulicSystems,2,cooler_condition,Train Majority,144,21600,21900,3,100,0,1.0,1
HydraulicSystems,2,cooler_condition,Train Majority,146,21900,22200,3,100,0,1.0,1
HydraulicSystems,2,cooler_condition,Train Majority,148,22200,22500,3,100,0,1.0,1
HydraulicSystems,2,cooler_condition,Train Majority,151,22650,22950,3,100,0,1.0,1
HydraulicSystems,2,cooler_condition,Train Majority,152,22800,23100,3,100,0,1.0,1
HydraulicSystems,2,cooler_condition,Train Majority,153,22950,23250,3,100,0,1.0,1
HydraulicSystems,2,cooler_condition,Train Majority,154,23100,23400,3,100,0,1.0,1
HydraulicSystems,2,cooler_condition,Train Majority,156,23400,23700,3,100,0,1.0,1
HydraulicSystems,2,cooler_condition,Train Majority,157,23550,23850,3,100,0,1.0,1
HydraulicSystems,2,cooler_condition,Train Majority,158,23700,24000,3,100,0,1.0,1
HydraulicSystems,2,cooler_condition,Train Majority,162,24300,24600,3,100,0,1.0,1
HydraulicSystems,2,cooler_condition,Train Majority,163,24450,24750,3,100,0,1.0,1
HydraulicSystems,2,cooler_condition,Train Majority,164,24600,24900,3,100,0,1.0,1
HydraulicSystems,2,cooler_condition,Train Majority,165,24750,25050,3,100,0,1.0,1
HydraulicSystems,2,cooler_condition,Train Majority,166,24900,25200,3,100,0,1.0,1
HydraulicSystems,2,cooler_condition,Train Majority,169,25350,25650,3,100,0,1.0,1
HydraulicSystems,2,cooler_condition,Train Majority,170,25500,25800,3,100,0,1.0,1
HydraulicSystems,2,cooler_condition,Train Majority,173,25950,26250,3,100,0,1.0,1
HydraulicSystems,2,cooler_condition,Train Majority,174,26100,26400,3,100,0,1.0,1
HydraulicSystems,2,cooler_condition,Train Majority,175,26250,26550,3,100,0,1.0,1
HydraulicSystems,2,cooler_condition,Train Majority,179,26850,27150,3,100,0,1.0,1
HydraulicSystems,2,cooler_condition,Train Majority,182,27300,27600,3,100,0,1.0,1
HydraulicSystems,2,cooler_condition,Train Majority,185,27750,28050,3,100,0,1.0,1
HydraulicSystems,2,cooler_condition,Train Majority,186,27900,28200,3,100,0,1.0,1
HydraulicSystems,2,cooler_condition,Train Majority,189,28350,28650,3,100,0,1.0,1
HydraulicSystems,2,cooler_condition,Train Majority,192,28800,29100,3,100,0,1.0,1
HydraulicSystems,2,cooler_condition,Train Majority,194,29100,29400,3,100,0,1.0,1
HydraulicSystems,2,cooler_condition,Train Majority,195,29250,29550,3,100,0,1.0,1
HydraulicSystems,2,cooler_condition,Train Majority,198,29700,30000,3,100,0,1.0,1
HydraulicSystems,2,cooler_condition,Train Majority,199,29850,30150,3,100,0,1.0,1
HydraulicSystems,2,cooler_condition,Train Majority,200,30000,30300,3,100,0,1.0,1
HydraulicSystems,2,cooler_condition,Train Majority,202,30300,30600,3,100,0,1.0,1
HydraulicSystems,2,cooler_condition,Train Majority,206,30900,31200,3,100,0,1.0,1
HydraulicSystems,2,cooler_condition,Train Majority,207,31050,31350,3,100,0,1.0,1
HydraulicSystems,2,cooler_condition,Train Majority,208,31200,31500,3,100,0,1.0,1
HydraulicSystems,2,cooler_condition,Train Majority,209,31350,31650,3,100,0,1.0,1
HydraulicSystems,2,cooler_condition,Train Majority,210,31500,31800,3,100,0,1.0,1
HydraulicSystems,2,cooler_condition,Train Majority,211,31650,31950,3,100,0,1.0,1
HydraulicSystems,2,cooler_condition,Train Majority,212,31800,32100,3,100,0,1.0,1
HydraulicSystems,2,cooler_condition,Train Majority,213,31950,32250,3,100,0,1.0,1
HydraulicSystems,2,cooler_condition,Train Majority,214,32100,32400,3,100,0,1.0,1
HydraulicSystems,2,cooler_condition,Train Majority,216,32400,32700,3,100,0,1.0,1
HydraulicSystems,2,cooler_condition,Train Majority,217,32550,32850,3,100,0,1.0,1
HydraulicSystems,2,cooler_condition,Train Majority,223,33450,33750,3,100,0,1.0,1
HydraulicSystems,2,cooler_condition,Train Majority,225,33750,34050,3,100,0,1.0,1
HydraulicSystems,2,cooler_condition,Train Majority,228,34200,34500,3,100,0,1.0,1
HydraulicSystems,2,cooler_condition,Train Majority,232,34800,35100,3,100,0,1.0,1
HydraulicSystems,2,cooler_condition,Train Majority,233,34950,35250,3,100,0,1.0,1
HydraulicSystems,2,cooler_condition,Train Majority,235,35250,35550,3,100,0,1.0,1
HydraulicSystems,2,cooler_condition,Train Majority,236,35400,35700,3,100,0,1.0,1
HydraulicSystems,2,cooler_condition,Train Majority,242,36300,36600,3,100,0,1.0,1
HydraulicSystems,2,cooler_condition,Train Majority,243,36450,36750,3,100,0,1.0,1
HydraulicSystems,2,cooler_condition,Train Majority,244,36600,36900,3,100,0,1.0,1
HydraulicSystems,2,cooler_condition,Train Majority,248,37200,37500,3,100,0,1.0,1
HydraulicSystems,2,cooler_condition,Train Majority,249,37350,37650,3,100,0,1.0,1
HydraulicSystems,2,cooler_condition,Train Majority,250,37500,37800,3,100,0,1.0,1
HydraulicSystems,2,cooler_condition,Train Majority,255,38250,38550,3,100,0,1.0,1
HydraulicSystems,2,cooler_condition,Train Majority,256,38400,38700,3,100,0,1.0,1
HydraulicSystems,2,cooler_condition,Train Majority,258,38700,39000,3,100,0,1.0,1
HydraulicSystems,2,cooler_condition,Train Majority,262,39300,39600,3,100,0,1.0,1
HydraulicSystems,2,cooler_condition,Train Majority,270,40500,40800,3,100,0,1.0,1
HydraulicSystems,2,cooler_condition,Train Majority,272,40800,41100,3,100,0,1.0,1
HydraulicSystems,2,cooler_condition,Train Majority,275,41250,41550,3,100,0,1.0,1
HydraulicSystems,2,cooler_condition,Train Majority,276,41400,41700,3,100,0,1.0,1
HydraulicSystems,2,cooler_condition,Train Majority,277,41550,41850,3,100,0,1.0,1
HydraulicSystems,2,cooler_condition,Train Majority,278,41700,42000,3,100,0,1.0,1
HydraulicSystems,2,cooler_condition,Train Majority,279,41850,42150,3,100,0,1.0,1
HydraulicSystems,2,cooler_condition,Train Majority,280,42000,42300,3,100,0,1.0,1
HydraulicSystems,2,cooler_condition,Train Majority,282,42300,42600,3,100,0,1.0,1
HydraulicSystems,2,cooler_condition,Train Majority,285,42750,43050,3,100,0,1.0,1
HydraulicSystems,2,cooler_condition,Train Majority,286,42900,43200,3,100,0,1.0,1
HydraulicSystems,2,cooler_condition,Train Majority,287,43050,43350,3,100,0,1.0,1
HydraulicSystems,2,cooler_condition,Train Majority,288,43200,43500,3,100,0,1.0,1
HydraulicSystems,2,cooler_condition,Train Majority,292,43800,44100,20,100,0,0.6,1
HydraulicSystems,2,cooler_condition,Train Majority,295,44250,44550,20,100,0,1.0,1
HydraulicSystems,2,cooler_condition,Train Majority,297,44550,44850,20,100,0,1.0,1
HydraulicSystems,2,cooler_condition,Train Majority,299,44850,45150,20,100,0,1.0,1
HydraulicSystems,2,cooler_condition,Train Majority,300,45000,45300,20,100,0,1.0,1
HydraulicSystems,2,cooler_condition,Train Majority,301,45150,45450,20,100,0,1.0,0
HydraulicSystems,2,cooler_condition,Train Majority,302,45300,45600,20,100,0,1.0,1
HydraulicSystems,2,cooler_condition,Train Majority,303,45450,45750,20,100,0,1.0,1
HydraulicSystems,2,cooler_condition,Train Majority,306,45900,46200,20,100,0,1.0,1
HydraulicSystems,2,cooler_condition,Train Majority,307,46050,46350,20,100,0,1.0,0
HydraulicSystems,2,cooler_condition,Train Majority,308,46200,46500,20,100,0,1.0,0
HydraulicSystems,2,cooler_condition,Train Majority,309,46350,46650,20,100,0,1.0,1
HydraulicSystems,2,cooler_condition,Train Majority,311,46650,46950,20,100,0,1.0,0
HydraulicSystems,2,cooler_condition,Train Majority,313,46950,47250,20,100,0,1.0,0
HydraulicSystems,2,cooler_condition,Train Majority,315,47250,47550,20,100,0,1.0,1
HydraulicSystems,2,cooler_condition,Train Majority,318,47700,48000,20,100,0,1.0,1
HydraulicSystems,2,cooler_condition,Train Majority,320,48000,48300,20,100,0,1.0,0
HydraulicSystems,2,cooler_condition,Train Majority,321,48150,48450,20,100,0,1.0,0
HydraulicSystems,2,cooler_condition,Train Majority,322,48300,48600,20,100,0,1.0,0
HydraulicSystems,2,cooler_condition,Train Majority,323,48450,48750,20,100,0,1.0,0
HydraulicSystems,2,cooler_condition,Train Majority,324,48600,48900,20,100,0,1.0,0
HydraulicSystems,2,cooler_condition,Train Majority,325,48750,49050,20,100,0,1.0,0
HydraulicSystems,2,cooler_condition,Train Majority,328,49200,49500,20,100,0,1.0,0
HydraulicSystems,2,cooler_condition,Train Majority,330,49500,49800,20,100,0,1.0,0
HydraulicSystems,2,cooler_condition,Train Majority,331,49650,49950,20,100,0,1.0,0
HydraulicSystems,2,cooler_condition,Train Majority,332,49800,50100,20,100,0,1.0,0
HydraulicSystems,2,cooler_condition,Train Majority,333,49950,50250,20,100,0,1.0,0
HydraulicSystems,2,cooler_condition,Train Majority,337,50550,50850,20,100,0,1.0,0
HydraulicSystems,2,cooler_condition,Train Majority,338,50700,51000,20,100,0,1.0,0
HydraulicSystems,2,cooler_condition,Train Majority,339,50850,51150,20,100,0,1.0,0
HydraulicSystems,2,cooler_condition,Train Majority,341,51150,51450,20,100,0,1.0,0
HydraulicSystems,2,cooler_condition,Train Majority,342,51300,51600,20,100,0,1.0,0
HydraulicSystems,2,cooler_condition,Train Majority,346,51900,52200,20,100,0,1.0,1
HydraulicSystems,2,cooler_condition,Train Majority,347,52050,52350,20,100,0,1.0,0
HydraulicSystems,2,cooler_condition,Train Majority,348,52200,52500,20,100,0,1.0,1
HydraulicSystems,2,cooler_condition,Train Majority,351,52650,52950,20,100,0,1.0,0
HydraulicSystems,2,cooler_condition,Train Majority,354,53100,53400,20,100,0,1.0,0
HydraulicSystems,2,cooler_condition,Train Majority,356,53400,53700,20,100,0,1.0,0
HydraulicSystems,2,cooler_condition,Train Majority,357,53550,53850,20,100,0,1.0,0
HydraulicSystems,2,cooler_condition,Train Majority,358,53700,54000,20,100,0,1.0,0
HydraulicSystems,2,cooler_condition,Train Majority,362,54300,54600,20,100,0,1.0,0
HydraulicSystems,2,cooler_condition,Train Majority,363,54450,54750,20,100,0,1.0,0
HydraulicSystems,2,cooler_condition,Train Majority,364,54600,54900,20,100,0,1.0,0
HydraulicSystems,2,cooler_condition,Train Majority,366,54900,55200,20,100,0,1.0,0
HydraulicSystems,2,cooler_condition,Train Majority,367,55050,55350,20,100,0,1.0,0
HydraulicSystems,2,cooler_condition,Train Majority,369,55350,55650,20,100,0,1.0,0
HydraulicSystems,2,cooler_condition,Train Majority,370,55500,55800,20,100,0,1.0,0
HydraulicSystems,2,cooler_condition,Train Majority,371,55650,55950,20,100,0,1.0,0
HydraulicSystems,2,cooler_condition,Train Majority,372,55800,56100,20,100,0,1.0,1
HydraulicSystems,2,cooler_condition,Train Majority,373,55950,56250,20,100,0,1.0,1
HydraulicSystems,2,cooler_condition,Train Majority,376,56400,56700,20,100,0,1.0,0
HydraulicSystems,2,cooler_condition,Train Majority,380,57000,57300,20,100,0,1.0,0
HydraulicSystems,2,cooler_condition,Train Majority,383,57450,57750,20,100,0,1.0,0
HydraulicSystems,2,cooler_condition,Train Majority,384,57600,57900,20,100,0,1.0,0
HydraulicSystems,2,cooler_condition,Train Majority,385,57750,58050,20,100,0,1.0,0
HydraulicSystems,2,cooler_condition,Train Majority,388,58200,58500,20,100,0,1.0,0
HydraulicSystems,2,cooler_condition,Train Majority,392,58800,59100,20,100,0,1.0,0
HydraulicSystems,2,cooler_condition,Train Majority,396,59400,59700,20,100,0,1.0,0
HydraulicSystems,2,cooler_condition,Train Majority,398,59700,60000,20,100,0,1.0,0
HydraulicSystems,2,cooler_condition,Train Majority,402,60300,60600,20,100,0,1.0,0
HydraulicSystems,2,cooler_condition,Train Majority,407,61050,61350,20,100,0,1.0,0
HydraulicSystems,2,cooler_condition,Train Majority,408,61200,61500,20,100,0,1.0,0
HydraulicSystems,2,cooler_condition,Train Majority,410,61500,61800,20,100,0,1.0,0
HydraulicSystems,2,cooler_condition,Train Majority,411,61650,61950,20,100,0,1.0,0
HydraulicSystems,2,cooler_condition,Train Majority,416,62400,62700,20,100,0,1.0,0
HydraulicSystems,2,cooler_condition,Train Majority,417,62550,62850,20,100,0,1.0,0
HydraulicSystems,2,cooler_condition,Train Majority,420,63000,63300,20,100,0,1.0,0
HydraulicSystems,2,cooler_condition,Train Majority,422,63300,63600,20,100,0,1.0,0
HydraulicSystems,2,cooler_condition,Train Majority,423,63450,63750,20,100,0,1.0,0
HydraulicSystems,2,cooler_condition,Train Majority,424,63600,63900,20,100,0,1.0,0
HydraulicSystems,2,cooler_condition,Train Majority,425,63750,64050,20,100,0,1.0,1
HydraulicSystems,2,cooler_condition,Train Majority,426,63900,64200,20,100,0,1.0,0
HydraulicSystems,2,cooler_condition,Train Majority,428,64200,64500,20,100,0,1.0,0
HydraulicSystems,2,cooler_condition,Train Majority,430,64500,64800,20,100,0,1.0,0
HydraulicSystems,2,cooler_condition,Train Majority,431,64650,64950,20,100,0,1.0,0
HydraulicSystems,2,cooler_condition,Train Majority,432,64800,65100,20,100,0,1.0,0
HydraulicSystems,2,cooler_condition,Train Majority,433,64950,65250,20,100,0,1.0,0
HydraulicSystems,2,cooler_condition,Train Majority,436,65400,65700,20,100,0,1.0,0
HydraulicSystems,2,cooler_condition,Train Majority,437,65550,65850,20,100,0,1.0,0
HydraulicSystems,2,cooler_condition,Train Majority,445,66750,67050,20,100,0,1.0,0
HydraulicSystems,2,cooler_condition,Train Majority,446,66900,67200,20,100,0,1.0,0
HydraulicSystems,2,cooler_condition,Train Majority,448,67200,67500,20,100,0,1.0,0
HydraulicSystems,2,cooler_condition,Train Majority,455,68250,68550,20,100,0,1.0,0
HydraulicSystems,2,cooler_condition,Train Majority,456,68400,68700,20,100,0,1.0,0
HydraulicSystems,2,cooler_condition,Train Majority,457,68550,68850,20,100,0,1.0,0
HydraulicSystems,2,cooler_condition,Train Majority,458,68700,69000,20,100,0,1.0,0
HydraulicSystems,2,cooler_condition,Train Majority,460,69000,69300,20,100,0,1.0,0
HydraulicSystems,2,cooler_condition,Train Majority,461,69150,69450,20,100,0,1.0,0
HydraulicSystems,2,cooler_condition,Train Majority,462,69300,69600,20,100,0,1.0,0
HydraulicSystems,2,cooler_condition,Train Majority,463,69450,69750,20,100,0,1.0,0
HydraulicSystems,2,cooler_condition,Train Majority,464,69600,69900,20,100,0,1.0,0
HydraulicSystems,2,cooler_condition,Train Majority,466,69900,70200,20,100,0,1.0,0
HydraulicSystems,2,cooler_condition,Train Majority,469,70350,70650,20,100,0,1.0,1
HydraulicSystems,2,cooler_condition,Train Majority,472,70800,71100,20,100,0,1.0,0
HydraulicSystems,2,cooler_condition,Train Majority,474,71100,71400,20,100,0,1.0,0
HydraulicSystems,2,cooler_condition,Train Majority,477,71550,71850,20,100,0,1.0,0
HydraulicSystems,2,cooler_condition,Train Majority,478,71700,72000,20,100,0,1.0,0
HydraulicSystems,2,cooler_condition,Train Majority,479,71850,72150,20,100,0,1.0,0
HydraulicSystems,2,cooler_condition,Train Majority,481,72150,72450,20,100,0,1.0,0
HydraulicSystems,2,cooler_condition,Train Majority,485,72750,73050,20,100,0,1.0,0
HydraulicSystems,2,cooler_condition,Train Majority,486,72900,73200,20,100,0,1.0,0
HydraulicSystems,2,cooler_condition,Train Majority,488,73200,73500,20,100,0,1.0,0
HydraulicSystems,2,cooler_condition,Train Majority,491,73650,73950,20,100,0,1.0,0
HydraulicSystems,2,cooler_condition,Train Majority,492,73800,74100,20,100,0,1.0,0
HydraulicSystems,2,cooler_condition,Train Majority,496,74400,74700,20,100,0,1.0,0
HydraulicSystems,2,cooler_condition,Train Majority,498,74700,75000,20,100,0,1.0,0
HydraulicSystems,2,cooler_condition,Train Majority,500,75000,75300,20,100,0,1.0,0
HydraulicSystems,2,cooler_condition,Train Majority,502,75300,75600,20,100,0,1.0,0
HydraulicSystems,2,cooler_condition,Train Majority,503,75450,75750,20,100,0,1.0,0
HydraulicSystems,2,cooler_condition,Train Majority,504,75600,75900,20,100,0,1.0,0
HydraulicSystems,2,cooler_condition,Train Majority,507,76050,76350,20,100,0,1.0,0
HydraulicSystems,2,cooler_condition,Train Majority,508,76200,76500,20,100,0,1.0,0
HydraulicSystems,2,cooler_condition,Train Majority,509,76350,76650,20,100,0,1.0,0
HydraulicSystems,2,cooler_condition,Train Majority,510,76500,76800,20,100,0,1.0,0
HydraulicSystems,2,cooler_condition,Train Majority,511,76650,76950,20,100,0,1.0,0
HydraulicSystems,2,cooler_condition,Train Majority,512,76800,77100,20,100,0,1.0,0
HydraulicSystems,2,cooler_condition,Train Majority,514,77100,77400,20,100,0,1.0,0
HydraulicSystems,2,cooler_condition,Train Majority,516,77400,77700,20,100,0,1.0,0
HydraulicSystems,2,cooler_condition,Train Majority,519,77850,78150,20,100,0,1.0,0
HydraulicSystems,2,cooler_condition,Train Majority,522,78300,78600,20,100,0,1.0,0
HydraulicSystems,2,cooler_condition,Train Majority,523,78450,78750,20,100,0,1.0,0
HydraulicSystems,2,cooler_condition,Train Majority,526,78900,79200,20,100,0,1.0,0
HydraulicSystems,2,cooler_condition,Train Majority,527,79050,79350,20,100,0,1.0,0
HydraulicSystems,2,cooler_condition,Train Majority,528,79200,79500,20,100,0,1.0,0
HydraulicSystems,2,cooler_condition,Train Majority,533,79950,80250,20,100,0,1.0,0
HydraulicSystems,2,cooler_condition,Train Majority,536,80400,80700,20,100,0,1.0,0
HydraulicSystems,2,cooler_condition,Train Majority,537,80550,80850,20,100,0,1.0,0
HydraulicSystems,2,cooler_condition,Train Majority,540,81000,81300,20,100,0,1.0,0
HydraulicSystems,2,cooler_condition,Train Majority,541,81150,81450,20,100,0,1.0,0
HydraulicSystems,2,cooler_condition,Train Majority,542,81300,81600,20,100,0,1.0,0
HydraulicSystems,2,cooler_condition,Train Majority,546,81900,82200,20,100,0,1.0,0
HydraulicSystems,2,cooler_condition,Train Majority,547,82050,82350,20,100,0,1.0,0
HydraulicSystems,2,cooler_condition,Train Majority,551,82650,82950,20,100,0,1.0,0
HydraulicSystems,2,cooler_condition,Train Majority,552,82800,83100,20,100,0,1.0,0
HydraulicSystems,2,cooler_condition,Train Majority,553,82950,83250,20,100,0,1.0,0
HydraulicSystems,2,cooler_condition,Train Majority,555,83250,83550,20,100,0,1.0,0
HydraulicSystems,2,cooler_condition,Train Majority,557,83550,83850,20,100,0,1.0,0
HydraulicSystems,2,cooler_condition,Train Majority,561,84150,84450,20,100,0,1.0,0
HydraulicSystems,2,cooler_condition,Train Majority,564,84600,84900,20,100,0,1.0,0
HydraulicSystems,2,cooler_condition,Train Majority,565,84750,85050,20,100,0,1.0,0
HydraulicSystems,2,cooler_condition,Train Majority,566,84900,85200,20,100,0,1.0,0
HydraulicSystems,2,cooler_condition,Train Majority,567,85050,85350,20,100,0,1.0,0
HydraulicSystems,2,cooler_condition,Train Majority,568,85200,85500,20,100,0,1.0,1
HydraulicSystems,2,cooler_condition,Train Majority,574,86100,86400,20,100,0,1.0,0
HydraulicSystems,2,cooler_condition,Train Majority,581,87150,87450,20,100,0,1.0,0
HydraulicSystems,2,cooler_condition,Train Majority,584,87600,87900,20,100,0,0.8,1
HydraulicSystems,2,cooler_condition,Train Majority,585,87750,88050,100,100,1,0.7,1
HydraulicSystems,2,cooler_condition,Train Majority,587,88050,88350,100,100,1,1.0,1
HydraulicSystems,2,cooler_condition,Train Majority,589,88350,88650,100,100,1,1.0,1
HydraulicSystems,2,cooler_condition,Train Majority,590,88500,88800,100,100,1,1.0,0
HydraulicSystems,2,cooler_condition,Train Majority,595,89250,89550,100,100,1,1.0,0
HydraulicSystems,2,cooler_condition,Train Majority,596,89400,89700,100,100,1,1.0,0
HydraulicSystems,2,cooler_condition,Train Majority,598,89700,90000,100,100,1,1.0,0
HydraulicSystems,2,cooler_condition,Train Majority,599,89850,90150,100,100,1,1.0,0
HydraulicSystems,2,cooler_condition,Train Majority,600,90000,90300,100,100,1,1.0,0
HydraulicSystems,2,cooler_condition,Train Majority,602,90300,90600,100,100,1,1.0,0
HydraulicSystems,2,cooler_condition,Train Majority,607,91050,91350,100,100,1,1.0,0
HydraulicSystems,2,cooler_condition,Train Majority,608,91200,91500,100,100,1,1.0,0
HydraulicSystems,2,cooler_condition,Train Majority,611,91650,91950,100,100,1,1.0,0
HydraulicSystems,2,cooler_condition,Train Majority,612,91800,92100,100,100,1,1.0,0
HydraulicSystems,2,cooler_condition,Train Majority,616,92400,92700,100,100,1,1.0,0
HydraulicSystems,2,cooler_condition,Train Majority,617,92550,92850,100,100,1,1.0,0
HydraulicSystems,2,cooler_condition,Train Majority,620,93000,93300,100,100,1,1.0,0
HydraulicSystems,2,cooler_condition,Train Majority,621,93150,93450,100,100,1,1.0,0
HydraulicSystems,2,cooler_condition,Train Majority,623,93450,93750,100,100,1,1.0,0
HydraulicSystems,2,cooler_condition,Train Majority,624,93600,93900,100,100,1,1.0,0
HydraulicSystems,2,cooler_condition,Train Majority,627,94050,94350,100,100,1,1.0,0
HydraulicSystems,2,cooler_condition,Train Majority,630,94500,94800,100,100,1,1.0,0
HydraulicSystems,2,cooler_condition,Train Majority,632,94800,95100,100,100,1,1.0,0
HydraulicSystems,2,cooler_condition,Train Majority,633,94950,95250,100,100,1,1.0,0
HydraulicSystems,2,cooler_condition,Train Majority,635,95250,95550,100,100,1,1.0,0
HydraulicSystems,2,cooler_condition,Train Majority,637,95550,95850,100,100,1,1.0,0
HydraulicSystems,2,cooler_condition,Train Majority,638,95700,96000,100,100,1,1.0,0
HydraulicSystems,2,cooler_condition,Train Majority,644,96600,96900,100,100,1,1.0,0
HydraulicSystems,2,cooler_condition,Train Majority,646,96900,97200,100,100,1,1.0,0
HydraulicSystems,2,cooler_condition,Train Majority,651,97650,97950,100,100,1,1.0,0
HydraulicSystems,2,cooler_condition,Train Majority,652,97800,98100,100,100,1,1.0,0
HydraulicSystems,2,cooler_condition,Train Majority,654,98100,98400,100,100,1,1.0,0
HydraulicSystems,2,cooler_condition,Train Majority,656,98400,98700,100,100,1,1.0,0
HydraulicSystems,2,cooler_condition,Train Majority,659,98850,99150,100,100,1,1.0,0
HydraulicSystems,2,cooler_condition,Train Majority,660,99000,99300,100,100,1,1.0,0
HydraulicSystems,2,cooler_condition,Train Majority,663,99450,99750,100,100,1,1.0,0
HydraulicSystems,2,cooler_condition,Train Majority,665,99750,100050,100,100,1,1.0,0
HydraulicSystems,2,cooler_condition,Train Majority,666,99900,100200,100,100,1,1.0,0
HydraulicSystems,2,cooler_condition,Train Majority,667,100050,100350,100,100,1,1.0,0
HydraulicSystems,2,cooler_condition,Train Majority,671,100650,100950,100,100,1,1.0,0
HydraulicSystems,2,cooler_condition,Train Majority,674,101100,101400,100,100,1,1.0,0
HydraulicSystems,2,cooler_condition,Train Majority,678,101700,102000,100,100,1,1.0,0
HydraulicSystems,2,cooler_condition,Train Majority,679,101850,102150,100,100,1,1.0,0
HydraulicSystems,2,cooler_condition,Train Majority,682,102300,102600,100,100,1,1.0,0
HydraulicSystems,2,cooler_condition,Train Majority,683,102450,102750,100,100,1,1.0,0
HydraulicSystems,2,cooler_condition,Train Majority,685,102750,103050,100,100,1,1.0,0
HydraulicSystems,2,cooler_condition,Train Majority,689,103350,103650,100,100,1,1.0,0
HydraulicSystems,2,cooler_condition,Train Majority,692,103800,104100,100,100,1,1.0,0
HydraulicSystems,2,cooler_condition,Train Majority,693,103950,104250,100,100,1,1.0,0
HydraulicSystems,2,cooler_condition,Train Majority,695,104250,104550,100,100,1,1.0,0
HydraulicSystems,2,cooler_condition,Train Majority,696,104400,104700,100,100,1,1.0,0
HydraulicSystems,2,cooler_condition,Train Majority,697,104550,104850,100,100,1,1.0,0
HydraulicSystems,2,cooler_condition,Train Majority,698,104700,105000,100,100,1,1.0,0
HydraulicSystems,2,cooler_condition,Train Majority,699,104850,105150,100,100,1,1.0,0
HydraulicSystems,2,cooler_condition,Train Majority,700,105000,105300,100,100,1,1.0,0
HydraulicSystems,2,cooler_condition,Train Majority,701,105150,105450,100,100,1,1.0,0
HydraulicSystems,2,cooler_condition,Train Majority,703,105450,105750,100,100,1,1.0,0
HydraulicSystems,2,cooler_condition,Train Majority,705,105750,106050,100,100,1,1.0,0
HydraulicSystems,2,cooler_condition,Train Majority,708,106200,106500,100,100,1,1.0,0
HydraulicSystems,2,cooler_condition,Train Majority,710,106500,106800,100,100,1,1.0,0
HydraulicSystems,2,cooler_condition,Train Majority,711,106650,106950,100,100,1,1.0,0
HydraulicSystems,2,cooler_condition,Train Majority,712,106800,107100,100,100,1,1.0,0
HydraulicSystems,2,cooler_condition,Train Majority,714,107100,107400,100,100,1,1.0,0
HydraulicSystems,2,cooler_condition,Train Majority,715,107250,107550,100,100,1,1.0,0
HydraulicSystems,2,cooler_condition,Train Majority,717,107550,107850,100,100,1,1.0,0
HydraulicSystems,2,cooler_condition,Train Majority,719,107850,108150,100,100,1,1.0,0
HydraulicSystems,2,cooler_condition,Train Majority,720,108000,108300,100,100,1,1.0,0
HydraulicSystems,2,cooler_condition,Train Majority,721,108150,108450,100,100,1,1.0,0
HydraulicSystems,2,cooler_condition,Train Majority,723,108450,108750,100,100,1,1.0,0
HydraulicSystems,2,cooler_condition,Train Majority,724,108600,108900,100,100,1,1.0,0
HydraulicSystems,2,cooler_condition,Train Majority,725,108750,109050,100,100,1,1.0,0
HydraulicSystems,2,cooler_condition,Train Majority,726,108900,109200,100,100,1,1.0,0
HydraulicSystems,2,cooler_condition,Train Majority,727,109050,109350,100,100,1,1.0,0
HydraulicSystems,2,cooler_condition,Train Majority,728,109200,109500,100,100,1,1.0,0
HydraulicSystems,2,cooler_condition,Train Majority,729,109350,109650,100,100,1,1.0,0
HydraulicSystems,2,cooler_condition,Train Majority,731,109650,109950,100,100,1,1.0,0
HydraulicSystems,2,cooler_condition,Train Majority,733,109950,110250,100,100,1,1.0,0
HydraulicSystems,2,cooler_condition,Train Majority,735,110250,110550,100,100,1,1.0,0
HydraulicSystems,2,cooler_condition,Train Majority,736,110400,110700,100,100,1,1.0,0
HydraulicSystems,2,cooler_condition,Train Majority,739,110850,111150,100,100,1,1.0,0
HydraulicSystems,2,cooler_condition,Train Majority,740,111000,111300,100,100,1,1.0,0
HydraulicSystems,2,cooler_condition,Train Majority,742,111300,111600,100,100,1,1.0,0
HydraulicSystems,2,cooler_condition,Train Majority,746,111900,112200,100,100,1,1.0,0
HydraulicSystems,2,cooler_condition,Train Majority,749,112350,112650,100,100,1,1.0,0
HydraulicSystems,2,cooler_condition,Train Majority,750,112500,112800,100,100,1,1.0,0
HydraulicSystems,2,cooler_condition,Train Majority,753,112950,113250,100,100,1,1.0,0
HydraulicSystems,2,cooler_condition,Train Majority,756,113400,113700,100,100,1,1.0,0
HydraulicSystems,2,cooler_condition,Train Majority,758,113700,114000,100,100,1,1.0,0
HydraulicSystems,2,cooler_condition,Train Majority,759,113850,114150,100,100,1,1.0,0
HydraulicSystems,2,cooler_condition,Train Majority,760,114000,114300,100,100,1,1.0,0
HydraulicSystems,2,cooler_condition,Train Majority,761,114150,114450,100,100,1,1.0,0
HydraulicSystems,2,cooler_condition,Train Majority,762,114300,114600,100,100,1,1.0,0
HydraulicSystems,2,cooler_condition,Train Majority,764,114600,114900,100,100,1,1.0,0
HydraulicSystems,2,cooler_condition,Train Majority,766,114900,115200,100,100,1,1.0,0
HydraulicSystems,2,cooler_condition,Train Majority,767,115050,115350,100,100,1,1.0,0
HydraulicSystems,2,cooler_condition,Train Majority,768,115200,115500,100,100,1,1.0,0
HydraulicSystems,2,cooler_condition,Train Majority,769,115350,115650,100,100,1,1.0,0
HydraulicSystems,2,cooler_condition,Train Majority,776,116400,116700,100,100,1,1.0,0
HydraulicSystems,2,cooler_condition,Train Majority,781,117150,117450,100,100,1,1.0,0
HydraulicSystems,2,cooler_condition,Train Majority,782,117300,117600,100,100,1,1.0,0
HydraulicSystems,2,cooler_condition,Train Majority,783,117450,117750,100,100,1,1.0,0
HydraulicSystems,2,cooler_condition,Train Majority,785,117750,118050,100,100,1,1.0,0
HydraulicSystems,2,cooler_condition,Train Majority,789,118350,118650,100,100,1,1.0,0
HydraulicSystems,2,cooler_condition,Train Majority,794,119100,119400,100,100,1,1.0,0
HydraulicSystems,2,cooler_condition,Train Majority,795,119250,119550,100,100,1,1.0,0
HydraulicSystems,2,cooler_condition,Train Majority,797,119550,119850,100,100,1,1.0,0
HydraulicSystems,2,cooler_condition,Train Majority,801,120150,120450,100,100,1,1.0,0
HydraulicSystems,2,cooler_condition,Train Majority,802,120300,120600,100,100,1,1.0,0
HydraulicSystems,2,cooler_condition,Train Majority,803,120450,120750,100,100,1,1.0,0
HydraulicSystems,2,cooler_condition,Train Majority,807,121050,121350,100,100,1,1.0,0
HydraulicSystems,2,cooler_condition,Train Majority,810,121500,121800,100,100,1,1.0,0
HydraulicSystems,2,cooler_condition,Train Majority,811,121650,121950,100,100,1,1.0,0
HydraulicSystems,2,cooler_condition,Train Majority,814,122100,122400,100,100,1,1.0,0
HydraulicSystems,2,cooler_condition,Train Majority,815,122250,122550,100,100,1,1.0,0
HydraulicSystems,2,cooler_condition,Train Majority,817,122550,122850,100,100,1,1.0,0
HydraulicSystems,2,cooler_condition,Train Majority,820,123000,123300,100,100,1,1.0,0
HydraulicSystems,2,cooler_condition,Train Majority,822,123300,123600,100,100,1,1.0,0
HydraulicSystems,2,cooler_condition,Train Majority,823,123450,123750,100,100,1,1.0,0
HydraulicSystems,2,cooler_condition,Train Majority,825,123750,124050,100,100,1,1.0,0
HydraulicSystems,2,cooler_condition,Train Majority,827,124050,124350,100,100,1,1.0,0
HydraulicSystems,2,cooler_condition,Train Majority,829,124350,124650,100,100,1,1.0,0
HydraulicSystems,2,cooler_condition,Train Majority,830,124500,124800,100,100,1,1.0,0
HydraulicSystems,2,cooler_condition,Train Majority,831,124650,124950,100,100,1,1.0,0
HydraulicSystems,2,cooler_condition,Train Majority,833,124950,125250,100,100,1,1.0,0
HydraulicSystems,2,cooler_condition,Train Majority,834,125100,125400,100,100,1,1.0,0
HydraulicSystems,2,cooler_condition,Train Majority,837,125550,125850,100,100,1,1.0,0
HydraulicSystems,2,cooler_condition,Train Majority,839,125850,126150,100,100,1,1.0,0
HydraulicSystems,2,cooler_condition,Train Majority,840,126000,126300,100,100,1,1.0,0
HydraulicSystems,2,cooler_condition,Train Majority,843,126450,126750,100,100,1,1.0,0
HydraulicSystems,2,cooler_condition,Train Majority,844,126600,126900,100,100,1,1.0,0
HydraulicSystems,2,cooler_condition,Train Majority,846,126900,127200,100,100,1,1.0,0
HydraulicSystems,2,cooler_condition,Train Majority,847,127050,127350,100,100,1,1.0,0
HydraulicSystems,2,cooler_condition,Train Majority,848,127200,127500,100,100,1,1.0,0
HydraulicSystems,2,cooler_condition,Train Majority,850,127500,127800,100,100,1,1.0,0
HydraulicSystems,2,cooler_condition,Train Majority,853,127950,128250,100,100,1,1.0,0
HydraulicSystems,2,cooler_condition,Train Majority,854,128100,128400,100,100,1,1.0,0
HydraulicSystems,2,cooler_condition,Train Majority,855,128250,128550,100,100,1,1.0,0
HydraulicSystems,2,cooler_condition,Train Majority,859,128850,129150,100,100,1,1.0,0
HydraulicSystems,2,cooler_condition,Train Majority,860,129000,129300,100,100,1,1.0,0
HydraulicSystems,2,cooler_condition,Train Majority,861,129150,129450,100,100,1,1.0,0
HydraulicSystems,2,cooler_condition,Train Majority,862,129300,129600,100,100,1,1.0,0
HydraulicSystems,2,cooler_condition,Train Majority,866,129900,130200,100,100,1,1.0,0
HydraulicSystems,2,cooler_condition,Train Majority,867,130050,130350,100,100,1,1.0,0
HydraulicSystems,2,cooler_condition,Train Majority,868,130200,130500,100,100,1,1.0,0
HydraulicSystems,2,cooler_condition,Train Majority,869,130350,130650,100,100,1,1.0,0
HydraulicSystems,2,cooler_condition,Train Majority,870,130500,130800,100,100,1,1.0,0
HydraulicSystems,2,cooler_condition,Train Majority,874,131100,131400,100,100,1,1.0,0
HydraulicSystems,2,cooler_condition,Train Majority,880,132000,132300,100,100,1,1.0,0
HydraulicSystems,2,cooler_condition,SensorMeanStd Centroid,0,0,300,3,3,1,1.0,1
HydraulicSystems,2,cooler_condition,SensorMeanStd Centroid,1,150,450,3,3,1,1.0,1
HydraulicSystems,2,cooler_condition,SensorMeanStd Centroid,4,600,900,3,3,1,1.0,1
HydraulicSystems,2,cooler_condition,SensorMeanStd Centroid,5,750,1050,3,3,1,1.0,1
HydraulicSystems,2,cooler_condition,SensorMeanStd Centroid,7,1050,1350,3,3,1,1.0,1
HydraulicSystems,2,cooler_condition,SensorMeanStd Centroid,8,1200,1500,3,3,1,1.0,1
HydraulicSystems,2,cooler_condition,SensorMeanStd Centroid,9,1350,1650,3,3,1,1.0,1
HydraulicSystems,2,cooler_condition,SensorMeanStd Centroid,11,1650,1950,3,3,1,1.0,1
HydraulicSystems,2,cooler_condition,SensorMeanStd Centroid,13,1950,2250,3,3,1,1.0,1
HydraulicSystems,2,cooler_condition,SensorMeanStd Centroid,14,2100,2400,3,3,1,1.0,1
HydraulicSystems,2,cooler_condition,SensorMeanStd Centroid,15,2250,2550,3,3,1,1.0,1
HydraulicSystems,2,cooler_condition,SensorMeanStd Centroid,17,2550,2850,3,3,1,1.0,1
HydraulicSystems,2,cooler_condition,SensorMeanStd Centroid,20,3000,3300,3,3,1,1.0,1
HydraulicSystems,2,cooler_condition,SensorMeanStd Centroid,21,3150,3450,3,3,1,1.0,1
HydraulicSystems,2,cooler_condition,SensorMeanStd Centroid,23,3450,3750,3,3,1,1.0,1
HydraulicSystems,2,cooler_condition,SensorMeanStd Centroid,26,3900,4200,3,3,1,1.0,1
HydraulicSystems,2,cooler_condition,SensorMeanStd Centroid,27,4050,4350,3,3,1,1.0,1
HydraulicSystems,2,cooler_condition,SensorMeanStd Centroid,28,4200,4500,3,3,1,1.0,1
HydraulicSystems,2,cooler_condition,SensorMeanStd Centroid,29,4350,4650,3,3,1,1.0,1
HydraulicSystems,2,cooler_condition,SensorMeanStd Centroid,34,5100,5400,3,3,1,1.0,1
HydraulicSystems,2,cooler_condition,SensorMeanStd Centroid,35,5250,5550,3,3,1,1.0,1
HydraulicSystems,2,cooler_condition,SensorMeanStd Centroid,39,5850,6150,3,3,1,1.0,1
HydraulicSystems,2,cooler_condition,SensorMeanStd Centroid,40,6000,6300,3,3,1,1.0,1
HydraulicSystems,2,cooler_condition,SensorMeanStd Centroid,42,6300,6600,3,3,1,1.0,1
HydraulicSystems,2,cooler_condition,SensorMeanStd Centroid,44,6600,6900,3,3,1,1.0,1
HydraulicSystems,2,cooler_condition,SensorMeanStd Centroid,45,6750,7050,3,3,1,1.0,1
HydraulicSystems,2,cooler_condition,SensorMeanStd Centroid,46,6900,7200,3,3,1,1.0,1
HydraulicSystems,2,cooler_condition,SensorMeanStd Centroid,47,7050,7350,3,3,1,1.0,1
HydraulicSystems,2,cooler_condition,SensorMeanStd Centroid,52,7800,8100,3,3,1,1.0,1
HydraulicSystems,2,cooler_condition,SensorMeanStd Centroid,53,7950,8250,3,3,1,1.0,1
HydraulicSystems,2,cooler_condition,SensorMeanStd Centroid,54,8100,8400,3,3,1,1.0,1
HydraulicSystems,2,cooler_condition,SensorMeanStd Centroid,55,8250,8550,3,3,1,1.0,0
HydraulicSystems,2,cooler_condition,SensorMeanStd Centroid,56,8400,8700,3,3,1,1.0,0
HydraulicSystems,2,cooler_condition,SensorMeanStd Centroid,60,9000,9300,3,3,1,1.0,1
HydraulicSystems,2,cooler_condition,SensorMeanStd Centroid,61,9150,9450,3,3,1,1.0,1
HydraulicSystems,2,cooler_condition,SensorMeanStd Centroid,64,9600,9900,3,3,1,1.0,1
HydraulicSystems,2,cooler_condition,SensorMeanStd Centroid,65,9750,10050,3,3,1,1.0,1
HydraulicSystems,2,cooler_condition,SensorMeanStd Centroid,66,9900,10200,3,3,1,1.0,1
HydraulicSystems,2,cooler_condition,SensorMeanStd Centroid,68,10200,10500,3,3,1,1.0,1
HydraulicSystems,2,cooler_condition,SensorMeanStd Centroid,69,10350,10650,3,3,1,1.0,1
HydraulicSystems,2,cooler_condition,SensorMeanStd Centroid,72,10800,11100,3,3,1,1.0,1
HydraulicSystems,2,cooler_condition,SensorMeanStd Centroid,73,10950,11250,3,3,1,1.0,1
HydraulicSystems,2,cooler_condition,SensorMeanStd Centroid,74,11100,11400,3,3,1,1.0,1
HydraulicSystems,2,cooler_condition,SensorMeanStd Centroid,75,11250,11550,3,3,1,1.0,1
HydraulicSystems,2,cooler_condition,SensorMeanStd Centroid,77,11550,11850,3,3,1,1.0,1
HydraulicSystems,2,cooler_condition,SensorMeanStd Centroid,78,11700,12000,3,3,1,1.0,1
HydraulicSystems,2,cooler_condition,SensorMeanStd Centroid,80,12000,12300,3,3,1,1.0,1
HydraulicSystems,2,cooler_condition,SensorMeanStd Centroid,81,12150,12450,3,3,1,1.0,1
HydraulicSystems,2,cooler_condition,SensorMeanStd Centroid,87,13050,13350,3,3,1,1.0,1
HydraulicSystems,2,cooler_condition,SensorMeanStd Centroid,93,13950,14250,3,3,1,1.0,1
HydraulicSystems,2,cooler_condition,SensorMeanStd Centroid,94,14100,14400,3,3,1,1.0,1
HydraulicSystems,2,cooler_condition,SensorMeanStd Centroid,95,14250,14550,3,3,1,1.0,1
HydraulicSystems,2,cooler_condition,SensorMeanStd Centroid,96,14400,14700,3,3,1,1.0,1
HydraulicSystems,2,cooler_condition,SensorMeanStd Centroid,99,14850,15150,3,3,1,1.0,1
HydraulicSystems,2,cooler_condition,SensorMeanStd Centroid,100,15000,15300,3,3,1,1.0,1
HydraulicSystems,2,cooler_condition,SensorMeanStd Centroid,101,15150,15450,3,3,1,1.0,1
HydraulicSystems,2,cooler_condition,SensorMeanStd Centroid,104,15600,15900,3,3,1,1.0,1
HydraulicSystems,2,cooler_condition,SensorMeanStd Centroid,106,15900,16200,3,3,1,1.0,1
HydraulicSystems,2,cooler_condition,SensorMeanStd Centroid,112,16800,17100,3,3,1,1.0,1
HydraulicSystems,2,cooler_condition,SensorMeanStd Centroid,114,17100,17400,3,20,0,1.0,1
HydraulicSystems,2,cooler_condition,SensorMeanStd Centroid,116,17400,17700,3,3,1,1.0,1
HydraulicSystems,2,cooler_condition,SensorMeanStd Centroid,117,17550,17850,3,3,1,1.0,1
HydraulicSystems,2,cooler_condition,SensorMeanStd Centroid,118,17700,18000,3,3,1,1.0,1
HydraulicSystems,2,cooler_condition,SensorMeanStd Centroid,120,18000,18300,3,3,1,1.0,1
HydraulicSystems,2,cooler_condition,SensorMeanStd Centroid,121,18150,18450,3,3,1,1.0,1
HydraulicSystems,2,cooler_condition,SensorMeanStd Centroid,126,18900,19200,3,3,1,1.0,1
HydraulicSystems,2,cooler_condition,SensorMeanStd Centroid,127,19050,19350,3,3,1,1.0,1
HydraulicSystems,2,cooler_condition,SensorMeanStd Centroid,130,19500,19800,3,3,1,1.0,1
HydraulicSystems,2,cooler_condition,SensorMeanStd Centroid,133,19950,20250,3,3,1,1.0,1
HydraulicSystems,2,cooler_condition,SensorMeanStd Centroid,134,20100,20400,3,3,1,1.0,1
HydraulicSystems,2,cooler_condition,SensorMeanStd Centroid,135,20250,20550,3,3,1,1.0,1
HydraulicSystems,2,cooler_condition,SensorMeanStd Centroid,137,20550,20850,3,3,1,1.0,1
HydraulicSystems,2,cooler_condition,SensorMeanStd Centroid,142,21300,21600,3,3,1,1.0,1
HydraulicSystems,2,cooler_condition,SensorMeanStd Centroid,144,21600,21900,3,3,1,1.0,1
HydraulicSystems,2,cooler_condition,SensorMeanStd Centroid,146,21900,22200,3,3,1,1.0,1
HydraulicSystems,2,cooler_condition,SensorMeanStd Centroid,148,22200,22500,3,3,1,1.0,1
HydraulicSystems,2,cooler_condition,SensorMeanStd Centroid,151,22650,22950,3,3,1,1.0,1
HydraulicSystems,2,cooler_condition,SensorMeanStd Centroid,152,22800,23100,3,3,1,1.0,1
HydraulicSystems,2,cooler_condition,SensorMeanStd Centroid,153,22950,23250,3,3,1,1.0,1
HydraulicSystems,2,cooler_condition,SensorMeanStd Centroid,154,23100,23400,3,3,1,1.0,1
HydraulicSystems,2,cooler_condition,SensorMeanStd Centroid,156,23400,23700,3,3,1,1.0,1
HydraulicSystems,2,cooler_condition,SensorMeanStd Centroid,157,23550,23850,3,3,1,1.0,1
HydraulicSystems,2,cooler_condition,SensorMeanStd Centroid,158,23700,24000,3,3,1,1.0,1
HydraulicSystems,2,cooler_condition,SensorMeanStd Centroid,162,24300,24600,3,3,1,1.0,1
HydraulicSystems,2,cooler_condition,SensorMeanStd Centroid,163,24450,24750,3,3,1,1.0,1
HydraulicSystems,2,cooler_condition,SensorMeanStd Centroid,164,24600,24900,3,3,1,1.0,1
HydraulicSystems,2,cooler_condition,SensorMeanStd Centroid,165,24750,25050,3,3,1,1.0,1
HydraulicSystems,2,cooler_condition,SensorMeanStd Centroid,166,24900,25200,3,3,1,1.0,1
HydraulicSystems,2,cooler_condition,SensorMeanStd Centroid,169,25350,25650,3,3,1,1.0,1
HydraulicSystems,2,cooler_condition,SensorMeanStd Centroid,170,25500,25800,3,3,1,1.0,1
HydraulicSystems,2,cooler_condition,SensorMeanStd Centroid,173,25950,26250,3,3,1,1.0,1
HydraulicSystems,2,cooler_condition,SensorMeanStd Centroid,174,26100,26400,3,3,1,1.0,1
HydraulicSystems,2,cooler_condition,SensorMeanStd Centroid,175,26250,26550,3,3,1,1.0,1
HydraulicSystems,2,cooler_condition,SensorMeanStd Centroid,179,26850,27150,3,3,1,1.0,1
HydraulicSystems,2,cooler_condition,SensorMeanStd Centroid,182,27300,27600,3,3,1,1.0,1
HydraulicSystems,2,cooler_condition,SensorMeanStd Centroid,185,27750,28050,3,3,1,1.0,1
HydraulicSystems,2,cooler_condition,SensorMeanStd Centroid,186,27900,28200,3,3,1,1.0,1
HydraulicSystems,2,cooler_condition,SensorMeanStd Centroid,189,28350,28650,3,3,1,1.0,1
HydraulicSystems,2,cooler_condition,SensorMeanStd Centroid,192,28800,29100,3,3,1,1.0,1
HydraulicSystems,2,cooler_condition,SensorMeanStd Centroid,194,29100,29400,3,3,1,1.0,1
HydraulicSystems,2,cooler_condition,SensorMeanStd Centroid,195,29250,29550,3,3,1,1.0,1
HydraulicSystems,2,cooler_condition,SensorMeanStd Centroid,198,29700,30000,3,3,1,1.0,1
HydraulicSystems,2,cooler_condition,SensorMeanStd Centroid,199,29850,30150,3,3,1,1.0,1
HydraulicSystems,2,cooler_condition,SensorMeanStd Centroid,200,30000,30300,3,3,1,1.0,1
HydraulicSystems,2,cooler_condition,SensorMeanStd Centroid,202,30300,30600,3,3,1,1.0,1
HydraulicSystems,2,cooler_condition,SensorMeanStd Centroid,206,30900,31200,3,3,1,1.0,1
HydraulicSystems,2,cooler_condition,SensorMeanStd Centroid,207,31050,31350,3,3,1,1.0,1
HydraulicSystems,2,cooler_condition,SensorMeanStd Centroid,208,31200,31500,3,3,1,1.0,1
HydraulicSystems,2,cooler_condition,SensorMeanStd Centroid,209,31350,31650,3,3,1,1.0,1
HydraulicSystems,2,cooler_condition,SensorMeanStd Centroid,210,31500,31800,3,3,1,1.0,1
HydraulicSystems,2,cooler_condition,SensorMeanStd Centroid,211,31650,31950,3,3,1,1.0,1
HydraulicSystems,2,cooler_condition,SensorMeanStd Centroid,212,31800,32100,3,3,1,1.0,1
HydraulicSystems,2,cooler_condition,SensorMeanStd Centroid,213,31950,32250,3,3,1,1.0,1
HydraulicSystems,2,cooler_condition,SensorMeanStd Centroid,214,32100,32400,3,3,1,1.0,1
HydraulicSystems,2,cooler_condition,SensorMeanStd Centroid,216,32400,32700,3,3,1,1.0,1
HydraulicSystems,2,cooler_condition,SensorMeanStd Centroid,217,32550,32850,3,3,1,1.0,1
HydraulicSystems,2,cooler_condition,SensorMeanStd Centroid,223,33450,33750,3,3,1,1.0,1
HydraulicSystems,2,cooler_condition,SensorMeanStd Centroid,225,33750,34050,3,3,1,1.0,1
HydraulicSystems,2,cooler_condition,SensorMeanStd Centroid,228,34200,34500,3,3,1,1.0,1
HydraulicSystems,2,cooler_condition,SensorMeanStd Centroid,232,34800,35100,3,3,1,1.0,1
HydraulicSystems,2,cooler_condition,SensorMeanStd Centroid,233,34950,35250,3,3,1,1.0,1
HydraulicSystems,2,cooler_condition,SensorMeanStd Centroid,235,35250,35550,3,3,1,1.0,1
HydraulicSystems,2,cooler_condition,SensorMeanStd Centroid,236,35400,35700,3,3,1,1.0,1
HydraulicSystems,2,cooler_condition,SensorMeanStd Centroid,242,36300,36600,3,3,1,1.0,1
HydraulicSystems,2,cooler_condition,SensorMeanStd Centroid,243,36450,36750,3,3,1,1.0,1
HydraulicSystems,2,cooler_condition,SensorMeanStd Centroid,244,36600,36900,3,3,1,1.0,1
HydraulicSystems,2,cooler_condition,SensorMeanStd Centroid,248,37200,37500,3,3,1,1.0,1
HydraulicSystems,2,cooler_condition,SensorMeanStd Centroid,249,37350,37650,3,3,1,1.0,1
HydraulicSystems,2,cooler_condition,SensorMeanStd Centroid,250,37500,37800,3,3,1,1.0,1
HydraulicSystems,2,cooler_condition,SensorMeanStd Centroid,255,38250,38550,3,3,1,1.0,1
HydraulicSystems,2,cooler_condition,SensorMeanStd Centroid,256,38400,38700,3,3,1,1.0,1
HydraulicSystems,2,cooler_condition,SensorMeanStd Centroid,258,38700,39000,3,3,1,1.0,1
HydraulicSystems,2,cooler_condition,SensorMeanStd Centroid,262,39300,39600,3,3,1,1.0,1
HydraulicSystems,2,cooler_condition,SensorMeanStd Centroid,270,40500,40800,3,3,1,1.0,1
HydraulicSystems,2,cooler_condition,SensorMeanStd Centroid,272,40800,41100,3,3,1,1.0,1
HydraulicSystems,2,cooler_condition,SensorMeanStd Centroid,275,41250,41550,3,3,1,1.0,1
HydraulicSystems,2,cooler_condition,SensorMeanStd Centroid,276,41400,41700,3,3,1,1.0,1
HydraulicSystems,2,cooler_condition,SensorMeanStd Centroid,277,41550,41850,3,3,1,1.0,1
HydraulicSystems,2,cooler_condition,SensorMeanStd Centroid,278,41700,42000,3,3,1,1.0,1
HydraulicSystems,2,cooler_condition,SensorMeanStd Centroid,279,41850,42150,3,3,1,1.0,1
HydraulicSystems,2,cooler_condition,SensorMeanStd Centroid,280,42000,42300,3,3,1,1.0,1
HydraulicSystems,2,cooler_condition,SensorMeanStd Centroid,282,42300,42600,3,3,1,1.0,1
HydraulicSystems,2,cooler_condition,SensorMeanStd Centroid,285,42750,43050,3,3,1,1.0,1
HydraulicSystems,2,cooler_condition,SensorMeanStd Centroid,286,42900,43200,3,3,1,1.0,1
HydraulicSystems,2,cooler_condition,SensorMeanStd Centroid,287,43050,43350,3,3,1,1.0,1
HydraulicSystems,2,cooler_condition,SensorMeanStd Centroid,288,43200,43500,3,3,1,1.0,1
HydraulicSystems,2,cooler_condition,SensorMeanStd Centroid,292,43800,44100,20,3,0,0.6,1
HydraulicSystems,2,cooler_condition,SensorMeanStd Centroid,295,44250,44550,20,20,1,1.0,1
HydraulicSystems,2,cooler_condition,SensorMeanStd Centroid,297,44550,44850,20,20,1,1.0,1
HydraulicSystems,2,cooler_condition,SensorMeanStd Centroid,299,44850,45150,20,20,1,1.0,1
HydraulicSystems,2,cooler_condition,SensorMeanStd Centroid,300,45000,45300,20,20,1,1.0,1
HydraulicSystems,2,cooler_condition,SensorMeanStd Centroid,301,45150,45450,20,20,1,1.0,0
HydraulicSystems,2,cooler_condition,SensorMeanStd Centroid,302,45300,45600,20,20,1,1.0,1
HydraulicSystems,2,cooler_condition,SensorMeanStd Centroid,303,45450,45750,20,20,1,1.0,1
HydraulicSystems,2,cooler_condition,SensorMeanStd Centroid,306,45900,46200,20,20,1,1.0,1
HydraulicSystems,2,cooler_condition,SensorMeanStd Centroid,307,46050,46350,20,20,1,1.0,0
HydraulicSystems,2,cooler_condition,SensorMeanStd Centroid,308,46200,46500,20,20,1,1.0,0
HydraulicSystems,2,cooler_condition,SensorMeanStd Centroid,309,46350,46650,20,20,1,1.0,1
HydraulicSystems,2,cooler_condition,SensorMeanStd Centroid,311,46650,46950,20,20,1,1.0,0
HydraulicSystems,2,cooler_condition,SensorMeanStd Centroid,313,46950,47250,20,20,1,1.0,0
HydraulicSystems,2,cooler_condition,SensorMeanStd Centroid,315,47250,47550,20,20,1,1.0,1
HydraulicSystems,2,cooler_condition,SensorMeanStd Centroid,318,47700,48000,20,20,1,1.0,1
HydraulicSystems,2,cooler_condition,SensorMeanStd Centroid,320,48000,48300,20,20,1,1.0,0
HydraulicSystems,2,cooler_condition,SensorMeanStd Centroid,321,48150,48450,20,20,1,1.0,0
HydraulicSystems,2,cooler_condition,SensorMeanStd Centroid,322,48300,48600,20,20,1,1.0,0
HydraulicSystems,2,cooler_condition,SensorMeanStd Centroid,323,48450,48750,20,20,1,1.0,0
HydraulicSystems,2,cooler_condition,SensorMeanStd Centroid,324,48600,48900,20,20,1,1.0,0
HydraulicSystems,2,cooler_condition,SensorMeanStd Centroid,325,48750,49050,20,20,1,1.0,0
HydraulicSystems,2,cooler_condition,SensorMeanStd Centroid,328,49200,49500,20,20,1,1.0,0
HydraulicSystems,2,cooler_condition,SensorMeanStd Centroid,330,49500,49800,20,20,1,1.0,0
HydraulicSystems,2,cooler_condition,SensorMeanStd Centroid,331,49650,49950,20,20,1,1.0,0
HydraulicSystems,2,cooler_condition,SensorMeanStd Centroid,332,49800,50100,20,20,1,1.0,0
HydraulicSystems,2,cooler_condition,SensorMeanStd Centroid,333,49950,50250,20,20,1,1.0,0
HydraulicSystems,2,cooler_condition,SensorMeanStd Centroid,337,50550,50850,20,20,1,1.0,0
HydraulicSystems,2,cooler_condition,SensorMeanStd Centroid,338,50700,51000,20,20,1,1.0,0
HydraulicSystems,2,cooler_condition,SensorMeanStd Centroid,339,50850,51150,20,20,1,1.0,0
HydraulicSystems,2,cooler_condition,SensorMeanStd Centroid,341,51150,51450,20,20,1,1.0,0
HydraulicSystems,2,cooler_condition,SensorMeanStd Centroid,342,51300,51600,20,20,1,1.0,0
HydraulicSystems,2,cooler_condition,SensorMeanStd Centroid,346,51900,52200,20,20,1,1.0,1
HydraulicSystems,2,cooler_condition,SensorMeanStd Centroid,347,52050,52350,20,20,1,1.0,0
HydraulicSystems,2,cooler_condition,SensorMeanStd Centroid,348,52200,52500,20,20,1,1.0,1
HydraulicSystems,2,cooler_condition,SensorMeanStd Centroid,351,52650,52950,20,20,1,1.0,0
HydraulicSystems,2,cooler_condition,SensorMeanStd Centroid,354,53100,53400,20,20,1,1.0,0
HydraulicSystems,2,cooler_condition,SensorMeanStd Centroid,356,53400,53700,20,20,1,1.0,0
HydraulicSystems,2,cooler_condition,SensorMeanStd Centroid,357,53550,53850,20,20,1,1.0,0
HydraulicSystems,2,cooler_condition,SensorMeanStd Centroid,358,53700,54000,20,20,1,1.0,0
HydraulicSystems,2,cooler_condition,SensorMeanStd Centroid,362,54300,54600,20,20,1,1.0,0
HydraulicSystems,2,cooler_condition,SensorMeanStd Centroid,363,54450,54750,20,20,1,1.0,0
HydraulicSystems,2,cooler_condition,SensorMeanStd Centroid,364,54600,54900,20,20,1,1.0,0
HydraulicSystems,2,cooler_condition,SensorMeanStd Centroid,366,54900,55200,20,20,1,1.0,0
HydraulicSystems,2,cooler_condition,SensorMeanStd Centroid,367,55050,55350,20,20,1,1.0,0
HydraulicSystems,2,cooler_condition,SensorMeanStd Centroid,369,55350,55650,20,20,1,1.0,0
HydraulicSystems,2,cooler_condition,SensorMeanStd Centroid,370,55500,55800,20,20,1,1.0,0
HydraulicSystems,2,cooler_condition,SensorMeanStd Centroid,371,55650,55950,20,20,1,1.0,0
HydraulicSystems,2,cooler_condition,SensorMeanStd Centroid,372,55800,56100,20,20,1,1.0,1
HydraulicSystems,2,cooler_condition,SensorMeanStd Centroid,373,55950,56250,20,20,1,1.0,1
HydraulicSystems,2,cooler_condition,SensorMeanStd Centroid,376,56400,56700,20,20,1,1.0,0
HydraulicSystems,2,cooler_condition,SensorMeanStd Centroid,380,57000,57300,20,20,1,1.0,0
HydraulicSystems,2,cooler_condition,SensorMeanStd Centroid,383,57450,57750,20,20,1,1.0,0
HydraulicSystems,2,cooler_condition,SensorMeanStd Centroid,384,57600,57900,20,20,1,1.0,0
HydraulicSystems,2,cooler_condition,SensorMeanStd Centroid,385,57750,58050,20,20,1,1.0,0
HydraulicSystems,2,cooler_condition,SensorMeanStd Centroid,388,58200,58500,20,20,1,1.0,0
HydraulicSystems,2,cooler_condition,SensorMeanStd Centroid,392,58800,59100,20,20,1,1.0,0
HydraulicSystems,2,cooler_condition,SensorMeanStd Centroid,396,59400,59700,20,20,1,1.0,0
HydraulicSystems,2,cooler_condition,SensorMeanStd Centroid,398,59700,60000,20,20,1,1.0,0
HydraulicSystems,2,cooler_condition,SensorMeanStd Centroid,402,60300,60600,20,20,1,1.0,0
HydraulicSystems,2,cooler_condition,SensorMeanStd Centroid,407,61050,61350,20,20,1,1.0,0
HydraulicSystems,2,cooler_condition,SensorMeanStd Centroid,408,61200,61500,20,20,1,1.0,0
HydraulicSystems,2,cooler_condition,SensorMeanStd Centroid,410,61500,61800,20,20,1,1.0,0
HydraulicSystems,2,cooler_condition,SensorMeanStd Centroid,411,61650,61950,20,20,1,1.0,0
HydraulicSystems,2,cooler_condition,SensorMeanStd Centroid,416,62400,62700,20,20,1,1.0,0
HydraulicSystems,2,cooler_condition,SensorMeanStd Centroid,417,62550,62850,20,20,1,1.0,0
HydraulicSystems,2,cooler_condition,SensorMeanStd Centroid,420,63000,63300,20,20,1,1.0,0
HydraulicSystems,2,cooler_condition,SensorMeanStd Centroid,422,63300,63600,20,20,1,1.0,0
HydraulicSystems,2,cooler_condition,SensorMeanStd Centroid,423,63450,63750,20,20,1,1.0,0
HydraulicSystems,2,cooler_condition,SensorMeanStd Centroid,424,63600,63900,20,20,1,1.0,0
HydraulicSystems,2,cooler_condition,SensorMeanStd Centroid,425,63750,64050,20,20,1,1.0,1
HydraulicSystems,2,cooler_condition,SensorMeanStd Centroid,426,63900,64200,20,20,1,1.0,0
HydraulicSystems,2,cooler_condition,SensorMeanStd Centroid,428,64200,64500,20,20,1,1.0,0
HydraulicSystems,2,cooler_condition,SensorMeanStd Centroid,430,64500,64800,20,20,1,1.0,0
HydraulicSystems,2,cooler_condition,SensorMeanStd Centroid,431,64650,64950,20,20,1,1.0,0
HydraulicSystems,2,cooler_condition,SensorMeanStd Centroid,432,64800,65100,20,20,1,1.0,0
HydraulicSystems,2,cooler_condition,SensorMeanStd Centroid,433,64950,65250,20,20,1,1.0,0
HydraulicSystems,2,cooler_condition,SensorMeanStd Centroid,436,65400,65700,20,20,1,1.0,0
HydraulicSystems,2,cooler_condition,SensorMeanStd Centroid,437,65550,65850,20,20,1,1.0,0
HydraulicSystems,2,cooler_condition,SensorMeanStd Centroid,445,66750,67050,20,20,1,1.0,0
HydraulicSystems,2,cooler_condition,SensorMeanStd Centroid,446,66900,67200,20,20,1,1.0,0
HydraulicSystems,2,cooler_condition,SensorMeanStd Centroid,448,67200,67500,20,20,1,1.0,0
HydraulicSystems,2,cooler_condition,SensorMeanStd Centroid,455,68250,68550,20,20,1,1.0,0
HydraulicSystems,2,cooler_condition,SensorMeanStd Centroid,456,68400,68700,20,20,1,1.0,0
HydraulicSystems,2,cooler_condition,SensorMeanStd Centroid,457,68550,68850,20,20,1,1.0,0
HydraulicSystems,2,cooler_condition,SensorMeanStd Centroid,458,68700,69000,20,20,1,1.0,0
HydraulicSystems,2,cooler_condition,SensorMeanStd Centroid,460,69000,69300,20,20,1,1.0,0
HydraulicSystems,2,cooler_condition,SensorMeanStd Centroid,461,69150,69450,20,20,1,1.0,0
HydraulicSystems,2,cooler_condition,SensorMeanStd Centroid,462,69300,69600,20,20,1,1.0,0
HydraulicSystems,2,cooler_condition,SensorMeanStd Centroid,463,69450,69750,20,20,1,1.0,0
HydraulicSystems,2,cooler_condition,SensorMeanStd Centroid,464,69600,69900,20,20,1,1.0,0
HydraulicSystems,2,cooler_condition,SensorMeanStd Centroid,466,69900,70200,20,20,1,1.0,0
HydraulicSystems,2,cooler_condition,SensorMeanStd Centroid,469,70350,70650,20,20,1,1.0,1
HydraulicSystems,2,cooler_condition,SensorMeanStd Centroid,472,70800,71100,20,20,1,1.0,0
HydraulicSystems,2,cooler_condition,SensorMeanStd Centroid,474,71100,71400,20,20,1,1.0,0
HydraulicSystems,2,cooler_condition,SensorMeanStd Centroid,477,71550,71850,20,20,1,1.0,0
HydraulicSystems,2,cooler_condition,SensorMeanStd Centroid,478,71700,72000,20,20,1,1.0,0
HydraulicSystems,2,cooler_condition,SensorMeanStd Centroid,479,71850,72150,20,20,1,1.0,0
HydraulicSystems,2,cooler_condition,SensorMeanStd Centroid,481,72150,72450,20,20,1,1.0,0
HydraulicSystems,2,cooler_condition,SensorMeanStd Centroid,485,72750,73050,20,20,1,1.0,0
HydraulicSystems,2,cooler_condition,SensorMeanStd Centroid,486,72900,73200,20,20,1,1.0,0
HydraulicSystems,2,cooler_condition,SensorMeanStd Centroid,488,73200,73500,20,20,1,1.0,0
HydraulicSystems,2,cooler_condition,SensorMeanStd Centroid,491,73650,73950,20,20,1,1.0,0
HydraulicSystems,2,cooler_condition,SensorMeanStd Centroid,492,73800,74100,20,20,1,1.0,0
HydraulicSystems,2,cooler_condition,SensorMeanStd Centroid,496,74400,74700,20,20,1,1.0,0
HydraulicSystems,2,cooler_condition,SensorMeanStd Centroid,498,74700,75000,20,20,1,1.0,0
HydraulicSystems,2,cooler_condition,SensorMeanStd Centroid,500,75000,75300,20,20,1,1.0,0
HydraulicSystems,2,cooler_condition,SensorMeanStd Centroid,502,75300,75600,20,20,1,1.0,0
HydraulicSystems,2,cooler_condition,SensorMeanStd Centroid,503,75450,75750,20,20,1,1.0,0
HydraulicSystems,2,cooler_condition,SensorMeanStd Centroid,504,75600,75900,20,20,1,1.0,0
HydraulicSystems,2,cooler_condition,SensorMeanStd Centroid,507,76050,76350,20,20,1,1.0,0
HydraulicSystems,2,cooler_condition,SensorMeanStd Centroid,508,76200,76500,20,20,1,1.0,0
HydraulicSystems,2,cooler_condition,SensorMeanStd Centroid,509,76350,76650,20,20,1,1.0,0
HydraulicSystems,2,cooler_condition,SensorMeanStd Centroid,510,76500,76800,20,20,1,1.0,0
HydraulicSystems,2,cooler_condition,SensorMeanStd Centroid,511,76650,76950,20,20,1,1.0,0
HydraulicSystems,2,cooler_condition,SensorMeanStd Centroid,512,76800,77100,20,20,1,1.0,0
HydraulicSystems,2,cooler_condition,SensorMeanStd Centroid,514,77100,77400,20,20,1,1.0,0
HydraulicSystems,2,cooler_condition,SensorMeanStd Centroid,516,77400,77700,20,20,1,1.0,0
HydraulicSystems,2,cooler_condition,SensorMeanStd Centroid,519,77850,78150,20,20,1,1.0,0
HydraulicSystems,2,cooler_condition,SensorMeanStd Centroid,522,78300,78600,20,20,1,1.0,0
HydraulicSystems,2,cooler_condition,SensorMeanStd Centroid,523,78450,78750,20,20,1,1.0,0
HydraulicSystems,2,cooler_condition,SensorMeanStd Centroid,526,78900,79200,20,20,1,1.0,0
HydraulicSystems,2,cooler_condition,SensorMeanStd Centroid,527,79050,79350,20,20,1,1.0,0
HydraulicSystems,2,cooler_condition,SensorMeanStd Centroid,528,79200,79500,20,20,1,1.0,0
HydraulicSystems,2,cooler_condition,SensorMeanStd Centroid,533,79950,80250,20,20,1,1.0,0
HydraulicSystems,2,cooler_condition,SensorMeanStd Centroid,536,80400,80700,20,20,1,1.0,0
HydraulicSystems,2,cooler_condition,SensorMeanStd Centroid,537,80550,80850,20,20,1,1.0,0
HydraulicSystems,2,cooler_condition,SensorMeanStd Centroid,540,81000,81300,20,20,1,1.0,0
HydraulicSystems,2,cooler_condition,SensorMeanStd Centroid,541,81150,81450,20,20,1,1.0,0
HydraulicSystems,2,cooler_condition,SensorMeanStd Centroid,542,81300,81600,20,20,1,1.0,0
HydraulicSystems,2,cooler_condition,SensorMeanStd Centroid,546,81900,82200,20,20,1,1.0,0
HydraulicSystems,2,cooler_condition,SensorMeanStd Centroid,547,82050,82350,20,20,1,1.0,0
HydraulicSystems,2,cooler_condition,SensorMeanStd Centroid,551,82650,82950,20,20,1,1.0,0
HydraulicSystems,2,cooler_condition,SensorMeanStd Centroid,552,82800,83100,20,20,1,1.0,0
HydraulicSystems,2,cooler_condition,SensorMeanStd Centroid,553,82950,83250,20,20,1,1.0,0
HydraulicSystems,2,cooler_condition,SensorMeanStd Centroid,555,83250,83550,20,20,1,1.0,0
HydraulicSystems,2,cooler_condition,SensorMeanStd Centroid,557,83550,83850,20,20,1,1.0,0
HydraulicSystems,2,cooler_condition,SensorMeanStd Centroid,561,84150,84450,20,20,1,1.0,0
HydraulicSystems,2,cooler_condition,SensorMeanStd Centroid,564,84600,84900,20,20,1,1.0,0
HydraulicSystems,2,cooler_condition,SensorMeanStd Centroid,565,84750,85050,20,20,1,1.0,0
HydraulicSystems,2,cooler_condition,SensorMeanStd Centroid,566,84900,85200,20,20,1,1.0,0
HydraulicSystems,2,cooler_condition,SensorMeanStd Centroid,567,85050,85350,20,20,1,1.0,0
HydraulicSystems,2,cooler_condition,SensorMeanStd Centroid,568,85200,85500,20,20,1,1.0,1
HydraulicSystems,2,cooler_condition,SensorMeanStd Centroid,574,86100,86400,20,20,1,1.0,0
HydraulicSystems,2,cooler_condition,SensorMeanStd Centroid,581,87150,87450,20,20,1,1.0,0
HydraulicSystems,2,cooler_condition,SensorMeanStd Centroid,584,87600,87900,20,3,0,0.8,1
HydraulicSystems,2,cooler_condition,SensorMeanStd Centroid,585,87750,88050,100,3,0,0.7,1
HydraulicSystems,2,cooler_condition,SensorMeanStd Centroid,587,88050,88350,100,20,0,1.0,1
HydraulicSystems,2,cooler_condition,SensorMeanStd Centroid,589,88350,88650,100,100,1,1.0,1
HydraulicSystems,2,cooler_condition,SensorMeanStd Centroid,590,88500,88800,100,100,1,1.0,0
HydraulicSystems,2,cooler_condition,SensorMeanStd Centroid,595,89250,89550,100,100,1,1.0,0
HydraulicSystems,2,cooler_condition,SensorMeanStd Centroid,596,89400,89700,100,100,1,1.0,0
HydraulicSystems,2,cooler_condition,SensorMeanStd Centroid,598,89700,90000,100,100,1,1.0,0
HydraulicSystems,2,cooler_condition,SensorMeanStd Centroid,599,89850,90150,100,100,1,1.0,0
HydraulicSystems,2,cooler_condition,SensorMeanStd Centroid,600,90000,90300,100,100,1,1.0,0
HydraulicSystems,2,cooler_condition,SensorMeanStd Centroid,602,90300,90600,100,100,1,1.0,0
HydraulicSystems,2,cooler_condition,SensorMeanStd Centroid,607,91050,91350,100,100,1,1.0,0
HydraulicSystems,2,cooler_condition,SensorMeanStd Centroid,608,91200,91500,100,100,1,1.0,0
HydraulicSystems,2,cooler_condition,SensorMeanStd Centroid,611,91650,91950,100,100,1,1.0,0
HydraulicSystems,2,cooler_condition,SensorMeanStd Centroid,612,91800,92100,100,100,1,1.0,0
HydraulicSystems,2,cooler_condition,SensorMeanStd Centroid,616,92400,92700,100,100,1,1.0,0
HydraulicSystems,2,cooler_condition,SensorMeanStd Centroid,617,92550,92850,100,100,1,1.0,0
HydraulicSystems,2,cooler_condition,SensorMeanStd Centroid,620,93000,93300,100,100,1,1.0,0
HydraulicSystems,2,cooler_condition,SensorMeanStd Centroid,621,93150,93450,100,100,1,1.0,0
HydraulicSystems,2,cooler_condition,SensorMeanStd Centroid,623,93450,93750,100,100,1,1.0,0
HydraulicSystems,2,cooler_condition,SensorMeanStd Centroid,624,93600,93900,100,100,1,1.0,0
HydraulicSystems,2,cooler_condition,SensorMeanStd Centroid,627,94050,94350,100,100,1,1.0,0
HydraulicSystems,2,cooler_condition,SensorMeanStd Centroid,630,94500,94800,100,100,1,1.0,0
HydraulicSystems,2,cooler_condition,SensorMeanStd Centroid,632,94800,95100,100,100,1,1.0,0
HydraulicSystems,2,cooler_condition,SensorMeanStd Centroid,633,94950,95250,100,100,1,1.0,0
HydraulicSystems,2,cooler_condition,SensorMeanStd Centroid,635,95250,95550,100,100,1,1.0,0
HydraulicSystems,2,cooler_condition,SensorMeanStd Centroid,637,95550,95850,100,100,1,1.0,0
HydraulicSystems,2,cooler_condition,SensorMeanStd Centroid,638,95700,96000,100,100,1,1.0,0
HydraulicSystems,2,cooler_condition,SensorMeanStd Centroid,644,96600,96900,100,100,1,1.0,0
HydraulicSystems,2,cooler_condition,SensorMeanStd Centroid,646,96900,97200,100,100,1,1.0,0
HydraulicSystems,2,cooler_condition,SensorMeanStd Centroid,651,97650,97950,100,100,1,1.0,0
HydraulicSystems,2,cooler_condition,SensorMeanStd Centroid,652,97800,98100,100,100,1,1.0,0
HydraulicSystems,2,cooler_condition,SensorMeanStd Centroid,654,98100,98400,100,100,1,1.0,0
HydraulicSystems,2,cooler_condition,SensorMeanStd Centroid,656,98400,98700,100,100,1,1.0,0
HydraulicSystems,2,cooler_condition,SensorMeanStd Centroid,659,98850,99150,100,100,1,1.0,0
HydraulicSystems,2,cooler_condition,SensorMeanStd Centroid,660,99000,99300,100,100,1,1.0,0
HydraulicSystems,2,cooler_condition,SensorMeanStd Centroid,663,99450,99750,100,100,1,1.0,0
HydraulicSystems,2,cooler_condition,SensorMeanStd Centroid,665,99750,100050,100,100,1,1.0,0
HydraulicSystems,2,cooler_condition,SensorMeanStd Centroid,666,99900,100200,100,100,1,1.0,0
HydraulicSystems,2,cooler_condition,SensorMeanStd Centroid,667,100050,100350,100,100,1,1.0,0
HydraulicSystems,2,cooler_condition,SensorMeanStd Centroid,671,100650,100950,100,100,1,1.0,0
HydraulicSystems,2,cooler_condition,SensorMeanStd Centroid,674,101100,101400,100,100,1,1.0,0
HydraulicSystems,2,cooler_condition,SensorMeanStd Centroid,678,101700,102000,100,100,1,1.0,0
HydraulicSystems,2,cooler_condition,SensorMeanStd Centroid,679,101850,102150,100,100,1,1.0,0
HydraulicSystems,2,cooler_condition,SensorMeanStd Centroid,682,102300,102600,100,100,1,1.0,0
HydraulicSystems,2,cooler_condition,SensorMeanStd Centroid,683,102450,102750,100,100,1,1.0,0
HydraulicSystems,2,cooler_condition,SensorMeanStd Centroid,685,102750,103050,100,100,1,1.0,0
HydraulicSystems,2,cooler_condition,SensorMeanStd Centroid,689,103350,103650,100,100,1,1.0,0
HydraulicSystems,2,cooler_condition,SensorMeanStd Centroid,692,103800,104100,100,100,1,1.0,0
HydraulicSystems,2,cooler_condition,SensorMeanStd Centroid,693,103950,104250,100,100,1,1.0,0
HydraulicSystems,2,cooler_condition,SensorMeanStd Centroid,695,104250,104550,100,100,1,1.0,0
HydraulicSystems,2,cooler_condition,SensorMeanStd Centroid,696,104400,104700,100,100,1,1.0,0
HydraulicSystems,2,cooler_condition,SensorMeanStd Centroid,697,104550,104850,100,100,1,1.0,0
HydraulicSystems,2,cooler_condition,SensorMeanStd Centroid,698,104700,105000,100,100,1,1.0,0
HydraulicSystems,2,cooler_condition,SensorMeanStd Centroid,699,104850,105150,100,100,1,1.0,0
HydraulicSystems,2,cooler_condition,SensorMeanStd Centroid,700,105000,105300,100,100,1,1.0,0
HydraulicSystems,2,cooler_condition,SensorMeanStd Centroid,701,105150,105450,100,100,1,1.0,0
HydraulicSystems,2,cooler_condition,SensorMeanStd Centroid,703,105450,105750,100,100,1,1.0,0
HydraulicSystems,2,cooler_condition,SensorMeanStd Centroid,705,105750,106050,100,100,1,1.0,0
HydraulicSystems,2,cooler_condition,SensorMeanStd Centroid,708,106200,106500,100,100,1,1.0,0
HydraulicSystems,2,cooler_condition,SensorMeanStd Centroid,710,106500,106800,100,100,1,1.0,0
HydraulicSystems,2,cooler_condition,SensorMeanStd Centroid,711,106650,106950,100,100,1,1.0,0
HydraulicSystems,2,cooler_condition,SensorMeanStd Centroid,712,106800,107100,100,100,1,1.0,0
HydraulicSystems,2,cooler_condition,SensorMeanStd Centroid,714,107100,107400,100,100,1,1.0,0
HydraulicSystems,2,cooler_condition,SensorMeanStd Centroid,715,107250,107550,100,100,1,1.0,0
HydraulicSystems,2,cooler_condition,SensorMeanStd Centroid,717,107550,107850,100,100,1,1.0,0
HydraulicSystems,2,cooler_condition,SensorMeanStd Centroid,719,107850,108150,100,100,1,1.0,0
HydraulicSystems,2,cooler_condition,SensorMeanStd Centroid,720,108000,108300,100,100,1,1.0,0
HydraulicSystems,2,cooler_condition,SensorMeanStd Centroid,721,108150,108450,100,100,1,1.0,0
HydraulicSystems,2,cooler_condition,SensorMeanStd Centroid,723,108450,108750,100,100,1,1.0,0
HydraulicSystems,2,cooler_condition,SensorMeanStd Centroid,724,108600,108900,100,100,1,1.0,0
HydraulicSystems,2,cooler_condition,SensorMeanStd Centroid,725,108750,109050,100,100,1,1.0,0
HydraulicSystems,2,cooler_condition,SensorMeanStd Centroid,726,108900,109200,100,100,1,1.0,0
HydraulicSystems,2,cooler_condition,SensorMeanStd Centroid,727,109050,109350,100,100,1,1.0,0
HydraulicSystems,2,cooler_condition,SensorMeanStd Centroid,728,109200,109500,100,100,1,1.0,0
HydraulicSystems,2,cooler_condition,SensorMeanStd Centroid,729,109350,109650,100,100,1,1.0,0
HydraulicSystems,2,cooler_condition,SensorMeanStd Centroid,731,109650,109950,100,100,1,1.0,0
HydraulicSystems,2,cooler_condition,SensorMeanStd Centroid,733,109950,110250,100,100,1,1.0,0
HydraulicSystems,2,cooler_condition,SensorMeanStd Centroid,735,110250,110550,100,100,1,1.0,0
HydraulicSystems,2,cooler_condition,SensorMeanStd Centroid,736,110400,110700,100,100,1,1.0,0
HydraulicSystems,2,cooler_condition,SensorMeanStd Centroid,739,110850,111150,100,100,1,1.0,0
HydraulicSystems,2,cooler_condition,SensorMeanStd Centroid,740,111000,111300,100,100,1,1.0,0
HydraulicSystems,2,cooler_condition,SensorMeanStd Centroid,742,111300,111600,100,100,1,1.0,0
HydraulicSystems,2,cooler_condition,SensorMeanStd Centroid,746,111900,112200,100,100,1,1.0,0
HydraulicSystems,2,cooler_condition,SensorMeanStd Centroid,749,112350,112650,100,100,1,1.0,0
HydraulicSystems,2,cooler_condition,SensorMeanStd Centroid,750,112500,112800,100,100,1,1.0,0
HydraulicSystems,2,cooler_condition,SensorMeanStd Centroid,753,112950,113250,100,100,1,1.0,0
HydraulicSystems,2,cooler_condition,SensorMeanStd Centroid,756,113400,113700,100,100,1,1.0,0
HydraulicSystems,2,cooler_condition,SensorMeanStd Centroid,758,113700,114000,100,100,1,1.0,0
HydraulicSystems,2,cooler_condition,SensorMeanStd Centroid,759,113850,114150,100,100,1,1.0,0
HydraulicSystems,2,cooler_condition,SensorMeanStd Centroid,760,114000,114300,100,100,1,1.0,0
HydraulicSystems,2,cooler_condition,SensorMeanStd Centroid,761,114150,114450,100,100,1,1.0,0
HydraulicSystems,2,cooler_condition,SensorMeanStd Centroid,762,114300,114600,100,100,1,1.0,0
HydraulicSystems,2,cooler_condition,SensorMeanStd Centroid,764,114600,114900,100,100,1,1.0,0
HydraulicSystems,2,cooler_condition,SensorMeanStd Centroid,766,114900,115200,100,100,1,1.0,0
HydraulicSystems,2,cooler_condition,SensorMeanStd Centroid,767,115050,115350,100,100,1,1.0,0
HydraulicSystems,2,cooler_condition,SensorMeanStd Centroid,768,115200,115500,100,100,1,1.0,0
HydraulicSystems,2,cooler_condition,SensorMeanStd Centroid,769,115350,115650,100,100,1,1.0,0
HydraulicSystems,2,cooler_condition,SensorMeanStd Centroid,776,116400,116700,100,100,1,1.0,0
HydraulicSystems,2,cooler_condition,SensorMeanStd Centroid,781,117150,117450,100,100,1,1.0,0
HydraulicSystems,2,cooler_condition,SensorMeanStd Centroid,782,117300,117600,100,100,1,1.0,0
HydraulicSystems,2,cooler_condition,SensorMeanStd Centroid,783,117450,117750,100,100,1,1.0,0
HydraulicSystems,2,cooler_condition,SensorMeanStd Centroid,785,117750,118050,100,100,1,1.0,0
HydraulicSystems,2,cooler_condition,SensorMeanStd Centroid,789,118350,118650,100,100,1,1.0,0
HydraulicSystems,2,cooler_condition,SensorMeanStd Centroid,794,119100,119400,100,100,1,1.0,0
HydraulicSystems,2,cooler_condition,SensorMeanStd Centroid,795,119250,119550,100,100,1,1.0,0
HydraulicSystems,2,cooler_condition,SensorMeanStd Centroid,797,119550,119850,100,100,1,1.0,0
HydraulicSystems,2,cooler_condition,SensorMeanStd Centroid,801,120150,120450,100,100,1,1.0,0
HydraulicSystems,2,cooler_condition,SensorMeanStd Centroid,802,120300,120600,100,100,1,1.0,0
HydraulicSystems,2,cooler_condition,SensorMeanStd Centroid,803,120450,120750,100,100,1,1.0,0
HydraulicSystems,2,cooler_condition,SensorMeanStd Centroid,807,121050,121350,100,100,1,1.0,0
HydraulicSystems,2,cooler_condition,SensorMeanStd Centroid,810,121500,121800,100,100,1,1.0,0
HydraulicSystems,2,cooler_condition,SensorMeanStd Centroid,811,121650,121950,100,100,1,1.0,0
HydraulicSystems,2,cooler_condition,SensorMeanStd Centroid,814,122100,122400,100,100,1,1.0,0
HydraulicSystems,2,cooler_condition,SensorMeanStd Centroid,815,122250,122550,100,100,1,1.0,0
HydraulicSystems,2,cooler_condition,SensorMeanStd Centroid,817,122550,122850,100,100,1,1.0,0
HydraulicSystems,2,cooler_condition,SensorMeanStd Centroid,820,123000,123300,100,100,1,1.0,0
HydraulicSystems,2,cooler_condition,SensorMeanStd Centroid,822,123300,123600,100,100,1,1.0,0
HydraulicSystems,2,cooler_condition,SensorMeanStd Centroid,823,123450,123750,100,100,1,1.0,0
HydraulicSystems,2,cooler_condition,SensorMeanStd Centroid,825,123750,124050,100,100,1,1.0,0
HydraulicSystems,2,cooler_condition,SensorMeanStd Centroid,827,124050,124350,100,100,1,1.0,0
HydraulicSystems,2,cooler_condition,SensorMeanStd Centroid,829,124350,124650,100,100,1,1.0,0
HydraulicSystems,2,cooler_condition,SensorMeanStd Centroid,830,124500,124800,100,100,1,1.0,0
HydraulicSystems,2,cooler_condition,SensorMeanStd Centroid,831,124650,124950,100,100,1,1.0,0
HydraulicSystems,2,cooler_condition,SensorMeanStd Centroid,833,124950,125250,100,100,1,1.0,0
HydraulicSystems,2,cooler_condition,SensorMeanStd Centroid,834,125100,125400,100,100,1,1.0,0
HydraulicSystems,2,cooler_condition,SensorMeanStd Centroid,837,125550,125850,100,100,1,1.0,0
HydraulicSystems,2,cooler_condition,SensorMeanStd Centroid,839,125850,126150,100,100,1,1.0,0
HydraulicSystems,2,cooler_condition,SensorMeanStd Centroid,840,126000,126300,100,100,1,1.0,0
HydraulicSystems,2,cooler_condition,SensorMeanStd Centroid,843,126450,126750,100,100,1,1.0,0
HydraulicSystems,2,cooler_condition,SensorMeanStd Centroid,844,126600,126900,100,100,1,1.0,0
HydraulicSystems,2,cooler_condition,SensorMeanStd Centroid,846,126900,127200,100,100,1,1.0,0
HydraulicSystems,2,cooler_condition,SensorMeanStd Centroid,847,127050,127350,100,100,1,1.0,0
HydraulicSystems,2,cooler_condition,SensorMeanStd Centroid,848,127200,127500,100,100,1,1.0,0
HydraulicSystems,2,cooler_condition,SensorMeanStd Centroid,850,127500,127800,100,100,1,1.0,0
HydraulicSystems,2,cooler_condition,SensorMeanStd Centroid,853,127950,128250,100,100,1,1.0,0
HydraulicSystems,2,cooler_condition,SensorMeanStd Centroid,854,128100,128400,100,100,1,1.0,0
HydraulicSystems,2,cooler_condition,SensorMeanStd Centroid,855,128250,128550,100,100,1,1.0,0
HydraulicSystems,2,cooler_condition,SensorMeanStd Centroid,859,128850,129150,100,100,1,1.0,0
HydraulicSystems,2,cooler_condition,SensorMeanStd Centroid,860,129000,129300,100,100,1,1.0,0
HydraulicSystems,2,cooler_condition,SensorMeanStd Centroid,861,129150,129450,100,100,1,1.0,0
HydraulicSystems,2,cooler_condition,SensorMeanStd Centroid,862,129300,129600,100,100,1,1.0,0
HydraulicSystems,2,cooler_condition,SensorMeanStd Centroid,866,129900,130200,100,100,1,1.0,0
HydraulicSystems,2,cooler_condition,SensorMeanStd Centroid,867,130050,130350,100,100,1,1.0,0
HydraulicSystems,2,cooler_condition,SensorMeanStd Centroid,868,130200,130500,100,100,1,1.0,0
HydraulicSystems,2,cooler_condition,SensorMeanStd Centroid,869,130350,130650,100,100,1,1.0,0
HydraulicSystems,2,cooler_condition,SensorMeanStd Centroid,870,130500,130800,100,100,1,1.0,0
HydraulicSystems,2,cooler_condition,SensorMeanStd Centroid,874,131100,131400,100,100,1,1.0,0
HydraulicSystems,2,cooler_condition,SensorMeanStd Centroid,880,132000,132300,100,100,1,1.0,0
HydraulicSystems,2,cooler_condition,GraphFeature Centroid,0,0,300,3,3,1,1.0,1
HydraulicSystems,2,cooler_condition,GraphFeature Centroid,1,150,450,3,3,1,1.0,1
HydraulicSystems,2,cooler_condition,GraphFeature Centroid,4,600,900,3,3,1,1.0,1
HydraulicSystems,2,cooler_condition,GraphFeature Centroid,5,750,1050,3,20,0,1.0,1
HydraulicSystems,2,cooler_condition,GraphFeature Centroid,7,1050,1350,3,3,1,1.0,1
HydraulicSystems,2,cooler_condition,GraphFeature Centroid,8,1200,1500,3,3,1,1.0,1
HydraulicSystems,2,cooler_condition,GraphFeature Centroid,9,1350,1650,3,3,1,1.0,1
HydraulicSystems,2,cooler_condition,GraphFeature Centroid,11,1650,1950,3,3,1,1.0,1
HydraulicSystems,2,cooler_condition,GraphFeature Centroid,13,1950,2250,3,3,1,1.0,1
HydraulicSystems,2,cooler_condition,GraphFeature Centroid,14,2100,2400,3,3,1,1.0,1
HydraulicSystems,2,cooler_condition,GraphFeature Centroid,15,2250,2550,3,3,1,1.0,1
HydraulicSystems,2,cooler_condition,GraphFeature Centroid,17,2550,2850,3,3,1,1.0,1
HydraulicSystems,2,cooler_condition,GraphFeature Centroid,20,3000,3300,3,3,1,1.0,1
HydraulicSystems,2,cooler_condition,GraphFeature Centroid,21,3150,3450,3,3,1,1.0,1
HydraulicSystems,2,cooler_condition,GraphFeature Centroid,23,3450,3750,3,3,1,1.0,1
HydraulicSystems,2,cooler_condition,GraphFeature Centroid,26,3900,4200,3,3,1,1.0,1
HydraulicSystems,2,cooler_condition,GraphFeature Centroid,27,4050,4350,3,3,1,1.0,1
HydraulicSystems,2,cooler_condition,GraphFeature Centroid,28,4200,4500,3,3,1,1.0,1
HydraulicSystems,2,cooler_condition,GraphFeature Centroid,29,4350,4650,3,3,1,1.0,1
HydraulicSystems,2,cooler_condition,GraphFeature Centroid,34,5100,5400,3,3,1,1.0,1
HydraulicSystems,2,cooler_condition,GraphFeature Centroid,35,5250,5550,3,3,1,1.0,1
HydraulicSystems,2,cooler_condition,GraphFeature Centroid,39,5850,6150,3,3,1,1.0,1
HydraulicSystems,2,cooler_condition,GraphFeature Centroid,40,6000,6300,3,3,1,1.0,1
HydraulicSystems,2,cooler_condition,GraphFeature Centroid,42,6300,6600,3,3,1,1.0,1
HydraulicSystems,2,cooler_condition,GraphFeature Centroid,44,6600,6900,3,3,1,1.0,1
HydraulicSystems,2,cooler_condition,GraphFeature Centroid,45,6750,7050,3,3,1,1.0,1
HydraulicSystems,2,cooler_condition,GraphFeature Centroid,46,6900,7200,3,3,1,1.0,1
HydraulicSystems,2,cooler_condition,GraphFeature Centroid,47,7050,7350,3,3,1,1.0,1
HydraulicSystems,2,cooler_condition,GraphFeature Centroid,52,7800,8100,3,3,1,1.0,1
HydraulicSystems,2,cooler_condition,GraphFeature Centroid,53,7950,8250,3,3,1,1.0,1
HydraulicSystems,2,cooler_condition,GraphFeature Centroid,54,8100,8400,3,3,1,1.0,1
HydraulicSystems,2,cooler_condition,GraphFeature Centroid,55,8250,8550,3,20,0,1.0,0
HydraulicSystems,2,cooler_condition,GraphFeature Centroid,56,8400,8700,3,20,0,1.0,0
HydraulicSystems,2,cooler_condition,GraphFeature Centroid,60,9000,9300,3,3,1,1.0,1
HydraulicSystems,2,cooler_condition,GraphFeature Centroid,61,9150,9450,3,3,1,1.0,1
HydraulicSystems,2,cooler_condition,GraphFeature Centroid,64,9600,9900,3,3,1,1.0,1
HydraulicSystems,2,cooler_condition,GraphFeature Centroid,65,9750,10050,3,3,1,1.0,1
HydraulicSystems,2,cooler_condition,GraphFeature Centroid,66,9900,10200,3,3,1,1.0,1
HydraulicSystems,2,cooler_condition,GraphFeature Centroid,68,10200,10500,3,3,1,1.0,1
HydraulicSystems,2,cooler_condition,GraphFeature Centroid,69,10350,10650,3,3,1,1.0,1
HydraulicSystems,2,cooler_condition,GraphFeature Centroid,72,10800,11100,3,3,1,1.0,1
HydraulicSystems,2,cooler_condition,GraphFeature Centroid,73,10950,11250,3,20,0,1.0,1
HydraulicSystems,2,cooler_condition,GraphFeature Centroid,74,11100,11400,3,3,1,1.0,1
HydraulicSystems,2,cooler_condition,GraphFeature Centroid,75,11250,11550,3,3,1,1.0,1
HydraulicSystems,2,cooler_condition,GraphFeature Centroid,77,11550,11850,3,3,1,1.0,1
HydraulicSystems,2,cooler_condition,GraphFeature Centroid,78,11700,12000,3,3,1,1.0,1
HydraulicSystems,2,cooler_condition,GraphFeature Centroid,80,12000,12300,3,3,1,1.0,1
HydraulicSystems,2,cooler_condition,GraphFeature Centroid,81,12150,12450,3,3,1,1.0,1
HydraulicSystems,2,cooler_condition,GraphFeature Centroid,87,13050,13350,3,3,1,1.0,1
HydraulicSystems,2,cooler_condition,GraphFeature Centroid,93,13950,14250,3,3,1,1.0,1
HydraulicSystems,2,cooler_condition,GraphFeature Centroid,94,14100,14400,3,3,1,1.0,1
HydraulicSystems,2,cooler_condition,GraphFeature Centroid,95,14250,14550,3,3,1,1.0,1
HydraulicSystems,2,cooler_condition,GraphFeature Centroid,96,14400,14700,3,3,1,1.0,1
HydraulicSystems,2,cooler_condition,GraphFeature Centroid,99,14850,15150,3,3,1,1.0,1
HydraulicSystems,2,cooler_condition,GraphFeature Centroid,100,15000,15300,3,3,1,1.0,1
HydraulicSystems,2,cooler_condition,GraphFeature Centroid,101,15150,15450,3,3,1,1.0,1
HydraulicSystems,2,cooler_condition,GraphFeature Centroid,104,15600,15900,3,3,1,1.0,1
HydraulicSystems,2,cooler_condition,GraphFeature Centroid,106,15900,16200,3,20,0,1.0,1
HydraulicSystems,2,cooler_condition,GraphFeature Centroid,112,16800,17100,3,3,1,1.0,1
HydraulicSystems,2,cooler_condition,GraphFeature Centroid,114,17100,17400,3,3,1,1.0,1
HydraulicSystems,2,cooler_condition,GraphFeature Centroid,116,17400,17700,3,3,1,1.0,1
HydraulicSystems,2,cooler_condition,GraphFeature Centroid,117,17550,17850,3,3,1,1.0,1
HydraulicSystems,2,cooler_condition,GraphFeature Centroid,118,17700,18000,3,3,1,1.0,1
HydraulicSystems,2,cooler_condition,GraphFeature Centroid,120,18000,18300,3,3,1,1.0,1
HydraulicSystems,2,cooler_condition,GraphFeature Centroid,121,18150,18450,3,3,1,1.0,1
HydraulicSystems,2,cooler_condition,GraphFeature Centroid,126,18900,19200,3,3,1,1.0,1
HydraulicSystems,2,cooler_condition,GraphFeature Centroid,127,19050,19350,3,3,1,1.0,1
HydraulicSystems,2,cooler_condition,GraphFeature Centroid,130,19500,19800,3,3,1,1.0,1
HydraulicSystems,2,cooler_condition,GraphFeature Centroid,133,19950,20250,3,3,1,1.0,1
HydraulicSystems,2,cooler_condition,GraphFeature Centroid,134,20100,20400,3,3,1,1.0,1
HydraulicSystems,2,cooler_condition,GraphFeature Centroid,135,20250,20550,3,3,1,1.0,1
HydraulicSystems,2,cooler_condition,GraphFeature Centroid,137,20550,20850,3,3,1,1.0,1
HydraulicSystems,2,cooler_condition,GraphFeature Centroid,142,21300,21600,3,3,1,1.0,1
HydraulicSystems,2,cooler_condition,GraphFeature Centroid,144,21600,21900,3,3,1,1.0,1
HydraulicSystems,2,cooler_condition,GraphFeature Centroid,146,21900,22200,3,3,1,1.0,1
HydraulicSystems,2,cooler_condition,GraphFeature Centroid,148,22200,22500,3,3,1,1.0,1
HydraulicSystems,2,cooler_condition,GraphFeature Centroid,151,22650,22950,3,3,1,1.0,1
HydraulicSystems,2,cooler_condition,GraphFeature Centroid,152,22800,23100,3,3,1,1.0,1
HydraulicSystems,2,cooler_condition,GraphFeature Centroid,153,22950,23250,3,3,1,1.0,1
HydraulicSystems,2,cooler_condition,GraphFeature Centroid,154,23100,23400,3,3,1,1.0,1
HydraulicSystems,2,cooler_condition,GraphFeature Centroid,156,23400,23700,3,3,1,1.0,1
HydraulicSystems,2,cooler_condition,GraphFeature Centroid,157,23550,23850,3,3,1,1.0,1
HydraulicSystems,2,cooler_condition,GraphFeature Centroid,158,23700,24000,3,3,1,1.0,1
HydraulicSystems,2,cooler_condition,GraphFeature Centroid,162,24300,24600,3,3,1,1.0,1
HydraulicSystems,2,cooler_condition,GraphFeature Centroid,163,24450,24750,3,3,1,1.0,1
HydraulicSystems,2,cooler_condition,GraphFeature Centroid,164,24600,24900,3,3,1,1.0,1
HydraulicSystems,2,cooler_condition,GraphFeature Centroid,165,24750,25050,3,3,1,1.0,1
HydraulicSystems,2,cooler_condition,GraphFeature Centroid,166,24900,25200,3,3,1,1.0,1
HydraulicSystems,2,cooler_condition,GraphFeature Centroid,169,25350,25650,3,3,1,1.0,1
HydraulicSystems,2,cooler_condition,GraphFeature Centroid,170,25500,25800,3,3,1,1.0,1
HydraulicSystems,2,cooler_condition,GraphFeature Centroid,173,25950,26250,3,3,1,1.0,1
HydraulicSystems,2,cooler_condition,GraphFeature Centroid,174,26100,26400,3,3,1,1.0,1
HydraulicSystems,2,cooler_condition,GraphFeature Centroid,175,26250,26550,3,3,1,1.0,1
HydraulicSystems,2,cooler_condition,GraphFeature Centroid,179,26850,27150,3,3,1,1.0,1
HydraulicSystems,2,cooler_condition,GraphFeature Centroid,182,27300,27600,3,3,1,1.0,1
HydraulicSystems,2,cooler_condition,GraphFeature Centroid,185,27750,28050,3,3,1,1.0,1
HydraulicSystems,2,cooler_condition,GraphFeature Centroid,186,27900,28200,3,3,1,1.0,1
HydraulicSystems,2,cooler_condition,GraphFeature Centroid,189,28350,28650,3,3,1,1.0,1
HydraulicSystems,2,cooler_condition,GraphFeature Centroid,192,28800,29100,3,3,1,1.0,1
HydraulicSystems,2,cooler_condition,GraphFeature Centroid,194,29100,29400,3,3,1,1.0,1
HydraulicSystems,2,cooler_condition,GraphFeature Centroid,195,29250,29550,3,3,1,1.0,1
HydraulicSystems,2,cooler_condition,GraphFeature Centroid,198,29700,30000,3,3,1,1.0,1
HydraulicSystems,2,cooler_condition,GraphFeature Centroid,199,29850,30150,3,3,1,1.0,1
HydraulicSystems,2,cooler_condition,GraphFeature Centroid,200,30000,30300,3,3,1,1.0,1
HydraulicSystems,2,cooler_condition,GraphFeature Centroid,202,30300,30600,3,3,1,1.0,1
HydraulicSystems,2,cooler_condition,GraphFeature Centroid,206,30900,31200,3,3,1,1.0,1
HydraulicSystems,2,cooler_condition,GraphFeature Centroid,207,31050,31350,3,3,1,1.0,1
HydraulicSystems,2,cooler_condition,GraphFeature Centroid,208,31200,31500,3,3,1,1.0,1
HydraulicSystems,2,cooler_condition,GraphFeature Centroid,209,31350,31650,3,3,1,1.0,1
HydraulicSystems,2,cooler_condition,GraphFeature Centroid,210,31500,31800,3,3,1,1.0,1
HydraulicSystems,2,cooler_condition,GraphFeature Centroid,211,31650,31950,3,3,1,1.0,1
HydraulicSystems,2,cooler_condition,GraphFeature Centroid,212,31800,32100,3,3,1,1.0,1
HydraulicSystems,2,cooler_condition,GraphFeature Centroid,213,31950,32250,3,3,1,1.0,1
HydraulicSystems,2,cooler_condition,GraphFeature Centroid,214,32100,32400,3,3,1,1.0,1
HydraulicSystems,2,cooler_condition,GraphFeature Centroid,216,32400,32700,3,3,1,1.0,1
HydraulicSystems,2,cooler_condition,GraphFeature Centroid,217,32550,32850,3,3,1,1.0,1
HydraulicSystems,2,cooler_condition,GraphFeature Centroid,223,33450,33750,3,3,1,1.0,1
HydraulicSystems,2,cooler_condition,GraphFeature Centroid,225,33750,34050,3,3,1,1.0,1
HydraulicSystems,2,cooler_condition,GraphFeature Centroid,228,34200,34500,3,3,1,1.0,1
HydraulicSystems,2,cooler_condition,GraphFeature Centroid,232,34800,35100,3,3,1,1.0,1
HydraulicSystems,2,cooler_condition,GraphFeature Centroid,233,34950,35250,3,3,1,1.0,1
HydraulicSystems,2,cooler_condition,GraphFeature Centroid,235,35250,35550,3,3,1,1.0,1
HydraulicSystems,2,cooler_condition,GraphFeature Centroid,236,35400,35700,3,3,1,1.0,1
HydraulicSystems,2,cooler_condition,GraphFeature Centroid,242,36300,36600,3,3,1,1.0,1
HydraulicSystems,2,cooler_condition,GraphFeature Centroid,243,36450,36750,3,3,1,1.0,1
HydraulicSystems,2,cooler_condition,GraphFeature Centroid,244,36600,36900,3,3,1,1.0,1
HydraulicSystems,2,cooler_condition,GraphFeature Centroid,248,37200,37500,3,3,1,1.0,1
HydraulicSystems,2,cooler_condition,GraphFeature Centroid,249,37350,37650,3,3,1,1.0,1
HydraulicSystems,2,cooler_condition,GraphFeature Centroid,250,37500,37800,3,3,1,1.0,1
HydraulicSystems,2,cooler_condition,GraphFeature Centroid,255,38250,38550,3,3,1,1.0,1
HydraulicSystems,2,cooler_condition,GraphFeature Centroid,256,38400,38700,3,3,1,1.0,1
HydraulicSystems,2,cooler_condition,GraphFeature Centroid,258,38700,39000,3,3,1,1.0,1
HydraulicSystems,2,cooler_condition,GraphFeature Centroid,262,39300,39600,3,3,1,1.0,1
HydraulicSystems,2,cooler_condition,GraphFeature Centroid,270,40500,40800,3,3,1,1.0,1
HydraulicSystems,2,cooler_condition,GraphFeature Centroid,272,40800,41100,3,3,1,1.0,1
HydraulicSystems,2,cooler_condition,GraphFeature Centroid,275,41250,41550,3,3,1,1.0,1
HydraulicSystems,2,cooler_condition,GraphFeature Centroid,276,41400,41700,3,3,1,1.0,1
HydraulicSystems,2,cooler_condition,GraphFeature Centroid,277,41550,41850,3,3,1,1.0,1
HydraulicSystems,2,cooler_condition,GraphFeature Centroid,278,41700,42000,3,3,1,1.0,1
HydraulicSystems,2,cooler_condition,GraphFeature Centroid,279,41850,42150,3,3,1,1.0,1
HydraulicSystems,2,cooler_condition,GraphFeature Centroid,280,42000,42300,3,3,1,1.0,1
HydraulicSystems,2,cooler_condition,GraphFeature Centroid,282,42300,42600,3,3,1,1.0,1
HydraulicSystems,2,cooler_condition,GraphFeature Centroid,285,42750,43050,3,3,1,1.0,1
HydraulicSystems,2,cooler_condition,GraphFeature Centroid,286,42900,43200,3,3,1,1.0,1
HydraulicSystems,2,cooler_condition,GraphFeature Centroid,287,43050,43350,3,3,1,1.0,1
HydraulicSystems,2,cooler_condition,GraphFeature Centroid,288,43200,43500,3,3,1,1.0,1
HydraulicSystems,2,cooler_condition,GraphFeature Centroid,292,43800,44100,20,3,0,0.6,1
HydraulicSystems,2,cooler_condition,GraphFeature Centroid,295,44250,44550,20,3,0,1.0,1
HydraulicSystems,2,cooler_condition,GraphFeature Centroid,297,44550,44850,20,3,0,1.0,1
HydraulicSystems,2,cooler_condition,GraphFeature Centroid,299,44850,45150,20,20,1,1.0,1
HydraulicSystems,2,cooler_condition,GraphFeature Centroid,300,45000,45300,20,3,0,1.0,1
HydraulicSystems,2,cooler_condition,GraphFeature Centroid,301,45150,45450,20,20,1,1.0,0
HydraulicSystems,2,cooler_condition,GraphFeature Centroid,302,45300,45600,20,20,1,1.0,1
HydraulicSystems,2,cooler_condition,GraphFeature Centroid,303,45450,45750,20,20,1,1.0,1
HydraulicSystems,2,cooler_condition,GraphFeature Centroid,306,45900,46200,20,20,1,1.0,1
HydraulicSystems,2,cooler_condition,GraphFeature Centroid,307,46050,46350,20,20,1,1.0,0
HydraulicSystems,2,cooler_condition,GraphFeature Centroid,308,46200,46500,20,20,1,1.0,0
HydraulicSystems,2,cooler_condition,GraphFeature Centroid,309,46350,46650,20,20,1,1.0,1
HydraulicSystems,2,cooler_condition,GraphFeature Centroid,311,46650,46950,20,20,1,1.0,0
HydraulicSystems,2,cooler_condition,GraphFeature Centroid,313,46950,47250,20,20,1,1.0,0
HydraulicSystems,2,cooler_condition,GraphFeature Centroid,315,47250,47550,20,3,0,1.0,1
HydraulicSystems,2,cooler_condition,GraphFeature Centroid,318,47700,48000,20,20,1,1.0,1
HydraulicSystems,2,cooler_condition,GraphFeature Centroid,320,48000,48300,20,20,1,1.0,0
HydraulicSystems,2,cooler_condition,GraphFeature Centroid,321,48150,48450,20,20,1,1.0,0
HydraulicSystems,2,cooler_condition,GraphFeature Centroid,322,48300,48600,20,20,1,1.0,0
HydraulicSystems,2,cooler_condition,GraphFeature Centroid,323,48450,48750,20,20,1,1.0,0
HydraulicSystems,2,cooler_condition,GraphFeature Centroid,324,48600,48900,20,20,1,1.0,0
HydraulicSystems,2,cooler_condition,GraphFeature Centroid,325,48750,49050,20,20,1,1.0,0
HydraulicSystems,2,cooler_condition,GraphFeature Centroid,328,49200,49500,20,20,1,1.0,0
HydraulicSystems,2,cooler_condition,GraphFeature Centroid,330,49500,49800,20,20,1,1.0,0
HydraulicSystems,2,cooler_condition,GraphFeature Centroid,331,49650,49950,20,20,1,1.0,0
HydraulicSystems,2,cooler_condition,GraphFeature Centroid,332,49800,50100,20,20,1,1.0,0
HydraulicSystems,2,cooler_condition,GraphFeature Centroid,333,49950,50250,20,20,1,1.0,0
HydraulicSystems,2,cooler_condition,GraphFeature Centroid,337,50550,50850,20,20,1,1.0,0
HydraulicSystems,2,cooler_condition,GraphFeature Centroid,338,50700,51000,20,20,1,1.0,0
HydraulicSystems,2,cooler_condition,GraphFeature Centroid,339,50850,51150,20,20,1,1.0,0
HydraulicSystems,2,cooler_condition,GraphFeature Centroid,341,51150,51450,20,20,1,1.0,0
HydraulicSystems,2,cooler_condition,GraphFeature Centroid,342,51300,51600,20,20,1,1.0,0
HydraulicSystems,2,cooler_condition,GraphFeature Centroid,346,51900,52200,20,20,1,1.0,1
HydraulicSystems,2,cooler_condition,GraphFeature Centroid,347,52050,52350,20,20,1,1.0,0
HydraulicSystems,2,cooler_condition,GraphFeature Centroid,348,52200,52500,20,3,0,1.0,1
HydraulicSystems,2,cooler_condition,GraphFeature Centroid,351,52650,52950,20,20,1,1.0,0
HydraulicSystems,2,cooler_condition,GraphFeature Centroid,354,53100,53400,20,20,1,1.0,0
HydraulicSystems,2,cooler_condition,GraphFeature Centroid,356,53400,53700,20,20,1,1.0,0
HydraulicSystems,2,cooler_condition,GraphFeature Centroid,357,53550,53850,20,20,1,1.0,0
HydraulicSystems,2,cooler_condition,GraphFeature Centroid,358,53700,54000,20,20,1,1.0,0
HydraulicSystems,2,cooler_condition,GraphFeature Centroid,362,54300,54600,20,20,1,1.0,0
HydraulicSystems,2,cooler_condition,GraphFeature Centroid,363,54450,54750,20,20,1,1.0,0
HydraulicSystems,2,cooler_condition,GraphFeature Centroid,364,54600,54900,20,20,1,1.0,0
HydraulicSystems,2,cooler_condition,GraphFeature Centroid,366,54900,55200,20,20,1,1.0,0
HydraulicSystems,2,cooler_condition,GraphFeature Centroid,367,55050,55350,20,20,1,1.0,0
HydraulicSystems,2,cooler_condition,GraphFeature Centroid,369,55350,55650,20,20,1,1.0,0
HydraulicSystems,2,cooler_condition,GraphFeature Centroid,370,55500,55800,20,20,1,1.0,0
HydraulicSystems,2,cooler_condition,GraphFeature Centroid,371,55650,55950,20,20,1,1.0,0
HydraulicSystems,2,cooler_condition,GraphFeature Centroid,372,55800,56100,20,20,1,1.0,1
HydraulicSystems,2,cooler_condition,GraphFeature Centroid,373,55950,56250,20,20,1,1.0,1
HydraulicSystems,2,cooler_condition,GraphFeature Centroid,376,56400,56700,20,20,1,1.0,0
HydraulicSystems,2,cooler_condition,GraphFeature Centroid,380,57000,57300,20,20,1,1.0,0
HydraulicSystems,2,cooler_condition,GraphFeature Centroid,383,57450,57750,20,20,1,1.0,0
HydraulicSystems,2,cooler_condition,GraphFeature Centroid,384,57600,57900,20,20,1,1.0,0
HydraulicSystems,2,cooler_condition,GraphFeature Centroid,385,57750,58050,20,20,1,1.0,0
HydraulicSystems,2,cooler_condition,GraphFeature Centroid,388,58200,58500,20,20,1,1.0,0
HydraulicSystems,2,cooler_condition,GraphFeature Centroid,392,58800,59100,20,20,1,1.0,0
HydraulicSystems,2,cooler_condition,GraphFeature Centroid,396,59400,59700,20,20,1,1.0,0
HydraulicSystems,2,cooler_condition,GraphFeature Centroid,398,59700,60000,20,20,1,1.0,0
HydraulicSystems,2,cooler_condition,GraphFeature Centroid,402,60300,60600,20,20,1,1.0,0
HydraulicSystems,2,cooler_condition,GraphFeature Centroid,407,61050,61350,20,20,1,1.0,0
HydraulicSystems,2,cooler_condition,GraphFeature Centroid,408,61200,61500,20,20,1,1.0,0
HydraulicSystems,2,cooler_condition,GraphFeature Centroid,410,61500,61800,20,20,1,1.0,0
HydraulicSystems,2,cooler_condition,GraphFeature Centroid,411,61650,61950,20,20,1,1.0,0
HydraulicSystems,2,cooler_condition,GraphFeature Centroid,416,62400,62700,20,20,1,1.0,0
HydraulicSystems,2,cooler_condition,GraphFeature Centroid,417,62550,62850,20,20,1,1.0,0
HydraulicSystems,2,cooler_condition,GraphFeature Centroid,420,63000,63300,20,20,1,1.0,0
HydraulicSystems,2,cooler_condition,GraphFeature Centroid,422,63300,63600,20,20,1,1.0,0
HydraulicSystems,2,cooler_condition,GraphFeature Centroid,423,63450,63750,20,20,1,1.0,0
HydraulicSystems,2,cooler_condition,GraphFeature Centroid,424,63600,63900,20,20,1,1.0,0
HydraulicSystems,2,cooler_condition,GraphFeature Centroid,425,63750,64050,20,20,1,1.0,1
HydraulicSystems,2,cooler_condition,GraphFeature Centroid,426,63900,64200,20,20,1,1.0,0
HydraulicSystems,2,cooler_condition,GraphFeature Centroid,428,64200,64500,20,20,1,1.0,0
HydraulicSystems,2,cooler_condition,GraphFeature Centroid,430,64500,64800,20,20,1,1.0,0
HydraulicSystems,2,cooler_condition,GraphFeature Centroid,431,64650,64950,20,20,1,1.0,0
HydraulicSystems,2,cooler_condition,GraphFeature Centroid,432,64800,65100,20,20,1,1.0,0
HydraulicSystems,2,cooler_condition,GraphFeature Centroid,433,64950,65250,20,20,1,1.0,0
HydraulicSystems,2,cooler_condition,GraphFeature Centroid,436,65400,65700,20,20,1,1.0,0
HydraulicSystems,2,cooler_condition,GraphFeature Centroid,437,65550,65850,20,20,1,1.0,0
HydraulicSystems,2,cooler_condition,GraphFeature Centroid,445,66750,67050,20,20,1,1.0,0
HydraulicSystems,2,cooler_condition,GraphFeature Centroid,446,66900,67200,20,20,1,1.0,0
HydraulicSystems,2,cooler_condition,GraphFeature Centroid,448,67200,67500,20,100,0,1.0,0
HydraulicSystems,2,cooler_condition,GraphFeature Centroid,455,68250,68550,20,20,1,1.0,0
HydraulicSystems,2,cooler_condition,GraphFeature Centroid,456,68400,68700,20,20,1,1.0,0
HydraulicSystems,2,cooler_condition,GraphFeature Centroid,457,68550,68850,20,20,1,1.0,0
HydraulicSystems,2,cooler_condition,GraphFeature Centroid,458,68700,69000,20,20,1,1.0,0
HydraulicSystems,2,cooler_condition,GraphFeature Centroid,460,69000,69300,20,20,1,1.0,0
HydraulicSystems,2,cooler_condition,GraphFeature Centroid,461,69150,69450,20,20,1,1.0,0
HydraulicSystems,2,cooler_condition,GraphFeature Centroid,462,69300,69600,20,20,1,1.0,0
HydraulicSystems,2,cooler_condition,GraphFeature Centroid,463,69450,69750,20,20,1,1.0,0
HydraulicSystems,2,cooler_condition,GraphFeature Centroid,464,69600,69900,20,20,1,1.0,0
HydraulicSystems,2,cooler_condition,GraphFeature Centroid,466,69900,70200,20,20,1,1.0,0
HydraulicSystems,2,cooler_condition,GraphFeature Centroid,469,70350,70650,20,20,1,1.0,1
HydraulicSystems,2,cooler_condition,GraphFeature Centroid,472,70800,71100,20,20,1,1.0,0
HydraulicSystems,2,cooler_condition,GraphFeature Centroid,474,71100,71400,20,20,1,1.0,0
HydraulicSystems,2,cooler_condition,GraphFeature Centroid,477,71550,71850,20,20,1,1.0,0
HydraulicSystems,2,cooler_condition,GraphFeature Centroid,478,71700,72000,20,20,1,1.0,0
HydraulicSystems,2,cooler_condition,GraphFeature Centroid,479,71850,72150,20,20,1,1.0,0
HydraulicSystems,2,cooler_condition,GraphFeature Centroid,481,72150,72450,20,20,1,1.0,0
HydraulicSystems,2,cooler_condition,GraphFeature Centroid,485,72750,73050,20,20,1,1.0,0
HydraulicSystems,2,cooler_condition,GraphFeature Centroid,486,72900,73200,20,20,1,1.0,0
HydraulicSystems,2,cooler_condition,GraphFeature Centroid,488,73200,73500,20,20,1,1.0,0
HydraulicSystems,2,cooler_condition,GraphFeature Centroid,491,73650,73950,20,20,1,1.0,0
HydraulicSystems,2,cooler_condition,GraphFeature Centroid,492,73800,74100,20,20,1,1.0,0
HydraulicSystems,2,cooler_condition,GraphFeature Centroid,496,74400,74700,20,20,1,1.0,0
HydraulicSystems,2,cooler_condition,GraphFeature Centroid,498,74700,75000,20,20,1,1.0,0
HydraulicSystems,2,cooler_condition,GraphFeature Centroid,500,75000,75300,20,20,1,1.0,0
HydraulicSystems,2,cooler_condition,GraphFeature Centroid,502,75300,75600,20,20,1,1.0,0
HydraulicSystems,2,cooler_condition,GraphFeature Centroid,503,75450,75750,20,20,1,1.0,0
HydraulicSystems,2,cooler_condition,GraphFeature Centroid,504,75600,75900,20,20,1,1.0,0
HydraulicSystems,2,cooler_condition,GraphFeature Centroid,507,76050,76350,20,20,1,1.0,0
HydraulicSystems,2,cooler_condition,GraphFeature Centroid,508,76200,76500,20,20,1,1.0,0
HydraulicSystems,2,cooler_condition,GraphFeature Centroid,509,76350,76650,20,20,1,1.0,0
HydraulicSystems,2,cooler_condition,GraphFeature Centroid,510,76500,76800,20,20,1,1.0,0
HydraulicSystems,2,cooler_condition,GraphFeature Centroid,511,76650,76950,20,20,1,1.0,0
HydraulicSystems,2,cooler_condition,GraphFeature Centroid,512,76800,77100,20,20,1,1.0,0
HydraulicSystems,2,cooler_condition,GraphFeature Centroid,514,77100,77400,20,20,1,1.0,0
HydraulicSystems,2,cooler_condition,GraphFeature Centroid,516,77400,77700,20,20,1,1.0,0
HydraulicSystems,2,cooler_condition,GraphFeature Centroid,519,77850,78150,20,20,1,1.0,0
HydraulicSystems,2,cooler_condition,GraphFeature Centroid,522,78300,78600,20,20,1,1.0,0
HydraulicSystems,2,cooler_condition,GraphFeature Centroid,523,78450,78750,20,20,1,1.0,0
HydraulicSystems,2,cooler_condition,GraphFeature Centroid,526,78900,79200,20,20,1,1.0,0
HydraulicSystems,2,cooler_condition,GraphFeature Centroid,527,79050,79350,20,20,1,1.0,0
HydraulicSystems,2,cooler_condition,GraphFeature Centroid,528,79200,79500,20,20,1,1.0,0
HydraulicSystems,2,cooler_condition,GraphFeature Centroid,533,79950,80250,20,20,1,1.0,0
HydraulicSystems,2,cooler_condition,GraphFeature Centroid,536,80400,80700,20,20,1,1.0,0
HydraulicSystems,2,cooler_condition,GraphFeature Centroid,537,80550,80850,20,20,1,1.0,0
HydraulicSystems,2,cooler_condition,GraphFeature Centroid,540,81000,81300,20,20,1,1.0,0
HydraulicSystems,2,cooler_condition,GraphFeature Centroid,541,81150,81450,20,20,1,1.0,0
HydraulicSystems,2,cooler_condition,GraphFeature Centroid,542,81300,81600,20,20,1,1.0,0
HydraulicSystems,2,cooler_condition,GraphFeature Centroid,546,81900,82200,20,20,1,1.0,0
HydraulicSystems,2,cooler_condition,GraphFeature Centroid,547,82050,82350,20,20,1,1.0,0
HydraulicSystems,2,cooler_condition,GraphFeature Centroid,551,82650,82950,20,20,1,1.0,0
HydraulicSystems,2,cooler_condition,GraphFeature Centroid,552,82800,83100,20,20,1,1.0,0
HydraulicSystems,2,cooler_condition,GraphFeature Centroid,553,82950,83250,20,20,1,1.0,0
HydraulicSystems,2,cooler_condition,GraphFeature Centroid,555,83250,83550,20,20,1,1.0,0
HydraulicSystems,2,cooler_condition,GraphFeature Centroid,557,83550,83850,20,20,1,1.0,0
HydraulicSystems,2,cooler_condition,GraphFeature Centroid,561,84150,84450,20,20,1,1.0,0
HydraulicSystems,2,cooler_condition,GraphFeature Centroid,564,84600,84900,20,20,1,1.0,0
HydraulicSystems,2,cooler_condition,GraphFeature Centroid,565,84750,85050,20,20,1,1.0,0
HydraulicSystems,2,cooler_condition,GraphFeature Centroid,566,84900,85200,20,100,0,1.0,0
HydraulicSystems,2,cooler_condition,GraphFeature Centroid,567,85050,85350,20,20,1,1.0,0
HydraulicSystems,2,cooler_condition,GraphFeature Centroid,568,85200,85500,20,20,1,1.0,1
HydraulicSystems,2,cooler_condition,GraphFeature Centroid,574,86100,86400,20,20,1,1.0,0
HydraulicSystems,2,cooler_condition,GraphFeature Centroid,581,87150,87450,20,20,1,1.0,0
HydraulicSystems,2,cooler_condition,GraphFeature Centroid,584,87600,87900,20,3,0,0.8,1
HydraulicSystems,2,cooler_condition,GraphFeature Centroid,585,87750,88050,100,3,0,0.7,1
HydraulicSystems,2,cooler_condition,GraphFeature Centroid,587,88050,88350,100,3,0,1.0,1
HydraulicSystems,2,cooler_condition,GraphFeature Centroid,589,88350,88650,100,3,0,1.0,1
HydraulicSystems,2,cooler_condition,GraphFeature Centroid,590,88500,88800,100,20,0,1.0,0
HydraulicSystems,2,cooler_condition,GraphFeature Centroid,595,89250,89550,100,100,1,1.0,0
HydraulicSystems,2,cooler_condition,GraphFeature Centroid,596,89400,89700,100,100,1,1.0,0
HydraulicSystems,2,cooler_condition,GraphFeature Centroid,598,89700,90000,100,100,1,1.0,0
HydraulicSystems,2,cooler_condition,GraphFeature Centroid,599,89850,90150,100,100,1,1.0,0
HydraulicSystems,2,cooler_condition,GraphFeature Centroid,600,90000,90300,100,100,1,1.0,0
HydraulicSystems,2,cooler_condition,GraphFeature Centroid,602,90300,90600,100,100,1,1.0,0
HydraulicSystems,2,cooler_condition,GraphFeature Centroid,607,91050,91350,100,100,1,1.0,0
HydraulicSystems,2,cooler_condition,GraphFeature Centroid,608,91200,91500,100,100,1,1.0,0
HydraulicSystems,2,cooler_condition,GraphFeature Centroid,611,91650,91950,100,100,1,1.0,0
HydraulicSystems,2,cooler_condition,GraphFeature Centroid,612,91800,92100,100,100,1,1.0,0
HydraulicSystems,2,cooler_condition,GraphFeature Centroid,616,92400,92700,100,100,1,1.0,0
HydraulicSystems,2,cooler_condition,GraphFeature Centroid,617,92550,92850,100,100,1,1.0,0
HydraulicSystems,2,cooler_condition,GraphFeature Centroid,620,93000,93300,100,100,1,1.0,0
HydraulicSystems,2,cooler_condition,GraphFeature Centroid,621,93150,93450,100,100,1,1.0,0
HydraulicSystems,2,cooler_condition,GraphFeature Centroid,623,93450,93750,100,100,1,1.0,0
HydraulicSystems,2,cooler_condition,GraphFeature Centroid,624,93600,93900,100,100,1,1.0,0
HydraulicSystems,2,cooler_condition,GraphFeature Centroid,627,94050,94350,100,100,1,1.0,0
HydraulicSystems,2,cooler_condition,GraphFeature Centroid,630,94500,94800,100,100,1,1.0,0
HydraulicSystems,2,cooler_condition,GraphFeature Centroid,632,94800,95100,100,100,1,1.0,0
HydraulicSystems,2,cooler_condition,GraphFeature Centroid,633,94950,95250,100,100,1,1.0,0
HydraulicSystems,2,cooler_condition,GraphFeature Centroid,635,95250,95550,100,100,1,1.0,0
HydraulicSystems,2,cooler_condition,GraphFeature Centroid,637,95550,95850,100,100,1,1.0,0
HydraulicSystems,2,cooler_condition,GraphFeature Centroid,638,95700,96000,100,100,1,1.0,0
HydraulicSystems,2,cooler_condition,GraphFeature Centroid,644,96600,96900,100,100,1,1.0,0
HydraulicSystems,2,cooler_condition,GraphFeature Centroid,646,96900,97200,100,100,1,1.0,0
HydraulicSystems,2,cooler_condition,GraphFeature Centroid,651,97650,97950,100,100,1,1.0,0
HydraulicSystems,2,cooler_condition,GraphFeature Centroid,652,97800,98100,100,100,1,1.0,0
HydraulicSystems,2,cooler_condition,GraphFeature Centroid,654,98100,98400,100,100,1,1.0,0
HydraulicSystems,2,cooler_condition,GraphFeature Centroid,656,98400,98700,100,100,1,1.0,0
HydraulicSystems,2,cooler_condition,GraphFeature Centroid,659,98850,99150,100,100,1,1.0,0
HydraulicSystems,2,cooler_condition,GraphFeature Centroid,660,99000,99300,100,100,1,1.0,0
HydraulicSystems,2,cooler_condition,GraphFeature Centroid,663,99450,99750,100,100,1,1.0,0
HydraulicSystems,2,cooler_condition,GraphFeature Centroid,665,99750,100050,100,100,1,1.0,0
HydraulicSystems,2,cooler_condition,GraphFeature Centroid,666,99900,100200,100,100,1,1.0,0
HydraulicSystems,2,cooler_condition,GraphFeature Centroid,667,100050,100350,100,100,1,1.0,0
HydraulicSystems,2,cooler_condition,GraphFeature Centroid,671,100650,100950,100,100,1,1.0,0
HydraulicSystems,2,cooler_condition,GraphFeature Centroid,674,101100,101400,100,100,1,1.0,0
HydraulicSystems,2,cooler_condition,GraphFeature Centroid,678,101700,102000,100,100,1,1.0,0
HydraulicSystems,2,cooler_condition,GraphFeature Centroid,679,101850,102150,100,100,1,1.0,0
HydraulicSystems,2,cooler_condition,GraphFeature Centroid,682,102300,102600,100,100,1,1.0,0
HydraulicSystems,2,cooler_condition,GraphFeature Centroid,683,102450,102750,100,100,1,1.0,0
HydraulicSystems,2,cooler_condition,GraphFeature Centroid,685,102750,103050,100,100,1,1.0,0
HydraulicSystems,2,cooler_condition,GraphFeature Centroid,689,103350,103650,100,100,1,1.0,0
HydraulicSystems,2,cooler_condition,GraphFeature Centroid,692,103800,104100,100,100,1,1.0,0
HydraulicSystems,2,cooler_condition,GraphFeature Centroid,693,103950,104250,100,100,1,1.0,0
HydraulicSystems,2,cooler_condition,GraphFeature Centroid,695,104250,104550,100,100,1,1.0,0
HydraulicSystems,2,cooler_condition,GraphFeature Centroid,696,104400,104700,100,100,1,1.0,0
HydraulicSystems,2,cooler_condition,GraphFeature Centroid,697,104550,104850,100,100,1,1.0,0
HydraulicSystems,2,cooler_condition,GraphFeature Centroid,698,104700,105000,100,100,1,1.0,0
HydraulicSystems,2,cooler_condition,GraphFeature Centroid,699,104850,105150,100,100,1,1.0,0
HydraulicSystems,2,cooler_condition,GraphFeature Centroid,700,105000,105300,100,100,1,1.0,0
HydraulicSystems,2,cooler_condition,GraphFeature Centroid,701,105150,105450,100,100,1,1.0,0
HydraulicSystems,2,cooler_condition,GraphFeature Centroid,703,105450,105750,100,100,1,1.0,0
HydraulicSystems,2,cooler_condition,GraphFeature Centroid,705,105750,106050,100,100,1,1.0,0
HydraulicSystems,2,cooler_condition,GraphFeature Centroid,708,106200,106500,100,100,1,1.0,0
HydraulicSystems,2,cooler_condition,GraphFeature Centroid,710,106500,106800,100,100,1,1.0,0
HydraulicSystems,2,cooler_condition,GraphFeature Centroid,711,106650,106950,100,100,1,1.0,0
HydraulicSystems,2,cooler_condition,GraphFeature Centroid,712,106800,107100,100,100,1,1.0,0
HydraulicSystems,2,cooler_condition,GraphFeature Centroid,714,107100,107400,100,100,1,1.0,0
HydraulicSystems,2,cooler_condition,GraphFeature Centroid,715,107250,107550,100,100,1,1.0,0
HydraulicSystems,2,cooler_condition,GraphFeature Centroid,717,107550,107850,100,100,1,1.0,0
HydraulicSystems,2,cooler_condition,GraphFeature Centroid,719,107850,108150,100,100,1,1.0,0
HydraulicSystems,2,cooler_condition,GraphFeature Centroid,720,108000,108300,100,100,1,1.0,0
HydraulicSystems,2,cooler_condition,GraphFeature Centroid,721,108150,108450,100,100,1,1.0,0
HydraulicSystems,2,cooler_condition,GraphFeature Centroid,723,108450,108750,100,100,1,1.0,0
HydraulicSystems,2,cooler_condition,GraphFeature Centroid,724,108600,108900,100,100,1,1.0,0
HydraulicSystems,2,cooler_condition,GraphFeature Centroid,725,108750,109050,100,100,1,1.0,0
HydraulicSystems,2,cooler_condition,GraphFeature Centroid,726,108900,109200,100,100,1,1.0,0
HydraulicSystems,2,cooler_condition,GraphFeature Centroid,727,109050,109350,100,100,1,1.0,0
HydraulicSystems,2,cooler_condition,GraphFeature Centroid,728,109200,109500,100,100,1,1.0,0
HydraulicSystems,2,cooler_condition,GraphFeature Centroid,729,109350,109650,100,100,1,1.0,0
HydraulicSystems,2,cooler_condition,GraphFeature Centroid,731,109650,109950,100,100,1,1.0,0
HydraulicSystems,2,cooler_condition,GraphFeature Centroid,733,109950,110250,100,100,1,1.0,0
HydraulicSystems,2,cooler_condition,GraphFeature Centroid,735,110250,110550,100,100,1,1.0,0
HydraulicSystems,2,cooler_condition,GraphFeature Centroid,736,110400,110700,100,100,1,1.0,0
HydraulicSystems,2,cooler_condition,GraphFeature Centroid,739,110850,111150,100,100,1,1.0,0
HydraulicSystems,2,cooler_condition,GraphFeature Centroid,740,111000,111300,100,100,1,1.0,0
HydraulicSystems,2,cooler_condition,GraphFeature Centroid,742,111300,111600,100,100,1,1.0,0
HydraulicSystems,2,cooler_condition,GraphFeature Centroid,746,111900,112200,100,100,1,1.0,0
HydraulicSystems,2,cooler_condition,GraphFeature Centroid,749,112350,112650,100,100,1,1.0,0
HydraulicSystems,2,cooler_condition,GraphFeature Centroid,750,112500,112800,100,100,1,1.0,0
HydraulicSystems,2,cooler_condition,GraphFeature Centroid,753,112950,113250,100,100,1,1.0,0
HydraulicSystems,2,cooler_condition,GraphFeature Centroid,756,113400,113700,100,100,1,1.0,0
HydraulicSystems,2,cooler_condition,GraphFeature Centroid,758,113700,114000,100,100,1,1.0,0
HydraulicSystems,2,cooler_condition,GraphFeature Centroid,759,113850,114150,100,100,1,1.0,0
HydraulicSystems,2,cooler_condition,GraphFeature Centroid,760,114000,114300,100,100,1,1.0,0
HydraulicSystems,2,cooler_condition,GraphFeature Centroid,761,114150,114450,100,100,1,1.0,0
HydraulicSystems,2,cooler_condition,GraphFeature Centroid,762,114300,114600,100,100,1,1.0,0
HydraulicSystems,2,cooler_condition,GraphFeature Centroid,764,114600,114900,100,100,1,1.0,0
HydraulicSystems,2,cooler_condition,GraphFeature Centroid,766,114900,115200,100,100,1,1.0,0
HydraulicSystems,2,cooler_condition,GraphFeature Centroid,767,115050,115350,100,100,1,1.0,0
HydraulicSystems,2,cooler_condition,GraphFeature Centroid,768,115200,115500,100,100,1,1.0,0
HydraulicSystems,2,cooler_condition,GraphFeature Centroid,769,115350,115650,100,100,1,1.0,0
HydraulicSystems,2,cooler_condition,GraphFeature Centroid,776,116400,116700,100,100,1,1.0,0
HydraulicSystems,2,cooler_condition,GraphFeature Centroid,781,117150,117450,100,100,1,1.0,0
HydraulicSystems,2,cooler_condition,GraphFeature Centroid,782,117300,117600,100,100,1,1.0,0
HydraulicSystems,2,cooler_condition,GraphFeature Centroid,783,117450,117750,100,100,1,1.0,0
HydraulicSystems,2,cooler_condition,GraphFeature Centroid,785,117750,118050,100,100,1,1.0,0
HydraulicSystems,2,cooler_condition,GraphFeature Centroid,789,118350,118650,100,100,1,1.0,0
HydraulicSystems,2,cooler_condition,GraphFeature Centroid,794,119100,119400,100,100,1,1.0,0
HydraulicSystems,2,cooler_condition,GraphFeature Centroid,795,119250,119550,100,100,1,1.0,0
HydraulicSystems,2,cooler_condition,GraphFeature Centroid,797,119550,119850,100,100,1,1.0,0
HydraulicSystems,2,cooler_condition,GraphFeature Centroid,801,120150,120450,100,100,1,1.0,0
HydraulicSystems,2,cooler_condition,GraphFeature Centroid,802,120300,120600,100,100,1,1.0,0
HydraulicSystems,2,cooler_condition,GraphFeature Centroid,803,120450,120750,100,100,1,1.0,0
HydraulicSystems,2,cooler_condition,GraphFeature Centroid,807,121050,121350,100,100,1,1.0,0
HydraulicSystems,2,cooler_condition,GraphFeature Centroid,810,121500,121800,100,100,1,1.0,0
HydraulicSystems,2,cooler_condition,GraphFeature Centroid,811,121650,121950,100,100,1,1.0,0
HydraulicSystems,2,cooler_condition,GraphFeature Centroid,814,122100,122400,100,100,1,1.0,0
HydraulicSystems,2,cooler_condition,GraphFeature Centroid,815,122250,122550,100,100,1,1.0,0
HydraulicSystems,2,cooler_condition,GraphFeature Centroid,817,122550,122850,100,100,1,1.0,0
HydraulicSystems,2,cooler_condition,GraphFeature Centroid,820,123000,123300,100,100,1,1.0,0
HydraulicSystems,2,cooler_condition,GraphFeature Centroid,822,123300,123600,100,100,1,1.0,0
HydraulicSystems,2,cooler_condition,GraphFeature Centroid,823,123450,123750,100,100,1,1.0,0
HydraulicSystems,2,cooler_condition,GraphFeature Centroid,825,123750,124050,100,100,1,1.0,0
HydraulicSystems,2,cooler_condition,GraphFeature Centroid,827,124050,124350,100,100,1,1.0,0
HydraulicSystems,2,cooler_condition,GraphFeature Centroid,829,124350,124650,100,100,1,1.0,0
HydraulicSystems,2,cooler_condition,GraphFeature Centroid,830,124500,124800,100,100,1,1.0,0
HydraulicSystems,2,cooler_condition,GraphFeature Centroid,831,124650,124950,100,100,1,1.0,0
HydraulicSystems,2,cooler_condition,GraphFeature Centroid,833,124950,125250,100,100,1,1.0,0
HydraulicSystems,2,cooler_condition,GraphFeature Centroid,834,125100,125400,100,100,1,1.0,0
HydraulicSystems,2,cooler_condition,GraphFeature Centroid,837,125550,125850,100,100,1,1.0,0
HydraulicSystems,2,cooler_condition,GraphFeature Centroid,839,125850,126150,100,100,1,1.0,0
HydraulicSystems,2,cooler_condition,GraphFeature Centroid,840,126000,126300,100,100,1,1.0,0
HydraulicSystems,2,cooler_condition,GraphFeature Centroid,843,126450,126750,100,100,1,1.0,0
HydraulicSystems,2,cooler_condition,GraphFeature Centroid,844,126600,126900,100,100,1,1.0,0
HydraulicSystems,2,cooler_condition,GraphFeature Centroid,846,126900,127200,100,100,1,1.0,0
HydraulicSystems,2,cooler_condition,GraphFeature Centroid,847,127050,127350,100,100,1,1.0,0
HydraulicSystems,2,cooler_condition,GraphFeature Centroid,848,127200,127500,100,100,1,1.0,0
HydraulicSystems,2,cooler_condition,GraphFeature Centroid,850,127500,127800,100,100,1,1.0,0
HydraulicSystems,2,cooler_condition,GraphFeature Centroid,853,127950,128250,100,100,1,1.0,0
HydraulicSystems,2,cooler_condition,GraphFeature Centroid,854,128100,128400,100,100,1,1.0,0
HydraulicSystems,2,cooler_condition,GraphFeature Centroid,855,128250,128550,100,100,1,1.0,0
HydraulicSystems,2,cooler_condition,GraphFeature Centroid,859,128850,129150,100,100,1,1.0,0
HydraulicSystems,2,cooler_condition,GraphFeature Centroid,860,129000,129300,100,100,1,1.0,0
HydraulicSystems,2,cooler_condition,GraphFeature Centroid,861,129150,129450,100,100,1,1.0,0
HydraulicSystems,2,cooler_condition,GraphFeature Centroid,862,129300,129600,100,100,1,1.0,0
HydraulicSystems,2,cooler_condition,GraphFeature Centroid,866,129900,130200,100,100,1,1.0,0
HydraulicSystems,2,cooler_condition,GraphFeature Centroid,867,130050,130350,100,100,1,1.0,0
HydraulicSystems,2,cooler_condition,GraphFeature Centroid,868,130200,130500,100,100,1,1.0,0
HydraulicSystems,2,cooler_condition,GraphFeature Centroid,869,130350,130650,100,100,1,1.0,0
HydraulicSystems,2,cooler_condition,GraphFeature Centroid,870,130500,130800,100,100,1,1.0,0
HydraulicSystems,2,cooler_condition,GraphFeature Centroid,874,131100,131400,100,100,1,1.0,0
HydraulicSystems,2,cooler_condition,GraphFeature Centroid,880,132000,132300,100,100,1,1.0,0
HydraulicSystems,2,cooler_condition,STCG-v1 State Mapping,0,0,300,3,3,1,1.0,1
HydraulicSystems,2,cooler_condition,STCG-v1 State Mapping,1,150,450,3,3,1,1.0,1
HydraulicSystems,2,cooler_condition,STCG-v1 State Mapping,4,600,900,3,3,1,1.0,1
HydraulicSystems,2,cooler_condition,STCG-v1 State Mapping,5,750,1050,3,3,1,1.0,1
HydraulicSystems,2,cooler_condition,STCG-v1 State Mapping,7,1050,1350,3,3,1,1.0,1
HydraulicSystems,2,cooler_condition,STCG-v1 State Mapping,8,1200,1500,3,3,1,1.0,1
HydraulicSystems,2,cooler_condition,STCG-v1 State Mapping,9,1350,1650,3,3,1,1.0,1
HydraulicSystems,2,cooler_condition,STCG-v1 State Mapping,11,1650,1950,3,3,1,1.0,1
HydraulicSystems,2,cooler_condition,STCG-v1 State Mapping,13,1950,2250,3,3,1,1.0,1
HydraulicSystems,2,cooler_condition,STCG-v1 State Mapping,14,2100,2400,3,3,1,1.0,1
HydraulicSystems,2,cooler_condition,STCG-v1 State Mapping,15,2250,2550,3,3,1,1.0,1
HydraulicSystems,2,cooler_condition,STCG-v1 State Mapping,17,2550,2850,3,3,1,1.0,1
HydraulicSystems,2,cooler_condition,STCG-v1 State Mapping,20,3000,3300,3,3,1,1.0,1
HydraulicSystems,2,cooler_condition,STCG-v1 State Mapping,21,3150,3450,3,3,1,1.0,1
HydraulicSystems,2,cooler_condition,STCG-v1 State Mapping,23,3450,3750,3,3,1,1.0,1
HydraulicSystems,2,cooler_condition,STCG-v1 State Mapping,26,3900,4200,3,3,1,1.0,1
HydraulicSystems,2,cooler_condition,STCG-v1 State Mapping,27,4050,4350,3,3,1,1.0,1
HydraulicSystems,2,cooler_condition,STCG-v1 State Mapping,28,4200,4500,3,3,1,1.0,1
HydraulicSystems,2,cooler_condition,STCG-v1 State Mapping,29,4350,4650,3,3,1,1.0,1
HydraulicSystems,2,cooler_condition,STCG-v1 State Mapping,34,5100,5400,3,3,1,1.0,1
HydraulicSystems,2,cooler_condition,STCG-v1 State Mapping,35,5250,5550,3,3,1,1.0,1
HydraulicSystems,2,cooler_condition,STCG-v1 State Mapping,39,5850,6150,3,3,1,1.0,1
HydraulicSystems,2,cooler_condition,STCG-v1 State Mapping,40,6000,6300,3,3,1,1.0,1
HydraulicSystems,2,cooler_condition,STCG-v1 State Mapping,42,6300,6600,3,3,1,1.0,1
HydraulicSystems,2,cooler_condition,STCG-v1 State Mapping,44,6600,6900,3,3,1,1.0,1
HydraulicSystems,2,cooler_condition,STCG-v1 State Mapping,45,6750,7050,3,3,1,1.0,1
HydraulicSystems,2,cooler_condition,STCG-v1 State Mapping,46,6900,7200,3,3,1,1.0,1
HydraulicSystems,2,cooler_condition,STCG-v1 State Mapping,47,7050,7350,3,3,1,1.0,1
HydraulicSystems,2,cooler_condition,STCG-v1 State Mapping,52,7800,8100,3,3,1,1.0,1
HydraulicSystems,2,cooler_condition,STCG-v1 State Mapping,53,7950,8250,3,3,1,1.0,1
HydraulicSystems,2,cooler_condition,STCG-v1 State Mapping,54,8100,8400,3,3,1,1.0,1
HydraulicSystems,2,cooler_condition,STCG-v1 State Mapping,55,8250,8550,3,100,0,1.0,0
HydraulicSystems,2,cooler_condition,STCG-v1 State Mapping,56,8400,8700,3,100,0,1.0,0
HydraulicSystems,2,cooler_condition,STCG-v1 State Mapping,60,9000,9300,3,3,1,1.0,1
HydraulicSystems,2,cooler_condition,STCG-v1 State Mapping,61,9150,9450,3,3,1,1.0,1
HydraulicSystems,2,cooler_condition,STCG-v1 State Mapping,64,9600,9900,3,3,1,1.0,1
HydraulicSystems,2,cooler_condition,STCG-v1 State Mapping,65,9750,10050,3,3,1,1.0,1
HydraulicSystems,2,cooler_condition,STCG-v1 State Mapping,66,9900,10200,3,3,1,1.0,1
HydraulicSystems,2,cooler_condition,STCG-v1 State Mapping,68,10200,10500,3,3,1,1.0,1
HydraulicSystems,2,cooler_condition,STCG-v1 State Mapping,69,10350,10650,3,3,1,1.0,1
HydraulicSystems,2,cooler_condition,STCG-v1 State Mapping,72,10800,11100,3,3,1,1.0,1
HydraulicSystems,2,cooler_condition,STCG-v1 State Mapping,73,10950,11250,3,3,1,1.0,1
HydraulicSystems,2,cooler_condition,STCG-v1 State Mapping,74,11100,11400,3,3,1,1.0,1
HydraulicSystems,2,cooler_condition,STCG-v1 State Mapping,75,11250,11550,3,3,1,1.0,1
HydraulicSystems,2,cooler_condition,STCG-v1 State Mapping,77,11550,11850,3,3,1,1.0,1
HydraulicSystems,2,cooler_condition,STCG-v1 State Mapping,78,11700,12000,3,3,1,1.0,1
HydraulicSystems,2,cooler_condition,STCG-v1 State Mapping,80,12000,12300,3,3,1,1.0,1
HydraulicSystems,2,cooler_condition,STCG-v1 State Mapping,81,12150,12450,3,3,1,1.0,1
HydraulicSystems,2,cooler_condition,STCG-v1 State Mapping,87,13050,13350,3,3,1,1.0,1
HydraulicSystems,2,cooler_condition,STCG-v1 State Mapping,93,13950,14250,3,3,1,1.0,1
HydraulicSystems,2,cooler_condition,STCG-v1 State Mapping,94,14100,14400,3,3,1,1.0,1
HydraulicSystems,2,cooler_condition,STCG-v1 State Mapping,95,14250,14550,3,3,1,1.0,1
HydraulicSystems,2,cooler_condition,STCG-v1 State Mapping,96,14400,14700,3,3,1,1.0,1
HydraulicSystems,2,cooler_condition,STCG-v1 State Mapping,99,14850,15150,3,3,1,1.0,1
HydraulicSystems,2,cooler_condition,STCG-v1 State Mapping,100,15000,15300,3,3,1,1.0,1
HydraulicSystems,2,cooler_condition,STCG-v1 State Mapping,101,15150,15450,3,3,1,1.0,1
HydraulicSystems,2,cooler_condition,STCG-v1 State Mapping,104,15600,15900,3,3,1,1.0,1
HydraulicSystems,2,cooler_condition,STCG-v1 State Mapping,106,15900,16200,3,3,1,1.0,1
HydraulicSystems,2,cooler_condition,STCG-v1 State Mapping,112,16800,17100,3,3,1,1.0,1
HydraulicSystems,2,cooler_condition,STCG-v1 State Mapping,114,17100,17400,3,3,1,1.0,1
HydraulicSystems,2,cooler_condition,STCG-v1 State Mapping,116,17400,17700,3,3,1,1.0,1
HydraulicSystems,2,cooler_condition,STCG-v1 State Mapping,117,17550,17850,3,3,1,1.0,1
HydraulicSystems,2,cooler_condition,STCG-v1 State Mapping,118,17700,18000,3,3,1,1.0,1
HydraulicSystems,2,cooler_condition,STCG-v1 State Mapping,120,18000,18300,3,3,1,1.0,1
HydraulicSystems,2,cooler_condition,STCG-v1 State Mapping,121,18150,18450,3,3,1,1.0,1
HydraulicSystems,2,cooler_condition,STCG-v1 State Mapping,126,18900,19200,3,3,1,1.0,1
HydraulicSystems,2,cooler_condition,STCG-v1 State Mapping,127,19050,19350,3,3,1,1.0,1
HydraulicSystems,2,cooler_condition,STCG-v1 State Mapping,130,19500,19800,3,3,1,1.0,1
HydraulicSystems,2,cooler_condition,STCG-v1 State Mapping,133,19950,20250,3,3,1,1.0,1
HydraulicSystems,2,cooler_condition,STCG-v1 State Mapping,134,20100,20400,3,3,1,1.0,1
HydraulicSystems,2,cooler_condition,STCG-v1 State Mapping,135,20250,20550,3,3,1,1.0,1
HydraulicSystems,2,cooler_condition,STCG-v1 State Mapping,137,20550,20850,3,3,1,1.0,1
HydraulicSystems,2,cooler_condition,STCG-v1 State Mapping,142,21300,21600,3,3,1,1.0,1
HydraulicSystems,2,cooler_condition,STCG-v1 State Mapping,144,21600,21900,3,3,1,1.0,1
HydraulicSystems,2,cooler_condition,STCG-v1 State Mapping,146,21900,22200,3,3,1,1.0,1
HydraulicSystems,2,cooler_condition,STCG-v1 State Mapping,148,22200,22500,3,3,1,1.0,1
HydraulicSystems,2,cooler_condition,STCG-v1 State Mapping,151,22650,22950,3,3,1,1.0,1
HydraulicSystems,2,cooler_condition,STCG-v1 State Mapping,152,22800,23100,3,3,1,1.0,1
HydraulicSystems,2,cooler_condition,STCG-v1 State Mapping,153,22950,23250,3,3,1,1.0,1
HydraulicSystems,2,cooler_condition,STCG-v1 State Mapping,154,23100,23400,3,3,1,1.0,1
HydraulicSystems,2,cooler_condition,STCG-v1 State Mapping,156,23400,23700,3,3,1,1.0,1
HydraulicSystems,2,cooler_condition,STCG-v1 State Mapping,157,23550,23850,3,3,1,1.0,1
HydraulicSystems,2,cooler_condition,STCG-v1 State Mapping,158,23700,24000,3,3,1,1.0,1
HydraulicSystems,2,cooler_condition,STCG-v1 State Mapping,162,24300,24600,3,3,1,1.0,1
HydraulicSystems,2,cooler_condition,STCG-v1 State Mapping,163,24450,24750,3,3,1,1.0,1
HydraulicSystems,2,cooler_condition,STCG-v1 State Mapping,164,24600,24900,3,3,1,1.0,1
HydraulicSystems,2,cooler_condition,STCG-v1 State Mapping,165,24750,25050,3,3,1,1.0,1
HydraulicSystems,2,cooler_condition,STCG-v1 State Mapping,166,24900,25200,3,3,1,1.0,1
HydraulicSystems,2,cooler_condition,STCG-v1 State Mapping,169,25350,25650,3,3,1,1.0,1
HydraulicSystems,2,cooler_condition,STCG-v1 State Mapping,170,25500,25800,3,3,1,1.0,1
HydraulicSystems,2,cooler_condition,STCG-v1 State Mapping,173,25950,26250,3,3,1,1.0,1
HydraulicSystems,2,cooler_condition,STCG-v1 State Mapping,174,26100,26400,3,3,1,1.0,1
HydraulicSystems,2,cooler_condition,STCG-v1 State Mapping,175,26250,26550,3,3,1,1.0,1
HydraulicSystems,2,cooler_condition,STCG-v1 State Mapping,179,26850,27150,3,3,1,1.0,1
HydraulicSystems,2,cooler_condition,STCG-v1 State Mapping,182,27300,27600,3,3,1,1.0,1
HydraulicSystems,2,cooler_condition,STCG-v1 State Mapping,185,27750,28050,3,3,1,1.0,1
HydraulicSystems,2,cooler_condition,STCG-v1 State Mapping,186,27900,28200,3,3,1,1.0,1
HydraulicSystems,2,cooler_condition,STCG-v1 State Mapping,189,28350,28650,3,3,1,1.0,1
HydraulicSystems,2,cooler_condition,STCG-v1 State Mapping,192,28800,29100,3,3,1,1.0,1
HydraulicSystems,2,cooler_condition,STCG-v1 State Mapping,194,29100,29400,3,3,1,1.0,1
HydraulicSystems,2,cooler_condition,STCG-v1 State Mapping,195,29250,29550,3,3,1,1.0,1
HydraulicSystems,2,cooler_condition,STCG-v1 State Mapping,198,29700,30000,3,3,1,1.0,1
HydraulicSystems,2,cooler_condition,STCG-v1 State Mapping,199,29850,30150,3,3,1,1.0,1
HydraulicSystems,2,cooler_condition,STCG-v1 State Mapping,200,30000,30300,3,3,1,1.0,1
HydraulicSystems,2,cooler_condition,STCG-v1 State Mapping,202,30300,30600,3,3,1,1.0,1
HydraulicSystems,2,cooler_condition,STCG-v1 State Mapping,206,30900,31200,3,3,1,1.0,1
HydraulicSystems,2,cooler_condition,STCG-v1 State Mapping,207,31050,31350,3,3,1,1.0,1
HydraulicSystems,2,cooler_condition,STCG-v1 State Mapping,208,31200,31500,3,3,1,1.0,1
HydraulicSystems,2,cooler_condition,STCG-v1 State Mapping,209,31350,31650,3,3,1,1.0,1
HydraulicSystems,2,cooler_condition,STCG-v1 State Mapping,210,31500,31800,3,3,1,1.0,1
HydraulicSystems,2,cooler_condition,STCG-v1 State Mapping,211,31650,31950,3,3,1,1.0,1
HydraulicSystems,2,cooler_condition,STCG-v1 State Mapping,212,31800,32100,3,3,1,1.0,1
HydraulicSystems,2,cooler_condition,STCG-v1 State Mapping,213,31950,32250,3,3,1,1.0,1
HydraulicSystems,2,cooler_condition,STCG-v1 State Mapping,214,32100,32400,3,3,1,1.0,1
HydraulicSystems,2,cooler_condition,STCG-v1 State Mapping,216,32400,32700,3,3,1,1.0,1
HydraulicSystems,2,cooler_condition,STCG-v1 State Mapping,217,32550,32850,3,3,1,1.0,1
HydraulicSystems,2,cooler_condition,STCG-v1 State Mapping,223,33450,33750,3,3,1,1.0,1
HydraulicSystems,2,cooler_condition,STCG-v1 State Mapping,225,33750,34050,3,3,1,1.0,1
HydraulicSystems,2,cooler_condition,STCG-v1 State Mapping,228,34200,34500,3,3,1,1.0,1
HydraulicSystems,2,cooler_condition,STCG-v1 State Mapping,232,34800,35100,3,3,1,1.0,1
HydraulicSystems,2,cooler_condition,STCG-v1 State Mapping,233,34950,35250,3,3,1,1.0,1
HydraulicSystems,2,cooler_condition,STCG-v1 State Mapping,235,35250,35550,3,3,1,1.0,1
HydraulicSystems,2,cooler_condition,STCG-v1 State Mapping,236,35400,35700,3,3,1,1.0,1
HydraulicSystems,2,cooler_condition,STCG-v1 State Mapping,242,36300,36600,3,3,1,1.0,1
HydraulicSystems,2,cooler_condition,STCG-v1 State Mapping,243,36450,36750,3,3,1,1.0,1
HydraulicSystems,2,cooler_condition,STCG-v1 State Mapping,244,36600,36900,3,3,1,1.0,1
HydraulicSystems,2,cooler_condition,STCG-v1 State Mapping,248,37200,37500,3,3,1,1.0,1
HydraulicSystems,2,cooler_condition,STCG-v1 State Mapping,249,37350,37650,3,3,1,1.0,1
HydraulicSystems,2,cooler_condition,STCG-v1 State Mapping,250,37500,37800,3,3,1,1.0,1
HydraulicSystems,2,cooler_condition,STCG-v1 State Mapping,255,38250,38550,3,3,1,1.0,1
HydraulicSystems,2,cooler_condition,STCG-v1 State Mapping,256,38400,38700,3,3,1,1.0,1
HydraulicSystems,2,cooler_condition,STCG-v1 State Mapping,258,38700,39000,3,3,1,1.0,1
HydraulicSystems,2,cooler_condition,STCG-v1 State Mapping,262,39300,39600,3,3,1,1.0,1
HydraulicSystems,2,cooler_condition,STCG-v1 State Mapping,270,40500,40800,3,3,1,1.0,1
HydraulicSystems,2,cooler_condition,STCG-v1 State Mapping,272,40800,41100,3,3,1,1.0,1
HydraulicSystems,2,cooler_condition,STCG-v1 State Mapping,275,41250,41550,3,3,1,1.0,1
HydraulicSystems,2,cooler_condition,STCG-v1 State Mapping,276,41400,41700,3,3,1,1.0,1
HydraulicSystems,2,cooler_condition,STCG-v1 State Mapping,277,41550,41850,3,3,1,1.0,1
HydraulicSystems,2,cooler_condition,STCG-v1 State Mapping,278,41700,42000,3,3,1,1.0,1
HydraulicSystems,2,cooler_condition,STCG-v1 State Mapping,279,41850,42150,3,3,1,1.0,1
HydraulicSystems,2,cooler_condition,STCG-v1 State Mapping,280,42000,42300,3,3,1,1.0,1
HydraulicSystems,2,cooler_condition,STCG-v1 State Mapping,282,42300,42600,3,3,1,1.0,1
HydraulicSystems,2,cooler_condition,STCG-v1 State Mapping,285,42750,43050,3,3,1,1.0,1
HydraulicSystems,2,cooler_condition,STCG-v1 State Mapping,286,42900,43200,3,3,1,1.0,1
HydraulicSystems,2,cooler_condition,STCG-v1 State Mapping,287,43050,43350,3,3,1,1.0,1
HydraulicSystems,2,cooler_condition,STCG-v1 State Mapping,288,43200,43500,3,3,1,1.0,1
HydraulicSystems,2,cooler_condition,STCG-v1 State Mapping,292,43800,44100,20,3,0,0.6,1
HydraulicSystems,2,cooler_condition,STCG-v1 State Mapping,295,44250,44550,20,3,0,1.0,1
HydraulicSystems,2,cooler_condition,STCG-v1 State Mapping,297,44550,44850,20,3,0,1.0,1
HydraulicSystems,2,cooler_condition,STCG-v1 State Mapping,299,44850,45150,20,3,0,1.0,1
HydraulicSystems,2,cooler_condition,STCG-v1 State Mapping,300,45000,45300,20,3,0,1.0,1
HydraulicSystems,2,cooler_condition,STCG-v1 State Mapping,301,45150,45450,20,100,0,1.0,0
HydraulicSystems,2,cooler_condition,STCG-v1 State Mapping,302,45300,45600,20,3,0,1.0,1
HydraulicSystems,2,cooler_condition,STCG-v1 State Mapping,303,45450,45750,20,3,0,1.0,1
HydraulicSystems,2,cooler_condition,STCG-v1 State Mapping,306,45900,46200,20,3,0,1.0,1
HydraulicSystems,2,cooler_condition,STCG-v1 State Mapping,307,46050,46350,20,100,0,1.0,0
HydraulicSystems,2,cooler_condition,STCG-v1 State Mapping,308,46200,46500,20,100,0,1.0,0
HydraulicSystems,2,cooler_condition,STCG-v1 State Mapping,309,46350,46650,20,3,0,1.0,1
HydraulicSystems,2,cooler_condition,STCG-v1 State Mapping,311,46650,46950,20,100,0,1.0,0
HydraulicSystems,2,cooler_condition,STCG-v1 State Mapping,313,46950,47250,20,100,0,1.0,0
HydraulicSystems,2,cooler_condition,STCG-v1 State Mapping,315,47250,47550,20,3,0,1.0,1
HydraulicSystems,2,cooler_condition,STCG-v1 State Mapping,318,47700,48000,20,3,0,1.0,1
HydraulicSystems,2,cooler_condition,STCG-v1 State Mapping,320,48000,48300,20,100,0,1.0,0
HydraulicSystems,2,cooler_condition,STCG-v1 State Mapping,321,48150,48450,20,100,0,1.0,0
HydraulicSystems,2,cooler_condition,STCG-v1 State Mapping,322,48300,48600,20,100,0,1.0,0
HydraulicSystems,2,cooler_condition,STCG-v1 State Mapping,323,48450,48750,20,100,0,1.0,0
HydraulicSystems,2,cooler_condition,STCG-v1 State Mapping,324,48600,48900,20,100,0,1.0,0
HydraulicSystems,2,cooler_condition,STCG-v1 State Mapping,325,48750,49050,20,100,0,1.0,0
HydraulicSystems,2,cooler_condition,STCG-v1 State Mapping,328,49200,49500,20,100,0,1.0,0
HydraulicSystems,2,cooler_condition,STCG-v1 State Mapping,330,49500,49800,20,100,0,1.0,0
HydraulicSystems,2,cooler_condition,STCG-v1 State Mapping,331,49650,49950,20,100,0,1.0,0
HydraulicSystems,2,cooler_condition,STCG-v1 State Mapping,332,49800,50100,20,100,0,1.0,0
HydraulicSystems,2,cooler_condition,STCG-v1 State Mapping,333,49950,50250,20,100,0,1.0,0
HydraulicSystems,2,cooler_condition,STCG-v1 State Mapping,337,50550,50850,20,100,0,1.0,0
HydraulicSystems,2,cooler_condition,STCG-v1 State Mapping,338,50700,51000,20,100,0,1.0,0
HydraulicSystems,2,cooler_condition,STCG-v1 State Mapping,339,50850,51150,20,100,0,1.0,0
HydraulicSystems,2,cooler_condition,STCG-v1 State Mapping,341,51150,51450,20,100,0,1.0,0
HydraulicSystems,2,cooler_condition,STCG-v1 State Mapping,342,51300,51600,20,100,0,1.0,0
HydraulicSystems,2,cooler_condition,STCG-v1 State Mapping,346,51900,52200,20,3,0,1.0,1
HydraulicSystems,2,cooler_condition,STCG-v1 State Mapping,347,52050,52350,20,100,0,1.0,0
HydraulicSystems,2,cooler_condition,STCG-v1 State Mapping,348,52200,52500,20,3,0,1.0,1
HydraulicSystems,2,cooler_condition,STCG-v1 State Mapping,351,52650,52950,20,100,0,1.0,0
HydraulicSystems,2,cooler_condition,STCG-v1 State Mapping,354,53100,53400,20,100,0,1.0,0
HydraulicSystems,2,cooler_condition,STCG-v1 State Mapping,356,53400,53700,20,100,0,1.0,0
HydraulicSystems,2,cooler_condition,STCG-v1 State Mapping,357,53550,53850,20,100,0,1.0,0
HydraulicSystems,2,cooler_condition,STCG-v1 State Mapping,358,53700,54000,20,100,0,1.0,0
HydraulicSystems,2,cooler_condition,STCG-v1 State Mapping,362,54300,54600,20,100,0,1.0,0
HydraulicSystems,2,cooler_condition,STCG-v1 State Mapping,363,54450,54750,20,100,0,1.0,0
HydraulicSystems,2,cooler_condition,STCG-v1 State Mapping,364,54600,54900,20,100,0,1.0,0
HydraulicSystems,2,cooler_condition,STCG-v1 State Mapping,366,54900,55200,20,100,0,1.0,0
HydraulicSystems,2,cooler_condition,STCG-v1 State Mapping,367,55050,55350,20,100,0,1.0,0
HydraulicSystems,2,cooler_condition,STCG-v1 State Mapping,369,55350,55650,20,100,0,1.0,0
HydraulicSystems,2,cooler_condition,STCG-v1 State Mapping,370,55500,55800,20,100,0,1.0,0
HydraulicSystems,2,cooler_condition,STCG-v1 State Mapping,371,55650,55950,20,100,0,1.0,0
HydraulicSystems,2,cooler_condition,STCG-v1 State Mapping,372,55800,56100,20,3,0,1.0,1
HydraulicSystems,2,cooler_condition,STCG-v1 State Mapping,373,55950,56250,20,3,0,1.0,1
HydraulicSystems,2,cooler_condition,STCG-v1 State Mapping,376,56400,56700,20,100,0,1.0,0
HydraulicSystems,2,cooler_condition,STCG-v1 State Mapping,380,57000,57300,20,100,0,1.0,0
HydraulicSystems,2,cooler_condition,STCG-v1 State Mapping,383,57450,57750,20,100,0,1.0,0
HydraulicSystems,2,cooler_condition,STCG-v1 State Mapping,384,57600,57900,20,100,0,1.0,0
HydraulicSystems,2,cooler_condition,STCG-v1 State Mapping,385,57750,58050,20,100,0,1.0,0
HydraulicSystems,2,cooler_condition,STCG-v1 State Mapping,388,58200,58500,20,100,0,1.0,0
HydraulicSystems,2,cooler_condition,STCG-v1 State Mapping,392,58800,59100,20,100,0,1.0,0
HydraulicSystems,2,cooler_condition,STCG-v1 State Mapping,396,59400,59700,20,100,0,1.0,0
HydraulicSystems,2,cooler_condition,STCG-v1 State Mapping,398,59700,60000,20,100,0,1.0,0
HydraulicSystems,2,cooler_condition,STCG-v1 State Mapping,402,60300,60600,20,100,0,1.0,0
HydraulicSystems,2,cooler_condition,STCG-v1 State Mapping,407,61050,61350,20,100,0,1.0,0
HydraulicSystems,2,cooler_condition,STCG-v1 State Mapping,408,61200,61500,20,100,0,1.0,0
HydraulicSystems,2,cooler_condition,STCG-v1 State Mapping,410,61500,61800,20,100,0,1.0,0
HydraulicSystems,2,cooler_condition,STCG-v1 State Mapping,411,61650,61950,20,100,0,1.0,0
HydraulicSystems,2,cooler_condition,STCG-v1 State Mapping,416,62400,62700,20,100,0,1.0,0
HydraulicSystems,2,cooler_condition,STCG-v1 State Mapping,417,62550,62850,20,100,0,1.0,0
HydraulicSystems,2,cooler_condition,STCG-v1 State Mapping,420,63000,63300,20,100,0,1.0,0
HydraulicSystems,2,cooler_condition,STCG-v1 State Mapping,422,63300,63600,20,100,0,1.0,0
HydraulicSystems,2,cooler_condition,STCG-v1 State Mapping,423,63450,63750,20,100,0,1.0,0
HydraulicSystems,2,cooler_condition,STCG-v1 State Mapping,424,63600,63900,20,100,0,1.0,0
HydraulicSystems,2,cooler_condition,STCG-v1 State Mapping,425,63750,64050,20,3,0,1.0,1
HydraulicSystems,2,cooler_condition,STCG-v1 State Mapping,426,63900,64200,20,100,0,1.0,0
HydraulicSystems,2,cooler_condition,STCG-v1 State Mapping,428,64200,64500,20,100,0,1.0,0
HydraulicSystems,2,cooler_condition,STCG-v1 State Mapping,430,64500,64800,20,100,0,1.0,0
HydraulicSystems,2,cooler_condition,STCG-v1 State Mapping,431,64650,64950,20,100,0,1.0,0
HydraulicSystems,2,cooler_condition,STCG-v1 State Mapping,432,64800,65100,20,100,0,1.0,0
HydraulicSystems,2,cooler_condition,STCG-v1 State Mapping,433,64950,65250,20,100,0,1.0,0
HydraulicSystems,2,cooler_condition,STCG-v1 State Mapping,436,65400,65700,20,100,0,1.0,0
HydraulicSystems,2,cooler_condition,STCG-v1 State Mapping,437,65550,65850,20,100,0,1.0,0
HydraulicSystems,2,cooler_condition,STCG-v1 State Mapping,445,66750,67050,20,100,0,1.0,0
HydraulicSystems,2,cooler_condition,STCG-v1 State Mapping,446,66900,67200,20,100,0,1.0,0
HydraulicSystems,2,cooler_condition,STCG-v1 State Mapping,448,67200,67500,20,100,0,1.0,0
HydraulicSystems,2,cooler_condition,STCG-v1 State Mapping,455,68250,68550,20,100,0,1.0,0
HydraulicSystems,2,cooler_condition,STCG-v1 State Mapping,456,68400,68700,20,100,0,1.0,0
HydraulicSystems,2,cooler_condition,STCG-v1 State Mapping,457,68550,68850,20,100,0,1.0,0
HydraulicSystems,2,cooler_condition,STCG-v1 State Mapping,458,68700,69000,20,100,0,1.0,0
HydraulicSystems,2,cooler_condition,STCG-v1 State Mapping,460,69000,69300,20,100,0,1.0,0
HydraulicSystems,2,cooler_condition,STCG-v1 State Mapping,461,69150,69450,20,100,0,1.0,0
HydraulicSystems,2,cooler_condition,STCG-v1 State Mapping,462,69300,69600,20,100,0,1.0,0
HydraulicSystems,2,cooler_condition,STCG-v1 State Mapping,463,69450,69750,20,100,0,1.0,0
HydraulicSystems,2,cooler_condition,STCG-v1 State Mapping,464,69600,69900,20,100,0,1.0,0
HydraulicSystems,2,cooler_condition,STCG-v1 State Mapping,466,69900,70200,20,100,0,1.0,0
HydraulicSystems,2,cooler_condition,STCG-v1 State Mapping,469,70350,70650,20,3,0,1.0,1
HydraulicSystems,2,cooler_condition,STCG-v1 State Mapping,472,70800,71100,20,100,0,1.0,0
HydraulicSystems,2,cooler_condition,STCG-v1 State Mapping,474,71100,71400,20,100,0,1.0,0
HydraulicSystems,2,cooler_condition,STCG-v1 State Mapping,477,71550,71850,20,100,0,1.0,0
HydraulicSystems,2,cooler_condition,STCG-v1 State Mapping,478,71700,72000,20,100,0,1.0,0
HydraulicSystems,2,cooler_condition,STCG-v1 State Mapping,479,71850,72150,20,100,0,1.0,0
HydraulicSystems,2,cooler_condition,STCG-v1 State Mapping,481,72150,72450,20,100,0,1.0,0
HydraulicSystems,2,cooler_condition,STCG-v1 State Mapping,485,72750,73050,20,100,0,1.0,0
HydraulicSystems,2,cooler_condition,STCG-v1 State Mapping,486,72900,73200,20,100,0,1.0,0
HydraulicSystems,2,cooler_condition,STCG-v1 State Mapping,488,73200,73500,20,100,0,1.0,0
HydraulicSystems,2,cooler_condition,STCG-v1 State Mapping,491,73650,73950,20,100,0,1.0,0
HydraulicSystems,2,cooler_condition,STCG-v1 State Mapping,492,73800,74100,20,100,0,1.0,0
HydraulicSystems,2,cooler_condition,STCG-v1 State Mapping,496,74400,74700,20,100,0,1.0,0
HydraulicSystems,2,cooler_condition,STCG-v1 State Mapping,498,74700,75000,20,100,0,1.0,0
HydraulicSystems,2,cooler_condition,STCG-v1 State Mapping,500,75000,75300,20,100,0,1.0,0
HydraulicSystems,2,cooler_condition,STCG-v1 State Mapping,502,75300,75600,20,100,0,1.0,0
HydraulicSystems,2,cooler_condition,STCG-v1 State Mapping,503,75450,75750,20,100,0,1.0,0
HydraulicSystems,2,cooler_condition,STCG-v1 State Mapping,504,75600,75900,20,100,0,1.0,0
HydraulicSystems,2,cooler_condition,STCG-v1 State Mapping,507,76050,76350,20,100,0,1.0,0
HydraulicSystems,2,cooler_condition,STCG-v1 State Mapping,508,76200,76500,20,100,0,1.0,0
HydraulicSystems,2,cooler_condition,STCG-v1 State Mapping,509,76350,76650,20,100,0,1.0,0
HydraulicSystems,2,cooler_condition,STCG-v1 State Mapping,510,76500,76800,20,100,0,1.0,0
HydraulicSystems,2,cooler_condition,STCG-v1 State Mapping,511,76650,76950,20,100,0,1.0,0
HydraulicSystems,2,cooler_condition,STCG-v1 State Mapping,512,76800,77100,20,100,0,1.0,0
HydraulicSystems,2,cooler_condition,STCG-v1 State Mapping,514,77100,77400,20,100,0,1.0,0
HydraulicSystems,2,cooler_condition,STCG-v1 State Mapping,516,77400,77700,20,100,0,1.0,0
HydraulicSystems,2,cooler_condition,STCG-v1 State Mapping,519,77850,78150,20,100,0,1.0,0
HydraulicSystems,2,cooler_condition,STCG-v1 State Mapping,522,78300,78600,20,100,0,1.0,0
HydraulicSystems,2,cooler_condition,STCG-v1 State Mapping,523,78450,78750,20,100,0,1.0,0
HydraulicSystems,2,cooler_condition,STCG-v1 State Mapping,526,78900,79200,20,100,0,1.0,0
HydraulicSystems,2,cooler_condition,STCG-v1 State Mapping,527,79050,79350,20,100,0,1.0,0
HydraulicSystems,2,cooler_condition,STCG-v1 State Mapping,528,79200,79500,20,100,0,1.0,0
HydraulicSystems,2,cooler_condition,STCG-v1 State Mapping,533,79950,80250,20,100,0,1.0,0
HydraulicSystems,2,cooler_condition,STCG-v1 State Mapping,536,80400,80700,20,100,0,1.0,0
HydraulicSystems,2,cooler_condition,STCG-v1 State Mapping,537,80550,80850,20,100,0,1.0,0
HydraulicSystems,2,cooler_condition,STCG-v1 State Mapping,540,81000,81300,20,100,0,1.0,0
HydraulicSystems,2,cooler_condition,STCG-v1 State Mapping,541,81150,81450,20,100,0,1.0,0
HydraulicSystems,2,cooler_condition,STCG-v1 State Mapping,542,81300,81600,20,100,0,1.0,0
HydraulicSystems,2,cooler_condition,STCG-v1 State Mapping,546,81900,82200,20,100,0,1.0,0
HydraulicSystems,2,cooler_condition,STCG-v1 State Mapping,547,82050,82350,20,100,0,1.0,0
HydraulicSystems,2,cooler_condition,STCG-v1 State Mapping,551,82650,82950,20,100,0,1.0,0
HydraulicSystems,2,cooler_condition,STCG-v1 State Mapping,552,82800,83100,20,100,0,1.0,0
HydraulicSystems,2,cooler_condition,STCG-v1 State Mapping,553,82950,83250,20,100,0,1.0,0
HydraulicSystems,2,cooler_condition,STCG-v1 State Mapping,555,83250,83550,20,100,0,1.0,0
HydraulicSystems,2,cooler_condition,STCG-v1 State Mapping,557,83550,83850,20,100,0,1.0,0
HydraulicSystems,2,cooler_condition,STCG-v1 State Mapping,561,84150,84450,20,100,0,1.0,0
HydraulicSystems,2,cooler_condition,STCG-v1 State Mapping,564,84600,84900,20,100,0,1.0,0
HydraulicSystems,2,cooler_condition,STCG-v1 State Mapping,565,84750,85050,20,100,0,1.0,0
HydraulicSystems,2,cooler_condition,STCG-v1 State Mapping,566,84900,85200,20,100,0,1.0,0
HydraulicSystems,2,cooler_condition,STCG-v1 State Mapping,567,85050,85350,20,100,0,1.0,0
HydraulicSystems,2,cooler_condition,STCG-v1 State Mapping,568,85200,85500,20,3,0,1.0,1
HydraulicSystems,2,cooler_condition,STCG-v1 State Mapping,574,86100,86400,20,100,0,1.0,0
HydraulicSystems,2,cooler_condition,STCG-v1 State Mapping,581,87150,87450,20,100,0,1.0,0
HydraulicSystems,2,cooler_condition,STCG-v1 State Mapping,584,87600,87900,20,3,0,0.8,1
HydraulicSystems,2,cooler_condition,STCG-v1 State Mapping,585,87750,88050,100,3,0,0.7,1
HydraulicSystems,2,cooler_condition,STCG-v1 State Mapping,587,88050,88350,100,3,0,1.0,1
HydraulicSystems,2,cooler_condition,STCG-v1 State Mapping,589,88350,88650,100,3,0,1.0,1
HydraulicSystems,2,cooler_condition,STCG-v1 State Mapping,590,88500,88800,100,100,1,1.0,0
HydraulicSystems,2,cooler_condition,STCG-v1 State Mapping,595,89250,89550,100,100,1,1.0,0
HydraulicSystems,2,cooler_condition,STCG-v1 State Mapping,596,89400,89700,100,100,1,1.0,0
HydraulicSystems,2,cooler_condition,STCG-v1 State Mapping,598,89700,90000,100,100,1,1.0,0
HydraulicSystems,2,cooler_condition,STCG-v1 State Mapping,599,89850,90150,100,100,1,1.0,0
HydraulicSystems,2,cooler_condition,STCG-v1 State Mapping,600,90000,90300,100,100,1,1.0,0
HydraulicSystems,2,cooler_condition,STCG-v1 State Mapping,602,90300,90600,100,100,1,1.0,0
HydraulicSystems,2,cooler_condition,STCG-v1 State Mapping,607,91050,91350,100,100,1,1.0,0
HydraulicSystems,2,cooler_condition,STCG-v1 State Mapping,608,91200,91500,100,100,1,1.0,0
HydraulicSystems,2,cooler_condition,STCG-v1 State Mapping,611,91650,91950,100,100,1,1.0,0
HydraulicSystems,2,cooler_condition,STCG-v1 State Mapping,612,91800,92100,100,100,1,1.0,0
HydraulicSystems,2,cooler_condition,STCG-v1 State Mapping,616,92400,92700,100,100,1,1.0,0
HydraulicSystems,2,cooler_condition,STCG-v1 State Mapping,617,92550,92850,100,100,1,1.0,0
HydraulicSystems,2,cooler_condition,STCG-v1 State Mapping,620,93000,93300,100,100,1,1.0,0
HydraulicSystems,2,cooler_condition,STCG-v1 State Mapping,621,93150,93450,100,100,1,1.0,0
HydraulicSystems,2,cooler_condition,STCG-v1 State Mapping,623,93450,93750,100,100,1,1.0,0
HydraulicSystems,2,cooler_condition,STCG-v1 State Mapping,624,93600,93900,100,100,1,1.0,0
HydraulicSystems,2,cooler_condition,STCG-v1 State Mapping,627,94050,94350,100,100,1,1.0,0
HydraulicSystems,2,cooler_condition,STCG-v1 State Mapping,630,94500,94800,100,100,1,1.0,0
HydraulicSystems,2,cooler_condition,STCG-v1 State Mapping,632,94800,95100,100,100,1,1.0,0
HydraulicSystems,2,cooler_condition,STCG-v1 State Mapping,633,94950,95250,100,100,1,1.0,0
HydraulicSystems,2,cooler_condition,STCG-v1 State Mapping,635,95250,95550,100,100,1,1.0,0
HydraulicSystems,2,cooler_condition,STCG-v1 State Mapping,637,95550,95850,100,100,1,1.0,0
HydraulicSystems,2,cooler_condition,STCG-v1 State Mapping,638,95700,96000,100,100,1,1.0,0
HydraulicSystems,2,cooler_condition,STCG-v1 State Mapping,644,96600,96900,100,100,1,1.0,0
HydraulicSystems,2,cooler_condition,STCG-v1 State Mapping,646,96900,97200,100,100,1,1.0,0
HydraulicSystems,2,cooler_condition,STCG-v1 State Mapping,651,97650,97950,100,100,1,1.0,0
HydraulicSystems,2,cooler_condition,STCG-v1 State Mapping,652,97800,98100,100,100,1,1.0,0
HydraulicSystems,2,cooler_condition,STCG-v1 State Mapping,654,98100,98400,100,100,1,1.0,0
HydraulicSystems,2,cooler_condition,STCG-v1 State Mapping,656,98400,98700,100,100,1,1.0,0
HydraulicSystems,2,cooler_condition,STCG-v1 State Mapping,659,98850,99150,100,100,1,1.0,0
HydraulicSystems,2,cooler_condition,STCG-v1 State Mapping,660,99000,99300,100,100,1,1.0,0
HydraulicSystems,2,cooler_condition,STCG-v1 State Mapping,663,99450,99750,100,100,1,1.0,0
HydraulicSystems,2,cooler_condition,STCG-v1 State Mapping,665,99750,100050,100,100,1,1.0,0
HydraulicSystems,2,cooler_condition,STCG-v1 State Mapping,666,99900,100200,100,100,1,1.0,0
HydraulicSystems,2,cooler_condition,STCG-v1 State Mapping,667,100050,100350,100,100,1,1.0,0
HydraulicSystems,2,cooler_condition,STCG-v1 State Mapping,671,100650,100950,100,100,1,1.0,0
HydraulicSystems,2,cooler_condition,STCG-v1 State Mapping,674,101100,101400,100,100,1,1.0,0
HydraulicSystems,2,cooler_condition,STCG-v1 State Mapping,678,101700,102000,100,100,1,1.0,0
HydraulicSystems,2,cooler_condition,STCG-v1 State Mapping,679,101850,102150,100,100,1,1.0,0
HydraulicSystems,2,cooler_condition,STCG-v1 State Mapping,682,102300,102600,100,100,1,1.0,0
HydraulicSystems,2,cooler_condition,STCG-v1 State Mapping,683,102450,102750,100,100,1,1.0,0
HydraulicSystems,2,cooler_condition,STCG-v1 State Mapping,685,102750,103050,100,100,1,1.0,0
HydraulicSystems,2,cooler_condition,STCG-v1 State Mapping,689,103350,103650,100,100,1,1.0,0
HydraulicSystems,2,cooler_condition,STCG-v1 State Mapping,692,103800,104100,100,100,1,1.0,0
HydraulicSystems,2,cooler_condition,STCG-v1 State Mapping,693,103950,104250,100,100,1,1.0,0
HydraulicSystems,2,cooler_condition,STCG-v1 State Mapping,695,104250,104550,100,100,1,1.0,0
HydraulicSystems,2,cooler_condition,STCG-v1 State Mapping,696,104400,104700,100,100,1,1.0,0
HydraulicSystems,2,cooler_condition,STCG-v1 State Mapping,697,104550,104850,100,100,1,1.0,0
HydraulicSystems,2,cooler_condition,STCG-v1 State Mapping,698,104700,105000,100,100,1,1.0,0
HydraulicSystems,2,cooler_condition,STCG-v1 State Mapping,699,104850,105150,100,100,1,1.0,0
HydraulicSystems,2,cooler_condition,STCG-v1 State Mapping,700,105000,105300,100,100,1,1.0,0
HydraulicSystems,2,cooler_condition,STCG-v1 State Mapping,701,105150,105450,100,100,1,1.0,0
HydraulicSystems,2,cooler_condition,STCG-v1 State Mapping,703,105450,105750,100,100,1,1.0,0
HydraulicSystems,2,cooler_condition,STCG-v1 State Mapping,705,105750,106050,100,100,1,1.0,0
HydraulicSystems,2,cooler_condition,STCG-v1 State Mapping,708,106200,106500,100,100,1,1.0,0
HydraulicSystems,2,cooler_condition,STCG-v1 State Mapping,710,106500,106800,100,100,1,1.0,0
HydraulicSystems,2,cooler_condition,STCG-v1 State Mapping,711,106650,106950,100,100,1,1.0,0
HydraulicSystems,2,cooler_condition,STCG-v1 State Mapping,712,106800,107100,100,100,1,1.0,0
HydraulicSystems,2,cooler_condition,STCG-v1 State Mapping,714,107100,107400,100,100,1,1.0,0
HydraulicSystems,2,cooler_condition,STCG-v1 State Mapping,715,107250,107550,100,100,1,1.0,0
HydraulicSystems,2,cooler_condition,STCG-v1 State Mapping,717,107550,107850,100,100,1,1.0,0
HydraulicSystems,2,cooler_condition,STCG-v1 State Mapping,719,107850,108150,100,100,1,1.0,0
HydraulicSystems,2,cooler_condition,STCG-v1 State Mapping,720,108000,108300,100,100,1,1.0,0
HydraulicSystems,2,cooler_condition,STCG-v1 State Mapping,721,108150,108450,100,100,1,1.0,0
HydraulicSystems,2,cooler_condition,STCG-v1 State Mapping,723,108450,108750,100,100,1,1.0,0
HydraulicSystems,2,cooler_condition,STCG-v1 State Mapping,724,108600,108900,100,100,1,1.0,0
HydraulicSystems,2,cooler_condition,STCG-v1 State Mapping,725,108750,109050,100,100,1,1.0,0
HydraulicSystems,2,cooler_condition,STCG-v1 State Mapping,726,108900,109200,100,100,1,1.0,0
HydraulicSystems,2,cooler_condition,STCG-v1 State Mapping,727,109050,109350,100,100,1,1.0,0
HydraulicSystems,2,cooler_condition,STCG-v1 State Mapping,728,109200,109500,100,100,1,1.0,0
HydraulicSystems,2,cooler_condition,STCG-v1 State Mapping,729,109350,109650,100,100,1,1.0,0
HydraulicSystems,2,cooler_condition,STCG-v1 State Mapping,731,109650,109950,100,100,1,1.0,0
HydraulicSystems,2,cooler_condition,STCG-v1 State Mapping,733,109950,110250,100,100,1,1.0,0
HydraulicSystems,2,cooler_condition,STCG-v1 State Mapping,735,110250,110550,100,100,1,1.0,0
HydraulicSystems,2,cooler_condition,STCG-v1 State Mapping,736,110400,110700,100,100,1,1.0,0
HydraulicSystems,2,cooler_condition,STCG-v1 State Mapping,739,110850,111150,100,100,1,1.0,0
HydraulicSystems,2,cooler_condition,STCG-v1 State Mapping,740,111000,111300,100,100,1,1.0,0
HydraulicSystems,2,cooler_condition,STCG-v1 State Mapping,742,111300,111600,100,100,1,1.0,0
HydraulicSystems,2,cooler_condition,STCG-v1 State Mapping,746,111900,112200,100,100,1,1.0,0
HydraulicSystems,2,cooler_condition,STCG-v1 State Mapping,749,112350,112650,100,100,1,1.0,0
HydraulicSystems,2,cooler_condition,STCG-v1 State Mapping,750,112500,112800,100,100,1,1.0,0
HydraulicSystems,2,cooler_condition,STCG-v1 State Mapping,753,112950,113250,100,100,1,1.0,0
HydraulicSystems,2,cooler_condition,STCG-v1 State Mapping,756,113400,113700,100,100,1,1.0,0
HydraulicSystems,2,cooler_condition,STCG-v1 State Mapping,758,113700,114000,100,100,1,1.0,0
HydraulicSystems,2,cooler_condition,STCG-v1 State Mapping,759,113850,114150,100,100,1,1.0,0
HydraulicSystems,2,cooler_condition,STCG-v1 State Mapping,760,114000,114300,100,100,1,1.0,0
HydraulicSystems,2,cooler_condition,STCG-v1 State Mapping,761,114150,114450,100,100,1,1.0,0
HydraulicSystems,2,cooler_condition,STCG-v1 State Mapping,762,114300,114600,100,100,1,1.0,0
HydraulicSystems,2,cooler_condition,STCG-v1 State Mapping,764,114600,114900,100,100,1,1.0,0
HydraulicSystems,2,cooler_condition,STCG-v1 State Mapping,766,114900,115200,100,100,1,1.0,0
HydraulicSystems,2,cooler_condition,STCG-v1 State Mapping,767,115050,115350,100,100,1,1.0,0
HydraulicSystems,2,cooler_condition,STCG-v1 State Mapping,768,115200,115500,100,100,1,1.0,0
HydraulicSystems,2,cooler_condition,STCG-v1 State Mapping,769,115350,115650,100,100,1,1.0,0
HydraulicSystems,2,cooler_condition,STCG-v1 State Mapping,776,116400,116700,100,100,1,1.0,0
HydraulicSystems,2,cooler_condition,STCG-v1 State Mapping,781,117150,117450,100,100,1,1.0,0
HydraulicSystems,2,cooler_condition,STCG-v1 State Mapping,782,117300,117600,100,100,1,1.0,0
HydraulicSystems,2,cooler_condition,STCG-v1 State Mapping,783,117450,117750,100,100,1,1.0,0
HydraulicSystems,2,cooler_condition,STCG-v1 State Mapping,785,117750,118050,100,100,1,1.0,0
HydraulicSystems,2,cooler_condition,STCG-v1 State Mapping,789,118350,118650,100,100,1,1.0,0
HydraulicSystems,2,cooler_condition,STCG-v1 State Mapping,794,119100,119400,100,100,1,1.0,0
HydraulicSystems,2,cooler_condition,STCG-v1 State Mapping,795,119250,119550,100,100,1,1.0,0
HydraulicSystems,2,cooler_condition,STCG-v1 State Mapping,797,119550,119850,100,100,1,1.0,0
HydraulicSystems,2,cooler_condition,STCG-v1 State Mapping,801,120150,120450,100,100,1,1.0,0
HydraulicSystems,2,cooler_condition,STCG-v1 State Mapping,802,120300,120600,100,100,1,1.0,0
HydraulicSystems,2,cooler_condition,STCG-v1 State Mapping,803,120450,120750,100,100,1,1.0,0
HydraulicSystems,2,cooler_condition,STCG-v1 State Mapping,807,121050,121350,100,100,1,1.0,0
HydraulicSystems,2,cooler_condition,STCG-v1 State Mapping,810,121500,121800,100,100,1,1.0,0
HydraulicSystems,2,cooler_condition,STCG-v1 State Mapping,811,121650,121950,100,100,1,1.0,0
HydraulicSystems,2,cooler_condition,STCG-v1 State Mapping,814,122100,122400,100,100,1,1.0,0
HydraulicSystems,2,cooler_condition,STCG-v1 State Mapping,815,122250,122550,100,100,1,1.0,0
HydraulicSystems,2,cooler_condition,STCG-v1 State Mapping,817,122550,122850,100,100,1,1.0,0
HydraulicSystems,2,cooler_condition,STCG-v1 State Mapping,820,123000,123300,100,100,1,1.0,0
HydraulicSystems,2,cooler_condition,STCG-v1 State Mapping,822,123300,123600,100,100,1,1.0,0
HydraulicSystems,2,cooler_condition,STCG-v1 State Mapping,823,123450,123750,100,100,1,1.0,0
HydraulicSystems,2,cooler_condition,STCG-v1 State Mapping,825,123750,124050,100,100,1,1.0,0
HydraulicSystems,2,cooler_condition,STCG-v1 State Mapping,827,124050,124350,100,100,1,1.0,0
HydraulicSystems,2,cooler_condition,STCG-v1 State Mapping,829,124350,124650,100,100,1,1.0,0
HydraulicSystems,2,cooler_condition,STCG-v1 State Mapping,830,124500,124800,100,100,1,1.0,0
HydraulicSystems,2,cooler_condition,STCG-v1 State Mapping,831,124650,124950,100,100,1,1.0,0
HydraulicSystems,2,cooler_condition,STCG-v1 State Mapping,833,124950,125250,100,100,1,1.0,0
HydraulicSystems,2,cooler_condition,STCG-v1 State Mapping,834,125100,125400,100,100,1,1.0,0
HydraulicSystems,2,cooler_condition,STCG-v1 State Mapping,837,125550,125850,100,100,1,1.0,0
HydraulicSystems,2,cooler_condition,STCG-v1 State Mapping,839,125850,126150,100,100,1,1.0,0
HydraulicSystems,2,cooler_condition,STCG-v1 State Mapping,840,126000,126300,100,100,1,1.0,0
HydraulicSystems,2,cooler_condition,STCG-v1 State Mapping,843,126450,126750,100,100,1,1.0,0
HydraulicSystems,2,cooler_condition,STCG-v1 State Mapping,844,126600,126900,100,100,1,1.0,0
HydraulicSystems,2,cooler_condition,STCG-v1 State Mapping,846,126900,127200,100,100,1,1.0,0
HydraulicSystems,2,cooler_condition,STCG-v1 State Mapping,847,127050,127350,100,100,1,1.0,0
HydraulicSystems,2,cooler_condition,STCG-v1 State Mapping,848,127200,127500,100,100,1,1.0,0
HydraulicSystems,2,cooler_condition,STCG-v1 State Mapping,850,127500,127800,100,100,1,1.0,0
HydraulicSystems,2,cooler_condition,STCG-v1 State Mapping,853,127950,128250,100,100,1,1.0,0
HydraulicSystems,2,cooler_condition,STCG-v1 State Mapping,854,128100,128400,100,100,1,1.0,0
HydraulicSystems,2,cooler_condition,STCG-v1 State Mapping,855,128250,128550,100,100,1,1.0,0
HydraulicSystems,2,cooler_condition,STCG-v1 State Mapping,859,128850,129150,100,100,1,1.0,0
HydraulicSystems,2,cooler_condition,STCG-v1 State Mapping,860,129000,129300,100,100,1,1.0,0
HydraulicSystems,2,cooler_condition,STCG-v1 State Mapping,861,129150,129450,100,100,1,1.0,0
HydraulicSystems,2,cooler_condition,STCG-v1 State Mapping,862,129300,129600,100,100,1,1.0,0
HydraulicSystems,2,cooler_condition,STCG-v1 State Mapping,866,129900,130200,100,100,1,1.0,0
HydraulicSystems,2,cooler_condition,STCG-v1 State Mapping,867,130050,130350,100,100,1,1.0,0
HydraulicSystems,2,cooler_condition,STCG-v1 State Mapping,868,130200,130500,100,100,1,1.0,0
HydraulicSystems,2,cooler_condition,STCG-v1 State Mapping,869,130350,130650,100,100,1,1.0,0
HydraulicSystems,2,cooler_condition,STCG-v1 State Mapping,870,130500,130800,100,100,1,1.0,0
HydraulicSystems,2,cooler_condition,STCG-v1 State Mapping,874,131100,131400,100,100,1,1.0,0
HydraulicSystems,2,cooler_condition,STCG-v1 State Mapping,880,132000,132300,100,100,1,1.0,0
HydraulicSystems,3,cooler_condition,Train Majority,1,150,450,3,100,0,1.0,1
HydraulicSystems,3,cooler_condition,Train Majority,2,300,600,3,100,0,1.0,1
HydraulicSystems,3,cooler_condition,Train Majority,5,750,1050,3,100,0,1.0,1
HydraulicSystems,3,cooler_condition,Train Majority,6,900,1200,3,100,0,1.0,1
HydraulicSystems,3,cooler_condition,Train Majority,8,1200,1500,3,100,0,1.0,1
HydraulicSystems,3,cooler_condition,Train Majority,9,1350,1650,3,100,0,1.0,1
HydraulicSystems,3,cooler_condition,Train Majority,10,1500,1800,3,100,0,1.0,1
HydraulicSystems,3,cooler_condition,Train Majority,11,1650,1950,3,100,0,1.0,1
HydraulicSystems,3,cooler_condition,Train Majority,12,1800,2100,3,100,0,1.0,1
HydraulicSystems,3,cooler_condition,Train Majority,14,2100,2400,3,100,0,1.0,1
HydraulicSystems,3,cooler_condition,Train Majority,21,3150,3450,3,100,0,1.0,1
HydraulicSystems,3,cooler_condition,Train Majority,22,3300,3600,3,100,0,1.0,1
HydraulicSystems,3,cooler_condition,Train Majority,24,3600,3900,3,100,0,1.0,1
HydraulicSystems,3,cooler_condition,Train Majority,25,3750,4050,3,100,0,1.0,1
HydraulicSystems,3,cooler_condition,Train Majority,27,4050,4350,3,100,0,1.0,1
HydraulicSystems,3,cooler_condition,Train Majority,28,4200,4500,3,100,0,1.0,1
HydraulicSystems,3,cooler_condition,Train Majority,29,4350,4650,3,100,0,1.0,1
HydraulicSystems,3,cooler_condition,Train Majority,32,4800,5100,3,100,0,1.0,1
HydraulicSystems,3,cooler_condition,Train Majority,33,4950,5250,3,100,0,1.0,1
HydraulicSystems,3,cooler_condition,Train Majority,34,5100,5400,3,100,0,1.0,1
HydraulicSystems,3,cooler_condition,Train Majority,37,5550,5850,3,100,0,1.0,1
HydraulicSystems,3,cooler_condition,Train Majority,38,5700,6000,3,100,0,1.0,1
HydraulicSystems,3,cooler_condition,Train Majority,39,5850,6150,3,100,0,1.0,1
HydraulicSystems,3,cooler_condition,Train Majority,42,6300,6600,3,100,0,1.0,1
HydraulicSystems,3,cooler_condition,Train Majority,46,6900,7200,3,100,0,1.0,1
HydraulicSystems,3,cooler_condition,Train Majority,47,7050,7350,3,100,0,1.0,1
HydraulicSystems,3,cooler_condition,Train Majority,48,7200,7500,3,100,0,1.0,1
HydraulicSystems,3,cooler_condition,Train Majority,49,7350,7650,3,100,0,1.0,1
HydraulicSystems,3,cooler_condition,Train Majority,50,7500,7800,3,100,0,1.0,1
HydraulicSystems,3,cooler_condition,Train Majority,53,7950,8250,3,100,0,1.0,1
HydraulicSystems,3,cooler_condition,Train Majority,56,8400,8700,3,100,0,1.0,0
HydraulicSystems,3,cooler_condition,Train Majority,57,8550,8850,3,100,0,1.0,1
HydraulicSystems,3,cooler_condition,Train Majority,58,8700,9000,3,100,0,1.0,1
HydraulicSystems,3,cooler_condition,Train Majority,61,9150,9450,3,100,0,1.0,1
HydraulicSystems,3,cooler_condition,Train Majority,67,10050,10350,3,100,0,1.0,1
HydraulicSystems,3,cooler_condition,Train Majority,69,10350,10650,3,100,0,1.0,1
HydraulicSystems,3,cooler_condition,Train Majority,70,10500,10800,3,100,0,1.0,1
HydraulicSystems,3,cooler_condition,Train Majority,73,10950,11250,3,100,0,1.0,1
HydraulicSystems,3,cooler_condition,Train Majority,74,11100,11400,3,100,0,1.0,1
HydraulicSystems,3,cooler_condition,Train Majority,76,11400,11700,3,100,0,1.0,1
HydraulicSystems,3,cooler_condition,Train Majority,77,11550,11850,3,100,0,1.0,1
HydraulicSystems,3,cooler_condition,Train Majority,78,11700,12000,3,100,0,1.0,1
HydraulicSystems,3,cooler_condition,Train Majority,85,12750,13050,3,100,0,1.0,1
HydraulicSystems,3,cooler_condition,Train Majority,86,12900,13200,3,100,0,1.0,1
HydraulicSystems,3,cooler_condition,Train Majority,92,13800,14100,3,100,0,1.0,1
HydraulicSystems,3,cooler_condition,Train Majority,94,14100,14400,3,100,0,1.0,1
HydraulicSystems,3,cooler_condition,Train Majority,95,14250,14550,3,100,0,1.0,1
HydraulicSystems,3,cooler_condition,Train Majority,96,14400,14700,3,100,0,1.0,1
HydraulicSystems,3,cooler_condition,Train Majority,97,14550,14850,3,100,0,1.0,1
HydraulicSystems,3,cooler_condition,Train Majority,98,14700,15000,3,100,0,1.0,1
HydraulicSystems,3,cooler_condition,Train Majority,99,14850,15150,3,100,0,1.0,1
HydraulicSystems,3,cooler_condition,Train Majority,100,15000,15300,3,100,0,1.0,1
HydraulicSystems,3,cooler_condition,Train Majority,101,15150,15450,3,100,0,1.0,1
HydraulicSystems,3,cooler_condition,Train Majority,102,15300,15600,3,100,0,1.0,1
HydraulicSystems,3,cooler_condition,Train Majority,103,15450,15750,3,100,0,1.0,1
HydraulicSystems,3,cooler_condition,Train Majority,104,15600,15900,3,100,0,1.0,1
HydraulicSystems,3,cooler_condition,Train Majority,105,15750,16050,3,100,0,1.0,1
HydraulicSystems,3,cooler_condition,Train Majority,106,15900,16200,3,100,0,1.0,1
HydraulicSystems,3,cooler_condition,Train Majority,109,16350,16650,3,100,0,1.0,1
HydraulicSystems,3,cooler_condition,Train Majority,110,16500,16800,3,100,0,1.0,1
HydraulicSystems,3,cooler_condition,Train Majority,117,17550,17850,3,100,0,1.0,1
HydraulicSystems,3,cooler_condition,Train Majority,118,17700,18000,3,100,0,1.0,1
HydraulicSystems,3,cooler_condition,Train Majority,123,18450,18750,3,100,0,1.0,1
HydraulicSystems,3,cooler_condition,Train Majority,125,18750,19050,3,100,0,1.0,1
HydraulicSystems,3,cooler_condition,Train Majority,127,19050,19350,3,100,0,1.0,1
HydraulicSystems,3,cooler_condition,Train Majority,135,20250,20550,3,100,0,1.0,1
HydraulicSystems,3,cooler_condition,Train Majority,136,20400,20700,3,100,0,1.0,1
HydraulicSystems,3,cooler_condition,Train Majority,138,20700,21000,3,100,0,1.0,1
HydraulicSystems,3,cooler_condition,Train Majority,140,21000,21300,3,100,0,1.0,1
HydraulicSystems,3,cooler_condition,Train Majority,141,21150,21450,3,100,0,1.0,1
HydraulicSystems,3,cooler_condition,Train Majority,142,21300,21600,3,100,0,1.0,1
HydraulicSystems,3,cooler_condition,Train Majority,144,21600,21900,3,100,0,1.0,1
HydraulicSystems,3,cooler_condition,Train Majority,147,22050,22350,3,100,0,1.0,1
HydraulicSystems,3,cooler_condition,Train Majority,148,22200,22500,3,100,0,1.0,1
HydraulicSystems,3,cooler_condition,Train Majority,150,22500,22800,3,100,0,1.0,1
HydraulicSystems,3,cooler_condition,Train Majority,151,22650,22950,3,100,0,1.0,1
HydraulicSystems,3,cooler_condition,Train Majority,152,22800,23100,3,100,0,1.0,1
HydraulicSystems,3,cooler_condition,Train Majority,154,23100,23400,3,100,0,1.0,1
HydraulicSystems,3,cooler_condition,Train Majority,155,23250,23550,3,100,0,1.0,1
HydraulicSystems,3,cooler_condition,Train Majority,156,23400,23700,3,100,0,1.0,1
HydraulicSystems,3,cooler_condition,Train Majority,163,24450,24750,3,100,0,1.0,1
HydraulicSystems,3,cooler_condition,Train Majority,166,24900,25200,3,100,0,1.0,1
HydraulicSystems,3,cooler_condition,Train Majority,169,25350,25650,3,100,0,1.0,1
HydraulicSystems,3,cooler_condition,Train Majority,170,25500,25800,3,100,0,1.0,1
HydraulicSystems,3,cooler_condition,Train Majority,171,25650,25950,3,100,0,1.0,1
HydraulicSystems,3,cooler_condition,Train Majority,173,25950,26250,3,100,0,1.0,1
HydraulicSystems,3,cooler_condition,Train Majority,176,26400,26700,3,100,0,1.0,1
HydraulicSystems,3,cooler_condition,Train Majority,180,27000,27300,3,100,0,1.0,1
HydraulicSystems,3,cooler_condition,Train Majority,181,27150,27450,3,100,0,1.0,1
HydraulicSystems,3,cooler_condition,Train Majority,183,27450,27750,3,100,0,1.0,1
HydraulicSystems,3,cooler_condition,Train Majority,187,28050,28350,3,100,0,1.0,1
HydraulicSystems,3,cooler_condition,Train Majority,188,28200,28500,3,100,0,1.0,1
HydraulicSystems,3,cooler_condition,Train Majority,189,28350,28650,3,100,0,1.0,1
HydraulicSystems,3,cooler_condition,Train Majority,193,28950,29250,3,100,0,1.0,1
HydraulicSystems,3,cooler_condition,Train Majority,194,29100,29400,3,100,0,1.0,1
HydraulicSystems,3,cooler_condition,Train Majority,195,29250,29550,3,100,0,1.0,1
HydraulicSystems,3,cooler_condition,Train Majority,198,29700,30000,3,100,0,1.0,1
HydraulicSystems,3,cooler_condition,Train Majority,200,30000,30300,3,100,0,1.0,1
HydraulicSystems,3,cooler_condition,Train Majority,208,31200,31500,3,100,0,1.0,1
HydraulicSystems,3,cooler_condition,Train Majority,209,31350,31650,3,100,0,1.0,1
HydraulicSystems,3,cooler_condition,Train Majority,210,31500,31800,3,100,0,1.0,1
HydraulicSystems,3,cooler_condition,Train Majority,213,31950,32250,3,100,0,1.0,1
HydraulicSystems,3,cooler_condition,Train Majority,218,32700,33000,3,100,0,1.0,0
HydraulicSystems,3,cooler_condition,Train Majority,220,33000,33300,3,100,0,1.0,1
HydraulicSystems,3,cooler_condition,Train Majority,221,33150,33450,3,100,0,1.0,1
HydraulicSystems,3,cooler_condition,Train Majority,223,33450,33750,3,100,0,1.0,1
HydraulicSystems,3,cooler_condition,Train Majority,226,33900,34200,3,100,0,1.0,1
HydraulicSystems,3,cooler_condition,Train Majority,227,34050,34350,3,100,0,1.0,1
HydraulicSystems,3,cooler_condition,Train Majority,230,34500,34800,3,100,0,1.0,1
HydraulicSystems,3,cooler_condition,Train Majority,232,34800,35100,3,100,0,1.0,1
HydraulicSystems,3,cooler_condition,Train Majority,234,35100,35400,3,100,0,1.0,1
HydraulicSystems,3,cooler_condition,Train Majority,235,35250,35550,3,100,0,1.0,1
HydraulicSystems,3,cooler_condition,Train Majority,236,35400,35700,3,100,0,1.0,1
HydraulicSystems,3,cooler_condition,Train Majority,238,35700,36000,3,100,0,1.0,1
HydraulicSystems,3,cooler_condition,Train Majority,241,36150,36450,3,100,0,1.0,1
HydraulicSystems,3,cooler_condition,Train Majority,242,36300,36600,3,100,0,1.0,1
HydraulicSystems,3,cooler_condition,Train Majority,243,36450,36750,3,100,0,1.0,1
HydraulicSystems,3,cooler_condition,Train Majority,244,36600,36900,3,100,0,1.0,1
HydraulicSystems,3,cooler_condition,Train Majority,245,36750,37050,3,100,0,1.0,1
HydraulicSystems,3,cooler_condition,Train Majority,246,36900,37200,3,100,0,1.0,1
HydraulicSystems,3,cooler_condition,Train Majority,247,37050,37350,3,100,0,1.0,1
HydraulicSystems,3,cooler_condition,Train Majority,248,37200,37500,3,100,0,1.0,1
HydraulicSystems,3,cooler_condition,Train Majority,250,37500,37800,3,100,0,1.0,1
HydraulicSystems,3,cooler_condition,Train Majority,252,37800,38100,3,100,0,1.0,1
HydraulicSystems,3,cooler_condition,Train Majority,256,38400,38700,3,100,0,1.0,1
HydraulicSystems,3,cooler_condition,Train Majority,259,38850,39150,3,100,0,1.0,1
HydraulicSystems,3,cooler_condition,Train Majority,260,39000,39300,3,100,0,1.0,1
HydraulicSystems,3,cooler_condition,Train Majority,264,39600,39900,3,100,0,1.0,1
HydraulicSystems,3,cooler_condition,Train Majority,265,39750,40050,3,100,0,1.0,1
HydraulicSystems,3,cooler_condition,Train Majority,266,39900,40200,3,100,0,1.0,1
HydraulicSystems,3,cooler_condition,Train Majority,267,40050,40350,3,100,0,1.0,1
HydraulicSystems,3,cooler_condition,Train Majority,270,40500,40800,3,100,0,1.0,1
HydraulicSystems,3,cooler_condition,Train Majority,271,40650,40950,3,100,0,1.0,1
HydraulicSystems,3,cooler_condition,Train Majority,272,40800,41100,3,100,0,1.0,1
HydraulicSystems,3,cooler_condition,Train Majority,273,40950,41250,3,100,0,1.0,1
HydraulicSystems,3,cooler_condition,Train Majority,274,41100,41400,3,100,0,1.0,1
HydraulicSystems,3,cooler_condition,Train Majority,275,41250,41550,3,100,0,1.0,1
HydraulicSystems,3,cooler_condition,Train Majority,277,41550,41850,3,100,0,1.0,1
HydraulicSystems,3,cooler_condition,Train Majority,278,41700,42000,3,100,0,1.0,1
HydraulicSystems,3,cooler_condition,Train Majority,280,42000,42300,3,100,0,1.0,1
HydraulicSystems,3,cooler_condition,Train Majority,282,42300,42600,3,100,0,1.0,1
HydraulicSystems,3,cooler_condition,Train Majority,283,42450,42750,3,100,0,1.0,1
HydraulicSystems,3,cooler_condition,Train Majority,285,42750,43050,3,100,0,1.0,1
HydraulicSystems,3,cooler_condition,Train Majority,286,42900,43200,3,100,0,1.0,1
HydraulicSystems,3,cooler_condition,Train Majority,287,43050,43350,3,100,0,1.0,1
HydraulicSystems,3,cooler_condition,Train Majority,288,43200,43500,3,100,0,1.0,1
HydraulicSystems,3,cooler_condition,Train Majority,294,44100,44400,20,100,0,1.0,1
HydraulicSystems,3,cooler_condition,Train Majority,296,44400,44700,20,100,0,1.0,1
HydraulicSystems,3,cooler_condition,Train Majority,297,44550,44850,20,100,0,1.0,1
HydraulicSystems,3,cooler_condition,Train Majority,298,44700,45000,20,100,0,1.0,1
HydraulicSystems,3,cooler_condition,Train Majority,301,45150,45450,20,100,0,1.0,1
HydraulicSystems,3,cooler_condition,Train Majority,302,45300,45600,20,100,0,1.0,1
HydraulicSystems,3,cooler_condition,Train Majority,304,45600,45900,20,100,0,1.0,1
HydraulicSystems,3,cooler_condition,Train Majority,307,46050,46350,20,100,0,1.0,0
HydraulicSystems,3,cooler_condition,Train Majority,308,46200,46500,20,100,0,1.0,0
HydraulicSystems,3,cooler_condition,Train Majority,309,46350,46650,20,100,0,1.0,1
HydraulicSystems,3,cooler_condition,Train Majority,310,46500,46800,20,100,0,1.0,0
HydraulicSystems,3,cooler_condition,Train Majority,313,46950,47250,20,100,0,1.0,0
HydraulicSystems,3,cooler_condition,Train Majority,316,47400,47700,20,100,0,1.0,0
HydraulicSystems,3,cooler_condition,Train Majority,317,47550,47850,20,100,0,1.0,0
HydraulicSystems,3,cooler_condition,Train Majority,319,47850,48150,20,100,0,1.0,0
HydraulicSystems,3,cooler_condition,Train Majority,320,48000,48300,20,100,0,1.0,0
HydraulicSystems,3,cooler_condition,Train Majority,322,48300,48600,20,100,0,1.0,0
HydraulicSystems,3,cooler_condition,Train Majority,327,49050,49350,20,100,0,1.0,0
HydraulicSystems,3,cooler_condition,Train Majority,330,49500,49800,20,100,0,1.0,0
HydraulicSystems,3,cooler_condition,Train Majority,334,50100,50400,20,100,0,1.0,0
HydraulicSystems,3,cooler_condition,Train Majority,335,50250,50550,20,100,0,1.0,0
HydraulicSystems,3,cooler_condition,Train Majority,337,50550,50850,20,100,0,1.0,0
HydraulicSystems,3,cooler_condition,Train Majority,343,51450,51750,20,100,0,1.0,0
HydraulicSystems,3,cooler_condition,Train Majority,344,51600,51900,20,100,0,1.0,0
HydraulicSystems,3,cooler_condition,Train Majority,345,51750,52050,20,100,0,1.0,0
HydraulicSystems,3,cooler_condition,Train Majority,346,51900,52200,20,100,0,1.0,1
HydraulicSystems,3,cooler_condition,Train Majority,348,52200,52500,20,100,0,1.0,1
HydraulicSystems,3,cooler_condition,Train Majority,350,52500,52800,20,100,0,1.0,0
HydraulicSystems,3,cooler_condition,Train Majority,352,52800,53100,20,100,0,1.0,0
HydraulicSystems,3,cooler_condition,Train Majority,353,52950,53250,20,100,0,1.0,0
HydraulicSystems,3,cooler_condition,Train Majority,354,53100,53400,20,100,0,1.0,0
HydraulicSystems,3,cooler_condition,Train Majority,355,53250,53550,20,100,0,1.0,0
HydraulicSystems,3,cooler_condition,Train Majority,356,53400,53700,20,100,0,1.0,0
HydraulicSystems,3,cooler_condition,Train Majority,357,53550,53850,20,100,0,1.0,0
HydraulicSystems,3,cooler_condition,Train Majority,358,53700,54000,20,100,0,1.0,0
HydraulicSystems,3,cooler_condition,Train Majority,359,53850,54150,20,100,0,1.0,0
HydraulicSystems,3,cooler_condition,Train Majority,361,54150,54450,20,100,0,1.0,0
HydraulicSystems,3,cooler_condition,Train Majority,362,54300,54600,20,100,0,1.0,0
HydraulicSystems,3,cooler_condition,Train Majority,363,54450,54750,20,100,0,1.0,0
HydraulicSystems,3,cooler_condition,Train Majority,365,54750,55050,20,100,0,1.0,0
HydraulicSystems,3,cooler_condition,Train Majority,366,54900,55200,20,100,0,1.0,0
HydraulicSystems,3,cooler_condition,Train Majority,367,55050,55350,20,100,0,1.0,0
HydraulicSystems,3,cooler_condition,Train Majority,369,55350,55650,20,100,0,1.0,0
HydraulicSystems,3,cooler_condition,Train Majority,370,55500,55800,20,100,0,1.0,0
HydraulicSystems,3,cooler_condition,Train Majority,371,55650,55950,20,100,0,1.0,0
HydraulicSystems,3,cooler_condition,Train Majority,375,56250,56550,20,100,0,1.0,0
HydraulicSystems,3,cooler_condition,Train Majority,378,56700,57000,20,100,0,1.0,0
HydraulicSystems,3,cooler_condition,Train Majority,379,56850,57150,20,100,0,1.0,0
HydraulicSystems,3,cooler_condition,Train Majority,380,57000,57300,20,100,0,1.0,0
HydraulicSystems,3,cooler_condition,Train Majority,381,57150,57450,20,100,0,1.0,0
HydraulicSystems,3,cooler_condition,Train Majority,382,57300,57600,20,100,0,1.0,0
HydraulicSystems,3,cooler_condition,Train Majority,384,57600,57900,20,100,0,1.0,0
HydraulicSystems,3,cooler_condition,Train Majority,389,58350,58650,20,100,0,1.0,0
HydraulicSystems,3,cooler_condition,Train Majority,391,58650,58950,20,100,0,1.0,0
HydraulicSystems,3,cooler_condition,Train Majority,392,58800,59100,20,100,0,1.0,0
HydraulicSystems,3,cooler_condition,Train Majority,394,59100,59400,20,100,0,1.0,0
HydraulicSystems,3,cooler_condition,Train Majority,397,59550,59850,20,100,0,1.0,1
HydraulicSystems,3,cooler_condition,Train Majority,398,59700,60000,20,100,0,1.0,0
HydraulicSystems,3,cooler_condition,Train Majority,400,60000,60300,20,100,0,1.0,0
HydraulicSystems,3,cooler_condition,Train Majority,402,60300,60600,20,100,0,1.0,0
HydraulicSystems,3,cooler_condition,Train Majority,403,60450,60750,20,100,0,1.0,0
HydraulicSystems,3,cooler_condition,Train Majority,404,60600,60900,20,100,0,1.0,0
HydraulicSystems,3,cooler_condition,Train Majority,405,60750,61050,20,100,0,1.0,0
HydraulicSystems,3,cooler_condition,Train Majority,406,60900,61200,20,100,0,1.0,0
HydraulicSystems,3,cooler_condition,Train Majority,407,61050,61350,20,100,0,1.0,0
HydraulicSystems,3,cooler_condition,Train Majority,409,61350,61650,20,100,0,1.0,0
HydraulicSystems,3,cooler_condition,Train Majority,412,61800,62100,20,100,0,1.0,0
HydraulicSystems,3,cooler_condition,Train Majority,415,62250,62550,20,100,0,1.0,0
HydraulicSystems,3,cooler_condition,Train Majority,416,62400,62700,20,100,0,1.0,0
HydraulicSystems,3,cooler_condition,Train Majority,417,62550,62850,20,100,0,1.0,0
HydraulicSystems,3,cooler_condition,Train Majority,420,63000,63300,20,100,0,1.0,0
HydraulicSystems,3,cooler_condition,Train Majority,424,63600,63900,20,100,0,1.0,0
HydraulicSystems,3,cooler_condition,Train Majority,425,63750,64050,20,100,0,1.0,1
HydraulicSystems,3,cooler_condition,Train Majority,428,64200,64500,20,100,0,1.0,0
HydraulicSystems,3,cooler_condition,Train Majority,432,64800,65100,20,100,0,1.0,0
HydraulicSystems,3,cooler_condition,Train Majority,433,64950,65250,20,100,0,1.0,0
HydraulicSystems,3,cooler_condition,Train Majority,434,65100,65400,20,100,0,1.0,0
HydraulicSystems,3,cooler_condition,Train Majority,439,65850,66150,20,100,0,1.0,0
HydraulicSystems,3,cooler_condition,Train Majority,440,66000,66300,20,100,0,1.0,0
HydraulicSystems,3,cooler_condition,Train Majority,441,66150,66450,20,100,0,1.0,0
HydraulicSystems,3,cooler_condition,Train Majority,443,66450,66750,20,100,0,1.0,0
HydraulicSystems,3,cooler_condition,Train Majority,445,66750,67050,20,100,0,1.0,0
HydraulicSystems,3,cooler_condition,Train Majority,448,67200,67500,20,100,0,1.0,0
HydraulicSystems,3,cooler_condition,Train Majority,449,67350,67650,20,100,0,1.0,0
HydraulicSystems,3,cooler_condition,Train Majority,450,67500,67800,20,100,0,1.0,0
HydraulicSystems,3,cooler_condition,Train Majority,453,67950,68250,20,100,0,1.0,0
HydraulicSystems,3,cooler_condition,Train Majority,455,68250,68550,20,100,0,1.0,0
HydraulicSystems,3,cooler_condition,Train Majority,458,68700,69000,20,100,0,1.0,0
HydraulicSystems,3,cooler_condition,Train Majority,459,68850,69150,20,100,0,1.0,0
HydraulicSystems,3,cooler_condition,Train Majority,460,69000,69300,20,100,0,1.0,0
HydraulicSystems,3,cooler_condition,Train Majority,461,69150,69450,20,100,0,1.0,0
HydraulicSystems,3,cooler_condition,Train Majority,462,69300,69600,20,100,0,1.0,0
HydraulicSystems,3,cooler_condition,Train Majority,464,69600,69900,20,100,0,1.0,0
HydraulicSystems,3,cooler_condition,Train Majority,467,70050,70350,20,100,0,1.0,0
HydraulicSystems,3,cooler_condition,Train Majority,469,70350,70650,20,100,0,1.0,1
HydraulicSystems,3,cooler_condition,Train Majority,472,70800,71100,20,100,0,1.0,0
HydraulicSystems,3,cooler_condition,Train Majority,477,71550,71850,20,100,0,1.0,0
HydraulicSystems,3,cooler_condition,Train Majority,480,72000,72300,20,100,0,1.0,0
HydraulicSystems,3,cooler_condition,Train Majority,483,72450,72750,20,100,0,1.0,1
HydraulicSystems,3,cooler_condition,Train Majority,487,73050,73350,20,100,0,1.0,0
HydraulicSystems,3,cooler_condition,Train Majority,488,73200,73500,20,100,0,1.0,0
HydraulicSystems,3,cooler_condition,Train Majority,494,74100,74400,20,100,0,1.0,0
HydraulicSystems,3,cooler_condition,Train Majority,495,74250,74550,20,100,0,1.0,0
HydraulicSystems,3,cooler_condition,Train Majority,496,74400,74700,20,100,0,1.0,0
HydraulicSystems,3,cooler_condition,Train Majority,498,74700,75000,20,100,0,1.0,0
HydraulicSystems,3,cooler_condition,Train Majority,503,75450,75750,20,100,0,1.0,0
HydraulicSystems,3,cooler_condition,Train Majority,507,76050,76350,20,100,0,1.0,0
HydraulicSystems,3,cooler_condition,Train Majority,508,76200,76500,20,100,0,1.0,0
HydraulicSystems,3,cooler_condition,Train Majority,511,76650,76950,20,100,0,1.0,0
HydraulicSystems,3,cooler_condition,Train Majority,512,76800,77100,20,100,0,1.0,0
HydraulicSystems,3,cooler_condition,Train Majority,513,76950,77250,20,100,0,1.0,0
HydraulicSystems,3,cooler_condition,Train Majority,516,77400,77700,20,100,0,1.0,0
HydraulicSystems,3,cooler_condition,Train Majority,517,77550,77850,20,100,0,1.0,0
HydraulicSystems,3,cooler_condition,Train Majority,518,77700,78000,20,100,0,1.0,0
HydraulicSystems,3,cooler_condition,Train Majority,520,78000,78300,20,100,0,1.0,0
HydraulicSystems,3,cooler_condition,Train Majority,526,78900,79200,20,100,0,1.0,0
HydraulicSystems,3,cooler_condition,Train Majority,527,79050,79350,20,100,0,1.0,0
HydraulicSystems,3,cooler_condition,Train Majority,530,79500,79800,20,100,0,1.0,0
HydraulicSystems,3,cooler_condition,Train Majority,534,80100,80400,20,100,0,1.0,0
HydraulicSystems,3,cooler_condition,Train Majority,537,80550,80850,20,100,0,1.0,0
HydraulicSystems,3,cooler_condition,Train Majority,540,81000,81300,20,100,0,1.0,0
HydraulicSystems,3,cooler_condition,Train Majority,544,81600,81900,20,100,0,1.0,0
HydraulicSystems,3,cooler_condition,Train Majority,546,81900,82200,20,100,0,1.0,0
HydraulicSystems,3,cooler_condition,Train Majority,547,82050,82350,20,100,0,1.0,0
HydraulicSystems,3,cooler_condition,Train Majority,550,82500,82800,20,100,0,1.0,0
HydraulicSystems,3,cooler_condition,Train Majority,551,82650,82950,20,100,0,1.0,0
HydraulicSystems,3,cooler_condition,Train Majority,553,82950,83250,20,100,0,1.0,0
HydraulicSystems,3,cooler_condition,Train Majority,558,83700,84000,20,100,0,1.0,0
HydraulicSystems,3,cooler_condition,Train Majority,559,83850,84150,20,100,0,1.0,0
HydraulicSystems,3,cooler_condition,Train Majority,560,84000,84300,20,100,0,1.0,0
HydraulicSystems,3,cooler_condition,Train Majority,561,84150,84450,20,100,0,1.0,0
HydraulicSystems,3,cooler_condition,Train Majority,564,84600,84900,20,100,0,1.0,0
HydraulicSystems,3,cooler_condition,Train Majority,566,84900,85200,20,100,0,1.0,0
HydraulicSystems,3,cooler_condition,Train Majority,569,85350,85650,20,100,0,1.0,0
HydraulicSystems,3,cooler_condition,Train Majority,570,85500,85800,20,100,0,1.0,1
HydraulicSystems,3,cooler_condition,Train Majority,573,85950,86250,20,100,0,1.0,0
HydraulicSystems,3,cooler_condition,Train Majority,574,86100,86400,20,100,0,1.0,0
HydraulicSystems,3,cooler_condition,Train Majority,575,86250,86550,20,100,0,1.0,0
HydraulicSystems,3,cooler_condition,Train Majority,576,86400,86700,20,100,0,1.0,0
HydraulicSystems,3,cooler_condition,Train Majority,578,86700,87000,20,100,0,1.0,0
HydraulicSystems,3,cooler_condition,Train Majority,579,86850,87150,20,100,0,1.0,0
HydraulicSystems,3,cooler_condition,Train Majority,580,87000,87300,20,100,0,1.0,0
HydraulicSystems,3,cooler_condition,Train Majority,581,87150,87450,20,100,0,1.0,0
HydraulicSystems,3,cooler_condition,Train Majority,582,87300,87600,20,100,0,1.0,0
HydraulicSystems,3,cooler_condition,Train Majority,583,87450,87750,20,100,0,1.0,0
HydraulicSystems,3,cooler_condition,Train Majority,584,87600,87900,20,100,0,0.8,1
HydraulicSystems,3,cooler_condition,Train Majority,586,87900,88200,100,100,1,1.0,1
HydraulicSystems,3,cooler_condition,Train Majority,590,88500,88800,100,100,1,1.0,0
HydraulicSystems,3,cooler_condition,Train Majority,591,88650,88950,100,100,1,1.0,1
HydraulicSystems,3,cooler_condition,Train Majority,592,88800,89100,100,100,1,1.0,0
HydraulicSystems,3,cooler_condition,Train Majority,596,89400,89700,100,100,1,1.0,0
HydraulicSystems,3,cooler_condition,Train Majority,597,89550,89850,100,100,1,1.0,0
HydraulicSystems,3,cooler_condition,Train Majority,598,89700,90000,100,100,1,1.0,0
HydraulicSystems,3,cooler_condition,Train Majority,603,90450,90750,100,100,1,1.0,0
HydraulicSystems,3,cooler_condition,Train Majority,604,90600,90900,100,100,1,1.0,0
HydraulicSystems,3,cooler_condition,Train Majority,605,90750,91050,100,100,1,1.0,0
HydraulicSystems,3,cooler_condition,Train Majority,606,90900,91200,100,100,1,1.0,0
HydraulicSystems,3,cooler_condition,Train Majority,608,91200,91500,100,100,1,1.0,0
HydraulicSystems,3,cooler_condition,Train Majority,609,91350,91650,100,100,1,1.0,0
HydraulicSystems,3,cooler_condition,Train Majority,610,91500,91800,100,100,1,1.0,0
HydraulicSystems,3,cooler_condition,Train Majority,611,91650,91950,100,100,1,1.0,0
HydraulicSystems,3,cooler_condition,Train Majority,612,91800,92100,100,100,1,1.0,0
HydraulicSystems,3,cooler_condition,Train Majority,613,91950,92250,100,100,1,1.0,0
HydraulicSystems,3,cooler_condition,Train Majority,617,92550,92850,100,100,1,1.0,0
HydraulicSystems,3,cooler_condition,Train Majority,618,92700,93000,100,100,1,1.0,0
HydraulicSystems,3,cooler_condition,Train Majority,619,92850,93150,100,100,1,1.0,0
HydraulicSystems,3,cooler_condition,Train Majority,620,93000,93300,100,100,1,1.0,0
HydraulicSystems,3,cooler_condition,Train Majority,621,93150,93450,100,100,1,1.0,0
HydraulicSystems,3,cooler_condition,Train Majority,622,93300,93600,100,100,1,1.0,0
HydraulicSystems,3,cooler_condition,Train Majority,624,93600,93900,100,100,1,1.0,0
HydraulicSystems,3,cooler_condition,Train Majority,627,94050,94350,100,100,1,1.0,0
HydraulicSystems,3,cooler_condition,Train Majority,628,94200,94500,100,100,1,1.0,0
HydraulicSystems,3,cooler_condition,Train Majority,630,94500,94800,100,100,1,1.0,0
HydraulicSystems,3,cooler_condition,Train Majority,637,95550,95850,100,100,1,1.0,0
HydraulicSystems,3,cooler_condition,Train Majority,638,95700,96000,100,100,1,1.0,0
HydraulicSystems,3,cooler_condition,Train Majority,643,96450,96750,100,100,1,1.0,0
HydraulicSystems,3,cooler_condition,Train Majority,645,96750,97050,100,100,1,1.0,0
HydraulicSystems,3,cooler_condition,Train Majority,646,96900,97200,100,100,1,1.0,0
HydraulicSystems,3,cooler_condition,Train Majority,647,97050,97350,100,100,1,1.0,0
HydraulicSystems,3,cooler_condition,Train Majority,648,97200,97500,100,100,1,1.0,0
HydraulicSystems,3,cooler_condition,Train Majority,649,97350,97650,100,100,1,1.0,0
HydraulicSystems,3,cooler_condition,Train Majority,650,97500,97800,100,100,1,1.0,0
HydraulicSystems,3,cooler_condition,Train Majority,656,98400,98700,100,100,1,1.0,0
HydraulicSystems,3,cooler_condition,Train Majority,657,98550,98850,100,100,1,1.0,0
HydraulicSystems,3,cooler_condition,Train Majority,662,99300,99600,100,100,1,1.0,0
HydraulicSystems,3,cooler_condition,Train Majority,665,99750,100050,100,100,1,1.0,0
HydraulicSystems,3,cooler_condition,Train Majority,667,100050,100350,100,100,1,1.0,0
HydraulicSystems,3,cooler_condition,Train Majority,668,100200,100500,100,100,1,1.0,0
HydraulicSystems,3,cooler_condition,Train Majority,669,100350,100650,100,100,1,1.0,0
HydraulicSystems,3,cooler_condition,Train Majority,670,100500,100800,100,100,1,1.0,0
HydraulicSystems,3,cooler_condition,Train Majority,671,100650,100950,100,100,1,1.0,0
HydraulicSystems,3,cooler_condition,Train Majority,672,100800,101100,100,100,1,1.0,0
HydraulicSystems,3,cooler_condition,Train Majority,676,101400,101700,100,100,1,1.0,0
HydraulicSystems,3,cooler_condition,Train Majority,677,101550,101850,100,100,1,1.0,0
HydraulicSystems,3,cooler_condition,Train Majority,678,101700,102000,100,100,1,1.0,0
HydraulicSystems,3,cooler_condition,Train Majority,679,101850,102150,100,100,1,1.0,0
HydraulicSystems,3,cooler_condition,Train Majority,681,102150,102450,100,100,1,1.0,0
HydraulicSystems,3,cooler_condition,Train Majority,683,102450,102750,100,100,1,1.0,0
HydraulicSystems,3,cooler_condition,Train Majority,684,102600,102900,100,100,1,1.0,0
HydraulicSystems,3,cooler_condition,Train Majority,689,103350,103650,100,100,1,1.0,0
HydraulicSystems,3,cooler_condition,Train Majority,690,103500,103800,100,100,1,1.0,0
HydraulicSystems,3,cooler_condition,Train Majority,691,103650,103950,100,100,1,1.0,0
HydraulicSystems,3,cooler_condition,Train Majority,692,103800,104100,100,100,1,1.0,0
HydraulicSystems,3,cooler_condition,Train Majority,693,103950,104250,100,100,1,1.0,0
HydraulicSystems,3,cooler_condition,Train Majority,696,104400,104700,100,100,1,1.0,0
HydraulicSystems,3,cooler_condition,Train Majority,697,104550,104850,100,100,1,1.0,0
HydraulicSystems,3,cooler_condition,Train Majority,699,104850,105150,100,100,1,1.0,0
HydraulicSystems,3,cooler_condition,Train Majority,701,105150,105450,100,100,1,1.0,0
HydraulicSystems,3,cooler_condition,Train Majority,702,105300,105600,100,100,1,1.0,0
HydraulicSystems,3,cooler_condition,Train Majority,703,105450,105750,100,100,1,1.0,0
HydraulicSystems,3,cooler_condition,Train Majority,705,105750,106050,100,100,1,1.0,0
HydraulicSystems,3,cooler_condition,Train Majority,706,105900,106200,100,100,1,1.0,0
HydraulicSystems,3,cooler_condition,Train Majority,708,106200,106500,100,100,1,1.0,0
HydraulicSystems,3,cooler_condition,Train Majority,709,106350,106650,100,100,1,1.0,0
HydraulicSystems,3,cooler_condition,Train Majority,711,106650,106950,100,100,1,1.0,0
HydraulicSystems,3,cooler_condition,Train Majority,713,106950,107250,100,100,1,1.0,0
HydraulicSystems,3,cooler_condition,Train Majority,715,107250,107550,100,100,1,1.0,0
HydraulicSystems,3,cooler_condition,Train Majority,716,107400,107700,100,100,1,1.0,0
HydraulicSystems,3,cooler_condition,Train Majority,717,107550,107850,100,100,1,1.0,0
HydraulicSystems,3,cooler_condition,Train Majority,718,107700,108000,100,100,1,1.0,0
HydraulicSystems,3,cooler_condition,Train Majority,722,108300,108600,100,100,1,1.0,0
HydraulicSystems,3,cooler_condition,Train Majority,726,108900,109200,100,100,1,1.0,0
HydraulicSystems,3,cooler_condition,Train Majority,727,109050,109350,100,100,1,1.0,0
HydraulicSystems,3,cooler_condition,Train Majority,728,109200,109500,100,100,1,1.0,0
HydraulicSystems,3,cooler_condition,Train Majority,730,109500,109800,100,100,1,1.0,0
HydraulicSystems,3,cooler_condition,Train Majority,731,109650,109950,100,100,1,1.0,0
HydraulicSystems,3,cooler_condition,Train Majority,735,110250,110550,100,100,1,1.0,0
HydraulicSystems,3,cooler_condition,Train Majority,736,110400,110700,100,100,1,1.0,0
HydraulicSystems,3,cooler_condition,Train Majority,737,110550,110850,100,100,1,1.0,0
HydraulicSystems,3,cooler_condition,Train Majority,738,110700,111000,100,100,1,1.0,0
HydraulicSystems,3,cooler_condition,Train Majority,740,111000,111300,100,100,1,1.0,0
HydraulicSystems,3,cooler_condition,Train Majority,741,111150,111450,100,100,1,1.0,0
HydraulicSystems,3,cooler_condition,Train Majority,743,111450,111750,100,100,1,1.0,0
HydraulicSystems,3,cooler_condition,Train Majority,746,111900,112200,100,100,1,1.0,0
HydraulicSystems,3,cooler_condition,Train Majority,747,112050,112350,100,100,1,1.0,0
HydraulicSystems,3,cooler_condition,Train Majority,754,113100,113400,100,100,1,1.0,0
HydraulicSystems,3,cooler_condition,Train Majority,755,113250,113550,100,100,1,1.0,0
HydraulicSystems,3,cooler_condition,Train Majority,756,113400,113700,100,100,1,1.0,0
HydraulicSystems,3,cooler_condition,Train Majority,758,113700,114000,100,100,1,1.0,0
HydraulicSystems,3,cooler_condition,Train Majority,761,114150,114450,100,100,1,1.0,0
HydraulicSystems,3,cooler_condition,Train Majority,764,114600,114900,100,100,1,1.0,0
HydraulicSystems,3,cooler_condition,Train Majority,766,114900,115200,100,100,1,1.0,0
HydraulicSystems,3,cooler_condition,Train Majority,767,115050,115350,100,100,1,1.0,0
HydraulicSystems,3,cooler_condition,Train Majority,768,115200,115500,100,100,1,1.0,0
HydraulicSystems,3,cooler_condition,Train Majority,771,115650,115950,100,100,1,1.0,0
HydraulicSystems,3,cooler_condition,Train Majority,772,115800,116100,100,100,1,1.0,0
HydraulicSystems,3,cooler_condition,Train Majority,773,115950,116250,100,100,1,1.0,0
HydraulicSystems,3,cooler_condition,Train Majority,775,116250,116550,100,100,1,1.0,0
HydraulicSystems,3,cooler_condition,Train Majority,777,116550,116850,100,100,1,1.0,0
HydraulicSystems,3,cooler_condition,Train Majority,779,116850,117150,100,100,1,1.0,0
HydraulicSystems,3,cooler_condition,Train Majority,781,117150,117450,100,100,1,1.0,0
HydraulicSystems,3,cooler_condition,Train Majority,783,117450,117750,100,100,1,1.0,0
HydraulicSystems,3,cooler_condition,Train Majority,786,117900,118200,100,100,1,1.0,0
HydraulicSystems,3,cooler_condition,Train Majority,790,118500,118800,100,100,1,1.0,0
HydraulicSystems,3,cooler_condition,Train Majority,791,118650,118950,100,100,1,1.0,0
HydraulicSystems,3,cooler_condition,Train Majority,793,118950,119250,100,100,1,1.0,0
HydraulicSystems,3,cooler_condition,Train Majority,794,119100,119400,100,100,1,1.0,0
HydraulicSystems,3,cooler_condition,Train Majority,797,119550,119850,100,100,1,1.0,0
HydraulicSystems,3,cooler_condition,Train Majority,800,120000,120300,100,100,1,1.0,0
HydraulicSystems,3,cooler_condition,Train Majority,801,120150,120450,100,100,1,1.0,0
HydraulicSystems,3,cooler_condition,Train Majority,803,120450,120750,100,100,1,1.0,0
HydraulicSystems,3,cooler_condition,Train Majority,804,120600,120900,100,100,1,1.0,0
HydraulicSystems,3,cooler_condition,Train Majority,805,120750,121050,100,100,1,1.0,0
HydraulicSystems,3,cooler_condition,Train Majority,806,120900,121200,100,100,1,1.0,0
HydraulicSystems,3,cooler_condition,Train Majority,807,121050,121350,100,100,1,1.0,0
HydraulicSystems,3,cooler_condition,Train Majority,809,121350,121650,100,100,1,1.0,0
HydraulicSystems,3,cooler_condition,Train Majority,810,121500,121800,100,100,1,1.0,0
HydraulicSystems,3,cooler_condition,Train Majority,811,121650,121950,100,100,1,1.0,0
HydraulicSystems,3,cooler_condition,Train Majority,813,121950,122250,100,100,1,1.0,0
HydraulicSystems,3,cooler_condition,Train Majority,814,122100,122400,100,100,1,1.0,0
HydraulicSystems,3,cooler_condition,Train Majority,815,122250,122550,100,100,1,1.0,0
HydraulicSystems,3,cooler_condition,Train Majority,818,122700,123000,100,100,1,1.0,0
HydraulicSystems,3,cooler_condition,Train Majority,819,122850,123150,100,100,1,1.0,0
HydraulicSystems,3,cooler_condition,Train Majority,822,123300,123600,100,100,1,1.0,0
HydraulicSystems,3,cooler_condition,Train Majority,823,123450,123750,100,100,1,1.0,0
HydraulicSystems,3,cooler_condition,Train Majority,824,123600,123900,100,100,1,1.0,0
HydraulicSystems,3,cooler_condition,Train Majority,825,123750,124050,100,100,1,1.0,0
HydraulicSystems,3,cooler_condition,Train Majority,827,124050,124350,100,100,1,1.0,0
HydraulicSystems,3,cooler_condition,Train Majority,828,124200,124500,100,100,1,1.0,0
HydraulicSystems,3,cooler_condition,Train Majority,830,124500,124800,100,100,1,1.0,0
HydraulicSystems,3,cooler_condition,Train Majority,831,124650,124950,100,100,1,1.0,0
HydraulicSystems,3,cooler_condition,Train Majority,832,124800,125100,100,100,1,1.0,0
HydraulicSystems,3,cooler_condition,Train Majority,841,126150,126450,100,100,1,1.0,0
HydraulicSystems,3,cooler_condition,Train Majority,842,126300,126600,100,100,1,1.0,0
HydraulicSystems,3,cooler_condition,Train Majority,845,126750,127050,100,100,1,1.0,0
HydraulicSystems,3,cooler_condition,Train Majority,847,127050,127350,100,100,1,1.0,0
HydraulicSystems,3,cooler_condition,Train Majority,856,128400,128700,100,100,1,1.0,0
HydraulicSystems,3,cooler_condition,Train Majority,861,129150,129450,100,100,1,1.0,0
HydraulicSystems,3,cooler_condition,Train Majority,865,129750,130050,100,100,1,1.0,0
HydraulicSystems,3,cooler_condition,Train Majority,868,130200,130500,100,100,1,1.0,0
HydraulicSystems,3,cooler_condition,Train Majority,869,130350,130650,100,100,1,1.0,0
HydraulicSystems,3,cooler_condition,Train Majority,870,130500,130800,100,100,1,1.0,0
HydraulicSystems,3,cooler_condition,Train Majority,873,130950,131250,100,100,1,1.0,0
HydraulicSystems,3,cooler_condition,Train Majority,877,131550,131850,100,100,1,1.0,0
HydraulicSystems,3,cooler_condition,SensorMeanStd Centroid,1,150,450,3,3,1,1.0,1
HydraulicSystems,3,cooler_condition,SensorMeanStd Centroid,2,300,600,3,3,1,1.0,1
HydraulicSystems,3,cooler_condition,SensorMeanStd Centroid,5,750,1050,3,3,1,1.0,1
HydraulicSystems,3,cooler_condition,SensorMeanStd Centroid,6,900,1200,3,3,1,1.0,1
HydraulicSystems,3,cooler_condition,SensorMeanStd Centroid,8,1200,1500,3,3,1,1.0,1
HydraulicSystems,3,cooler_condition,SensorMeanStd Centroid,9,1350,1650,3,3,1,1.0,1
HydraulicSystems,3,cooler_condition,SensorMeanStd Centroid,10,1500,1800,3,3,1,1.0,1
HydraulicSystems,3,cooler_condition,SensorMeanStd Centroid,11,1650,1950,3,3,1,1.0,1
HydraulicSystems,3,cooler_condition,SensorMeanStd Centroid,12,1800,2100,3,3,1,1.0,1
HydraulicSystems,3,cooler_condition,SensorMeanStd Centroid,14,2100,2400,3,3,1,1.0,1
HydraulicSystems,3,cooler_condition,SensorMeanStd Centroid,21,3150,3450,3,3,1,1.0,1
HydraulicSystems,3,cooler_condition,SensorMeanStd Centroid,22,3300,3600,3,3,1,1.0,1
HydraulicSystems,3,cooler_condition,SensorMeanStd Centroid,24,3600,3900,3,20,0,1.0,1
HydraulicSystems,3,cooler_condition,SensorMeanStd Centroid,25,3750,4050,3,3,1,1.0,1
HydraulicSystems,3,cooler_condition,SensorMeanStd Centroid,27,4050,4350,3,3,1,1.0,1
HydraulicSystems,3,cooler_condition,SensorMeanStd Centroid,28,4200,4500,3,3,1,1.0,1
HydraulicSystems,3,cooler_condition,SensorMeanStd Centroid,29,4350,4650,3,3,1,1.0,1
HydraulicSystems,3,cooler_condition,SensorMeanStd Centroid,32,4800,5100,3,3,1,1.0,1
HydraulicSystems,3,cooler_condition,SensorMeanStd Centroid,33,4950,5250,3,3,1,1.0,1
HydraulicSystems,3,cooler_condition,SensorMeanStd Centroid,34,5100,5400,3,3,1,1.0,1
HydraulicSystems,3,cooler_condition,SensorMeanStd Centroid,37,5550,5850,3,3,1,1.0,1
HydraulicSystems,3,cooler_condition,SensorMeanStd Centroid,38,5700,6000,3,3,1,1.0,1
HydraulicSystems,3,cooler_condition,SensorMeanStd Centroid,39,5850,6150,3,3,1,1.0,1
HydraulicSystems,3,cooler_condition,SensorMeanStd Centroid,42,6300,6600,3,3,1,1.0,1
HydraulicSystems,3,cooler_condition,SensorMeanStd Centroid,46,6900,7200,3,3,1,1.0,1
HydraulicSystems,3,cooler_condition,SensorMeanStd Centroid,47,7050,7350,3,3,1,1.0,1
HydraulicSystems,3,cooler_condition,SensorMeanStd Centroid,48,7200,7500,3,3,1,1.0,1
HydraulicSystems,3,cooler_condition,SensorMeanStd Centroid,49,7350,7650,3,3,1,1.0,1
HydraulicSystems,3,cooler_condition,SensorMeanStd Centroid,50,7500,7800,3,3,1,1.0,1
HydraulicSystems,3,cooler_condition,SensorMeanStd Centroid,53,7950,8250,3,3,1,1.0,1
HydraulicSystems,3,cooler_condition,SensorMeanStd Centroid,56,8400,8700,3,3,1,1.0,0
HydraulicSystems,3,cooler_condition,SensorMeanStd Centroid,57,8550,8850,3,3,1,1.0,1
HydraulicSystems,3,cooler_condition,SensorMeanStd Centroid,58,8700,9000,3,3,1,1.0,1
HydraulicSystems,3,cooler_condition,SensorMeanStd Centroid,61,9150,9450,3,3,1,1.0,1
HydraulicSystems,3,cooler_condition,SensorMeanStd Centroid,67,10050,10350,3,3,1,1.0,1
HydraulicSystems,3,cooler_condition,SensorMeanStd Centroid,69,10350,10650,3,3,1,1.0,1
HydraulicSystems,3,cooler_condition,SensorMeanStd Centroid,70,10500,10800,3,3,1,1.0,1
HydraulicSystems,3,cooler_condition,SensorMeanStd Centroid,73,10950,11250,3,3,1,1.0,1
HydraulicSystems,3,cooler_condition,SensorMeanStd Centroid,74,11100,11400,3,3,1,1.0,1
HydraulicSystems,3,cooler_condition,SensorMeanStd Centroid,76,11400,11700,3,3,1,1.0,1
HydraulicSystems,3,cooler_condition,SensorMeanStd Centroid,77,11550,11850,3,3,1,1.0,1
HydraulicSystems,3,cooler_condition,SensorMeanStd Centroid,78,11700,12000,3,3,1,1.0,1
HydraulicSystems,3,cooler_condition,SensorMeanStd Centroid,85,12750,13050,3,3,1,1.0,1
HydraulicSystems,3,cooler_condition,SensorMeanStd Centroid,86,12900,13200,3,3,1,1.0,1
HydraulicSystems,3,cooler_condition,SensorMeanStd Centroid,92,13800,14100,3,3,1,1.0,1
HydraulicSystems,3,cooler_condition,SensorMeanStd Centroid,94,14100,14400,3,3,1,1.0,1
HydraulicSystems,3,cooler_condition,SensorMeanStd Centroid,95,14250,14550,3,3,1,1.0,1
HydraulicSystems,3,cooler_condition,SensorMeanStd Centroid,96,14400,14700,3,3,1,1.0,1
HydraulicSystems,3,cooler_condition,SensorMeanStd Centroid,97,14550,14850,3,3,1,1.0,1
HydraulicSystems,3,cooler_condition,SensorMeanStd Centroid,98,14700,15000,3,3,1,1.0,1
HydraulicSystems,3,cooler_condition,SensorMeanStd Centroid,99,14850,15150,3,3,1,1.0,1
HydraulicSystems,3,cooler_condition,SensorMeanStd Centroid,100,15000,15300,3,3,1,1.0,1
HydraulicSystems,3,cooler_condition,SensorMeanStd Centroid,101,15150,15450,3,3,1,1.0,1
HydraulicSystems,3,cooler_condition,SensorMeanStd Centroid,102,15300,15600,3,3,1,1.0,1
HydraulicSystems,3,cooler_condition,SensorMeanStd Centroid,103,15450,15750,3,3,1,1.0,1
HydraulicSystems,3,cooler_condition,SensorMeanStd Centroid,104,15600,15900,3,3,1,1.0,1
HydraulicSystems,3,cooler_condition,SensorMeanStd Centroid,105,15750,16050,3,3,1,1.0,1
HydraulicSystems,3,cooler_condition,SensorMeanStd Centroid,106,15900,16200,3,3,1,1.0,1
HydraulicSystems,3,cooler_condition,SensorMeanStd Centroid,109,16350,16650,3,3,1,1.0,1
HydraulicSystems,3,cooler_condition,SensorMeanStd Centroid,110,16500,16800,3,3,1,1.0,1
HydraulicSystems,3,cooler_condition,SensorMeanStd Centroid,117,17550,17850,3,3,1,1.0,1
HydraulicSystems,3,cooler_condition,SensorMeanStd Centroid,118,17700,18000,3,3,1,1.0,1
HydraulicSystems,3,cooler_condition,SensorMeanStd Centroid,123,18450,18750,3,3,1,1.0,1
HydraulicSystems,3,cooler_condition,SensorMeanStd Centroid,125,18750,19050,3,3,1,1.0,1
HydraulicSystems,3,cooler_condition,SensorMeanStd Centroid,127,19050,19350,3,3,1,1.0,1
HydraulicSystems,3,cooler_condition,SensorMeanStd Centroid,135,20250,20550,3,3,1,1.0,1
HydraulicSystems,3,cooler_condition,SensorMeanStd Centroid,136,20400,20700,3,3,1,1.0,1
HydraulicSystems,3,cooler_condition,SensorMeanStd Centroid,138,20700,21000,3,3,1,1.0,1
HydraulicSystems,3,cooler_condition,SensorMeanStd Centroid,140,21000,21300,3,3,1,1.0,1
HydraulicSystems,3,cooler_condition,SensorMeanStd Centroid,141,21150,21450,3,3,1,1.0,1
HydraulicSystems,3,cooler_condition,SensorMeanStd Centroid,142,21300,21600,3,3,1,1.0,1
HydraulicSystems,3,cooler_condition,SensorMeanStd Centroid,144,21600,21900,3,3,1,1.0,1
HydraulicSystems,3,cooler_condition,SensorMeanStd Centroid,147,22050,22350,3,3,1,1.0,1
HydraulicSystems,3,cooler_condition,SensorMeanStd Centroid,148,22200,22500,3,3,1,1.0,1
HydraulicSystems,3,cooler_condition,SensorMeanStd Centroid,150,22500,22800,3,3,1,1.0,1
HydraulicSystems,3,cooler_condition,SensorMeanStd Centroid,151,22650,22950,3,3,1,1.0,1
HydraulicSystems,3,cooler_condition,SensorMeanStd Centroid,152,22800,23100,3,3,1,1.0,1
HydraulicSystems,3,cooler_condition,SensorMeanStd Centroid,154,23100,23400,3,3,1,1.0,1
HydraulicSystems,3,cooler_condition,SensorMeanStd Centroid,155,23250,23550,3,3,1,1.0,1
HydraulicSystems,3,cooler_condition,SensorMeanStd Centroid,156,23400,23700,3,3,1,1.0,1
HydraulicSystems,3,cooler_condition,SensorMeanStd Centroid,163,24450,24750,3,3,1,1.0,1
HydraulicSystems,3,cooler_condition,SensorMeanStd Centroid,166,24900,25200,3,3,1,1.0,1
HydraulicSystems,3,cooler_condition,SensorMeanStd Centroid,169,25350,25650,3,3,1,1.0,1
HydraulicSystems,3,cooler_condition,SensorMeanStd Centroid,170,25500,25800,3,3,1,1.0,1
HydraulicSystems,3,cooler_condition,SensorMeanStd Centroid,171,25650,25950,3,3,1,1.0,1
HydraulicSystems,3,cooler_condition,SensorMeanStd Centroid,173,25950,26250,3,3,1,1.0,1
HydraulicSystems,3,cooler_condition,SensorMeanStd Centroid,176,26400,26700,3,3,1,1.0,1
HydraulicSystems,3,cooler_condition,SensorMeanStd Centroid,180,27000,27300,3,3,1,1.0,1
HydraulicSystems,3,cooler_condition,SensorMeanStd Centroid,181,27150,27450,3,3,1,1.0,1
HydraulicSystems,3,cooler_condition,SensorMeanStd Centroid,183,27450,27750,3,3,1,1.0,1
HydraulicSystems,3,cooler_condition,SensorMeanStd Centroid,187,28050,28350,3,3,1,1.0,1
HydraulicSystems,3,cooler_condition,SensorMeanStd Centroid,188,28200,28500,3,3,1,1.0,1
HydraulicSystems,3,cooler_condition,SensorMeanStd Centroid,189,28350,28650,3,3,1,1.0,1
HydraulicSystems,3,cooler_condition,SensorMeanStd Centroid,193,28950,29250,3,3,1,1.0,1
HydraulicSystems,3,cooler_condition,SensorMeanStd Centroid,194,29100,29400,3,3,1,1.0,1
HydraulicSystems,3,cooler_condition,SensorMeanStd Centroid,195,29250,29550,3,3,1,1.0,1
HydraulicSystems,3,cooler_condition,SensorMeanStd Centroid,198,29700,30000,3,3,1,1.0,1
HydraulicSystems,3,cooler_condition,SensorMeanStd Centroid,200,30000,30300,3,3,1,1.0,1
HydraulicSystems,3,cooler_condition,SensorMeanStd Centroid,208,31200,31500,3,3,1,1.0,1
HydraulicSystems,3,cooler_condition,SensorMeanStd Centroid,209,31350,31650,3,3,1,1.0,1
HydraulicSystems,3,cooler_condition,SensorMeanStd Centroid,210,31500,31800,3,3,1,1.0,1
HydraulicSystems,3,cooler_condition,SensorMeanStd Centroid,213,31950,32250,3,3,1,1.0,1
HydraulicSystems,3,cooler_condition,SensorMeanStd Centroid,218,32700,33000,3,3,1,1.0,0
HydraulicSystems,3,cooler_condition,SensorMeanStd Centroid,220,33000,33300,3,3,1,1.0,1
HydraulicSystems,3,cooler_condition,SensorMeanStd Centroid,221,33150,33450,3,3,1,1.0,1
HydraulicSystems,3,cooler_condition,SensorMeanStd Centroid,223,33450,33750,3,3,1,1.0,1
HydraulicSystems,3,cooler_condition,SensorMeanStd Centroid,226,33900,34200,3,3,1,1.0,1
HydraulicSystems,3,cooler_condition,SensorMeanStd Centroid,227,34050,34350,3,3,1,1.0,1
HydraulicSystems,3,cooler_condition,SensorMeanStd Centroid,230,34500,34800,3,3,1,1.0,1
HydraulicSystems,3,cooler_condition,SensorMeanStd Centroid,232,34800,35100,3,3,1,1.0,1
HydraulicSystems,3,cooler_condition,SensorMeanStd Centroid,234,35100,35400,3,3,1,1.0,1
HydraulicSystems,3,cooler_condition,SensorMeanStd Centroid,235,35250,35550,3,3,1,1.0,1
HydraulicSystems,3,cooler_condition,SensorMeanStd Centroid,236,35400,35700,3,3,1,1.0,1
HydraulicSystems,3,cooler_condition,SensorMeanStd Centroid,238,35700,36000,3,3,1,1.0,1
HydraulicSystems,3,cooler_condition,SensorMeanStd Centroid,241,36150,36450,3,3,1,1.0,1
HydraulicSystems,3,cooler_condition,SensorMeanStd Centroid,242,36300,36600,3,3,1,1.0,1
HydraulicSystems,3,cooler_condition,SensorMeanStd Centroid,243,36450,36750,3,3,1,1.0,1
HydraulicSystems,3,cooler_condition,SensorMeanStd Centroid,244,36600,36900,3,3,1,1.0,1
HydraulicSystems,3,cooler_condition,SensorMeanStd Centroid,245,36750,37050,3,3,1,1.0,1
HydraulicSystems,3,cooler_condition,SensorMeanStd Centroid,246,36900,37200,3,3,1,1.0,1
HydraulicSystems,3,cooler_condition,SensorMeanStd Centroid,247,37050,37350,3,3,1,1.0,1
HydraulicSystems,3,cooler_condition,SensorMeanStd Centroid,248,37200,37500,3,3,1,1.0,1
HydraulicSystems,3,cooler_condition,SensorMeanStd Centroid,250,37500,37800,3,3,1,1.0,1
HydraulicSystems,3,cooler_condition,SensorMeanStd Centroid,252,37800,38100,3,3,1,1.0,1
HydraulicSystems,3,cooler_condition,SensorMeanStd Centroid,256,38400,38700,3,3,1,1.0,1
HydraulicSystems,3,cooler_condition,SensorMeanStd Centroid,259,38850,39150,3,3,1,1.0,1
HydraulicSystems,3,cooler_condition,SensorMeanStd Centroid,260,39000,39300,3,3,1,1.0,1
HydraulicSystems,3,cooler_condition,SensorMeanStd Centroid,264,39600,39900,3,3,1,1.0,1
HydraulicSystems,3,cooler_condition,SensorMeanStd Centroid,265,39750,40050,3,3,1,1.0,1
HydraulicSystems,3,cooler_condition,SensorMeanStd Centroid,266,39900,40200,3,3,1,1.0,1
HydraulicSystems,3,cooler_condition,SensorMeanStd Centroid,267,40050,40350,3,3,1,1.0,1
HydraulicSystems,3,cooler_condition,SensorMeanStd Centroid,270,40500,40800,3,3,1,1.0,1
HydraulicSystems,3,cooler_condition,SensorMeanStd Centroid,271,40650,40950,3,3,1,1.0,1
HydraulicSystems,3,cooler_condition,SensorMeanStd Centroid,272,40800,41100,3,3,1,1.0,1
HydraulicSystems,3,cooler_condition,SensorMeanStd Centroid,273,40950,41250,3,3,1,1.0,1
HydraulicSystems,3,cooler_condition,SensorMeanStd Centroid,274,41100,41400,3,3,1,1.0,1
HydraulicSystems,3,cooler_condition,SensorMeanStd Centroid,275,41250,41550,3,3,1,1.0,1
HydraulicSystems,3,cooler_condition,SensorMeanStd Centroid,277,41550,41850,3,3,1,1.0,1
HydraulicSystems,3,cooler_condition,SensorMeanStd Centroid,278,41700,42000,3,3,1,1.0,1
HydraulicSystems,3,cooler_condition,SensorMeanStd Centroid,280,42000,42300,3,3,1,1.0,1
HydraulicSystems,3,cooler_condition,SensorMeanStd Centroid,282,42300,42600,3,3,1,1.0,1
HydraulicSystems,3,cooler_condition,SensorMeanStd Centroid,283,42450,42750,3,3,1,1.0,1
HydraulicSystems,3,cooler_condition,SensorMeanStd Centroid,285,42750,43050,3,3,1,1.0,1
HydraulicSystems,3,cooler_condition,SensorMeanStd Centroid,286,42900,43200,3,3,1,1.0,1
HydraulicSystems,3,cooler_condition,SensorMeanStd Centroid,287,43050,43350,3,3,1,1.0,1
HydraulicSystems,3,cooler_condition,SensorMeanStd Centroid,288,43200,43500,3,3,1,1.0,1
HydraulicSystems,3,cooler_condition,SensorMeanStd Centroid,294,44100,44400,20,20,1,1.0,1
HydraulicSystems,3,cooler_condition,SensorMeanStd Centroid,296,44400,44700,20,20,1,1.0,1
HydraulicSystems,3,cooler_condition,SensorMeanStd Centroid,297,44550,44850,20,20,1,1.0,1
HydraulicSystems,3,cooler_condition,SensorMeanStd Centroid,298,44700,45000,20,20,1,1.0,1
HydraulicSystems,3,cooler_condition,SensorMeanStd Centroid,301,45150,45450,20,20,1,1.0,1
HydraulicSystems,3,cooler_condition,SensorMeanStd Centroid,302,45300,45600,20,20,1,1.0,1
HydraulicSystems,3,cooler_condition,SensorMeanStd Centroid,304,45600,45900,20,20,1,1.0,1
HydraulicSystems,3,cooler_condition,SensorMeanStd Centroid,307,46050,46350,20,20,1,1.0,0
HydraulicSystems,3,cooler_condition,SensorMeanStd Centroid,308,46200,46500,20,20,1,1.0,0
HydraulicSystems,3,cooler_condition,SensorMeanStd Centroid,309,46350,46650,20,20,1,1.0,1
HydraulicSystems,3,cooler_condition,SensorMeanStd Centroid,310,46500,46800,20,20,1,1.0,0
HydraulicSystems,3,cooler_condition,SensorMeanStd Centroid,313,46950,47250,20,20,1,1.0,0
HydraulicSystems,3,cooler_condition,SensorMeanStd Centroid,316,47400,47700,20,20,1,1.0,0
HydraulicSystems,3,cooler_condition,SensorMeanStd Centroid,317,47550,47850,20,20,1,1.0,0
HydraulicSystems,3,cooler_condition,SensorMeanStd Centroid,319,47850,48150,20,20,1,1.0,0
HydraulicSystems,3,cooler_condition,SensorMeanStd Centroid,320,48000,48300,20,20,1,1.0,0
HydraulicSystems,3,cooler_condition,SensorMeanStd Centroid,322,48300,48600,20,20,1,1.0,0
HydraulicSystems,3,cooler_condition,SensorMeanStd Centroid,327,49050,49350,20,20,1,1.0,0
HydraulicSystems,3,cooler_condition,SensorMeanStd Centroid,330,49500,49800,20,20,1,1.0,0
HydraulicSystems,3,cooler_condition,SensorMeanStd Centroid,334,50100,50400,20,20,1,1.0,0
HydraulicSystems,3,cooler_condition,SensorMeanStd Centroid,335,50250,50550,20,20,1,1.0,0
HydraulicSystems,3,cooler_condition,SensorMeanStd Centroid,337,50550,50850,20,20,1,1.0,0
HydraulicSystems,3,cooler_condition,SensorMeanStd Centroid,343,51450,51750,20,20,1,1.0,0
HydraulicSystems,3,cooler_condition,SensorMeanStd Centroid,344,51600,51900,20,20,1,1.0,0
HydraulicSystems,3,cooler_condition,SensorMeanStd Centroid,345,51750,52050,20,20,1,1.0,0
HydraulicSystems,3,cooler_condition,SensorMeanStd Centroid,346,51900,52200,20,20,1,1.0,1
HydraulicSystems,3,cooler_condition,SensorMeanStd Centroid,348,52200,52500,20,20,1,1.0,1
HydraulicSystems,3,cooler_condition,SensorMeanStd Centroid,350,52500,52800,20,20,1,1.0,0
HydraulicSystems,3,cooler_condition,SensorMeanStd Centroid,352,52800,53100,20,20,1,1.0,0
HydraulicSystems,3,cooler_condition,SensorMeanStd Centroid,353,52950,53250,20,20,1,1.0,0
HydraulicSystems,3,cooler_condition,SensorMeanStd Centroid,354,53100,53400,20,20,1,1.0,0
HydraulicSystems,3,cooler_condition,SensorMeanStd Centroid,355,53250,53550,20,20,1,1.0,0
HydraulicSystems,3,cooler_condition,SensorMeanStd Centroid,356,53400,53700,20,20,1,1.0,0
HydraulicSystems,3,cooler_condition,SensorMeanStd Centroid,357,53550,53850,20,20,1,1.0,0
HydraulicSystems,3,cooler_condition,SensorMeanStd Centroid,358,53700,54000,20,20,1,1.0,0
HydraulicSystems,3,cooler_condition,SensorMeanStd Centroid,359,53850,54150,20,20,1,1.0,0
HydraulicSystems,3,cooler_condition,SensorMeanStd Centroid,361,54150,54450,20,20,1,1.0,0
HydraulicSystems,3,cooler_condition,SensorMeanStd Centroid,362,54300,54600,20,20,1,1.0,0
HydraulicSystems,3,cooler_condition,SensorMeanStd Centroid,363,54450,54750,20,20,1,1.0,0
HydraulicSystems,3,cooler_condition,SensorMeanStd Centroid,365,54750,55050,20,20,1,1.0,0
HydraulicSystems,3,cooler_condition,SensorMeanStd Centroid,366,54900,55200,20,20,1,1.0,0
HydraulicSystems,3,cooler_condition,SensorMeanStd Centroid,367,55050,55350,20,20,1,1.0,0
HydraulicSystems,3,cooler_condition,SensorMeanStd Centroid,369,55350,55650,20,20,1,1.0,0
HydraulicSystems,3,cooler_condition,SensorMeanStd Centroid,370,55500,55800,20,20,1,1.0,0
HydraulicSystems,3,cooler_condition,SensorMeanStd Centroid,371,55650,55950,20,20,1,1.0,0
HydraulicSystems,3,cooler_condition,SensorMeanStd Centroid,375,56250,56550,20,20,1,1.0,0
HydraulicSystems,3,cooler_condition,SensorMeanStd Centroid,378,56700,57000,20,20,1,1.0,0
HydraulicSystems,3,cooler_condition,SensorMeanStd Centroid,379,56850,57150,20,20,1,1.0,0
HydraulicSystems,3,cooler_condition,SensorMeanStd Centroid,380,57000,57300,20,20,1,1.0,0
HydraulicSystems,3,cooler_condition,SensorMeanStd Centroid,381,57150,57450,20,20,1,1.0,0
HydraulicSystems,3,cooler_condition,SensorMeanStd Centroid,382,57300,57600,20,20,1,1.0,0
HydraulicSystems,3,cooler_condition,SensorMeanStd Centroid,384,57600,57900,20,20,1,1.0,0
HydraulicSystems,3,cooler_condition,SensorMeanStd Centroid,389,58350,58650,20,20,1,1.0,0
HydraulicSystems,3,cooler_condition,SensorMeanStd Centroid,391,58650,58950,20,20,1,1.0,0
HydraulicSystems,3,cooler_condition,SensorMeanStd Centroid,392,58800,59100,20,20,1,1.0,0
HydraulicSystems,3,cooler_condition,SensorMeanStd Centroid,394,59100,59400,20,20,1,1.0,0
HydraulicSystems,3,cooler_condition,SensorMeanStd Centroid,397,59550,59850,20,20,1,1.0,1
HydraulicSystems,3,cooler_condition,SensorMeanStd Centroid,398,59700,60000,20,20,1,1.0,0
HydraulicSystems,3,cooler_condition,SensorMeanStd Centroid,400,60000,60300,20,20,1,1.0,0
HydraulicSystems,3,cooler_condition,SensorMeanStd Centroid,402,60300,60600,20,20,1,1.0,0
HydraulicSystems,3,cooler_condition,SensorMeanStd Centroid,403,60450,60750,20,20,1,1.0,0
HydraulicSystems,3,cooler_condition,SensorMeanStd Centroid,404,60600,60900,20,20,1,1.0,0
HydraulicSystems,3,cooler_condition,SensorMeanStd Centroid,405,60750,61050,20,20,1,1.0,0
HydraulicSystems,3,cooler_condition,SensorMeanStd Centroid,406,60900,61200,20,20,1,1.0,0
HydraulicSystems,3,cooler_condition,SensorMeanStd Centroid,407,61050,61350,20,20,1,1.0,0
HydraulicSystems,3,cooler_condition,SensorMeanStd Centroid,409,61350,61650,20,20,1,1.0,0
HydraulicSystems,3,cooler_condition,SensorMeanStd Centroid,412,61800,62100,20,20,1,1.0,0
HydraulicSystems,3,cooler_condition,SensorMeanStd Centroid,415,62250,62550,20,20,1,1.0,0
HydraulicSystems,3,cooler_condition,SensorMeanStd Centroid,416,62400,62700,20,20,1,1.0,0
HydraulicSystems,3,cooler_condition,SensorMeanStd Centroid,417,62550,62850,20,20,1,1.0,0
HydraulicSystems,3,cooler_condition,SensorMeanStd Centroid,420,63000,63300,20,20,1,1.0,0
HydraulicSystems,3,cooler_condition,SensorMeanStd Centroid,424,63600,63900,20,20,1,1.0,0
HydraulicSystems,3,cooler_condition,SensorMeanStd Centroid,425,63750,64050,20,20,1,1.0,1
HydraulicSystems,3,cooler_condition,SensorMeanStd Centroid,428,64200,64500,20,20,1,1.0,0
HydraulicSystems,3,cooler_condition,SensorMeanStd Centroid,432,64800,65100,20,20,1,1.0,0
HydraulicSystems,3,cooler_condition,SensorMeanStd Centroid,433,64950,65250,20,20,1,1.0,0
HydraulicSystems,3,cooler_condition,SensorMeanStd Centroid,434,65100,65400,20,20,1,1.0,0
HydraulicSystems,3,cooler_condition,SensorMeanStd Centroid,439,65850,66150,20,20,1,1.0,0
HydraulicSystems,3,cooler_condition,SensorMeanStd Centroid,440,66000,66300,20,20,1,1.0,0
HydraulicSystems,3,cooler_condition,SensorMeanStd Centroid,441,66150,66450,20,20,1,1.0,0
HydraulicSystems,3,cooler_condition,SensorMeanStd Centroid,443,66450,66750,20,20,1,1.0,0
HydraulicSystems,3,cooler_condition,SensorMeanStd Centroid,445,66750,67050,20,20,1,1.0,0
HydraulicSystems,3,cooler_condition,SensorMeanStd Centroid,448,67200,67500,20,20,1,1.0,0
HydraulicSystems,3,cooler_condition,SensorMeanStd Centroid,449,67350,67650,20,20,1,1.0,0
HydraulicSystems,3,cooler_condition,SensorMeanStd Centroid,450,67500,67800,20,20,1,1.0,0
HydraulicSystems,3,cooler_condition,SensorMeanStd Centroid,453,67950,68250,20,20,1,1.0,0
HydraulicSystems,3,cooler_condition,SensorMeanStd Centroid,455,68250,68550,20,20,1,1.0,0
HydraulicSystems,3,cooler_condition,SensorMeanStd Centroid,458,68700,69000,20,20,1,1.0,0
HydraulicSystems,3,cooler_condition,SensorMeanStd Centroid,459,68850,69150,20,20,1,1.0,0
HydraulicSystems,3,cooler_condition,SensorMeanStd Centroid,460,69000,69300,20,20,1,1.0,0
HydraulicSystems,3,cooler_condition,SensorMeanStd Centroid,461,69150,69450,20,20,1,1.0,0
HydraulicSystems,3,cooler_condition,SensorMeanStd Centroid,462,69300,69600,20,20,1,1.0,0
HydraulicSystems,3,cooler_condition,SensorMeanStd Centroid,464,69600,69900,20,20,1,1.0,0
HydraulicSystems,3,cooler_condition,SensorMeanStd Centroid,467,70050,70350,20,20,1,1.0,0
HydraulicSystems,3,cooler_condition,SensorMeanStd Centroid,469,70350,70650,20,20,1,1.0,1
HydraulicSystems,3,cooler_condition,SensorMeanStd Centroid,472,70800,71100,20,20,1,1.0,0
HydraulicSystems,3,cooler_condition,SensorMeanStd Centroid,477,71550,71850,20,20,1,1.0,0
HydraulicSystems,3,cooler_condition,SensorMeanStd Centroid,480,72000,72300,20,20,1,1.0,0
HydraulicSystems,3,cooler_condition,SensorMeanStd Centroid,483,72450,72750,20,20,1,1.0,1
HydraulicSystems,3,cooler_condition,SensorMeanStd Centroid,487,73050,73350,20,20,1,1.0,0
HydraulicSystems,3,cooler_condition,SensorMeanStd Centroid,488,73200,73500,20,20,1,1.0,0
HydraulicSystems,3,cooler_condition,SensorMeanStd Centroid,494,74100,74400,20,20,1,1.0,0
HydraulicSystems,3,cooler_condition,SensorMeanStd Centroid,495,74250,74550,20,20,1,1.0,0
HydraulicSystems,3,cooler_condition,SensorMeanStd Centroid,496,74400,74700,20,20,1,1.0,0
HydraulicSystems,3,cooler_condition,SensorMeanStd Centroid,498,74700,75000,20,20,1,1.0,0
HydraulicSystems,3,cooler_condition,SensorMeanStd Centroid,503,75450,75750,20,20,1,1.0,0
HydraulicSystems,3,cooler_condition,SensorMeanStd Centroid,507,76050,76350,20,20,1,1.0,0
HydraulicSystems,3,cooler_condition,SensorMeanStd Centroid,508,76200,76500,20,20,1,1.0,0
HydraulicSystems,3,cooler_condition,SensorMeanStd Centroid,511,76650,76950,20,20,1,1.0,0
HydraulicSystems,3,cooler_condition,SensorMeanStd Centroid,512,76800,77100,20,20,1,1.0,0
HydraulicSystems,3,cooler_condition,SensorMeanStd Centroid,513,76950,77250,20,20,1,1.0,0
HydraulicSystems,3,cooler_condition,SensorMeanStd Centroid,516,77400,77700,20,20,1,1.0,0
HydraulicSystems,3,cooler_condition,SensorMeanStd Centroid,517,77550,77850,20,20,1,1.0,0
HydraulicSystems,3,cooler_condition,SensorMeanStd Centroid,518,77700,78000,20,20,1,1.0,0
HydraulicSystems,3,cooler_condition,SensorMeanStd Centroid,520,78000,78300,20,20,1,1.0,0
HydraulicSystems,3,cooler_condition,SensorMeanStd Centroid,526,78900,79200,20,20,1,1.0,0
HydraulicSystems,3,cooler_condition,SensorMeanStd Centroid,527,79050,79350,20,20,1,1.0,0
HydraulicSystems,3,cooler_condition,SensorMeanStd Centroid,530,79500,79800,20,20,1,1.0,0
HydraulicSystems,3,cooler_condition,SensorMeanStd Centroid,534,80100,80400,20,20,1,1.0,0
HydraulicSystems,3,cooler_condition,SensorMeanStd Centroid,537,80550,80850,20,20,1,1.0,0
HydraulicSystems,3,cooler_condition,SensorMeanStd Centroid,540,81000,81300,20,20,1,1.0,0
HydraulicSystems,3,cooler_condition,SensorMeanStd Centroid,544,81600,81900,20,20,1,1.0,0
HydraulicSystems,3,cooler_condition,SensorMeanStd Centroid,546,81900,82200,20,20,1,1.0,0
HydraulicSystems,3,cooler_condition,SensorMeanStd Centroid,547,82050,82350,20,20,1,1.0,0
HydraulicSystems,3,cooler_condition,SensorMeanStd Centroid,550,82500,82800,20,20,1,1.0,0
HydraulicSystems,3,cooler_condition,SensorMeanStd Centroid,551,82650,82950,20,20,1,1.0,0
HydraulicSystems,3,cooler_condition,SensorMeanStd Centroid,553,82950,83250,20,20,1,1.0,0
HydraulicSystems,3,cooler_condition,SensorMeanStd Centroid,558,83700,84000,20,20,1,1.0,0
HydraulicSystems,3,cooler_condition,SensorMeanStd Centroid,559,83850,84150,20,20,1,1.0,0
HydraulicSystems,3,cooler_condition,SensorMeanStd Centroid,560,84000,84300,20,20,1,1.0,0
HydraulicSystems,3,cooler_condition,SensorMeanStd Centroid,561,84150,84450,20,20,1,1.0,0
HydraulicSystems,3,cooler_condition,SensorMeanStd Centroid,564,84600,84900,20,20,1,1.0,0
HydraulicSystems,3,cooler_condition,SensorMeanStd Centroid,566,84900,85200,20,20,1,1.0,0
HydraulicSystems,3,cooler_condition,SensorMeanStd Centroid,569,85350,85650,20,20,1,1.0,0
HydraulicSystems,3,cooler_condition,SensorMeanStd Centroid,570,85500,85800,20,20,1,1.0,1
HydraulicSystems,3,cooler_condition,SensorMeanStd Centroid,573,85950,86250,20,20,1,1.0,0
HydraulicSystems,3,cooler_condition,SensorMeanStd Centroid,574,86100,86400,20,20,1,1.0,0
HydraulicSystems,3,cooler_condition,SensorMeanStd Centroid,575,86250,86550,20,20,1,1.0,0
HydraulicSystems,3,cooler_condition,SensorMeanStd Centroid,576,86400,86700,20,20,1,1.0,0
HydraulicSystems,3,cooler_condition,SensorMeanStd Centroid,578,86700,87000,20,20,1,1.0,0
HydraulicSystems,3,cooler_condition,SensorMeanStd Centroid,579,86850,87150,20,20,1,1.0,0
HydraulicSystems,3,cooler_condition,SensorMeanStd Centroid,580,87000,87300,20,20,1,1.0,0
HydraulicSystems,3,cooler_condition,SensorMeanStd Centroid,581,87150,87450,20,20,1,1.0,0
HydraulicSystems,3,cooler_condition,SensorMeanStd Centroid,582,87300,87600,20,20,1,1.0,0
HydraulicSystems,3,cooler_condition,SensorMeanStd Centroid,583,87450,87750,20,20,1,1.0,0
HydraulicSystems,3,cooler_condition,SensorMeanStd Centroid,584,87600,87900,20,20,1,0.8,1
HydraulicSystems,3,cooler_condition,SensorMeanStd Centroid,586,87900,88200,100,20,0,1.0,1
HydraulicSystems,3,cooler_condition,SensorMeanStd Centroid,590,88500,88800,100,100,1,1.0,0
HydraulicSystems,3,cooler_condition,SensorMeanStd Centroid,591,88650,88950,100,100,1,1.0,1
HydraulicSystems,3,cooler_condition,SensorMeanStd Centroid,592,88800,89100,100,100,1,1.0,0
HydraulicSystems,3,cooler_condition,SensorMeanStd Centroid,596,89400,89700,100,100,1,1.0,0
HydraulicSystems,3,cooler_condition,SensorMeanStd Centroid,597,89550,89850,100,100,1,1.0,0
HydraulicSystems,3,cooler_condition,SensorMeanStd Centroid,598,89700,90000,100,100,1,1.0,0
HydraulicSystems,3,cooler_condition,SensorMeanStd Centroid,603,90450,90750,100,100,1,1.0,0
HydraulicSystems,3,cooler_condition,SensorMeanStd Centroid,604,90600,90900,100,100,1,1.0,0
HydraulicSystems,3,cooler_condition,SensorMeanStd Centroid,605,90750,91050,100,100,1,1.0,0
HydraulicSystems,3,cooler_condition,SensorMeanStd Centroid,606,90900,91200,100,100,1,1.0,0
HydraulicSystems,3,cooler_condition,SensorMeanStd Centroid,608,91200,91500,100,100,1,1.0,0
HydraulicSystems,3,cooler_condition,SensorMeanStd Centroid,609,91350,91650,100,100,1,1.0,0
HydraulicSystems,3,cooler_condition,SensorMeanStd Centroid,610,91500,91800,100,100,1,1.0,0
HydraulicSystems,3,cooler_condition,SensorMeanStd Centroid,611,91650,91950,100,100,1,1.0,0
HydraulicSystems,3,cooler_condition,SensorMeanStd Centroid,612,91800,92100,100,100,1,1.0,0
HydraulicSystems,3,cooler_condition,SensorMeanStd Centroid,613,91950,92250,100,100,1,1.0,0
HydraulicSystems,3,cooler_condition,SensorMeanStd Centroid,617,92550,92850,100,100,1,1.0,0
HydraulicSystems,3,cooler_condition,SensorMeanStd Centroid,618,92700,93000,100,100,1,1.0,0
HydraulicSystems,3,cooler_condition,SensorMeanStd Centroid,619,92850,93150,100,100,1,1.0,0
HydraulicSystems,3,cooler_condition,SensorMeanStd Centroid,620,93000,93300,100,100,1,1.0,0
HydraulicSystems,3,cooler_condition,SensorMeanStd Centroid,621,93150,93450,100,100,1,1.0,0
HydraulicSystems,3,cooler_condition,SensorMeanStd Centroid,622,93300,93600,100,100,1,1.0,0
HydraulicSystems,3,cooler_condition,SensorMeanStd Centroid,624,93600,93900,100,100,1,1.0,0
HydraulicSystems,3,cooler_condition,SensorMeanStd Centroid,627,94050,94350,100,100,1,1.0,0
HydraulicSystems,3,cooler_condition,SensorMeanStd Centroid,628,94200,94500,100,100,1,1.0,0
HydraulicSystems,3,cooler_condition,SensorMeanStd Centroid,630,94500,94800,100,100,1,1.0,0
HydraulicSystems,3,cooler_condition,SensorMeanStd Centroid,637,95550,95850,100,100,1,1.0,0
HydraulicSystems,3,cooler_condition,SensorMeanStd Centroid,638,95700,96000,100,100,1,1.0,0
HydraulicSystems,3,cooler_condition,SensorMeanStd Centroid,643,96450,96750,100,100,1,1.0,0
HydraulicSystems,3,cooler_condition,SensorMeanStd Centroid,645,96750,97050,100,100,1,1.0,0
HydraulicSystems,3,cooler_condition,SensorMeanStd Centroid,646,96900,97200,100,100,1,1.0,0
HydraulicSystems,3,cooler_condition,SensorMeanStd Centroid,647,97050,97350,100,100,1,1.0,0
HydraulicSystems,3,cooler_condition,SensorMeanStd Centroid,648,97200,97500,100,100,1,1.0,0
HydraulicSystems,3,cooler_condition,SensorMeanStd Centroid,649,97350,97650,100,100,1,1.0,0
HydraulicSystems,3,cooler_condition,SensorMeanStd Centroid,650,97500,97800,100,100,1,1.0,0
HydraulicSystems,3,cooler_condition,SensorMeanStd Centroid,656,98400,98700,100,100,1,1.0,0
HydraulicSystems,3,cooler_condition,SensorMeanStd Centroid,657,98550,98850,100,100,1,1.0,0
HydraulicSystems,3,cooler_condition,SensorMeanStd Centroid,662,99300,99600,100,100,1,1.0,0
HydraulicSystems,3,cooler_condition,SensorMeanStd Centroid,665,99750,100050,100,100,1,1.0,0
HydraulicSystems,3,cooler_condition,SensorMeanStd Centroid,667,100050,100350,100,100,1,1.0,0
HydraulicSystems,3,cooler_condition,SensorMeanStd Centroid,668,100200,100500,100,100,1,1.0,0
HydraulicSystems,3,cooler_condition,SensorMeanStd Centroid,669,100350,100650,100,100,1,1.0,0
HydraulicSystems,3,cooler_condition,SensorMeanStd Centroid,670,100500,100800,100,100,1,1.0,0
HydraulicSystems,3,cooler_condition,SensorMeanStd Centroid,671,100650,100950,100,100,1,1.0,0
HydraulicSystems,3,cooler_condition,SensorMeanStd Centroid,672,100800,101100,100,100,1,1.0,0
HydraulicSystems,3,cooler_condition,SensorMeanStd Centroid,676,101400,101700,100,100,1,1.0,0
HydraulicSystems,3,cooler_condition,SensorMeanStd Centroid,677,101550,101850,100,100,1,1.0,0
HydraulicSystems,3,cooler_condition,SensorMeanStd Centroid,678,101700,102000,100,100,1,1.0,0
HydraulicSystems,3,cooler_condition,SensorMeanStd Centroid,679,101850,102150,100,100,1,1.0,0
HydraulicSystems,3,cooler_condition,SensorMeanStd Centroid,681,102150,102450,100,100,1,1.0,0
HydraulicSystems,3,cooler_condition,SensorMeanStd Centroid,683,102450,102750,100,100,1,1.0,0
HydraulicSystems,3,cooler_condition,SensorMeanStd Centroid,684,102600,102900,100,100,1,1.0,0
HydraulicSystems,3,cooler_condition,SensorMeanStd Centroid,689,103350,103650,100,100,1,1.0,0
HydraulicSystems,3,cooler_condition,SensorMeanStd Centroid,690,103500,103800,100,100,1,1.0,0
HydraulicSystems,3,cooler_condition,SensorMeanStd Centroid,691,103650,103950,100,100,1,1.0,0
HydraulicSystems,3,cooler_condition,SensorMeanStd Centroid,692,103800,104100,100,100,1,1.0,0
HydraulicSystems,3,cooler_condition,SensorMeanStd Centroid,693,103950,104250,100,100,1,1.0,0
HydraulicSystems,3,cooler_condition,SensorMeanStd Centroid,696,104400,104700,100,100,1,1.0,0
HydraulicSystems,3,cooler_condition,SensorMeanStd Centroid,697,104550,104850,100,100,1,1.0,0
HydraulicSystems,3,cooler_condition,SensorMeanStd Centroid,699,104850,105150,100,100,1,1.0,0
HydraulicSystems,3,cooler_condition,SensorMeanStd Centroid,701,105150,105450,100,100,1,1.0,0
HydraulicSystems,3,cooler_condition,SensorMeanStd Centroid,702,105300,105600,100,100,1,1.0,0
HydraulicSystems,3,cooler_condition,SensorMeanStd Centroid,703,105450,105750,100,100,1,1.0,0
HydraulicSystems,3,cooler_condition,SensorMeanStd Centroid,705,105750,106050,100,100,1,1.0,0
HydraulicSystems,3,cooler_condition,SensorMeanStd Centroid,706,105900,106200,100,100,1,1.0,0
HydraulicSystems,3,cooler_condition,SensorMeanStd Centroid,708,106200,106500,100,100,1,1.0,0
HydraulicSystems,3,cooler_condition,SensorMeanStd Centroid,709,106350,106650,100,100,1,1.0,0
HydraulicSystems,3,cooler_condition,SensorMeanStd Centroid,711,106650,106950,100,100,1,1.0,0
HydraulicSystems,3,cooler_condition,SensorMeanStd Centroid,713,106950,107250,100,100,1,1.0,0
HydraulicSystems,3,cooler_condition,SensorMeanStd Centroid,715,107250,107550,100,100,1,1.0,0
HydraulicSystems,3,cooler_condition,SensorMeanStd Centroid,716,107400,107700,100,100,1,1.0,0
HydraulicSystems,3,cooler_condition,SensorMeanStd Centroid,717,107550,107850,100,100,1,1.0,0
HydraulicSystems,3,cooler_condition,SensorMeanStd Centroid,718,107700,108000,100,100,1,1.0,0
HydraulicSystems,3,cooler_condition,SensorMeanStd Centroid,722,108300,108600,100,100,1,1.0,0
HydraulicSystems,3,cooler_condition,SensorMeanStd Centroid,726,108900,109200,100,100,1,1.0,0
HydraulicSystems,3,cooler_condition,SensorMeanStd Centroid,727,109050,109350,100,100,1,1.0,0
HydraulicSystems,3,cooler_condition,SensorMeanStd Centroid,728,109200,109500,100,100,1,1.0,0
HydraulicSystems,3,cooler_condition,SensorMeanStd Centroid,730,109500,109800,100,100,1,1.0,0
HydraulicSystems,3,cooler_condition,SensorMeanStd Centroid,731,109650,109950,100,100,1,1.0,0
HydraulicSystems,3,cooler_condition,SensorMeanStd Centroid,735,110250,110550,100,100,1,1.0,0
HydraulicSystems,3,cooler_condition,SensorMeanStd Centroid,736,110400,110700,100,100,1,1.0,0
HydraulicSystems,3,cooler_condition,SensorMeanStd Centroid,737,110550,110850,100,100,1,1.0,0
HydraulicSystems,3,cooler_condition,SensorMeanStd Centroid,738,110700,111000,100,100,1,1.0,0
HydraulicSystems,3,cooler_condition,SensorMeanStd Centroid,740,111000,111300,100,100,1,1.0,0
HydraulicSystems,3,cooler_condition,SensorMeanStd Centroid,741,111150,111450,100,100,1,1.0,0
HydraulicSystems,3,cooler_condition,SensorMeanStd Centroid,743,111450,111750,100,100,1,1.0,0
HydraulicSystems,3,cooler_condition,SensorMeanStd Centroid,746,111900,112200,100,100,1,1.0,0
HydraulicSystems,3,cooler_condition,SensorMeanStd Centroid,747,112050,112350,100,100,1,1.0,0
HydraulicSystems,3,cooler_condition,SensorMeanStd Centroid,754,113100,113400,100,100,1,1.0,0
HydraulicSystems,3,cooler_condition,SensorMeanStd Centroid,755,113250,113550,100,100,1,1.0,0
HydraulicSystems,3,cooler_condition,SensorMeanStd Centroid,756,113400,113700,100,100,1,1.0,0
HydraulicSystems,3,cooler_condition,SensorMeanStd Centroid,758,113700,114000,100,100,1,1.0,0
HydraulicSystems,3,cooler_condition,SensorMeanStd Centroid,761,114150,114450,100,100,1,1.0,0
HydraulicSystems,3,cooler_condition,SensorMeanStd Centroid,764,114600,114900,100,100,1,1.0,0
HydraulicSystems,3,cooler_condition,SensorMeanStd Centroid,766,114900,115200,100,100,1,1.0,0
HydraulicSystems,3,cooler_condition,SensorMeanStd Centroid,767,115050,115350,100,100,1,1.0,0
HydraulicSystems,3,cooler_condition,SensorMeanStd Centroid,768,115200,115500,100,100,1,1.0,0
HydraulicSystems,3,cooler_condition,SensorMeanStd Centroid,771,115650,115950,100,100,1,1.0,0
HydraulicSystems,3,cooler_condition,SensorMeanStd Centroid,772,115800,116100,100,100,1,1.0,0
HydraulicSystems,3,cooler_condition,SensorMeanStd Centroid,773,115950,116250,100,100,1,1.0,0
HydraulicSystems,3,cooler_condition,SensorMeanStd Centroid,775,116250,116550,100,100,1,1.0,0
HydraulicSystems,3,cooler_condition,SensorMeanStd Centroid,777,116550,116850,100,100,1,1.0,0
HydraulicSystems,3,cooler_condition,SensorMeanStd Centroid,779,116850,117150,100,100,1,1.0,0
HydraulicSystems,3,cooler_condition,SensorMeanStd Centroid,781,117150,117450,100,100,1,1.0,0
HydraulicSystems,3,cooler_condition,SensorMeanStd Centroid,783,117450,117750,100,100,1,1.0,0
HydraulicSystems,3,cooler_condition,SensorMeanStd Centroid,786,117900,118200,100,100,1,1.0,0
HydraulicSystems,3,cooler_condition,SensorMeanStd Centroid,790,118500,118800,100,100,1,1.0,0
HydraulicSystems,3,cooler_condition,SensorMeanStd Centroid,791,118650,118950,100,100,1,1.0,0
HydraulicSystems,3,cooler_condition,SensorMeanStd Centroid,793,118950,119250,100,100,1,1.0,0
HydraulicSystems,3,cooler_condition,SensorMeanStd Centroid,794,119100,119400,100,100,1,1.0,0
HydraulicSystems,3,cooler_condition,SensorMeanStd Centroid,797,119550,119850,100,100,1,1.0,0
HydraulicSystems,3,cooler_condition,SensorMeanStd Centroid,800,120000,120300,100,100,1,1.0,0
HydraulicSystems,3,cooler_condition,SensorMeanStd Centroid,801,120150,120450,100,100,1,1.0,0
HydraulicSystems,3,cooler_condition,SensorMeanStd Centroid,803,120450,120750,100,100,1,1.0,0
HydraulicSystems,3,cooler_condition,SensorMeanStd Centroid,804,120600,120900,100,100,1,1.0,0
HydraulicSystems,3,cooler_condition,SensorMeanStd Centroid,805,120750,121050,100,100,1,1.0,0
HydraulicSystems,3,cooler_condition,SensorMeanStd Centroid,806,120900,121200,100,100,1,1.0,0
HydraulicSystems,3,cooler_condition,SensorMeanStd Centroid,807,121050,121350,100,100,1,1.0,0
HydraulicSystems,3,cooler_condition,SensorMeanStd Centroid,809,121350,121650,100,100,1,1.0,0
HydraulicSystems,3,cooler_condition,SensorMeanStd Centroid,810,121500,121800,100,100,1,1.0,0
HydraulicSystems,3,cooler_condition,SensorMeanStd Centroid,811,121650,121950,100,100,1,1.0,0
HydraulicSystems,3,cooler_condition,SensorMeanStd Centroid,813,121950,122250,100,100,1,1.0,0
HydraulicSystems,3,cooler_condition,SensorMeanStd Centroid,814,122100,122400,100,100,1,1.0,0
HydraulicSystems,3,cooler_condition,SensorMeanStd Centroid,815,122250,122550,100,100,1,1.0,0
HydraulicSystems,3,cooler_condition,SensorMeanStd Centroid,818,122700,123000,100,100,1,1.0,0
HydraulicSystems,3,cooler_condition,SensorMeanStd Centroid,819,122850,123150,100,100,1,1.0,0
HydraulicSystems,3,cooler_condition,SensorMeanStd Centroid,822,123300,123600,100,100,1,1.0,0
HydraulicSystems,3,cooler_condition,SensorMeanStd Centroid,823,123450,123750,100,100,1,1.0,0
HydraulicSystems,3,cooler_condition,SensorMeanStd Centroid,824,123600,123900,100,100,1,1.0,0
HydraulicSystems,3,cooler_condition,SensorMeanStd Centroid,825,123750,124050,100,100,1,1.0,0
HydraulicSystems,3,cooler_condition,SensorMeanStd Centroid,827,124050,124350,100,100,1,1.0,0
HydraulicSystems,3,cooler_condition,SensorMeanStd Centroid,828,124200,124500,100,100,1,1.0,0
HydraulicSystems,3,cooler_condition,SensorMeanStd Centroid,830,124500,124800,100,100,1,1.0,0
HydraulicSystems,3,cooler_condition,SensorMeanStd Centroid,831,124650,124950,100,100,1,1.0,0
HydraulicSystems,3,cooler_condition,SensorMeanStd Centroid,832,124800,125100,100,100,1,1.0,0
HydraulicSystems,3,cooler_condition,SensorMeanStd Centroid,841,126150,126450,100,100,1,1.0,0
HydraulicSystems,3,cooler_condition,SensorMeanStd Centroid,842,126300,126600,100,100,1,1.0,0
HydraulicSystems,3,cooler_condition,SensorMeanStd Centroid,845,126750,127050,100,100,1,1.0,0
HydraulicSystems,3,cooler_condition,SensorMeanStd Centroid,847,127050,127350,100,100,1,1.0,0
HydraulicSystems,3,cooler_condition,SensorMeanStd Centroid,856,128400,128700,100,100,1,1.0,0
HydraulicSystems,3,cooler_condition,SensorMeanStd Centroid,861,129150,129450,100,100,1,1.0,0
HydraulicSystems,3,cooler_condition,SensorMeanStd Centroid,865,129750,130050,100,100,1,1.0,0
HydraulicSystems,3,cooler_condition,SensorMeanStd Centroid,868,130200,130500,100,100,1,1.0,0
HydraulicSystems,3,cooler_condition,SensorMeanStd Centroid,869,130350,130650,100,100,1,1.0,0
HydraulicSystems,3,cooler_condition,SensorMeanStd Centroid,870,130500,130800,100,100,1,1.0,0
HydraulicSystems,3,cooler_condition,SensorMeanStd Centroid,873,130950,131250,100,100,1,1.0,0
HydraulicSystems,3,cooler_condition,SensorMeanStd Centroid,877,131550,131850,100,100,1,1.0,0
HydraulicSystems,3,cooler_condition,GraphFeature Centroid,1,150,450,3,3,1,1.0,1
HydraulicSystems,3,cooler_condition,GraphFeature Centroid,2,300,600,3,3,1,1.0,1
HydraulicSystems,3,cooler_condition,GraphFeature Centroid,5,750,1050,3,20,0,1.0,1
HydraulicSystems,3,cooler_condition,GraphFeature Centroid,6,900,1200,3,20,0,1.0,1
HydraulicSystems,3,cooler_condition,GraphFeature Centroid,8,1200,1500,3,3,1,1.0,1
HydraulicSystems,3,cooler_condition,GraphFeature Centroid,9,1350,1650,3,3,1,1.0,1
HydraulicSystems,3,cooler_condition,GraphFeature Centroid,10,1500,1800,3,3,1,1.0,1
HydraulicSystems,3,cooler_condition,GraphFeature Centroid,11,1650,1950,3,3,1,1.0,1
HydraulicSystems,3,cooler_condition,GraphFeature Centroid,12,1800,2100,3,3,1,1.0,1
HydraulicSystems,3,cooler_condition,GraphFeature Centroid,14,2100,2400,3,3,1,1.0,1
HydraulicSystems,3,cooler_condition,GraphFeature Centroid,21,3150,3450,3,3,1,1.0,1
HydraulicSystems,3,cooler_condition,GraphFeature Centroid,22,3300,3600,3,3,1,1.0,1
HydraulicSystems,3,cooler_condition,GraphFeature Centroid,24,3600,3900,3,3,1,1.0,1
HydraulicSystems,3,cooler_condition,GraphFeature Centroid,25,3750,4050,3,3,1,1.0,1
HydraulicSystems,3,cooler_condition,GraphFeature Centroid,27,4050,4350,3,3,1,1.0,1
HydraulicSystems,3,cooler_condition,GraphFeature Centroid,28,4200,4500,3,3,1,1.0,1
HydraulicSystems,3,cooler_condition,GraphFeature Centroid,29,4350,4650,3,3,1,1.0,1
HydraulicSystems,3,cooler_condition,GraphFeature Centroid,32,4800,5100,3,3,1,1.0,1
HydraulicSystems,3,cooler_condition,GraphFeature Centroid,33,4950,5250,3,3,1,1.0,1
HydraulicSystems,3,cooler_condition,GraphFeature Centroid,34,5100,5400,3,3,1,1.0,1
HydraulicSystems,3,cooler_condition,GraphFeature Centroid,37,5550,5850,3,3,1,1.0,1
HydraulicSystems,3,cooler_condition,GraphFeature Centroid,38,5700,6000,3,3,1,1.0,1
HydraulicSystems,3,cooler_condition,GraphFeature Centroid,39,5850,6150,3,3,1,1.0,1
HydraulicSystems,3,cooler_condition,GraphFeature Centroid,42,6300,6600,3,3,1,1.0,1
HydraulicSystems,3,cooler_condition,GraphFeature Centroid,46,6900,7200,3,3,1,1.0,1
HydraulicSystems,3,cooler_condition,GraphFeature Centroid,47,7050,7350,3,3,1,1.0,1
HydraulicSystems,3,cooler_condition,GraphFeature Centroid,48,7200,7500,3,3,1,1.0,1
HydraulicSystems,3,cooler_condition,GraphFeature Centroid,49,7350,7650,3,3,1,1.0,1
HydraulicSystems,3,cooler_condition,GraphFeature Centroid,50,7500,7800,3,3,1,1.0,1
HydraulicSystems,3,cooler_condition,GraphFeature Centroid,53,7950,8250,3,3,1,1.0,1
HydraulicSystems,3,cooler_condition,GraphFeature Centroid,56,8400,8700,3,20,0,1.0,0
HydraulicSystems,3,cooler_condition,GraphFeature Centroid,57,8550,8850,3,3,1,1.0,1
HydraulicSystems,3,cooler_condition,GraphFeature Centroid,58,8700,9000,3,3,1,1.0,1
HydraulicSystems,3,cooler_condition,GraphFeature Centroid,61,9150,9450,3,3,1,1.0,1
HydraulicSystems,3,cooler_condition,GraphFeature Centroid,67,10050,10350,3,3,1,1.0,1
HydraulicSystems,3,cooler_condition,GraphFeature Centroid,69,10350,10650,3,3,1,1.0,1
HydraulicSystems,3,cooler_condition,GraphFeature Centroid,70,10500,10800,3,3,1,1.0,1
HydraulicSystems,3,cooler_condition,GraphFeature Centroid,73,10950,11250,3,3,1,1.0,1
HydraulicSystems,3,cooler_condition,GraphFeature Centroid,74,11100,11400,3,3,1,1.0,1
HydraulicSystems,3,cooler_condition,GraphFeature Centroid,76,11400,11700,3,3,1,1.0,1
HydraulicSystems,3,cooler_condition,GraphFeature Centroid,77,11550,11850,3,3,1,1.0,1
HydraulicSystems,3,cooler_condition,GraphFeature Centroid,78,11700,12000,3,3,1,1.0,1
HydraulicSystems,3,cooler_condition,GraphFeature Centroid,85,12750,13050,3,3,1,1.0,1
HydraulicSystems,3,cooler_condition,GraphFeature Centroid,86,12900,13200,3,3,1,1.0,1
HydraulicSystems,3,cooler_condition,GraphFeature Centroid,92,13800,14100,3,3,1,1.0,1
HydraulicSystems,3,cooler_condition,GraphFeature Centroid,94,14100,14400,3,3,1,1.0,1
HydraulicSystems,3,cooler_condition,GraphFeature Centroid,95,14250,14550,3,3,1,1.0,1
HydraulicSystems,3,cooler_condition,GraphFeature Centroid,96,14400,14700,3,3,1,1.0,1
HydraulicSystems,3,cooler_condition,GraphFeature Centroid,97,14550,14850,3,3,1,1.0,1
HydraulicSystems,3,cooler_condition,GraphFeature Centroid,98,14700,15000,3,3,1,1.0,1
HydraulicSystems,3,cooler_condition,GraphFeature Centroid,99,14850,15150,3,3,1,1.0,1
HydraulicSystems,3,cooler_condition,GraphFeature Centroid,100,15000,15300,3,3,1,1.0,1
HydraulicSystems,3,cooler_condition,GraphFeature Centroid,101,15150,15450,3,20,0,1.0,1
HydraulicSystems,3,cooler_condition,GraphFeature Centroid,102,15300,15600,3,20,0,1.0,1
HydraulicSystems,3,cooler_condition,GraphFeature Centroid,103,15450,15750,3,3,1,1.0,1
HydraulicSystems,3,cooler_condition,GraphFeature Centroid,104,15600,15900,3,3,1,1.0,1
HydraulicSystems,3,cooler_condition,GraphFeature Centroid,105,15750,16050,3,3,1,1.0,1
HydraulicSystems,3,cooler_condition,GraphFeature Centroid,106,15900,16200,3,20,0,1.0,1
HydraulicSystems,3,cooler_condition,GraphFeature Centroid,109,16350,16650,3,3,1,1.0,1
HydraulicSystems,3,cooler_condition,GraphFeature Centroid,110,16500,16800,3,3,1,1.0,1
HydraulicSystems,3,cooler_condition,GraphFeature Centroid,117,17550,17850,3,3,1,1.0,1
HydraulicSystems,3,cooler_condition,GraphFeature Centroid,118,17700,18000,3,3,1,1.0,1
HydraulicSystems,3,cooler_condition,GraphFeature Centroid,123,18450,18750,3,3,1,1.0,1
HydraulicSystems,3,cooler_condition,GraphFeature Centroid,125,18750,19050,3,3,1,1.0,1
HydraulicSystems,3,cooler_condition,GraphFeature Centroid,127,19050,19350,3,3,1,1.0,1
HydraulicSystems,3,cooler_condition,GraphFeature Centroid,135,20250,20550,3,3,1,1.0,1
HydraulicSystems,3,cooler_condition,GraphFeature Centroid,136,20400,20700,3,3,1,1.0,1
HydraulicSystems,3,cooler_condition,GraphFeature Centroid,138,20700,21000,3,3,1,1.0,1
HydraulicSystems,3,cooler_condition,GraphFeature Centroid,140,21000,21300,3,3,1,1.0,1
HydraulicSystems,3,cooler_condition,GraphFeature Centroid,141,21150,21450,3,3,1,1.0,1
HydraulicSystems,3,cooler_condition,GraphFeature Centroid,142,21300,21600,3,3,1,1.0,1
HydraulicSystems,3,cooler_condition,GraphFeature Centroid,144,21600,21900,3,3,1,1.0,1
HydraulicSystems,3,cooler_condition,GraphFeature Centroid,147,22050,22350,3,3,1,1.0,1
HydraulicSystems,3,cooler_condition,GraphFeature Centroid,148,22200,22500,3,3,1,1.0,1
HydraulicSystems,3,cooler_condition,GraphFeature Centroid,150,22500,22800,3,3,1,1.0,1
HydraulicSystems,3,cooler_condition,GraphFeature Centroid,151,22650,22950,3,3,1,1.0,1
HydraulicSystems,3,cooler_condition,GraphFeature Centroid,152,22800,23100,3,3,1,1.0,1
HydraulicSystems,3,cooler_condition,GraphFeature Centroid,154,23100,23400,3,3,1,1.0,1
HydraulicSystems,3,cooler_condition,GraphFeature Centroid,155,23250,23550,3,3,1,1.0,1
HydraulicSystems,3,cooler_condition,GraphFeature Centroid,156,23400,23700,3,3,1,1.0,1
HydraulicSystems,3,cooler_condition,GraphFeature Centroid,163,24450,24750,3,3,1,1.0,1
HydraulicSystems,3,cooler_condition,GraphFeature Centroid,166,24900,25200,3,3,1,1.0,1
HydraulicSystems,3,cooler_condition,GraphFeature Centroid,169,25350,25650,3,3,1,1.0,1
HydraulicSystems,3,cooler_condition,GraphFeature Centroid,170,25500,25800,3,3,1,1.0,1
HydraulicSystems,3,cooler_condition,GraphFeature Centroid,171,25650,25950,3,3,1,1.0,1
HydraulicSystems,3,cooler_condition,GraphFeature Centroid,173,25950,26250,3,3,1,1.0,1
HydraulicSystems,3,cooler_condition,GraphFeature Centroid,176,26400,26700,3,3,1,1.0,1
HydraulicSystems,3,cooler_condition,GraphFeature Centroid,180,27000,27300,3,3,1,1.0,1
HydraulicSystems,3,cooler_condition,GraphFeature Centroid,181,27150,27450,3,3,1,1.0,1
HydraulicSystems,3,cooler_condition,GraphFeature Centroid,183,27450,27750,3,3,1,1.0,1
HydraulicSystems,3,cooler_condition,GraphFeature Centroid,187,28050,28350,3,3,1,1.0,1
HydraulicSystems,3,cooler_condition,GraphFeature Centroid,188,28200,28500,3,3,1,1.0,1
HydraulicSystems,3,cooler_condition,GraphFeature Centroid,189,28350,28650,3,3,1,1.0,1
HydraulicSystems,3,cooler_condition,GraphFeature Centroid,193,28950,29250,3,3,1,1.0,1
HydraulicSystems,3,cooler_condition,GraphFeature Centroid,194,29100,29400,3,3,1,1.0,1
HydraulicSystems,3,cooler_condition,GraphFeature Centroid,195,29250,29550,3,3,1,1.0,1
HydraulicSystems,3,cooler_condition,GraphFeature Centroid,198,29700,30000,3,3,1,1.0,1
HydraulicSystems,3,cooler_condition,GraphFeature Centroid,200,30000,30300,3,3,1,1.0,1
HydraulicSystems,3,cooler_condition,GraphFeature Centroid,208,31200,31500,3,3,1,1.0,1
HydraulicSystems,3,cooler_condition,GraphFeature Centroid,209,31350,31650,3,3,1,1.0,1
HydraulicSystems,3,cooler_condition,GraphFeature Centroid,210,31500,31800,3,3,1,1.0,1
HydraulicSystems,3,cooler_condition,GraphFeature Centroid,213,31950,32250,3,3,1,1.0,1
HydraulicSystems,3,cooler_condition,GraphFeature Centroid,218,32700,33000,3,3,1,1.0,0
HydraulicSystems,3,cooler_condition,GraphFeature Centroid,220,33000,33300,3,3,1,1.0,1
HydraulicSystems,3,cooler_condition,GraphFeature Centroid,221,33150,33450,3,3,1,1.0,1
HydraulicSystems,3,cooler_condition,GraphFeature Centroid,223,33450,33750,3,3,1,1.0,1
HydraulicSystems,3,cooler_condition,GraphFeature Centroid,226,33900,34200,3,3,1,1.0,1
HydraulicSystems,3,cooler_condition,GraphFeature Centroid,227,34050,34350,3,3,1,1.0,1
HydraulicSystems,3,cooler_condition,GraphFeature Centroid,230,34500,34800,3,3,1,1.0,1
HydraulicSystems,3,cooler_condition,GraphFeature Centroid,232,34800,35100,3,3,1,1.0,1
HydraulicSystems,3,cooler_condition,GraphFeature Centroid,234,35100,35400,3,3,1,1.0,1
HydraulicSystems,3,cooler_condition,GraphFeature Centroid,235,35250,35550,3,3,1,1.0,1
HydraulicSystems,3,cooler_condition,GraphFeature Centroid,236,35400,35700,3,3,1,1.0,1
HydraulicSystems,3,cooler_condition,GraphFeature Centroid,238,35700,36000,3,3,1,1.0,1
HydraulicSystems,3,cooler_condition,GraphFeature Centroid,241,36150,36450,3,3,1,1.0,1
HydraulicSystems,3,cooler_condition,GraphFeature Centroid,242,36300,36600,3,3,1,1.0,1
HydraulicSystems,3,cooler_condition,GraphFeature Centroid,243,36450,36750,3,3,1,1.0,1
HydraulicSystems,3,cooler_condition,GraphFeature Centroid,244,36600,36900,3,3,1,1.0,1
HydraulicSystems,3,cooler_condition,GraphFeature Centroid,245,36750,37050,3,3,1,1.0,1
HydraulicSystems,3,cooler_condition,GraphFeature Centroid,246,36900,37200,3,3,1,1.0,1
HydraulicSystems,3,cooler_condition,GraphFeature Centroid,247,37050,37350,3,3,1,1.0,1
HydraulicSystems,3,cooler_condition,GraphFeature Centroid,248,37200,37500,3,3,1,1.0,1
HydraulicSystems,3,cooler_condition,GraphFeature Centroid,250,37500,37800,3,3,1,1.0,1
HydraulicSystems,3,cooler_condition,GraphFeature Centroid,252,37800,38100,3,3,1,1.0,1
HydraulicSystems,3,cooler_condition,GraphFeature Centroid,256,38400,38700,3,3,1,1.0,1
HydraulicSystems,3,cooler_condition,GraphFeature Centroid,259,38850,39150,3,3,1,1.0,1
HydraulicSystems,3,cooler_condition,GraphFeature Centroid,260,39000,39300,3,3,1,1.0,1
HydraulicSystems,3,cooler_condition,GraphFeature Centroid,264,39600,39900,3,3,1,1.0,1
HydraulicSystems,3,cooler_condition,GraphFeature Centroid,265,39750,40050,3,3,1,1.0,1
HydraulicSystems,3,cooler_condition,GraphFeature Centroid,266,39900,40200,3,3,1,1.0,1
HydraulicSystems,3,cooler_condition,GraphFeature Centroid,267,40050,40350,3,3,1,1.0,1
HydraulicSystems,3,cooler_condition,GraphFeature Centroid,270,40500,40800,3,3,1,1.0,1
HydraulicSystems,3,cooler_condition,GraphFeature Centroid,271,40650,40950,3,3,1,1.0,1
HydraulicSystems,3,cooler_condition,GraphFeature Centroid,272,40800,41100,3,3,1,1.0,1
HydraulicSystems,3,cooler_condition,GraphFeature Centroid,273,40950,41250,3,3,1,1.0,1
HydraulicSystems,3,cooler_condition,GraphFeature Centroid,274,41100,41400,3,3,1,1.0,1
HydraulicSystems,3,cooler_condition,GraphFeature Centroid,275,41250,41550,3,3,1,1.0,1
HydraulicSystems,3,cooler_condition,GraphFeature Centroid,277,41550,41850,3,3,1,1.0,1
HydraulicSystems,3,cooler_condition,GraphFeature Centroid,278,41700,42000,3,3,1,1.0,1
HydraulicSystems,3,cooler_condition,GraphFeature Centroid,280,42000,42300,3,3,1,1.0,1
HydraulicSystems,3,cooler_condition,GraphFeature Centroid,282,42300,42600,3,3,1,1.0,1
HydraulicSystems,3,cooler_condition,GraphFeature Centroid,283,42450,42750,3,3,1,1.0,1
HydraulicSystems,3,cooler_condition,GraphFeature Centroid,285,42750,43050,3,3,1,1.0,1
HydraulicSystems,3,cooler_condition,GraphFeature Centroid,286,42900,43200,3,3,1,1.0,1
HydraulicSystems,3,cooler_condition,GraphFeature Centroid,287,43050,43350,3,3,1,1.0,1
HydraulicSystems,3,cooler_condition,GraphFeature Centroid,288,43200,43500,3,3,1,1.0,1
HydraulicSystems,3,cooler_condition,GraphFeature Centroid,294,44100,44400,20,3,0,1.0,1
HydraulicSystems,3,cooler_condition,GraphFeature Centroid,296,44400,44700,20,3,0,1.0,1
HydraulicSystems,3,cooler_condition,GraphFeature Centroid,297,44550,44850,20,3,0,1.0,1
HydraulicSystems,3,cooler_condition,GraphFeature Centroid,298,44700,45000,20,3,0,1.0,1
HydraulicSystems,3,cooler_condition,GraphFeature Centroid,301,45150,45450,20,20,1,1.0,1
HydraulicSystems,3,cooler_condition,GraphFeature Centroid,302,45300,45600,20,20,1,1.0,1
HydraulicSystems,3,cooler_condition,GraphFeature Centroid,304,45600,45900,20,20,1,1.0,1
HydraulicSystems,3,cooler_condition,GraphFeature Centroid,307,46050,46350,20,20,1,1.0,0
HydraulicSystems,3,cooler_condition,GraphFeature Centroid,308,46200,46500,20,20,1,1.0,0
HydraulicSystems,3,cooler_condition,GraphFeature Centroid,309,46350,46650,20,20,1,1.0,1
HydraulicSystems,3,cooler_condition,GraphFeature Centroid,310,46500,46800,20,20,1,1.0,0
HydraulicSystems,3,cooler_condition,GraphFeature Centroid,313,46950,47250,20,20,1,1.0,0
HydraulicSystems,3,cooler_condition,GraphFeature Centroid,316,47400,47700,20,20,1,1.0,0
HydraulicSystems,3,cooler_condition,GraphFeature Centroid,317,47550,47850,20,20,1,1.0,0
HydraulicSystems,3,cooler_condition,GraphFeature Centroid,319,47850,48150,20,20,1,1.0,0
HydraulicSystems,3,cooler_condition,GraphFeature Centroid,320,48000,48300,20,20,1,1.0,0
HydraulicSystems,3,cooler_condition,GraphFeature Centroid,322,48300,48600,20,20,1,1.0,0
HydraulicSystems,3,cooler_condition,GraphFeature Centroid,327,49050,49350,20,20,1,1.0,0
HydraulicSystems,3,cooler_condition,GraphFeature Centroid,330,49500,49800,20,20,1,1.0,0
HydraulicSystems,3,cooler_condition,GraphFeature Centroid,334,50100,50400,20,20,1,1.0,0
HydraulicSystems,3,cooler_condition,GraphFeature Centroid,335,50250,50550,20,20,1,1.0,0
HydraulicSystems,3,cooler_condition,GraphFeature Centroid,337,50550,50850,20,20,1,1.0,0
HydraulicSystems,3,cooler_condition,GraphFeature Centroid,343,51450,51750,20,20,1,1.0,0
HydraulicSystems,3,cooler_condition,GraphFeature Centroid,344,51600,51900,20,20,1,1.0,0
HydraulicSystems,3,cooler_condition,GraphFeature Centroid,345,51750,52050,20,20,1,1.0,0
HydraulicSystems,3,cooler_condition,GraphFeature Centroid,346,51900,52200,20,20,1,1.0,1
HydraulicSystems,3,cooler_condition,GraphFeature Centroid,348,52200,52500,20,3,0,1.0,1
HydraulicSystems,3,cooler_condition,GraphFeature Centroid,350,52500,52800,20,20,1,1.0,0
HydraulicSystems,3,cooler_condition,GraphFeature Centroid,352,52800,53100,20,20,1,1.0,0
HydraulicSystems,3,cooler_condition,GraphFeature Centroid,353,52950,53250,20,20,1,1.0,0
HydraulicSystems,3,cooler_condition,GraphFeature Centroid,354,53100,53400,20,20,1,1.0,0
HydraulicSystems,3,cooler_condition,GraphFeature Centroid,355,53250,53550,20,20,1,1.0,0
HydraulicSystems,3,cooler_condition,GraphFeature Centroid,356,53400,53700,20,20,1,1.0,0
HydraulicSystems,3,cooler_condition,GraphFeature Centroid,357,53550,53850,20,20,1,1.0,0
HydraulicSystems,3,cooler_condition,GraphFeature Centroid,358,53700,54000,20,20,1,1.0,0
HydraulicSystems,3,cooler_condition,GraphFeature Centroid,359,53850,54150,20,20,1,1.0,0
HydraulicSystems,3,cooler_condition,GraphFeature Centroid,361,54150,54450,20,20,1,1.0,0
HydraulicSystems,3,cooler_condition,GraphFeature Centroid,362,54300,54600,20,20,1,1.0,0
HydraulicSystems,3,cooler_condition,GraphFeature Centroid,363,54450,54750,20,20,1,1.0,0
HydraulicSystems,3,cooler_condition,GraphFeature Centroid,365,54750,55050,20,20,1,1.0,0
HydraulicSystems,3,cooler_condition,GraphFeature Centroid,366,54900,55200,20,20,1,1.0,0
HydraulicSystems,3,cooler_condition,GraphFeature Centroid,367,55050,55350,20,20,1,1.0,0
HydraulicSystems,3,cooler_condition,GraphFeature Centroid,369,55350,55650,20,20,1,1.0,0
HydraulicSystems,3,cooler_condition,GraphFeature Centroid,370,55500,55800,20,20,1,1.0,0
HydraulicSystems,3,cooler_condition,GraphFeature Centroid,371,55650,55950,20,20,1,1.0,0
HydraulicSystems,3,cooler_condition,GraphFeature Centroid,375,56250,56550,20,20,1,1.0,0
HydraulicSystems,3,cooler_condition,GraphFeature Centroid,378,56700,57000,20,20,1,1.0,0
HydraulicSystems,3,cooler_condition,GraphFeature Centroid,379,56850,57150,20,20,1,1.0,0
HydraulicSystems,3,cooler_condition,GraphFeature Centroid,380,57000,57300,20,20,1,1.0,0
HydraulicSystems,3,cooler_condition,GraphFeature Centroid,381,57150,57450,20,20,1,1.0,0
HydraulicSystems,3,cooler_condition,GraphFeature Centroid,382,57300,57600,20,20,1,1.0,0
HydraulicSystems,3,cooler_condition,GraphFeature Centroid,384,57600,57900,20,20,1,1.0,0
HydraulicSystems,3,cooler_condition,GraphFeature Centroid,389,58350,58650,20,20,1,1.0,0
HydraulicSystems,3,cooler_condition,GraphFeature Centroid,391,58650,58950,20,20,1,1.0,0
HydraulicSystems,3,cooler_condition,GraphFeature Centroid,392,58800,59100,20,20,1,1.0,0
HydraulicSystems,3,cooler_condition,GraphFeature Centroid,394,59100,59400,20,20,1,1.0,0
HydraulicSystems,3,cooler_condition,GraphFeature Centroid,397,59550,59850,20,20,1,1.0,1
HydraulicSystems,3,cooler_condition,GraphFeature Centroid,398,59700,60000,20,20,1,1.0,0
HydraulicSystems,3,cooler_condition,GraphFeature Centroid,400,60000,60300,20,20,1,1.0,0
HydraulicSystems,3,cooler_condition,GraphFeature Centroid,402,60300,60600,20,20,1,1.0,0
HydraulicSystems,3,cooler_condition,GraphFeature Centroid,403,60450,60750,20,20,1,1.0,0
HydraulicSystems,3,cooler_condition,GraphFeature Centroid,404,60600,60900,20,20,1,1.0,0
HydraulicSystems,3,cooler_condition,GraphFeature Centroid,405,60750,61050,20,20,1,1.0,0
HydraulicSystems,3,cooler_condition,GraphFeature Centroid,406,60900,61200,20,20,1,1.0,0
HydraulicSystems,3,cooler_condition,GraphFeature Centroid,407,61050,61350,20,20,1,1.0,0
HydraulicSystems,3,cooler_condition,GraphFeature Centroid,409,61350,61650,20,20,1,1.0,0
HydraulicSystems,3,cooler_condition,GraphFeature Centroid,412,61800,62100,20,20,1,1.0,0
HydraulicSystems,3,cooler_condition,GraphFeature Centroid,415,62250,62550,20,20,1,1.0,0
HydraulicSystems,3,cooler_condition,GraphFeature Centroid,416,62400,62700,20,20,1,1.0,0
HydraulicSystems,3,cooler_condition,GraphFeature Centroid,417,62550,62850,20,20,1,1.0,0
HydraulicSystems,3,cooler_condition,GraphFeature Centroid,420,63000,63300,20,20,1,1.0,0
HydraulicSystems,3,cooler_condition,GraphFeature Centroid,424,63600,63900,20,20,1,1.0,0
HydraulicSystems,3,cooler_condition,GraphFeature Centroid,425,63750,64050,20,20,1,1.0,1
HydraulicSystems,3,cooler_condition,GraphFeature Centroid,428,64200,64500,20,20,1,1.0,0
HydraulicSystems,3,cooler_condition,GraphFeature Centroid,432,64800,65100,20,20,1,1.0,0
HydraulicSystems,3,cooler_condition,GraphFeature Centroid,433,64950,65250,20,20,1,1.0,0
HydraulicSystems,3,cooler_condition,GraphFeature Centroid,434,65100,65400,20,20,1,1.0,0
HydraulicSystems,3,cooler_condition,GraphFeature Centroid,439,65850,66150,20,20,1,1.0,0
HydraulicSystems,3,cooler_condition,GraphFeature Centroid,440,66000,66300,20,20,1,1.0,0
HydraulicSystems,3,cooler_condition,GraphFeature Centroid,441,66150,66450,20,20,1,1.0,0
HydraulicSystems,3,cooler_condition,GraphFeature Centroid,443,66450,66750,20,20,1,1.0,0
HydraulicSystems,3,cooler_condition,GraphFeature Centroid,445,66750,67050,20,20,1,1.0,0
HydraulicSystems,3,cooler_condition,GraphFeature Centroid,448,67200,67500,20,100,0,1.0,0
HydraulicSystems,3,cooler_condition,GraphFeature Centroid,449,67350,67650,20,20,1,1.0,0
HydraulicSystems,3,cooler_condition,GraphFeature Centroid,450,67500,67800,20,20,1,1.0,0
HydraulicSystems,3,cooler_condition,GraphFeature Centroid,453,67950,68250,20,20,1,1.0,0
HydraulicSystems,3,cooler_condition,GraphFeature Centroid,455,68250,68550,20,20,1,1.0,0
HydraulicSystems,3,cooler_condition,GraphFeature Centroid,458,68700,69000,20,20,1,1.0,0
HydraulicSystems,3,cooler_condition,GraphFeature Centroid,459,68850,69150,20,20,1,1.0,0
HydraulicSystems,3,cooler_condition,GraphFeature Centroid,460,69000,69300,20,20,1,1.0,0
HydraulicSystems,3,cooler_condition,GraphFeature Centroid,461,69150,69450,20,100,0,1.0,0
HydraulicSystems,3,cooler_condition,GraphFeature Centroid,462,69300,69600,20,20,1,1.0,0
HydraulicSystems,3,cooler_condition,GraphFeature Centroid,464,69600,69900,20,20,1,1.0,0
HydraulicSystems,3,cooler_condition,GraphFeature Centroid,467,70050,70350,20,20,1,1.0,0
HydraulicSystems,3,cooler_condition,GraphFeature Centroid,469,70350,70650,20,20,1,1.0,1
HydraulicSystems,3,cooler_condition,GraphFeature Centroid,472,70800,71100,20,20,1,1.0,0
HydraulicSystems,3,cooler_condition,GraphFeature Centroid,477,71550,71850,20,20,1,1.0,0
HydraulicSystems,3,cooler_condition,GraphFeature Centroid,480,72000,72300,20,20,1,1.0,0
HydraulicSystems,3,cooler_condition,GraphFeature Centroid,483,72450,72750,20,20,1,1.0,1
HydraulicSystems,3,cooler_condition,GraphFeature Centroid,487,73050,73350,20,20,1,1.0,0
HydraulicSystems,3,cooler_condition,GraphFeature Centroid,488,73200,73500,20,20,1,1.0,0
HydraulicSystems,3,cooler_condition,GraphFeature Centroid,494,74100,74400,20,20,1,1.0,0
HydraulicSystems,3,cooler_condition,GraphFeature Centroid,495,74250,74550,20,20,1,1.0,0
HydraulicSystems,3,cooler_condition,GraphFeature Centroid,496,74400,74700,20,20,1,1.0,0
HydraulicSystems,3,cooler_condition,GraphFeature Centroid,498,74700,75000,20,20,1,1.0,0
HydraulicSystems,3,cooler_condition,GraphFeature Centroid,503,75450,75750,20,20,1,1.0,0
HydraulicSystems,3,cooler_condition,GraphFeature Centroid,507,76050,76350,20,20,1,1.0,0
HydraulicSystems,3,cooler_condition,GraphFeature Centroid,508,76200,76500,20,20,1,1.0,0
HydraulicSystems,3,cooler_condition,GraphFeature Centroid,511,76650,76950,20,20,1,1.0,0
HydraulicSystems,3,cooler_condition,GraphFeature Centroid,512,76800,77100,20,20,1,1.0,0
HydraulicSystems,3,cooler_condition,GraphFeature Centroid,513,76950,77250,20,20,1,1.0,0
HydraulicSystems,3,cooler_condition,GraphFeature Centroid,516,77400,77700,20,20,1,1.0,0
HydraulicSystems,3,cooler_condition,GraphFeature Centroid,517,77550,77850,20,20,1,1.0,0
HydraulicSystems,3,cooler_condition,GraphFeature Centroid,518,77700,78000,20,20,1,1.0,0
HydraulicSystems,3,cooler_condition,GraphFeature Centroid,520,78000,78300,20,20,1,1.0,0
HydraulicSystems,3,cooler_condition,GraphFeature Centroid,526,78900,79200,20,20,1,1.0,0
HydraulicSystems,3,cooler_condition,GraphFeature Centroid,527,79050,79350,20,20,1,1.0,0
HydraulicSystems,3,cooler_condition,GraphFeature Centroid,530,79500,79800,20,20,1,1.0,0
HydraulicSystems,3,cooler_condition,GraphFeature Centroid,534,80100,80400,20,20,1,1.0,0
HydraulicSystems,3,cooler_condition,GraphFeature Centroid,537,80550,80850,20,20,1,1.0,0
HydraulicSystems,3,cooler_condition,GraphFeature Centroid,540,81000,81300,20,20,1,1.0,0
HydraulicSystems,3,cooler_condition,GraphFeature Centroid,544,81600,81900,20,20,1,1.0,0
HydraulicSystems,3,cooler_condition,GraphFeature Centroid,546,81900,82200,20,20,1,1.0,0
HydraulicSystems,3,cooler_condition,GraphFeature Centroid,547,82050,82350,20,20,1,1.0,0
HydraulicSystems,3,cooler_condition,GraphFeature Centroid,550,82500,82800,20,20,1,1.0,0
HydraulicSystems,3,cooler_condition,GraphFeature Centroid,551,82650,82950,20,20,1,1.0,0
HydraulicSystems,3,cooler_condition,GraphFeature Centroid,553,82950,83250,20,20,1,1.0,0
HydraulicSystems,3,cooler_condition,GraphFeature Centroid,558,83700,84000,20,20,1,1.0,0
HydraulicSystems,3,cooler_condition,GraphFeature Centroid,559,83850,84150,20,20,1,1.0,0
HydraulicSystems,3,cooler_condition,GraphFeature Centroid,560,84000,84300,20,20,1,1.0,0
HydraulicSystems,3,cooler_condition,GraphFeature Centroid,561,84150,84450,20,20,1,1.0,0
HydraulicSystems,3,cooler_condition,GraphFeature Centroid,564,84600,84900,20,20,1,1.0,0
HydraulicSystems,3,cooler_condition,GraphFeature Centroid,566,84900,85200,20,100,0,1.0,0
HydraulicSystems,3,cooler_condition,GraphFeature Centroid,569,85350,85650,20,20,1,1.0,0
HydraulicSystems,3,cooler_condition,GraphFeature Centroid,570,85500,85800,20,20,1,1.0,1
HydraulicSystems,3,cooler_condition,GraphFeature Centroid,573,85950,86250,20,20,1,1.0,0
HydraulicSystems,3,cooler_condition,GraphFeature Centroid,574,86100,86400,20,100,0,1.0,0
HydraulicSystems,3,cooler_condition,GraphFeature Centroid,575,86250,86550,20,20,1,1.0,0
HydraulicSystems,3,cooler_condition,GraphFeature Centroid,576,86400,86700,20,20,1,1.0,0
HydraulicSystems,3,cooler_condition,GraphFeature Centroid,578,86700,87000,20,20,1,1.0,0
HydraulicSystems,3,cooler_condition,GraphFeature Centroid,579,86850,87150,20,20,1,1.0,0
HydraulicSystems,3,cooler_condition,GraphFeature Centroid,580,87000,87300,20,20,1,1.0,0
HydraulicSystems,3,cooler_condition,GraphFeature Centroid,581,87150,87450,20,20,1,1.0,0
HydraulicSystems,3,cooler_condition,GraphFeature Centroid,582,87300,87600,20,20,1,1.0,0
HydraulicSystems,3,cooler_condition,GraphFeature Centroid,583,87450,87750,20,20,1,1.0,0
HydraulicSystems,3,cooler_condition,GraphFeature Centroid,584,87600,87900,20,3,0,0.8,1
HydraulicSystems,3,cooler_condition,GraphFeature Centroid,586,87900,88200,100,3,0,1.0,1
HydraulicSystems,3,cooler_condition,GraphFeature Centroid,590,88500,88800,100,20,0,1.0,0
HydraulicSystems,3,cooler_condition,GraphFeature Centroid,591,88650,88950,100,20,0,1.0,1
HydraulicSystems,3,cooler_condition,GraphFeature Centroid,592,88800,89100,100,100,1,1.0,0
HydraulicSystems,3,cooler_condition,GraphFeature Centroid,596,89400,89700,100,100,1,1.0,0
HydraulicSystems,3,cooler_condition,GraphFeature Centroid,597,89550,89850,100,100,1,1.0,0
HydraulicSystems,3,cooler_condition,GraphFeature Centroid,598,89700,90000,100,100,1,1.0,0
HydraulicSystems,3,cooler_condition,GraphFeature Centroid,603,90450,90750,100,100,1,1.0,0
HydraulicSystems,3,cooler_condition,GraphFeature Centroid,604,90600,90900,100,100,1,1.0,0
HydraulicSystems,3,cooler_condition,GraphFeature Centroid,605,90750,91050,100,100,1,1.0,0
HydraulicSystems,3,cooler_condition,GraphFeature Centroid,606,90900,91200,100,100,1,1.0,0
HydraulicSystems,3,cooler_condition,GraphFeature Centroid,608,91200,91500,100,100,1,1.0,0
HydraulicSystems,3,cooler_condition,GraphFeature Centroid,609,91350,91650,100,100,1,1.0,0
HydraulicSystems,3,cooler_condition,GraphFeature Centroid,610,91500,91800,100,100,1,1.0,0
HydraulicSystems,3,cooler_condition,GraphFeature Centroid,611,91650,91950,100,100,1,1.0,0
HydraulicSystems,3,cooler_condition,GraphFeature Centroid,612,91800,92100,100,100,1,1.0,0
HydraulicSystems,3,cooler_condition,GraphFeature Centroid,613,91950,92250,100,100,1,1.0,0
HydraulicSystems,3,cooler_condition,GraphFeature Centroid,617,92550,92850,100,100,1,1.0,0
HydraulicSystems,3,cooler_condition,GraphFeature Centroid,618,92700,93000,100,100,1,1.0,0
HydraulicSystems,3,cooler_condition,GraphFeature Centroid,619,92850,93150,100,100,1,1.0,0
HydraulicSystems,3,cooler_condition,GraphFeature Centroid,620,93000,93300,100,100,1,1.0,0
HydraulicSystems,3,cooler_condition,GraphFeature Centroid,621,93150,93450,100,100,1,1.0,0
HydraulicSystems,3,cooler_condition,GraphFeature Centroid,622,93300,93600,100,100,1,1.0,0
HydraulicSystems,3,cooler_condition,GraphFeature Centroid,624,93600,93900,100,100,1,1.0,0
HydraulicSystems,3,cooler_condition,GraphFeature Centroid,627,94050,94350,100,100,1,1.0,0
HydraulicSystems,3,cooler_condition,GraphFeature Centroid,628,94200,94500,100,100,1,1.0,0
HydraulicSystems,3,cooler_condition,GraphFeature Centroid,630,94500,94800,100,100,1,1.0,0
HydraulicSystems,3,cooler_condition,GraphFeature Centroid,637,95550,95850,100,100,1,1.0,0
HydraulicSystems,3,cooler_condition,GraphFeature Centroid,638,95700,96000,100,100,1,1.0,0
HydraulicSystems,3,cooler_condition,GraphFeature Centroid,643,96450,96750,100,100,1,1.0,0
HydraulicSystems,3,cooler_condition,GraphFeature Centroid,645,96750,97050,100,100,1,1.0,0
HydraulicSystems,3,cooler_condition,GraphFeature Centroid,646,96900,97200,100,100,1,1.0,0
HydraulicSystems,3,cooler_condition,GraphFeature Centroid,647,97050,97350,100,100,1,1.0,0
HydraulicSystems,3,cooler_condition,GraphFeature Centroid,648,97200,97500,100,100,1,1.0,0
HydraulicSystems,3,cooler_condition,GraphFeature Centroid,649,97350,97650,100,100,1,1.0,0
HydraulicSystems,3,cooler_condition,GraphFeature Centroid,650,97500,97800,100,100,1,1.0,0
HydraulicSystems,3,cooler_condition,GraphFeature Centroid,656,98400,98700,100,100,1,1.0,0
HydraulicSystems,3,cooler_condition,GraphFeature Centroid,657,98550,98850,100,100,1,1.0,0
HydraulicSystems,3,cooler_condition,GraphFeature Centroid,662,99300,99600,100,100,1,1.0,0
HydraulicSystems,3,cooler_condition,GraphFeature Centroid,665,99750,100050,100,100,1,1.0,0
HydraulicSystems,3,cooler_condition,GraphFeature Centroid,667,100050,100350,100,100,1,1.0,0
HydraulicSystems,3,cooler_condition,GraphFeature Centroid,668,100200,100500,100,100,1,1.0,0
HydraulicSystems,3,cooler_condition,GraphFeature Centroid,669,100350,100650,100,100,1,1.0,0
HydraulicSystems,3,cooler_condition,GraphFeature Centroid,670,100500,100800,100,100,1,1.0,0
HydraulicSystems,3,cooler_condition,GraphFeature Centroid,671,100650,100950,100,100,1,1.0,0
HydraulicSystems,3,cooler_condition,GraphFeature Centroid,672,100800,101100,100,100,1,1.0,0
HydraulicSystems,3,cooler_condition,GraphFeature Centroid,676,101400,101700,100,100,1,1.0,0
HydraulicSystems,3,cooler_condition,GraphFeature Centroid,677,101550,101850,100,100,1,1.0,0
HydraulicSystems,3,cooler_condition,GraphFeature Centroid,678,101700,102000,100,100,1,1.0,0
HydraulicSystems,3,cooler_condition,GraphFeature Centroid,679,101850,102150,100,100,1,1.0,0
HydraulicSystems,3,cooler_condition,GraphFeature Centroid,681,102150,102450,100,100,1,1.0,0
HydraulicSystems,3,cooler_condition,GraphFeature Centroid,683,102450,102750,100,100,1,1.0,0
HydraulicSystems,3,cooler_condition,GraphFeature Centroid,684,102600,102900,100,100,1,1.0,0
HydraulicSystems,3,cooler_condition,GraphFeature Centroid,689,103350,103650,100,100,1,1.0,0
HydraulicSystems,3,cooler_condition,GraphFeature Centroid,690,103500,103800,100,100,1,1.0,0
HydraulicSystems,3,cooler_condition,GraphFeature Centroid,691,103650,103950,100,100,1,1.0,0
HydraulicSystems,3,cooler_condition,GraphFeature Centroid,692,103800,104100,100,100,1,1.0,0
HydraulicSystems,3,cooler_condition,GraphFeature Centroid,693,103950,104250,100,20,0,1.0,0
HydraulicSystems,3,cooler_condition,GraphFeature Centroid,696,104400,104700,100,100,1,1.0,0
HydraulicSystems,3,cooler_condition,GraphFeature Centroid,697,104550,104850,100,100,1,1.0,0
HydraulicSystems,3,cooler_condition,GraphFeature Centroid,699,104850,105150,100,100,1,1.0,0
HydraulicSystems,3,cooler_condition,GraphFeature Centroid,701,105150,105450,100,100,1,1.0,0
HydraulicSystems,3,cooler_condition,GraphFeature Centroid,702,105300,105600,100,100,1,1.0,0
HydraulicSystems,3,cooler_condition,GraphFeature Centroid,703,105450,105750,100,100,1,1.0,0
HydraulicSystems,3,cooler_condition,GraphFeature Centroid,705,105750,106050,100,100,1,1.0,0
HydraulicSystems,3,cooler_condition,GraphFeature Centroid,706,105900,106200,100,100,1,1.0,0
HydraulicSystems,3,cooler_condition,GraphFeature Centroid,708,106200,106500,100,100,1,1.0,0
HydraulicSystems,3,cooler_condition,GraphFeature Centroid,709,106350,106650,100,100,1,1.0,0
HydraulicSystems,3,cooler_condition,GraphFeature Centroid,711,106650,106950,100,100,1,1.0,0
HydraulicSystems,3,cooler_condition,GraphFeature Centroid,713,106950,107250,100,100,1,1.0,0
HydraulicSystems,3,cooler_condition,GraphFeature Centroid,715,107250,107550,100,100,1,1.0,0
HydraulicSystems,3,cooler_condition,GraphFeature Centroid,716,107400,107700,100,100,1,1.0,0
HydraulicSystems,3,cooler_condition,GraphFeature Centroid,717,107550,107850,100,100,1,1.0,0
HydraulicSystems,3,cooler_condition,GraphFeature Centroid,718,107700,108000,100,100,1,1.0,0
HydraulicSystems,3,cooler_condition,GraphFeature Centroid,722,108300,108600,100,100,1,1.0,0
HydraulicSystems,3,cooler_condition,GraphFeature Centroid,726,108900,109200,100,100,1,1.0,0
HydraulicSystems,3,cooler_condition,GraphFeature Centroid,727,109050,109350,100,100,1,1.0,0
HydraulicSystems,3,cooler_condition,GraphFeature Centroid,728,109200,109500,100,100,1,1.0,0
HydraulicSystems,3,cooler_condition,GraphFeature Centroid,730,109500,109800,100,100,1,1.0,0
HydraulicSystems,3,cooler_condition,GraphFeature Centroid,731,109650,109950,100,100,1,1.0,0
HydraulicSystems,3,cooler_condition,GraphFeature Centroid,735,110250,110550,100,100,1,1.0,0
HydraulicSystems,3,cooler_condition,GraphFeature Centroid,736,110400,110700,100,100,1,1.0,0
HydraulicSystems,3,cooler_condition,GraphFeature Centroid,737,110550,110850,100,100,1,1.0,0
HydraulicSystems,3,cooler_condition,GraphFeature Centroid,738,110700,111000,100,100,1,1.0,0
HydraulicSystems,3,cooler_condition,GraphFeature Centroid,740,111000,111300,100,100,1,1.0,0
HydraulicSystems,3,cooler_condition,GraphFeature Centroid,741,111150,111450,100,100,1,1.0,0
HydraulicSystems,3,cooler_condition,GraphFeature Centroid,743,111450,111750,100,100,1,1.0,0
HydraulicSystems,3,cooler_condition,GraphFeature Centroid,746,111900,112200,100,100,1,1.0,0
HydraulicSystems,3,cooler_condition,GraphFeature Centroid,747,112050,112350,100,100,1,1.0,0
HydraulicSystems,3,cooler_condition,GraphFeature Centroid,754,113100,113400,100,100,1,1.0,0
HydraulicSystems,3,cooler_condition,GraphFeature Centroid,755,113250,113550,100,100,1,1.0,0
HydraulicSystems,3,cooler_condition,GraphFeature Centroid,756,113400,113700,100,100,1,1.0,0
HydraulicSystems,3,cooler_condition,GraphFeature Centroid,758,113700,114000,100,100,1,1.0,0
HydraulicSystems,3,cooler_condition,GraphFeature Centroid,761,114150,114450,100,100,1,1.0,0
HydraulicSystems,3,cooler_condition,GraphFeature Centroid,764,114600,114900,100,100,1,1.0,0
HydraulicSystems,3,cooler_condition,GraphFeature Centroid,766,114900,115200,100,100,1,1.0,0
HydraulicSystems,3,cooler_condition,GraphFeature Centroid,767,115050,115350,100,100,1,1.0,0
HydraulicSystems,3,cooler_condition,GraphFeature Centroid,768,115200,115500,100,100,1,1.0,0
HydraulicSystems,3,cooler_condition,GraphFeature Centroid,771,115650,115950,100,100,1,1.0,0
HydraulicSystems,3,cooler_condition,GraphFeature Centroid,772,115800,116100,100,100,1,1.0,0
HydraulicSystems,3,cooler_condition,GraphFeature Centroid,773,115950,116250,100,100,1,1.0,0
HydraulicSystems,3,cooler_condition,GraphFeature Centroid,775,116250,116550,100,100,1,1.0,0
HydraulicSystems,3,cooler_condition,GraphFeature Centroid,777,116550,116850,100,100,1,1.0,0
HydraulicSystems,3,cooler_condition,GraphFeature Centroid,779,116850,117150,100,100,1,1.0,0
HydraulicSystems,3,cooler_condition,GraphFeature Centroid,781,117150,117450,100,100,1,1.0,0
HydraulicSystems,3,cooler_condition,GraphFeature Centroid,783,117450,117750,100,100,1,1.0,0
HydraulicSystems,3,cooler_condition,GraphFeature Centroid,786,117900,118200,100,100,1,1.0,0
HydraulicSystems,3,cooler_condition,GraphFeature Centroid,790,118500,118800,100,100,1,1.0,0
HydraulicSystems,3,cooler_condition,GraphFeature Centroid,791,118650,118950,100,100,1,1.0,0
HydraulicSystems,3,cooler_condition,GraphFeature Centroid,793,118950,119250,100,100,1,1.0,0
HydraulicSystems,3,cooler_condition,GraphFeature Centroid,794,119100,119400,100,100,1,1.0,0
HydraulicSystems,3,cooler_condition,GraphFeature Centroid,797,119550,119850,100,100,1,1.0,0
HydraulicSystems,3,cooler_condition,GraphFeature Centroid,800,120000,120300,100,100,1,1.0,0
HydraulicSystems,3,cooler_condition,GraphFeature Centroid,801,120150,120450,100,100,1,1.0,0
HydraulicSystems,3,cooler_condition,GraphFeature Centroid,803,120450,120750,100,100,1,1.0,0
HydraulicSystems,3,cooler_condition,GraphFeature Centroid,804,120600,120900,100,100,1,1.0,0
HydraulicSystems,3,cooler_condition,GraphFeature Centroid,805,120750,121050,100,100,1,1.0,0
HydraulicSystems,3,cooler_condition,GraphFeature Centroid,806,120900,121200,100,100,1,1.0,0
HydraulicSystems,3,cooler_condition,GraphFeature Centroid,807,121050,121350,100,100,1,1.0,0
HydraulicSystems,3,cooler_condition,GraphFeature Centroid,809,121350,121650,100,100,1,1.0,0
HydraulicSystems,3,cooler_condition,GraphFeature Centroid,810,121500,121800,100,100,1,1.0,0
HydraulicSystems,3,cooler_condition,GraphFeature Centroid,811,121650,121950,100,100,1,1.0,0
HydraulicSystems,3,cooler_condition,GraphFeature Centroid,813,121950,122250,100,100,1,1.0,0
HydraulicSystems,3,cooler_condition,GraphFeature Centroid,814,122100,122400,100,100,1,1.0,0
HydraulicSystems,3,cooler_condition,GraphFeature Centroid,815,122250,122550,100,100,1,1.0,0
HydraulicSystems,3,cooler_condition,GraphFeature Centroid,818,122700,123000,100,100,1,1.0,0
HydraulicSystems,3,cooler_condition,GraphFeature Centroid,819,122850,123150,100,100,1,1.0,0
HydraulicSystems,3,cooler_condition,GraphFeature Centroid,822,123300,123600,100,100,1,1.0,0
HydraulicSystems,3,cooler_condition,GraphFeature Centroid,823,123450,123750,100,100,1,1.0,0
HydraulicSystems,3,cooler_condition,GraphFeature Centroid,824,123600,123900,100,100,1,1.0,0
HydraulicSystems,3,cooler_condition,GraphFeature Centroid,825,123750,124050,100,100,1,1.0,0
HydraulicSystems,3,cooler_condition,GraphFeature Centroid,827,124050,124350,100,100,1,1.0,0
HydraulicSystems,3,cooler_condition,GraphFeature Centroid,828,124200,124500,100,100,1,1.0,0
HydraulicSystems,3,cooler_condition,GraphFeature Centroid,830,124500,124800,100,100,1,1.0,0
HydraulicSystems,3,cooler_condition,GraphFeature Centroid,831,124650,124950,100,100,1,1.0,0
HydraulicSystems,3,cooler_condition,GraphFeature Centroid,832,124800,125100,100,100,1,1.0,0
HydraulicSystems,3,cooler_condition,GraphFeature Centroid,841,126150,126450,100,100,1,1.0,0
HydraulicSystems,3,cooler_condition,GraphFeature Centroid,842,126300,126600,100,100,1,1.0,0
HydraulicSystems,3,cooler_condition,GraphFeature Centroid,845,126750,127050,100,100,1,1.0,0
HydraulicSystems,3,cooler_condition,GraphFeature Centroid,847,127050,127350,100,100,1,1.0,0
HydraulicSystems,3,cooler_condition,GraphFeature Centroid,856,128400,128700,100,100,1,1.0,0
HydraulicSystems,3,cooler_condition,GraphFeature Centroid,861,129150,129450,100,100,1,1.0,0
HydraulicSystems,3,cooler_condition,GraphFeature Centroid,865,129750,130050,100,100,1,1.0,0
HydraulicSystems,3,cooler_condition,GraphFeature Centroid,868,130200,130500,100,100,1,1.0,0
HydraulicSystems,3,cooler_condition,GraphFeature Centroid,869,130350,130650,100,100,1,1.0,0
HydraulicSystems,3,cooler_condition,GraphFeature Centroid,870,130500,130800,100,100,1,1.0,0
HydraulicSystems,3,cooler_condition,GraphFeature Centroid,873,130950,131250,100,100,1,1.0,0
HydraulicSystems,3,cooler_condition,GraphFeature Centroid,877,131550,131850,100,100,1,1.0,0
HydraulicSystems,3,cooler_condition,STCG-v1 State Mapping,1,150,450,3,3,1,1.0,1
HydraulicSystems,3,cooler_condition,STCG-v1 State Mapping,2,300,600,3,3,1,1.0,1
HydraulicSystems,3,cooler_condition,STCG-v1 State Mapping,5,750,1050,3,3,1,1.0,1
HydraulicSystems,3,cooler_condition,STCG-v1 State Mapping,6,900,1200,3,3,1,1.0,1
HydraulicSystems,3,cooler_condition,STCG-v1 State Mapping,8,1200,1500,3,3,1,1.0,1
HydraulicSystems,3,cooler_condition,STCG-v1 State Mapping,9,1350,1650,3,3,1,1.0,1
HydraulicSystems,3,cooler_condition,STCG-v1 State Mapping,10,1500,1800,3,3,1,1.0,1
HydraulicSystems,3,cooler_condition,STCG-v1 State Mapping,11,1650,1950,3,3,1,1.0,1
HydraulicSystems,3,cooler_condition,STCG-v1 State Mapping,12,1800,2100,3,3,1,1.0,1
HydraulicSystems,3,cooler_condition,STCG-v1 State Mapping,14,2100,2400,3,3,1,1.0,1
HydraulicSystems,3,cooler_condition,STCG-v1 State Mapping,21,3150,3450,3,3,1,1.0,1
HydraulicSystems,3,cooler_condition,STCG-v1 State Mapping,22,3300,3600,3,3,1,1.0,1
HydraulicSystems,3,cooler_condition,STCG-v1 State Mapping,24,3600,3900,3,3,1,1.0,1
HydraulicSystems,3,cooler_condition,STCG-v1 State Mapping,25,3750,4050,3,3,1,1.0,1
HydraulicSystems,3,cooler_condition,STCG-v1 State Mapping,27,4050,4350,3,3,1,1.0,1
HydraulicSystems,3,cooler_condition,STCG-v1 State Mapping,28,4200,4500,3,3,1,1.0,1
HydraulicSystems,3,cooler_condition,STCG-v1 State Mapping,29,4350,4650,3,3,1,1.0,1
HydraulicSystems,3,cooler_condition,STCG-v1 State Mapping,32,4800,5100,3,3,1,1.0,1
HydraulicSystems,3,cooler_condition,STCG-v1 State Mapping,33,4950,5250,3,3,1,1.0,1
HydraulicSystems,3,cooler_condition,STCG-v1 State Mapping,34,5100,5400,3,3,1,1.0,1
HydraulicSystems,3,cooler_condition,STCG-v1 State Mapping,37,5550,5850,3,3,1,1.0,1
HydraulicSystems,3,cooler_condition,STCG-v1 State Mapping,38,5700,6000,3,3,1,1.0,1
HydraulicSystems,3,cooler_condition,STCG-v1 State Mapping,39,5850,6150,3,3,1,1.0,1
HydraulicSystems,3,cooler_condition,STCG-v1 State Mapping,42,6300,6600,3,3,1,1.0,1
HydraulicSystems,3,cooler_condition,STCG-v1 State Mapping,46,6900,7200,3,3,1,1.0,1
HydraulicSystems,3,cooler_condition,STCG-v1 State Mapping,47,7050,7350,3,3,1,1.0,1
HydraulicSystems,3,cooler_condition,STCG-v1 State Mapping,48,7200,7500,3,3,1,1.0,1
HydraulicSystems,3,cooler_condition,STCG-v1 State Mapping,49,7350,7650,3,3,1,1.0,1
HydraulicSystems,3,cooler_condition,STCG-v1 State Mapping,50,7500,7800,3,3,1,1.0,1
HydraulicSystems,3,cooler_condition,STCG-v1 State Mapping,53,7950,8250,3,3,1,1.0,1
HydraulicSystems,3,cooler_condition,STCG-v1 State Mapping,56,8400,8700,3,100,0,1.0,0
HydraulicSystems,3,cooler_condition,STCG-v1 State Mapping,57,8550,8850,3,3,1,1.0,1
HydraulicSystems,3,cooler_condition,STCG-v1 State Mapping,58,8700,9000,3,3,1,1.0,1
HydraulicSystems,3,cooler_condition,STCG-v1 State Mapping,61,9150,9450,3,3,1,1.0,1
HydraulicSystems,3,cooler_condition,STCG-v1 State Mapping,67,10050,10350,3,3,1,1.0,1
HydraulicSystems,3,cooler_condition,STCG-v1 State Mapping,69,10350,10650,3,3,1,1.0,1
HydraulicSystems,3,cooler_condition,STCG-v1 State Mapping,70,10500,10800,3,3,1,1.0,1
HydraulicSystems,3,cooler_condition,STCG-v1 State Mapping,73,10950,11250,3,3,1,1.0,1
HydraulicSystems,3,cooler_condition,STCG-v1 State Mapping,74,11100,11400,3,3,1,1.0,1
HydraulicSystems,3,cooler_condition,STCG-v1 State Mapping,76,11400,11700,3,3,1,1.0,1
HydraulicSystems,3,cooler_condition,STCG-v1 State Mapping,77,11550,11850,3,3,1,1.0,1
HydraulicSystems,3,cooler_condition,STCG-v1 State Mapping,78,11700,12000,3,3,1,1.0,1
HydraulicSystems,3,cooler_condition,STCG-v1 State Mapping,85,12750,13050,3,3,1,1.0,1
HydraulicSystems,3,cooler_condition,STCG-v1 State Mapping,86,12900,13200,3,3,1,1.0,1
HydraulicSystems,3,cooler_condition,STCG-v1 State Mapping,92,13800,14100,3,3,1,1.0,1
HydraulicSystems,3,cooler_condition,STCG-v1 State Mapping,94,14100,14400,3,3,1,1.0,1
HydraulicSystems,3,cooler_condition,STCG-v1 State Mapping,95,14250,14550,3,3,1,1.0,1
HydraulicSystems,3,cooler_condition,STCG-v1 State Mapping,96,14400,14700,3,3,1,1.0,1
HydraulicSystems,3,cooler_condition,STCG-v1 State Mapping,97,14550,14850,3,3,1,1.0,1
HydraulicSystems,3,cooler_condition,STCG-v1 State Mapping,98,14700,15000,3,3,1,1.0,1
HydraulicSystems,3,cooler_condition,STCG-v1 State Mapping,99,14850,15150,3,3,1,1.0,1
HydraulicSystems,3,cooler_condition,STCG-v1 State Mapping,100,15000,15300,3,3,1,1.0,1
HydraulicSystems,3,cooler_condition,STCG-v1 State Mapping,101,15150,15450,3,3,1,1.0,1
HydraulicSystems,3,cooler_condition,STCG-v1 State Mapping,102,15300,15600,3,3,1,1.0,1
HydraulicSystems,3,cooler_condition,STCG-v1 State Mapping,103,15450,15750,3,3,1,1.0,1
HydraulicSystems,3,cooler_condition,STCG-v1 State Mapping,104,15600,15900,3,3,1,1.0,1
HydraulicSystems,3,cooler_condition,STCG-v1 State Mapping,105,15750,16050,3,3,1,1.0,1
HydraulicSystems,3,cooler_condition,STCG-v1 State Mapping,106,15900,16200,3,3,1,1.0,1
HydraulicSystems,3,cooler_condition,STCG-v1 State Mapping,109,16350,16650,3,3,1,1.0,1
HydraulicSystems,3,cooler_condition,STCG-v1 State Mapping,110,16500,16800,3,3,1,1.0,1
HydraulicSystems,3,cooler_condition,STCG-v1 State Mapping,117,17550,17850,3,3,1,1.0,1
HydraulicSystems,3,cooler_condition,STCG-v1 State Mapping,118,17700,18000,3,3,1,1.0,1
HydraulicSystems,3,cooler_condition,STCG-v1 State Mapping,123,18450,18750,3,3,1,1.0,1
HydraulicSystems,3,cooler_condition,STCG-v1 State Mapping,125,18750,19050,3,3,1,1.0,1
HydraulicSystems,3,cooler_condition,STCG-v1 State Mapping,127,19050,19350,3,3,1,1.0,1
HydraulicSystems,3,cooler_condition,STCG-v1 State Mapping,135,20250,20550,3,3,1,1.0,1
HydraulicSystems,3,cooler_condition,STCG-v1 State Mapping,136,20400,20700,3,3,1,1.0,1
HydraulicSystems,3,cooler_condition,STCG-v1 State Mapping,138,20700,21000,3,3,1,1.0,1
HydraulicSystems,3,cooler_condition,STCG-v1 State Mapping,140,21000,21300,3,3,1,1.0,1
HydraulicSystems,3,cooler_condition,STCG-v1 State Mapping,141,21150,21450,3,3,1,1.0,1
HydraulicSystems,3,cooler_condition,STCG-v1 State Mapping,142,21300,21600,3,3,1,1.0,1
HydraulicSystems,3,cooler_condition,STCG-v1 State Mapping,144,21600,21900,3,3,1,1.0,1
HydraulicSystems,3,cooler_condition,STCG-v1 State Mapping,147,22050,22350,3,3,1,1.0,1
HydraulicSystems,3,cooler_condition,STCG-v1 State Mapping,148,22200,22500,3,3,1,1.0,1
HydraulicSystems,3,cooler_condition,STCG-v1 State Mapping,150,22500,22800,3,3,1,1.0,1
HydraulicSystems,3,cooler_condition,STCG-v1 State Mapping,151,22650,22950,3,3,1,1.0,1
HydraulicSystems,3,cooler_condition,STCG-v1 State Mapping,152,22800,23100,3,3,1,1.0,1
HydraulicSystems,3,cooler_condition,STCG-v1 State Mapping,154,23100,23400,3,3,1,1.0,1
HydraulicSystems,3,cooler_condition,STCG-v1 State Mapping,155,23250,23550,3,3,1,1.0,1
HydraulicSystems,3,cooler_condition,STCG-v1 State Mapping,156,23400,23700,3,3,1,1.0,1
HydraulicSystems,3,cooler_condition,STCG-v1 State Mapping,163,24450,24750,3,3,1,1.0,1
HydraulicSystems,3,cooler_condition,STCG-v1 State Mapping,166,24900,25200,3,3,1,1.0,1
HydraulicSystems,3,cooler_condition,STCG-v1 State Mapping,169,25350,25650,3,3,1,1.0,1
HydraulicSystems,3,cooler_condition,STCG-v1 State Mapping,170,25500,25800,3,3,1,1.0,1
HydraulicSystems,3,cooler_condition,STCG-v1 State Mapping,171,25650,25950,3,3,1,1.0,1
HydraulicSystems,3,cooler_condition,STCG-v1 State Mapping,173,25950,26250,3,3,1,1.0,1
HydraulicSystems,3,cooler_condition,STCG-v1 State Mapping,176,26400,26700,3,3,1,1.0,1
HydraulicSystems,3,cooler_condition,STCG-v1 State Mapping,180,27000,27300,3,3,1,1.0,1
HydraulicSystems,3,cooler_condition,STCG-v1 State Mapping,181,27150,27450,3,3,1,1.0,1
HydraulicSystems,3,cooler_condition,STCG-v1 State Mapping,183,27450,27750,3,3,1,1.0,1
HydraulicSystems,3,cooler_condition,STCG-v1 State Mapping,187,28050,28350,3,3,1,1.0,1
HydraulicSystems,3,cooler_condition,STCG-v1 State Mapping,188,28200,28500,3,3,1,1.0,1
HydraulicSystems,3,cooler_condition,STCG-v1 State Mapping,189,28350,28650,3,3,1,1.0,1
HydraulicSystems,3,cooler_condition,STCG-v1 State Mapping,193,28950,29250,3,3,1,1.0,1
HydraulicSystems,3,cooler_condition,STCG-v1 State Mapping,194,29100,29400,3,3,1,1.0,1
HydraulicSystems,3,cooler_condition,STCG-v1 State Mapping,195,29250,29550,3,3,1,1.0,1
HydraulicSystems,3,cooler_condition,STCG-v1 State Mapping,198,29700,30000,3,3,1,1.0,1
HydraulicSystems,3,cooler_condition,STCG-v1 State Mapping,200,30000,30300,3,3,1,1.0,1
HydraulicSystems,3,cooler_condition,STCG-v1 State Mapping,208,31200,31500,3,3,1,1.0,1
HydraulicSystems,3,cooler_condition,STCG-v1 State Mapping,209,31350,31650,3,3,1,1.0,1
HydraulicSystems,3,cooler_condition,STCG-v1 State Mapping,210,31500,31800,3,3,1,1.0,1
HydraulicSystems,3,cooler_condition,STCG-v1 State Mapping,213,31950,32250,3,3,1,1.0,1
HydraulicSystems,3,cooler_condition,STCG-v1 State Mapping,218,32700,33000,3,100,0,1.0,0
HydraulicSystems,3,cooler_condition,STCG-v1 State Mapping,220,33000,33300,3,3,1,1.0,1
HydraulicSystems,3,cooler_condition,STCG-v1 State Mapping,221,33150,33450,3,3,1,1.0,1
HydraulicSystems,3,cooler_condition,STCG-v1 State Mapping,223,33450,33750,3,3,1,1.0,1
HydraulicSystems,3,cooler_condition,STCG-v1 State Mapping,226,33900,34200,3,3,1,1.0,1
HydraulicSystems,3,cooler_condition,STCG-v1 State Mapping,227,34050,34350,3,3,1,1.0,1
HydraulicSystems,3,cooler_condition,STCG-v1 State Mapping,230,34500,34800,3,3,1,1.0,1
HydraulicSystems,3,cooler_condition,STCG-v1 State Mapping,232,34800,35100,3,3,1,1.0,1
HydraulicSystems,3,cooler_condition,STCG-v1 State Mapping,234,35100,35400,3,3,1,1.0,1
HydraulicSystems,3,cooler_condition,STCG-v1 State Mapping,235,35250,35550,3,3,1,1.0,1
HydraulicSystems,3,cooler_condition,STCG-v1 State Mapping,236,35400,35700,3,3,1,1.0,1
HydraulicSystems,3,cooler_condition,STCG-v1 State Mapping,238,35700,36000,3,3,1,1.0,1
HydraulicSystems,3,cooler_condition,STCG-v1 State Mapping,241,36150,36450,3,3,1,1.0,1
HydraulicSystems,3,cooler_condition,STCG-v1 State Mapping,242,36300,36600,3,3,1,1.0,1
HydraulicSystems,3,cooler_condition,STCG-v1 State Mapping,243,36450,36750,3,3,1,1.0,1
HydraulicSystems,3,cooler_condition,STCG-v1 State Mapping,244,36600,36900,3,3,1,1.0,1
HydraulicSystems,3,cooler_condition,STCG-v1 State Mapping,245,36750,37050,3,3,1,1.0,1
HydraulicSystems,3,cooler_condition,STCG-v1 State Mapping,246,36900,37200,3,3,1,1.0,1
HydraulicSystems,3,cooler_condition,STCG-v1 State Mapping,247,37050,37350,3,3,1,1.0,1
HydraulicSystems,3,cooler_condition,STCG-v1 State Mapping,248,37200,37500,3,3,1,1.0,1
HydraulicSystems,3,cooler_condition,STCG-v1 State Mapping,250,37500,37800,3,3,1,1.0,1
HydraulicSystems,3,cooler_condition,STCG-v1 State Mapping,252,37800,38100,3,3,1,1.0,1
HydraulicSystems,3,cooler_condition,STCG-v1 State Mapping,256,38400,38700,3,3,1,1.0,1
HydraulicSystems,3,cooler_condition,STCG-v1 State Mapping,259,38850,39150,3,3,1,1.0,1
HydraulicSystems,3,cooler_condition,STCG-v1 State Mapping,260,39000,39300,3,3,1,1.0,1
HydraulicSystems,3,cooler_condition,STCG-v1 State Mapping,264,39600,39900,3,3,1,1.0,1
HydraulicSystems,3,cooler_condition,STCG-v1 State Mapping,265,39750,40050,3,3,1,1.0,1
HydraulicSystems,3,cooler_condition,STCG-v1 State Mapping,266,39900,40200,3,3,1,1.0,1
HydraulicSystems,3,cooler_condition,STCG-v1 State Mapping,267,40050,40350,3,3,1,1.0,1
HydraulicSystems,3,cooler_condition,STCG-v1 State Mapping,270,40500,40800,3,3,1,1.0,1
HydraulicSystems,3,cooler_condition,STCG-v1 State Mapping,271,40650,40950,3,3,1,1.0,1
HydraulicSystems,3,cooler_condition,STCG-v1 State Mapping,272,40800,41100,3,3,1,1.0,1
HydraulicSystems,3,cooler_condition,STCG-v1 State Mapping,273,40950,41250,3,3,1,1.0,1
HydraulicSystems,3,cooler_condition,STCG-v1 State Mapping,274,41100,41400,3,3,1,1.0,1
HydraulicSystems,3,cooler_condition,STCG-v1 State Mapping,275,41250,41550,3,3,1,1.0,1
HydraulicSystems,3,cooler_condition,STCG-v1 State Mapping,277,41550,41850,3,3,1,1.0,1
HydraulicSystems,3,cooler_condition,STCG-v1 State Mapping,278,41700,42000,3,3,1,1.0,1
HydraulicSystems,3,cooler_condition,STCG-v1 State Mapping,280,42000,42300,3,3,1,1.0,1
HydraulicSystems,3,cooler_condition,STCG-v1 State Mapping,282,42300,42600,3,3,1,1.0,1
HydraulicSystems,3,cooler_condition,STCG-v1 State Mapping,283,42450,42750,3,3,1,1.0,1
HydraulicSystems,3,cooler_condition,STCG-v1 State Mapping,285,42750,43050,3,3,1,1.0,1
HydraulicSystems,3,cooler_condition,STCG-v1 State Mapping,286,42900,43200,3,3,1,1.0,1
HydraulicSystems,3,cooler_condition,STCG-v1 State Mapping,287,43050,43350,3,3,1,1.0,1
HydraulicSystems,3,cooler_condition,STCG-v1 State Mapping,288,43200,43500,3,3,1,1.0,1
HydraulicSystems,3,cooler_condition,STCG-v1 State Mapping,294,44100,44400,20,3,0,1.0,1
HydraulicSystems,3,cooler_condition,STCG-v1 State Mapping,296,44400,44700,20,3,0,1.0,1
HydraulicSystems,3,cooler_condition,STCG-v1 State Mapping,297,44550,44850,20,3,0,1.0,1
HydraulicSystems,3,cooler_condition,STCG-v1 State Mapping,298,44700,45000,20,3,0,1.0,1
HydraulicSystems,3,cooler_condition,STCG-v1 State Mapping,301,45150,45450,20,3,0,1.0,1
HydraulicSystems,3,cooler_condition,STCG-v1 State Mapping,302,45300,45600,20,3,0,1.0,1
HydraulicSystems,3,cooler_condition,STCG-v1 State Mapping,304,45600,45900,20,3,0,1.0,1
HydraulicSystems,3,cooler_condition,STCG-v1 State Mapping,307,46050,46350,20,100,0,1.0,0
HydraulicSystems,3,cooler_condition,STCG-v1 State Mapping,308,46200,46500,20,100,0,1.0,0
HydraulicSystems,3,cooler_condition,STCG-v1 State Mapping,309,46350,46650,20,3,0,1.0,1
HydraulicSystems,3,cooler_condition,STCG-v1 State Mapping,310,46500,46800,20,100,0,1.0,0
HydraulicSystems,3,cooler_condition,STCG-v1 State Mapping,313,46950,47250,20,100,0,1.0,0
HydraulicSystems,3,cooler_condition,STCG-v1 State Mapping,316,47400,47700,20,100,0,1.0,0
HydraulicSystems,3,cooler_condition,STCG-v1 State Mapping,317,47550,47850,20,100,0,1.0,0
HydraulicSystems,3,cooler_condition,STCG-v1 State Mapping,319,47850,48150,20,100,0,1.0,0
HydraulicSystems,3,cooler_condition,STCG-v1 State Mapping,320,48000,48300,20,100,0,1.0,0
HydraulicSystems,3,cooler_condition,STCG-v1 State Mapping,322,48300,48600,20,100,0,1.0,0
HydraulicSystems,3,cooler_condition,STCG-v1 State Mapping,327,49050,49350,20,100,0,1.0,0
HydraulicSystems,3,cooler_condition,STCG-v1 State Mapping,330,49500,49800,20,100,0,1.0,0
HydraulicSystems,3,cooler_condition,STCG-v1 State Mapping,334,50100,50400,20,100,0,1.0,0
HydraulicSystems,3,cooler_condition,STCG-v1 State Mapping,335,50250,50550,20,100,0,1.0,0
HydraulicSystems,3,cooler_condition,STCG-v1 State Mapping,337,50550,50850,20,100,0,1.0,0
HydraulicSystems,3,cooler_condition,STCG-v1 State Mapping,343,51450,51750,20,100,0,1.0,0
HydraulicSystems,3,cooler_condition,STCG-v1 State Mapping,344,51600,51900,20,100,0,1.0,0
HydraulicSystems,3,cooler_condition,STCG-v1 State Mapping,345,51750,52050,20,100,0,1.0,0
HydraulicSystems,3,cooler_condition,STCG-v1 State Mapping,346,51900,52200,20,3,0,1.0,1
HydraulicSystems,3,cooler_condition,STCG-v1 State Mapping,348,52200,52500,20,3,0,1.0,1
HydraulicSystems,3,cooler_condition,STCG-v1 State Mapping,350,52500,52800,20,100,0,1.0,0
HydraulicSystems,3,cooler_condition,STCG-v1 State Mapping,352,52800,53100,20,100,0,1.0,0
HydraulicSystems,3,cooler_condition,STCG-v1 State Mapping,353,52950,53250,20,100,0,1.0,0
HydraulicSystems,3,cooler_condition,STCG-v1 State Mapping,354,53100,53400,20,100,0,1.0,0
HydraulicSystems,3,cooler_condition,STCG-v1 State Mapping,355,53250,53550,20,100,0,1.0,0
HydraulicSystems,3,cooler_condition,STCG-v1 State Mapping,356,53400,53700,20,100,0,1.0,0
HydraulicSystems,3,cooler_condition,STCG-v1 State Mapping,357,53550,53850,20,100,0,1.0,0
HydraulicSystems,3,cooler_condition,STCG-v1 State Mapping,358,53700,54000,20,100,0,1.0,0
HydraulicSystems,3,cooler_condition,STCG-v1 State Mapping,359,53850,54150,20,100,0,1.0,0
HydraulicSystems,3,cooler_condition,STCG-v1 State Mapping,361,54150,54450,20,100,0,1.0,0
HydraulicSystems,3,cooler_condition,STCG-v1 State Mapping,362,54300,54600,20,100,0,1.0,0
HydraulicSystems,3,cooler_condition,STCG-v1 State Mapping,363,54450,54750,20,100,0,1.0,0
HydraulicSystems,3,cooler_condition,STCG-v1 State Mapping,365,54750,55050,20,100,0,1.0,0
HydraulicSystems,3,cooler_condition,STCG-v1 State Mapping,366,54900,55200,20,100,0,1.0,0
HydraulicSystems,3,cooler_condition,STCG-v1 State Mapping,367,55050,55350,20,100,0,1.0,0
HydraulicSystems,3,cooler_condition,STCG-v1 State Mapping,369,55350,55650,20,100,0,1.0,0
HydraulicSystems,3,cooler_condition,STCG-v1 State Mapping,370,55500,55800,20,100,0,1.0,0
HydraulicSystems,3,cooler_condition,STCG-v1 State Mapping,371,55650,55950,20,100,0,1.0,0
HydraulicSystems,3,cooler_condition,STCG-v1 State Mapping,375,56250,56550,20,100,0,1.0,0
HydraulicSystems,3,cooler_condition,STCG-v1 State Mapping,378,56700,57000,20,100,0,1.0,0
HydraulicSystems,3,cooler_condition,STCG-v1 State Mapping,379,56850,57150,20,100,0,1.0,0
HydraulicSystems,3,cooler_condition,STCG-v1 State Mapping,380,57000,57300,20,100,0,1.0,0
HydraulicSystems,3,cooler_condition,STCG-v1 State Mapping,381,57150,57450,20,100,0,1.0,0
HydraulicSystems,3,cooler_condition,STCG-v1 State Mapping,382,57300,57600,20,100,0,1.0,0
HydraulicSystems,3,cooler_condition,STCG-v1 State Mapping,384,57600,57900,20,100,0,1.0,0
HydraulicSystems,3,cooler_condition,STCG-v1 State Mapping,389,58350,58650,20,100,0,1.0,0
HydraulicSystems,3,cooler_condition,STCG-v1 State Mapping,391,58650,58950,20,100,0,1.0,0
HydraulicSystems,3,cooler_condition,STCG-v1 State Mapping,392,58800,59100,20,100,0,1.0,0
HydraulicSystems,3,cooler_condition,STCG-v1 State Mapping,394,59100,59400,20,100,0,1.0,0
HydraulicSystems,3,cooler_condition,STCG-v1 State Mapping,397,59550,59850,20,3,0,1.0,1
HydraulicSystems,3,cooler_condition,STCG-v1 State Mapping,398,59700,60000,20,100,0,1.0,0
HydraulicSystems,3,cooler_condition,STCG-v1 State Mapping,400,60000,60300,20,100,0,1.0,0
HydraulicSystems,3,cooler_condition,STCG-v1 State Mapping,402,60300,60600,20,100,0,1.0,0
HydraulicSystems,3,cooler_condition,STCG-v1 State Mapping,403,60450,60750,20,100,0,1.0,0
HydraulicSystems,3,cooler_condition,STCG-v1 State Mapping,404,60600,60900,20,100,0,1.0,0
HydraulicSystems,3,cooler_condition,STCG-v1 State Mapping,405,60750,61050,20,100,0,1.0,0
HydraulicSystems,3,cooler_condition,STCG-v1 State Mapping,406,60900,61200,20,100,0,1.0,0
HydraulicSystems,3,cooler_condition,STCG-v1 State Mapping,407,61050,61350,20,100,0,1.0,0
HydraulicSystems,3,cooler_condition,STCG-v1 State Mapping,409,61350,61650,20,100,0,1.0,0
HydraulicSystems,3,cooler_condition,STCG-v1 State Mapping,412,61800,62100,20,100,0,1.0,0
HydraulicSystems,3,cooler_condition,STCG-v1 State Mapping,415,62250,62550,20,100,0,1.0,0
HydraulicSystems,3,cooler_condition,STCG-v1 State Mapping,416,62400,62700,20,100,0,1.0,0
HydraulicSystems,3,cooler_condition,STCG-v1 State Mapping,417,62550,62850,20,100,0,1.0,0
HydraulicSystems,3,cooler_condition,STCG-v1 State Mapping,420,63000,63300,20,100,0,1.0,0
HydraulicSystems,3,cooler_condition,STCG-v1 State Mapping,424,63600,63900,20,100,0,1.0,0
HydraulicSystems,3,cooler_condition,STCG-v1 State Mapping,425,63750,64050,20,3,0,1.0,1
HydraulicSystems,3,cooler_condition,STCG-v1 State Mapping,428,64200,64500,20,100,0,1.0,0
HydraulicSystems,3,cooler_condition,STCG-v1 State Mapping,432,64800,65100,20,100,0,1.0,0
HydraulicSystems,3,cooler_condition,STCG-v1 State Mapping,433,64950,65250,20,100,0,1.0,0
HydraulicSystems,3,cooler_condition,STCG-v1 State Mapping,434,65100,65400,20,100,0,1.0,0
HydraulicSystems,3,cooler_condition,STCG-v1 State Mapping,439,65850,66150,20,100,0,1.0,0
HydraulicSystems,3,cooler_condition,STCG-v1 State Mapping,440,66000,66300,20,100,0,1.0,0
HydraulicSystems,3,cooler_condition,STCG-v1 State Mapping,441,66150,66450,20,100,0,1.0,0
HydraulicSystems,3,cooler_condition,STCG-v1 State Mapping,443,66450,66750,20,100,0,1.0,0
HydraulicSystems,3,cooler_condition,STCG-v1 State Mapping,445,66750,67050,20,100,0,1.0,0
HydraulicSystems,3,cooler_condition,STCG-v1 State Mapping,448,67200,67500,20,100,0,1.0,0
HydraulicSystems,3,cooler_condition,STCG-v1 State Mapping,449,67350,67650,20,100,0,1.0,0
HydraulicSystems,3,cooler_condition,STCG-v1 State Mapping,450,67500,67800,20,100,0,1.0,0
HydraulicSystems,3,cooler_condition,STCG-v1 State Mapping,453,67950,68250,20,100,0,1.0,0
HydraulicSystems,3,cooler_condition,STCG-v1 State Mapping,455,68250,68550,20,100,0,1.0,0
HydraulicSystems,3,cooler_condition,STCG-v1 State Mapping,458,68700,69000,20,100,0,1.0,0
HydraulicSystems,3,cooler_condition,STCG-v1 State Mapping,459,68850,69150,20,100,0,1.0,0
HydraulicSystems,3,cooler_condition,STCG-v1 State Mapping,460,69000,69300,20,100,0,1.0,0
HydraulicSystems,3,cooler_condition,STCG-v1 State Mapping,461,69150,69450,20,100,0,1.0,0
HydraulicSystems,3,cooler_condition,STCG-v1 State Mapping,462,69300,69600,20,100,0,1.0,0
HydraulicSystems,3,cooler_condition,STCG-v1 State Mapping,464,69600,69900,20,100,0,1.0,0
HydraulicSystems,3,cooler_condition,STCG-v1 State Mapping,467,70050,70350,20,100,0,1.0,0
HydraulicSystems,3,cooler_condition,STCG-v1 State Mapping,469,70350,70650,20,3,0,1.0,1
HydraulicSystems,3,cooler_condition,STCG-v1 State Mapping,472,70800,71100,20,100,0,1.0,0
HydraulicSystems,3,cooler_condition,STCG-v1 State Mapping,477,71550,71850,20,100,0,1.0,0
HydraulicSystems,3,cooler_condition,STCG-v1 State Mapping,480,72000,72300,20,100,0,1.0,0
HydraulicSystems,3,cooler_condition,STCG-v1 State Mapping,483,72450,72750,20,3,0,1.0,1
HydraulicSystems,3,cooler_condition,STCG-v1 State Mapping,487,73050,73350,20,100,0,1.0,0
HydraulicSystems,3,cooler_condition,STCG-v1 State Mapping,488,73200,73500,20,100,0,1.0,0
HydraulicSystems,3,cooler_condition,STCG-v1 State Mapping,494,74100,74400,20,100,0,1.0,0
HydraulicSystems,3,cooler_condition,STCG-v1 State Mapping,495,74250,74550,20,100,0,1.0,0
HydraulicSystems,3,cooler_condition,STCG-v1 State Mapping,496,74400,74700,20,100,0,1.0,0
HydraulicSystems,3,cooler_condition,STCG-v1 State Mapping,498,74700,75000,20,100,0,1.0,0
HydraulicSystems,3,cooler_condition,STCG-v1 State Mapping,503,75450,75750,20,100,0,1.0,0
HydraulicSystems,3,cooler_condition,STCG-v1 State Mapping,507,76050,76350,20,100,0,1.0,0
HydraulicSystems,3,cooler_condition,STCG-v1 State Mapping,508,76200,76500,20,100,0,1.0,0
HydraulicSystems,3,cooler_condition,STCG-v1 State Mapping,511,76650,76950,20,100,0,1.0,0
HydraulicSystems,3,cooler_condition,STCG-v1 State Mapping,512,76800,77100,20,100,0,1.0,0
HydraulicSystems,3,cooler_condition,STCG-v1 State Mapping,513,76950,77250,20,100,0,1.0,0
HydraulicSystems,3,cooler_condition,STCG-v1 State Mapping,516,77400,77700,20,100,0,1.0,0
HydraulicSystems,3,cooler_condition,STCG-v1 State Mapping,517,77550,77850,20,100,0,1.0,0
HydraulicSystems,3,cooler_condition,STCG-v1 State Mapping,518,77700,78000,20,100,0,1.0,0
HydraulicSystems,3,cooler_condition,STCG-v1 State Mapping,520,78000,78300,20,100,0,1.0,0
HydraulicSystems,3,cooler_condition,STCG-v1 State Mapping,526,78900,79200,20,100,0,1.0,0
HydraulicSystems,3,cooler_condition,STCG-v1 State Mapping,527,79050,79350,20,100,0,1.0,0
HydraulicSystems,3,cooler_condition,STCG-v1 State Mapping,530,79500,79800,20,100,0,1.0,0
HydraulicSystems,3,cooler_condition,STCG-v1 State Mapping,534,80100,80400,20,100,0,1.0,0
HydraulicSystems,3,cooler_condition,STCG-v1 State Mapping,537,80550,80850,20,100,0,1.0,0
HydraulicSystems,3,cooler_condition,STCG-v1 State Mapping,540,81000,81300,20,100,0,1.0,0
HydraulicSystems,3,cooler_condition,STCG-v1 State Mapping,544,81600,81900,20,100,0,1.0,0
HydraulicSystems,3,cooler_condition,STCG-v1 State Mapping,546,81900,82200,20,100,0,1.0,0
HydraulicSystems,3,cooler_condition,STCG-v1 State Mapping,547,82050,82350,20,100,0,1.0,0
HydraulicSystems,3,cooler_condition,STCG-v1 State Mapping,550,82500,82800,20,100,0,1.0,0
HydraulicSystems,3,cooler_condition,STCG-v1 State Mapping,551,82650,82950,20,100,0,1.0,0
HydraulicSystems,3,cooler_condition,STCG-v1 State Mapping,553,82950,83250,20,100,0,1.0,0
HydraulicSystems,3,cooler_condition,STCG-v1 State Mapping,558,83700,84000,20,100,0,1.0,0
HydraulicSystems,3,cooler_condition,STCG-v1 State Mapping,559,83850,84150,20,100,0,1.0,0
HydraulicSystems,3,cooler_condition,STCG-v1 State Mapping,560,84000,84300,20,100,0,1.0,0
HydraulicSystems,3,cooler_condition,STCG-v1 State Mapping,561,84150,84450,20,100,0,1.0,0
HydraulicSystems,3,cooler_condition,STCG-v1 State Mapping,564,84600,84900,20,100,0,1.0,0
HydraulicSystems,3,cooler_condition,STCG-v1 State Mapping,566,84900,85200,20,100,0,1.0,0
HydraulicSystems,3,cooler_condition,STCG-v1 State Mapping,569,85350,85650,20,100,0,1.0,0
HydraulicSystems,3,cooler_condition,STCG-v1 State Mapping,570,85500,85800,20,3,0,1.0,1
HydraulicSystems,3,cooler_condition,STCG-v1 State Mapping,573,85950,86250,20,100,0,1.0,0
HydraulicSystems,3,cooler_condition,STCG-v1 State Mapping,574,86100,86400,20,100,0,1.0,0
HydraulicSystems,3,cooler_condition,STCG-v1 State Mapping,575,86250,86550,20,100,0,1.0,0
HydraulicSystems,3,cooler_condition,STCG-v1 State Mapping,576,86400,86700,20,100,0,1.0,0
HydraulicSystems,3,cooler_condition,STCG-v1 State Mapping,578,86700,87000,20,100,0,1.0,0
HydraulicSystems,3,cooler_condition,STCG-v1 State Mapping,579,86850,87150,20,100,0,1.0,0
HydraulicSystems,3,cooler_condition,STCG-v1 State Mapping,580,87000,87300,20,100,0,1.0,0
HydraulicSystems,3,cooler_condition,STCG-v1 State Mapping,581,87150,87450,20,100,0,1.0,0
HydraulicSystems,3,cooler_condition,STCG-v1 State Mapping,582,87300,87600,20,100,0,1.0,0
HydraulicSystems,3,cooler_condition,STCG-v1 State Mapping,583,87450,87750,20,100,0,1.0,0
HydraulicSystems,3,cooler_condition,STCG-v1 State Mapping,584,87600,87900,20,3,0,0.8,1
HydraulicSystems,3,cooler_condition,STCG-v1 State Mapping,586,87900,88200,100,3,0,1.0,1
HydraulicSystems,3,cooler_condition,STCG-v1 State Mapping,590,88500,88800,100,100,1,1.0,0
HydraulicSystems,3,cooler_condition,STCG-v1 State Mapping,591,88650,88950,100,3,0,1.0,1
HydraulicSystems,3,cooler_condition,STCG-v1 State Mapping,592,88800,89100,100,100,1,1.0,0
HydraulicSystems,3,cooler_condition,STCG-v1 State Mapping,596,89400,89700,100,100,1,1.0,0
HydraulicSystems,3,cooler_condition,STCG-v1 State Mapping,597,89550,89850,100,100,1,1.0,0
HydraulicSystems,3,cooler_condition,STCG-v1 State Mapping,598,89700,90000,100,100,1,1.0,0
HydraulicSystems,3,cooler_condition,STCG-v1 State Mapping,603,90450,90750,100,100,1,1.0,0
HydraulicSystems,3,cooler_condition,STCG-v1 State Mapping,604,90600,90900,100,100,1,1.0,0
HydraulicSystems,3,cooler_condition,STCG-v1 State Mapping,605,90750,91050,100,100,1,1.0,0
HydraulicSystems,3,cooler_condition,STCG-v1 State Mapping,606,90900,91200,100,100,1,1.0,0
HydraulicSystems,3,cooler_condition,STCG-v1 State Mapping,608,91200,91500,100,100,1,1.0,0
HydraulicSystems,3,cooler_condition,STCG-v1 State Mapping,609,91350,91650,100,100,1,1.0,0
HydraulicSystems,3,cooler_condition,STCG-v1 State Mapping,610,91500,91800,100,100,1,1.0,0
HydraulicSystems,3,cooler_condition,STCG-v1 State Mapping,611,91650,91950,100,100,1,1.0,0
HydraulicSystems,3,cooler_condition,STCG-v1 State Mapping,612,91800,92100,100,100,1,1.0,0
HydraulicSystems,3,cooler_condition,STCG-v1 State Mapping,613,91950,92250,100,100,1,1.0,0
HydraulicSystems,3,cooler_condition,STCG-v1 State Mapping,617,92550,92850,100,100,1,1.0,0
HydraulicSystems,3,cooler_condition,STCG-v1 State Mapping,618,92700,93000,100,100,1,1.0,0
HydraulicSystems,3,cooler_condition,STCG-v1 State Mapping,619,92850,93150,100,100,1,1.0,0
HydraulicSystems,3,cooler_condition,STCG-v1 State Mapping,620,93000,93300,100,100,1,1.0,0
HydraulicSystems,3,cooler_condition,STCG-v1 State Mapping,621,93150,93450,100,100,1,1.0,0
HydraulicSystems,3,cooler_condition,STCG-v1 State Mapping,622,93300,93600,100,100,1,1.0,0
HydraulicSystems,3,cooler_condition,STCG-v1 State Mapping,624,93600,93900,100,100,1,1.0,0
HydraulicSystems,3,cooler_condition,STCG-v1 State Mapping,627,94050,94350,100,100,1,1.0,0
HydraulicSystems,3,cooler_condition,STCG-v1 State Mapping,628,94200,94500,100,100,1,1.0,0
HydraulicSystems,3,cooler_condition,STCG-v1 State Mapping,630,94500,94800,100,100,1,1.0,0
HydraulicSystems,3,cooler_condition,STCG-v1 State Mapping,637,95550,95850,100,100,1,1.0,0
HydraulicSystems,3,cooler_condition,STCG-v1 State Mapping,638,95700,96000,100,100,1,1.0,0
HydraulicSystems,3,cooler_condition,STCG-v1 State Mapping,643,96450,96750,100,100,1,1.0,0
HydraulicSystems,3,cooler_condition,STCG-v1 State Mapping,645,96750,97050,100,100,1,1.0,0
HydraulicSystems,3,cooler_condition,STCG-v1 State Mapping,646,96900,97200,100,100,1,1.0,0
HydraulicSystems,3,cooler_condition,STCG-v1 State Mapping,647,97050,97350,100,100,1,1.0,0
HydraulicSystems,3,cooler_condition,STCG-v1 State Mapping,648,97200,97500,100,100,1,1.0,0
HydraulicSystems,3,cooler_condition,STCG-v1 State Mapping,649,97350,97650,100,100,1,1.0,0
HydraulicSystems,3,cooler_condition,STCG-v1 State Mapping,650,97500,97800,100,100,1,1.0,0
HydraulicSystems,3,cooler_condition,STCG-v1 State Mapping,656,98400,98700,100,100,1,1.0,0
HydraulicSystems,3,cooler_condition,STCG-v1 State Mapping,657,98550,98850,100,100,1,1.0,0
HydraulicSystems,3,cooler_condition,STCG-v1 State Mapping,662,99300,99600,100,100,1,1.0,0
HydraulicSystems,3,cooler_condition,STCG-v1 State Mapping,665,99750,100050,100,100,1,1.0,0
HydraulicSystems,3,cooler_condition,STCG-v1 State Mapping,667,100050,100350,100,100,1,1.0,0
HydraulicSystems,3,cooler_condition,STCG-v1 State Mapping,668,100200,100500,100,100,1,1.0,0
HydraulicSystems,3,cooler_condition,STCG-v1 State Mapping,669,100350,100650,100,100,1,1.0,0
HydraulicSystems,3,cooler_condition,STCG-v1 State Mapping,670,100500,100800,100,100,1,1.0,0
HydraulicSystems,3,cooler_condition,STCG-v1 State Mapping,671,100650,100950,100,100,1,1.0,0
HydraulicSystems,3,cooler_condition,STCG-v1 State Mapping,672,100800,101100,100,100,1,1.0,0
HydraulicSystems,3,cooler_condition,STCG-v1 State Mapping,676,101400,101700,100,100,1,1.0,0
HydraulicSystems,3,cooler_condition,STCG-v1 State Mapping,677,101550,101850,100,100,1,1.0,0
HydraulicSystems,3,cooler_condition,STCG-v1 State Mapping,678,101700,102000,100,100,1,1.0,0
HydraulicSystems,3,cooler_condition,STCG-v1 State Mapping,679,101850,102150,100,100,1,1.0,0
HydraulicSystems,3,cooler_condition,STCG-v1 State Mapping,681,102150,102450,100,100,1,1.0,0
HydraulicSystems,3,cooler_condition,STCG-v1 State Mapping,683,102450,102750,100,100,1,1.0,0
HydraulicSystems,3,cooler_condition,STCG-v1 State Mapping,684,102600,102900,100,100,1,1.0,0
HydraulicSystems,3,cooler_condition,STCG-v1 State Mapping,689,103350,103650,100,100,1,1.0,0
HydraulicSystems,3,cooler_condition,STCG-v1 State Mapping,690,103500,103800,100,100,1,1.0,0
HydraulicSystems,3,cooler_condition,STCG-v1 State Mapping,691,103650,103950,100,100,1,1.0,0
HydraulicSystems,3,cooler_condition,STCG-v1 State Mapping,692,103800,104100,100,100,1,1.0,0
HydraulicSystems,3,cooler_condition,STCG-v1 State Mapping,693,103950,104250,100,100,1,1.0,0
HydraulicSystems,3,cooler_condition,STCG-v1 State Mapping,696,104400,104700,100,100,1,1.0,0
HydraulicSystems,3,cooler_condition,STCG-v1 State Mapping,697,104550,104850,100,100,1,1.0,0
HydraulicSystems,3,cooler_condition,STCG-v1 State Mapping,699,104850,105150,100,100,1,1.0,0
HydraulicSystems,3,cooler_condition,STCG-v1 State Mapping,701,105150,105450,100,100,1,1.0,0
HydraulicSystems,3,cooler_condition,STCG-v1 State Mapping,702,105300,105600,100,100,1,1.0,0
HydraulicSystems,3,cooler_condition,STCG-v1 State Mapping,703,105450,105750,100,100,1,1.0,0
HydraulicSystems,3,cooler_condition,STCG-v1 State Mapping,705,105750,106050,100,100,1,1.0,0
HydraulicSystems,3,cooler_condition,STCG-v1 State Mapping,706,105900,106200,100,100,1,1.0,0
HydraulicSystems,3,cooler_condition,STCG-v1 State Mapping,708,106200,106500,100,100,1,1.0,0
HydraulicSystems,3,cooler_condition,STCG-v1 State Mapping,709,106350,106650,100,100,1,1.0,0
HydraulicSystems,3,cooler_condition,STCG-v1 State Mapping,711,106650,106950,100,100,1,1.0,0
HydraulicSystems,3,cooler_condition,STCG-v1 State Mapping,713,106950,107250,100,100,1,1.0,0
HydraulicSystems,3,cooler_condition,STCG-v1 State Mapping,715,107250,107550,100,100,1,1.0,0
HydraulicSystems,3,cooler_condition,STCG-v1 State Mapping,716,107400,107700,100,100,1,1.0,0
HydraulicSystems,3,cooler_condition,STCG-v1 State Mapping,717,107550,107850,100,100,1,1.0,0
HydraulicSystems,3,cooler_condition,STCG-v1 State Mapping,718,107700,108000,100,100,1,1.0,0
HydraulicSystems,3,cooler_condition,STCG-v1 State Mapping,722,108300,108600,100,100,1,1.0,0
HydraulicSystems,3,cooler_condition,STCG-v1 State Mapping,726,108900,109200,100,100,1,1.0,0
HydraulicSystems,3,cooler_condition,STCG-v1 State Mapping,727,109050,109350,100,100,1,1.0,0
HydraulicSystems,3,cooler_condition,STCG-v1 State Mapping,728,109200,109500,100,100,1,1.0,0
HydraulicSystems,3,cooler_condition,STCG-v1 State Mapping,730,109500,109800,100,100,1,1.0,0
HydraulicSystems,3,cooler_condition,STCG-v1 State Mapping,731,109650,109950,100,100,1,1.0,0
HydraulicSystems,3,cooler_condition,STCG-v1 State Mapping,735,110250,110550,100,100,1,1.0,0
HydraulicSystems,3,cooler_condition,STCG-v1 State Mapping,736,110400,110700,100,100,1,1.0,0
HydraulicSystems,3,cooler_condition,STCG-v1 State Mapping,737,110550,110850,100,100,1,1.0,0
HydraulicSystems,3,cooler_condition,STCG-v1 State Mapping,738,110700,111000,100,100,1,1.0,0
HydraulicSystems,3,cooler_condition,STCG-v1 State Mapping,740,111000,111300,100,100,1,1.0,0
HydraulicSystems,3,cooler_condition,STCG-v1 State Mapping,741,111150,111450,100,100,1,1.0,0
HydraulicSystems,3,cooler_condition,STCG-v1 State Mapping,743,111450,111750,100,100,1,1.0,0
HydraulicSystems,3,cooler_condition,STCG-v1 State Mapping,746,111900,112200,100,100,1,1.0,0
HydraulicSystems,3,cooler_condition,STCG-v1 State Mapping,747,112050,112350,100,100,1,1.0,0
HydraulicSystems,3,cooler_condition,STCG-v1 State Mapping,754,113100,113400,100,100,1,1.0,0
HydraulicSystems,3,cooler_condition,STCG-v1 State Mapping,755,113250,113550,100,100,1,1.0,0
HydraulicSystems,3,cooler_condition,STCG-v1 State Mapping,756,113400,113700,100,100,1,1.0,0
HydraulicSystems,3,cooler_condition,STCG-v1 State Mapping,758,113700,114000,100,100,1,1.0,0
HydraulicSystems,3,cooler_condition,STCG-v1 State Mapping,761,114150,114450,100,100,1,1.0,0
HydraulicSystems,3,cooler_condition,STCG-v1 State Mapping,764,114600,114900,100,100,1,1.0,0
HydraulicSystems,3,cooler_condition,STCG-v1 State Mapping,766,114900,115200,100,100,1,1.0,0
HydraulicSystems,3,cooler_condition,STCG-v1 State Mapping,767,115050,115350,100,100,1,1.0,0
HydraulicSystems,3,cooler_condition,STCG-v1 State Mapping,768,115200,115500,100,100,1,1.0,0
HydraulicSystems,3,cooler_condition,STCG-v1 State Mapping,771,115650,115950,100,100,1,1.0,0
HydraulicSystems,3,cooler_condition,STCG-v1 State Mapping,772,115800,116100,100,100,1,1.0,0
HydraulicSystems,3,cooler_condition,STCG-v1 State Mapping,773,115950,116250,100,100,1,1.0,0
HydraulicSystems,3,cooler_condition,STCG-v1 State Mapping,775,116250,116550,100,100,1,1.0,0
HydraulicSystems,3,cooler_condition,STCG-v1 State Mapping,777,116550,116850,100,100,1,1.0,0
HydraulicSystems,3,cooler_condition,STCG-v1 State Mapping,779,116850,117150,100,100,1,1.0,0
HydraulicSystems,3,cooler_condition,STCG-v1 State Mapping,781,117150,117450,100,100,1,1.0,0
HydraulicSystems,3,cooler_condition,STCG-v1 State Mapping,783,117450,117750,100,100,1,1.0,0
HydraulicSystems,3,cooler_condition,STCG-v1 State Mapping,786,117900,118200,100,100,1,1.0,0
HydraulicSystems,3,cooler_condition,STCG-v1 State Mapping,790,118500,118800,100,100,1,1.0,0
HydraulicSystems,3,cooler_condition,STCG-v1 State Mapping,791,118650,118950,100,100,1,1.0,0
HydraulicSystems,3,cooler_condition,STCG-v1 State Mapping,793,118950,119250,100,100,1,1.0,0
HydraulicSystems,3,cooler_condition,STCG-v1 State Mapping,794,119100,119400,100,100,1,1.0,0
HydraulicSystems,3,cooler_condition,STCG-v1 State Mapping,797,119550,119850,100,100,1,1.0,0
HydraulicSystems,3,cooler_condition,STCG-v1 State Mapping,800,120000,120300,100,100,1,1.0,0
HydraulicSystems,3,cooler_condition,STCG-v1 State Mapping,801,120150,120450,100,100,1,1.0,0
HydraulicSystems,3,cooler_condition,STCG-v1 State Mapping,803,120450,120750,100,100,1,1.0,0
HydraulicSystems,3,cooler_condition,STCG-v1 State Mapping,804,120600,120900,100,100,1,1.0,0
HydraulicSystems,3,cooler_condition,STCG-v1 State Mapping,805,120750,121050,100,100,1,1.0,0
HydraulicSystems,3,cooler_condition,STCG-v1 State Mapping,806,120900,121200,100,100,1,1.0,0
HydraulicSystems,3,cooler_condition,STCG-v1 State Mapping,807,121050,121350,100,100,1,1.0,0
HydraulicSystems,3,cooler_condition,STCG-v1 State Mapping,809,121350,121650,100,100,1,1.0,0
HydraulicSystems,3,cooler_condition,STCG-v1 State Mapping,810,121500,121800,100,100,1,1.0,0
HydraulicSystems,3,cooler_condition,STCG-v1 State Mapping,811,121650,121950,100,100,1,1.0,0
HydraulicSystems,3,cooler_condition,STCG-v1 State Mapping,813,121950,122250,100,100,1,1.0,0
HydraulicSystems,3,cooler_condition,STCG-v1 State Mapping,814,122100,122400,100,100,1,1.0,0
HydraulicSystems,3,cooler_condition,STCG-v1 State Mapping,815,122250,122550,100,100,1,1.0,0
HydraulicSystems,3,cooler_condition,STCG-v1 State Mapping,818,122700,123000,100,100,1,1.0,0
HydraulicSystems,3,cooler_condition,STCG-v1 State Mapping,819,122850,123150,100,100,1,1.0,0
HydraulicSystems,3,cooler_condition,STCG-v1 State Mapping,822,123300,123600,100,100,1,1.0,0
HydraulicSystems,3,cooler_condition,STCG-v1 State Mapping,823,123450,123750,100,100,1,1.0,0
HydraulicSystems,3,cooler_condition,STCG-v1 State Mapping,824,123600,123900,100,100,1,1.0,0
HydraulicSystems,3,cooler_condition,STCG-v1 State Mapping,825,123750,124050,100,100,1,1.0,0
HydraulicSystems,3,cooler_condition,STCG-v1 State Mapping,827,124050,124350,100,100,1,1.0,0
HydraulicSystems,3,cooler_condition,STCG-v1 State Mapping,828,124200,124500,100,100,1,1.0,0
HydraulicSystems,3,cooler_condition,STCG-v1 State Mapping,830,124500,124800,100,100,1,1.0,0
HydraulicSystems,3,cooler_condition,STCG-v1 State Mapping,831,124650,124950,100,100,1,1.0,0
HydraulicSystems,3,cooler_condition,STCG-v1 State Mapping,832,124800,125100,100,100,1,1.0,0
HydraulicSystems,3,cooler_condition,STCG-v1 State Mapping,841,126150,126450,100,100,1,1.0,0
HydraulicSystems,3,cooler_condition,STCG-v1 State Mapping,842,126300,126600,100,100,1,1.0,0
HydraulicSystems,3,cooler_condition,STCG-v1 State Mapping,845,126750,127050,100,100,1,1.0,0
HydraulicSystems,3,cooler_condition,STCG-v1 State Mapping,847,127050,127350,100,100,1,1.0,0
HydraulicSystems,3,cooler_condition,STCG-v1 State Mapping,856,128400,128700,100,100,1,1.0,0
HydraulicSystems,3,cooler_condition,STCG-v1 State Mapping,861,129150,129450,100,100,1,1.0,0
HydraulicSystems,3,cooler_condition,STCG-v1 State Mapping,865,129750,130050,100,100,1,1.0,0
HydraulicSystems,3,cooler_condition,STCG-v1 State Mapping,868,130200,130500,100,100,1,1.0,0
HydraulicSystems,3,cooler_condition,STCG-v1 State Mapping,869,130350,130650,100,100,1,1.0,0
HydraulicSystems,3,cooler_condition,STCG-v1 State Mapping,870,130500,130800,100,100,1,1.0,0
HydraulicSystems,3,cooler_condition,STCG-v1 State Mapping,873,130950,131250,100,100,1,1.0,0
HydraulicSystems,3,cooler_condition,STCG-v1 State Mapping,877,131550,131850,100,100,1,1.0,0
HydraulicSystems,4,cooler_condition,Train Majority,2,300,600,3,100,0,1.0,1
HydraulicSystems,4,cooler_condition,Train Majority,3,450,750,3,100,0,1.0,1
HydraulicSystems,4,cooler_condition,Train Majority,4,600,900,3,100,0,1.0,1
HydraulicSystems,4,cooler_condition,Train Majority,5,750,1050,3,100,0,1.0,1
HydraulicSystems,4,cooler_condition,Train Majority,8,1200,1500,3,100,0,1.0,1
HydraulicSystems,4,cooler_condition,Train Majority,9,1350,1650,3,100,0,1.0,1
HydraulicSystems,4,cooler_condition,Train Majority,10,1500,1800,3,100,0,1.0,1
HydraulicSystems,4,cooler_condition,Train Majority,11,1650,1950,3,100,0,1.0,1
HydraulicSystems,4,cooler_condition,Train Majority,12,1800,2100,3,100,0,1.0,1
HydraulicSystems,4,cooler_condition,Train Majority,16,2400,2700,3,100,0,1.0,1
HydraulicSystems,4,cooler_condition,Train Majority,17,2550,2850,3,100,0,1.0,1
HydraulicSystems,4,cooler_condition,Train Majority,18,2700,3000,3,100,0,1.0,1
HydraulicSystems,4,cooler_condition,Train Majority,20,3000,3300,3,100,0,1.0,1
HydraulicSystems,4,cooler_condition,Train Majority,25,3750,4050,3,100,0,1.0,1
HydraulicSystems,4,cooler_condition,Train Majority,28,4200,4500,3,100,0,1.0,1
HydraulicSystems,4,cooler_condition,Train Majority,29,4350,4650,3,100,0,1.0,1
HydraulicSystems,4,cooler_condition,Train Majority,30,4500,4800,3,100,0,1.0,1
HydraulicSystems,4,cooler_condition,Train Majority,32,4800,5100,3,100,0,1.0,1
HydraulicSystems,4,cooler_condition,Train Majority,33,4950,5250,3,100,0,1.0,1
HydraulicSystems,4,cooler_condition,Train Majority,34,5100,5400,3,100,0,1.0,1
HydraulicSystems,4,cooler_condition,Train Majority,35,5250,5550,3,100,0,1.0,1
HydraulicSystems,4,cooler_condition,Train Majority,37,5550,5850,3,100,0,1.0,1
HydraulicSystems,4,cooler_condition,Train Majority,41,6150,6450,3,100,0,1.0,1
HydraulicSystems,4,cooler_condition,Train Majority,42,6300,6600,3,100,0,1.0,1
HydraulicSystems,4,cooler_condition,Train Majority,43,6450,6750,3,100,0,1.0,1
HydraulicSystems,4,cooler_condition,Train Majority,46,6900,7200,3,100,0,1.0,1
HydraulicSystems,4,cooler_condition,Train Majority,48,7200,7500,3,100,0,1.0,1
HydraulicSystems,4,cooler_condition,Train Majority,50,7500,7800,3,100,0,1.0,1
HydraulicSystems,4,cooler_condition,Train Majority,53,7950,8250,3,100,0,1.0,1
HydraulicSystems,4,cooler_condition,Train Majority,54,8100,8400,3,100,0,1.0,1
HydraulicSystems,4,cooler_condition,Train Majority,55,8250,8550,3,100,0,1.0,0
HydraulicSystems,4,cooler_condition,Train Majority,56,8400,8700,3,100,0,1.0,0
HydraulicSystems,4,cooler_condition,Train Majority,58,8700,9000,3,100,0,1.0,1
HydraulicSystems,4,cooler_condition,Train Majority,59,8850,9150,3,100,0,1.0,1
HydraulicSystems,4,cooler_condition,Train Majority,62,9300,9600,3,100,0,1.0,1
HydraulicSystems,4,cooler_condition,Train Majority,63,9450,9750,3,100,0,1.0,1
HydraulicSystems,4,cooler_condition,Train Majority,64,9600,9900,3,100,0,1.0,1
HydraulicSystems,4,cooler_condition,Train Majority,65,9750,10050,3,100,0,1.0,1
HydraulicSystems,4,cooler_condition,Train Majority,66,9900,10200,3,100,0,1.0,1
HydraulicSystems,4,cooler_condition,Train Majority,67,10050,10350,3,100,0,1.0,1
HydraulicSystems,4,cooler_condition,Train Majority,68,10200,10500,3,100,0,1.0,1
HydraulicSystems,4,cooler_condition,Train Majority,70,10500,10800,3,100,0,1.0,1
HydraulicSystems,4,cooler_condition,Train Majority,73,10950,11250,3,100,0,1.0,1
HydraulicSystems,4,cooler_condition,Train Majority,74,11100,11400,3,100,0,1.0,1
HydraulicSystems,4,cooler_condition,Train Majority,75,11250,11550,3,100,0,1.0,1
HydraulicSystems,4,cooler_condition,Train Majority,77,11550,11850,3,100,0,1.0,1
HydraulicSystems,4,cooler_condition,Train Majority,78,11700,12000,3,100,0,1.0,1
HydraulicSystems,4,cooler_condition,Train Majority,79,11850,12150,3,100,0,1.0,1
HydraulicSystems,4,cooler_condition,Train Majority,80,12000,12300,3,100,0,1.0,1
HydraulicSystems,4,cooler_condition,Train Majority,83,12450,12750,3,100,0,1.0,1
HydraulicSystems,4,cooler_condition,Train Majority,84,12600,12900,3,100,0,1.0,1
HydraulicSystems,4,cooler_condition,Train Majority,85,12750,13050,3,100,0,1.0,1
HydraulicSystems,4,cooler_condition,Train Majority,86,12900,13200,3,100,0,1.0,1
HydraulicSystems,4,cooler_condition,Train Majority,87,13050,13350,3,100,0,1.0,1
HydraulicSystems,4,cooler_condition,Train Majority,89,13350,13650,3,100,0,1.0,1
HydraulicSystems,4,cooler_condition,Train Majority,93,13950,14250,3,100,0,1.0,1
HydraulicSystems,4,cooler_condition,Train Majority,94,14100,14400,3,100,0,1.0,1
HydraulicSystems,4,cooler_condition,Train Majority,96,14400,14700,3,100,0,1.0,1
HydraulicSystems,4,cooler_condition,Train Majority,98,14700,15000,3,100,0,1.0,1
HydraulicSystems,4,cooler_condition,Train Majority,99,14850,15150,3,100,0,1.0,1
HydraulicSystems,4,cooler_condition,Train Majority,101,15150,15450,3,100,0,1.0,1
HydraulicSystems,4,cooler_condition,Train Majority,102,15300,15600,3,100,0,1.0,1
HydraulicSystems,4,cooler_condition,Train Majority,104,15600,15900,3,100,0,1.0,1
HydraulicSystems,4,cooler_condition,Train Majority,105,15750,16050,3,100,0,1.0,1
HydraulicSystems,4,cooler_condition,Train Majority,109,16350,16650,3,100,0,1.0,1
HydraulicSystems,4,cooler_condition,Train Majority,112,16800,17100,3,100,0,1.0,1
HydraulicSystems,4,cooler_condition,Train Majority,114,17100,17400,3,100,0,1.0,1
HydraulicSystems,4,cooler_condition,Train Majority,115,17250,17550,3,100,0,1.0,1
HydraulicSystems,4,cooler_condition,Train Majority,118,17700,18000,3,100,0,1.0,1
HydraulicSystems,4,cooler_condition,Train Majority,120,18000,18300,3,100,0,1.0,1
HydraulicSystems,4,cooler_condition,Train Majority,123,18450,18750,3,100,0,1.0,1
HydraulicSystems,4,cooler_condition,Train Majority,124,18600,18900,3,100,0,1.0,1
HydraulicSystems,4,cooler_condition,Train Majority,127,19050,19350,3,100,0,1.0,1
HydraulicSystems,4,cooler_condition,Train Majority,128,19200,19500,3,100,0,1.0,1
HydraulicSystems,4,cooler_condition,Train Majority,132,19800,20100,3,100,0,1.0,1
HydraulicSystems,4,cooler_condition,Train Majority,134,20100,20400,3,100,0,1.0,1
HydraulicSystems,4,cooler_condition,Train Majority,136,20400,20700,3,100,0,1.0,1
HydraulicSystems,4,cooler_condition,Train Majority,138,20700,21000,3,100,0,1.0,1
HydraulicSystems,4,cooler_condition,Train Majority,141,21150,21450,3,100,0,1.0,1
HydraulicSystems,4,cooler_condition,Train Majority,143,21450,21750,3,100,0,1.0,1
HydraulicSystems,4,cooler_condition,Train Majority,144,21600,21900,3,100,0,1.0,1
HydraulicSystems,4,cooler_condition,Train Majority,147,22050,22350,3,100,0,1.0,1
HydraulicSystems,4,cooler_condition,Train Majority,148,22200,22500,3,100,0,1.0,1
HydraulicSystems,4,cooler_condition,Train Majority,149,22350,22650,3,100,0,1.0,1
HydraulicSystems,4,cooler_condition,Train Majority,152,22800,23100,3,100,0,1.0,1
HydraulicSystems,4,cooler_condition,Train Majority,155,23250,23550,3,100,0,1.0,1
HydraulicSystems,4,cooler_condition,Train Majority,158,23700,24000,3,100,0,1.0,1
HydraulicSystems,4,cooler_condition,Train Majority,162,24300,24600,3,100,0,1.0,1
HydraulicSystems,4,cooler_condition,Train Majority,163,24450,24750,3,100,0,1.0,1
HydraulicSystems,4,cooler_condition,Train Majority,166,24900,25200,3,100,0,1.0,1
HydraulicSystems,4,cooler_condition,Train Majority,171,25650,25950,3,100,0,1.0,1
HydraulicSystems,4,cooler_condition,Train Majority,177,26550,26850,3,100,0,1.0,1
HydraulicSystems,4,cooler_condition,Train Majority,179,26850,27150,3,100,0,1.0,1
HydraulicSystems,4,cooler_condition,Train Majority,180,27000,27300,3,100,0,1.0,1
HydraulicSystems,4,cooler_condition,Train Majority,189,28350,28650,3,100,0,1.0,1
HydraulicSystems,4,cooler_condition,Train Majority,190,28500,28800,3,100,0,1.0,1
HydraulicSystems,4,cooler_condition,Train Majority,191,28650,28950,3,100,0,1.0,1
HydraulicSystems,4,cooler_condition,Train Majority,193,28950,29250,3,100,0,1.0,1
HydraulicSystems,4,cooler_condition,Train Majority,194,29100,29400,3,100,0,1.0,1
HydraulicSystems,4,cooler_condition,Train Majority,197,29550,29850,3,100,0,1.0,1
HydraulicSystems,4,cooler_condition,Train Majority,201,30150,30450,3,100,0,1.0,1
HydraulicSystems,4,cooler_condition,Train Majority,202,30300,30600,3,100,0,1.0,1
HydraulicSystems,4,cooler_condition,Train Majority,208,31200,31500,3,100,0,1.0,1
HydraulicSystems,4,cooler_condition,Train Majority,209,31350,31650,3,100,0,1.0,1
HydraulicSystems,4,cooler_condition,Train Majority,210,31500,31800,3,100,0,1.0,1
HydraulicSystems,4,cooler_condition,Train Majority,212,31800,32100,3,100,0,1.0,1
HydraulicSystems,4,cooler_condition,Train Majority,213,31950,32250,3,100,0,1.0,1
HydraulicSystems,4,cooler_condition,Train Majority,215,32250,32550,3,100,0,1.0,1
HydraulicSystems,4,cooler_condition,Train Majority,216,32400,32700,3,100,0,1.0,1
HydraulicSystems,4,cooler_condition,Train Majority,219,32850,33150,3,100,0,1.0,1
HydraulicSystems,4,cooler_condition,Train Majority,220,33000,33300,3,100,0,1.0,1
HydraulicSystems,4,cooler_condition,Train Majority,221,33150,33450,3,100,0,1.0,1
HydraulicSystems,4,cooler_condition,Train Majority,222,33300,33600,3,100,0,1.0,1
HydraulicSystems,4,cooler_condition,Train Majority,224,33600,33900,3,100,0,1.0,1
HydraulicSystems,4,cooler_condition,Train Majority,227,34050,34350,3,100,0,1.0,1
HydraulicSystems,4,cooler_condition,Train Majority,228,34200,34500,3,100,0,1.0,1
HydraulicSystems,4,cooler_condition,Train Majority,230,34500,34800,3,100,0,1.0,1
HydraulicSystems,4,cooler_condition,Train Majority,231,34650,34950,3,100,0,1.0,1
HydraulicSystems,4,cooler_condition,Train Majority,232,34800,35100,3,100,0,1.0,1
HydraulicSystems,4,cooler_condition,Train Majority,235,35250,35550,3,100,0,1.0,1
HydraulicSystems,4,cooler_condition,Train Majority,237,35550,35850,3,100,0,1.0,1
HydraulicSystems,4,cooler_condition,Train Majority,240,36000,36300,3,100,0,1.0,1
HydraulicSystems,4,cooler_condition,Train Majority,241,36150,36450,3,100,0,1.0,1
HydraulicSystems,4,cooler_condition,Train Majority,244,36600,36900,3,100,0,1.0,1
HydraulicSystems,4,cooler_condition,Train Majority,248,37200,37500,3,100,0,1.0,1
HydraulicSystems,4,cooler_condition,Train Majority,252,37800,38100,3,100,0,1.0,1
HydraulicSystems,4,cooler_condition,Train Majority,253,37950,38250,3,100,0,1.0,1
HydraulicSystems,4,cooler_condition,Train Majority,255,38250,38550,3,100,0,1.0,1
HydraulicSystems,4,cooler_condition,Train Majority,256,38400,38700,3,100,0,1.0,1
HydraulicSystems,4,cooler_condition,Train Majority,257,38550,38850,3,100,0,1.0,1
HydraulicSystems,4,cooler_condition,Train Majority,260,39000,39300,3,100,0,1.0,1
HydraulicSystems,4,cooler_condition,Train Majority,264,39600,39900,3,100,0,1.0,1
HydraulicSystems,4,cooler_condition,Train Majority,265,39750,40050,3,100,0,1.0,1
HydraulicSystems,4,cooler_condition,Train Majority,266,39900,40200,3,100,0,1.0,1
HydraulicSystems,4,cooler_condition,Train Majority,267,40050,40350,3,100,0,1.0,1
HydraulicSystems,4,cooler_condition,Train Majority,271,40650,40950,3,100,0,1.0,1
HydraulicSystems,4,cooler_condition,Train Majority,273,40950,41250,3,100,0,1.0,1
HydraulicSystems,4,cooler_condition,Train Majority,274,41100,41400,3,100,0,1.0,1
HydraulicSystems,4,cooler_condition,Train Majority,275,41250,41550,3,100,0,1.0,1
HydraulicSystems,4,cooler_condition,Train Majority,276,41400,41700,3,100,0,1.0,1
HydraulicSystems,4,cooler_condition,Train Majority,277,41550,41850,3,100,0,1.0,1
HydraulicSystems,4,cooler_condition,Train Majority,280,42000,42300,3,100,0,1.0,1
HydraulicSystems,4,cooler_condition,Train Majority,283,42450,42750,3,100,0,1.0,1
HydraulicSystems,4,cooler_condition,Train Majority,284,42600,42900,3,100,0,1.0,1
HydraulicSystems,4,cooler_condition,Train Majority,285,42750,43050,3,100,0,1.0,1
HydraulicSystems,4,cooler_condition,Train Majority,291,43650,43950,3,100,0,0.9,1
HydraulicSystems,4,cooler_condition,Train Majority,295,44250,44550,20,100,0,1.0,1
HydraulicSystems,4,cooler_condition,Train Majority,296,44400,44700,20,100,0,1.0,1
HydraulicSystems,4,cooler_condition,Train Majority,297,44550,44850,20,100,0,1.0,1
HydraulicSystems,4,cooler_condition,Train Majority,301,45150,45450,20,100,0,1.0,1
HydraulicSystems,4,cooler_condition,Train Majority,302,45300,45600,20,100,0,1.0,1
HydraulicSystems,4,cooler_condition,Train Majority,303,45450,45750,20,100,0,1.0,1
HydraulicSystems,4,cooler_condition,Train Majority,304,45600,45900,20,100,0,1.0,1
HydraulicSystems,4,cooler_condition,Train Majority,308,46200,46500,20,100,0,1.0,0
HydraulicSystems,4,cooler_condition,Train Majority,309,46350,46650,20,100,0,1.0,1
HydraulicSystems,4,cooler_condition,Train Majority,310,46500,46800,20,100,0,1.0,0
HydraulicSystems,4,cooler_condition,Train Majority,314,47100,47400,20,100,0,1.0,0
HydraulicSystems,4,cooler_condition,Train Majority,315,47250,47550,20,100,0,1.0,1
HydraulicSystems,4,cooler_condition,Train Majority,317,47550,47850,20,100,0,1.0,0
HydraulicSystems,4,cooler_condition,Train Majority,319,47850,48150,20,100,0,1.0,0
HydraulicSystems,4,cooler_condition,Train Majority,323,48450,48750,20,100,0,1.0,0
HydraulicSystems,4,cooler_condition,Train Majority,325,48750,49050,20,100,0,1.0,0
HydraulicSystems,4,cooler_condition,Train Majority,326,48900,49200,20,100,0,1.0,0
HydraulicSystems,4,cooler_condition,Train Majority,329,49350,49650,20,100,0,1.0,0
HydraulicSystems,4,cooler_condition,Train Majority,330,49500,49800,20,100,0,1.0,0
HydraulicSystems,4,cooler_condition,Train Majority,333,49950,50250,20,100,0,1.0,0
HydraulicSystems,4,cooler_condition,Train Majority,334,50100,50400,20,100,0,1.0,0
HydraulicSystems,4,cooler_condition,Train Majority,336,50400,50700,20,100,0,1.0,0
HydraulicSystems,4,cooler_condition,Train Majority,338,50700,51000,20,100,0,1.0,0
HydraulicSystems,4,cooler_condition,Train Majority,341,51150,51450,20,100,0,1.0,0
HydraulicSystems,4,cooler_condition,Train Majority,342,51300,51600,20,100,0,1.0,0
HydraulicSystems,4,cooler_condition,Train Majority,343,51450,51750,20,100,0,1.0,0
HydraulicSystems,4,cooler_condition,Train Majority,345,51750,52050,20,100,0,1.0,0
HydraulicSystems,4,cooler_condition,Train Majority,346,51900,52200,20,100,0,1.0,1
HydraulicSystems,4,cooler_condition,Train Majority,349,52350,52650,20,100,0,1.0,1
HydraulicSystems,4,cooler_condition,Train Majority,351,52650,52950,20,100,0,1.0,0
HydraulicSystems,4,cooler_condition,Train Majority,352,52800,53100,20,100,0,1.0,0
HydraulicSystems,4,cooler_condition,Train Majority,353,52950,53250,20,100,0,1.0,0
HydraulicSystems,4,cooler_condition,Train Majority,356,53400,53700,20,100,0,1.0,0
HydraulicSystems,4,cooler_condition,Train Majority,357,53550,53850,20,100,0,1.0,0
HydraulicSystems,4,cooler_condition,Train Majority,359,53850,54150,20,100,0,1.0,0
HydraulicSystems,4,cooler_condition,Train Majority,361,54150,54450,20,100,0,1.0,0
HydraulicSystems,4,cooler_condition,Train Majority,362,54300,54600,20,100,0,1.0,0
HydraulicSystems,4,cooler_condition,Train Majority,363,54450,54750,20,100,0,1.0,0
HydraulicSystems,4,cooler_condition,Train Majority,364,54600,54900,20,100,0,1.0,0
HydraulicSystems,4,cooler_condition,Train Majority,365,54750,55050,20,100,0,1.0,0
HydraulicSystems,4,cooler_condition,Train Majority,366,54900,55200,20,100,0,1.0,0
HydraulicSystems,4,cooler_condition,Train Majority,368,55200,55500,20,100,0,1.0,0
HydraulicSystems,4,cooler_condition,Train Majority,369,55350,55650,20,100,0,1.0,0
HydraulicSystems,4,cooler_condition,Train Majority,370,55500,55800,20,100,0,1.0,0
HydraulicSystems,4,cooler_condition,Train Majority,372,55800,56100,20,100,0,1.0,1
HydraulicSystems,4,cooler_condition,Train Majority,373,55950,56250,20,100,0,1.0,1
HydraulicSystems,4,cooler_condition,Train Majority,374,56100,56400,20,100,0,1.0,0
HydraulicSystems,4,cooler_condition,Train Majority,376,56400,56700,20,100,0,1.0,0
HydraulicSystems,4,cooler_condition,Train Majority,377,56550,56850,20,100,0,1.0,0
HydraulicSystems,4,cooler_condition,Train Majority,378,56700,57000,20,100,0,1.0,0
HydraulicSystems,4,cooler_condition,Train Majority,381,57150,57450,20,100,0,1.0,0
HydraulicSystems,4,cooler_condition,Train Majority,382,57300,57600,20,100,0,1.0,0
HydraulicSystems,4,cooler_condition,Train Majority,384,57600,57900,20,100,0,1.0,0
HydraulicSystems,4,cooler_condition,Train Majority,386,57900,58200,20,100,0,1.0,0
HydraulicSystems,4,cooler_condition,Train Majority,387,58050,58350,20,100,0,1.0,0
HydraulicSystems,4,cooler_condition,Train Majority,388,58200,58500,20,100,0,1.0,0
HydraulicSystems,4,cooler_condition,Train Majority,394,59100,59400,20,100,0,1.0,0
HydraulicSystems,4,cooler_condition,Train Majority,395,59250,59550,20,100,0,1.0,0
HydraulicSystems,4,cooler_condition,Train Majority,396,59400,59700,20,100,0,1.0,0
HydraulicSystems,4,cooler_condition,Train Majority,397,59550,59850,20,100,0,1.0,1
HydraulicSystems,4,cooler_condition,Train Majority,399,59850,60150,20,100,0,1.0,0
HydraulicSystems,4,cooler_condition,Train Majority,402,60300,60600,20,100,0,1.0,0
HydraulicSystems,4,cooler_condition,Train Majority,403,60450,60750,20,100,0,1.0,0
HydraulicSystems,4,cooler_condition,Train Majority,410,61500,61800,20,100,0,1.0,0
HydraulicSystems,4,cooler_condition,Train Majority,411,61650,61950,20,100,0,1.0,0
HydraulicSystems,4,cooler_condition,Train Majority,412,61800,62100,20,100,0,1.0,0
HydraulicSystems,4,cooler_condition,Train Majority,413,61950,62250,20,100,0,1.0,0
HydraulicSystems,4,cooler_condition,Train Majority,414,62100,62400,20,100,0,1.0,0
HydraulicSystems,4,cooler_condition,Train Majority,418,62700,63000,20,100,0,1.0,0
HydraulicSystems,4,cooler_condition,Train Majority,420,63000,63300,20,100,0,1.0,0
HydraulicSystems,4,cooler_condition,Train Majority,421,63150,63450,20,100,0,1.0,0
HydraulicSystems,4,cooler_condition,Train Majority,423,63450,63750,20,100,0,1.0,0
HydraulicSystems,4,cooler_condition,Train Majority,425,63750,64050,20,100,0,1.0,1
HydraulicSystems,4,cooler_condition,Train Majority,428,64200,64500,20,100,0,1.0,0
HydraulicSystems,4,cooler_condition,Train Majority,431,64650,64950,20,100,0,1.0,0
HydraulicSystems,4,cooler_condition,Train Majority,433,64950,65250,20,100,0,1.0,0
HydraulicSystems,4,cooler_condition,Train Majority,435,65250,65550,20,100,0,1.0,0
HydraulicSystems,4,cooler_condition,Train Majority,438,65700,66000,20,100,0,1.0,0
HydraulicSystems,4,cooler_condition,Train Majority,439,65850,66150,20,100,0,1.0,0
HydraulicSystems,4,cooler_condition,Train Majority,442,66300,66600,20,100,0,1.0,0
HydraulicSystems,4,cooler_condition,Train Majority,446,66900,67200,20,100,0,1.0,0
HydraulicSystems,4,cooler_condition,Train Majority,448,67200,67500,20,100,0,1.0,0
HydraulicSystems,4,cooler_condition,Train Majority,449,67350,67650,20,100,0,1.0,0
HydraulicSystems,4,cooler_condition,Train Majority,452,67800,68100,20,100,0,1.0,1
HydraulicSystems,4,cooler_condition,Train Majority,453,67950,68250,20,100,0,1.0,0
HydraulicSystems,4,cooler_condition,Train Majority,454,68100,68400,20,100,0,1.0,0
HydraulicSystems,4,cooler_condition,Train Majority,455,68250,68550,20,100,0,1.0,0
HydraulicSystems,4,cooler_condition,Train Majority,457,68550,68850,20,100,0,1.0,0
HydraulicSystems,4,cooler_condition,Train Majority,459,68850,69150,20,100,0,1.0,0
HydraulicSystems,4,cooler_condition,Train Majority,461,69150,69450,20,100,0,1.0,0
HydraulicSystems,4,cooler_condition,Train Majority,462,69300,69600,20,100,0,1.0,0
HydraulicSystems,4,cooler_condition,Train Majority,464,69600,69900,20,100,0,1.0,0
HydraulicSystems,4,cooler_condition,Train Majority,465,69750,70050,20,100,0,1.0,0
HydraulicSystems,4,cooler_condition,Train Majority,467,70050,70350,20,100,0,1.0,0
HydraulicSystems,4,cooler_condition,Train Majority,472,70800,71100,20,100,0,1.0,0
HydraulicSystems,4,cooler_condition,Train Majority,473,70950,71250,20,100,0,1.0,0
HydraulicSystems,4,cooler_condition,Train Majority,474,71100,71400,20,100,0,1.0,0
HydraulicSystems,4,cooler_condition,Train Majority,481,72150,72450,20,100,0,1.0,0
HydraulicSystems,4,cooler_condition,Train Majority,485,72750,73050,20,100,0,1.0,0
HydraulicSystems,4,cooler_condition,Train Majority,487,73050,73350,20,100,0,1.0,0
HydraulicSystems,4,cooler_condition,Train Majority,488,73200,73500,20,100,0,1.0,0
HydraulicSystems,4,cooler_condition,Train Majority,490,73500,73800,20,100,0,1.0,0
HydraulicSystems,4,cooler_condition,Train Majority,491,73650,73950,20,100,0,1.0,0
HydraulicSystems,4,cooler_condition,Train Majority,494,74100,74400,20,100,0,1.0,0
HydraulicSystems,4,cooler_condition,Train Majority,495,74250,74550,20,100,0,1.0,0
HydraulicSystems,4,cooler_condition,Train Majority,499,74850,75150,20,100,0,1.0,0
HydraulicSystems,4,cooler_condition,Train Majority,500,75000,75300,20,100,0,1.0,0
HydraulicSystems,4,cooler_condition,Train Majority,501,75150,75450,20,100,0,1.0,0
HydraulicSystems,4,cooler_condition,Train Majority,502,75300,75600,20,100,0,1.0,0
HydraulicSystems,4,cooler_condition,Train Majority,504,75600,75900,20,100,0,1.0,0
HydraulicSystems,4,cooler_condition,Train Majority,507,76050,76350,20,100,0,1.0,0
HydraulicSystems,4,cooler_condition,Train Majority,508,76200,76500,20,100,0,1.0,0
HydraulicSystems,4,cooler_condition,Train Majority,511,76650,76950,20,100,0,1.0,0
HydraulicSystems,4,cooler_condition,Train Majority,515,77250,77550,20,100,0,1.0,0
HydraulicSystems,4,cooler_condition,Train Majority,517,77550,77850,20,100,0,1.0,0
HydraulicSystems,4,cooler_condition,Train Majority,519,77850,78150,20,100,0,1.0,0
HydraulicSystems,4,cooler_condition,Train Majority,525,78750,79050,20,100,0,1.0,0
HydraulicSystems,4,cooler_condition,Train Majority,526,78900,79200,20,100,0,1.0,0
HydraulicSystems,4,cooler_condition,Train Majority,527,79050,79350,20,100,0,1.0,0
HydraulicSystems,4,cooler_condition,Train Majority,530,79500,79800,20,100,0,1.0,0
HydraulicSystems,4,cooler_condition,Train Majority,531,79650,79950,20,100,0,1.0,0
HydraulicSystems,4,cooler_condition,Train Majority,533,79950,80250,20,100,0,1.0,0
HydraulicSystems,4,cooler_condition,Train Majority,539,80850,81150,20,100,0,1.0,0
HydraulicSystems,4,cooler_condition,Train Majority,540,81000,81300,20,100,0,1.0,0
HydraulicSystems,4,cooler_condition,Train Majority,544,81600,81900,20,100,0,1.0,0
HydraulicSystems,4,cooler_condition,Train Majority,545,81750,82050,20,100,0,1.0,0
HydraulicSystems,4,cooler_condition,Train Majority,546,81900,82200,20,100,0,1.0,0
HydraulicSystems,4,cooler_condition,Train Majority,551,82650,82950,20,100,0,1.0,0
HydraulicSystems,4,cooler_condition,Train Majority,554,83100,83400,20,100,0,1.0,0
HydraulicSystems,4,cooler_condition,Train Majority,560,84000,84300,20,100,0,1.0,0
HydraulicSystems,4,cooler_condition,Train Majority,561,84150,84450,20,100,0,1.0,0
HydraulicSystems,4,cooler_condition,Train Majority,562,84300,84600,20,100,0,1.0,0
HydraulicSystems,4,cooler_condition,Train Majority,563,84450,84750,20,100,0,1.0,0
HydraulicSystems,4,cooler_condition,Train Majority,566,84900,85200,20,100,0,1.0,0
HydraulicSystems,4,cooler_condition,Train Majority,567,85050,85350,20,100,0,1.0,0
HydraulicSystems,4,cooler_condition,Train Majority,568,85200,85500,20,100,0,1.0,1
HydraulicSystems,4,cooler_condition,Train Majority,569,85350,85650,20,100,0,1.0,0
HydraulicSystems,4,cooler_condition,Train Majority,570,85500,85800,20,100,0,1.0,1
HydraulicSystems,4,cooler_condition,Train Majority,571,85650,85950,20,100,0,1.0,0
HydraulicSystems,4,cooler_condition,Train Majority,572,85800,86100,20,100,0,1.0,0
HydraulicSystems,4,cooler_condition,Train Majority,573,85950,86250,20,100,0,1.0,0
HydraulicSystems,4,cooler_condition,Train Majority,575,86250,86550,20,100,0,1.0,0
HydraulicSystems,4,cooler_condition,Train Majority,580,87000,87300,20,100,0,1.0,0
HydraulicSystems,4,cooler_condition,Train Majority,581,87150,87450,20,100,0,1.0,0
HydraulicSystems,4,cooler_condition,Train Majority,583,87450,87750,20,100,0,1.0,0
HydraulicSystems,4,cooler_condition,Train Majority,584,87600,87900,20,100,0,0.8,1
HydraulicSystems,4,cooler_condition,Train Majority,588,88200,88500,100,100,1,1.0,1
HydraulicSystems,4,cooler_condition,Train Majority,590,88500,88800,100,100,1,1.0,0
HydraulicSystems,4,cooler_condition,Train Majority,591,88650,88950,100,100,1,1.0,1
HydraulicSystems,4,cooler_condition,Train Majority,592,88800,89100,100,100,1,1.0,0
HydraulicSystems,4,cooler_condition,Train Majority,593,88950,89250,100,100,1,1.0,0
HydraulicSystems,4,cooler_condition,Train Majority,596,89400,89700,100,100,1,1.0,0
HydraulicSystems,4,cooler_condition,Train Majority,597,89550,89850,100,100,1,1.0,0
HydraulicSystems,4,cooler_condition,Train Majority,598,89700,90000,100,100,1,1.0,0
HydraulicSystems,4,cooler_condition,Train Majority,600,90000,90300,100,100,1,1.0,0
HydraulicSystems,4,cooler_condition,Train Majority,601,90150,90450,100,100,1,1.0,0
HydraulicSystems,4,cooler_condition,Train Majority,606,90900,91200,100,100,1,1.0,0
HydraulicSystems,4,cooler_condition,Train Majority,608,91200,91500,100,100,1,1.0,0
HydraulicSystems,4,cooler_condition,Train Majority,609,91350,91650,100,100,1,1.0,0
HydraulicSystems,4,cooler_condition,Train Majority,610,91500,91800,100,100,1,1.0,0
HydraulicSystems,4,cooler_condition,Train Majority,612,91800,92100,100,100,1,1.0,0
HydraulicSystems,4,cooler_condition,Train Majority,613,91950,92250,100,100,1,1.0,0
HydraulicSystems,4,cooler_condition,Train Majority,616,92400,92700,100,100,1,1.0,0
HydraulicSystems,4,cooler_condition,Train Majority,617,92550,92850,100,100,1,1.0,0
HydraulicSystems,4,cooler_condition,Train Majority,619,92850,93150,100,100,1,1.0,0
HydraulicSystems,4,cooler_condition,Train Majority,620,93000,93300,100,100,1,1.0,0
HydraulicSystems,4,cooler_condition,Train Majority,621,93150,93450,100,100,1,1.0,0
HydraulicSystems,4,cooler_condition,Train Majority,622,93300,93600,100,100,1,1.0,0
HydraulicSystems,4,cooler_condition,Train Majority,626,93900,94200,100,100,1,1.0,0
HydraulicSystems,4,cooler_condition,Train Majority,627,94050,94350,100,100,1,1.0,0
HydraulicSystems,4,cooler_condition,Train Majority,629,94350,94650,100,100,1,1.0,0
HydraulicSystems,4,cooler_condition,Train Majority,630,94500,94800,100,100,1,1.0,0
HydraulicSystems,4,cooler_condition,Train Majority,631,94650,94950,100,100,1,1.0,0
HydraulicSystems,4,cooler_condition,Train Majority,636,95400,95700,100,100,1,1.0,0
HydraulicSystems,4,cooler_condition,Train Majority,637,95550,95850,100,100,1,1.0,0
HydraulicSystems,4,cooler_condition,Train Majority,642,96300,96600,100,100,1,1.0,0
HydraulicSystems,4,cooler_condition,Train Majority,648,97200,97500,100,100,1,1.0,0
HydraulicSystems,4,cooler_condition,Train Majority,649,97350,97650,100,100,1,1.0,0
HydraulicSystems,4,cooler_condition,Train Majority,650,97500,97800,100,100,1,1.0,0
HydraulicSystems,4,cooler_condition,Train Majority,651,97650,97950,100,100,1,1.0,0
HydraulicSystems,4,cooler_condition,Train Majority,652,97800,98100,100,100,1,1.0,0
HydraulicSystems,4,cooler_condition,Train Majority,657,98550,98850,100,100,1,1.0,0
HydraulicSystems,4,cooler_condition,Train Majority,661,99150,99450,100,100,1,1.0,0
HydraulicSystems,4,cooler_condition,Train Majority,662,99300,99600,100,100,1,1.0,0
HydraulicSystems,4,cooler_condition,Train Majority,663,99450,99750,100,100,1,1.0,0
HydraulicSystems,4,cooler_condition,Train Majority,664,99600,99900,100,100,1,1.0,0
HydraulicSystems,4,cooler_condition,Train Majority,665,99750,100050,100,100,1,1.0,0
HydraulicSystems,4,cooler_condition,Train Majority,667,100050,100350,100,100,1,1.0,0
HydraulicSystems,4,cooler_condition,Train Majority,669,100350,100650,100,100,1,1.0,0
HydraulicSystems,4,cooler_condition,Train Majority,670,100500,100800,100,100,1,1.0,0
HydraulicSystems,4,cooler_condition,Train Majority,674,101100,101400,100,100,1,1.0,0
HydraulicSystems,4,cooler_condition,Train Majority,676,101400,101700,100,100,1,1.0,0
HydraulicSystems,4,cooler_condition,Train Majority,678,101700,102000,100,100,1,1.0,0
HydraulicSystems,4,cooler_condition,Train Majority,679,101850,102150,100,100,1,1.0,0
HydraulicSystems,4,cooler_condition,Train Majority,683,102450,102750,100,100,1,1.0,0
HydraulicSystems,4,cooler_condition,Train Majority,684,102600,102900,100,100,1,1.0,0
HydraulicSystems,4,cooler_condition,Train Majority,688,103200,103500,100,100,1,1.0,0
HydraulicSystems,4,cooler_condition,Train Majority,691,103650,103950,100,100,1,1.0,0
HydraulicSystems,4,cooler_condition,Train Majority,692,103800,104100,100,100,1,1.0,0
HydraulicSystems,4,cooler_condition,Train Majority,694,104100,104400,100,100,1,1.0,0
HydraulicSystems,4,cooler_condition,Train Majority,695,104250,104550,100,100,1,1.0,0
HydraulicSystems,4,cooler_condition,Train Majority,698,104700,105000,100,100,1,1.0,0
HydraulicSystems,4,cooler_condition,Train Majority,699,104850,105150,100,100,1,1.0,0
HydraulicSystems,4,cooler_condition,Train Majority,703,105450,105750,100,100,1,1.0,0
HydraulicSystems,4,cooler_condition,Train Majority,707,106050,106350,100,100,1,1.0,0
HydraulicSystems,4,cooler_condition,Train Majority,710,106500,106800,100,100,1,1.0,0
HydraulicSystems,4,cooler_condition,Train Majority,711,106650,106950,100,100,1,1.0,0
HydraulicSystems,4,cooler_condition,Train Majority,712,106800,107100,100,100,1,1.0,0
HydraulicSystems,4,cooler_condition,Train Majority,713,106950,107250,100,100,1,1.0,0
HydraulicSystems,4,cooler_condition,Train Majority,715,107250,107550,100,100,1,1.0,0
HydraulicSystems,4,cooler_condition,Train Majority,716,107400,107700,100,100,1,1.0,0
HydraulicSystems,4,cooler_condition,Train Majority,719,107850,108150,100,100,1,1.0,0
HydraulicSystems,4,cooler_condition,Train Majority,720,108000,108300,100,100,1,1.0,0
HydraulicSystems,4,cooler_condition,Train Majority,722,108300,108600,100,100,1,1.0,0
HydraulicSystems,4,cooler_condition,Train Majority,723,108450,108750,100,100,1,1.0,0
HydraulicSystems,4,cooler_condition,Train Majority,727,109050,109350,100,100,1,1.0,0
HydraulicSystems,4,cooler_condition,Train Majority,733,109950,110250,100,100,1,1.0,0
HydraulicSystems,4,cooler_condition,Train Majority,734,110100,110400,100,100,1,1.0,0
HydraulicSystems,4,cooler_condition,Train Majority,737,110550,110850,100,100,1,1.0,0
HydraulicSystems,4,cooler_condition,Train Majority,739,110850,111150,100,100,1,1.0,0
HydraulicSystems,4,cooler_condition,Train Majority,741,111150,111450,100,100,1,1.0,0
HydraulicSystems,4,cooler_condition,Train Majority,746,111900,112200,100,100,1,1.0,0
HydraulicSystems,4,cooler_condition,Train Majority,748,112200,112500,100,100,1,1.0,0
HydraulicSystems,4,cooler_condition,Train Majority,750,112500,112800,100,100,1,1.0,0
HydraulicSystems,4,cooler_condition,Train Majority,753,112950,113250,100,100,1,1.0,0
HydraulicSystems,4,cooler_condition,Train Majority,755,113250,113550,100,100,1,1.0,0
HydraulicSystems,4,cooler_condition,Train Majority,757,113550,113850,100,100,1,1.0,0
HydraulicSystems,4,cooler_condition,Train Majority,758,113700,114000,100,100,1,1.0,0
HydraulicSystems,4,cooler_condition,Train Majority,759,113850,114150,100,100,1,1.0,0
HydraulicSystems,4,cooler_condition,Train Majority,760,114000,114300,100,100,1,1.0,0
HydraulicSystems,4,cooler_condition,Train Majority,761,114150,114450,100,100,1,1.0,0
HydraulicSystems,4,cooler_condition,Train Majority,762,114300,114600,100,100,1,1.0,0
HydraulicSystems,4,cooler_condition,Train Majority,763,114450,114750,100,100,1,1.0,0
HydraulicSystems,4,cooler_condition,Train Majority,764,114600,114900,100,100,1,1.0,0
HydraulicSystems,4,cooler_condition,Train Majority,767,115050,115350,100,100,1,1.0,0
HydraulicSystems,4,cooler_condition,Train Majority,769,115350,115650,100,100,1,1.0,0
HydraulicSystems,4,cooler_condition,Train Majority,772,115800,116100,100,100,1,1.0,0
HydraulicSystems,4,cooler_condition,Train Majority,775,116250,116550,100,100,1,1.0,0
HydraulicSystems,4,cooler_condition,Train Majority,777,116550,116850,100,100,1,1.0,0
HydraulicSystems,4,cooler_condition,Train Majority,781,117150,117450,100,100,1,1.0,0
HydraulicSystems,4,cooler_condition,Train Majority,783,117450,117750,100,100,1,1.0,0
HydraulicSystems,4,cooler_condition,Train Majority,785,117750,118050,100,100,1,1.0,0
HydraulicSystems,4,cooler_condition,Train Majority,786,117900,118200,100,100,1,1.0,0
HydraulicSystems,4,cooler_condition,Train Majority,788,118200,118500,100,100,1,1.0,0
HydraulicSystems,4,cooler_condition,Train Majority,792,118800,119100,100,100,1,1.0,0
HydraulicSystems,4,cooler_condition,Train Majority,793,118950,119250,100,100,1,1.0,0
HydraulicSystems,4,cooler_condition,Train Majority,794,119100,119400,100,100,1,1.0,0
HydraulicSystems,4,cooler_condition,Train Majority,795,119250,119550,100,100,1,1.0,0
HydraulicSystems,4,cooler_condition,Train Majority,797,119550,119850,100,100,1,1.0,0
HydraulicSystems,4,cooler_condition,Train Majority,801,120150,120450,100,100,1,1.0,0
HydraulicSystems,4,cooler_condition,Train Majority,803,120450,120750,100,100,1,1.0,0
HydraulicSystems,4,cooler_condition,Train Majority,808,121200,121500,100,100,1,1.0,0
HydraulicSystems,4,cooler_condition,Train Majority,810,121500,121800,100,100,1,1.0,0
HydraulicSystems,4,cooler_condition,Train Majority,812,121800,122100,100,100,1,1.0,0
HydraulicSystems,4,cooler_condition,Train Majority,815,122250,122550,100,100,1,1.0,0
HydraulicSystems,4,cooler_condition,Train Majority,817,122550,122850,100,100,1,1.0,0
HydraulicSystems,4,cooler_condition,Train Majority,820,123000,123300,100,100,1,1.0,0
HydraulicSystems,4,cooler_condition,Train Majority,821,123150,123450,100,100,1,1.0,0
HydraulicSystems,4,cooler_condition,Train Majority,822,123300,123600,100,100,1,1.0,0
HydraulicSystems,4,cooler_condition,Train Majority,823,123450,123750,100,100,1,1.0,0
HydraulicSystems,4,cooler_condition,Train Majority,824,123600,123900,100,100,1,1.0,0
HydraulicSystems,4,cooler_condition,Train Majority,826,123900,124200,100,100,1,1.0,0
HydraulicSystems,4,cooler_condition,Train Majority,828,124200,124500,100,100,1,1.0,0
HydraulicSystems,4,cooler_condition,Train Majority,829,124350,124650,100,100,1,1.0,0
HydraulicSystems,4,cooler_condition,Train Majority,830,124500,124800,100,100,1,1.0,0
HydraulicSystems,4,cooler_condition,Train Majority,832,124800,125100,100,100,1,1.0,0
HydraulicSystems,4,cooler_condition,Train Majority,834,125100,125400,100,100,1,1.0,0
HydraulicSystems,4,cooler_condition,Train Majority,836,125400,125700,100,100,1,1.0,0
HydraulicSystems,4,cooler_condition,Train Majority,838,125700,126000,100,100,1,1.0,0
HydraulicSystems,4,cooler_condition,Train Majority,842,126300,126600,100,100,1,1.0,0
HydraulicSystems,4,cooler_condition,Train Majority,843,126450,126750,100,100,1,1.0,0
HydraulicSystems,4,cooler_condition,Train Majority,844,126600,126900,100,100,1,1.0,0
HydraulicSystems,4,cooler_condition,Train Majority,845,126750,127050,100,100,1,1.0,0
HydraulicSystems,4,cooler_condition,Train Majority,848,127200,127500,100,100,1,1.0,0
HydraulicSystems,4,cooler_condition,Train Majority,849,127350,127650,100,100,1,1.0,0
HydraulicSystems,4,cooler_condition,Train Majority,851,127650,127950,100,100,1,1.0,0
HydraulicSystems,4,cooler_condition,Train Majority,852,127800,128100,100,100,1,1.0,0
HydraulicSystems,4,cooler_condition,Train Majority,853,127950,128250,100,100,1,1.0,0
HydraulicSystems,4,cooler_condition,Train Majority,858,128700,129000,100,100,1,1.0,0
HydraulicSystems,4,cooler_condition,Train Majority,859,128850,129150,100,100,1,1.0,0
HydraulicSystems,4,cooler_condition,Train Majority,860,129000,129300,100,100,1,1.0,0
HydraulicSystems,4,cooler_condition,Train Majority,861,129150,129450,100,100,1,1.0,0
HydraulicSystems,4,cooler_condition,Train Majority,863,129450,129750,100,100,1,1.0,0
HydraulicSystems,4,cooler_condition,Train Majority,864,129600,129900,100,100,1,1.0,0
HydraulicSystems,4,cooler_condition,Train Majority,865,129750,130050,100,100,1,1.0,0
HydraulicSystems,4,cooler_condition,Train Majority,867,130050,130350,100,100,1,1.0,0
HydraulicSystems,4,cooler_condition,Train Majority,872,130800,131100,100,100,1,1.0,0
HydraulicSystems,4,cooler_condition,Train Majority,873,130950,131250,100,100,1,1.0,0
HydraulicSystems,4,cooler_condition,Train Majority,874,131100,131400,100,100,1,1.0,0
HydraulicSystems,4,cooler_condition,Train Majority,875,131250,131550,100,100,1,1.0,0
HydraulicSystems,4,cooler_condition,Train Majority,877,131550,131850,100,100,1,1.0,0
HydraulicSystems,4,cooler_condition,Train Majority,878,131700,132000,100,100,1,1.0,0
HydraulicSystems,4,cooler_condition,Train Majority,879,131850,132150,100,100,1,1.0,0
HydraulicSystems,4,cooler_condition,Train Majority,880,132000,132300,100,100,1,1.0,0
HydraulicSystems,4,cooler_condition,SensorMeanStd Centroid,2,300,600,3,3,1,1.0,1
HydraulicSystems,4,cooler_condition,SensorMeanStd Centroid,3,450,750,3,3,1,1.0,1
HydraulicSystems,4,cooler_condition,SensorMeanStd Centroid,4,600,900,3,3,1,1.0,1
HydraulicSystems,4,cooler_condition,SensorMeanStd Centroid,5,750,1050,3,3,1,1.0,1
HydraulicSystems,4,cooler_condition,SensorMeanStd Centroid,8,1200,1500,3,3,1,1.0,1
HydraulicSystems,4,cooler_condition,SensorMeanStd Centroid,9,1350,1650,3,3,1,1.0,1
HydraulicSystems,4,cooler_condition,SensorMeanStd Centroid,10,1500,1800,3,3,1,1.0,1
HydraulicSystems,4,cooler_condition,SensorMeanStd Centroid,11,1650,1950,3,3,1,1.0,1
HydraulicSystems,4,cooler_condition,SensorMeanStd Centroid,12,1800,2100,3,3,1,1.0,1
HydraulicSystems,4,cooler_condition,SensorMeanStd Centroid,16,2400,2700,3,3,1,1.0,1
HydraulicSystems,4,cooler_condition,SensorMeanStd Centroid,17,2550,2850,3,3,1,1.0,1
HydraulicSystems,4,cooler_condition,SensorMeanStd Centroid,18,2700,3000,3,3,1,1.0,1
HydraulicSystems,4,cooler_condition,SensorMeanStd Centroid,20,3000,3300,3,3,1,1.0,1
HydraulicSystems,4,cooler_condition,SensorMeanStd Centroid,25,3750,4050,3,3,1,1.0,1
HydraulicSystems,4,cooler_condition,SensorMeanStd Centroid,28,4200,4500,3,3,1,1.0,1
HydraulicSystems,4,cooler_condition,SensorMeanStd Centroid,29,4350,4650,3,3,1,1.0,1
HydraulicSystems,4,cooler_condition,SensorMeanStd Centroid,30,4500,4800,3,3,1,1.0,1
HydraulicSystems,4,cooler_condition,SensorMeanStd Centroid,32,4800,5100,3,3,1,1.0,1
HydraulicSystems,4,cooler_condition,SensorMeanStd Centroid,33,4950,5250,3,3,1,1.0,1
HydraulicSystems,4,cooler_condition,SensorMeanStd Centroid,34,5100,5400,3,3,1,1.0,1
HydraulicSystems,4,cooler_condition,SensorMeanStd Centroid,35,5250,5550,3,3,1,1.0,1
HydraulicSystems,4,cooler_condition,SensorMeanStd Centroid,37,5550,5850,3,3,1,1.0,1
HydraulicSystems,4,cooler_condition,SensorMeanStd Centroid,41,6150,6450,3,3,1,1.0,1
HydraulicSystems,4,cooler_condition,SensorMeanStd Centroid,42,6300,6600,3,3,1,1.0,1
HydraulicSystems,4,cooler_condition,SensorMeanStd Centroid,43,6450,6750,3,3,1,1.0,1
HydraulicSystems,4,cooler_condition,SensorMeanStd Centroid,46,6900,7200,3,3,1,1.0,1
HydraulicSystems,4,cooler_condition,SensorMeanStd Centroid,48,7200,7500,3,3,1,1.0,1
HydraulicSystems,4,cooler_condition,SensorMeanStd Centroid,50,7500,7800,3,3,1,1.0,1
HydraulicSystems,4,cooler_condition,SensorMeanStd Centroid,53,7950,8250,3,3,1,1.0,1
HydraulicSystems,4,cooler_condition,SensorMeanStd Centroid,54,8100,8400,3,3,1,1.0,1
HydraulicSystems,4,cooler_condition,SensorMeanStd Centroid,55,8250,8550,3,3,1,1.0,0
HydraulicSystems,4,cooler_condition,SensorMeanStd Centroid,56,8400,8700,3,3,1,1.0,0
HydraulicSystems,4,cooler_condition,SensorMeanStd Centroid,58,8700,9000,3,3,1,1.0,1
HydraulicSystems,4,cooler_condition,SensorMeanStd Centroid,59,8850,9150,3,3,1,1.0,1
HydraulicSystems,4,cooler_condition,SensorMeanStd Centroid,62,9300,9600,3,3,1,1.0,1
HydraulicSystems,4,cooler_condition,SensorMeanStd Centroid,63,9450,9750,3,3,1,1.0,1
HydraulicSystems,4,cooler_condition,SensorMeanStd Centroid,64,9600,9900,3,3,1,1.0,1
HydraulicSystems,4,cooler_condition,SensorMeanStd Centroid,65,9750,10050,3,3,1,1.0,1
HydraulicSystems,4,cooler_condition,SensorMeanStd Centroid,66,9900,10200,3,3,1,1.0,1
HydraulicSystems,4,cooler_condition,SensorMeanStd Centroid,67,10050,10350,3,3,1,1.0,1
HydraulicSystems,4,cooler_condition,SensorMeanStd Centroid,68,10200,10500,3,3,1,1.0,1
HydraulicSystems,4,cooler_condition,SensorMeanStd Centroid,70,10500,10800,3,3,1,1.0,1
HydraulicSystems,4,cooler_condition,SensorMeanStd Centroid,73,10950,11250,3,3,1,1.0,1
HydraulicSystems,4,cooler_condition,SensorMeanStd Centroid,74,11100,11400,3,3,1,1.0,1
HydraulicSystems,4,cooler_condition,SensorMeanStd Centroid,75,11250,11550,3,3,1,1.0,1
HydraulicSystems,4,cooler_condition,SensorMeanStd Centroid,77,11550,11850,3,3,1,1.0,1
HydraulicSystems,4,cooler_condition,SensorMeanStd Centroid,78,11700,12000,3,3,1,1.0,1
HydraulicSystems,4,cooler_condition,SensorMeanStd Centroid,79,11850,12150,3,3,1,1.0,1
HydraulicSystems,4,cooler_condition,SensorMeanStd Centroid,80,12000,12300,3,3,1,1.0,1
HydraulicSystems,4,cooler_condition,SensorMeanStd Centroid,83,12450,12750,3,3,1,1.0,1
HydraulicSystems,4,cooler_condition,SensorMeanStd Centroid,84,12600,12900,3,3,1,1.0,1
HydraulicSystems,4,cooler_condition,SensorMeanStd Centroid,85,12750,13050,3,3,1,1.0,1
HydraulicSystems,4,cooler_condition,SensorMeanStd Centroid,86,12900,13200,3,3,1,1.0,1
HydraulicSystems,4,cooler_condition,SensorMeanStd Centroid,87,13050,13350,3,3,1,1.0,1
HydraulicSystems,4,cooler_condition,SensorMeanStd Centroid,89,13350,13650,3,3,1,1.0,1
HydraulicSystems,4,cooler_condition,SensorMeanStd Centroid,93,13950,14250,3,3,1,1.0,1
HydraulicSystems,4,cooler_condition,SensorMeanStd Centroid,94,14100,14400,3,3,1,1.0,1
HydraulicSystems,4,cooler_condition,SensorMeanStd Centroid,96,14400,14700,3,3,1,1.0,1
HydraulicSystems,4,cooler_condition,SensorMeanStd Centroid,98,14700,15000,3,3,1,1.0,1
HydraulicSystems,4,cooler_condition,SensorMeanStd Centroid,99,14850,15150,3,3,1,1.0,1
HydraulicSystems,4,cooler_condition,SensorMeanStd Centroid,101,15150,15450,3,3,1,1.0,1
HydraulicSystems,4,cooler_condition,SensorMeanStd Centroid,102,15300,15600,3,3,1,1.0,1
HydraulicSystems,4,cooler_condition,SensorMeanStd Centroid,104,15600,15900,3,3,1,1.0,1
HydraulicSystems,4,cooler_condition,SensorMeanStd Centroid,105,15750,16050,3,3,1,1.0,1
HydraulicSystems,4,cooler_condition,SensorMeanStd Centroid,109,16350,16650,3,3,1,1.0,1
HydraulicSystems,4,cooler_condition,SensorMeanStd Centroid,112,16800,17100,3,3,1,1.0,1
HydraulicSystems,4,cooler_condition,SensorMeanStd Centroid,114,17100,17400,3,3,1,1.0,1
HydraulicSystems,4,cooler_condition,SensorMeanStd Centroid,115,17250,17550,3,3,1,1.0,1
HydraulicSystems,4,cooler_condition,SensorMeanStd Centroid,118,17700,18000,3,3,1,1.0,1
HydraulicSystems,4,cooler_condition,SensorMeanStd Centroid,120,18000,18300,3,3,1,1.0,1
HydraulicSystems,4,cooler_condition,SensorMeanStd Centroid,123,18450,18750,3,3,1,1.0,1
HydraulicSystems,4,cooler_condition,SensorMeanStd Centroid,124,18600,18900,3,3,1,1.0,1
HydraulicSystems,4,cooler_condition,SensorMeanStd Centroid,127,19050,19350,3,3,1,1.0,1
HydraulicSystems,4,cooler_condition,SensorMeanStd Centroid,128,19200,19500,3,3,1,1.0,1
HydraulicSystems,4,cooler_condition,SensorMeanStd Centroid,132,19800,20100,3,3,1,1.0,1
HydraulicSystems,4,cooler_condition,SensorMeanStd Centroid,134,20100,20400,3,3,1,1.0,1
HydraulicSystems,4,cooler_condition,SensorMeanStd Centroid,136,20400,20700,3,3,1,1.0,1
HydraulicSystems,4,cooler_condition,SensorMeanStd Centroid,138,20700,21000,3,3,1,1.0,1
HydraulicSystems,4,cooler_condition,SensorMeanStd Centroid,141,21150,21450,3,3,1,1.0,1
HydraulicSystems,4,cooler_condition,SensorMeanStd Centroid,143,21450,21750,3,3,1,1.0,1
HydraulicSystems,4,cooler_condition,SensorMeanStd Centroid,144,21600,21900,3,3,1,1.0,1
HydraulicSystems,4,cooler_condition,SensorMeanStd Centroid,147,22050,22350,3,3,1,1.0,1
HydraulicSystems,4,cooler_condition,SensorMeanStd Centroid,148,22200,22500,3,3,1,1.0,1
HydraulicSystems,4,cooler_condition,SensorMeanStd Centroid,149,22350,22650,3,3,1,1.0,1
HydraulicSystems,4,cooler_condition,SensorMeanStd Centroid,152,22800,23100,3,3,1,1.0,1
HydraulicSystems,4,cooler_condition,SensorMeanStd Centroid,155,23250,23550,3,3,1,1.0,1
HydraulicSystems,4,cooler_condition,SensorMeanStd Centroid,158,23700,24000,3,3,1,1.0,1
HydraulicSystems,4,cooler_condition,SensorMeanStd Centroid,162,24300,24600,3,3,1,1.0,1
HydraulicSystems,4,cooler_condition,SensorMeanStd Centroid,163,24450,24750,3,3,1,1.0,1
HydraulicSystems,4,cooler_condition,SensorMeanStd Centroid,166,24900,25200,3,3,1,1.0,1
HydraulicSystems,4,cooler_condition,SensorMeanStd Centroid,171,25650,25950,3,3,1,1.0,1
HydraulicSystems,4,cooler_condition,SensorMeanStd Centroid,177,26550,26850,3,3,1,1.0,1
HydraulicSystems,4,cooler_condition,SensorMeanStd Centroid,179,26850,27150,3,3,1,1.0,1
HydraulicSystems,4,cooler_condition,SensorMeanStd Centroid,180,27000,27300,3,3,1,1.0,1
HydraulicSystems,4,cooler_condition,SensorMeanStd Centroid,189,28350,28650,3,3,1,1.0,1
HydraulicSystems,4,cooler_condition,SensorMeanStd Centroid,190,28500,28800,3,3,1,1.0,1
HydraulicSystems,4,cooler_condition,SensorMeanStd Centroid,191,28650,28950,3,3,1,1.0,1
HydraulicSystems,4,cooler_condition,SensorMeanStd Centroid,193,28950,29250,3,3,1,1.0,1
HydraulicSystems,4,cooler_condition,SensorMeanStd Centroid,194,29100,29400,3,3,1,1.0,1
HydraulicSystems,4,cooler_condition,SensorMeanStd Centroid,197,29550,29850,3,3,1,1.0,1
HydraulicSystems,4,cooler_condition,SensorMeanStd Centroid,201,30150,30450,3,3,1,1.0,1
HydraulicSystems,4,cooler_condition,SensorMeanStd Centroid,202,30300,30600,3,3,1,1.0,1
HydraulicSystems,4,cooler_condition,SensorMeanStd Centroid,208,31200,31500,3,3,1,1.0,1
HydraulicSystems,4,cooler_condition,SensorMeanStd Centroid,209,31350,31650,3,3,1,1.0,1
HydraulicSystems,4,cooler_condition,SensorMeanStd Centroid,210,31500,31800,3,3,1,1.0,1
HydraulicSystems,4,cooler_condition,SensorMeanStd Centroid,212,31800,32100,3,3,1,1.0,1
HydraulicSystems,4,cooler_condition,SensorMeanStd Centroid,213,31950,32250,3,3,1,1.0,1
HydraulicSystems,4,cooler_condition,SensorMeanStd Centroid,215,32250,32550,3,3,1,1.0,1
HydraulicSystems,4,cooler_condition,SensorMeanStd Centroid,216,32400,32700,3,3,1,1.0,1
HydraulicSystems,4,cooler_condition,SensorMeanStd Centroid,219,32850,33150,3,3,1,1.0,1
HydraulicSystems,4,cooler_condition,SensorMeanStd Centroid,220,33000,33300,3,3,1,1.0,1
HydraulicSystems,4,cooler_condition,SensorMeanStd Centroid,221,33150,33450,3,3,1,1.0,1
HydraulicSystems,4,cooler_condition,SensorMeanStd Centroid,222,33300,33600,3,3,1,1.0,1
HydraulicSystems,4,cooler_condition,SensorMeanStd Centroid,224,33600,33900,3,3,1,1.0,1
HydraulicSystems,4,cooler_condition,SensorMeanStd Centroid,227,34050,34350,3,3,1,1.0,1
HydraulicSystems,4,cooler_condition,SensorMeanStd Centroid,228,34200,34500,3,3,1,1.0,1
HydraulicSystems,4,cooler_condition,SensorMeanStd Centroid,230,34500,34800,3,3,1,1.0,1
HydraulicSystems,4,cooler_condition,SensorMeanStd Centroid,231,34650,34950,3,3,1,1.0,1
HydraulicSystems,4,cooler_condition,SensorMeanStd Centroid,232,34800,35100,3,3,1,1.0,1
HydraulicSystems,4,cooler_condition,SensorMeanStd Centroid,235,35250,35550,3,3,1,1.0,1
HydraulicSystems,4,cooler_condition,SensorMeanStd Centroid,237,35550,35850,3,3,1,1.0,1
HydraulicSystems,4,cooler_condition,SensorMeanStd Centroid,240,36000,36300,3,3,1,1.0,1
HydraulicSystems,4,cooler_condition,SensorMeanStd Centroid,241,36150,36450,3,3,1,1.0,1
HydraulicSystems,4,cooler_condition,SensorMeanStd Centroid,244,36600,36900,3,3,1,1.0,1
HydraulicSystems,4,cooler_condition,SensorMeanStd Centroid,248,37200,37500,3,3,1,1.0,1
HydraulicSystems,4,cooler_condition,SensorMeanStd Centroid,252,37800,38100,3,3,1,1.0,1
HydraulicSystems,4,cooler_condition,SensorMeanStd Centroid,253,37950,38250,3,3,1,1.0,1
HydraulicSystems,4,cooler_condition,SensorMeanStd Centroid,255,38250,38550,3,3,1,1.0,1
HydraulicSystems,4,cooler_condition,SensorMeanStd Centroid,256,38400,38700,3,3,1,1.0,1
HydraulicSystems,4,cooler_condition,SensorMeanStd Centroid,257,38550,38850,3,3,1,1.0,1
HydraulicSystems,4,cooler_condition,SensorMeanStd Centroid,260,39000,39300,3,3,1,1.0,1
HydraulicSystems,4,cooler_condition,SensorMeanStd Centroid,264,39600,39900,3,3,1,1.0,1
HydraulicSystems,4,cooler_condition,SensorMeanStd Centroid,265,39750,40050,3,3,1,1.0,1
HydraulicSystems,4,cooler_condition,SensorMeanStd Centroid,266,39900,40200,3,3,1,1.0,1
HydraulicSystems,4,cooler_condition,SensorMeanStd Centroid,267,40050,40350,3,3,1,1.0,1
HydraulicSystems,4,cooler_condition,SensorMeanStd Centroid,271,40650,40950,3,3,1,1.0,1
HydraulicSystems,4,cooler_condition,SensorMeanStd Centroid,273,40950,41250,3,3,1,1.0,1
HydraulicSystems,4,cooler_condition,SensorMeanStd Centroid,274,41100,41400,3,3,1,1.0,1
HydraulicSystems,4,cooler_condition,SensorMeanStd Centroid,275,41250,41550,3,3,1,1.0,1
HydraulicSystems,4,cooler_condition,SensorMeanStd Centroid,276,41400,41700,3,3,1,1.0,1
HydraulicSystems,4,cooler_condition,SensorMeanStd Centroid,277,41550,41850,3,3,1,1.0,1
HydraulicSystems,4,cooler_condition,SensorMeanStd Centroid,280,42000,42300,3,3,1,1.0,1
HydraulicSystems,4,cooler_condition,SensorMeanStd Centroid,283,42450,42750,3,3,1,1.0,1
HydraulicSystems,4,cooler_condition,SensorMeanStd Centroid,284,42600,42900,3,3,1,1.0,1
HydraulicSystems,4,cooler_condition,SensorMeanStd Centroid,285,42750,43050,3,3,1,1.0,1
HydraulicSystems,4,cooler_condition,SensorMeanStd Centroid,291,43650,43950,3,3,1,0.9,1
HydraulicSystems,4,cooler_condition,SensorMeanStd Centroid,295,44250,44550,20,20,1,1.0,1
HydraulicSystems,4,cooler_condition,SensorMeanStd Centroid,296,44400,44700,20,20,1,1.0,1
HydraulicSystems,4,cooler_condition,SensorMeanStd Centroid,297,44550,44850,20,20,1,1.0,1
HydraulicSystems,4,cooler_condition,SensorMeanStd Centroid,301,45150,45450,20,20,1,1.0,1
HydraulicSystems,4,cooler_condition,SensorMeanStd Centroid,302,45300,45600,20,20,1,1.0,1
HydraulicSystems,4,cooler_condition,SensorMeanStd Centroid,303,45450,45750,20,20,1,1.0,1
HydraulicSystems,4,cooler_condition,SensorMeanStd Centroid,304,45600,45900,20,20,1,1.0,1
HydraulicSystems,4,cooler_condition,SensorMeanStd Centroid,308,46200,46500,20,20,1,1.0,0
HydraulicSystems,4,cooler_condition,SensorMeanStd Centroid,309,46350,46650,20,20,1,1.0,1
HydraulicSystems,4,cooler_condition,SensorMeanStd Centroid,310,46500,46800,20,20,1,1.0,0
HydraulicSystems,4,cooler_condition,SensorMeanStd Centroid,314,47100,47400,20,20,1,1.0,0
HydraulicSystems,4,cooler_condition,SensorMeanStd Centroid,315,47250,47550,20,20,1,1.0,1
HydraulicSystems,4,cooler_condition,SensorMeanStd Centroid,317,47550,47850,20,20,1,1.0,0
HydraulicSystems,4,cooler_condition,SensorMeanStd Centroid,319,47850,48150,20,20,1,1.0,0
HydraulicSystems,4,cooler_condition,SensorMeanStd Centroid,323,48450,48750,20,20,1,1.0,0
HydraulicSystems,4,cooler_condition,SensorMeanStd Centroid,325,48750,49050,20,20,1,1.0,0
HydraulicSystems,4,cooler_condition,SensorMeanStd Centroid,326,48900,49200,20,20,1,1.0,0
HydraulicSystems,4,cooler_condition,SensorMeanStd Centroid,329,49350,49650,20,20,1,1.0,0
HydraulicSystems,4,cooler_condition,SensorMeanStd Centroid,330,49500,49800,20,20,1,1.0,0
HydraulicSystems,4,cooler_condition,SensorMeanStd Centroid,333,49950,50250,20,20,1,1.0,0
HydraulicSystems,4,cooler_condition,SensorMeanStd Centroid,334,50100,50400,20,20,1,1.0,0
HydraulicSystems,4,cooler_condition,SensorMeanStd Centroid,336,50400,50700,20,20,1,1.0,0
HydraulicSystems,4,cooler_condition,SensorMeanStd Centroid,338,50700,51000,20,20,1,1.0,0
HydraulicSystems,4,cooler_condition,SensorMeanStd Centroid,341,51150,51450,20,20,1,1.0,0
HydraulicSystems,4,cooler_condition,SensorMeanStd Centroid,342,51300,51600,20,20,1,1.0,0
HydraulicSystems,4,cooler_condition,SensorMeanStd Centroid,343,51450,51750,20,20,1,1.0,0
HydraulicSystems,4,cooler_condition,SensorMeanStd Centroid,345,51750,52050,20,20,1,1.0,0
HydraulicSystems,4,cooler_condition,SensorMeanStd Centroid,346,51900,52200,20,20,1,1.0,1
HydraulicSystems,4,cooler_condition,SensorMeanStd Centroid,349,52350,52650,20,20,1,1.0,1
HydraulicSystems,4,cooler_condition,SensorMeanStd Centroid,351,52650,52950,20,20,1,1.0,0
HydraulicSystems,4,cooler_condition,SensorMeanStd Centroid,352,52800,53100,20,20,1,1.0,0
HydraulicSystems,4,cooler_condition,SensorMeanStd Centroid,353,52950,53250,20,20,1,1.0,0
HydraulicSystems,4,cooler_condition,SensorMeanStd Centroid,356,53400,53700,20,20,1,1.0,0
HydraulicSystems,4,cooler_condition,SensorMeanStd Centroid,357,53550,53850,20,20,1,1.0,0
HydraulicSystems,4,cooler_condition,SensorMeanStd Centroid,359,53850,54150,20,20,1,1.0,0
HydraulicSystems,4,cooler_condition,SensorMeanStd Centroid,361,54150,54450,20,20,1,1.0,0
HydraulicSystems,4,cooler_condition,SensorMeanStd Centroid,362,54300,54600,20,20,1,1.0,0
HydraulicSystems,4,cooler_condition,SensorMeanStd Centroid,363,54450,54750,20,20,1,1.0,0
HydraulicSystems,4,cooler_condition,SensorMeanStd Centroid,364,54600,54900,20,20,1,1.0,0
HydraulicSystems,4,cooler_condition,SensorMeanStd Centroid,365,54750,55050,20,20,1,1.0,0
HydraulicSystems,4,cooler_condition,SensorMeanStd Centroid,366,54900,55200,20,20,1,1.0,0
HydraulicSystems,4,cooler_condition,SensorMeanStd Centroid,368,55200,55500,20,20,1,1.0,0
HydraulicSystems,4,cooler_condition,SensorMeanStd Centroid,369,55350,55650,20,20,1,1.0,0
HydraulicSystems,4,cooler_condition,SensorMeanStd Centroid,370,55500,55800,20,20,1,1.0,0
HydraulicSystems,4,cooler_condition,SensorMeanStd Centroid,372,55800,56100,20,20,1,1.0,1
HydraulicSystems,4,cooler_condition,SensorMeanStd Centroid,373,55950,56250,20,20,1,1.0,1
HydraulicSystems,4,cooler_condition,SensorMeanStd Centroid,374,56100,56400,20,20,1,1.0,0
HydraulicSystems,4,cooler_condition,SensorMeanStd Centroid,376,56400,56700,20,20,1,1.0,0
HydraulicSystems,4,cooler_condition,SensorMeanStd Centroid,377,56550,56850,20,20,1,1.0,0
HydraulicSystems,4,cooler_condition,SensorMeanStd Centroid,378,56700,57000,20,20,1,1.0,0
HydraulicSystems,4,cooler_condition,SensorMeanStd Centroid,381,57150,57450,20,20,1,1.0,0
HydraulicSystems,4,cooler_condition,SensorMeanStd Centroid,382,57300,57600,20,20,1,1.0,0
HydraulicSystems,4,cooler_condition,SensorMeanStd Centroid,384,57600,57900,20,20,1,1.0,0
HydraulicSystems,4,cooler_condition,SensorMeanStd Centroid,386,57900,58200,20,20,1,1.0,0
HydraulicSystems,4,cooler_condition,SensorMeanStd Centroid,387,58050,58350,20,20,1,1.0,0
HydraulicSystems,4,cooler_condition,SensorMeanStd Centroid,388,58200,58500,20,20,1,1.0,0
HydraulicSystems,4,cooler_condition,SensorMeanStd Centroid,394,59100,59400,20,20,1,1.0,0
HydraulicSystems,4,cooler_condition,SensorMeanStd Centroid,395,59250,59550,20,20,1,1.0,0
HydraulicSystems,4,cooler_condition,SensorMeanStd Centroid,396,59400,59700,20,20,1,1.0,0
HydraulicSystems,4,cooler_condition,SensorMeanStd Centroid,397,59550,59850,20,20,1,1.0,1
HydraulicSystems,4,cooler_condition,SensorMeanStd Centroid,399,59850,60150,20,20,1,1.0,0
HydraulicSystems,4,cooler_condition,SensorMeanStd Centroid,402,60300,60600,20,20,1,1.0,0
HydraulicSystems,4,cooler_condition,SensorMeanStd Centroid,403,60450,60750,20,20,1,1.0,0
HydraulicSystems,4,cooler_condition,SensorMeanStd Centroid,410,61500,61800,20,20,1,1.0,0
HydraulicSystems,4,cooler_condition,SensorMeanStd Centroid,411,61650,61950,20,20,1,1.0,0
HydraulicSystems,4,cooler_condition,SensorMeanStd Centroid,412,61800,62100,20,20,1,1.0,0
HydraulicSystems,4,cooler_condition,SensorMeanStd Centroid,413,61950,62250,20,20,1,1.0,0
HydraulicSystems,4,cooler_condition,SensorMeanStd Centroid,414,62100,62400,20,20,1,1.0,0
HydraulicSystems,4,cooler_condition,SensorMeanStd Centroid,418,62700,63000,20,20,1,1.0,0
HydraulicSystems,4,cooler_condition,SensorMeanStd Centroid,420,63000,63300,20,20,1,1.0,0
HydraulicSystems,4,cooler_condition,SensorMeanStd Centroid,421,63150,63450,20,20,1,1.0,0
HydraulicSystems,4,cooler_condition,SensorMeanStd Centroid,423,63450,63750,20,20,1,1.0,0
HydraulicSystems,4,cooler_condition,SensorMeanStd Centroid,425,63750,64050,20,20,1,1.0,1
HydraulicSystems,4,cooler_condition,SensorMeanStd Centroid,428,64200,64500,20,20,1,1.0,0
HydraulicSystems,4,cooler_condition,SensorMeanStd Centroid,431,64650,64950,20,20,1,1.0,0
HydraulicSystems,4,cooler_condition,SensorMeanStd Centroid,433,64950,65250,20,20,1,1.0,0
HydraulicSystems,4,cooler_condition,SensorMeanStd Centroid,435,65250,65550,20,20,1,1.0,0
HydraulicSystems,4,cooler_condition,SensorMeanStd Centroid,438,65700,66000,20,20,1,1.0,0
HydraulicSystems,4,cooler_condition,SensorMeanStd Centroid,439,65850,66150,20,20,1,1.0,0
HydraulicSystems,4,cooler_condition,SensorMeanStd Centroid,442,66300,66600,20,20,1,1.0,0
HydraulicSystems,4,cooler_condition,SensorMeanStd Centroid,446,66900,67200,20,20,1,1.0,0
HydraulicSystems,4,cooler_condition,SensorMeanStd Centroid,448,67200,67500,20,20,1,1.0,0
HydraulicSystems,4,cooler_condition,SensorMeanStd Centroid,449,67350,67650,20,20,1,1.0,0
HydraulicSystems,4,cooler_condition,SensorMeanStd Centroid,452,67800,68100,20,20,1,1.0,1
HydraulicSystems,4,cooler_condition,SensorMeanStd Centroid,453,67950,68250,20,20,1,1.0,0
HydraulicSystems,4,cooler_condition,SensorMeanStd Centroid,454,68100,68400,20,20,1,1.0,0
HydraulicSystems,4,cooler_condition,SensorMeanStd Centroid,455,68250,68550,20,20,1,1.0,0
HydraulicSystems,4,cooler_condition,SensorMeanStd Centroid,457,68550,68850,20,20,1,1.0,0
HydraulicSystems,4,cooler_condition,SensorMeanStd Centroid,459,68850,69150,20,20,1,1.0,0
HydraulicSystems,4,cooler_condition,SensorMeanStd Centroid,461,69150,69450,20,20,1,1.0,0
HydraulicSystems,4,cooler_condition,SensorMeanStd Centroid,462,69300,69600,20,20,1,1.0,0
HydraulicSystems,4,cooler_condition,SensorMeanStd Centroid,464,69600,69900,20,20,1,1.0,0
HydraulicSystems,4,cooler_condition,SensorMeanStd Centroid,465,69750,70050,20,20,1,1.0,0
HydraulicSystems,4,cooler_condition,SensorMeanStd Centroid,467,70050,70350,20,20,1,1.0,0
HydraulicSystems,4,cooler_condition,SensorMeanStd Centroid,472,70800,71100,20,20,1,1.0,0
HydraulicSystems,4,cooler_condition,SensorMeanStd Centroid,473,70950,71250,20,20,1,1.0,0
HydraulicSystems,4,cooler_condition,SensorMeanStd Centroid,474,71100,71400,20,20,1,1.0,0
HydraulicSystems,4,cooler_condition,SensorMeanStd Centroid,481,72150,72450,20,20,1,1.0,0
HydraulicSystems,4,cooler_condition,SensorMeanStd Centroid,485,72750,73050,20,20,1,1.0,0
HydraulicSystems,4,cooler_condition,SensorMeanStd Centroid,487,73050,73350,20,20,1,1.0,0
HydraulicSystems,4,cooler_condition,SensorMeanStd Centroid,488,73200,73500,20,20,1,1.0,0
HydraulicSystems,4,cooler_condition,SensorMeanStd Centroid,490,73500,73800,20,20,1,1.0,0
HydraulicSystems,4,cooler_condition,SensorMeanStd Centroid,491,73650,73950,20,20,1,1.0,0
HydraulicSystems,4,cooler_condition,SensorMeanStd Centroid,494,74100,74400,20,20,1,1.0,0
HydraulicSystems,4,cooler_condition,SensorMeanStd Centroid,495,74250,74550,20,20,1,1.0,0
HydraulicSystems,4,cooler_condition,SensorMeanStd Centroid,499,74850,75150,20,20,1,1.0,0
HydraulicSystems,4,cooler_condition,SensorMeanStd Centroid,500,75000,75300,20,20,1,1.0,0
HydraulicSystems,4,cooler_condition,SensorMeanStd Centroid,501,75150,75450,20,20,1,1.0,0
HydraulicSystems,4,cooler_condition,SensorMeanStd Centroid,502,75300,75600,20,20,1,1.0,0
HydraulicSystems,4,cooler_condition,SensorMeanStd Centroid,504,75600,75900,20,20,1,1.0,0
HydraulicSystems,4,cooler_condition,SensorMeanStd Centroid,507,76050,76350,20,20,1,1.0,0
HydraulicSystems,4,cooler_condition,SensorMeanStd Centroid,508,76200,76500,20,20,1,1.0,0
HydraulicSystems,4,cooler_condition,SensorMeanStd Centroid,511,76650,76950,20,20,1,1.0,0
HydraulicSystems,4,cooler_condition,SensorMeanStd Centroid,515,77250,77550,20,20,1,1.0,0
HydraulicSystems,4,cooler_condition,SensorMeanStd Centroid,517,77550,77850,20,20,1,1.0,0
HydraulicSystems,4,cooler_condition,SensorMeanStd Centroid,519,77850,78150,20,20,1,1.0,0
HydraulicSystems,4,cooler_condition,SensorMeanStd Centroid,525,78750,79050,20,20,1,1.0,0
HydraulicSystems,4,cooler_condition,SensorMeanStd Centroid,526,78900,79200,20,20,1,1.0,0
HydraulicSystems,4,cooler_condition,SensorMeanStd Centroid,527,79050,79350,20,20,1,1.0,0
HydraulicSystems,4,cooler_condition,SensorMeanStd Centroid,530,79500,79800,20,20,1,1.0,0
HydraulicSystems,4,cooler_condition,SensorMeanStd Centroid,531,79650,79950,20,20,1,1.0,0
HydraulicSystems,4,cooler_condition,SensorMeanStd Centroid,533,79950,80250,20,20,1,1.0,0
HydraulicSystems,4,cooler_condition,SensorMeanStd Centroid,539,80850,81150,20,20,1,1.0,0
HydraulicSystems,4,cooler_condition,SensorMeanStd Centroid,540,81000,81300,20,20,1,1.0,0
HydraulicSystems,4,cooler_condition,SensorMeanStd Centroid,544,81600,81900,20,20,1,1.0,0
HydraulicSystems,4,cooler_condition,SensorMeanStd Centroid,545,81750,82050,20,20,1,1.0,0
HydraulicSystems,4,cooler_condition,SensorMeanStd Centroid,546,81900,82200,20,20,1,1.0,0
HydraulicSystems,4,cooler_condition,SensorMeanStd Centroid,551,82650,82950,20,20,1,1.0,0
HydraulicSystems,4,cooler_condition,SensorMeanStd Centroid,554,83100,83400,20,20,1,1.0,0
HydraulicSystems,4,cooler_condition,SensorMeanStd Centroid,560,84000,84300,20,20,1,1.0,0
HydraulicSystems,4,cooler_condition,SensorMeanStd Centroid,561,84150,84450,20,20,1,1.0,0
HydraulicSystems,4,cooler_condition,SensorMeanStd Centroid,562,84300,84600,20,20,1,1.0,0
HydraulicSystems,4,cooler_condition,SensorMeanStd Centroid,563,84450,84750,20,20,1,1.0,0
HydraulicSystems,4,cooler_condition,SensorMeanStd Centroid,566,84900,85200,20,20,1,1.0,0
HydraulicSystems,4,cooler_condition,SensorMeanStd Centroid,567,85050,85350,20,20,1,1.0,0
HydraulicSystems,4,cooler_condition,SensorMeanStd Centroid,568,85200,85500,20,20,1,1.0,1
HydraulicSystems,4,cooler_condition,SensorMeanStd Centroid,569,85350,85650,20,20,1,1.0,0
HydraulicSystems,4,cooler_condition,SensorMeanStd Centroid,570,85500,85800,20,20,1,1.0,1
HydraulicSystems,4,cooler_condition,SensorMeanStd Centroid,571,85650,85950,20,20,1,1.0,0
HydraulicSystems,4,cooler_condition,SensorMeanStd Centroid,572,85800,86100,20,20,1,1.0,0
HydraulicSystems,4,cooler_condition,SensorMeanStd Centroid,573,85950,86250,20,20,1,1.0,0
HydraulicSystems,4,cooler_condition,SensorMeanStd Centroid,575,86250,86550,20,20,1,1.0,0
HydraulicSystems,4,cooler_condition,SensorMeanStd Centroid,580,87000,87300,20,20,1,1.0,0
HydraulicSystems,4,cooler_condition,SensorMeanStd Centroid,581,87150,87450,20,20,1,1.0,0
HydraulicSystems,4,cooler_condition,SensorMeanStd Centroid,583,87450,87750,20,20,1,1.0,0
HydraulicSystems,4,cooler_condition,SensorMeanStd Centroid,584,87600,87900,20,20,1,0.8,1
HydraulicSystems,4,cooler_condition,SensorMeanStd Centroid,588,88200,88500,100,100,1,1.0,1
HydraulicSystems,4,cooler_condition,SensorMeanStd Centroid,590,88500,88800,100,100,1,1.0,0
HydraulicSystems,4,cooler_condition,SensorMeanStd Centroid,591,88650,88950,100,100,1,1.0,1
HydraulicSystems,4,cooler_condition,SensorMeanStd Centroid,592,88800,89100,100,100,1,1.0,0
HydraulicSystems,4,cooler_condition,SensorMeanStd Centroid,593,88950,89250,100,100,1,1.0,0
HydraulicSystems,4,cooler_condition,SensorMeanStd Centroid,596,89400,89700,100,100,1,1.0,0
HydraulicSystems,4,cooler_condition,SensorMeanStd Centroid,597,89550,89850,100,100,1,1.0,0
HydraulicSystems,4,cooler_condition,SensorMeanStd Centroid,598,89700,90000,100,100,1,1.0,0
HydraulicSystems,4,cooler_condition,SensorMeanStd Centroid,600,90000,90300,100,100,1,1.0,0
HydraulicSystems,4,cooler_condition,SensorMeanStd Centroid,601,90150,90450,100,100,1,1.0,0
HydraulicSystems,4,cooler_condition,SensorMeanStd Centroid,606,90900,91200,100,100,1,1.0,0
HydraulicSystems,4,cooler_condition,SensorMeanStd Centroid,608,91200,91500,100,100,1,1.0,0
HydraulicSystems,4,cooler_condition,SensorMeanStd Centroid,609,91350,91650,100,100,1,1.0,0
HydraulicSystems,4,cooler_condition,SensorMeanStd Centroid,610,91500,91800,100,100,1,1.0,0
HydraulicSystems,4,cooler_condition,SensorMeanStd Centroid,612,91800,92100,100,100,1,1.0,0
HydraulicSystems,4,cooler_condition,SensorMeanStd Centroid,613,91950,92250,100,100,1,1.0,0
HydraulicSystems,4,cooler_condition,SensorMeanStd Centroid,616,92400,92700,100,100,1,1.0,0
HydraulicSystems,4,cooler_condition,SensorMeanStd Centroid,617,92550,92850,100,100,1,1.0,0
HydraulicSystems,4,cooler_condition,SensorMeanStd Centroid,619,92850,93150,100,100,1,1.0,0
HydraulicSystems,4,cooler_condition,SensorMeanStd Centroid,620,93000,93300,100,100,1,1.0,0
HydraulicSystems,4,cooler_condition,SensorMeanStd Centroid,621,93150,93450,100,100,1,1.0,0
HydraulicSystems,4,cooler_condition,SensorMeanStd Centroid,622,93300,93600,100,100,1,1.0,0
HydraulicSystems,4,cooler_condition,SensorMeanStd Centroid,626,93900,94200,100,100,1,1.0,0
HydraulicSystems,4,cooler_condition,SensorMeanStd Centroid,627,94050,94350,100,100,1,1.0,0
HydraulicSystems,4,cooler_condition,SensorMeanStd Centroid,629,94350,94650,100,100,1,1.0,0
HydraulicSystems,4,cooler_condition,SensorMeanStd Centroid,630,94500,94800,100,100,1,1.0,0
HydraulicSystems,4,cooler_condition,SensorMeanStd Centroid,631,94650,94950,100,100,1,1.0,0
HydraulicSystems,4,cooler_condition,SensorMeanStd Centroid,636,95400,95700,100,100,1,1.0,0
HydraulicSystems,4,cooler_condition,SensorMeanStd Centroid,637,95550,95850,100,100,1,1.0,0
HydraulicSystems,4,cooler_condition,SensorMeanStd Centroid,642,96300,96600,100,100,1,1.0,0
HydraulicSystems,4,cooler_condition,SensorMeanStd Centroid,648,97200,97500,100,100,1,1.0,0
HydraulicSystems,4,cooler_condition,SensorMeanStd Centroid,649,97350,97650,100,100,1,1.0,0
HydraulicSystems,4,cooler_condition,SensorMeanStd Centroid,650,97500,97800,100,100,1,1.0,0
HydraulicSystems,4,cooler_condition,SensorMeanStd Centroid,651,97650,97950,100,100,1,1.0,0
HydraulicSystems,4,cooler_condition,SensorMeanStd Centroid,652,97800,98100,100,100,1,1.0,0
HydraulicSystems,4,cooler_condition,SensorMeanStd Centroid,657,98550,98850,100,100,1,1.0,0
HydraulicSystems,4,cooler_condition,SensorMeanStd Centroid,661,99150,99450,100,100,1,1.0,0
HydraulicSystems,4,cooler_condition,SensorMeanStd Centroid,662,99300,99600,100,100,1,1.0,0
HydraulicSystems,4,cooler_condition,SensorMeanStd Centroid,663,99450,99750,100,100,1,1.0,0
HydraulicSystems,4,cooler_condition,SensorMeanStd Centroid,664,99600,99900,100,100,1,1.0,0
HydraulicSystems,4,cooler_condition,SensorMeanStd Centroid,665,99750,100050,100,100,1,1.0,0
HydraulicSystems,4,cooler_condition,SensorMeanStd Centroid,667,100050,100350,100,100,1,1.0,0
HydraulicSystems,4,cooler_condition,SensorMeanStd Centroid,669,100350,100650,100,100,1,1.0,0
HydraulicSystems,4,cooler_condition,SensorMeanStd Centroid,670,100500,100800,100,100,1,1.0,0
HydraulicSystems,4,cooler_condition,SensorMeanStd Centroid,674,101100,101400,100,100,1,1.0,0
HydraulicSystems,4,cooler_condition,SensorMeanStd Centroid,676,101400,101700,100,100,1,1.0,0
HydraulicSystems,4,cooler_condition,SensorMeanStd Centroid,678,101700,102000,100,100,1,1.0,0
HydraulicSystems,4,cooler_condition,SensorMeanStd Centroid,679,101850,102150,100,100,1,1.0,0
HydraulicSystems,4,cooler_condition,SensorMeanStd Centroid,683,102450,102750,100,100,1,1.0,0
HydraulicSystems,4,cooler_condition,SensorMeanStd Centroid,684,102600,102900,100,100,1,1.0,0
HydraulicSystems,4,cooler_condition,SensorMeanStd Centroid,688,103200,103500,100,100,1,1.0,0
HydraulicSystems,4,cooler_condition,SensorMeanStd Centroid,691,103650,103950,100,100,1,1.0,0
HydraulicSystems,4,cooler_condition,SensorMeanStd Centroid,692,103800,104100,100,100,1,1.0,0
HydraulicSystems,4,cooler_condition,SensorMeanStd Centroid,694,104100,104400,100,100,1,1.0,0
HydraulicSystems,4,cooler_condition,SensorMeanStd Centroid,695,104250,104550,100,100,1,1.0,0
HydraulicSystems,4,cooler_condition,SensorMeanStd Centroid,698,104700,105000,100,100,1,1.0,0
HydraulicSystems,4,cooler_condition,SensorMeanStd Centroid,699,104850,105150,100,100,1,1.0,0
HydraulicSystems,4,cooler_condition,SensorMeanStd Centroid,703,105450,105750,100,100,1,1.0,0
HydraulicSystems,4,cooler_condition,SensorMeanStd Centroid,707,106050,106350,100,100,1,1.0,0
HydraulicSystems,4,cooler_condition,SensorMeanStd Centroid,710,106500,106800,100,100,1,1.0,0
HydraulicSystems,4,cooler_condition,SensorMeanStd Centroid,711,106650,106950,100,100,1,1.0,0
HydraulicSystems,4,cooler_condition,SensorMeanStd Centroid,712,106800,107100,100,100,1,1.0,0
HydraulicSystems,4,cooler_condition,SensorMeanStd Centroid,713,106950,107250,100,100,1,1.0,0
HydraulicSystems,4,cooler_condition,SensorMeanStd Centroid,715,107250,107550,100,100,1,1.0,0
HydraulicSystems,4,cooler_condition,SensorMeanStd Centroid,716,107400,107700,100,100,1,1.0,0
HydraulicSystems,4,cooler_condition,SensorMeanStd Centroid,719,107850,108150,100,100,1,1.0,0
HydraulicSystems,4,cooler_condition,SensorMeanStd Centroid,720,108000,108300,100,100,1,1.0,0
HydraulicSystems,4,cooler_condition,SensorMeanStd Centroid,722,108300,108600,100,100,1,1.0,0
HydraulicSystems,4,cooler_condition,SensorMeanStd Centroid,723,108450,108750,100,100,1,1.0,0
HydraulicSystems,4,cooler_condition,SensorMeanStd Centroid,727,109050,109350,100,100,1,1.0,0
HydraulicSystems,4,cooler_condition,SensorMeanStd Centroid,733,109950,110250,100,100,1,1.0,0
HydraulicSystems,4,cooler_condition,SensorMeanStd Centroid,734,110100,110400,100,100,1,1.0,0
HydraulicSystems,4,cooler_condition,SensorMeanStd Centroid,737,110550,110850,100,100,1,1.0,0
HydraulicSystems,4,cooler_condition,SensorMeanStd Centroid,739,110850,111150,100,100,1,1.0,0
HydraulicSystems,4,cooler_condition,SensorMeanStd Centroid,741,111150,111450,100,100,1,1.0,0
HydraulicSystems,4,cooler_condition,SensorMeanStd Centroid,746,111900,112200,100,100,1,1.0,0
HydraulicSystems,4,cooler_condition,SensorMeanStd Centroid,748,112200,112500,100,100,1,1.0,0
HydraulicSystems,4,cooler_condition,SensorMeanStd Centroid,750,112500,112800,100,100,1,1.0,0
HydraulicSystems,4,cooler_condition,SensorMeanStd Centroid,753,112950,113250,100,100,1,1.0,0
HydraulicSystems,4,cooler_condition,SensorMeanStd Centroid,755,113250,113550,100,100,1,1.0,0
HydraulicSystems,4,cooler_condition,SensorMeanStd Centroid,757,113550,113850,100,100,1,1.0,0
HydraulicSystems,4,cooler_condition,SensorMeanStd Centroid,758,113700,114000,100,100,1,1.0,0
HydraulicSystems,4,cooler_condition,SensorMeanStd Centroid,759,113850,114150,100,100,1,1.0,0
HydraulicSystems,4,cooler_condition,SensorMeanStd Centroid,760,114000,114300,100,100,1,1.0,0
HydraulicSystems,4,cooler_condition,SensorMeanStd Centroid,761,114150,114450,100,100,1,1.0,0
HydraulicSystems,4,cooler_condition,SensorMeanStd Centroid,762,114300,114600,100,100,1,1.0,0
HydraulicSystems,4,cooler_condition,SensorMeanStd Centroid,763,114450,114750,100,100,1,1.0,0
HydraulicSystems,4,cooler_condition,SensorMeanStd Centroid,764,114600,114900,100,100,1,1.0,0
HydraulicSystems,4,cooler_condition,SensorMeanStd Centroid,767,115050,115350,100,100,1,1.0,0
HydraulicSystems,4,cooler_condition,SensorMeanStd Centroid,769,115350,115650,100,100,1,1.0,0
HydraulicSystems,4,cooler_condition,SensorMeanStd Centroid,772,115800,116100,100,100,1,1.0,0
HydraulicSystems,4,cooler_condition,SensorMeanStd Centroid,775,116250,116550,100,100,1,1.0,0
HydraulicSystems,4,cooler_condition,SensorMeanStd Centroid,777,116550,116850,100,100,1,1.0,0
HydraulicSystems,4,cooler_condition,SensorMeanStd Centroid,781,117150,117450,100,100,1,1.0,0
HydraulicSystems,4,cooler_condition,SensorMeanStd Centroid,783,117450,117750,100,100,1,1.0,0
HydraulicSystems,4,cooler_condition,SensorMeanStd Centroid,785,117750,118050,100,100,1,1.0,0
HydraulicSystems,4,cooler_condition,SensorMeanStd Centroid,786,117900,118200,100,100,1,1.0,0
HydraulicSystems,4,cooler_condition,SensorMeanStd Centroid,788,118200,118500,100,100,1,1.0,0
HydraulicSystems,4,cooler_condition,SensorMeanStd Centroid,792,118800,119100,100,100,1,1.0,0
HydraulicSystems,4,cooler_condition,SensorMeanStd Centroid,793,118950,119250,100,100,1,1.0,0
HydraulicSystems,4,cooler_condition,SensorMeanStd Centroid,794,119100,119400,100,100,1,1.0,0
HydraulicSystems,4,cooler_condition,SensorMeanStd Centroid,795,119250,119550,100,100,1,1.0,0
HydraulicSystems,4,cooler_condition,SensorMeanStd Centroid,797,119550,119850,100,100,1,1.0,0
HydraulicSystems,4,cooler_condition,SensorMeanStd Centroid,801,120150,120450,100,100,1,1.0,0
HydraulicSystems,4,cooler_condition,SensorMeanStd Centroid,803,120450,120750,100,100,1,1.0,0
HydraulicSystems,4,cooler_condition,SensorMeanStd Centroid,808,121200,121500,100,100,1,1.0,0
HydraulicSystems,4,cooler_condition,SensorMeanStd Centroid,810,121500,121800,100,100,1,1.0,0
HydraulicSystems,4,cooler_condition,SensorMeanStd Centroid,812,121800,122100,100,100,1,1.0,0
HydraulicSystems,4,cooler_condition,SensorMeanStd Centroid,815,122250,122550,100,100,1,1.0,0
HydraulicSystems,4,cooler_condition,SensorMeanStd Centroid,817,122550,122850,100,100,1,1.0,0
HydraulicSystems,4,cooler_condition,SensorMeanStd Centroid,820,123000,123300,100,100,1,1.0,0
HydraulicSystems,4,cooler_condition,SensorMeanStd Centroid,821,123150,123450,100,100,1,1.0,0
HydraulicSystems,4,cooler_condition,SensorMeanStd Centroid,822,123300,123600,100,100,1,1.0,0
HydraulicSystems,4,cooler_condition,SensorMeanStd Centroid,823,123450,123750,100,100,1,1.0,0
HydraulicSystems,4,cooler_condition,SensorMeanStd Centroid,824,123600,123900,100,100,1,1.0,0
HydraulicSystems,4,cooler_condition,SensorMeanStd Centroid,826,123900,124200,100,100,1,1.0,0
HydraulicSystems,4,cooler_condition,SensorMeanStd Centroid,828,124200,124500,100,100,1,1.0,0
HydraulicSystems,4,cooler_condition,SensorMeanStd Centroid,829,124350,124650,100,100,1,1.0,0
HydraulicSystems,4,cooler_condition,SensorMeanStd Centroid,830,124500,124800,100,100,1,1.0,0
HydraulicSystems,4,cooler_condition,SensorMeanStd Centroid,832,124800,125100,100,100,1,1.0,0
HydraulicSystems,4,cooler_condition,SensorMeanStd Centroid,834,125100,125400,100,100,1,1.0,0
HydraulicSystems,4,cooler_condition,SensorMeanStd Centroid,836,125400,125700,100,100,1,1.0,0
HydraulicSystems,4,cooler_condition,SensorMeanStd Centroid,838,125700,126000,100,100,1,1.0,0
HydraulicSystems,4,cooler_condition,SensorMeanStd Centroid,842,126300,126600,100,100,1,1.0,0
HydraulicSystems,4,cooler_condition,SensorMeanStd Centroid,843,126450,126750,100,100,1,1.0,0
HydraulicSystems,4,cooler_condition,SensorMeanStd Centroid,844,126600,126900,100,100,1,1.0,0
HydraulicSystems,4,cooler_condition,SensorMeanStd Centroid,845,126750,127050,100,100,1,1.0,0
HydraulicSystems,4,cooler_condition,SensorMeanStd Centroid,848,127200,127500,100,100,1,1.0,0
HydraulicSystems,4,cooler_condition,SensorMeanStd Centroid,849,127350,127650,100,100,1,1.0,0
HydraulicSystems,4,cooler_condition,SensorMeanStd Centroid,851,127650,127950,100,100,1,1.0,0
HydraulicSystems,4,cooler_condition,SensorMeanStd Centroid,852,127800,128100,100,100,1,1.0,0
HydraulicSystems,4,cooler_condition,SensorMeanStd Centroid,853,127950,128250,100,100,1,1.0,0
HydraulicSystems,4,cooler_condition,SensorMeanStd Centroid,858,128700,129000,100,100,1,1.0,0
HydraulicSystems,4,cooler_condition,SensorMeanStd Centroid,859,128850,129150,100,100,1,1.0,0
HydraulicSystems,4,cooler_condition,SensorMeanStd Centroid,860,129000,129300,100,100,1,1.0,0
HydraulicSystems,4,cooler_condition,SensorMeanStd Centroid,861,129150,129450,100,100,1,1.0,0
HydraulicSystems,4,cooler_condition,SensorMeanStd Centroid,863,129450,129750,100,100,1,1.0,0
HydraulicSystems,4,cooler_condition,SensorMeanStd Centroid,864,129600,129900,100,100,1,1.0,0
HydraulicSystems,4,cooler_condition,SensorMeanStd Centroid,865,129750,130050,100,100,1,1.0,0
HydraulicSystems,4,cooler_condition,SensorMeanStd Centroid,867,130050,130350,100,100,1,1.0,0
HydraulicSystems,4,cooler_condition,SensorMeanStd Centroid,872,130800,131100,100,100,1,1.0,0
HydraulicSystems,4,cooler_condition,SensorMeanStd Centroid,873,130950,131250,100,100,1,1.0,0
HydraulicSystems,4,cooler_condition,SensorMeanStd Centroid,874,131100,131400,100,100,1,1.0,0
HydraulicSystems,4,cooler_condition,SensorMeanStd Centroid,875,131250,131550,100,100,1,1.0,0
HydraulicSystems,4,cooler_condition,SensorMeanStd Centroid,877,131550,131850,100,100,1,1.0,0
HydraulicSystems,4,cooler_condition,SensorMeanStd Centroid,878,131700,132000,100,100,1,1.0,0
HydraulicSystems,4,cooler_condition,SensorMeanStd Centroid,879,131850,132150,100,100,1,1.0,0
HydraulicSystems,4,cooler_condition,SensorMeanStd Centroid,880,132000,132300,100,100,1,1.0,0
HydraulicSystems,4,cooler_condition,GraphFeature Centroid,2,300,600,3,3,1,1.0,1
HydraulicSystems,4,cooler_condition,GraphFeature Centroid,3,450,750,3,3,1,1.0,1
HydraulicSystems,4,cooler_condition,GraphFeature Centroid,4,600,900,3,3,1,1.0,1
HydraulicSystems,4,cooler_condition,GraphFeature Centroid,5,750,1050,3,20,0,1.0,1
HydraulicSystems,4,cooler_condition,GraphFeature Centroid,8,1200,1500,3,3,1,1.0,1
HydraulicSystems,4,cooler_condition,GraphFeature Centroid,9,1350,1650,3,3,1,1.0,1
HydraulicSystems,4,cooler_condition,GraphFeature Centroid,10,1500,1800,3,3,1,1.0,1
HydraulicSystems,4,cooler_condition,GraphFeature Centroid,11,1650,1950,3,3,1,1.0,1
HydraulicSystems,4,cooler_condition,GraphFeature Centroid,12,1800,2100,3,3,1,1.0,1
HydraulicSystems,4,cooler_condition,GraphFeature Centroid,16,2400,2700,3,3,1,1.0,1
HydraulicSystems,4,cooler_condition,GraphFeature Centroid,17,2550,2850,3,3,1,1.0,1
HydraulicSystems,4,cooler_condition,GraphFeature Centroid,18,2700,3000,3,3,1,1.0,1
HydraulicSystems,4,cooler_condition,GraphFeature Centroid,20,3000,3300,3,3,1,1.0,1
HydraulicSystems,4,cooler_condition,GraphFeature Centroid,25,3750,4050,3,3,1,1.0,1
HydraulicSystems,4,cooler_condition,GraphFeature Centroid,28,4200,4500,3,3,1,1.0,1
HydraulicSystems,4,cooler_condition,GraphFeature Centroid,29,4350,4650,3,3,1,1.0,1
HydraulicSystems,4,cooler_condition,GraphFeature Centroid,30,4500,4800,3,3,1,1.0,1
HydraulicSystems,4,cooler_condition,GraphFeature Centroid,32,4800,5100,3,3,1,1.0,1
HydraulicSystems,4,cooler_condition,GraphFeature Centroid,33,4950,5250,3,3,1,1.0,1
HydraulicSystems,4,cooler_condition,GraphFeature Centroid,34,5100,5400,3,3,1,1.0,1
HydraulicSystems,4,cooler_condition,GraphFeature Centroid,35,5250,5550,3,3,1,1.0,1
HydraulicSystems,4,cooler_condition,GraphFeature Centroid,37,5550,5850,3,3,1,1.0,1
HydraulicSystems,4,cooler_condition,GraphFeature Centroid,41,6150,6450,3,3,1,1.0,1
HydraulicSystems,4,cooler_condition,GraphFeature Centroid,42,6300,6600,3,3,1,1.0,1
HydraulicSystems,4,cooler_condition,GraphFeature Centroid,43,6450,6750,3,3,1,1.0,1
HydraulicSystems,4,cooler_condition,GraphFeature Centroid,46,6900,7200,3,3,1,1.0,1
HydraulicSystems,4,cooler_condition,GraphFeature Centroid,48,7200,7500,3,3,1,1.0,1
HydraulicSystems,4,cooler_condition,GraphFeature Centroid,50,7500,7800,3,3,1,1.0,1
HydraulicSystems,4,cooler_condition,GraphFeature Centroid,53,7950,8250,3,3,1,1.0,1
HydraulicSystems,4,cooler_condition,GraphFeature Centroid,54,8100,8400,3,3,1,1.0,1
HydraulicSystems,4,cooler_condition,GraphFeature Centroid,55,8250,8550,3,20,0,1.0,0
HydraulicSystems,4,cooler_condition,GraphFeature Centroid,56,8400,8700,3,20,0,1.0,0
HydraulicSystems,4,cooler_condition,GraphFeature Centroid,58,8700,9000,3,3,1,1.0,1
HydraulicSystems,4,cooler_condition,GraphFeature Centroid,59,8850,9150,3,20,0,1.0,1
HydraulicSystems,4,cooler_condition,GraphFeature Centroid,62,9300,9600,3,3,1,1.0,1
HydraulicSystems,4,cooler_condition,GraphFeature Centroid,63,9450,9750,3,3,1,1.0,1
HydraulicSystems,4,cooler_condition,GraphFeature Centroid,64,9600,9900,3,3,1,1.0,1
HydraulicSystems,4,cooler_condition,GraphFeature Centroid,65,9750,10050,3,3,1,1.0,1
HydraulicSystems,4,cooler_condition,GraphFeature Centroid,66,9900,10200,3,3,1,1.0,1
HydraulicSystems,4,cooler_condition,GraphFeature Centroid,67,10050,10350,3,3,1,1.0,1
HydraulicSystems,4,cooler_condition,GraphFeature Centroid,68,10200,10500,3,3,1,1.0,1
HydraulicSystems,4,cooler_condition,GraphFeature Centroid,70,10500,10800,3,3,1,1.0,1
HydraulicSystems,4,cooler_condition,GraphFeature Centroid,73,10950,11250,3,3,1,1.0,1
HydraulicSystems,4,cooler_condition,GraphFeature Centroid,74,11100,11400,3,3,1,1.0,1
HydraulicSystems,4,cooler_condition,GraphFeature Centroid,75,11250,11550,3,3,1,1.0,1
HydraulicSystems,4,cooler_condition,GraphFeature Centroid,77,11550,11850,3,3,1,1.0,1
HydraulicSystems,4,cooler_condition,GraphFeature Centroid,78,11700,12000,3,3,1,1.0,1
HydraulicSystems,4,cooler_condition,GraphFeature Centroid,79,11850,12150,3,3,1,1.0,1
HydraulicSystems,4,cooler_condition,GraphFeature Centroid,80,12000,12300,3,3,1,1.0,1
HydraulicSystems,4,cooler_condition,GraphFeature Centroid,83,12450,12750,3,3,1,1.0,1
HydraulicSystems,4,cooler_condition,GraphFeature Centroid,84,12600,12900,3,3,1,1.0,1
HydraulicSystems,4,cooler_condition,GraphFeature Centroid,85,12750,13050,3,3,1,1.0,1
HydraulicSystems,4,cooler_condition,GraphFeature Centroid,86,12900,13200,3,3,1,1.0,1
HydraulicSystems,4,cooler_condition,GraphFeature Centroid,87,13050,13350,3,3,1,1.0,1
HydraulicSystems,4,cooler_condition,GraphFeature Centroid,89,13350,13650,3,3,1,1.0,1
HydraulicSystems,4,cooler_condition,GraphFeature Centroid,93,13950,14250,3,3,1,1.0,1
HydraulicSystems,4,cooler_condition,GraphFeature Centroid,94,14100,14400,3,3,1,1.0,1
HydraulicSystems,4,cooler_condition,GraphFeature Centroid,96,14400,14700,3,3,1,1.0,1
HydraulicSystems,4,cooler_condition,GraphFeature Centroid,98,14700,15000,3,3,1,1.0,1
HydraulicSystems,4,cooler_condition,GraphFeature Centroid,99,14850,15150,3,3,1,1.0,1
HydraulicSystems,4,cooler_condition,GraphFeature Centroid,101,15150,15450,3,3,1,1.0,1
HydraulicSystems,4,cooler_condition,GraphFeature Centroid,102,15300,15600,3,20,0,1.0,1
HydraulicSystems,4,cooler_condition,GraphFeature Centroid,104,15600,15900,3,3,1,1.0,1
HydraulicSystems,4,cooler_condition,GraphFeature Centroid,105,15750,16050,3,3,1,1.0,1
HydraulicSystems,4,cooler_condition,GraphFeature Centroid,109,16350,16650,3,3,1,1.0,1
HydraulicSystems,4,cooler_condition,GraphFeature Centroid,112,16800,17100,3,3,1,1.0,1
HydraulicSystems,4,cooler_condition,GraphFeature Centroid,114,17100,17400,3,20,0,1.0,1
HydraulicSystems,4,cooler_condition,GraphFeature Centroid,115,17250,17550,3,3,1,1.0,1
HydraulicSystems,4,cooler_condition,GraphFeature Centroid,118,17700,18000,3,3,1,1.0,1
HydraulicSystems,4,cooler_condition,GraphFeature Centroid,120,18000,18300,3,3,1,1.0,1
HydraulicSystems,4,cooler_condition,GraphFeature Centroid,123,18450,18750,3,3,1,1.0,1
HydraulicSystems,4,cooler_condition,GraphFeature Centroid,124,18600,18900,3,3,1,1.0,1
HydraulicSystems,4,cooler_condition,GraphFeature Centroid,127,19050,19350,3,3,1,1.0,1
HydraulicSystems,4,cooler_condition,GraphFeature Centroid,128,19200,19500,3,3,1,1.0,1
HydraulicSystems,4,cooler_condition,GraphFeature Centroid,132,19800,20100,3,3,1,1.0,1
HydraulicSystems,4,cooler_condition,GraphFeature Centroid,134,20100,20400,3,3,1,1.0,1
HydraulicSystems,4,cooler_condition,GraphFeature Centroid,136,20400,20700,3,3,1,1.0,1
HydraulicSystems,4,cooler_condition,GraphFeature Centroid,138,20700,21000,3,3,1,1.0,1
HydraulicSystems,4,cooler_condition,GraphFeature Centroid,141,21150,21450,3,3,1,1.0,1
HydraulicSystems,4,cooler_condition,GraphFeature Centroid,143,21450,21750,3,3,1,1.0,1
HydraulicSystems,4,cooler_condition,GraphFeature Centroid,144,21600,21900,3,3,1,1.0,1
HydraulicSystems,4,cooler_condition,GraphFeature Centroid,147,22050,22350,3,3,1,1.0,1
HydraulicSystems,4,cooler_condition,GraphFeature Centroid,148,22200,22500,3,3,1,1.0,1
HydraulicSystems,4,cooler_condition,GraphFeature Centroid,149,22350,22650,3,3,1,1.0,1
HydraulicSystems,4,cooler_condition,GraphFeature Centroid,152,22800,23100,3,3,1,1.0,1
HydraulicSystems,4,cooler_condition,GraphFeature Centroid,155,23250,23550,3,3,1,1.0,1
HydraulicSystems,4,cooler_condition,GraphFeature Centroid,158,23700,24000,3,3,1,1.0,1
HydraulicSystems,4,cooler_condition,GraphFeature Centroid,162,24300,24600,3,3,1,1.0,1
HydraulicSystems,4,cooler_condition,GraphFeature Centroid,163,24450,24750,3,3,1,1.0,1
HydraulicSystems,4,cooler_condition,GraphFeature Centroid,166,24900,25200,3,3,1,1.0,1
HydraulicSystems,4,cooler_condition,GraphFeature Centroid,171,25650,25950,3,3,1,1.0,1
HydraulicSystems,4,cooler_condition,GraphFeature Centroid,177,26550,26850,3,3,1,1.0,1
HydraulicSystems,4,cooler_condition,GraphFeature Centroid,179,26850,27150,3,3,1,1.0,1
HydraulicSystems,4,cooler_condition,GraphFeature Centroid,180,27000,27300,3,3,1,1.0,1
HydraulicSystems,4,cooler_condition,GraphFeature Centroid,189,28350,28650,3,3,1,1.0,1
HydraulicSystems,4,cooler_condition,GraphFeature Centroid,190,28500,28800,3,3,1,1.0,1
HydraulicSystems,4,cooler_condition,GraphFeature Centroid,191,28650,28950,3,3,1,1.0,1
HydraulicSystems,4,cooler_condition,GraphFeature Centroid,193,28950,29250,3,3,1,1.0,1
HydraulicSystems,4,cooler_condition,GraphFeature Centroid,194,29100,29400,3,3,1,1.0,1
HydraulicSystems,4,cooler_condition,GraphFeature Centroid,197,29550,29850,3,3,1,1.0,1
HydraulicSystems,4,cooler_condition,GraphFeature Centroid,201,30150,30450,3,3,1,1.0,1
HydraulicSystems,4,cooler_condition,GraphFeature Centroid,202,30300,30600,3,3,1,1.0,1
HydraulicSystems,4,cooler_condition,GraphFeature Centroid,208,31200,31500,3,3,1,1.0,1
HydraulicSystems,4,cooler_condition,GraphFeature Centroid,209,31350,31650,3,3,1,1.0,1
HydraulicSystems,4,cooler_condition,GraphFeature Centroid,210,31500,31800,3,3,1,1.0,1
HydraulicSystems,4,cooler_condition,GraphFeature Centroid,212,31800,32100,3,3,1,1.0,1
HydraulicSystems,4,cooler_condition,GraphFeature Centroid,213,31950,32250,3,3,1,1.0,1
HydraulicSystems,4,cooler_condition,GraphFeature Centroid,215,32250,32550,3,3,1,1.0,1
HydraulicSystems,4,cooler_condition,GraphFeature Centroid,216,32400,32700,3,3,1,1.0,1
HydraulicSystems,4,cooler_condition,GraphFeature Centroid,219,32850,33150,3,3,1,1.0,1
HydraulicSystems,4,cooler_condition,GraphFeature Centroid,220,33000,33300,3,3,1,1.0,1
HydraulicSystems,4,cooler_condition,GraphFeature Centroid,221,33150,33450,3,3,1,1.0,1
HydraulicSystems,4,cooler_condition,GraphFeature Centroid,222,33300,33600,3,3,1,1.0,1
HydraulicSystems,4,cooler_condition,GraphFeature Centroid,224,33600,33900,3,3,1,1.0,1
HydraulicSystems,4,cooler_condition,GraphFeature Centroid,227,34050,34350,3,3,1,1.0,1
HydraulicSystems,4,cooler_condition,GraphFeature Centroid,228,34200,34500,3,3,1,1.0,1
HydraulicSystems,4,cooler_condition,GraphFeature Centroid,230,34500,34800,3,3,1,1.0,1
HydraulicSystems,4,cooler_condition,GraphFeature Centroid,231,34650,34950,3,3,1,1.0,1
HydraulicSystems,4,cooler_condition,GraphFeature Centroid,232,34800,35100,3,3,1,1.0,1
HydraulicSystems,4,cooler_condition,GraphFeature Centroid,235,35250,35550,3,3,1,1.0,1
HydraulicSystems,4,cooler_condition,GraphFeature Centroid,237,35550,35850,3,3,1,1.0,1
HydraulicSystems,4,cooler_condition,GraphFeature Centroid,240,36000,36300,3,3,1,1.0,1
HydraulicSystems,4,cooler_condition,GraphFeature Centroid,241,36150,36450,3,3,1,1.0,1
HydraulicSystems,4,cooler_condition,GraphFeature Centroid,244,36600,36900,3,3,1,1.0,1
HydraulicSystems,4,cooler_condition,GraphFeature Centroid,248,37200,37500,3,3,1,1.0,1
HydraulicSystems,4,cooler_condition,GraphFeature Centroid,252,37800,38100,3,3,1,1.0,1
HydraulicSystems,4,cooler_condition,GraphFeature Centroid,253,37950,38250,3,3,1,1.0,1
HydraulicSystems,4,cooler_condition,GraphFeature Centroid,255,38250,38550,3,3,1,1.0,1
HydraulicSystems,4,cooler_condition,GraphFeature Centroid,256,38400,38700,3,3,1,1.0,1
HydraulicSystems,4,cooler_condition,GraphFeature Centroid,257,38550,38850,3,3,1,1.0,1
HydraulicSystems,4,cooler_condition,GraphFeature Centroid,260,39000,39300,3,3,1,1.0,1
HydraulicSystems,4,cooler_condition,GraphFeature Centroid,264,39600,39900,3,3,1,1.0,1
HydraulicSystems,4,cooler_condition,GraphFeature Centroid,265,39750,40050,3,3,1,1.0,1
HydraulicSystems,4,cooler_condition,GraphFeature Centroid,266,39900,40200,3,3,1,1.0,1
HydraulicSystems,4,cooler_condition,GraphFeature Centroid,267,40050,40350,3,3,1,1.0,1
HydraulicSystems,4,cooler_condition,GraphFeature Centroid,271,40650,40950,3,3,1,1.0,1
HydraulicSystems,4,cooler_condition,GraphFeature Centroid,273,40950,41250,3,3,1,1.0,1
HydraulicSystems,4,cooler_condition,GraphFeature Centroid,274,41100,41400,3,3,1,1.0,1
HydraulicSystems,4,cooler_condition,GraphFeature Centroid,275,41250,41550,3,3,1,1.0,1
HydraulicSystems,4,cooler_condition,GraphFeature Centroid,276,41400,41700,3,3,1,1.0,1
HydraulicSystems,4,cooler_condition,GraphFeature Centroid,277,41550,41850,3,3,1,1.0,1
HydraulicSystems,4,cooler_condition,GraphFeature Centroid,280,42000,42300,3,3,1,1.0,1
HydraulicSystems,4,cooler_condition,GraphFeature Centroid,283,42450,42750,3,3,1,1.0,1
HydraulicSystems,4,cooler_condition,GraphFeature Centroid,284,42600,42900,3,3,1,1.0,1
HydraulicSystems,4,cooler_condition,GraphFeature Centroid,285,42750,43050,3,3,1,1.0,1
HydraulicSystems,4,cooler_condition,GraphFeature Centroid,291,43650,43950,3,3,1,0.9,1
HydraulicSystems,4,cooler_condition,GraphFeature Centroid,295,44250,44550,20,3,0,1.0,1
HydraulicSystems,4,cooler_condition,GraphFeature Centroid,296,44400,44700,20,3,0,1.0,1
HydraulicSystems,4,cooler_condition,GraphFeature Centroid,297,44550,44850,20,3,0,1.0,1
HydraulicSystems,4,cooler_condition,GraphFeature Centroid,301,45150,45450,20,20,1,1.0,1
HydraulicSystems,4,cooler_condition,GraphFeature Centroid,302,45300,45600,20,20,1,1.0,1
HydraulicSystems,4,cooler_condition,GraphFeature Centroid,303,45450,45750,20,20,1,1.0,1
HydraulicSystems,4,cooler_condition,GraphFeature Centroid,304,45600,45900,20,20,1,1.0,1
HydraulicSystems,4,cooler_condition,GraphFeature Centroid,308,46200,46500,20,20,1,1.0,0
HydraulicSystems,4,cooler_condition,GraphFeature Centroid,309,46350,46650,20,20,1,1.0,1
HydraulicSystems,4,cooler_condition,GraphFeature Centroid,310,46500,46800,20,20,1,1.0,0
HydraulicSystems,4,cooler_condition,GraphFeature Centroid,314,47100,47400,20,20,1,1.0,0
HydraulicSystems,4,cooler_condition,GraphFeature Centroid,315,47250,47550,20,3,0,1.0,1
HydraulicSystems,4,cooler_condition,GraphFeature Centroid,317,47550,47850,20,20,1,1.0,0
HydraulicSystems,4,cooler_condition,GraphFeature Centroid,319,47850,48150,20,20,1,1.0,0
HydraulicSystems,4,cooler_condition,GraphFeature Centroid,323,48450,48750,20,20,1,1.0,0
HydraulicSystems,4,cooler_condition,GraphFeature Centroid,325,48750,49050,20,20,1,1.0,0
HydraulicSystems,4,cooler_condition,GraphFeature Centroid,326,48900,49200,20,20,1,1.0,0
HydraulicSystems,4,cooler_condition,GraphFeature Centroid,329,49350,49650,20,20,1,1.0,0
HydraulicSystems,4,cooler_condition,GraphFeature Centroid,330,49500,49800,20,20,1,1.0,0
HydraulicSystems,4,cooler_condition,GraphFeature Centroid,333,49950,50250,20,20,1,1.0,0
HydraulicSystems,4,cooler_condition,GraphFeature Centroid,334,50100,50400,20,20,1,1.0,0
HydraulicSystems,4,cooler_condition,GraphFeature Centroid,336,50400,50700,20,20,1,1.0,0
HydraulicSystems,4,cooler_condition,GraphFeature Centroid,338,50700,51000,20,20,1,1.0,0
HydraulicSystems,4,cooler_condition,GraphFeature Centroid,341,51150,51450,20,20,1,1.0,0
HydraulicSystems,4,cooler_condition,GraphFeature Centroid,342,51300,51600,20,20,1,1.0,0
HydraulicSystems,4,cooler_condition,GraphFeature Centroid,343,51450,51750,20,20,1,1.0,0
HydraulicSystems,4,cooler_condition,GraphFeature Centroid,345,51750,52050,20,20,1,1.0,0
HydraulicSystems,4,cooler_condition,GraphFeature Centroid,346,51900,52200,20,20,1,1.0,1
HydraulicSystems,4,cooler_condition,GraphFeature Centroid,349,52350,52650,20,20,1,1.0,1
HydraulicSystems,4,cooler_condition,GraphFeature Centroid,351,52650,52950,20,20,1,1.0,0
HydraulicSystems,4,cooler_condition,GraphFeature Centroid,352,52800,53100,20,20,1,1.0,0
HydraulicSystems,4,cooler_condition,GraphFeature Centroid,353,52950,53250,20,20,1,1.0,0
HydraulicSystems,4,cooler_condition,GraphFeature Centroid,356,53400,53700,20,20,1,1.0,0
HydraulicSystems,4,cooler_condition,GraphFeature Centroid,357,53550,53850,20,20,1,1.0,0
HydraulicSystems,4,cooler_condition,GraphFeature Centroid,359,53850,54150,20,20,1,1.0,0
HydraulicSystems,4,cooler_condition,GraphFeature Centroid,361,54150,54450,20,20,1,1.0,0
HydraulicSystems,4,cooler_condition,GraphFeature Centroid,362,54300,54600,20,20,1,1.0,0
HydraulicSystems,4,cooler_condition,GraphFeature Centroid,363,54450,54750,20,20,1,1.0,0
HydraulicSystems,4,cooler_condition,GraphFeature Centroid,364,54600,54900,20,20,1,1.0,0
HydraulicSystems,4,cooler_condition,GraphFeature Centroid,365,54750,55050,20,20,1,1.0,0
HydraulicSystems,4,cooler_condition,GraphFeature Centroid,366,54900,55200,20,20,1,1.0,0
HydraulicSystems,4,cooler_condition,GraphFeature Centroid,368,55200,55500,20,20,1,1.0,0
HydraulicSystems,4,cooler_condition,GraphFeature Centroid,369,55350,55650,20,20,1,1.0,0
HydraulicSystems,4,cooler_condition,GraphFeature Centroid,370,55500,55800,20,20,1,1.0,0
HydraulicSystems,4,cooler_condition,GraphFeature Centroid,372,55800,56100,20,20,1,1.0,1
HydraulicSystems,4,cooler_condition,GraphFeature Centroid,373,55950,56250,20,20,1,1.0,1
HydraulicSystems,4,cooler_condition,GraphFeature Centroid,374,56100,56400,20,20,1,1.0,0
HydraulicSystems,4,cooler_condition,GraphFeature Centroid,376,56400,56700,20,20,1,1.0,0
HydraulicSystems,4,cooler_condition,GraphFeature Centroid,377,56550,56850,20,20,1,1.0,0
HydraulicSystems,4,cooler_condition,GraphFeature Centroid,378,56700,57000,20,20,1,1.0,0
HydraulicSystems,4,cooler_condition,GraphFeature Centroid,381,57150,57450,20,20,1,1.0,0
HydraulicSystems,4,cooler_condition,GraphFeature Centroid,382,57300,57600,20,20,1,1.0,0
HydraulicSystems,4,cooler_condition,GraphFeature Centroid,384,57600,57900,20,20,1,1.0,0
HydraulicSystems,4,cooler_condition,GraphFeature Centroid,386,57900,58200,20,20,1,1.0,0
HydraulicSystems,4,cooler_condition,GraphFeature Centroid,387,58050,58350,20,20,1,1.0,0
HydraulicSystems,4,cooler_condition,GraphFeature Centroid,388,58200,58500,20,20,1,1.0,0
HydraulicSystems,4,cooler_condition,GraphFeature Centroid,394,59100,59400,20,20,1,1.0,0
HydraulicSystems,4,cooler_condition,GraphFeature Centroid,395,59250,59550,20,20,1,1.0,0
HydraulicSystems,4,cooler_condition,GraphFeature Centroid,396,59400,59700,20,20,1,1.0,0
HydraulicSystems,4,cooler_condition,GraphFeature Centroid,397,59550,59850,20,20,1,1.0,1
HydraulicSystems,4,cooler_condition,GraphFeature Centroid,399,59850,60150,20,20,1,1.0,0
HydraulicSystems,4,cooler_condition,GraphFeature Centroid,402,60300,60600,20,20,1,1.0,0
HydraulicSystems,4,cooler_condition,GraphFeature Centroid,403,60450,60750,20,20,1,1.0,0
HydraulicSystems,4,cooler_condition,GraphFeature Centroid,410,61500,61800,20,20,1,1.0,0
HydraulicSystems,4,cooler_condition,GraphFeature Centroid,411,61650,61950,20,20,1,1.0,0
HydraulicSystems,4,cooler_condition,GraphFeature Centroid,412,61800,62100,20,20,1,1.0,0
HydraulicSystems,4,cooler_condition,GraphFeature Centroid,413,61950,62250,20,20,1,1.0,0
HydraulicSystems,4,cooler_condition,GraphFeature Centroid,414,62100,62400,20,20,1,1.0,0
HydraulicSystems,4,cooler_condition,GraphFeature Centroid,418,62700,63000,20,20,1,1.0,0
HydraulicSystems,4,cooler_condition,GraphFeature Centroid,420,63000,63300,20,20,1,1.0,0
HydraulicSystems,4,cooler_condition,GraphFeature Centroid,421,63150,63450,20,20,1,1.0,0
HydraulicSystems,4,cooler_condition,GraphFeature Centroid,423,63450,63750,20,20,1,1.0,0
HydraulicSystems,4,cooler_condition,GraphFeature Centroid,425,63750,64050,20,20,1,1.0,1
HydraulicSystems,4,cooler_condition,GraphFeature Centroid,428,64200,64500,20,20,1,1.0,0
HydraulicSystems,4,cooler_condition,GraphFeature Centroid,431,64650,64950,20,20,1,1.0,0
HydraulicSystems,4,cooler_condition,GraphFeature Centroid,433,64950,65250,20,20,1,1.0,0
HydraulicSystems,4,cooler_condition,GraphFeature Centroid,435,65250,65550,20,20,1,1.0,0
HydraulicSystems,4,cooler_condition,GraphFeature Centroid,438,65700,66000,20,20,1,1.0,0
HydraulicSystems,4,cooler_condition,GraphFeature Centroid,439,65850,66150,20,20,1,1.0,0
HydraulicSystems,4,cooler_condition,GraphFeature Centroid,442,66300,66600,20,20,1,1.0,0
HydraulicSystems,4,cooler_condition,GraphFeature Centroid,446,66900,67200,20,20,1,1.0,0
HydraulicSystems,4,cooler_condition,GraphFeature Centroid,448,67200,67500,20,100,0,1.0,0
HydraulicSystems,4,cooler_condition,GraphFeature Centroid,449,67350,67650,20,20,1,1.0,0
HydraulicSystems,4,cooler_condition,GraphFeature Centroid,452,67800,68100,20,20,1,1.0,1
HydraulicSystems,4,cooler_condition,GraphFeature Centroid,453,67950,68250,20,20,1,1.0,0
HydraulicSystems,4,cooler_condition,GraphFeature Centroid,454,68100,68400,20,20,1,1.0,0
HydraulicSystems,4,cooler_condition,GraphFeature Centroid,455,68250,68550,20,20,1,1.0,0
HydraulicSystems,4,cooler_condition,GraphFeature Centroid,457,68550,68850,20,20,1,1.0,0
HydraulicSystems,4,cooler_condition,GraphFeature Centroid,459,68850,69150,20,20,1,1.0,0
HydraulicSystems,4,cooler_condition,GraphFeature Centroid,461,69150,69450,20,20,1,1.0,0
HydraulicSystems,4,cooler_condition,GraphFeature Centroid,462,69300,69600,20,20,1,1.0,0
HydraulicSystems,4,cooler_condition,GraphFeature Centroid,464,69600,69900,20,20,1,1.0,0
HydraulicSystems,4,cooler_condition,GraphFeature Centroid,465,69750,70050,20,20,1,1.0,0
HydraulicSystems,4,cooler_condition,GraphFeature Centroid,467,70050,70350,20,20,1,1.0,0
HydraulicSystems,4,cooler_condition,GraphFeature Centroid,472,70800,71100,20,20,1,1.0,0
HydraulicSystems,4,cooler_condition,GraphFeature Centroid,473,70950,71250,20,20,1,1.0,0
HydraulicSystems,4,cooler_condition,GraphFeature Centroid,474,71100,71400,20,20,1,1.0,0
HydraulicSystems,4,cooler_condition,GraphFeature Centroid,481,72150,72450,20,20,1,1.0,0
HydraulicSystems,4,cooler_condition,GraphFeature Centroid,485,72750,73050,20,20,1,1.0,0
HydraulicSystems,4,cooler_condition,GraphFeature Centroid,487,73050,73350,20,20,1,1.0,0
HydraulicSystems,4,cooler_condition,GraphFeature Centroid,488,73200,73500,20,20,1,1.0,0
HydraulicSystems,4,cooler_condition,GraphFeature Centroid,490,73500,73800,20,20,1,1.0,0
HydraulicSystems,4,cooler_condition,GraphFeature Centroid,491,73650,73950,20,20,1,1.0,0
HydraulicSystems,4,cooler_condition,GraphFeature Centroid,494,74100,74400,20,20,1,1.0,0
HydraulicSystems,4,cooler_condition,GraphFeature Centroid,495,74250,74550,20,20,1,1.0,0
HydraulicSystems,4,cooler_condition,GraphFeature Centroid,499,74850,75150,20,20,1,1.0,0
HydraulicSystems,4,cooler_condition,GraphFeature Centroid,500,75000,75300,20,20,1,1.0,0
HydraulicSystems,4,cooler_condition,GraphFeature Centroid,501,75150,75450,20,20,1,1.0,0
HydraulicSystems,4,cooler_condition,GraphFeature Centroid,502,75300,75600,20,20,1,1.0,0
HydraulicSystems,4,cooler_condition,GraphFeature Centroid,504,75600,75900,20,20,1,1.0,0
HydraulicSystems,4,cooler_condition,GraphFeature Centroid,507,76050,76350,20,20,1,1.0,0
HydraulicSystems,4,cooler_condition,GraphFeature Centroid,508,76200,76500,20,20,1,1.0,0
HydraulicSystems,4,cooler_condition,GraphFeature Centroid,511,76650,76950,20,20,1,1.0,0
HydraulicSystems,4,cooler_condition,GraphFeature Centroid,515,77250,77550,20,20,1,1.0,0
HydraulicSystems,4,cooler_condition,GraphFeature Centroid,517,77550,77850,20,20,1,1.0,0
HydraulicSystems,4,cooler_condition,GraphFeature Centroid,519,77850,78150,20,20,1,1.0,0
HydraulicSystems,4,cooler_condition,GraphFeature Centroid,525,78750,79050,20,20,1,1.0,0
HydraulicSystems,4,cooler_condition,GraphFeature Centroid,526,78900,79200,20,20,1,1.0,0
HydraulicSystems,4,cooler_condition,GraphFeature Centroid,527,79050,79350,20,20,1,1.0,0
HydraulicSystems,4,cooler_condition,GraphFeature Centroid,530,79500,79800,20,20,1,1.0,0
HydraulicSystems,4,cooler_condition,GraphFeature Centroid,531,79650,79950,20,20,1,1.0,0
HydraulicSystems,4,cooler_condition,GraphFeature Centroid,533,79950,80250,20,20,1,1.0,0
HydraulicSystems,4,cooler_condition,GraphFeature Centroid,539,80850,81150,20,20,1,1.0,0
HydraulicSystems,4,cooler_condition,GraphFeature Centroid,540,81000,81300,20,20,1,1.0,0
HydraulicSystems,4,cooler_condition,GraphFeature Centroid,544,81600,81900,20,20,1,1.0,0
HydraulicSystems,4,cooler_condition,GraphFeature Centroid,545,81750,82050,20,20,1,1.0,0
HydraulicSystems,4,cooler_condition,GraphFeature Centroid,546,81900,82200,20,20,1,1.0,0
HydraulicSystems,4,cooler_condition,GraphFeature Centroid,551,82650,82950,20,20,1,1.0,0
HydraulicSystems,4,cooler_condition,GraphFeature Centroid,554,83100,83400,20,20,1,1.0,0
HydraulicSystems,4,cooler_condition,GraphFeature Centroid,560,84000,84300,20,20,1,1.0,0
HydraulicSystems,4,cooler_condition,GraphFeature Centroid,561,84150,84450,20,20,1,1.0,0
HydraulicSystems,4,cooler_condition,GraphFeature Centroid,562,84300,84600,20,20,1,1.0,0
HydraulicSystems,4,cooler_condition,GraphFeature Centroid,563,84450,84750,20,20,1,1.0,0
HydraulicSystems,4,cooler_condition,GraphFeature Centroid,566,84900,85200,20,100,0,1.0,0
HydraulicSystems,4,cooler_condition,GraphFeature Centroid,567,85050,85350,20,20,1,1.0,0
HydraulicSystems,4,cooler_condition,GraphFeature Centroid,568,85200,85500,20,20,1,1.0,1
HydraulicSystems,4,cooler_condition,GraphFeature Centroid,569,85350,85650,20,20,1,1.0,0
HydraulicSystems,4,cooler_condition,GraphFeature Centroid,570,85500,85800,20,20,1,1.0,1
HydraulicSystems,4,cooler_condition,GraphFeature Centroid,571,85650,85950,20,20,1,1.0,0
HydraulicSystems,4,cooler_condition,GraphFeature Centroid,572,85800,86100,20,20,1,1.0,0
HydraulicSystems,4,cooler_condition,GraphFeature Centroid,573,85950,86250,20,20,1,1.0,0
HydraulicSystems,4,cooler_condition,GraphFeature Centroid,575,86250,86550,20,20,1,1.0,0
HydraulicSystems,4,cooler_condition,GraphFeature Centroid,580,87000,87300,20,20,1,1.0,0
HydraulicSystems,4,cooler_condition,GraphFeature Centroid,581,87150,87450,20,20,1,1.0,0
HydraulicSystems,4,cooler_condition,GraphFeature Centroid,583,87450,87750,20,20,1,1.0,0
HydraulicSystems,4,cooler_condition,GraphFeature Centroid,584,87600,87900,20,3,0,0.8,1
HydraulicSystems,4,cooler_condition,GraphFeature Centroid,588,88200,88500,100,3,0,1.0,1
HydraulicSystems,4,cooler_condition,GraphFeature Centroid,590,88500,88800,100,20,0,1.0,0
HydraulicSystems,4,cooler_condition,GraphFeature Centroid,591,88650,88950,100,3,0,1.0,1
HydraulicSystems,4,cooler_condition,GraphFeature Centroid,592,88800,89100,100,100,1,1.0,0
HydraulicSystems,4,cooler_condition,GraphFeature Centroid,593,88950,89250,100,100,1,1.0,0
HydraulicSystems,4,cooler_condition,GraphFeature Centroid,596,89400,89700,100,100,1,1.0,0
HydraulicSystems,4,cooler_condition,GraphFeature Centroid,597,89550,89850,100,100,1,1.0,0
HydraulicSystems,4,cooler_condition,GraphFeature Centroid,598,89700,90000,100,100,1,1.0,0
HydraulicSystems,4,cooler_condition,GraphFeature Centroid,600,90000,90300,100,100,1,1.0,0
HydraulicSystems,4,cooler_condition,GraphFeature Centroid,601,90150,90450,100,100,1,1.0,0
HydraulicSystems,4,cooler_condition,GraphFeature Centroid,606,90900,91200,100,100,1,1.0,0
HydraulicSystems,4,cooler_condition,GraphFeature Centroid,608,91200,91500,100,100,1,1.0,0
HydraulicSystems,4,cooler_condition,GraphFeature Centroid,609,91350,91650,100,100,1,1.0,0
HydraulicSystems,4,cooler_condition,GraphFeature Centroid,610,91500,91800,100,100,1,1.0,0
HydraulicSystems,4,cooler_condition,GraphFeature Centroid,612,91800,92100,100,100,1,1.0,0
HydraulicSystems,4,cooler_condition,GraphFeature Centroid,613,91950,92250,100,100,1,1.0,0
HydraulicSystems,4,cooler_condition,GraphFeature Centroid,616,92400,92700,100,100,1,1.0,0
HydraulicSystems,4,cooler_condition,GraphFeature Centroid,617,92550,92850,100,100,1,1.0,0
HydraulicSystems,4,cooler_condition,GraphFeature Centroid,619,92850,93150,100,100,1,1.0,0
HydraulicSystems,4,cooler_condition,GraphFeature Centroid,620,93000,93300,100,100,1,1.0,0
HydraulicSystems,4,cooler_condition,GraphFeature Centroid,621,93150,93450,100,100,1,1.0,0
HydraulicSystems,4,cooler_condition,GraphFeature Centroid,622,93300,93600,100,100,1,1.0,0
HydraulicSystems,4,cooler_condition,GraphFeature Centroid,626,93900,94200,100,100,1,1.0,0
HydraulicSystems,4,cooler_condition,GraphFeature Centroid,627,94050,94350,100,100,1,1.0,0
HydraulicSystems,4,cooler_condition,GraphFeature Centroid,629,94350,94650,100,100,1,1.0,0
HydraulicSystems,4,cooler_condition,GraphFeature Centroid,630,94500,94800,100,100,1,1.0,0
HydraulicSystems,4,cooler_condition,GraphFeature Centroid,631,94650,94950,100,100,1,1.0,0
HydraulicSystems,4,cooler_condition,GraphFeature Centroid,636,95400,95700,100,100,1,1.0,0
HydraulicSystems,4,cooler_condition,GraphFeature Centroid,637,95550,95850,100,100,1,1.0,0
HydraulicSystems,4,cooler_condition,GraphFeature Centroid,642,96300,96600,100,100,1,1.0,0
HydraulicSystems,4,cooler_condition,GraphFeature Centroid,648,97200,97500,100,100,1,1.0,0
HydraulicSystems,4,cooler_condition,GraphFeature Centroid,649,97350,97650,100,100,1,1.0,0
HydraulicSystems,4,cooler_condition,GraphFeature Centroid,650,97500,97800,100,100,1,1.0,0
HydraulicSystems,4,cooler_condition,GraphFeature Centroid,651,97650,97950,100,100,1,1.0,0
HydraulicSystems,4,cooler_condition,GraphFeature Centroid,652,97800,98100,100,100,1,1.0,0
HydraulicSystems,4,cooler_condition,GraphFeature Centroid,657,98550,98850,100,100,1,1.0,0
HydraulicSystems,4,cooler_condition,GraphFeature Centroid,661,99150,99450,100,100,1,1.0,0
HydraulicSystems,4,cooler_condition,GraphFeature Centroid,662,99300,99600,100,100,1,1.0,0
HydraulicSystems,4,cooler_condition,GraphFeature Centroid,663,99450,99750,100,100,1,1.0,0
HydraulicSystems,4,cooler_condition,GraphFeature Centroid,664,99600,99900,100,100,1,1.0,0
HydraulicSystems,4,cooler_condition,GraphFeature Centroid,665,99750,100050,100,100,1,1.0,0
HydraulicSystems,4,cooler_condition,GraphFeature Centroid,667,100050,100350,100,100,1,1.0,0
HydraulicSystems,4,cooler_condition,GraphFeature Centroid,669,100350,100650,100,100,1,1.0,0
HydraulicSystems,4,cooler_condition,GraphFeature Centroid,670,100500,100800,100,100,1,1.0,0
HydraulicSystems,4,cooler_condition,GraphFeature Centroid,674,101100,101400,100,100,1,1.0,0
HydraulicSystems,4,cooler_condition,GraphFeature Centroid,676,101400,101700,100,100,1,1.0,0
HydraulicSystems,4,cooler_condition,GraphFeature Centroid,678,101700,102000,100,100,1,1.0,0
HydraulicSystems,4,cooler_condition,GraphFeature Centroid,679,101850,102150,100,100,1,1.0,0
HydraulicSystems,4,cooler_condition,GraphFeature Centroid,683,102450,102750,100,100,1,1.0,0
HydraulicSystems,4,cooler_condition,GraphFeature Centroid,684,102600,102900,100,100,1,1.0,0
HydraulicSystems,4,cooler_condition,GraphFeature Centroid,688,103200,103500,100,100,1,1.0,0
HydraulicSystems,4,cooler_condition,GraphFeature Centroid,691,103650,103950,100,100,1,1.0,0
HydraulicSystems,4,cooler_condition,GraphFeature Centroid,692,103800,104100,100,100,1,1.0,0
HydraulicSystems,4,cooler_condition,GraphFeature Centroid,694,104100,104400,100,100,1,1.0,0
HydraulicSystems,4,cooler_condition,GraphFeature Centroid,695,104250,104550,100,100,1,1.0,0
HydraulicSystems,4,cooler_condition,GraphFeature Centroid,698,104700,105000,100,100,1,1.0,0
HydraulicSystems,4,cooler_condition,GraphFeature Centroid,699,104850,105150,100,100,1,1.0,0
HydraulicSystems,4,cooler_condition,GraphFeature Centroid,703,105450,105750,100,100,1,1.0,0
HydraulicSystems,4,cooler_condition,GraphFeature Centroid,707,106050,106350,100,100,1,1.0,0
HydraulicSystems,4,cooler_condition,GraphFeature Centroid,710,106500,106800,100,100,1,1.0,0
HydraulicSystems,4,cooler_condition,GraphFeature Centroid,711,106650,106950,100,100,1,1.0,0
HydraulicSystems,4,cooler_condition,GraphFeature Centroid,712,106800,107100,100,100,1,1.0,0
HydraulicSystems,4,cooler_condition,GraphFeature Centroid,713,106950,107250,100,100,1,1.0,0
HydraulicSystems,4,cooler_condition,GraphFeature Centroid,715,107250,107550,100,100,1,1.0,0
HydraulicSystems,4,cooler_condition,GraphFeature Centroid,716,107400,107700,100,100,1,1.0,0
HydraulicSystems,4,cooler_condition,GraphFeature Centroid,719,107850,108150,100,100,1,1.0,0
HydraulicSystems,4,cooler_condition,GraphFeature Centroid,720,108000,108300,100,100,1,1.0,0
HydraulicSystems,4,cooler_condition,GraphFeature Centroid,722,108300,108600,100,100,1,1.0,0
HydraulicSystems,4,cooler_condition,GraphFeature Centroid,723,108450,108750,100,100,1,1.0,0
HydraulicSystems,4,cooler_condition,GraphFeature Centroid,727,109050,109350,100,100,1,1.0,0
HydraulicSystems,4,cooler_condition,GraphFeature Centroid,733,109950,110250,100,100,1,1.0,0
HydraulicSystems,4,cooler_condition,GraphFeature Centroid,734,110100,110400,100,100,1,1.0,0
HydraulicSystems,4,cooler_condition,GraphFeature Centroid,737,110550,110850,100,100,1,1.0,0
HydraulicSystems,4,cooler_condition,GraphFeature Centroid,739,110850,111150,100,100,1,1.0,0
HydraulicSystems,4,cooler_condition,GraphFeature Centroid,741,111150,111450,100,100,1,1.0,0
HydraulicSystems,4,cooler_condition,GraphFeature Centroid,746,111900,112200,100,100,1,1.0,0
HydraulicSystems,4,cooler_condition,GraphFeature Centroid,748,112200,112500,100,100,1,1.0,0
HydraulicSystems,4,cooler_condition,GraphFeature Centroid,750,112500,112800,100,100,1,1.0,0
HydraulicSystems,4,cooler_condition,GraphFeature Centroid,753,112950,113250,100,100,1,1.0,0
HydraulicSystems,4,cooler_condition,GraphFeature Centroid,755,113250,113550,100,100,1,1.0,0
HydraulicSystems,4,cooler_condition,GraphFeature Centroid,757,113550,113850,100,100,1,1.0,0
HydraulicSystems,4,cooler_condition,GraphFeature Centroid,758,113700,114000,100,100,1,1.0,0
HydraulicSystems,4,cooler_condition,GraphFeature Centroid,759,113850,114150,100,100,1,1.0,0
HydraulicSystems,4,cooler_condition,GraphFeature Centroid,760,114000,114300,100,100,1,1.0,0
HydraulicSystems,4,cooler_condition,GraphFeature Centroid,761,114150,114450,100,100,1,1.0,0
HydraulicSystems,4,cooler_condition,GraphFeature Centroid,762,114300,114600,100,100,1,1.0,0
HydraulicSystems,4,cooler_condition,GraphFeature Centroid,763,114450,114750,100,100,1,1.0,0
HydraulicSystems,4,cooler_condition,GraphFeature Centroid,764,114600,114900,100,100,1,1.0,0
HydraulicSystems,4,cooler_condition,GraphFeature Centroid,767,115050,115350,100,100,1,1.0,0
HydraulicSystems,4,cooler_condition,GraphFeature Centroid,769,115350,115650,100,100,1,1.0,0
HydraulicSystems,4,cooler_condition,GraphFeature Centroid,772,115800,116100,100,100,1,1.0,0
HydraulicSystems,4,cooler_condition,GraphFeature Centroid,775,116250,116550,100,100,1,1.0,0
HydraulicSystems,4,cooler_condition,GraphFeature Centroid,777,116550,116850,100,100,1,1.0,0
HydraulicSystems,4,cooler_condition,GraphFeature Centroid,781,117150,117450,100,100,1,1.0,0
HydraulicSystems,4,cooler_condition,GraphFeature Centroid,783,117450,117750,100,100,1,1.0,0
HydraulicSystems,4,cooler_condition,GraphFeature Centroid,785,117750,118050,100,100,1,1.0,0
HydraulicSystems,4,cooler_condition,GraphFeature Centroid,786,117900,118200,100,100,1,1.0,0
HydraulicSystems,4,cooler_condition,GraphFeature Centroid,788,118200,118500,100,100,1,1.0,0
HydraulicSystems,4,cooler_condition,GraphFeature Centroid,792,118800,119100,100,100,1,1.0,0
HydraulicSystems,4,cooler_condition,GraphFeature Centroid,793,118950,119250,100,100,1,1.0,0
HydraulicSystems,4,cooler_condition,GraphFeature Centroid,794,119100,119400,100,100,1,1.0,0
HydraulicSystems,4,cooler_condition,GraphFeature Centroid,795,119250,119550,100,100,1,1.0,0
HydraulicSystems,4,cooler_condition,GraphFeature Centroid,797,119550,119850,100,100,1,1.0,0
HydraulicSystems,4,cooler_condition,GraphFeature Centroid,801,120150,120450,100,100,1,1.0,0
HydraulicSystems,4,cooler_condition,GraphFeature Centroid,803,120450,120750,100,100,1,1.0,0
HydraulicSystems,4,cooler_condition,GraphFeature Centroid,808,121200,121500,100,100,1,1.0,0
HydraulicSystems,4,cooler_condition,GraphFeature Centroid,810,121500,121800,100,100,1,1.0,0
HydraulicSystems,4,cooler_condition,GraphFeature Centroid,812,121800,122100,100,100,1,1.0,0
HydraulicSystems,4,cooler_condition,GraphFeature Centroid,815,122250,122550,100,100,1,1.0,0
HydraulicSystems,4,cooler_condition,GraphFeature Centroid,817,122550,122850,100,100,1,1.0,0
HydraulicSystems,4,cooler_condition,GraphFeature Centroid,820,123000,123300,100,100,1,1.0,0
HydraulicSystems,4,cooler_condition,GraphFeature Centroid,821,123150,123450,100,100,1,1.0,0
HydraulicSystems,4,cooler_condition,GraphFeature Centroid,822,123300,123600,100,100,1,1.0,0
HydraulicSystems,4,cooler_condition,GraphFeature Centroid,823,123450,123750,100,100,1,1.0,0
HydraulicSystems,4,cooler_condition,GraphFeature Centroid,824,123600,123900,100,100,1,1.0,0
HydraulicSystems,4,cooler_condition,GraphFeature Centroid,826,123900,124200,100,100,1,1.0,0
HydraulicSystems,4,cooler_condition,GraphFeature Centroid,828,124200,124500,100,100,1,1.0,0
HydraulicSystems,4,cooler_condition,GraphFeature Centroid,829,124350,124650,100,100,1,1.0,0
HydraulicSystems,4,cooler_condition,GraphFeature Centroid,830,124500,124800,100,100,1,1.0,0
HydraulicSystems,4,cooler_condition,GraphFeature Centroid,832,124800,125100,100,100,1,1.0,0
HydraulicSystems,4,cooler_condition,GraphFeature Centroid,834,125100,125400,100,100,1,1.0,0
HydraulicSystems,4,cooler_condition,GraphFeature Centroid,836,125400,125700,100,20,0,1.0,0
HydraulicSystems,4,cooler_condition,GraphFeature Centroid,838,125700,126000,100,100,1,1.0,0
HydraulicSystems,4,cooler_condition,GraphFeature Centroid,842,126300,126600,100,100,1,1.0,0
HydraulicSystems,4,cooler_condition,GraphFeature Centroid,843,126450,126750,100,100,1,1.0,0
HydraulicSystems,4,cooler_condition,GraphFeature Centroid,844,126600,126900,100,100,1,1.0,0
HydraulicSystems,4,cooler_condition,GraphFeature Centroid,845,126750,127050,100,100,1,1.0,0
HydraulicSystems,4,cooler_condition,GraphFeature Centroid,848,127200,127500,100,100,1,1.0,0
HydraulicSystems,4,cooler_condition,GraphFeature Centroid,849,127350,127650,100,100,1,1.0,0
HydraulicSystems,4,cooler_condition,GraphFeature Centroid,851,127650,127950,100,100,1,1.0,0
HydraulicSystems,4,cooler_condition,GraphFeature Centroid,852,127800,128100,100,100,1,1.0,0
HydraulicSystems,4,cooler_condition,GraphFeature Centroid,853,127950,128250,100,100,1,1.0,0
HydraulicSystems,4,cooler_condition,GraphFeature Centroid,858,128700,129000,100,100,1,1.0,0
HydraulicSystems,4,cooler_condition,GraphFeature Centroid,859,128850,129150,100,100,1,1.0,0
HydraulicSystems,4,cooler_condition,GraphFeature Centroid,860,129000,129300,100,100,1,1.0,0
HydraulicSystems,4,cooler_condition,GraphFeature Centroid,861,129150,129450,100,100,1,1.0,0
HydraulicSystems,4,cooler_condition,GraphFeature Centroid,863,129450,129750,100,100,1,1.0,0
HydraulicSystems,4,cooler_condition,GraphFeature Centroid,864,129600,129900,100,100,1,1.0,0
HydraulicSystems,4,cooler_condition,GraphFeature Centroid,865,129750,130050,100,100,1,1.0,0
HydraulicSystems,4,cooler_condition,GraphFeature Centroid,867,130050,130350,100,100,1,1.0,0
HydraulicSystems,4,cooler_condition,GraphFeature Centroid,872,130800,131100,100,100,1,1.0,0
HydraulicSystems,4,cooler_condition,GraphFeature Centroid,873,130950,131250,100,100,1,1.0,0
HydraulicSystems,4,cooler_condition,GraphFeature Centroid,874,131100,131400,100,100,1,1.0,0
HydraulicSystems,4,cooler_condition,GraphFeature Centroid,875,131250,131550,100,100,1,1.0,0
HydraulicSystems,4,cooler_condition,GraphFeature Centroid,877,131550,131850,100,100,1,1.0,0
HydraulicSystems,4,cooler_condition,GraphFeature Centroid,878,131700,132000,100,100,1,1.0,0
HydraulicSystems,4,cooler_condition,GraphFeature Centroid,879,131850,132150,100,100,1,1.0,0
HydraulicSystems,4,cooler_condition,GraphFeature Centroid,880,132000,132300,100,100,1,1.0,0
HydraulicSystems,4,cooler_condition,STCG-v1 State Mapping,2,300,600,3,3,1,1.0,1
HydraulicSystems,4,cooler_condition,STCG-v1 State Mapping,3,450,750,3,3,1,1.0,1
HydraulicSystems,4,cooler_condition,STCG-v1 State Mapping,4,600,900,3,3,1,1.0,1
HydraulicSystems,4,cooler_condition,STCG-v1 State Mapping,5,750,1050,3,3,1,1.0,1
HydraulicSystems,4,cooler_condition,STCG-v1 State Mapping,8,1200,1500,3,3,1,1.0,1
HydraulicSystems,4,cooler_condition,STCG-v1 State Mapping,9,1350,1650,3,3,1,1.0,1
HydraulicSystems,4,cooler_condition,STCG-v1 State Mapping,10,1500,1800,3,3,1,1.0,1
HydraulicSystems,4,cooler_condition,STCG-v1 State Mapping,11,1650,1950,3,3,1,1.0,1
HydraulicSystems,4,cooler_condition,STCG-v1 State Mapping,12,1800,2100,3,3,1,1.0,1
HydraulicSystems,4,cooler_condition,STCG-v1 State Mapping,16,2400,2700,3,3,1,1.0,1
HydraulicSystems,4,cooler_condition,STCG-v1 State Mapping,17,2550,2850,3,3,1,1.0,1
HydraulicSystems,4,cooler_condition,STCG-v1 State Mapping,18,2700,3000,3,3,1,1.0,1
HydraulicSystems,4,cooler_condition,STCG-v1 State Mapping,20,3000,3300,3,3,1,1.0,1
HydraulicSystems,4,cooler_condition,STCG-v1 State Mapping,25,3750,4050,3,3,1,1.0,1
HydraulicSystems,4,cooler_condition,STCG-v1 State Mapping,28,4200,4500,3,3,1,1.0,1
HydraulicSystems,4,cooler_condition,STCG-v1 State Mapping,29,4350,4650,3,3,1,1.0,1
HydraulicSystems,4,cooler_condition,STCG-v1 State Mapping,30,4500,4800,3,3,1,1.0,1
HydraulicSystems,4,cooler_condition,STCG-v1 State Mapping,32,4800,5100,3,3,1,1.0,1
HydraulicSystems,4,cooler_condition,STCG-v1 State Mapping,33,4950,5250,3,3,1,1.0,1
HydraulicSystems,4,cooler_condition,STCG-v1 State Mapping,34,5100,5400,3,3,1,1.0,1
HydraulicSystems,4,cooler_condition,STCG-v1 State Mapping,35,5250,5550,3,3,1,1.0,1
HydraulicSystems,4,cooler_condition,STCG-v1 State Mapping,37,5550,5850,3,3,1,1.0,1
HydraulicSystems,4,cooler_condition,STCG-v1 State Mapping,41,6150,6450,3,3,1,1.0,1
HydraulicSystems,4,cooler_condition,STCG-v1 State Mapping,42,6300,6600,3,3,1,1.0,1
HydraulicSystems,4,cooler_condition,STCG-v1 State Mapping,43,6450,6750,3,3,1,1.0,1
HydraulicSystems,4,cooler_condition,STCG-v1 State Mapping,46,6900,7200,3,3,1,1.0,1
HydraulicSystems,4,cooler_condition,STCG-v1 State Mapping,48,7200,7500,3,3,1,1.0,1
HydraulicSystems,4,cooler_condition,STCG-v1 State Mapping,50,7500,7800,3,3,1,1.0,1
HydraulicSystems,4,cooler_condition,STCG-v1 State Mapping,53,7950,8250,3,3,1,1.0,1
HydraulicSystems,4,cooler_condition,STCG-v1 State Mapping,54,8100,8400,3,3,1,1.0,1
HydraulicSystems,4,cooler_condition,STCG-v1 State Mapping,55,8250,8550,3,100,0,1.0,0
HydraulicSystems,4,cooler_condition,STCG-v1 State Mapping,56,8400,8700,3,100,0,1.0,0
HydraulicSystems,4,cooler_condition,STCG-v1 State Mapping,58,8700,9000,3,3,1,1.0,1
HydraulicSystems,4,cooler_condition,STCG-v1 State Mapping,59,8850,9150,3,3,1,1.0,1
HydraulicSystems,4,cooler_condition,STCG-v1 State Mapping,62,9300,9600,3,3,1,1.0,1
HydraulicSystems,4,cooler_condition,STCG-v1 State Mapping,63,9450,9750,3,3,1,1.0,1
HydraulicSystems,4,cooler_condition,STCG-v1 State Mapping,64,9600,9900,3,3,1,1.0,1
HydraulicSystems,4,cooler_condition,STCG-v1 State Mapping,65,9750,10050,3,3,1,1.0,1
HydraulicSystems,4,cooler_condition,STCG-v1 State Mapping,66,9900,10200,3,3,1,1.0,1
HydraulicSystems,4,cooler_condition,STCG-v1 State Mapping,67,10050,10350,3,3,1,1.0,1
HydraulicSystems,4,cooler_condition,STCG-v1 State Mapping,68,10200,10500,3,3,1,1.0,1
HydraulicSystems,4,cooler_condition,STCG-v1 State Mapping,70,10500,10800,3,3,1,1.0,1
HydraulicSystems,4,cooler_condition,STCG-v1 State Mapping,73,10950,11250,3,3,1,1.0,1
HydraulicSystems,4,cooler_condition,STCG-v1 State Mapping,74,11100,11400,3,3,1,1.0,1
HydraulicSystems,4,cooler_condition,STCG-v1 State Mapping,75,11250,11550,3,3,1,1.0,1
HydraulicSystems,4,cooler_condition,STCG-v1 State Mapping,77,11550,11850,3,3,1,1.0,1
HydraulicSystems,4,cooler_condition,STCG-v1 State Mapping,78,11700,12000,3,3,1,1.0,1
HydraulicSystems,4,cooler_condition,STCG-v1 State Mapping,79,11850,12150,3,3,1,1.0,1
HydraulicSystems,4,cooler_condition,STCG-v1 State Mapping,80,12000,12300,3,3,1,1.0,1
HydraulicSystems,4,cooler_condition,STCG-v1 State Mapping,83,12450,12750,3,3,1,1.0,1
HydraulicSystems,4,cooler_condition,STCG-v1 State Mapping,84,12600,12900,3,3,1,1.0,1
HydraulicSystems,4,cooler_condition,STCG-v1 State Mapping,85,12750,13050,3,3,1,1.0,1
HydraulicSystems,4,cooler_condition,STCG-v1 State Mapping,86,12900,13200,3,3,1,1.0,1
HydraulicSystems,4,cooler_condition,STCG-v1 State Mapping,87,13050,13350,3,3,1,1.0,1
HydraulicSystems,4,cooler_condition,STCG-v1 State Mapping,89,13350,13650,3,3,1,1.0,1
HydraulicSystems,4,cooler_condition,STCG-v1 State Mapping,93,13950,14250,3,3,1,1.0,1
HydraulicSystems,4,cooler_condition,STCG-v1 State Mapping,94,14100,14400,3,3,1,1.0,1
HydraulicSystems,4,cooler_condition,STCG-v1 State Mapping,96,14400,14700,3,3,1,1.0,1
HydraulicSystems,4,cooler_condition,STCG-v1 State Mapping,98,14700,15000,3,3,1,1.0,1
HydraulicSystems,4,cooler_condition,STCG-v1 State Mapping,99,14850,15150,3,3,1,1.0,1
HydraulicSystems,4,cooler_condition,STCG-v1 State Mapping,101,15150,15450,3,3,1,1.0,1
HydraulicSystems,4,cooler_condition,STCG-v1 State Mapping,102,15300,15600,3,3,1,1.0,1
HydraulicSystems,4,cooler_condition,STCG-v1 State Mapping,104,15600,15900,3,3,1,1.0,1
HydraulicSystems,4,cooler_condition,STCG-v1 State Mapping,105,15750,16050,3,3,1,1.0,1
HydraulicSystems,4,cooler_condition,STCG-v1 State Mapping,109,16350,16650,3,3,1,1.0,1
HydraulicSystems,4,cooler_condition,STCG-v1 State Mapping,112,16800,17100,3,3,1,1.0,1
HydraulicSystems,4,cooler_condition,STCG-v1 State Mapping,114,17100,17400,3,3,1,1.0,1
HydraulicSystems,4,cooler_condition,STCG-v1 State Mapping,115,17250,17550,3,3,1,1.0,1
HydraulicSystems,4,cooler_condition,STCG-v1 State Mapping,118,17700,18000,3,3,1,1.0,1
HydraulicSystems,4,cooler_condition,STCG-v1 State Mapping,120,18000,18300,3,3,1,1.0,1
HydraulicSystems,4,cooler_condition,STCG-v1 State Mapping,123,18450,18750,3,3,1,1.0,1
HydraulicSystems,4,cooler_condition,STCG-v1 State Mapping,124,18600,18900,3,3,1,1.0,1
HydraulicSystems,4,cooler_condition,STCG-v1 State Mapping,127,19050,19350,3,3,1,1.0,1
HydraulicSystems,4,cooler_condition,STCG-v1 State Mapping,128,19200,19500,3,3,1,1.0,1
HydraulicSystems,4,cooler_condition,STCG-v1 State Mapping,132,19800,20100,3,3,1,1.0,1
HydraulicSystems,4,cooler_condition,STCG-v1 State Mapping,134,20100,20400,3,3,1,1.0,1
HydraulicSystems,4,cooler_condition,STCG-v1 State Mapping,136,20400,20700,3,3,1,1.0,1
HydraulicSystems,4,cooler_condition,STCG-v1 State Mapping,138,20700,21000,3,3,1,1.0,1
HydraulicSystems,4,cooler_condition,STCG-v1 State Mapping,141,21150,21450,3,3,1,1.0,1
HydraulicSystems,4,cooler_condition,STCG-v1 State Mapping,143,21450,21750,3,3,1,1.0,1
HydraulicSystems,4,cooler_condition,STCG-v1 State Mapping,144,21600,21900,3,3,1,1.0,1
HydraulicSystems,4,cooler_condition,STCG-v1 State Mapping,147,22050,22350,3,3,1,1.0,1
HydraulicSystems,4,cooler_condition,STCG-v1 State Mapping,148,22200,22500,3,3,1,1.0,1
HydraulicSystems,4,cooler_condition,STCG-v1 State Mapping,149,22350,22650,3,3,1,1.0,1
HydraulicSystems,4,cooler_condition,STCG-v1 State Mapping,152,22800,23100,3,3,1,1.0,1
HydraulicSystems,4,cooler_condition,STCG-v1 State Mapping,155,23250,23550,3,3,1,1.0,1
HydraulicSystems,4,cooler_condition,STCG-v1 State Mapping,158,23700,24000,3,3,1,1.0,1
HydraulicSystems,4,cooler_condition,STCG-v1 State Mapping,162,24300,24600,3,3,1,1.0,1
HydraulicSystems,4,cooler_condition,STCG-v1 State Mapping,163,24450,24750,3,3,1,1.0,1
HydraulicSystems,4,cooler_condition,STCG-v1 State Mapping,166,24900,25200,3,3,1,1.0,1
HydraulicSystems,4,cooler_condition,STCG-v1 State Mapping,171,25650,25950,3,3,1,1.0,1
HydraulicSystems,4,cooler_condition,STCG-v1 State Mapping,177,26550,26850,3,3,1,1.0,1
HydraulicSystems,4,cooler_condition,STCG-v1 State Mapping,179,26850,27150,3,3,1,1.0,1
HydraulicSystems,4,cooler_condition,STCG-v1 State Mapping,180,27000,27300,3,3,1,1.0,1
HydraulicSystems,4,cooler_condition,STCG-v1 State Mapping,189,28350,28650,3,3,1,1.0,1
HydraulicSystems,4,cooler_condition,STCG-v1 State Mapping,190,28500,28800,3,3,1,1.0,1
HydraulicSystems,4,cooler_condition,STCG-v1 State Mapping,191,28650,28950,3,3,1,1.0,1
HydraulicSystems,4,cooler_condition,STCG-v1 State Mapping,193,28950,29250,3,3,1,1.0,1
HydraulicSystems,4,cooler_condition,STCG-v1 State Mapping,194,29100,29400,3,3,1,1.0,1
HydraulicSystems,4,cooler_condition,STCG-v1 State Mapping,197,29550,29850,3,3,1,1.0,1
HydraulicSystems,4,cooler_condition,STCG-v1 State Mapping,201,30150,30450,3,3,1,1.0,1
HydraulicSystems,4,cooler_condition,STCG-v1 State Mapping,202,30300,30600,3,3,1,1.0,1
HydraulicSystems,4,cooler_condition,STCG-v1 State Mapping,208,31200,31500,3,3,1,1.0,1
HydraulicSystems,4,cooler_condition,STCG-v1 State Mapping,209,31350,31650,3,3,1,1.0,1
HydraulicSystems,4,cooler_condition,STCG-v1 State Mapping,210,31500,31800,3,3,1,1.0,1
HydraulicSystems,4,cooler_condition,STCG-v1 State Mapping,212,31800,32100,3,3,1,1.0,1
HydraulicSystems,4,cooler_condition,STCG-v1 State Mapping,213,31950,32250,3,3,1,1.0,1
HydraulicSystems,4,cooler_condition,STCG-v1 State Mapping,215,32250,32550,3,3,1,1.0,1
HydraulicSystems,4,cooler_condition,STCG-v1 State Mapping,216,32400,32700,3,3,1,1.0,1
HydraulicSystems,4,cooler_condition,STCG-v1 State Mapping,219,32850,33150,3,3,1,1.0,1
HydraulicSystems,4,cooler_condition,STCG-v1 State Mapping,220,33000,33300,3,3,1,1.0,1
HydraulicSystems,4,cooler_condition,STCG-v1 State Mapping,221,33150,33450,3,3,1,1.0,1
HydraulicSystems,4,cooler_condition,STCG-v1 State Mapping,222,33300,33600,3,3,1,1.0,1
HydraulicSystems,4,cooler_condition,STCG-v1 State Mapping,224,33600,33900,3,3,1,1.0,1
HydraulicSystems,4,cooler_condition,STCG-v1 State Mapping,227,34050,34350,3,3,1,1.0,1
HydraulicSystems,4,cooler_condition,STCG-v1 State Mapping,228,34200,34500,3,3,1,1.0,1
HydraulicSystems,4,cooler_condition,STCG-v1 State Mapping,230,34500,34800,3,3,1,1.0,1
HydraulicSystems,4,cooler_condition,STCG-v1 State Mapping,231,34650,34950,3,3,1,1.0,1
HydraulicSystems,4,cooler_condition,STCG-v1 State Mapping,232,34800,35100,3,3,1,1.0,1
HydraulicSystems,4,cooler_condition,STCG-v1 State Mapping,235,35250,35550,3,3,1,1.0,1
HydraulicSystems,4,cooler_condition,STCG-v1 State Mapping,237,35550,35850,3,3,1,1.0,1
HydraulicSystems,4,cooler_condition,STCG-v1 State Mapping,240,36000,36300,3,3,1,1.0,1
HydraulicSystems,4,cooler_condition,STCG-v1 State Mapping,241,36150,36450,3,3,1,1.0,1
HydraulicSystems,4,cooler_condition,STCG-v1 State Mapping,244,36600,36900,3,3,1,1.0,1
HydraulicSystems,4,cooler_condition,STCG-v1 State Mapping,248,37200,37500,3,3,1,1.0,1
HydraulicSystems,4,cooler_condition,STCG-v1 State Mapping,252,37800,38100,3,3,1,1.0,1
HydraulicSystems,4,cooler_condition,STCG-v1 State Mapping,253,37950,38250,3,3,1,1.0,1
HydraulicSystems,4,cooler_condition,STCG-v1 State Mapping,255,38250,38550,3,3,1,1.0,1
HydraulicSystems,4,cooler_condition,STCG-v1 State Mapping,256,38400,38700,3,3,1,1.0,1
HydraulicSystems,4,cooler_condition,STCG-v1 State Mapping,257,38550,38850,3,3,1,1.0,1
HydraulicSystems,4,cooler_condition,STCG-v1 State Mapping,260,39000,39300,3,3,1,1.0,1
HydraulicSystems,4,cooler_condition,STCG-v1 State Mapping,264,39600,39900,3,3,1,1.0,1
HydraulicSystems,4,cooler_condition,STCG-v1 State Mapping,265,39750,40050,3,3,1,1.0,1
HydraulicSystems,4,cooler_condition,STCG-v1 State Mapping,266,39900,40200,3,3,1,1.0,1
HydraulicSystems,4,cooler_condition,STCG-v1 State Mapping,267,40050,40350,3,3,1,1.0,1
HydraulicSystems,4,cooler_condition,STCG-v1 State Mapping,271,40650,40950,3,3,1,1.0,1
HydraulicSystems,4,cooler_condition,STCG-v1 State Mapping,273,40950,41250,3,3,1,1.0,1
HydraulicSystems,4,cooler_condition,STCG-v1 State Mapping,274,41100,41400,3,3,1,1.0,1
HydraulicSystems,4,cooler_condition,STCG-v1 State Mapping,275,41250,41550,3,3,1,1.0,1
HydraulicSystems,4,cooler_condition,STCG-v1 State Mapping,276,41400,41700,3,3,1,1.0,1
HydraulicSystems,4,cooler_condition,STCG-v1 State Mapping,277,41550,41850,3,3,1,1.0,1
HydraulicSystems,4,cooler_condition,STCG-v1 State Mapping,280,42000,42300,3,3,1,1.0,1
HydraulicSystems,4,cooler_condition,STCG-v1 State Mapping,283,42450,42750,3,3,1,1.0,1
HydraulicSystems,4,cooler_condition,STCG-v1 State Mapping,284,42600,42900,3,3,1,1.0,1
HydraulicSystems,4,cooler_condition,STCG-v1 State Mapping,285,42750,43050,3,3,1,1.0,1
HydraulicSystems,4,cooler_condition,STCG-v1 State Mapping,291,43650,43950,3,3,1,0.9,1
HydraulicSystems,4,cooler_condition,STCG-v1 State Mapping,295,44250,44550,20,3,0,1.0,1
HydraulicSystems,4,cooler_condition,STCG-v1 State Mapping,296,44400,44700,20,3,0,1.0,1
HydraulicSystems,4,cooler_condition,STCG-v1 State Mapping,297,44550,44850,20,3,0,1.0,1
HydraulicSystems,4,cooler_condition,STCG-v1 State Mapping,301,45150,45450,20,3,0,1.0,1
HydraulicSystems,4,cooler_condition,STCG-v1 State Mapping,302,45300,45600,20,3,0,1.0,1
HydraulicSystems,4,cooler_condition,STCG-v1 State Mapping,303,45450,45750,20,3,0,1.0,1
HydraulicSystems,4,cooler_condition,STCG-v1 State Mapping,304,45600,45900,20,3,0,1.0,1
HydraulicSystems,4,cooler_condition,STCG-v1 State Mapping,308,46200,46500,20,100,0,1.0,0
HydraulicSystems,4,cooler_condition,STCG-v1 State Mapping,309,46350,46650,20,3,0,1.0,1
HydraulicSystems,4,cooler_condition,STCG-v1 State Mapping,310,46500,46800,20,100,0,1.0,0
HydraulicSystems,4,cooler_condition,STCG-v1 State Mapping,314,47100,47400,20,100,0,1.0,0
HydraulicSystems,4,cooler_condition,STCG-v1 State Mapping,315,47250,47550,20,3,0,1.0,1
HydraulicSystems,4,cooler_condition,STCG-v1 State Mapping,317,47550,47850,20,100,0,1.0,0
HydraulicSystems,4,cooler_condition,STCG-v1 State Mapping,319,47850,48150,20,100,0,1.0,0
HydraulicSystems,4,cooler_condition,STCG-v1 State Mapping,323,48450,48750,20,100,0,1.0,0
HydraulicSystems,4,cooler_condition,STCG-v1 State Mapping,325,48750,49050,20,100,0,1.0,0
HydraulicSystems,4,cooler_condition,STCG-v1 State Mapping,326,48900,49200,20,100,0,1.0,0
HydraulicSystems,4,cooler_condition,STCG-v1 State Mapping,329,49350,49650,20,100,0,1.0,0
HydraulicSystems,4,cooler_condition,STCG-v1 State Mapping,330,49500,49800,20,100,0,1.0,0
HydraulicSystems,4,cooler_condition,STCG-v1 State Mapping,333,49950,50250,20,100,0,1.0,0
HydraulicSystems,4,cooler_condition,STCG-v1 State Mapping,334,50100,50400,20,100,0,1.0,0
HydraulicSystems,4,cooler_condition,STCG-v1 State Mapping,336,50400,50700,20,100,0,1.0,0
HydraulicSystems,4,cooler_condition,STCG-v1 State Mapping,338,50700,51000,20,100,0,1.0,0
HydraulicSystems,4,cooler_condition,STCG-v1 State Mapping,341,51150,51450,20,100,0,1.0,0
HydraulicSystems,4,cooler_condition,STCG-v1 State Mapping,342,51300,51600,20,100,0,1.0,0
HydraulicSystems,4,cooler_condition,STCG-v1 State Mapping,343,51450,51750,20,100,0,1.0,0
HydraulicSystems,4,cooler_condition,STCG-v1 State Mapping,345,51750,52050,20,100,0,1.0,0
HydraulicSystems,4,cooler_condition,STCG-v1 State Mapping,346,51900,52200,20,3,0,1.0,1
HydraulicSystems,4,cooler_condition,STCG-v1 State Mapping,349,52350,52650,20,3,0,1.0,1
HydraulicSystems,4,cooler_condition,STCG-v1 State Mapping,351,52650,52950,20,100,0,1.0,0
HydraulicSystems,4,cooler_condition,STCG-v1 State Mapping,352,52800,53100,20,100,0,1.0,0
HydraulicSystems,4,cooler_condition,STCG-v1 State Mapping,353,52950,53250,20,100,0,1.0,0
HydraulicSystems,4,cooler_condition,STCG-v1 State Mapping,356,53400,53700,20,100,0,1.0,0
HydraulicSystems,4,cooler_condition,STCG-v1 State Mapping,357,53550,53850,20,100,0,1.0,0
HydraulicSystems,4,cooler_condition,STCG-v1 State Mapping,359,53850,54150,20,100,0,1.0,0
HydraulicSystems,4,cooler_condition,STCG-v1 State Mapping,361,54150,54450,20,100,0,1.0,0
HydraulicSystems,4,cooler_condition,STCG-v1 State Mapping,362,54300,54600,20,100,0,1.0,0
HydraulicSystems,4,cooler_condition,STCG-v1 State Mapping,363,54450,54750,20,100,0,1.0,0
HydraulicSystems,4,cooler_condition,STCG-v1 State Mapping,364,54600,54900,20,100,0,1.0,0
HydraulicSystems,4,cooler_condition,STCG-v1 State Mapping,365,54750,55050,20,100,0,1.0,0
HydraulicSystems,4,cooler_condition,STCG-v1 State Mapping,366,54900,55200,20,100,0,1.0,0
HydraulicSystems,4,cooler_condition,STCG-v1 State Mapping,368,55200,55500,20,100,0,1.0,0
HydraulicSystems,4,cooler_condition,STCG-v1 State Mapping,369,55350,55650,20,100,0,1.0,0
HydraulicSystems,4,cooler_condition,STCG-v1 State Mapping,370,55500,55800,20,100,0,1.0,0
HydraulicSystems,4,cooler_condition,STCG-v1 State Mapping,372,55800,56100,20,3,0,1.0,1
HydraulicSystems,4,cooler_condition,STCG-v1 State Mapping,373,55950,56250,20,3,0,1.0,1
HydraulicSystems,4,cooler_condition,STCG-v1 State Mapping,374,56100,56400,20,100,0,1.0,0
HydraulicSystems,4,cooler_condition,STCG-v1 State Mapping,376,56400,56700,20,100,0,1.0,0
HydraulicSystems,4,cooler_condition,STCG-v1 State Mapping,377,56550,56850,20,100,0,1.0,0
HydraulicSystems,4,cooler_condition,STCG-v1 State Mapping,378,56700,57000,20,100,0,1.0,0
HydraulicSystems,4,cooler_condition,STCG-v1 State Mapping,381,57150,57450,20,100,0,1.0,0
HydraulicSystems,4,cooler_condition,STCG-v1 State Mapping,382,57300,57600,20,100,0,1.0,0
HydraulicSystems,4,cooler_condition,STCG-v1 State Mapping,384,57600,57900,20,100,0,1.0,0
HydraulicSystems,4,cooler_condition,STCG-v1 State Mapping,386,57900,58200,20,100,0,1.0,0
HydraulicSystems,4,cooler_condition,STCG-v1 State Mapping,387,58050,58350,20,100,0,1.0,0
HydraulicSystems,4,cooler_condition,STCG-v1 State Mapping,388,58200,58500,20,100,0,1.0,0
HydraulicSystems,4,cooler_condition,STCG-v1 State Mapping,394,59100,59400,20,100,0,1.0,0
HydraulicSystems,4,cooler_condition,STCG-v1 State Mapping,395,59250,59550,20,100,0,1.0,0
HydraulicSystems,4,cooler_condition,STCG-v1 State Mapping,396,59400,59700,20,100,0,1.0,0
HydraulicSystems,4,cooler_condition,STCG-v1 State Mapping,397,59550,59850,20,3,0,1.0,1
HydraulicSystems,4,cooler_condition,STCG-v1 State Mapping,399,59850,60150,20,100,0,1.0,0
HydraulicSystems,4,cooler_condition,STCG-v1 State Mapping,402,60300,60600,20,100,0,1.0,0
HydraulicSystems,4,cooler_condition,STCG-v1 State Mapping,403,60450,60750,20,100,0,1.0,0
HydraulicSystems,4,cooler_condition,STCG-v1 State Mapping,410,61500,61800,20,100,0,1.0,0
HydraulicSystems,4,cooler_condition,STCG-v1 State Mapping,411,61650,61950,20,100,0,1.0,0
HydraulicSystems,4,cooler_condition,STCG-v1 State Mapping,412,61800,62100,20,100,0,1.0,0
HydraulicSystems,4,cooler_condition,STCG-v1 State Mapping,413,61950,62250,20,100,0,1.0,0
HydraulicSystems,4,cooler_condition,STCG-v1 State Mapping,414,62100,62400,20,100,0,1.0,0
HydraulicSystems,4,cooler_condition,STCG-v1 State Mapping,418,62700,63000,20,100,0,1.0,0
HydraulicSystems,4,cooler_condition,STCG-v1 State Mapping,420,63000,63300,20,100,0,1.0,0
HydraulicSystems,4,cooler_condition,STCG-v1 State Mapping,421,63150,63450,20,100,0,1.0,0
HydraulicSystems,4,cooler_condition,STCG-v1 State Mapping,423,63450,63750,20,100,0,1.0,0
HydraulicSystems,4,cooler_condition,STCG-v1 State Mapping,425,63750,64050,20,3,0,1.0,1
HydraulicSystems,4,cooler_condition,STCG-v1 State Mapping,428,64200,64500,20,100,0,1.0,0
HydraulicSystems,4,cooler_condition,STCG-v1 State Mapping,431,64650,64950,20,100,0,1.0,0
HydraulicSystems,4,cooler_condition,STCG-v1 State Mapping,433,64950,65250,20,100,0,1.0,0
HydraulicSystems,4,cooler_condition,STCG-v1 State Mapping,435,65250,65550,20,100,0,1.0,0
HydraulicSystems,4,cooler_condition,STCG-v1 State Mapping,438,65700,66000,20,100,0,1.0,0
HydraulicSystems,4,cooler_condition,STCG-v1 State Mapping,439,65850,66150,20,100,0,1.0,0
HydraulicSystems,4,cooler_condition,STCG-v1 State Mapping,442,66300,66600,20,100,0,1.0,0
HydraulicSystems,4,cooler_condition,STCG-v1 State Mapping,446,66900,67200,20,100,0,1.0,0
HydraulicSystems,4,cooler_condition,STCG-v1 State Mapping,448,67200,67500,20,100,0,1.0,0
HydraulicSystems,4,cooler_condition,STCG-v1 State Mapping,449,67350,67650,20,100,0,1.0,0
HydraulicSystems,4,cooler_condition,STCG-v1 State Mapping,452,67800,68100,20,3,0,1.0,1
HydraulicSystems,4,cooler_condition,STCG-v1 State Mapping,453,67950,68250,20,100,0,1.0,0
HydraulicSystems,4,cooler_condition,STCG-v1 State Mapping,454,68100,68400,20,100,0,1.0,0
HydraulicSystems,4,cooler_condition,STCG-v1 State Mapping,455,68250,68550,20,100,0,1.0,0
HydraulicSystems,4,cooler_condition,STCG-v1 State Mapping,457,68550,68850,20,100,0,1.0,0
HydraulicSystems,4,cooler_condition,STCG-v1 State Mapping,459,68850,69150,20,100,0,1.0,0
HydraulicSystems,4,cooler_condition,STCG-v1 State Mapping,461,69150,69450,20,100,0,1.0,0
HydraulicSystems,4,cooler_condition,STCG-v1 State Mapping,462,69300,69600,20,100,0,1.0,0
HydraulicSystems,4,cooler_condition,STCG-v1 State Mapping,464,69600,69900,20,100,0,1.0,0
HydraulicSystems,4,cooler_condition,STCG-v1 State Mapping,465,69750,70050,20,100,0,1.0,0
HydraulicSystems,4,cooler_condition,STCG-v1 State Mapping,467,70050,70350,20,100,0,1.0,0
HydraulicSystems,4,cooler_condition,STCG-v1 State Mapping,472,70800,71100,20,100,0,1.0,0
HydraulicSystems,4,cooler_condition,STCG-v1 State Mapping,473,70950,71250,20,100,0,1.0,0
HydraulicSystems,4,cooler_condition,STCG-v1 State Mapping,474,71100,71400,20,100,0,1.0,0
HydraulicSystems,4,cooler_condition,STCG-v1 State Mapping,481,72150,72450,20,100,0,1.0,0
HydraulicSystems,4,cooler_condition,STCG-v1 State Mapping,485,72750,73050,20,100,0,1.0,0
HydraulicSystems,4,cooler_condition,STCG-v1 State Mapping,487,73050,73350,20,100,0,1.0,0
HydraulicSystems,4,cooler_condition,STCG-v1 State Mapping,488,73200,73500,20,100,0,1.0,0
HydraulicSystems,4,cooler_condition,STCG-v1 State Mapping,490,73500,73800,20,100,0,1.0,0
HydraulicSystems,4,cooler_condition,STCG-v1 State Mapping,491,73650,73950,20,100,0,1.0,0
HydraulicSystems,4,cooler_condition,STCG-v1 State Mapping,494,74100,74400,20,100,0,1.0,0
HydraulicSystems,4,cooler_condition,STCG-v1 State Mapping,495,74250,74550,20,100,0,1.0,0
HydraulicSystems,4,cooler_condition,STCG-v1 State Mapping,499,74850,75150,20,100,0,1.0,0
HydraulicSystems,4,cooler_condition,STCG-v1 State Mapping,500,75000,75300,20,100,0,1.0,0
HydraulicSystems,4,cooler_condition,STCG-v1 State Mapping,501,75150,75450,20,100,0,1.0,0
HydraulicSystems,4,cooler_condition,STCG-v1 State Mapping,502,75300,75600,20,100,0,1.0,0
HydraulicSystems,4,cooler_condition,STCG-v1 State Mapping,504,75600,75900,20,100,0,1.0,0
HydraulicSystems,4,cooler_condition,STCG-v1 State Mapping,507,76050,76350,20,100,0,1.0,0
HydraulicSystems,4,cooler_condition,STCG-v1 State Mapping,508,76200,76500,20,100,0,1.0,0
HydraulicSystems,4,cooler_condition,STCG-v1 State Mapping,511,76650,76950,20,100,0,1.0,0
HydraulicSystems,4,cooler_condition,STCG-v1 State Mapping,515,77250,77550,20,100,0,1.0,0
HydraulicSystems,4,cooler_condition,STCG-v1 State Mapping,517,77550,77850,20,100,0,1.0,0
HydraulicSystems,4,cooler_condition,STCG-v1 State Mapping,519,77850,78150,20,100,0,1.0,0
HydraulicSystems,4,cooler_condition,STCG-v1 State Mapping,525,78750,79050,20,100,0,1.0,0
HydraulicSystems,4,cooler_condition,STCG-v1 State Mapping,526,78900,79200,20,100,0,1.0,0
HydraulicSystems,4,cooler_condition,STCG-v1 State Mapping,527,79050,79350,20,100,0,1.0,0
HydraulicSystems,4,cooler_condition,STCG-v1 State Mapping,530,79500,79800,20,100,0,1.0,0
HydraulicSystems,4,cooler_condition,STCG-v1 State Mapping,531,79650,79950,20,100,0,1.0,0
HydraulicSystems,4,cooler_condition,STCG-v1 State Mapping,533,79950,80250,20,100,0,1.0,0
HydraulicSystems,4,cooler_condition,STCG-v1 State Mapping,539,80850,81150,20,100,0,1.0,0
HydraulicSystems,4,cooler_condition,STCG-v1 State Mapping,540,81000,81300,20,100,0,1.0,0
HydraulicSystems,4,cooler_condition,STCG-v1 State Mapping,544,81600,81900,20,100,0,1.0,0
HydraulicSystems,4,cooler_condition,STCG-v1 State Mapping,545,81750,82050,20,100,0,1.0,0
HydraulicSystems,4,cooler_condition,STCG-v1 State Mapping,546,81900,82200,20,100,0,1.0,0
HydraulicSystems,4,cooler_condition,STCG-v1 State Mapping,551,82650,82950,20,100,0,1.0,0
HydraulicSystems,4,cooler_condition,STCG-v1 State Mapping,554,83100,83400,20,100,0,1.0,0
HydraulicSystems,4,cooler_condition,STCG-v1 State Mapping,560,84000,84300,20,100,0,1.0,0
HydraulicSystems,4,cooler_condition,STCG-v1 State Mapping,561,84150,84450,20,100,0,1.0,0
HydraulicSystems,4,cooler_condition,STCG-v1 State Mapping,562,84300,84600,20,100,0,1.0,0
HydraulicSystems,4,cooler_condition,STCG-v1 State Mapping,563,84450,84750,20,100,0,1.0,0
HydraulicSystems,4,cooler_condition,STCG-v1 State Mapping,566,84900,85200,20,100,0,1.0,0
HydraulicSystems,4,cooler_condition,STCG-v1 State Mapping,567,85050,85350,20,100,0,1.0,0
HydraulicSystems,4,cooler_condition,STCG-v1 State Mapping,568,85200,85500,20,3,0,1.0,1
HydraulicSystems,4,cooler_condition,STCG-v1 State Mapping,569,85350,85650,20,100,0,1.0,0
HydraulicSystems,4,cooler_condition,STCG-v1 State Mapping,570,85500,85800,20,3,0,1.0,1
HydraulicSystems,4,cooler_condition,STCG-v1 State Mapping,571,85650,85950,20,100,0,1.0,0
HydraulicSystems,4,cooler_condition,STCG-v1 State Mapping,572,85800,86100,20,100,0,1.0,0
HydraulicSystems,4,cooler_condition,STCG-v1 State Mapping,573,85950,86250,20,100,0,1.0,0
HydraulicSystems,4,cooler_condition,STCG-v1 State Mapping,575,86250,86550,20,100,0,1.0,0
HydraulicSystems,4,cooler_condition,STCG-v1 State Mapping,580,87000,87300,20,100,0,1.0,0
HydraulicSystems,4,cooler_condition,STCG-v1 State Mapping,581,87150,87450,20,100,0,1.0,0
HydraulicSystems,4,cooler_condition,STCG-v1 State Mapping,583,87450,87750,20,100,0,1.0,0
HydraulicSystems,4,cooler_condition,STCG-v1 State Mapping,584,87600,87900,20,3,0,0.8,1
HydraulicSystems,4,cooler_condition,STCG-v1 State Mapping,588,88200,88500,100,3,0,1.0,1
HydraulicSystems,4,cooler_condition,STCG-v1 State Mapping,590,88500,88800,100,100,1,1.0,0
HydraulicSystems,4,cooler_condition,STCG-v1 State Mapping,591,88650,88950,100,3,0,1.0,1
HydraulicSystems,4,cooler_condition,STCG-v1 State Mapping,592,88800,89100,100,100,1,1.0,0
HydraulicSystems,4,cooler_condition,STCG-v1 State Mapping,593,88950,89250,100,100,1,1.0,0
HydraulicSystems,4,cooler_condition,STCG-v1 State Mapping,596,89400,89700,100,100,1,1.0,0
HydraulicSystems,4,cooler_condition,STCG-v1 State Mapping,597,89550,89850,100,100,1,1.0,0
HydraulicSystems,4,cooler_condition,STCG-v1 State Mapping,598,89700,90000,100,100,1,1.0,0
HydraulicSystems,4,cooler_condition,STCG-v1 State Mapping,600,90000,90300,100,100,1,1.0,0
HydraulicSystems,4,cooler_condition,STCG-v1 State Mapping,601,90150,90450,100,100,1,1.0,0
HydraulicSystems,4,cooler_condition,STCG-v1 State Mapping,606,90900,91200,100,100,1,1.0,0
HydraulicSystems,4,cooler_condition,STCG-v1 State Mapping,608,91200,91500,100,100,1,1.0,0
HydraulicSystems,4,cooler_condition,STCG-v1 State Mapping,609,91350,91650,100,100,1,1.0,0
HydraulicSystems,4,cooler_condition,STCG-v1 State Mapping,610,91500,91800,100,100,1,1.0,0
HydraulicSystems,4,cooler_condition,STCG-v1 State Mapping,612,91800,92100,100,100,1,1.0,0
HydraulicSystems,4,cooler_condition,STCG-v1 State Mapping,613,91950,92250,100,100,1,1.0,0
HydraulicSystems,4,cooler_condition,STCG-v1 State Mapping,616,92400,92700,100,100,1,1.0,0
HydraulicSystems,4,cooler_condition,STCG-v1 State Mapping,617,92550,92850,100,100,1,1.0,0
HydraulicSystems,4,cooler_condition,STCG-v1 State Mapping,619,92850,93150,100,100,1,1.0,0
HydraulicSystems,4,cooler_condition,STCG-v1 State Mapping,620,93000,93300,100,100,1,1.0,0
HydraulicSystems,4,cooler_condition,STCG-v1 State Mapping,621,93150,93450,100,100,1,1.0,0
HydraulicSystems,4,cooler_condition,STCG-v1 State Mapping,622,93300,93600,100,100,1,1.0,0
HydraulicSystems,4,cooler_condition,STCG-v1 State Mapping,626,93900,94200,100,100,1,1.0,0
HydraulicSystems,4,cooler_condition,STCG-v1 State Mapping,627,94050,94350,100,100,1,1.0,0
HydraulicSystems,4,cooler_condition,STCG-v1 State Mapping,629,94350,94650,100,100,1,1.0,0
HydraulicSystems,4,cooler_condition,STCG-v1 State Mapping,630,94500,94800,100,100,1,1.0,0
HydraulicSystems,4,cooler_condition,STCG-v1 State Mapping,631,94650,94950,100,100,1,1.0,0
HydraulicSystems,4,cooler_condition,STCG-v1 State Mapping,636,95400,95700,100,100,1,1.0,0
HydraulicSystems,4,cooler_condition,STCG-v1 State Mapping,637,95550,95850,100,100,1,1.0,0
HydraulicSystems,4,cooler_condition,STCG-v1 State Mapping,642,96300,96600,100,100,1,1.0,0
HydraulicSystems,4,cooler_condition,STCG-v1 State Mapping,648,97200,97500,100,100,1,1.0,0
HydraulicSystems,4,cooler_condition,STCG-v1 State Mapping,649,97350,97650,100,100,1,1.0,0
HydraulicSystems,4,cooler_condition,STCG-v1 State Mapping,650,97500,97800,100,100,1,1.0,0
HydraulicSystems,4,cooler_condition,STCG-v1 State Mapping,651,97650,97950,100,100,1,1.0,0
HydraulicSystems,4,cooler_condition,STCG-v1 State Mapping,652,97800,98100,100,100,1,1.0,0
HydraulicSystems,4,cooler_condition,STCG-v1 State Mapping,657,98550,98850,100,100,1,1.0,0
HydraulicSystems,4,cooler_condition,STCG-v1 State Mapping,661,99150,99450,100,100,1,1.0,0
HydraulicSystems,4,cooler_condition,STCG-v1 State Mapping,662,99300,99600,100,100,1,1.0,0
HydraulicSystems,4,cooler_condition,STCG-v1 State Mapping,663,99450,99750,100,100,1,1.0,0
HydraulicSystems,4,cooler_condition,STCG-v1 State Mapping,664,99600,99900,100,100,1,1.0,0
HydraulicSystems,4,cooler_condition,STCG-v1 State Mapping,665,99750,100050,100,100,1,1.0,0
HydraulicSystems,4,cooler_condition,STCG-v1 State Mapping,667,100050,100350,100,100,1,1.0,0
HydraulicSystems,4,cooler_condition,STCG-v1 State Mapping,669,100350,100650,100,100,1,1.0,0
HydraulicSystems,4,cooler_condition,STCG-v1 State Mapping,670,100500,100800,100,100,1,1.0,0
HydraulicSystems,4,cooler_condition,STCG-v1 State Mapping,674,101100,101400,100,100,1,1.0,0
HydraulicSystems,4,cooler_condition,STCG-v1 State Mapping,676,101400,101700,100,100,1,1.0,0
HydraulicSystems,4,cooler_condition,STCG-v1 State Mapping,678,101700,102000,100,100,1,1.0,0
HydraulicSystems,4,cooler_condition,STCG-v1 State Mapping,679,101850,102150,100,100,1,1.0,0
HydraulicSystems,4,cooler_condition,STCG-v1 State Mapping,683,102450,102750,100,100,1,1.0,0
HydraulicSystems,4,cooler_condition,STCG-v1 State Mapping,684,102600,102900,100,100,1,1.0,0
HydraulicSystems,4,cooler_condition,STCG-v1 State Mapping,688,103200,103500,100,100,1,1.0,0
HydraulicSystems,4,cooler_condition,STCG-v1 State Mapping,691,103650,103950,100,100,1,1.0,0
HydraulicSystems,4,cooler_condition,STCG-v1 State Mapping,692,103800,104100,100,100,1,1.0,0
HydraulicSystems,4,cooler_condition,STCG-v1 State Mapping,694,104100,104400,100,100,1,1.0,0
HydraulicSystems,4,cooler_condition,STCG-v1 State Mapping,695,104250,104550,100,100,1,1.0,0
HydraulicSystems,4,cooler_condition,STCG-v1 State Mapping,698,104700,105000,100,100,1,1.0,0
HydraulicSystems,4,cooler_condition,STCG-v1 State Mapping,699,104850,105150,100,100,1,1.0,0
HydraulicSystems,4,cooler_condition,STCG-v1 State Mapping,703,105450,105750,100,100,1,1.0,0
HydraulicSystems,4,cooler_condition,STCG-v1 State Mapping,707,106050,106350,100,100,1,1.0,0
HydraulicSystems,4,cooler_condition,STCG-v1 State Mapping,710,106500,106800,100,100,1,1.0,0
HydraulicSystems,4,cooler_condition,STCG-v1 State Mapping,711,106650,106950,100,100,1,1.0,0
HydraulicSystems,4,cooler_condition,STCG-v1 State Mapping,712,106800,107100,100,100,1,1.0,0
HydraulicSystems,4,cooler_condition,STCG-v1 State Mapping,713,106950,107250,100,100,1,1.0,0
HydraulicSystems,4,cooler_condition,STCG-v1 State Mapping,715,107250,107550,100,100,1,1.0,0
HydraulicSystems,4,cooler_condition,STCG-v1 State Mapping,716,107400,107700,100,100,1,1.0,0
HydraulicSystems,4,cooler_condition,STCG-v1 State Mapping,719,107850,108150,100,100,1,1.0,0
HydraulicSystems,4,cooler_condition,STCG-v1 State Mapping,720,108000,108300,100,100,1,1.0,0
HydraulicSystems,4,cooler_condition,STCG-v1 State Mapping,722,108300,108600,100,100,1,1.0,0
HydraulicSystems,4,cooler_condition,STCG-v1 State Mapping,723,108450,108750,100,100,1,1.0,0
HydraulicSystems,4,cooler_condition,STCG-v1 State Mapping,727,109050,109350,100,100,1,1.0,0
HydraulicSystems,4,cooler_condition,STCG-v1 State Mapping,733,109950,110250,100,100,1,1.0,0
HydraulicSystems,4,cooler_condition,STCG-v1 State Mapping,734,110100,110400,100,100,1,1.0,0
HydraulicSystems,4,cooler_condition,STCG-v1 State Mapping,737,110550,110850,100,100,1,1.0,0
HydraulicSystems,4,cooler_condition,STCG-v1 State Mapping,739,110850,111150,100,100,1,1.0,0
HydraulicSystems,4,cooler_condition,STCG-v1 State Mapping,741,111150,111450,100,100,1,1.0,0
HydraulicSystems,4,cooler_condition,STCG-v1 State Mapping,746,111900,112200,100,100,1,1.0,0
HydraulicSystems,4,cooler_condition,STCG-v1 State Mapping,748,112200,112500,100,100,1,1.0,0
HydraulicSystems,4,cooler_condition,STCG-v1 State Mapping,750,112500,112800,100,100,1,1.0,0
HydraulicSystems,4,cooler_condition,STCG-v1 State Mapping,753,112950,113250,100,100,1,1.0,0
HydraulicSystems,4,cooler_condition,STCG-v1 State Mapping,755,113250,113550,100,100,1,1.0,0
HydraulicSystems,4,cooler_condition,STCG-v1 State Mapping,757,113550,113850,100,100,1,1.0,0
HydraulicSystems,4,cooler_condition,STCG-v1 State Mapping,758,113700,114000,100,100,1,1.0,0
HydraulicSystems,4,cooler_condition,STCG-v1 State Mapping,759,113850,114150,100,100,1,1.0,0
HydraulicSystems,4,cooler_condition,STCG-v1 State Mapping,760,114000,114300,100,100,1,1.0,0
HydraulicSystems,4,cooler_condition,STCG-v1 State Mapping,761,114150,114450,100,100,1,1.0,0
HydraulicSystems,4,cooler_condition,STCG-v1 State Mapping,762,114300,114600,100,100,1,1.0,0
HydraulicSystems,4,cooler_condition,STCG-v1 State Mapping,763,114450,114750,100,100,1,1.0,0
HydraulicSystems,4,cooler_condition,STCG-v1 State Mapping,764,114600,114900,100,100,1,1.0,0
HydraulicSystems,4,cooler_condition,STCG-v1 State Mapping,767,115050,115350,100,100,1,1.0,0
HydraulicSystems,4,cooler_condition,STCG-v1 State Mapping,769,115350,115650,100,100,1,1.0,0
HydraulicSystems,4,cooler_condition,STCG-v1 State Mapping,772,115800,116100,100,100,1,1.0,0
HydraulicSystems,4,cooler_condition,STCG-v1 State Mapping,775,116250,116550,100,100,1,1.0,0
HydraulicSystems,4,cooler_condition,STCG-v1 State Mapping,777,116550,116850,100,100,1,1.0,0
HydraulicSystems,4,cooler_condition,STCG-v1 State Mapping,781,117150,117450,100,100,1,1.0,0
HydraulicSystems,4,cooler_condition,STCG-v1 State Mapping,783,117450,117750,100,100,1,1.0,0
HydraulicSystems,4,cooler_condition,STCG-v1 State Mapping,785,117750,118050,100,100,1,1.0,0
HydraulicSystems,4,cooler_condition,STCG-v1 State Mapping,786,117900,118200,100,100,1,1.0,0
HydraulicSystems,4,cooler_condition,STCG-v1 State Mapping,788,118200,118500,100,100,1,1.0,0
HydraulicSystems,4,cooler_condition,STCG-v1 State Mapping,792,118800,119100,100,100,1,1.0,0
HydraulicSystems,4,cooler_condition,STCG-v1 State Mapping,793,118950,119250,100,100,1,1.0,0
HydraulicSystems,4,cooler_condition,STCG-v1 State Mapping,794,119100,119400,100,100,1,1.0,0
HydraulicSystems,4,cooler_condition,STCG-v1 State Mapping,795,119250,119550,100,100,1,1.0,0
HydraulicSystems,4,cooler_condition,STCG-v1 State Mapping,797,119550,119850,100,100,1,1.0,0
HydraulicSystems,4,cooler_condition,STCG-v1 State Mapping,801,120150,120450,100,100,1,1.0,0
HydraulicSystems,4,cooler_condition,STCG-v1 State Mapping,803,120450,120750,100,100,1,1.0,0
HydraulicSystems,4,cooler_condition,STCG-v1 State Mapping,808,121200,121500,100,100,1,1.0,0
HydraulicSystems,4,cooler_condition,STCG-v1 State Mapping,810,121500,121800,100,100,1,1.0,0
HydraulicSystems,4,cooler_condition,STCG-v1 State Mapping,812,121800,122100,100,100,1,1.0,0
HydraulicSystems,4,cooler_condition,STCG-v1 State Mapping,815,122250,122550,100,100,1,1.0,0
HydraulicSystems,4,cooler_condition,STCG-v1 State Mapping,817,122550,122850,100,100,1,1.0,0
HydraulicSystems,4,cooler_condition,STCG-v1 State Mapping,820,123000,123300,100,100,1,1.0,0
HydraulicSystems,4,cooler_condition,STCG-v1 State Mapping,821,123150,123450,100,100,1,1.0,0
HydraulicSystems,4,cooler_condition,STCG-v1 State Mapping,822,123300,123600,100,100,1,1.0,0
HydraulicSystems,4,cooler_condition,STCG-v1 State Mapping,823,123450,123750,100,100,1,1.0,0
HydraulicSystems,4,cooler_condition,STCG-v1 State Mapping,824,123600,123900,100,100,1,1.0,0
HydraulicSystems,4,cooler_condition,STCG-v1 State Mapping,826,123900,124200,100,100,1,1.0,0
HydraulicSystems,4,cooler_condition,STCG-v1 State Mapping,828,124200,124500,100,100,1,1.0,0
HydraulicSystems,4,cooler_condition,STCG-v1 State Mapping,829,124350,124650,100,100,1,1.0,0
HydraulicSystems,4,cooler_condition,STCG-v1 State Mapping,830,124500,124800,100,100,1,1.0,0
HydraulicSystems,4,cooler_condition,STCG-v1 State Mapping,832,124800,125100,100,100,1,1.0,0
HydraulicSystems,4,cooler_condition,STCG-v1 State Mapping,834,125100,125400,100,100,1,1.0,0
HydraulicSystems,4,cooler_condition,STCG-v1 State Mapping,836,125400,125700,100,100,1,1.0,0
HydraulicSystems,4,cooler_condition,STCG-v1 State Mapping,838,125700,126000,100,100,1,1.0,0
HydraulicSystems,4,cooler_condition,STCG-v1 State Mapping,842,126300,126600,100,100,1,1.0,0
HydraulicSystems,4,cooler_condition,STCG-v1 State Mapping,843,126450,126750,100,100,1,1.0,0
HydraulicSystems,4,cooler_condition,STCG-v1 State Mapping,844,126600,126900,100,100,1,1.0,0
HydraulicSystems,4,cooler_condition,STCG-v1 State Mapping,845,126750,127050,100,100,1,1.0,0
HydraulicSystems,4,cooler_condition,STCG-v1 State Mapping,848,127200,127500,100,100,1,1.0,0
HydraulicSystems,4,cooler_condition,STCG-v1 State Mapping,849,127350,127650,100,100,1,1.0,0
HydraulicSystems,4,cooler_condition,STCG-v1 State Mapping,851,127650,127950,100,100,1,1.0,0
HydraulicSystems,4,cooler_condition,STCG-v1 State Mapping,852,127800,128100,100,100,1,1.0,0
HydraulicSystems,4,cooler_condition,STCG-v1 State Mapping,853,127950,128250,100,100,1,1.0,0
HydraulicSystems,4,cooler_condition,STCG-v1 State Mapping,858,128700,129000,100,100,1,1.0,0
HydraulicSystems,4,cooler_condition,STCG-v1 State Mapping,859,128850,129150,100,100,1,1.0,0
HydraulicSystems,4,cooler_condition,STCG-v1 State Mapping,860,129000,129300,100,100,1,1.0,0
HydraulicSystems,4,cooler_condition,STCG-v1 State Mapping,861,129150,129450,100,100,1,1.0,0
HydraulicSystems,4,cooler_condition,STCG-v1 State Mapping,863,129450,129750,100,100,1,1.0,0
HydraulicSystems,4,cooler_condition,STCG-v1 State Mapping,864,129600,129900,100,100,1,1.0,0
HydraulicSystems,4,cooler_condition,STCG-v1 State Mapping,865,129750,130050,100,100,1,1.0,0
HydraulicSystems,4,cooler_condition,STCG-v1 State Mapping,867,130050,130350,100,100,1,1.0,0
HydraulicSystems,4,cooler_condition,STCG-v1 State Mapping,872,130800,131100,100,100,1,1.0,0
HydraulicSystems,4,cooler_condition,STCG-v1 State Mapping,873,130950,131250,100,100,1,1.0,0
HydraulicSystems,4,cooler_condition,STCG-v1 State Mapping,874,131100,131400,100,100,1,1.0,0
HydraulicSystems,4,cooler_condition,STCG-v1 State Mapping,875,131250,131550,100,100,1,1.0,0
HydraulicSystems,4,cooler_condition,STCG-v1 State Mapping,877,131550,131850,100,100,1,1.0,0
HydraulicSystems,4,cooler_condition,STCG-v1 State Mapping,878,131700,132000,100,100,1,1.0,0
HydraulicSystems,4,cooler_condition,STCG-v1 State Mapping,879,131850,132150,100,100,1,1.0,0
HydraulicSystems,4,cooler_condition,STCG-v1 State Mapping,880,132000,132300,100,100,1,1.0,0
