dataset,seed,window_id,start,end,center,true_label,label_purity,inferred_state,aligned_state_label,match
HydraulicSystems,0,0,0,300,150.0,3,1.0,1,3,1
HydraulicSystems,0,1,150,450,300.0,3,1.0,1,3,1
HydraulicSystems,0,2,300,600,450.0,3,1.0,1,3,1
HydraulicSystems,0,3,450,750,600.0,3,1.0,1,3,1
HydraulicSystems,0,4,600,900,750.0,3,1.0,1,3,1
HydraulicSystems,0,5,750,1050,900.0,3,1.0,1,3,1
HydraulicSystems,0,6,900,1200,1050.0,3,1.0,1,3,1
HydraulicSystems,0,7,1050,1350,1200.0,3,1.0,1,3,1
HydraulicSystems,0,8,1200,1500,1350.0,3,1.0,1,3,1
HydraulicSystems,0,9,1350,1650,1500.0,3,1.0,1,3,1
HydraulicSystems,0,10,1500,1800,1650.0,3,1.0,1,3,1
HydraulicSystems,0,11,1650,1950,1800.0,3,1.0,1,3,1
HydraulicSystems,0,12,1800,2100,1950.0,3,1.0,1,3,1
HydraulicSystems,0,13,1950,2250,2100.0,3,1.0,1,3,1
HydraulicSystems,0,14,2100,2400,2250.0,3,1.0,1,3,1
HydraulicSystems,0,15,2250,2550,2400.0,3,1.0,1,3,1
HydraulicSystems,0,16,2400,2700,2550.0,3,1.0,1,3,1
HydraulicSystems,0,17,2550,2850,2700.0,3,1.0,1,3,1
HydraulicSystems,0,18,2700,3000,2850.0,3,1.0,1,3,1
HydraulicSystems,0,19,2850,3150,3000.0,3,1.0,1,3,1
HydraulicSystems,0,20,3000,3300,3150.0,3,1.0,1,3,1
HydraulicSystems,0,21,3150,3450,3300.0,3,1.0,1,3,1
HydraulicSystems,0,22,3300,3600,3450.0,3,1.0,1,3,1
HydraulicSystems,0,23,3450,3750,3600.0,3,1.0,1,3,1
HydraulicSystems,0,24,3600,3900,3750.0,3,1.0,1,3,1
HydraulicSystems,0,25,3750,4050,3900.0,3,1.0,1,3,1
HydraulicSystems,0,26,3900,4200,4050.0,3,1.0,1,3,1
HydraulicSystems,0,27,4050,4350,4200.0,3,1.0,1,3,1
HydraulicSystems,0,28,4200,4500,4350.0,3,1.0,1,3,1
HydraulicSystems,0,29,4350,4650,4500.0,3,1.0,1,3,1
HydraulicSystems,0,30,4500,4800,4650.0,3,1.0,1,3,1
HydraulicSystems,0,31,4650,4950,4800.0,3,1.0,1,3,1
HydraulicSystems,0,32,4800,5100,4950.0,3,1.0,1,3,1
HydraulicSystems,0,33,4950,5250,5100.0,3,1.0,1,3,1
HydraulicSystems,0,34,5100,5400,5250.0,3,1.0,1,3,1
HydraulicSystems,0,35,5250,5550,5400.0,3,1.0,1,3,1
HydraulicSystems,0,36,5400,5700,5550.0,3,1.0,1,3,1
HydraulicSystems,0,37,5550,5850,5700.0,3,1.0,1,3,1
HydraulicSystems,0,38,5700,6000,5850.0,3,1.0,1,3,1
HydraulicSystems,0,39,5850,6150,6000.0,3,1.0,1,3,1
HydraulicSystems,0,40,6000,6300,6150.0,3,1.0,1,3,1
HydraulicSystems,0,41,6150,6450,6300.0,3,1.0,1,3,1
HydraulicSystems,0,42,6300,6600,6450.0,3,1.0,1,3,1
HydraulicSystems,0,43,6450,6750,6600.0,3,1.0,1,3,1
HydraulicSystems,0,44,6600,6900,6750.0,3,1.0,1,3,1
HydraulicSystems,0,45,6750,7050,6900.0,3,1.0,1,3,1
HydraulicSystems,0,46,6900,7200,7050.0,3,1.0,1,3,1
HydraulicSystems,0,47,7050,7350,7200.0,3,1.0,1,3,1
HydraulicSystems,0,48,7200,7500,7350.0,3,1.0,1,3,1
HydraulicSystems,0,49,7350,7650,7500.0,3,1.0,0,20,0
HydraulicSystems,0,50,7500,7800,7650.0,3,1.0,1,3,1
HydraulicSystems,0,51,7650,7950,7800.0,3,1.0,1,3,1
HydraulicSystems,0,52,7800,8100,7950.0,3,1.0,1,3,1
HydraulicSystems,0,53,7950,8250,8100.0,3,1.0,1,3,1
HydraulicSystems,0,54,8100,8400,8250.0,3,1.0,1,3,1
HydraulicSystems,0,55,8250,8550,8400.0,3,1.0,0,20,0
HydraulicSystems,0,56,8400,8700,8550.0,3,1.0,0,20,0
HydraulicSystems,0,57,8550,8850,8700.0,3,1.0,1,3,1
HydraulicSystems,0,58,8700,9000,8850.0,3,1.0,1,3,1
HydraulicSystems,0,59,8850,9150,9000.0,3,1.0,1,3,1
HydraulicSystems,0,60,9000,9300,9150.0,3,1.0,1,3,1
HydraulicSystems,0,61,9150,9450,9300.0,3,1.0,1,3,1
HydraulicSystems,0,62,9300,9600,9450.0,3,1.0,1,3,1
HydraulicSystems,0,63,9450,9750,9600.0,3,1.0,1,3,1
HydraulicSystems,0,64,9600,9900,9750.0,3,1.0,1,3,1
HydraulicSystems,0,65,9750,10050,9900.0,3,1.0,1,3,1
HydraulicSystems,0,66,9900,10200,10050.0,3,1.0,1,3,1
HydraulicSystems,0,67,10050,10350,10200.0,3,1.0,1,3,1
HydraulicSystems,0,68,10200,10500,10350.0,3,1.0,1,3,1
HydraulicSystems,0,69,10350,10650,10500.0,3,1.0,1,3,1
HydraulicSystems,0,70,10500,10800,10650.0,3,1.0,1,3,1
HydraulicSystems,0,71,10650,10950,10800.0,3,1.0,1,3,1
HydraulicSystems,0,72,10800,11100,10950.0,3,1.0,1,3,1
HydraulicSystems,0,73,10950,11250,11100.0,3,1.0,1,3,1
HydraulicSystems,0,74,11100,11400,11250.0,3,1.0,1,3,1
HydraulicSystems,0,75,11250,11550,11400.0,3,1.0,1,3,1
HydraulicSystems,0,76,11400,11700,11550.0,3,1.0,1,3,1
HydraulicSystems,0,77,11550,11850,11700.0,3,1.0,1,3,1
HydraulicSystems,0,78,11700,12000,11850.0,3,1.0,1,3,1
HydraulicSystems,0,79,11850,12150,12000.0,3,1.0,1,3,1
HydraulicSystems,0,80,12000,12300,12150.0,3,1.0,1,3,1
HydraulicSystems,0,81,12150,12450,12300.0,3,1.0,1,3,1
HydraulicSystems,0,82,12300,12600,12450.0,3,1.0,1,3,1
HydraulicSystems,0,83,12450,12750,12600.0,3,1.0,1,3,1
HydraulicSystems,0,84,12600,12900,12750.0,3,1.0,1,3,1
HydraulicSystems,0,85,12750,13050,12900.0,3,1.0,1,3,1
HydraulicSystems,0,86,12900,13200,13050.0,3,1.0,1,3,1
HydraulicSystems,0,87,13050,13350,13200.0,3,1.0,1,3,1
HydraulicSystems,0,88,13200,13500,13350.0,3,1.0,0,20,0
HydraulicSystems,0,89,13350,13650,13500.0,3,1.0,1,3,1
HydraulicSystems,0,90,13500,13800,13650.0,3,1.0,1,3,1
HydraulicSystems,0,91,13650,13950,13800.0,3,1.0,1,3,1
HydraulicSystems,0,92,13800,14100,13950.0,3,1.0,1,3,1
HydraulicSystems,0,93,13950,14250,14100.0,3,1.0,1,3,1
HydraulicSystems,0,94,14100,14400,14250.0,3,1.0,1,3,1
HydraulicSystems,0,95,14250,14550,14400.0,3,1.0,1,3,1
HydraulicSystems,0,96,14400,14700,14550.0,3,1.0,1,3,1
HydraulicSystems,0,97,14550,14850,14700.0,3,1.0,1,3,1
HydraulicSystems,0,98,14700,15000,14850.0,3,1.0,1,3,1
HydraulicSystems,0,99,14850,15150,15000.0,3,1.0,1,3,1
HydraulicSystems,0,100,15000,15300,15150.0,3,1.0,1,3,1
HydraulicSystems,0,101,15150,15450,15300.0,3,1.0,0,20,0
HydraulicSystems,0,102,15300,15600,15450.0,3,1.0,0,20,0
HydraulicSystems,0,103,15450,15750,15600.0,3,1.0,1,3,1
HydraulicSystems,0,104,15600,15900,15750.0,3,1.0,1,3,1
HydraulicSystems,0,105,15750,16050,15900.0,3,1.0,1,3,1
HydraulicSystems,0,106,15900,16200,16050.0,3,1.0,0,20,0
HydraulicSystems,0,107,16050,16350,16200.0,3,1.0,0,20,0
HydraulicSystems,0,108,16200,16500,16350.0,3,1.0,0,20,0
HydraulicSystems,0,109,16350,16650,16500.0,3,1.0,1,3,1
HydraulicSystems,0,110,16500,16800,16650.0,3,1.0,1,3,1
HydraulicSystems,0,111,16650,16950,16800.0,3,1.0,0,20,0
HydraulicSystems,0,112,16800,17100,16950.0,3,1.0,0,20,0
HydraulicSystems,0,113,16950,17250,17100.0,3,1.0,1,3,1
HydraulicSystems,0,114,17100,17400,17250.0,3,1.0,0,20,0
HydraulicSystems,0,115,17250,17550,17400.0,3,1.0,1,3,1
HydraulicSystems,0,116,17400,17700,17550.0,3,1.0,1,3,1
HydraulicSystems,0,117,17550,17850,17700.0,3,1.0,1,3,1
HydraulicSystems,0,118,17700,18000,17850.0,3,1.0,1,3,1
HydraulicSystems,0,119,17850,18150,18000.0,3,1.0,1,3,1
HydraulicSystems,0,120,18000,18300,18150.0,3,1.0,1,3,1
HydraulicSystems,0,121,18150,18450,18300.0,3,1.0,1,3,1
HydraulicSystems,0,122,18300,18600,18450.0,3,1.0,1,3,1
HydraulicSystems,0,123,18450,18750,18600.0,3,1.0,1,3,1
HydraulicSystems,0,124,18600,18900,18750.0,3,1.0,1,3,1
HydraulicSystems,0,125,18750,19050,18900.0,3,1.0,1,3,1
HydraulicSystems,0,126,18900,19200,19050.0,3,1.0,1,3,1
HydraulicSystems,0,127,19050,19350,19200.0,3,1.0,1,3,1
HydraulicSystems,0,128,19200,19500,19350.0,3,1.0,1,3,1
HydraulicSystems,0,129,19350,19650,19500.0,3,1.0,1,3,1
HydraulicSystems,0,130,19500,19800,19650.0,3,1.0,1,3,1
HydraulicSystems,0,131,19650,19950,19800.0,3,1.0,1,3,1
HydraulicSystems,0,132,19800,20100,19950.0,3,1.0,1,3,1
HydraulicSystems,0,133,19950,20250,20100.0,3,1.0,1,3,1
HydraulicSystems,0,134,20100,20400,20250.0,3,1.0,1,3,1
HydraulicSystems,0,135,20250,20550,20400.0,3,1.0,1,3,1
HydraulicSystems,0,136,20400,20700,20550.0,3,1.0,1,3,1
HydraulicSystems,0,137,20550,20850,20700.0,3,1.0,1,3,1
HydraulicSystems,0,138,20700,21000,20850.0,3,1.0,1,3,1
HydraulicSystems,0,139,20850,21150,21000.0,3,1.0,1,3,1
HydraulicSystems,0,140,21000,21300,21150.0,3,1.0,1,3,1
HydraulicSystems,0,141,21150,21450,21300.0,3,1.0,1,3,1
HydraulicSystems,0,142,21300,21600,21450.0,3,1.0,1,3,1
HydraulicSystems,0,143,21450,21750,21600.0,3,1.0,1,3,1
HydraulicSystems,0,144,21600,21900,21750.0,3,1.0,1,3,1
HydraulicSystems,0,145,21750,22050,21900.0,3,1.0,1,3,1
HydraulicSystems,0,146,21900,22200,22050.0,3,1.0,1,3,1
HydraulicSystems,0,147,22050,22350,22200.0,3,1.0,1,3,1
HydraulicSystems,0,148,22200,22500,22350.0,3,1.0,1,3,1
HydraulicSystems,0,149,22350,22650,22500.0,3,1.0,1,3,1
HydraulicSystems,0,150,22500,22800,22650.0,3,1.0,1,3,1
HydraulicSystems,0,151,22650,22950,22800.0,3,1.0,1,3,1
HydraulicSystems,0,152,22800,23100,22950.0,3,1.0,1,3,1
HydraulicSystems,0,153,22950,23250,23100.0,3,1.0,1,3,1
HydraulicSystems,0,154,23100,23400,23250.0,3,1.0,1,3,1
HydraulicSystems,0,155,23250,23550,23400.0,3,1.0,1,3,1
HydraulicSystems,0,156,23400,23700,23550.0,3,1.0,1,3,1
HydraulicSystems,0,157,23550,23850,23700.0,3,1.0,1,3,1
HydraulicSystems,0,158,23700,24000,23850.0,3,1.0,1,3,1
HydraulicSystems,0,159,23850,24150,24000.0,3,1.0,1,3,1
HydraulicSystems,0,160,24000,24300,24150.0,3,1.0,1,3,1
HydraulicSystems,0,161,24150,24450,24300.0,3,1.0,1,3,1
HydraulicSystems,0,162,24300,24600,24450.0,3,1.0,1,3,1
HydraulicSystems,0,163,24450,24750,24600.0,3,1.0,1,3,1
HydraulicSystems,0,164,24600,24900,24750.0,3,1.0,1,3,1
HydraulicSystems,0,165,24750,25050,24900.0,3,1.0,1,3,1
HydraulicSystems,0,166,24900,25200,25050.0,3,1.0,1,3,1
HydraulicSystems,0,167,25050,25350,25200.0,3,1.0,1,3,1
HydraulicSystems,0,168,25200,25500,25350.0,3,1.0,1,3,1
HydraulicSystems,0,169,25350,25650,25500.0,3,1.0,1,3,1
HydraulicSystems,0,170,25500,25800,25650.0,3,1.0,1,3,1
HydraulicSystems,0,171,25650,25950,25800.0,3,1.0,1,3,1
HydraulicSystems,0,172,25800,26100,25950.0,3,1.0,1,3,1
HydraulicSystems,0,173,25950,26250,26100.0,3,1.0,1,3,1
HydraulicSystems,0,174,26100,26400,26250.0,3,1.0,1,3,1
HydraulicSystems,0,175,26250,26550,26400.0,3,1.0,1,3,1
HydraulicSystems,0,176,26400,26700,26550.0,3,1.0,1,3,1
HydraulicSystems,0,177,26550,26850,26700.0,3,1.0,1,3,1
HydraulicSystems,0,178,26700,27000,26850.0,3,1.0,1,3,1
HydraulicSystems,0,179,26850,27150,27000.0,3,1.0,1,3,1
HydraulicSystems,0,180,27000,27300,27150.0,3,1.0,1,3,1
HydraulicSystems,0,181,27150,27450,27300.0,3,1.0,1,3,1
HydraulicSystems,0,182,27300,27600,27450.0,3,1.0,1,3,1
HydraulicSystems,0,183,27450,27750,27600.0,3,1.0,1,3,1
HydraulicSystems,0,184,27600,27900,27750.0,3,1.0,1,3,1
HydraulicSystems,0,185,27750,28050,27900.0,3,1.0,1,3,1
HydraulicSystems,0,186,27900,28200,28050.0,3,1.0,1,3,1
HydraulicSystems,0,187,28050,28350,28200.0,3,1.0,1,3,1
HydraulicSystems,0,188,28200,28500,28350.0,3,1.0,1,3,1
HydraulicSystems,0,189,28350,28650,28500.0,3,1.0,1,3,1
HydraulicSystems,0,190,28500,28800,28650.0,3,1.0,1,3,1
HydraulicSystems,0,191,28650,28950,28800.0,3,1.0,1,3,1
HydraulicSystems,0,192,28800,29100,28950.0,3,1.0,1,3,1
HydraulicSystems,0,193,28950,29250,29100.0,3,1.0,1,3,1
HydraulicSystems,0,194,29100,29400,29250.0,3,1.0,1,3,1
HydraulicSystems,0,195,29250,29550,29400.0,3,1.0,1,3,1
HydraulicSystems,0,196,29400,29700,29550.0,3,1.0,1,3,1
HydraulicSystems,0,197,29550,29850,29700.0,3,1.0,1,3,1
HydraulicSystems,0,198,29700,30000,29850.0,3,1.0,1,3,1
HydraulicSystems,0,199,29850,30150,30000.0,3,1.0,1,3,1
HydraulicSystems,0,200,30000,30300,30150.0,3,1.0,1,3,1
HydraulicSystems,0,201,30150,30450,30300.0,3,1.0,1,3,1
HydraulicSystems,0,202,30300,30600,30450.0,3,1.0,1,3,1
HydraulicSystems,0,203,30450,30750,30600.0,3,1.0,1,3,1
HydraulicSystems,0,204,30600,30900,30750.0,3,1.0,1,3,1
HydraulicSystems,0,205,30750,31050,30900.0,3,1.0,1,3,1
HydraulicSystems,0,206,30900,31200,31050.0,3,1.0,1,3,1
HydraulicSystems,0,207,31050,31350,31200.0,3,1.0,1,3,1
HydraulicSystems,0,208,31200,31500,31350.0,3,1.0,1,3,1
HydraulicSystems,0,209,31350,31650,31500.0,3,1.0,1,3,1
HydraulicSystems,0,210,31500,31800,31650.0,3,1.0,1,3,1
HydraulicSystems,0,211,31650,31950,31800.0,3,1.0,1,3,1
HydraulicSystems,0,212,31800,32100,31950.0,3,1.0,1,3,1
HydraulicSystems,0,213,31950,32250,32100.0,3,1.0,1,3,1
HydraulicSystems,0,214,32100,32400,32250.0,3,1.0,1,3,1
HydraulicSystems,0,215,32250,32550,32400.0,3,1.0,1,3,1
HydraulicSystems,0,216,32400,32700,32550.0,3,1.0,1,3,1
HydraulicSystems,0,217,32550,32850,32700.0,3,1.0,1,3,1
HydraulicSystems,0,218,32700,33000,32850.0,3,1.0,1,3,1
HydraulicSystems,0,219,32850,33150,33000.0,3,1.0,1,3,1
HydraulicSystems,0,220,33000,33300,33150.0,3,1.0,1,3,1
HydraulicSystems,0,221,33150,33450,33300.0,3,1.0,1,3,1
HydraulicSystems,0,222,33300,33600,33450.0,3,1.0,1,3,1
HydraulicSystems,0,223,33450,33750,33600.0,3,1.0,1,3,1
HydraulicSystems,0,224,33600,33900,33750.0,3,1.0,1,3,1
HydraulicSystems,0,225,33750,34050,33900.0,3,1.0,1,3,1
HydraulicSystems,0,226,33900,34200,34050.0,3,1.0,1,3,1
HydraulicSystems,0,227,34050,34350,34200.0,3,1.0,1,3,1
HydraulicSystems,0,228,34200,34500,34350.0,3,1.0,1,3,1
HydraulicSystems,0,229,34350,34650,34500.0,3,1.0,1,3,1
HydraulicSystems,0,230,34500,34800,34650.0,3,1.0,1,3,1
HydraulicSystems,0,231,34650,34950,34800.0,3,1.0,1,3,1
HydraulicSystems,0,232,34800,35100,34950.0,3,1.0,1,3,1
HydraulicSystems,0,233,34950,35250,35100.0,3,1.0,1,3,1
HydraulicSystems,0,234,35100,35400,35250.0,3,1.0,1,3,1
HydraulicSystems,0,235,35250,35550,35400.0,3,1.0,1,3,1
HydraulicSystems,0,236,35400,35700,35550.0,3,1.0,1,3,1
HydraulicSystems,0,237,35550,35850,35700.0,3,1.0,1,3,1
HydraulicSystems,0,238,35700,36000,35850.0,3,1.0,1,3,1
HydraulicSystems,0,239,35850,36150,36000.0,3,1.0,1,3,1
HydraulicSystems,0,240,36000,36300,36150.0,3,1.0,1,3,1
HydraulicSystems,0,241,36150,36450,36300.0,3,1.0,1,3,1
HydraulicSystems,0,242,36300,36600,36450.0,3,1.0,1,3,1
HydraulicSystems,0,243,36450,36750,36600.0,3,1.0,1,3,1
HydraulicSystems,0,244,36600,36900,36750.0,3,1.0,1,3,1
HydraulicSystems,0,245,36750,37050,36900.0,3,1.0,1,3,1
HydraulicSystems,0,246,36900,37200,37050.0,3,1.0,1,3,1
HydraulicSystems,0,247,37050,37350,37200.0,3,1.0,1,3,1
HydraulicSystems,0,248,37200,37500,37350.0,3,1.0,1,3,1
HydraulicSystems,0,249,37350,37650,37500.0,3,1.0,1,3,1
HydraulicSystems,0,250,37500,37800,37650.0,3,1.0,1,3,1
HydraulicSystems,0,251,37650,37950,37800.0,3,1.0,1,3,1
HydraulicSystems,0,252,37800,38100,37950.0,3,1.0,1,3,1
HydraulicSystems,0,253,37950,38250,38100.0,3,1.0,1,3,1
HydraulicSystems,0,254,38100,38400,38250.0,3,1.0,1,3,1
HydraulicSystems,0,255,38250,38550,38400.0,3,1.0,1,3,1
HydraulicSystems,0,256,38400,38700,38550.0,3,1.0,1,3,1
HydraulicSystems,0,257,38550,38850,38700.0,3,1.0,1,3,1
HydraulicSystems,0,258,38700,39000,38850.0,3,1.0,1,3,1
HydraulicSystems,0,259,38850,39150,39000.0,3,1.0,1,3,1
HydraulicSystems,0,260,39000,39300,39150.0,3,1.0,1,3,1
HydraulicSystems,0,261,39150,39450,39300.0,3,1.0,1,3,1
HydraulicSystems,0,262,39300,39600,39450.0,3,1.0,1,3,1
HydraulicSystems,0,263,39450,39750,39600.0,3,1.0,1,3,1
HydraulicSystems,0,264,39600,39900,39750.0,3,1.0,1,3,1
HydraulicSystems,0,265,39750,40050,39900.0,3,1.0,1,3,1
HydraulicSystems,0,266,39900,40200,40050.0,3,1.0,1,3,1
HydraulicSystems,0,267,40050,40350,40200.0,3,1.0,1,3,1
HydraulicSystems,0,268,40200,40500,40350.0,3,1.0,1,3,1
HydraulicSystems,0,269,40350,40650,40500.0,3,1.0,1,3,1
HydraulicSystems,0,270,40500,40800,40650.0,3,1.0,1,3,1
HydraulicSystems,0,271,40650,40950,40800.0,3,1.0,1,3,1
HydraulicSystems,0,272,40800,41100,40950.0,3,1.0,1,3,1
HydraulicSystems,0,273,40950,41250,41100.0,3,1.0,1,3,1
HydraulicSystems,0,274,41100,41400,41250.0,3,1.0,1,3,1
HydraulicSystems,0,275,41250,41550,41400.0,3,1.0,1,3,1
HydraulicSystems,0,276,41400,41700,41550.0,3,1.0,1,3,1
HydraulicSystems,0,277,41550,41850,41700.0,3,1.0,1,3,1
HydraulicSystems,0,278,41700,42000,41850.0,3,1.0,1,3,1
HydraulicSystems,0,279,41850,42150,42000.0,3,1.0,1,3,1
HydraulicSystems,0,280,42000,42300,42150.0,3,1.0,1,3,1
HydraulicSystems,0,281,42150,42450,42300.0,3,1.0,1,3,1
HydraulicSystems,0,282,42300,42600,42450.0,3,1.0,1,3,1
HydraulicSystems,0,283,42450,42750,42600.0,3,1.0,1,3,1
HydraulicSystems,0,284,42600,42900,42750.0,3,1.0,1,3,1
HydraulicSystems,0,285,42750,43050,42900.0,3,1.0,1,3,1
HydraulicSystems,0,286,42900,43200,43050.0,3,1.0,1,3,1
HydraulicSystems,0,287,43050,43350,43200.0,3,1.0,1,3,1
HydraulicSystems,0,288,43200,43500,43350.0,3,1.0,1,3,1
HydraulicSystems,0,289,43350,43650,43500.0,3,1.0,1,3,1
HydraulicSystems,0,290,43500,43800,43650.0,3,1.0,1,3,1
HydraulicSystems,0,291,43650,43950,43800.0,3,0.9,1,3,1
HydraulicSystems,0,292,43800,44100,43950.0,20,0.6,1,3,0
HydraulicSystems,0,293,43950,44250,44100.0,20,1.0,1,3,0
HydraulicSystems,0,294,44100,44400,44250.0,20,1.0,1,3,0
HydraulicSystems,0,295,44250,44550,44400.0,20,1.0,1,3,0
HydraulicSystems,0,296,44400,44700,44550.0,20,1.0,1,3,0
HydraulicSystems,0,297,44550,44850,44700.0,20,1.0,1,3,0
HydraulicSystems,0,298,44700,45000,44850.0,20,1.0,1,3,0
HydraulicSystems,0,299,44850,45150,45000.0,20,1.0,1,3,0
HydraulicSystems,0,300,45000,45300,45150.0,20,1.0,1,3,0
HydraulicSystems,0,301,45150,45450,45300.0,20,1.0,0,20,1
HydraulicSystems,0,302,45300,45600,45450.0,20,1.0,0,20,1
HydraulicSystems,0,303,45450,45750,45600.0,20,1.0,0,20,1
HydraulicSystems,0,304,45600,45900,45750.0,20,1.0,0,20,1
HydraulicSystems,0,305,45750,46050,45900.0,20,1.0,0,20,1
HydraulicSystems,0,306,45900,46200,46050.0,20,1.0,0,20,1
HydraulicSystems,0,307,46050,46350,46200.0,20,1.0,0,20,1
HydraulicSystems,0,308,46200,46500,46350.0,20,1.0,0,20,1
HydraulicSystems,0,309,46350,46650,46500.0,20,1.0,0,20,1
HydraulicSystems,0,310,46500,46800,46650.0,20,1.0,0,20,1
HydraulicSystems,0,311,46650,46950,46800.0,20,1.0,0,20,1
HydraulicSystems,0,312,46800,47100,46950.0,20,1.0,0,20,1
HydraulicSystems,0,313,46950,47250,47100.0,20,1.0,0,20,1
HydraulicSystems,0,314,47100,47400,47250.0,20,1.0,0,20,1
HydraulicSystems,0,315,47250,47550,47400.0,20,1.0,0,20,1
HydraulicSystems,0,316,47400,47700,47550.0,20,1.0,0,20,1
HydraulicSystems,0,317,47550,47850,47700.0,20,1.0,0,20,1
HydraulicSystems,0,318,47700,48000,47850.0,20,1.0,0,20,1
HydraulicSystems,0,319,47850,48150,48000.0,20,1.0,0,20,1
HydraulicSystems,0,320,48000,48300,48150.0,20,1.0,0,20,1
HydraulicSystems,0,321,48150,48450,48300.0,20,1.0,0,20,1
HydraulicSystems,0,322,48300,48600,48450.0,20,1.0,0,20,1
HydraulicSystems,0,323,48450,48750,48600.0,20,1.0,0,20,1
HydraulicSystems,0,324,48600,48900,48750.0,20,1.0,0,20,1
HydraulicSystems,0,325,48750,49050,48900.0,20,1.0,0,20,1
HydraulicSystems,0,326,48900,49200,49050.0,20,1.0,0,20,1
HydraulicSystems,0,327,49050,49350,49200.0,20,1.0,0,20,1
HydraulicSystems,0,328,49200,49500,49350.0,20,1.0,0,20,1
HydraulicSystems,0,329,49350,49650,49500.0,20,1.0,0,20,1
HydraulicSystems,0,330,49500,49800,49650.0,20,1.0,0,20,1
HydraulicSystems,0,331,49650,49950,49800.0,20,1.0,0,20,1
HydraulicSystems,0,332,49800,50100,49950.0,20,1.0,0,20,1
HydraulicSystems,0,333,49950,50250,50100.0,20,1.0,0,20,1
HydraulicSystems,0,334,50100,50400,50250.0,20,1.0,0,20,1
HydraulicSystems,0,335,50250,50550,50400.0,20,1.0,0,20,1
HydraulicSystems,0,336,50400,50700,50550.0,20,1.0,0,20,1
HydraulicSystems,0,337,50550,50850,50700.0,20,1.0,0,20,1
HydraulicSystems,0,338,50700,51000,50850.0,20,1.0,0,20,1
HydraulicSystems,0,339,50850,51150,51000.0,20,1.0,0,20,1
HydraulicSystems,0,340,51000,51300,51150.0,20,1.0,0,20,1
HydraulicSystems,0,341,51150,51450,51300.0,20,1.0,0,20,1
HydraulicSystems,0,342,51300,51600,51450.0,20,1.0,0,20,1
HydraulicSystems,0,343,51450,51750,51600.0,20,1.0,0,20,1
HydraulicSystems,0,344,51600,51900,51750.0,20,1.0,0,20,1
HydraulicSystems,0,345,51750,52050,51900.0,20,1.0,0,20,1
HydraulicSystems,0,346,51900,52200,52050.0,20,1.0,0,20,1
HydraulicSystems,0,347,52050,52350,52200.0,20,1.0,0,20,1
HydraulicSystems,0,348,52200,52500,52350.0,20,1.0,1,3,0
HydraulicSystems,0,349,52350,52650,52500.0,20,1.0,0,20,1
HydraulicSystems,0,350,52500,52800,52650.0,20,1.0,0,20,1
HydraulicSystems,0,351,52650,52950,52800.0,20,1.0,0,20,1
HydraulicSystems,0,352,52800,53100,52950.0,20,1.0,0,20,1
HydraulicSystems,0,353,52950,53250,53100.0,20,1.0,0,20,1
HydraulicSystems,0,354,53100,53400,53250.0,20,1.0,0,20,1
HydraulicSystems,0,355,53250,53550,53400.0,20,1.0,0,20,1
HydraulicSystems,0,356,53400,53700,53550.0,20,1.0,0,20,1
HydraulicSystems,0,357,53550,53850,53700.0,20,1.0,0,20,1
HydraulicSystems,0,358,53700,54000,53850.0,20,1.0,0,20,1
HydraulicSystems,0,359,53850,54150,54000.0,20,1.0,0,20,1
HydraulicSystems,0,360,54000,54300,54150.0,20,1.0,0,20,1
HydraulicSystems,0,361,54150,54450,54300.0,20,1.0,0,20,1
HydraulicSystems,0,362,54300,54600,54450.0,20,1.0,0,20,1
HydraulicSystems,0,363,54450,54750,54600.0,20,1.0,0,20,1
HydraulicSystems,0,364,54600,54900,54750.0,20,1.0,0,20,1
HydraulicSystems,0,365,54750,55050,54900.0,20,1.0,0,20,1
HydraulicSystems,0,366,54900,55200,55050.0,20,1.0,0,20,1
HydraulicSystems,0,367,55050,55350,55200.0,20,1.0,0,20,1
HydraulicSystems,0,368,55200,55500,55350.0,20,1.0,0,20,1
HydraulicSystems,0,369,55350,55650,55500.0,20,1.0,0,20,1
HydraulicSystems,0,370,55500,55800,55650.0,20,1.0,0,20,1
HydraulicSystems,0,371,55650,55950,55800.0,20,1.0,0,20,1
HydraulicSystems,0,372,55800,56100,55950.0,20,1.0,0,20,1
HydraulicSystems,0,373,55950,56250,56100.0,20,1.0,1,3,0
HydraulicSystems,0,374,56100,56400,56250.0,20,1.0,0,20,1
HydraulicSystems,0,375,56250,56550,56400.0,20,1.0,0,20,1
HydraulicSystems,0,376,56400,56700,56550.0,20,1.0,0,20,1
HydraulicSystems,0,377,56550,56850,56700.0,20,1.0,0,20,1
HydraulicSystems,0,378,56700,57000,56850.0,20,1.0,0,20,1
HydraulicSystems,0,379,56850,57150,57000.0,20,1.0,0,20,1
HydraulicSystems,0,380,57000,57300,57150.0,20,1.0,0,20,1
HydraulicSystems,0,381,57150,57450,57300.0,20,1.0,0,20,1
HydraulicSystems,0,382,57300,57600,57450.0,20,1.0,0,20,1
HydraulicSystems,0,383,57450,57750,57600.0,20,1.0,0,20,1
HydraulicSystems,0,384,57600,57900,57750.0,20,1.0,0,20,1
HydraulicSystems,0,385,57750,58050,57900.0,20,1.0,0,20,1
HydraulicSystems,0,386,57900,58200,58050.0,20,1.0,0,20,1
HydraulicSystems,0,387,58050,58350,58200.0,20,1.0,0,20,1
HydraulicSystems,0,388,58200,58500,58350.0,20,1.0,0,20,1
HydraulicSystems,0,389,58350,58650,58500.0,20,1.0,0,20,1
HydraulicSystems,0,390,58500,58800,58650.0,20,1.0,0,20,1
HydraulicSystems,0,391,58650,58950,58800.0,20,1.0,0,20,1
HydraulicSystems,0,392,58800,59100,58950.0,20,1.0,0,20,1
HydraulicSystems,0,393,58950,59250,59100.0,20,1.0,0,20,1
HydraulicSystems,0,394,59100,59400,59250.0,20,1.0,0,20,1
HydraulicSystems,0,395,59250,59550,59400.0,20,1.0,0,20,1
HydraulicSystems,0,396,59400,59700,59550.0,20,1.0,0,20,1
HydraulicSystems,0,397,59550,59850,59700.0,20,1.0,0,20,1
HydraulicSystems,0,398,59700,60000,59850.0,20,1.0,0,20,1
HydraulicSystems,0,399,59850,60150,60000.0,20,1.0,0,20,1
HydraulicSystems,0,400,60000,60300,60150.0,20,1.0,0,20,1
HydraulicSystems,0,401,60150,60450,60300.0,20,1.0,0,20,1
HydraulicSystems,0,402,60300,60600,60450.0,20,1.0,0,20,1
HydraulicSystems,0,403,60450,60750,60600.0,20,1.0,0,20,1
HydraulicSystems,0,404,60600,60900,60750.0,20,1.0,0,20,1
HydraulicSystems,0,405,60750,61050,60900.0,20,1.0,0,20,1
HydraulicSystems,0,406,60900,61200,61050.0,20,1.0,0,20,1
HydraulicSystems,0,407,61050,61350,61200.0,20,1.0,0,20,1
HydraulicSystems,0,408,61200,61500,61350.0,20,1.0,0,20,1
HydraulicSystems,0,409,61350,61650,61500.0,20,1.0,0,20,1
HydraulicSystems,0,410,61500,61800,61650.0,20,1.0,0,20,1
HydraulicSystems,0,411,61650,61950,61800.0,20,1.0,0,20,1
HydraulicSystems,0,412,61800,62100,61950.0,20,1.0,0,20,1
HydraulicSystems,0,413,61950,62250,62100.0,20,1.0,0,20,1
HydraulicSystems,0,414,62100,62400,62250.0,20,1.0,0,20,1
HydraulicSystems,0,415,62250,62550,62400.0,20,1.0,0,20,1
HydraulicSystems,0,416,62400,62700,62550.0,20,1.0,0,20,1
HydraulicSystems,0,417,62550,62850,62700.0,20,1.0,0,20,1
HydraulicSystems,0,418,62700,63000,62850.0,20,1.0,0,20,1
HydraulicSystems,0,419,62850,63150,63000.0,20,1.0,0,20,1
HydraulicSystems,0,420,63000,63300,63150.0,20,1.0,0,20,1
HydraulicSystems,0,421,63150,63450,63300.0,20,1.0,0,20,1
HydraulicSystems,0,422,63300,63600,63450.0,20,1.0,0,20,1
HydraulicSystems,0,423,63450,63750,63600.0,20,1.0,0,20,1
HydraulicSystems,0,424,63600,63900,63750.0,20,1.0,0,20,1
HydraulicSystems,0,425,63750,64050,63900.0,20,1.0,1,3,0
HydraulicSystems,0,426,63900,64200,64050.0,20,1.0,0,20,1
HydraulicSystems,0,427,64050,64350,64200.0,20,1.0,0,20,1
HydraulicSystems,0,428,64200,64500,64350.0,20,1.0,0,20,1
HydraulicSystems,0,429,64350,64650,64500.0,20,1.0,0,20,1
HydraulicSystems,0,430,64500,64800,64650.0,20,1.0,0,20,1
HydraulicSystems,0,431,64650,64950,64800.0,20,1.0,0,20,1
HydraulicSystems,0,432,64800,65100,64950.0,20,1.0,0,20,1
HydraulicSystems,0,433,64950,65250,65100.0,20,1.0,0,20,1
HydraulicSystems,0,434,65100,65400,65250.0,20,1.0,0,20,1
HydraulicSystems,0,435,65250,65550,65400.0,20,1.0,0,20,1
HydraulicSystems,0,436,65400,65700,65550.0,20,1.0,0,20,1
HydraulicSystems,0,437,65550,65850,65700.0,20,1.0,0,20,1
HydraulicSystems,0,438,65700,66000,65850.0,20,1.0,0,20,1
HydraulicSystems,0,439,65850,66150,66000.0,20,1.0,0,20,1
HydraulicSystems,0,440,66000,66300,66150.0,20,1.0,0,20,1
HydraulicSystems,0,441,66150,66450,66300.0,20,1.0,0,20,1
HydraulicSystems,0,442,66300,66600,66450.0,20,1.0,0,20,1
HydraulicSystems,0,443,66450,66750,66600.0,20,1.0,0,20,1
HydraulicSystems,0,444,66600,66900,66750.0,20,1.0,0,20,1
HydraulicSystems,0,445,66750,67050,66900.0,20,1.0,0,20,1
HydraulicSystems,0,446,66900,67200,67050.0,20,1.0,0,20,1
HydraulicSystems,0,447,67050,67350,67200.0,20,1.0,0,20,1
HydraulicSystems,0,448,67200,67500,67350.0,20,1.0,0,20,1
HydraulicSystems,0,449,67350,67650,67500.0,20,1.0,0,20,1
HydraulicSystems,0,450,67500,67800,67650.0,20,1.0,0,20,1
HydraulicSystems,0,451,67650,67950,67800.0,20,1.0,0,20,1
HydraulicSystems,0,452,67800,68100,67950.0,20,1.0,0,20,1
HydraulicSystems,0,453,67950,68250,68100.0,20,1.0,0,20,1
HydraulicSystems,0,454,68100,68400,68250.0,20,1.0,0,20,1
HydraulicSystems,0,455,68250,68550,68400.0,20,1.0,0,20,1
HydraulicSystems,0,456,68400,68700,68550.0,20,1.0,0,20,1
HydraulicSystems,0,457,68550,68850,68700.0,20,1.0,0,20,1
HydraulicSystems,0,458,68700,69000,68850.0,20,1.0,0,20,1
HydraulicSystems,0,459,68850,69150,69000.0,20,1.0,0,20,1
HydraulicSystems,0,460,69000,69300,69150.0,20,1.0,0,20,1
HydraulicSystems,0,461,69150,69450,69300.0,20,1.0,0,20,1
HydraulicSystems,0,462,69300,69600,69450.0,20,1.0,0,20,1
HydraulicSystems,0,463,69450,69750,69600.0,20,1.0,0,20,1
HydraulicSystems,0,464,69600,69900,69750.0,20,1.0,0,20,1
HydraulicSystems,0,465,69750,70050,69900.0,20,1.0,0,20,1
HydraulicSystems,0,466,69900,70200,70050.0,20,1.0,0,20,1
HydraulicSystems,0,467,70050,70350,70200.0,20,1.0,0,20,1
HydraulicSystems,0,468,70200,70500,70350.0,20,1.0,1,3,0
HydraulicSystems,0,469,70350,70650,70500.0,20,1.0,0,20,1
HydraulicSystems,0,470,70500,70800,70650.0,20,1.0,0,20,1
HydraulicSystems,0,471,70650,70950,70800.0,20,1.0,0,20,1
HydraulicSystems,0,472,70800,71100,70950.0,20,1.0,0,20,1
HydraulicSystems,0,473,70950,71250,71100.0,20,1.0,0,20,1
HydraulicSystems,0,474,71100,71400,71250.0,20,1.0,0,20,1
HydraulicSystems,0,475,71250,71550,71400.0,20,1.0,0,20,1
HydraulicSystems,0,476,71400,71700,71550.0,20,1.0,0,20,1
HydraulicSystems,0,477,71550,71850,71700.0,20,1.0,0,20,1
HydraulicSystems,0,478,71700,72000,71850.0,20,1.0,0,20,1
HydraulicSystems,0,479,71850,72150,72000.0,20,1.0,0,20,1
HydraulicSystems,0,480,72000,72300,72150.0,20,1.0,0,20,1
HydraulicSystems,0,481,72150,72450,72300.0,20,1.0,0,20,1
HydraulicSystems,0,482,72300,72600,72450.0,20,1.0,0,20,1
HydraulicSystems,0,483,72450,72750,72600.0,20,1.0,0,20,1
HydraulicSystems,0,484,72600,72900,72750.0,20,1.0,0,20,1
HydraulicSystems,0,485,72750,73050,72900.0,20,1.0,0,20,1
HydraulicSystems,0,486,72900,73200,73050.0,20,1.0,0,20,1
HydraulicSystems,0,487,73050,73350,73200.0,20,1.0,0,20,1
HydraulicSystems,0,488,73200,73500,73350.0,20,1.0,0,20,1
HydraulicSystems,0,489,73350,73650,73500.0,20,1.0,0,20,1
HydraulicSystems,0,490,73500,73800,73650.0,20,1.0,0,20,1
HydraulicSystems,0,491,73650,73950,73800.0,20,1.0,0,20,1
HydraulicSystems,0,492,73800,74100,73950.0,20,1.0,0,20,1
HydraulicSystems,0,493,73950,74250,74100.0,20,1.0,0,20,1
HydraulicSystems,0,494,74100,74400,74250.0,20,1.0,0,20,1
HydraulicSystems,0,495,74250,74550,74400.0,20,1.0,0,20,1
HydraulicSystems,0,496,74400,74700,74550.0,20,1.0,0,20,1
HydraulicSystems,0,497,74550,74850,74700.0,20,1.0,0,20,1
HydraulicSystems,0,498,74700,75000,74850.0,20,1.0,0,20,1
HydraulicSystems,0,499,74850,75150,75000.0,20,1.0,0,20,1
HydraulicSystems,0,500,75000,75300,75150.0,20,1.0,0,20,1
HydraulicSystems,0,501,75150,75450,75300.0,20,1.0,0,20,1
HydraulicSystems,0,502,75300,75600,75450.0,20,1.0,0,20,1
HydraulicSystems,0,503,75450,75750,75600.0,20,1.0,0,20,1
HydraulicSystems,0,504,75600,75900,75750.0,20,1.0,0,20,1
HydraulicSystems,0,505,75750,76050,75900.0,20,1.0,0,20,1
HydraulicSystems,0,506,75900,76200,76050.0,20,1.0,0,20,1
HydraulicSystems,0,507,76050,76350,76200.0,20,1.0,0,20,1
HydraulicSystems,0,508,76200,76500,76350.0,20,1.0,0,20,1
HydraulicSystems,0,509,76350,76650,76500.0,20,1.0,0,20,1
HydraulicSystems,0,510,76500,76800,76650.0,20,1.0,0,20,1
HydraulicSystems,0,511,76650,76950,76800.0,20,1.0,0,20,1
HydraulicSystems,0,512,76800,77100,76950.0,20,1.0,0,20,1
HydraulicSystems,0,513,76950,77250,77100.0,20,1.0,0,20,1
HydraulicSystems,0,514,77100,77400,77250.0,20,1.0,0,20,1
HydraulicSystems,0,515,77250,77550,77400.0,20,1.0,0,20,1
HydraulicSystems,0,516,77400,77700,77550.0,20,1.0,0,20,1
HydraulicSystems,0,517,77550,77850,77700.0,20,1.0,0,20,1
HydraulicSystems,0,518,77700,78000,77850.0,20,1.0,0,20,1
HydraulicSystems,0,519,77850,78150,78000.0,20,1.0,0,20,1
HydraulicSystems,0,520,78000,78300,78150.0,20,1.0,0,20,1
HydraulicSystems,0,521,78150,78450,78300.0,20,1.0,0,20,1
HydraulicSystems,0,522,78300,78600,78450.0,20,1.0,0,20,1
HydraulicSystems,0,523,78450,78750,78600.0,20,1.0,0,20,1
HydraulicSystems,0,524,78600,78900,78750.0,20,1.0,0,20,1
HydraulicSystems,0,525,78750,79050,78900.0,20,1.0,0,20,1
HydraulicSystems,0,526,78900,79200,79050.0,20,1.0,0,20,1
HydraulicSystems,0,527,79050,79350,79200.0,20,1.0,0,20,1
HydraulicSystems,0,528,79200,79500,79350.0,20,1.0,0,20,1
HydraulicSystems,0,529,79350,79650,79500.0,20,1.0,0,20,1
HydraulicSystems,0,530,79500,79800,79650.0,20,1.0,0,20,1
HydraulicSystems,0,531,79650,79950,79800.0,20,1.0,0,20,1
HydraulicSystems,0,532,79800,80100,79950.0,20,1.0,0,20,1
HydraulicSystems,0,533,79950,80250,80100.0,20,1.0,0,20,1
HydraulicSystems,0,534,80100,80400,80250.0,20,1.0,0,20,1
HydraulicSystems,0,535,80250,80550,80400.0,20,1.0,0,20,1
HydraulicSystems,0,536,80400,80700,80550.0,20,1.0,0,20,1
HydraulicSystems,0,537,80550,80850,80700.0,20,1.0,0,20,1
HydraulicSystems,0,538,80700,81000,80850.0,20,1.0,0,20,1
HydraulicSystems,0,539,80850,81150,81000.0,20,1.0,0,20,1
HydraulicSystems,0,540,81000,81300,81150.0,20,1.0,0,20,1
HydraulicSystems,0,541,81150,81450,81300.0,20,1.0,0,20,1
HydraulicSystems,0,542,81300,81600,81450.0,20,1.0,0,20,1
HydraulicSystems,0,543,81450,81750,81600.0,20,1.0,0,20,1
HydraulicSystems,0,544,81600,81900,81750.0,20,1.0,0,20,1
HydraulicSystems,0,545,81750,82050,81900.0,20,1.0,0,20,1
HydraulicSystems,0,546,81900,82200,82050.0,20,1.0,0,20,1
HydraulicSystems,0,547,82050,82350,82200.0,20,1.0,0,20,1
HydraulicSystems,0,548,82200,82500,82350.0,20,1.0,0,20,1
HydraulicSystems,0,549,82350,82650,82500.0,20,1.0,0,20,1
HydraulicSystems,0,550,82500,82800,82650.0,20,1.0,0,20,1
HydraulicSystems,0,551,82650,82950,82800.0,20,1.0,0,20,1
HydraulicSystems,0,552,82800,83100,82950.0,20,1.0,0,20,1
HydraulicSystems,0,553,82950,83250,83100.0,20,1.0,0,20,1
HydraulicSystems,0,554,83100,83400,83250.0,20,1.0,0,20,1
HydraulicSystems,0,555,83250,83550,83400.0,20,1.0,0,20,1
HydraulicSystems,0,556,83400,83700,83550.0,20,1.0,0,20,1
HydraulicSystems,0,557,83550,83850,83700.0,20,1.0,0,20,1
HydraulicSystems,0,558,83700,84000,83850.0,20,1.0,0,20,1
HydraulicSystems,0,559,83850,84150,84000.0,20,1.0,0,20,1
HydraulicSystems,0,560,84000,84300,84150.0,20,1.0,0,20,1
HydraulicSystems,0,561,84150,84450,84300.0,20,1.0,0,20,1
HydraulicSystems,0,562,84300,84600,84450.0,20,1.0,0,20,1
HydraulicSystems,0,563,84450,84750,84600.0,20,1.0,0,20,1
HydraulicSystems,0,564,84600,84900,84750.0,20,1.0,0,20,1
HydraulicSystems,0,565,84750,85050,84900.0,20,1.0,0,20,1
HydraulicSystems,0,566,84900,85200,85050.0,20,1.0,0,20,1
HydraulicSystems,0,567,85050,85350,85200.0,20,1.0,0,20,1
HydraulicSystems,0,568,85200,85500,85350.0,20,1.0,1,3,0
HydraulicSystems,0,569,85350,85650,85500.0,20,1.0,0,20,1
HydraulicSystems,0,570,85500,85800,85650.0,20,1.0,0,20,1
HydraulicSystems,0,571,85650,85950,85800.0,20,1.0,0,20,1
HydraulicSystems,0,572,85800,86100,85950.0,20,1.0,0,20,1
HydraulicSystems,0,573,85950,86250,86100.0,20,1.0,0,20,1
HydraulicSystems,0,574,86100,86400,86250.0,20,1.0,0,20,1
HydraulicSystems,0,575,86250,86550,86400.0,20,1.0,0,20,1
HydraulicSystems,0,576,86400,86700,86550.0,20,1.0,0,20,1
HydraulicSystems,0,577,86550,86850,86700.0,20,1.0,0,20,1
HydraulicSystems,0,578,86700,87000,86850.0,20,1.0,0,20,1
HydraulicSystems,0,579,86850,87150,87000.0,20,1.0,0,20,1
HydraulicSystems,0,580,87000,87300,87150.0,20,1.0,0,20,1
HydraulicSystems,0,581,87150,87450,87300.0,20,1.0,0,20,1
HydraulicSystems,0,582,87300,87600,87450.0,20,1.0,0,20,1
HydraulicSystems,0,583,87450,87750,87600.0,20,1.0,0,20,1
HydraulicSystems,0,584,87600,87900,87750.0,20,0.8,1,3,0
HydraulicSystems,0,585,87750,88050,87900.0,100,0.7,1,3,0
HydraulicSystems,0,586,87900,88200,88050.0,100,1.0,1,3,0
HydraulicSystems,0,587,88050,88350,88200.0,100,1.0,1,3,0
HydraulicSystems,0,588,88200,88500,88350.0,100,1.0,1,3,0
HydraulicSystems,0,589,88350,88650,88500.0,100,1.0,1,3,0
HydraulicSystems,0,590,88500,88800,88650.0,100,1.0,0,20,0
HydraulicSystems,0,591,88650,88950,88800.0,100,1.0,1,3,0
HydraulicSystems,0,592,88800,89100,88950.0,100,1.0,0,20,0
HydraulicSystems,0,593,88950,89250,89100.0,100,1.0,0,20,0
HydraulicSystems,0,594,89100,89400,89250.0,100,1.0,0,20,0
HydraulicSystems,0,595,89250,89550,89400.0,100,1.0,0,20,0
HydraulicSystems,0,596,89400,89700,89550.0,100,1.0,0,20,0
HydraulicSystems,0,597,89550,89850,89700.0,100,1.0,0,20,0
HydraulicSystems,0,598,89700,90000,89850.0,100,1.0,0,20,0
HydraulicSystems,0,599,89850,90150,90000.0,100,1.0,0,20,0
HydraulicSystems,0,600,90000,90300,90150.0,100,1.0,0,20,0
HydraulicSystems,0,601,90150,90450,90300.0,100,1.0,0,20,0
HydraulicSystems,0,602,90300,90600,90450.0,100,1.0,0,20,0
HydraulicSystems,0,603,90450,90750,90600.0,100,1.0,0,20,0
HydraulicSystems,0,604,90600,90900,90750.0,100,1.0,0,20,0
HydraulicSystems,0,605,90750,91050,90900.0,100,1.0,0,20,0
HydraulicSystems,0,606,90900,91200,91050.0,100,1.0,0,20,0
HydraulicSystems,0,607,91050,91350,91200.0,100,1.0,0,20,0
HydraulicSystems,0,608,91200,91500,91350.0,100,1.0,0,20,0
HydraulicSystems,0,609,91350,91650,91500.0,100,1.0,0,20,0
HydraulicSystems,0,610,91500,91800,91650.0,100,1.0,0,20,0
HydraulicSystems,0,611,91650,91950,91800.0,100,1.0,0,20,0
HydraulicSystems,0,612,91800,92100,91950.0,100,1.0,0,20,0
HydraulicSystems,0,613,91950,92250,92100.0,100,1.0,0,20,0
HydraulicSystems,0,614,92100,92400,92250.0,100,1.0,0,20,0
HydraulicSystems,0,615,92250,92550,92400.0,100,1.0,0,20,0
HydraulicSystems,0,616,92310,92610,92460.0,100,1.0,0,20,0
HydraulicSystems,1,0,0,300,150.0,3,1.0,1,3,1
HydraulicSystems,1,1,150,450,300.0,3,1.0,1,3,1
HydraulicSystems,1,2,300,600,450.0,3,1.0,1,3,1
HydraulicSystems,1,3,450,750,600.0,3,1.0,1,3,1
HydraulicSystems,1,4,600,900,750.0,3,1.0,1,3,1
HydraulicSystems,1,5,750,1050,900.0,3,1.0,1,3,1
HydraulicSystems,1,6,900,1200,1050.0,3,1.0,1,3,1
HydraulicSystems,1,7,1050,1350,1200.0,3,1.0,1,3,1
HydraulicSystems,1,8,1200,1500,1350.0,3,1.0,1,3,1
HydraulicSystems,1,9,1350,1650,1500.0,3,1.0,1,3,1
HydraulicSystems,1,10,1500,1800,1650.0,3,1.0,1,3,1
HydraulicSystems,1,11,1650,1950,1800.0,3,1.0,1,3,1
HydraulicSystems,1,12,1800,2100,1950.0,3,1.0,1,3,1
HydraulicSystems,1,13,1950,2250,2100.0,3,1.0,1,3,1
HydraulicSystems,1,14,2100,2400,2250.0,3,1.0,1,3,1
HydraulicSystems,1,15,2250,2550,2400.0,3,1.0,1,3,1
HydraulicSystems,1,16,2400,2700,2550.0,3,1.0,1,3,1
HydraulicSystems,1,17,2550,2850,2700.0,3,1.0,1,3,1
HydraulicSystems,1,18,2700,3000,2850.0,3,1.0,1,3,1
HydraulicSystems,1,19,2850,3150,3000.0,3,1.0,1,3,1
HydraulicSystems,1,20,3000,3300,3150.0,3,1.0,1,3,1
HydraulicSystems,1,21,3150,3450,3300.0,3,1.0,1,3,1
HydraulicSystems,1,22,3300,3600,3450.0,3,1.0,1,3,1
HydraulicSystems,1,23,3450,3750,3600.0,3,1.0,1,3,1
HydraulicSystems,1,24,3600,3900,3750.0,3,1.0,1,3,1
HydraulicSystems,1,25,3750,4050,3900.0,3,1.0,1,3,1
HydraulicSystems,1,26,3900,4200,4050.0,3,1.0,1,3,1
HydraulicSystems,1,27,4050,4350,4200.0,3,1.0,1,3,1
HydraulicSystems,1,28,4200,4500,4350.0,3,1.0,1,3,1
HydraulicSystems,1,29,4350,4650,4500.0,3,1.0,1,3,1
HydraulicSystems,1,30,4500,4800,4650.0,3,1.0,1,3,1
HydraulicSystems,1,31,4650,4950,4800.0,3,1.0,1,3,1
HydraulicSystems,1,32,4800,5100,4950.0,3,1.0,1,3,1
HydraulicSystems,1,33,4950,5250,5100.0,3,1.0,1,3,1
HydraulicSystems,1,34,5100,5400,5250.0,3,1.0,1,3,1
HydraulicSystems,1,35,5250,5550,5400.0,3,1.0,1,3,1
HydraulicSystems,1,36,5400,5700,5550.0,3,1.0,1,3,1
HydraulicSystems,1,37,5550,5850,5700.0,3,1.0,1,3,1
HydraulicSystems,1,38,5700,6000,5850.0,3,1.0,1,3,1
HydraulicSystems,1,39,5850,6150,6000.0,3,1.0,1,3,1
HydraulicSystems,1,40,6000,6300,6150.0,3,1.0,1,3,1
HydraulicSystems,1,41,6150,6450,6300.0,3,1.0,1,3,1
HydraulicSystems,1,42,6300,6600,6450.0,3,1.0,1,3,1
HydraulicSystems,1,43,6450,6750,6600.0,3,1.0,1,3,1
HydraulicSystems,1,44,6600,6900,6750.0,3,1.0,1,3,1
HydraulicSystems,1,45,6750,7050,6900.0,3,1.0,1,3,1
HydraulicSystems,1,46,6900,7200,7050.0,3,1.0,1,3,1
HydraulicSystems,1,47,7050,7350,7200.0,3,1.0,1,3,1
HydraulicSystems,1,48,7200,7500,7350.0,3,1.0,1,3,1
HydraulicSystems,1,49,7350,7650,7500.0,3,1.0,0,20,0
HydraulicSystems,1,50,7500,7800,7650.0,3,1.0,1,3,1
HydraulicSystems,1,51,7650,7950,7800.0,3,1.0,1,3,1
HydraulicSystems,1,52,7800,8100,7950.0,3,1.0,1,3,1
HydraulicSystems,1,53,7950,8250,8100.0,3,1.0,1,3,1
HydraulicSystems,1,54,8100,8400,8250.0,3,1.0,1,3,1
HydraulicSystems,1,55,8250,8550,8400.0,3,1.0,0,20,0
HydraulicSystems,1,56,8400,8700,8550.0,3,1.0,0,20,0
HydraulicSystems,1,57,8550,8850,8700.0,3,1.0,1,3,1
HydraulicSystems,1,58,8700,9000,8850.0,3,1.0,1,3,1
HydraulicSystems,1,59,8850,9150,9000.0,3,1.0,0,20,0
HydraulicSystems,1,60,9000,9300,9150.0,3,1.0,1,3,1
HydraulicSystems,1,61,9150,9450,9300.0,3,1.0,1,3,1
HydraulicSystems,1,62,9300,9600,9450.0,3,1.0,1,3,1
HydraulicSystems,1,63,9450,9750,9600.0,3,1.0,1,3,1
HydraulicSystems,1,64,9600,9900,9750.0,3,1.0,1,3,1
HydraulicSystems,1,65,9750,10050,9900.0,3,1.0,1,3,1
HydraulicSystems,1,66,9900,10200,10050.0,3,1.0,1,3,1
HydraulicSystems,1,67,10050,10350,10200.0,3,1.0,1,3,1
HydraulicSystems,1,68,10200,10500,10350.0,3,1.0,1,3,1
HydraulicSystems,1,69,10350,10650,10500.0,3,1.0,1,3,1
HydraulicSystems,1,70,10500,10800,10650.0,3,1.0,1,3,1
HydraulicSystems,1,71,10650,10950,10800.0,3,1.0,1,3,1
HydraulicSystems,1,72,10800,11100,10950.0,3,1.0,1,3,1
HydraulicSystems,1,73,10950,11250,11100.0,3,1.0,1,3,1
HydraulicSystems,1,74,11100,11400,11250.0,3,1.0,1,3,1
HydraulicSystems,1,75,11250,11550,11400.0,3,1.0,1,3,1
HydraulicSystems,1,76,11400,11700,11550.0,3,1.0,1,3,1
HydraulicSystems,1,77,11550,11850,11700.0,3,1.0,1,3,1
HydraulicSystems,1,78,11700,12000,11850.0,3,1.0,1,3,1
HydraulicSystems,1,79,11850,12150,12000.0,3,1.0,1,3,1
HydraulicSystems,1,80,12000,12300,12150.0,3,1.0,1,3,1
HydraulicSystems,1,81,12150,12450,12300.0,3,1.0,1,3,1
HydraulicSystems,1,82,12300,12600,12450.0,3,1.0,1,3,1
HydraulicSystems,1,83,12450,12750,12600.0,3,1.0,1,3,1
HydraulicSystems,1,84,12600,12900,12750.0,3,1.0,1,3,1
HydraulicSystems,1,85,12750,13050,12900.0,3,1.0,1,3,1
HydraulicSystems,1,86,12900,13200,13050.0,3,1.0,1,3,1
HydraulicSystems,1,87,13050,13350,13200.0,3,1.0,1,3,1
HydraulicSystems,1,88,13200,13500,13350.0,3,1.0,0,20,0
HydraulicSystems,1,89,13350,13650,13500.0,3,1.0,1,3,1
HydraulicSystems,1,90,13500,13800,13650.0,3,1.0,1,3,1
HydraulicSystems,1,91,13650,13950,13800.0,3,1.0,1,3,1
HydraulicSystems,1,92,13800,14100,13950.0,3,1.0,1,3,1
HydraulicSystems,1,93,13950,14250,14100.0,3,1.0,1,3,1
HydraulicSystems,1,94,14100,14400,14250.0,3,1.0,1,3,1
HydraulicSystems,1,95,14250,14550,14400.0,3,1.0,1,3,1
HydraulicSystems,1,96,14400,14700,14550.0,3,1.0,1,3,1
HydraulicSystems,1,97,14550,14850,14700.0,3,1.0,1,3,1
HydraulicSystems,1,98,14700,15000,14850.0,3,1.0,1,3,1
HydraulicSystems,1,99,14850,15150,15000.0,3,1.0,1,3,1
HydraulicSystems,1,100,15000,15300,15150.0,3,1.0,1,3,1
HydraulicSystems,1,101,15150,15450,15300.0,3,1.0,0,20,0
HydraulicSystems,1,102,15300,15600,15450.0,3,1.0,0,20,0
HydraulicSystems,1,103,15450,15750,15600.0,3,1.0,1,3,1
HydraulicSystems,1,104,15600,15900,15750.0,3,1.0,1,3,1
HydraulicSystems,1,105,15750,16050,15900.0,3,1.0,1,3,1
HydraulicSystems,1,106,15900,16200,16050.0,3,1.0,0,20,0
HydraulicSystems,1,107,16050,16350,16200.0,3,1.0,0,20,0
HydraulicSystems,1,108,16200,16500,16350.0,3,1.0,0,20,0
HydraulicSystems,1,109,16350,16650,16500.0,3,1.0,1,3,1
HydraulicSystems,1,110,16500,16800,16650.0,3,1.0,1,3,1
HydraulicSystems,1,111,16650,16950,16800.0,3,1.0,0,20,0
HydraulicSystems,1,112,16800,17100,16950.0,3,1.0,0,20,0
HydraulicSystems,1,113,16950,17250,17100.0,3,1.0,0,20,0
HydraulicSystems,1,114,17100,17400,17250.0,3,1.0,0,20,0
HydraulicSystems,1,115,17250,17550,17400.0,3,1.0,1,3,1
HydraulicSystems,1,116,17400,17700,17550.0,3,1.0,1,3,1
HydraulicSystems,1,117,17550,17850,17700.0,3,1.0,1,3,1
HydraulicSystems,1,118,17700,18000,17850.0,3,1.0,1,3,1
HydraulicSystems,1,119,17850,18150,18000.0,3,1.0,1,3,1
HydraulicSystems,1,120,18000,18300,18150.0,3,1.0,1,3,1
HydraulicSystems,1,121,18150,18450,18300.0,3,1.0,1,3,1
HydraulicSystems,1,122,18300,18600,18450.0,3,1.0,1,3,1
HydraulicSystems,1,123,18450,18750,18600.0,3,1.0,1,3,1
HydraulicSystems,1,124,18600,18900,18750.0,3,1.0,1,3,1
HydraulicSystems,1,125,18750,19050,18900.0,3,1.0,1,3,1
HydraulicSystems,1,126,18900,19200,19050.0,3,1.0,1,3,1
HydraulicSystems,1,127,19050,19350,19200.0,3,1.0,1,3,1
HydraulicSystems,1,128,19200,19500,19350.0,3,1.0,1,3,1
HydraulicSystems,1,129,19350,19650,19500.0,3,1.0,1,3,1
HydraulicSystems,1,130,19500,19800,19650.0,3,1.0,1,3,1
HydraulicSystems,1,131,19650,19950,19800.0,3,1.0,1,3,1
HydraulicSystems,1,132,19800,20100,19950.0,3,1.0,1,3,1
HydraulicSystems,1,133,19950,20250,20100.0,3,1.0,1,3,1
HydraulicSystems,1,134,20100,20400,20250.0,3,1.0,1,3,1
HydraulicSystems,1,135,20250,20550,20400.0,3,1.0,1,3,1
HydraulicSystems,1,136,20400,20700,20550.0,3,1.0,1,3,1
HydraulicSystems,1,137,20550,20850,20700.0,3,1.0,1,3,1
HydraulicSystems,1,138,20700,21000,20850.0,3,1.0,1,3,1
HydraulicSystems,1,139,20850,21150,21000.0,3,1.0,1,3,1
HydraulicSystems,1,140,21000,21300,21150.0,3,1.0,1,3,1
HydraulicSystems,1,141,21150,21450,21300.0,3,1.0,1,3,1
HydraulicSystems,1,142,21300,21600,21450.0,3,1.0,1,3,1
HydraulicSystems,1,143,21450,21750,21600.0,3,1.0,1,3,1
HydraulicSystems,1,144,21600,21900,21750.0,3,1.0,1,3,1
HydraulicSystems,1,145,21750,22050,21900.0,3,1.0,1,3,1
HydraulicSystems,1,146,21900,22200,22050.0,3,1.0,1,3,1
HydraulicSystems,1,147,22050,22350,22200.0,3,1.0,1,3,1
HydraulicSystems,1,148,22200,22500,22350.0,3,1.0,1,3,1
HydraulicSystems,1,149,22350,22650,22500.0,3,1.0,1,3,1
HydraulicSystems,1,150,22500,22800,22650.0,3,1.0,1,3,1
HydraulicSystems,1,151,22650,22950,22800.0,3,1.0,1,3,1
HydraulicSystems,1,152,22800,23100,22950.0,3,1.0,1,3,1
HydraulicSystems,1,153,22950,23250,23100.0,3,1.0,1,3,1
HydraulicSystems,1,154,23100,23400,23250.0,3,1.0,1,3,1
HydraulicSystems,1,155,23250,23550,23400.0,3,1.0,1,3,1
HydraulicSystems,1,156,23400,23700,23550.0,3,1.0,1,3,1
HydraulicSystems,1,157,23550,23850,23700.0,3,1.0,1,3,1
HydraulicSystems,1,158,23700,24000,23850.0,3,1.0,1,3,1
HydraulicSystems,1,159,23850,24150,24000.0,3,1.0,1,3,1
HydraulicSystems,1,160,24000,24300,24150.0,3,1.0,1,3,1
HydraulicSystems,1,161,24150,24450,24300.0,3,1.0,1,3,1
HydraulicSystems,1,162,24300,24600,24450.0,3,1.0,1,3,1
HydraulicSystems,1,163,24450,24750,24600.0,3,1.0,1,3,1
HydraulicSystems,1,164,24600,24900,24750.0,3,1.0,1,3,1
HydraulicSystems,1,165,24750,25050,24900.0,3,1.0,1,3,1
HydraulicSystems,1,166,24900,25200,25050.0,3,1.0,1,3,1
HydraulicSystems,1,167,25050,25350,25200.0,3,1.0,1,3,1
HydraulicSystems,1,168,25200,25500,25350.0,3,1.0,1,3,1
HydraulicSystems,1,169,25350,25650,25500.0,3,1.0,1,3,1
HydraulicSystems,1,170,25500,25800,25650.0,3,1.0,1,3,1
HydraulicSystems,1,171,25650,25950,25800.0,3,1.0,1,3,1
HydraulicSystems,1,172,25800,26100,25950.0,3,1.0,1,3,1
HydraulicSystems,1,173,25950,26250,26100.0,3,1.0,1,3,1
HydraulicSystems,1,174,26100,26400,26250.0,3,1.0,1,3,1
HydraulicSystems,1,175,26250,26550,26400.0,3,1.0,1,3,1
HydraulicSystems,1,176,26400,26700,26550.0,3,1.0,1,3,1
HydraulicSystems,1,177,26550,26850,26700.0,3,1.0,1,3,1
HydraulicSystems,1,178,26700,27000,26850.0,3,1.0,1,3,1
HydraulicSystems,1,179,26850,27150,27000.0,3,1.0,1,3,1
HydraulicSystems,1,180,27000,27300,27150.0,3,1.0,1,3,1
HydraulicSystems,1,181,27150,27450,27300.0,3,1.0,1,3,1
HydraulicSystems,1,182,27300,27600,27450.0,3,1.0,1,3,1
HydraulicSystems,1,183,27450,27750,27600.0,3,1.0,1,3,1
HydraulicSystems,1,184,27600,27900,27750.0,3,1.0,1,3,1
HydraulicSystems,1,185,27750,28050,27900.0,3,1.0,1,3,1
HydraulicSystems,1,186,27900,28200,28050.0,3,1.0,1,3,1
HydraulicSystems,1,187,28050,28350,28200.0,3,1.0,1,3,1
HydraulicSystems,1,188,28200,28500,28350.0,3,1.0,1,3,1
HydraulicSystems,1,189,28350,28650,28500.0,3,1.0,1,3,1
HydraulicSystems,1,190,28500,28800,28650.0,3,1.0,1,3,1
HydraulicSystems,1,191,28650,28950,28800.0,3,1.0,1,3,1
HydraulicSystems,1,192,28800,29100,28950.0,3,1.0,1,3,1
HydraulicSystems,1,193,28950,29250,29100.0,3,1.0,1,3,1
HydraulicSystems,1,194,29100,29400,29250.0,3,1.0,1,3,1
HydraulicSystems,1,195,29250,29550,29400.0,3,1.0,1,3,1
HydraulicSystems,1,196,29400,29700,29550.0,3,1.0,1,3,1
HydraulicSystems,1,197,29550,29850,29700.0,3,1.0,1,3,1
HydraulicSystems,1,198,29700,30000,29850.0,3,1.0,1,3,1
HydraulicSystems,1,199,29850,30150,30000.0,3,1.0,1,3,1
HydraulicSystems,1,200,30000,30300,30150.0,3,1.0,1,3,1
HydraulicSystems,1,201,30150,30450,30300.0,3,1.0,1,3,1
HydraulicSystems,1,202,30300,30600,30450.0,3,1.0,1,3,1
HydraulicSystems,1,203,30450,30750,30600.0,3,1.0,1,3,1
HydraulicSystems,1,204,30600,30900,30750.0,3,1.0,1,3,1
HydraulicSystems,1,205,30750,31050,30900.0,3,1.0,1,3,1
HydraulicSystems,1,206,30900,31200,31050.0,3,1.0,1,3,1
HydraulicSystems,1,207,31050,31350,31200.0,3,1.0,1,3,1
HydraulicSystems,1,208,31200,31500,31350.0,3,1.0,1,3,1
HydraulicSystems,1,209,31350,31650,31500.0,3,1.0,1,3,1
HydraulicSystems,1,210,31500,31800,31650.0,3,1.0,1,3,1
HydraulicSystems,1,211,31650,31950,31800.0,3,1.0,1,3,1
HydraulicSystems,1,212,31800,32100,31950.0,3,1.0,1,3,1
HydraulicSystems,1,213,31950,32250,32100.0,3,1.0,1,3,1
HydraulicSystems,1,214,32100,32400,32250.0,3,1.0,1,3,1
HydraulicSystems,1,215,32250,32550,32400.0,3,1.0,1,3,1
HydraulicSystems,1,216,32400,32700,32550.0,3,1.0,1,3,1
HydraulicSystems,1,217,32550,32850,32700.0,3,1.0,1,3,1
HydraulicSystems,1,218,32700,33000,32850.0,3,1.0,1,3,1
HydraulicSystems,1,219,32850,33150,33000.0,3,1.0,1,3,1
HydraulicSystems,1,220,33000,33300,33150.0,3,1.0,1,3,1
HydraulicSystems,1,221,33150,33450,33300.0,3,1.0,1,3,1
HydraulicSystems,1,222,33300,33600,33450.0,3,1.0,1,3,1
HydraulicSystems,1,223,33450,33750,33600.0,3,1.0,1,3,1
HydraulicSystems,1,224,33600,33900,33750.0,3,1.0,1,3,1
HydraulicSystems,1,225,33750,34050,33900.0,3,1.0,1,3,1
HydraulicSystems,1,226,33900,34200,34050.0,3,1.0,1,3,1
HydraulicSystems,1,227,34050,34350,34200.0,3,1.0,1,3,1
HydraulicSystems,1,228,34200,34500,34350.0,3,1.0,1,3,1
HydraulicSystems,1,229,34350,34650,34500.0,3,1.0,1,3,1
HydraulicSystems,1,230,34500,34800,34650.0,3,1.0,1,3,1
HydraulicSystems,1,231,34650,34950,34800.0,3,1.0,1,3,1
HydraulicSystems,1,232,34800,35100,34950.0,3,1.0,1,3,1
HydraulicSystems,1,233,34950,35250,35100.0,3,1.0,1,3,1
HydraulicSystems,1,234,35100,35400,35250.0,3,1.0,1,3,1
HydraulicSystems,1,235,35250,35550,35400.0,3,1.0,1,3,1
HydraulicSystems,1,236,35400,35700,35550.0,3,1.0,1,3,1
HydraulicSystems,1,237,35550,35850,35700.0,3,1.0,1,3,1
HydraulicSystems,1,238,35700,36000,35850.0,3,1.0,1,3,1
HydraulicSystems,1,239,35850,36150,36000.0,3,1.0,1,3,1
HydraulicSystems,1,240,36000,36300,36150.0,3,1.0,1,3,1
HydraulicSystems,1,241,36150,36450,36300.0,3,1.0,1,3,1
HydraulicSystems,1,242,36300,36600,36450.0,3,1.0,1,3,1
HydraulicSystems,1,243,36450,36750,36600.0,3,1.0,1,3,1
HydraulicSystems,1,244,36600,36900,36750.0,3,1.0,1,3,1
HydraulicSystems,1,245,36750,37050,36900.0,3,1.0,1,3,1
HydraulicSystems,1,246,36900,37200,37050.0,3,1.0,1,3,1
HydraulicSystems,1,247,37050,37350,37200.0,3,1.0,1,3,1
HydraulicSystems,1,248,37200,37500,37350.0,3,1.0,1,3,1
HydraulicSystems,1,249,37350,37650,37500.0,3,1.0,1,3,1
HydraulicSystems,1,250,37500,37800,37650.0,3,1.0,1,3,1
HydraulicSystems,1,251,37650,37950,37800.0,3,1.0,1,3,1
HydraulicSystems,1,252,37800,38100,37950.0,3,1.0,1,3,1
HydraulicSystems,1,253,37950,38250,38100.0,3,1.0,1,3,1
HydraulicSystems,1,254,38100,38400,38250.0,3,1.0,1,3,1
HydraulicSystems,1,255,38250,38550,38400.0,3,1.0,1,3,1
HydraulicSystems,1,256,38400,38700,38550.0,3,1.0,1,3,1
HydraulicSystems,1,257,38550,38850,38700.0,3,1.0,1,3,1
HydraulicSystems,1,258,38700,39000,38850.0,3,1.0,1,3,1
HydraulicSystems,1,259,38850,39150,39000.0,3,1.0,1,3,1
HydraulicSystems,1,260,39000,39300,39150.0,3,1.0,1,3,1
HydraulicSystems,1,261,39150,39450,39300.0,3,1.0,1,3,1
HydraulicSystems,1,262,39300,39600,39450.0,3,1.0,1,3,1
HydraulicSystems,1,263,39450,39750,39600.0,3,1.0,1,3,1
HydraulicSystems,1,264,39600,39900,39750.0,3,1.0,1,3,1
HydraulicSystems,1,265,39750,40050,39900.0,3,1.0,1,3,1
HydraulicSystems,1,266,39900,40200,40050.0,3,1.0,1,3,1
HydraulicSystems,1,267,40050,40350,40200.0,3,1.0,1,3,1
HydraulicSystems,1,268,40200,40500,40350.0,3,1.0,1,3,1
HydraulicSystems,1,269,40350,40650,40500.0,3,1.0,1,3,1
HydraulicSystems,1,270,40500,40800,40650.0,3,1.0,1,3,1
HydraulicSystems,1,271,40650,40950,40800.0,3,1.0,1,3,1
HydraulicSystems,1,272,40800,41100,40950.0,3,1.0,1,3,1
HydraulicSystems,1,273,40950,41250,41100.0,3,1.0,1,3,1
HydraulicSystems,1,274,41100,41400,41250.0,3,1.0,1,3,1
HydraulicSystems,1,275,41250,41550,41400.0,3,1.0,1,3,1
HydraulicSystems,1,276,41400,41700,41550.0,3,1.0,1,3,1
HydraulicSystems,1,277,41550,41850,41700.0,3,1.0,1,3,1
HydraulicSystems,1,278,41700,42000,41850.0,3,1.0,1,3,1
HydraulicSystems,1,279,41850,42150,42000.0,3,1.0,1,3,1
HydraulicSystems,1,280,42000,42300,42150.0,3,1.0,1,3,1
HydraulicSystems,1,281,42150,42450,42300.0,3,1.0,1,3,1
HydraulicSystems,1,282,42300,42600,42450.0,3,1.0,1,3,1
HydraulicSystems,1,283,42450,42750,42600.0,3,1.0,1,3,1
HydraulicSystems,1,284,42600,42900,42750.0,3,1.0,1,3,1
HydraulicSystems,1,285,42750,43050,42900.0,3,1.0,1,3,1
HydraulicSystems,1,286,42900,43200,43050.0,3,1.0,1,3,1
HydraulicSystems,1,287,43050,43350,43200.0,3,1.0,1,3,1
HydraulicSystems,1,288,43200,43500,43350.0,3,1.0,1,3,1
HydraulicSystems,1,289,43350,43650,43500.0,3,1.0,1,3,1
HydraulicSystems,1,290,43500,43800,43650.0,3,1.0,1,3,1
HydraulicSystems,1,291,43650,43950,43800.0,3,0.9,1,3,1
HydraulicSystems,1,292,43800,44100,43950.0,20,0.6,1,3,0
HydraulicSystems,1,293,43950,44250,44100.0,20,1.0,1,3,0
HydraulicSystems,1,294,44100,44400,44250.0,20,1.0,1,3,0
HydraulicSystems,1,295,44250,44550,44400.0,20,1.0,1,3,0
HydraulicSystems,1,296,44400,44700,44550.0,20,1.0,1,3,0
HydraulicSystems,1,297,44550,44850,44700.0,20,1.0,1,3,0
HydraulicSystems,1,298,44700,45000,44850.0,20,1.0,1,3,0
HydraulicSystems,1,299,44850,45150,45000.0,20,1.0,1,3,0
HydraulicSystems,1,300,45000,45300,45150.0,20,1.0,1,3,0
HydraulicSystems,1,301,45150,45450,45300.0,20,1.0,0,20,1
HydraulicSystems,1,302,45300,45600,45450.0,20,1.0,0,20,1
HydraulicSystems,1,303,45450,45750,45600.0,20,1.0,0,20,1
HydraulicSystems,1,304,45600,45900,45750.0,20,1.0,0,20,1
HydraulicSystems,1,305,45750,46050,45900.0,20,1.0,0,20,1
HydraulicSystems,1,306,45900,46200,46050.0,20,1.0,0,20,1
HydraulicSystems,1,307,46050,46350,46200.0,20,1.0,0,20,1
HydraulicSystems,1,308,46200,46500,46350.0,20,1.0,0,20,1
HydraulicSystems,1,309,46350,46650,46500.0,20,1.0,0,20,1
HydraulicSystems,1,310,46500,46800,46650.0,20,1.0,0,20,1
HydraulicSystems,1,311,46650,46950,46800.0,20,1.0,0,20,1
HydraulicSystems,1,312,46800,47100,46950.0,20,1.0,0,20,1
HydraulicSystems,1,313,46950,47250,47100.0,20,1.0,0,20,1
HydraulicSystems,1,314,47100,47400,47250.0,20,1.0,0,20,1
HydraulicSystems,1,315,47250,47550,47400.0,20,1.0,0,20,1
HydraulicSystems,1,316,47400,47700,47550.0,20,1.0,0,20,1
HydraulicSystems,1,317,47550,47850,47700.0,20,1.0,0,20,1
HydraulicSystems,1,318,47700,48000,47850.0,20,1.0,0,20,1
HydraulicSystems,1,319,47850,48150,48000.0,20,1.0,0,20,1
HydraulicSystems,1,320,48000,48300,48150.0,20,1.0,0,20,1
HydraulicSystems,1,321,48150,48450,48300.0,20,1.0,0,20,1
HydraulicSystems,1,322,48300,48600,48450.0,20,1.0,0,20,1
HydraulicSystems,1,323,48450,48750,48600.0,20,1.0,0,20,1
HydraulicSystems,1,324,48600,48900,48750.0,20,1.0,0,20,1
HydraulicSystems,1,325,48750,49050,48900.0,20,1.0,0,20,1
HydraulicSystems,1,326,48900,49200,49050.0,20,1.0,0,20,1
HydraulicSystems,1,327,49050,49350,49200.0,20,1.0,0,20,1
HydraulicSystems,1,328,49200,49500,49350.0,20,1.0,0,20,1
HydraulicSystems,1,329,49350,49650,49500.0,20,1.0,0,20,1
HydraulicSystems,1,330,49500,49800,49650.0,20,1.0,0,20,1
HydraulicSystems,1,331,49650,49950,49800.0,20,1.0,0,20,1
HydraulicSystems,1,332,49800,50100,49950.0,20,1.0,0,20,1
HydraulicSystems,1,333,49950,50250,50100.0,20,1.0,0,20,1
HydraulicSystems,1,334,50100,50400,50250.0,20,1.0,0,20,1
HydraulicSystems,1,335,50250,50550,50400.0,20,1.0,0,20,1
HydraulicSystems,1,336,50400,50700,50550.0,20,1.0,0,20,1
HydraulicSystems,1,337,50550,50850,50700.0,20,1.0,0,20,1
HydraulicSystems,1,338,50700,51000,50850.0,20,1.0,0,20,1
HydraulicSystems,1,339,50850,51150,51000.0,20,1.0,0,20,1
HydraulicSystems,1,340,51000,51300,51150.0,20,1.0,0,20,1
HydraulicSystems,1,341,51150,51450,51300.0,20,1.0,0,20,1
HydraulicSystems,1,342,51300,51600,51450.0,20,1.0,0,20,1
HydraulicSystems,1,343,51450,51750,51600.0,20,1.0,0,20,1
HydraulicSystems,1,344,51600,51900,51750.0,20,1.0,0,20,1
HydraulicSystems,1,345,51750,52050,51900.0,20,1.0,0,20,1
HydraulicSystems,1,346,51900,52200,52050.0,20,1.0,0,20,1
HydraulicSystems,1,347,52050,52350,52200.0,20,1.0,0,20,1
HydraulicSystems,1,348,52200,52500,52350.0,20,1.0,1,3,0
HydraulicSystems,1,349,52350,52650,52500.0,20,1.0,0,20,1
HydraulicSystems,1,350,52500,52800,52650.0,20,1.0,0,20,1
HydraulicSystems,1,351,52650,52950,52800.0,20,1.0,0,20,1
HydraulicSystems,1,352,52800,53100,52950.0,20,1.0,0,20,1
HydraulicSystems,1,353,52950,53250,53100.0,20,1.0,0,20,1
HydraulicSystems,1,354,53100,53400,53250.0,20,1.0,0,20,1
HydraulicSystems,1,355,53250,53550,53400.0,20,1.0,0,20,1
HydraulicSystems,1,356,53400,53700,53550.0,20,1.0,0,20,1
HydraulicSystems,1,357,53550,53850,53700.0,20,1.0,0,20,1
HydraulicSystems,1,358,53700,54000,53850.0,20,1.0,0,20,1
HydraulicSystems,1,359,53850,54150,54000.0,20,1.0,0,20,1
HydraulicSystems,1,360,54000,54300,54150.0,20,1.0,0,20,1
HydraulicSystems,1,361,54150,54450,54300.0,20,1.0,0,20,1
HydraulicSystems,1,362,54300,54600,54450.0,20,1.0,0,20,1
HydraulicSystems,1,363,54450,54750,54600.0,20,1.0,0,20,1
HydraulicSystems,1,364,54600,54900,54750.0,20,1.0,0,20,1
HydraulicSystems,1,365,54750,55050,54900.0,20,1.0,0,20,1
HydraulicSystems,1,366,54900,55200,55050.0,20,1.0,0,20,1
HydraulicSystems,1,367,55050,55350,55200.0,20,1.0,0,20,1
HydraulicSystems,1,368,55200,55500,55350.0,20,1.0,0,20,1
HydraulicSystems,1,369,55350,55650,55500.0,20,1.0,0,20,1
HydraulicSystems,1,370,55500,55800,55650.0,20,1.0,0,20,1
HydraulicSystems,1,371,55650,55950,55800.0,20,1.0,0,20,1
HydraulicSystems,1,372,55800,56100,55950.0,20,1.0,0,20,1
HydraulicSystems,1,373,55950,56250,56100.0,20,1.0,0,20,1
HydraulicSystems,1,374,56100,56400,56250.0,20,1.0,0,20,1
HydraulicSystems,1,375,56250,56550,56400.0,20,1.0,0,20,1
HydraulicSystems,1,376,56400,56700,56550.0,20,1.0,0,20,1
HydraulicSystems,1,377,56550,56850,56700.0,20,1.0,0,20,1
HydraulicSystems,1,378,56700,57000,56850.0,20,1.0,0,20,1
HydraulicSystems,1,379,56850,57150,57000.0,20,1.0,0,20,1
HydraulicSystems,1,380,57000,57300,57150.0,20,1.0,0,20,1
HydraulicSystems,1,381,57150,57450,57300.0,20,1.0,0,20,1
HydraulicSystems,1,382,57300,57600,57450.0,20,1.0,0,20,1
HydraulicSystems,1,383,57450,57750,57600.0,20,1.0,0,20,1
HydraulicSystems,1,384,57600,57900,57750.0,20,1.0,0,20,1
HydraulicSystems,1,385,57750,58050,57900.0,20,1.0,0,20,1
HydraulicSystems,1,386,57900,58200,58050.0,20,1.0,0,20,1
HydraulicSystems,1,387,58050,58350,58200.0,20,1.0,0,20,1
HydraulicSystems,1,388,58200,58500,58350.0,20,1.0,0,20,1
HydraulicSystems,1,389,58350,58650,58500.0,20,1.0,0,20,1
HydraulicSystems,1,390,58500,58800,58650.0,20,1.0,0,20,1
HydraulicSystems,1,391,58650,58950,58800.0,20,1.0,0,20,1
HydraulicSystems,1,392,58800,59100,58950.0,20,1.0,0,20,1
HydraulicSystems,1,393,58950,59250,59100.0,20,1.0,0,20,1
HydraulicSystems,1,394,59100,59400,59250.0,20,1.0,0,20,1
HydraulicSystems,1,395,59250,59550,59400.0,20,1.0,0,20,1
HydraulicSystems,1,396,59400,59700,59550.0,20,1.0,0,20,1
HydraulicSystems,1,397,59550,59850,59700.0,20,1.0,0,20,1
HydraulicSystems,1,398,59700,60000,59850.0,20,1.0,0,20,1
HydraulicSystems,1,399,59850,60150,60000.0,20,1.0,0,20,1
HydraulicSystems,1,400,60000,60300,60150.0,20,1.0,0,20,1
HydraulicSystems,1,401,60150,60450,60300.0,20,1.0,0,20,1
HydraulicSystems,1,402,60300,60600,60450.0,20,1.0,0,20,1
HydraulicSystems,1,403,60450,60750,60600.0,20,1.0,0,20,1
HydraulicSystems,1,404,60600,60900,60750.0,20,1.0,0,20,1
HydraulicSystems,1,405,60750,61050,60900.0,20,1.0,0,20,1
HydraulicSystems,1,406,60900,61200,61050.0,20,1.0,0,20,1
HydraulicSystems,1,407,61050,61350,61200.0,20,1.0,0,20,1
HydraulicSystems,1,408,61200,61500,61350.0,20,1.0,0,20,1
HydraulicSystems,1,409,61350,61650,61500.0,20,1.0,0,20,1
HydraulicSystems,1,410,61500,61800,61650.0,20,1.0,0,20,1
HydraulicSystems,1,411,61650,61950,61800.0,20,1.0,0,20,1
HydraulicSystems,1,412,61800,62100,61950.0,20,1.0,0,20,1
HydraulicSystems,1,413,61950,62250,62100.0,20,1.0,0,20,1
HydraulicSystems,1,414,62100,62400,62250.0,20,1.0,0,20,1
HydraulicSystems,1,415,62250,62550,62400.0,20,1.0,0,20,1
HydraulicSystems,1,416,62400,62700,62550.0,20,1.0,0,20,1
HydraulicSystems,1,417,62550,62850,62700.0,20,1.0,0,20,1
HydraulicSystems,1,418,62700,63000,62850.0,20,1.0,0,20,1
HydraulicSystems,1,419,62850,63150,63000.0,20,1.0,0,20,1
HydraulicSystems,1,420,63000,63300,63150.0,20,1.0,0,20,1
HydraulicSystems,1,421,63150,63450,63300.0,20,1.0,0,20,1
HydraulicSystems,1,422,63300,63600,63450.0,20,1.0,0,20,1
HydraulicSystems,1,423,63450,63750,63600.0,20,1.0,0,20,1
HydraulicSystems,1,424,63600,63900,63750.0,20,1.0,0,20,1
HydraulicSystems,1,425,63750,64050,63900.0,20,1.0,1,3,0
HydraulicSystems,1,426,63900,64200,64050.0,20,1.0,0,20,1
HydraulicSystems,1,427,64050,64350,64200.0,20,1.0,0,20,1
HydraulicSystems,1,428,64200,64500,64350.0,20,1.0,0,20,1
HydraulicSystems,1,429,64350,64650,64500.0,20,1.0,0,20,1
HydraulicSystems,1,430,64500,64800,64650.0,20,1.0,0,20,1
HydraulicSystems,1,431,64650,64950,64800.0,20,1.0,0,20,1
HydraulicSystems,1,432,64800,65100,64950.0,20,1.0,0,20,1
HydraulicSystems,1,433,64950,65250,65100.0,20,1.0,0,20,1
HydraulicSystems,1,434,65100,65400,65250.0,20,1.0,0,20,1
HydraulicSystems,1,435,65250,65550,65400.0,20,1.0,0,20,1
HydraulicSystems,1,436,65400,65700,65550.0,20,1.0,0,20,1
HydraulicSystems,1,437,65550,65850,65700.0,20,1.0,0,20,1
HydraulicSystems,1,438,65700,66000,65850.0,20,1.0,0,20,1
HydraulicSystems,1,439,65850,66150,66000.0,20,1.0,0,20,1
HydraulicSystems,1,440,66000,66300,66150.0,20,1.0,0,20,1
HydraulicSystems,1,441,66150,66450,66300.0,20,1.0,0,20,1
HydraulicSystems,1,442,66300,66600,66450.0,20,1.0,0,20,1
HydraulicSystems,1,443,66450,66750,66600.0,20,1.0,0,20,1
HydraulicSystems,1,444,66600,66900,66750.0,20,1.0,0,20,1
HydraulicSystems,1,445,66750,67050,66900.0,20,1.0,0,20,1
HydraulicSystems,1,446,66900,67200,67050.0,20,1.0,0,20,1
HydraulicSystems,1,447,67050,67350,67200.0,20,1.0,0,20,1
HydraulicSystems,1,448,67200,67500,67350.0,20,1.0,0,20,1
HydraulicSystems,1,449,67350,67650,67500.0,20,1.0,0,20,1
HydraulicSystems,1,450,67500,67800,67650.0,20,1.0,0,20,1
HydraulicSystems,1,451,67650,67950,67800.0,20,1.0,0,20,1
HydraulicSystems,1,452,67800,68100,67950.0,20,1.0,0,20,1
HydraulicSystems,1,453,67950,68250,68100.0,20,1.0,0,20,1
HydraulicSystems,1,454,68100,68400,68250.0,20,1.0,0,20,1
HydraulicSystems,1,455,68250,68550,68400.0,20,1.0,0,20,1
HydraulicSystems,1,456,68400,68700,68550.0,20,1.0,0,20,1
HydraulicSystems,1,457,68550,68850,68700.0,20,1.0,0,20,1
HydraulicSystems,1,458,68700,69000,68850.0,20,1.0,0,20,1
HydraulicSystems,1,459,68850,69150,69000.0,20,1.0,0,20,1
HydraulicSystems,1,460,69000,69300,69150.0,20,1.0,0,20,1
HydraulicSystems,1,461,69150,69450,69300.0,20,1.0,0,20,1
HydraulicSystems,1,462,69300,69600,69450.0,20,1.0,0,20,1
HydraulicSystems,1,463,69450,69750,69600.0,20,1.0,0,20,1
HydraulicSystems,1,464,69600,69900,69750.0,20,1.0,0,20,1
HydraulicSystems,1,465,69750,70050,69900.0,20,1.0,0,20,1
HydraulicSystems,1,466,69900,70200,70050.0,20,1.0,0,20,1
HydraulicSystems,1,467,70050,70350,70200.0,20,1.0,0,20,1
HydraulicSystems,1,468,70200,70500,70350.0,20,1.0,1,3,0
HydraulicSystems,1,469,70350,70650,70500.0,20,1.0,0,20,1
HydraulicSystems,1,470,70500,70800,70650.0,20,1.0,0,20,1
HydraulicSystems,1,471,70650,70950,70800.0,20,1.0,0,20,1
HydraulicSystems,1,472,70800,71100,70950.0,20,1.0,0,20,1
HydraulicSystems,1,473,70950,71250,71100.0,20,1.0,0,20,1
HydraulicSystems,1,474,71100,71400,71250.0,20,1.0,0,20,1
HydraulicSystems,1,475,71250,71550,71400.0,20,1.0,0,20,1
HydraulicSystems,1,476,71400,71700,71550.0,20,1.0,0,20,1
HydraulicSystems,1,477,71550,71850,71700.0,20,1.0,0,20,1
HydraulicSystems,1,478,71700,72000,71850.0,20,1.0,0,20,1
HydraulicSystems,1,479,71850,72150,72000.0,20,1.0,0,20,1
HydraulicSystems,1,480,72000,72300,72150.0,20,1.0,0,20,1
HydraulicSystems,1,481,72150,72450,72300.0,20,1.0,0,20,1
HydraulicSystems,1,482,72300,72600,72450.0,20,1.0,0,20,1
HydraulicSystems,1,483,72450,72750,72600.0,20,1.0,0,20,1
HydraulicSystems,1,484,72600,72900,72750.0,20,1.0,0,20,1
HydraulicSystems,1,485,72750,73050,72900.0,20,1.0,0,20,1
HydraulicSystems,1,486,72900,73200,73050.0,20,1.0,0,20,1
HydraulicSystems,1,487,73050,73350,73200.0,20,1.0,0,20,1
HydraulicSystems,1,488,73200,73500,73350.0,20,1.0,0,20,1
HydraulicSystems,1,489,73350,73650,73500.0,20,1.0,0,20,1
HydraulicSystems,1,490,73500,73800,73650.0,20,1.0,0,20,1
HydraulicSystems,1,491,73650,73950,73800.0,20,1.0,0,20,1
HydraulicSystems,1,492,73800,74100,73950.0,20,1.0,0,20,1
HydraulicSystems,1,493,73950,74250,74100.0,20,1.0,0,20,1
HydraulicSystems,1,494,74100,74400,74250.0,20,1.0,0,20,1
HydraulicSystems,1,495,74250,74550,74400.0,20,1.0,0,20,1
HydraulicSystems,1,496,74400,74700,74550.0,20,1.0,0,20,1
HydraulicSystems,1,497,74550,74850,74700.0,20,1.0,0,20,1
HydraulicSystems,1,498,74700,75000,74850.0,20,1.0,0,20,1
HydraulicSystems,1,499,74850,75150,75000.0,20,1.0,0,20,1
HydraulicSystems,1,500,75000,75300,75150.0,20,1.0,0,20,1
HydraulicSystems,1,501,75150,75450,75300.0,20,1.0,0,20,1
HydraulicSystems,1,502,75300,75600,75450.0,20,1.0,0,20,1
HydraulicSystems,1,503,75450,75750,75600.0,20,1.0,0,20,1
HydraulicSystems,1,504,75600,75900,75750.0,20,1.0,0,20,1
HydraulicSystems,1,505,75750,76050,75900.0,20,1.0,0,20,1
HydraulicSystems,1,506,75900,76200,76050.0,20,1.0,0,20,1
HydraulicSystems,1,507,76050,76350,76200.0,20,1.0,0,20,1
HydraulicSystems,1,508,76200,76500,76350.0,20,1.0,0,20,1
HydraulicSystems,1,509,76350,76650,76500.0,20,1.0,0,20,1
HydraulicSystems,1,510,76500,76800,76650.0,20,1.0,0,20,1
HydraulicSystems,1,511,76650,76950,76800.0,20,1.0,0,20,1
HydraulicSystems,1,512,76800,77100,76950.0,20,1.0,0,20,1
HydraulicSystems,1,513,76950,77250,77100.0,20,1.0,0,20,1
HydraulicSystems,1,514,77100,77400,77250.0,20,1.0,0,20,1
HydraulicSystems,1,515,77250,77550,77400.0,20,1.0,0,20,1
HydraulicSystems,1,516,77400,77700,77550.0,20,1.0,0,20,1
HydraulicSystems,1,517,77550,77850,77700.0,20,1.0,0,20,1
HydraulicSystems,1,518,77700,78000,77850.0,20,1.0,0,20,1
HydraulicSystems,1,519,77850,78150,78000.0,20,1.0,0,20,1
HydraulicSystems,1,520,78000,78300,78150.0,20,1.0,0,20,1
HydraulicSystems,1,521,78150,78450,78300.0,20,1.0,0,20,1
HydraulicSystems,1,522,78300,78600,78450.0,20,1.0,0,20,1
HydraulicSystems,1,523,78450,78750,78600.0,20,1.0,0,20,1
HydraulicSystems,1,524,78600,78900,78750.0,20,1.0,0,20,1
HydraulicSystems,1,525,78750,79050,78900.0,20,1.0,0,20,1
HydraulicSystems,1,526,78900,79200,79050.0,20,1.0,0,20,1
HydraulicSystems,1,527,79050,79350,79200.0,20,1.0,0,20,1
HydraulicSystems,1,528,79200,79500,79350.0,20,1.0,0,20,1
HydraulicSystems,1,529,79350,79650,79500.0,20,1.0,0,20,1
HydraulicSystems,1,530,79500,79800,79650.0,20,1.0,0,20,1
HydraulicSystems,1,531,79650,79950,79800.0,20,1.0,0,20,1
HydraulicSystems,1,532,79800,80100,79950.0,20,1.0,0,20,1
HydraulicSystems,1,533,79950,80250,80100.0,20,1.0,0,20,1
HydraulicSystems,1,534,80100,80400,80250.0,20,1.0,0,20,1
HydraulicSystems,1,535,80250,80550,80400.0,20,1.0,0,20,1
HydraulicSystems,1,536,80400,80700,80550.0,20,1.0,0,20,1
HydraulicSystems,1,537,80550,80850,80700.0,20,1.0,0,20,1
HydraulicSystems,1,538,80700,81000,80850.0,20,1.0,0,20,1
HydraulicSystems,1,539,80850,81150,81000.0,20,1.0,0,20,1
HydraulicSystems,1,540,81000,81300,81150.0,20,1.0,0,20,1
HydraulicSystems,1,541,81150,81450,81300.0,20,1.0,0,20,1
HydraulicSystems,1,542,81300,81600,81450.0,20,1.0,0,20,1
HydraulicSystems,1,543,81450,81750,81600.0,20,1.0,0,20,1
HydraulicSystems,1,544,81600,81900,81750.0,20,1.0,0,20,1
HydraulicSystems,1,545,81750,82050,81900.0,20,1.0,0,20,1
HydraulicSystems,1,546,81900,82200,82050.0,20,1.0,0,20,1
HydraulicSystems,1,547,82050,82350,82200.0,20,1.0,0,20,1
HydraulicSystems,1,548,82200,82500,82350.0,20,1.0,0,20,1
HydraulicSystems,1,549,82350,82650,82500.0,20,1.0,0,20,1
HydraulicSystems,1,550,82500,82800,82650.0,20,1.0,0,20,1
HydraulicSystems,1,551,82650,82950,82800.0,20,1.0,0,20,1
HydraulicSystems,1,552,82800,83100,82950.0,20,1.0,0,20,1
HydraulicSystems,1,553,82950,83250,83100.0,20,1.0,0,20,1
HydraulicSystems,1,554,83100,83400,83250.0,20,1.0,0,20,1
HydraulicSystems,1,555,83250,83550,83400.0,20,1.0,0,20,1
HydraulicSystems,1,556,83400,83700,83550.0,20,1.0,0,20,1
HydraulicSystems,1,557,83550,83850,83700.0,20,1.0,0,20,1
HydraulicSystems,1,558,83700,84000,83850.0,20,1.0,0,20,1
HydraulicSystems,1,559,83850,84150,84000.0,20,1.0,0,20,1
HydraulicSystems,1,560,84000,84300,84150.0,20,1.0,0,20,1
HydraulicSystems,1,561,84150,84450,84300.0,20,1.0,0,20,1
HydraulicSystems,1,562,84300,84600,84450.0,20,1.0,0,20,1
HydraulicSystems,1,563,84450,84750,84600.0,20,1.0,0,20,1
HydraulicSystems,1,564,84600,84900,84750.0,20,1.0,0,20,1
HydraulicSystems,1,565,84750,85050,84900.0,20,1.0,0,20,1
HydraulicSystems,1,566,84900,85200,85050.0,20,1.0,0,20,1
HydraulicSystems,1,567,85050,85350,85200.0,20,1.0,0,20,1
HydraulicSystems,1,568,85200,85500,85350.0,20,1.0,0,20,1
HydraulicSystems,1,569,85350,85650,85500.0,20,1.0,0,20,1
HydraulicSystems,1,570,85500,85800,85650.0,20,1.0,0,20,1
HydraulicSystems,1,571,85650,85950,85800.0,20,1.0,0,20,1
HydraulicSystems,1,572,85800,86100,85950.0,20,1.0,0,20,1
HydraulicSystems,1,573,85950,86250,86100.0,20,1.0,0,20,1
HydraulicSystems,1,574,86100,86400,86250.0,20,1.0,0,20,1
HydraulicSystems,1,575,86250,86550,86400.0,20,1.0,0,20,1
HydraulicSystems,1,576,86400,86700,86550.0,20,1.0,0,20,1
HydraulicSystems,1,577,86550,86850,86700.0,20,1.0,0,20,1
HydraulicSystems,1,578,86700,87000,86850.0,20,1.0,0,20,1
HydraulicSystems,1,579,86850,87150,87000.0,20,1.0,0,20,1
HydraulicSystems,1,580,87000,87300,87150.0,20,1.0,0,20,1
HydraulicSystems,1,581,87150,87450,87300.0,20,1.0,0,20,1
HydraulicSystems,1,582,87300,87600,87450.0,20,1.0,0,20,1
HydraulicSystems,1,583,87450,87750,87600.0,20,1.0,0,20,1
HydraulicSystems,1,584,87600,87900,87750.0,20,0.8,1,3,0
HydraulicSystems,1,585,87750,88050,87900.0,100,0.7,1,3,0
HydraulicSystems,1,586,87900,88200,88050.0,100,1.0,1,3,0
HydraulicSystems,1,587,88050,88350,88200.0,100,1.0,1,3,0
HydraulicSystems,1,588,88200,88500,88350.0,100,1.0,1,3,0
HydraulicSystems,1,589,88350,88650,88500.0,100,1.0,1,3,0
HydraulicSystems,1,590,88500,88800,88650.0,100,1.0,0,20,0
HydraulicSystems,1,591,88650,88950,88800.0,100,1.0,0,20,0
HydraulicSystems,1,592,88800,89100,88950.0,100,1.0,0,20,0
HydraulicSystems,1,593,88950,89250,89100.0,100,1.0,0,20,0
HydraulicSystems,1,594,89100,89400,89250.0,100,1.0,0,20,0
HydraulicSystems,1,595,89250,89550,89400.0,100,1.0,0,20,0
HydraulicSystems,1,596,89400,89700,89550.0,100,1.0,0,20,0
HydraulicSystems,1,597,89550,89850,89700.0,100,1.0,0,20,0
HydraulicSystems,1,598,89700,90000,89850.0,100,1.0,0,20,0
HydraulicSystems,1,599,89850,90150,90000.0,100,1.0,0,20,0
HydraulicSystems,1,600,90000,90300,90150.0,100,1.0,0,20,0
HydraulicSystems,1,601,90150,90450,90300.0,100,1.0,0,20,0
HydraulicSystems,1,602,90300,90600,90450.0,100,1.0,0,20,0
HydraulicSystems,1,603,90450,90750,90600.0,100,1.0,0,20,0
HydraulicSystems,1,604,90600,90900,90750.0,100,1.0,0,20,0
HydraulicSystems,1,605,90750,91050,90900.0,100,1.0,0,20,0
HydraulicSystems,1,606,90900,91200,91050.0,100,1.0,0,20,0
HydraulicSystems,1,607,91050,91350,91200.0,100,1.0,0,20,0
HydraulicSystems,1,608,91200,91500,91350.0,100,1.0,0,20,0
HydraulicSystems,1,609,91350,91650,91500.0,100,1.0,0,20,0
HydraulicSystems,1,610,91500,91800,91650.0,100,1.0,0,20,0
HydraulicSystems,1,611,91650,91950,91800.0,100,1.0,0,20,0
HydraulicSystems,1,612,91800,92100,91950.0,100,1.0,0,20,0
HydraulicSystems,1,613,91950,92250,92100.0,100,1.0,0,20,0
HydraulicSystems,1,614,92100,92400,92250.0,100,1.0,0,20,0
HydraulicSystems,1,615,92250,92550,92400.0,100,1.0,0,20,0
HydraulicSystems,1,616,92310,92610,92460.0,100,1.0,0,20,0
HydraulicSystems,2,0,0,300,150.0,3,1.0,1,3,1
HydraulicSystems,2,1,150,450,300.0,3,1.0,1,3,1
HydraulicSystems,2,2,300,600,450.0,3,1.0,1,3,1
HydraulicSystems,2,3,450,750,600.0,3,1.0,1,3,1
HydraulicSystems,2,4,600,900,750.0,3,1.0,1,3,1
HydraulicSystems,2,5,750,1050,900.0,3,1.0,1,3,1
HydraulicSystems,2,6,900,1200,1050.0,3,1.0,1,3,1
HydraulicSystems,2,7,1050,1350,1200.0,3,1.0,1,3,1
HydraulicSystems,2,8,1200,1500,1350.0,3,1.0,1,3,1
HydraulicSystems,2,9,1350,1650,1500.0,3,1.0,1,3,1
HydraulicSystems,2,10,1500,1800,1650.0,3,1.0,1,3,1
HydraulicSystems,2,11,1650,1950,1800.0,3,1.0,1,3,1
HydraulicSystems,2,12,1800,2100,1950.0,3,1.0,1,3,1
HydraulicSystems,2,13,1950,2250,2100.0,3,1.0,1,3,1
HydraulicSystems,2,14,2100,2400,2250.0,3,1.0,1,3,1
HydraulicSystems,2,15,2250,2550,2400.0,3,1.0,1,3,1
HydraulicSystems,2,16,2400,2700,2550.0,3,1.0,1,3,1
HydraulicSystems,2,17,2550,2850,2700.0,3,1.0,1,3,1
HydraulicSystems,2,18,2700,3000,2850.0,3,1.0,1,3,1
HydraulicSystems,2,19,2850,3150,3000.0,3,1.0,1,3,1
HydraulicSystems,2,20,3000,3300,3150.0,3,1.0,1,3,1
HydraulicSystems,2,21,3150,3450,3300.0,3,1.0,1,3,1
HydraulicSystems,2,22,3300,3600,3450.0,3,1.0,1,3,1
HydraulicSystems,2,23,3450,3750,3600.0,3,1.0,1,3,1
HydraulicSystems,2,24,3600,3900,3750.0,3,1.0,1,3,1
HydraulicSystems,2,25,3750,4050,3900.0,3,1.0,1,3,1
HydraulicSystems,2,26,3900,4200,4050.0,3,1.0,1,3,1
HydraulicSystems,2,27,4050,4350,4200.0,3,1.0,1,3,1
HydraulicSystems,2,28,4200,4500,4350.0,3,1.0,1,3,1
HydraulicSystems,2,29,4350,4650,4500.0,3,1.0,1,3,1
HydraulicSystems,2,30,4500,4800,4650.0,3,1.0,1,3,1
HydraulicSystems,2,31,4650,4950,4800.0,3,1.0,1,3,1
HydraulicSystems,2,32,4800,5100,4950.0,3,1.0,1,3,1
HydraulicSystems,2,33,4950,5250,5100.0,3,1.0,1,3,1
HydraulicSystems,2,34,5100,5400,5250.0,3,1.0,1,3,1
HydraulicSystems,2,35,5250,5550,5400.0,3,1.0,1,3,1
HydraulicSystems,2,36,5400,5700,5550.0,3,1.0,1,3,1
HydraulicSystems,2,37,5550,5850,5700.0,3,1.0,1,3,1
HydraulicSystems,2,38,5700,6000,5850.0,3,1.0,1,3,1
HydraulicSystems,2,39,5850,6150,6000.0,3,1.0,1,3,1
HydraulicSystems,2,40,6000,6300,6150.0,3,1.0,1,3,1
HydraulicSystems,2,41,6150,6450,6300.0,3,1.0,1,3,1
HydraulicSystems,2,42,6300,6600,6450.0,3,1.0,1,3,1
HydraulicSystems,2,43,6450,6750,6600.0,3,1.0,1,3,1
HydraulicSystems,2,44,6600,6900,6750.0,3,1.0,1,3,1
HydraulicSystems,2,45,6750,7050,6900.0,3,1.0,1,3,1
HydraulicSystems,2,46,6900,7200,7050.0,3,1.0,1,3,1
HydraulicSystems,2,47,7050,7350,7200.0,3,1.0,1,3,1
HydraulicSystems,2,48,7200,7500,7350.0,3,1.0,1,3,1
HydraulicSystems,2,49,7350,7650,7500.0,3,1.0,0,20,0
HydraulicSystems,2,50,7500,7800,7650.0,3,1.0,1,3,1
HydraulicSystems,2,51,7650,7950,7800.0,3,1.0,1,3,1
HydraulicSystems,2,52,7800,8100,7950.0,3,1.0,1,3,1
HydraulicSystems,2,53,7950,8250,8100.0,3,1.0,1,3,1
HydraulicSystems,2,54,8100,8400,8250.0,3,1.0,1,3,1
HydraulicSystems,2,55,8250,8550,8400.0,3,1.0,0,20,0
HydraulicSystems,2,56,8400,8700,8550.0,3,1.0,0,20,0
HydraulicSystems,2,57,8550,8850,8700.0,3,1.0,1,3,1
HydraulicSystems,2,58,8700,9000,8850.0,3,1.0,1,3,1
HydraulicSystems,2,59,8850,9150,9000.0,3,1.0,1,3,1
HydraulicSystems,2,60,9000,9300,9150.0,3,1.0,1,3,1
HydraulicSystems,2,61,9150,9450,9300.0,3,1.0,1,3,1
HydraulicSystems,2,62,9300,9600,9450.0,3,1.0,1,3,1
HydraulicSystems,2,63,9450,9750,9600.0,3,1.0,1,3,1
HydraulicSystems,2,64,9600,9900,9750.0,3,1.0,1,3,1
HydraulicSystems,2,65,9750,10050,9900.0,3,1.0,1,3,1
HydraulicSystems,2,66,9900,10200,10050.0,3,1.0,1,3,1
HydraulicSystems,2,67,10050,10350,10200.0,3,1.0,1,3,1
HydraulicSystems,2,68,10200,10500,10350.0,3,1.0,1,3,1
HydraulicSystems,2,69,10350,10650,10500.0,3,1.0,1,3,1
HydraulicSystems,2,70,10500,10800,10650.0,3,1.0,1,3,1
HydraulicSystems,2,71,10650,10950,10800.0,3,1.0,1,3,1
HydraulicSystems,2,72,10800,11100,10950.0,3,1.0,1,3,1
HydraulicSystems,2,73,10950,11250,11100.0,3,1.0,1,3,1
HydraulicSystems,2,74,11100,11400,11250.0,3,1.0,1,3,1
HydraulicSystems,2,75,11250,11550,11400.0,3,1.0,1,3,1
HydraulicSystems,2,76,11400,11700,11550.0,3,1.0,1,3,1
HydraulicSystems,2,77,11550,11850,11700.0,3,1.0,1,3,1
HydraulicSystems,2,78,11700,12000,11850.0,3,1.0,1,3,1
HydraulicSystems,2,79,11850,12150,12000.0,3,1.0,1,3,1
HydraulicSystems,2,80,12000,12300,12150.0,3,1.0,1,3,1
HydraulicSystems,2,81,12150,12450,12300.0,3,1.0,1,3,1
HydraulicSystems,2,82,12300,12600,12450.0,3,1.0,1,3,1
HydraulicSystems,2,83,12450,12750,12600.0,3,1.0,1,3,1
HydraulicSystems,2,84,12600,12900,12750.0,3,1.0,1,3,1
HydraulicSystems,2,85,12750,13050,12900.0,3,1.0,1,3,1
HydraulicSystems,2,86,12900,13200,13050.0,3,1.0,1,3,1
HydraulicSystems,2,87,13050,13350,13200.0,3,1.0,1,3,1
HydraulicSystems,2,88,13200,13500,13350.0,3,1.0,0,20,0
HydraulicSystems,2,89,13350,13650,13500.0,3,1.0,1,3,1
HydraulicSystems,2,90,13500,13800,13650.0,3,1.0,1,3,1
HydraulicSystems,2,91,13650,13950,13800.0,3,1.0,1,3,1
HydraulicSystems,2,92,13800,14100,13950.0,3,1.0,1,3,1
HydraulicSystems,2,93,13950,14250,14100.0,3,1.0,1,3,1
HydraulicSystems,2,94,14100,14400,14250.0,3,1.0,1,3,1
HydraulicSystems,2,95,14250,14550,14400.0,3,1.0,1,3,1
HydraulicSystems,2,96,14400,14700,14550.0,3,1.0,1,3,1
HydraulicSystems,2,97,14550,14850,14700.0,3,1.0,1,3,1
HydraulicSystems,2,98,14700,15000,14850.0,3,1.0,1,3,1
HydraulicSystems,2,99,14850,15150,15000.0,3,1.0,1,3,1
HydraulicSystems,2,100,15000,15300,15150.0,3,1.0,1,3,1
HydraulicSystems,2,101,15150,15450,15300.0,3,1.0,0,20,0
HydraulicSystems,2,102,15300,15600,15450.0,3,1.0,0,20,0
HydraulicSystems,2,103,15450,15750,15600.0,3,1.0,1,3,1
HydraulicSystems,2,104,15600,15900,15750.0,3,1.0,1,3,1
HydraulicSystems,2,105,15750,16050,15900.0,3,1.0,1,3,1
HydraulicSystems,2,106,15900,16200,16050.0,3,1.0,0,20,0
HydraulicSystems,2,107,16050,16350,16200.0,3,1.0,0,20,0
HydraulicSystems,2,108,16200,16500,16350.0,3,1.0,0,20,0
HydraulicSystems,2,109,16350,16650,16500.0,3,1.0,1,3,1
HydraulicSystems,2,110,16500,16800,16650.0,3,1.0,0,20,0
HydraulicSystems,2,111,16650,16950,16800.0,3,1.0,0,20,0
HydraulicSystems,2,112,16800,17100,16950.0,3,1.0,0,20,0
HydraulicSystems,2,113,16950,17250,17100.0,3,1.0,0,20,0
HydraulicSystems,2,114,17100,17400,17250.0,3,1.0,0,20,0
HydraulicSystems,2,115,17250,17550,17400.0,3,1.0,1,3,1
HydraulicSystems,2,116,17400,17700,17550.0,3,1.0,1,3,1
HydraulicSystems,2,117,17550,17850,17700.0,3,1.0,1,3,1
HydraulicSystems,2,118,17700,18000,17850.0,3,1.0,1,3,1
HydraulicSystems,2,119,17850,18150,18000.0,3,1.0,1,3,1
HydraulicSystems,2,120,18000,18300,18150.0,3,1.0,1,3,1
HydraulicSystems,2,121,18150,18450,18300.0,3,1.0,1,3,1
HydraulicSystems,2,122,18300,18600,18450.0,3,1.0,1,3,1
HydraulicSystems,2,123,18450,18750,18600.0,3,1.0,1,3,1
HydraulicSystems,2,124,18600,18900,18750.0,3,1.0,1,3,1
HydraulicSystems,2,125,18750,19050,18900.0,3,1.0,1,3,1
HydraulicSystems,2,126,18900,19200,19050.0,3,1.0,1,3,1
HydraulicSystems,2,127,19050,19350,19200.0,3,1.0,1,3,1
HydraulicSystems,2,128,19200,19500,19350.0,3,1.0,1,3,1
HydraulicSystems,2,129,19350,19650,19500.0,3,1.0,1,3,1
HydraulicSystems,2,130,19500,19800,19650.0,3,1.0,1,3,1
HydraulicSystems,2,131,19650,19950,19800.0,3,1.0,1,3,1
HydraulicSystems,2,132,19800,20100,19950.0,3,1.0,1,3,1
HydraulicSystems,2,133,19950,20250,20100.0,3,1.0,1,3,1
HydraulicSystems,2,134,20100,20400,20250.0,3,1.0,1,3,1
HydraulicSystems,2,135,20250,20550,20400.0,3,1.0,1,3,1
HydraulicSystems,2,136,20400,20700,20550.0,3,1.0,1,3,1
HydraulicSystems,2,137,20550,20850,20700.0,3,1.0,1,3,1
HydraulicSystems,2,138,20700,21000,20850.0,3,1.0,1,3,1
HydraulicSystems,2,139,20850,21150,21000.0,3,1.0,1,3,1
HydraulicSystems,2,140,21000,21300,21150.0,3,1.0,1,3,1
HydraulicSystems,2,141,21150,21450,21300.0,3,1.0,1,3,1
HydraulicSystems,2,142,21300,21600,21450.0,3,1.0,1,3,1
HydraulicSystems,2,143,21450,21750,21600.0,3,1.0,1,3,1
HydraulicSystems,2,144,21600,21900,21750.0,3,1.0,1,3,1
HydraulicSystems,2,145,21750,22050,21900.0,3,1.0,1,3,1
HydraulicSystems,2,146,21900,22200,22050.0,3,1.0,1,3,1
HydraulicSystems,2,147,22050,22350,22200.0,3,1.0,1,3,1
HydraulicSystems,2,148,22200,22500,22350.0,3,1.0,1,3,1
HydraulicSystems,2,149,22350,22650,22500.0,3,1.0,1,3,1
HydraulicSystems,2,150,22500,22800,22650.0,3,1.0,1,3,1
HydraulicSystems,2,151,22650,22950,22800.0,3,1.0,1,3,1
HydraulicSystems,2,152,22800,23100,22950.0,3,1.0,1,3,1
HydraulicSystems,2,153,22950,23250,23100.0,3,1.0,1,3,1
HydraulicSystems,2,154,23100,23400,23250.0,3,1.0,1,3,1
HydraulicSystems,2,155,23250,23550,23400.0,3,1.0,1,3,1
HydraulicSystems,2,156,23400,23700,23550.0,3,1.0,1,3,1
HydraulicSystems,2,157,23550,23850,23700.0,3,1.0,1,3,1
HydraulicSystems,2,158,23700,24000,23850.0,3,1.0,1,3,1
HydraulicSystems,2,159,23850,24150,24000.0,3,1.0,1,3,1
HydraulicSystems,2,160,24000,24300,24150.0,3,1.0,1,3,1
HydraulicSystems,2,161,24150,24450,24300.0,3,1.0,1,3,1
HydraulicSystems,2,162,24300,24600,24450.0,3,1.0,1,3,1
HydraulicSystems,2,163,24450,24750,24600.0,3,1.0,1,3,1
HydraulicSystems,2,164,24600,24900,24750.0,3,1.0,1,3,1
HydraulicSystems,2,165,24750,25050,24900.0,3,1.0,1,3,1
HydraulicSystems,2,166,24900,25200,25050.0,3,1.0,1,3,1
HydraulicSystems,2,167,25050,25350,25200.0,3,1.0,1,3,1
HydraulicSystems,2,168,25200,25500,25350.0,3,1.0,1,3,1
HydraulicSystems,2,169,25350,25650,25500.0,3,1.0,1,3,1
HydraulicSystems,2,170,25500,25800,25650.0,3,1.0,1,3,1
HydraulicSystems,2,171,25650,25950,25800.0,3,1.0,1,3,1
HydraulicSystems,2,172,25800,26100,25950.0,3,1.0,1,3,1
HydraulicSystems,2,173,25950,26250,26100.0,3,1.0,1,3,1
HydraulicSystems,2,174,26100,26400,26250.0,3,1.0,1,3,1
HydraulicSystems,2,175,26250,26550,26400.0,3,1.0,1,3,1
HydraulicSystems,2,176,26400,26700,26550.0,3,1.0,1,3,1
HydraulicSystems,2,177,26550,26850,26700.0,3,1.0,1,3,1
HydraulicSystems,2,178,26700,27000,26850.0,3,1.0,1,3,1
HydraulicSystems,2,179,26850,27150,27000.0,3,1.0,1,3,1
HydraulicSystems,2,180,27000,27300,27150.0,3,1.0,1,3,1
HydraulicSystems,2,181,27150,27450,27300.0,3,1.0,1,3,1
HydraulicSystems,2,182,27300,27600,27450.0,3,1.0,1,3,1
HydraulicSystems,2,183,27450,27750,27600.0,3,1.0,1,3,1
HydraulicSystems,2,184,27600,27900,27750.0,3,1.0,1,3,1
HydraulicSystems,2,185,27750,28050,27900.0,3,1.0,1,3,1
HydraulicSystems,2,186,27900,28200,28050.0,3,1.0,1,3,1
HydraulicSystems,2,187,28050,28350,28200.0,3,1.0,1,3,1
HydraulicSystems,2,188,28200,28500,28350.0,3,1.0,1,3,1
HydraulicSystems,2,189,28350,28650,28500.0,3,1.0,1,3,1
HydraulicSystems,2,190,28500,28800,28650.0,3,1.0,1,3,1
HydraulicSystems,2,191,28650,28950,28800.0,3,1.0,1,3,1
HydraulicSystems,2,192,28800,29100,28950.0,3,1.0,1,3,1
HydraulicSystems,2,193,28950,29250,29100.0,3,1.0,1,3,1
HydraulicSystems,2,194,29100,29400,29250.0,3,1.0,1,3,1
HydraulicSystems,2,195,29250,29550,29400.0,3,1.0,1,3,1
HydraulicSystems,2,196,29400,29700,29550.0,3,1.0,1,3,1
HydraulicSystems,2,197,29550,29850,29700.0,3,1.0,1,3,1
HydraulicSystems,2,198,29700,30000,29850.0,3,1.0,1,3,1
HydraulicSystems,2,199,29850,30150,30000.0,3,1.0,1,3,1
HydraulicSystems,2,200,30000,30300,30150.0,3,1.0,1,3,1
HydraulicSystems,2,201,30150,30450,30300.0,3,1.0,1,3,1
HydraulicSystems,2,202,30300,30600,30450.0,3,1.0,1,3,1
HydraulicSystems,2,203,30450,30750,30600.0,3,1.0,1,3,1
HydraulicSystems,2,204,30600,30900,30750.0,3,1.0,1,3,1
HydraulicSystems,2,205,30750,31050,30900.0,3,1.0,1,3,1
HydraulicSystems,2,206,30900,31200,31050.0,3,1.0,1,3,1
HydraulicSystems,2,207,31050,31350,31200.0,3,1.0,1,3,1
HydraulicSystems,2,208,31200,31500,31350.0,3,1.0,1,3,1
HydraulicSystems,2,209,31350,31650,31500.0,3,1.0,1,3,1
HydraulicSystems,2,210,31500,31800,31650.0,3,1.0,1,3,1
HydraulicSystems,2,211,31650,31950,31800.0,3,1.0,1,3,1
HydraulicSystems,2,212,31800,32100,31950.0,3,1.0,1,3,1
HydraulicSystems,2,213,31950,32250,32100.0,3,1.0,1,3,1
HydraulicSystems,2,214,32100,32400,32250.0,3,1.0,1,3,1
HydraulicSystems,2,215,32250,32550,32400.0,3,1.0,1,3,1
HydraulicSystems,2,216,32400,32700,32550.0,3,1.0,1,3,1
HydraulicSystems,2,217,32550,32850,32700.0,3,1.0,1,3,1
HydraulicSystems,2,218,32700,33000,32850.0,3,1.0,1,3,1
HydraulicSystems,2,219,32850,33150,33000.0,3,1.0,1,3,1
HydraulicSystems,2,220,33000,33300,33150.0,3,1.0,1,3,1
HydraulicSystems,2,221,33150,33450,33300.0,3,1.0,1,3,1
HydraulicSystems,2,222,33300,33600,33450.0,3,1.0,1,3,1
HydraulicSystems,2,223,33450,33750,33600.0,3,1.0,1,3,1
HydraulicSystems,2,224,33600,33900,33750.0,3,1.0,1,3,1
HydraulicSystems,2,225,33750,34050,33900.0,3,1.0,1,3,1
HydraulicSystems,2,226,33900,34200,34050.0,3,1.0,1,3,1
HydraulicSystems,2,227,34050,34350,34200.0,3,1.0,1,3,1
HydraulicSystems,2,228,34200,34500,34350.0,3,1.0,1,3,1
HydraulicSystems,2,229,34350,34650,34500.0,3,1.0,1,3,1
HydraulicSystems,2,230,34500,34800,34650.0,3,1.0,1,3,1
HydraulicSystems,2,231,34650,34950,34800.0,3,1.0,1,3,1
HydraulicSystems,2,232,34800,35100,34950.0,3,1.0,1,3,1
HydraulicSystems,2,233,34950,35250,35100.0,3,1.0,1,3,1
HydraulicSystems,2,234,35100,35400,35250.0,3,1.0,1,3,1
HydraulicSystems,2,235,35250,35550,35400.0,3,1.0,1,3,1
HydraulicSystems,2,236,35400,35700,35550.0,3,1.0,1,3,1
HydraulicSystems,2,237,35550,35850,35700.0,3,1.0,1,3,1
HydraulicSystems,2,238,35700,36000,35850.0,3,1.0,1,3,1
HydraulicSystems,2,239,35850,36150,36000.0,3,1.0,1,3,1
HydraulicSystems,2,240,36000,36300,36150.0,3,1.0,1,3,1
HydraulicSystems,2,241,36150,36450,36300.0,3,1.0,1,3,1
HydraulicSystems,2,242,36300,36600,36450.0,3,1.0,1,3,1
HydraulicSystems,2,243,36450,36750,36600.0,3,1.0,1,3,1
HydraulicSystems,2,244,36600,36900,36750.0,3,1.0,1,3,1
HydraulicSystems,2,245,36750,37050,36900.0,3,1.0,1,3,1
HydraulicSystems,2,246,36900,37200,37050.0,3,1.0,1,3,1
HydraulicSystems,2,247,37050,37350,37200.0,3,1.0,1,3,1
HydraulicSystems,2,248,37200,37500,37350.0,3,1.0,1,3,1
HydraulicSystems,2,249,37350,37650,37500.0,3,1.0,1,3,1
HydraulicSystems,2,250,37500,37800,37650.0,3,1.0,1,3,1
HydraulicSystems,2,251,37650,37950,37800.0,3,1.0,1,3,1
HydraulicSystems,2,252,37800,38100,37950.0,3,1.0,1,3,1
HydraulicSystems,2,253,37950,38250,38100.0,3,1.0,1,3,1
HydraulicSystems,2,254,38100,38400,38250.0,3,1.0,1,3,1
HydraulicSystems,2,255,38250,38550,38400.0,3,1.0,1,3,1
HydraulicSystems,2,256,38400,38700,38550.0,3,1.0,1,3,1
HydraulicSystems,2,257,38550,38850,38700.0,3,1.0,1,3,1
HydraulicSystems,2,258,38700,39000,38850.0,3,1.0,1,3,1
HydraulicSystems,2,259,38850,39150,39000.0,3,1.0,1,3,1
HydraulicSystems,2,260,39000,39300,39150.0,3,1.0,1,3,1
HydraulicSystems,2,261,39150,39450,39300.0,3,1.0,1,3,1
HydraulicSystems,2,262,39300,39600,39450.0,3,1.0,1,3,1
HydraulicSystems,2,263,39450,39750,39600.0,3,1.0,1,3,1
HydraulicSystems,2,264,39600,39900,39750.0,3,1.0,1,3,1
HydraulicSystems,2,265,39750,40050,39900.0,3,1.0,1,3,1
HydraulicSystems,2,266,39900,40200,40050.0,3,1.0,1,3,1
HydraulicSystems,2,267,40050,40350,40200.0,3,1.0,1,3,1
HydraulicSystems,2,268,40200,40500,40350.0,3,1.0,1,3,1
HydraulicSystems,2,269,40350,40650,40500.0,3,1.0,1,3,1
HydraulicSystems,2,270,40500,40800,40650.0,3,1.0,1,3,1
HydraulicSystems,2,271,40650,40950,40800.0,3,1.0,1,3,1
HydraulicSystems,2,272,40800,41100,40950.0,3,1.0,1,3,1
HydraulicSystems,2,273,40950,41250,41100.0,3,1.0,1,3,1
HydraulicSystems,2,274,41100,41400,41250.0,3,1.0,1,3,1
HydraulicSystems,2,275,41250,41550,41400.0,3,1.0,1,3,1
HydraulicSystems,2,276,41400,41700,41550.0,3,1.0,1,3,1
HydraulicSystems,2,277,41550,41850,41700.0,3,1.0,1,3,1
HydraulicSystems,2,278,41700,42000,41850.0,3,1.0,1,3,1
HydraulicSystems,2,279,41850,42150,42000.0,3,1.0,1,3,1
HydraulicSystems,2,280,42000,42300,42150.0,3,1.0,1,3,1
HydraulicSystems,2,281,42150,42450,42300.0,3,1.0,1,3,1
HydraulicSystems,2,282,42300,42600,42450.0,3,1.0,1,3,1
HydraulicSystems,2,283,42450,42750,42600.0,3,1.0,1,3,1
HydraulicSystems,2,284,42600,42900,42750.0,3,1.0,1,3,1
HydraulicSystems,2,285,42750,43050,42900.0,3,1.0,1,3,1
HydraulicSystems,2,286,42900,43200,43050.0,3,1.0,1,3,1
HydraulicSystems,2,287,43050,43350,43200.0,3,1.0,1,3,1
HydraulicSystems,2,288,43200,43500,43350.0,3,1.0,1,3,1
HydraulicSystems,2,289,43350,43650,43500.0,3,1.0,1,3,1
HydraulicSystems,2,290,43500,43800,43650.0,3,1.0,1,3,1
HydraulicSystems,2,291,43650,43950,43800.0,3,0.9,1,3,1
HydraulicSystems,2,292,43800,44100,43950.0,20,0.6,1,3,0
HydraulicSystems,2,293,43950,44250,44100.0,20,1.0,1,3,0
HydraulicSystems,2,294,44100,44400,44250.0,20,1.0,1,3,0
HydraulicSystems,2,295,44250,44550,44400.0,20,1.0,1,3,0
HydraulicSystems,2,296,44400,44700,44550.0,20,1.0,1,3,0
HydraulicSystems,2,297,44550,44850,44700.0,20,1.0,1,3,0
HydraulicSystems,2,298,44700,45000,44850.0,20,1.0,1,3,0
HydraulicSystems,2,299,44850,45150,45000.0,20,1.0,1,3,0
HydraulicSystems,2,300,45000,45300,45150.0,20,1.0,1,3,0
HydraulicSystems,2,301,45150,45450,45300.0,20,1.0,0,20,1
HydraulicSystems,2,302,45300,45600,45450.0,20,1.0,0,20,1
HydraulicSystems,2,303,45450,45750,45600.0,20,1.0,0,20,1
HydraulicSystems,2,304,45600,45900,45750.0,20,1.0,0,20,1
HydraulicSystems,2,305,45750,46050,45900.0,20,1.0,0,20,1
HydraulicSystems,2,306,45900,46200,46050.0,20,1.0,0,20,1
HydraulicSystems,2,307,46050,46350,46200.0,20,1.0,0,20,1
HydraulicSystems,2,308,46200,46500,46350.0,20,1.0,0,20,1
HydraulicSystems,2,309,46350,46650,46500.0,20,1.0,0,20,1
HydraulicSystems,2,310,46500,46800,46650.0,20,1.0,0,20,1
HydraulicSystems,2,311,46650,46950,46800.0,20,1.0,0,20,1
HydraulicSystems,2,312,46800,47100,46950.0,20,1.0,0,20,1
HydraulicSystems,2,313,46950,47250,47100.0,20,1.0,0,20,1
HydraulicSystems,2,314,47100,47400,47250.0,20,1.0,0,20,1
HydraulicSystems,2,315,47250,47550,47400.0,20,1.0,0,20,1
HydraulicSystems,2,316,47400,47700,47550.0,20,1.0,0,20,1
HydraulicSystems,2,317,47550,47850,47700.0,20,1.0,0,20,1
HydraulicSystems,2,318,47700,48000,47850.0,20,1.0,0,20,1
HydraulicSystems,2,319,47850,48150,48000.0,20,1.0,0,20,1
HydraulicSystems,2,320,48000,48300,48150.0,20,1.0,0,20,1
HydraulicSystems,2,321,48150,48450,48300.0,20,1.0,0,20,1
HydraulicSystems,2,322,48300,48600,48450.0,20,1.0,0,20,1
HydraulicSystems,2,323,48450,48750,48600.0,20,1.0,0,20,1
HydraulicSystems,2,324,48600,48900,48750.0,20,1.0,0,20,1
HydraulicSystems,2,325,48750,49050,48900.0,20,1.0,0,20,1
HydraulicSystems,2,326,48900,49200,49050.0,20,1.0,0,20,1
HydraulicSystems,2,327,49050,49350,49200.0,20,1.0,0,20,1
HydraulicSystems,2,328,49200,49500,49350.0,20,1.0,0,20,1
HydraulicSystems,2,329,49350,49650,49500.0,20,1.0,0,20,1
HydraulicSystems,2,330,49500,49800,49650.0,20,1.0,0,20,1
HydraulicSystems,2,331,49650,49950,49800.0,20,1.0,0,20,1
HydraulicSystems,2,332,49800,50100,49950.0,20,1.0,0,20,1
HydraulicSystems,2,333,49950,50250,50100.0,20,1.0,0,20,1
HydraulicSystems,2,334,50100,50400,50250.0,20,1.0,0,20,1
HydraulicSystems,2,335,50250,50550,50400.0,20,1.0,0,20,1
HydraulicSystems,2,336,50400,50700,50550.0,20,1.0,0,20,1
HydraulicSystems,2,337,50550,50850,50700.0,20,1.0,0,20,1
HydraulicSystems,2,338,50700,51000,50850.0,20,1.0,0,20,1
HydraulicSystems,2,339,50850,51150,51000.0,20,1.0,0,20,1
HydraulicSystems,2,340,51000,51300,51150.0,20,1.0,0,20,1
HydraulicSystems,2,341,51150,51450,51300.0,20,1.0,0,20,1
HydraulicSystems,2,342,51300,51600,51450.0,20,1.0,0,20,1
HydraulicSystems,2,343,51450,51750,51600.0,20,1.0,0,20,1
HydraulicSystems,2,344,51600,51900,51750.0,20,1.0,0,20,1
HydraulicSystems,2,345,51750,52050,51900.0,20,1.0,0,20,1
HydraulicSystems,2,346,51900,52200,52050.0,20,1.0,0,20,1
HydraulicSystems,2,347,52050,52350,52200.0,20,1.0,0,20,1
HydraulicSystems,2,348,52200,52500,52350.0,20,1.0,1,3,0
HydraulicSystems,2,349,52350,52650,52500.0,20,1.0,0,20,1
HydraulicSystems,2,350,52500,52800,52650.0,20,1.0,0,20,1
HydraulicSystems,2,351,52650,52950,52800.0,20,1.0,0,20,1
HydraulicSystems,2,352,52800,53100,52950.0,20,1.0,0,20,1
HydraulicSystems,2,353,52950,53250,53100.0,20,1.0,0,20,1
HydraulicSystems,2,354,53100,53400,53250.0,20,1.0,0,20,1
HydraulicSystems,2,355,53250,53550,53400.0,20,1.0,0,20,1
HydraulicSystems,2,356,53400,53700,53550.0,20,1.0,0,20,1
HydraulicSystems,2,357,53550,53850,53700.0,20,1.0,0,20,1
HydraulicSystems,2,358,53700,54000,53850.0,20,1.0,0,20,1
HydraulicSystems,2,359,53850,54150,54000.0,20,1.0,0,20,1
HydraulicSystems,2,360,54000,54300,54150.0,20,1.0,0,20,1
HydraulicSystems,2,361,54150,54450,54300.0,20,1.0,0,20,1
HydraulicSystems,2,362,54300,54600,54450.0,20,1.0,0,20,1
HydraulicSystems,2,363,54450,54750,54600.0,20,1.0,0,20,1
HydraulicSystems,2,364,54600,54900,54750.0,20,1.0,0,20,1
HydraulicSystems,2,365,54750,55050,54900.0,20,1.0,0,20,1
HydraulicSystems,2,366,54900,55200,55050.0,20,1.0,0,20,1
HydraulicSystems,2,367,55050,55350,55200.0,20,1.0,0,20,1
HydraulicSystems,2,368,55200,55500,55350.0,20,1.0,0,20,1
HydraulicSystems,2,369,55350,55650,55500.0,20,1.0,0,20,1
HydraulicSystems,2,370,55500,55800,55650.0,20,1.0,0,20,1
HydraulicSystems,2,371,55650,55950,55800.0,20,1.0,0,20,1
HydraulicSystems,2,372,55800,56100,55950.0,20,1.0,0,20,1
HydraulicSystems,2,373,55950,56250,56100.0,20,1.0,1,3,0
HydraulicSystems,2,374,56100,56400,56250.0,20,1.0,0,20,1
HydraulicSystems,2,375,56250,56550,56400.0,20,1.0,0,20,1
HydraulicSystems,2,376,56400,56700,56550.0,20,1.0,0,20,1
HydraulicSystems,2,377,56550,56850,56700.0,20,1.0,0,20,1
HydraulicSystems,2,378,56700,57000,56850.0,20,1.0,0,20,1
HydraulicSystems,2,379,56850,57150,57000.0,20,1.0,0,20,1
HydraulicSystems,2,380,57000,57300,57150.0,20,1.0,0,20,1
HydraulicSystems,2,381,57150,57450,57300.0,20,1.0,0,20,1
HydraulicSystems,2,382,57300,57600,57450.0,20,1.0,0,20,1
HydraulicSystems,2,383,57450,57750,57600.0,20,1.0,0,20,1
HydraulicSystems,2,384,57600,57900,57750.0,20,1.0,0,20,1
HydraulicSystems,2,385,57750,58050,57900.0,20,1.0,0,20,1
HydraulicSystems,2,386,57900,58200,58050.0,20,1.0,0,20,1
HydraulicSystems,2,387,58050,58350,58200.0,20,1.0,0,20,1
HydraulicSystems,2,388,58200,58500,58350.0,20,1.0,0,20,1
HydraulicSystems,2,389,58350,58650,58500.0,20,1.0,0,20,1
HydraulicSystems,2,390,58500,58800,58650.0,20,1.0,0,20,1
HydraulicSystems,2,391,58650,58950,58800.0,20,1.0,0,20,1
HydraulicSystems,2,392,58800,59100,58950.0,20,1.0,0,20,1
HydraulicSystems,2,393,58950,59250,59100.0,20,1.0,0,20,1
HydraulicSystems,2,394,59100,59400,59250.0,20,1.0,0,20,1
HydraulicSystems,2,395,59250,59550,59400.0,20,1.0,0,20,1
HydraulicSystems,2,396,59400,59700,59550.0,20,1.0,0,20,1
HydraulicSystems,2,397,59550,59850,59700.0,20,1.0,0,20,1
HydraulicSystems,2,398,59700,60000,59850.0,20,1.0,0,20,1
HydraulicSystems,2,399,59850,60150,60000.0,20,1.0,0,20,1
HydraulicSystems,2,400,60000,60300,60150.0,20,1.0,0,20,1
HydraulicSystems,2,401,60150,60450,60300.0,20,1.0,0,20,1
HydraulicSystems,2,402,60300,60600,60450.0,20,1.0,0,20,1
HydraulicSystems,2,403,60450,60750,60600.0,20,1.0,0,20,1
HydraulicSystems,2,404,60600,60900,60750.0,20,1.0,0,20,1
HydraulicSystems,2,405,60750,61050,60900.0,20,1.0,0,20,1
HydraulicSystems,2,406,60900,61200,61050.0,20,1.0,0,20,1
HydraulicSystems,2,407,61050,61350,61200.0,20,1.0,0,20,1
HydraulicSystems,2,408,61200,61500,61350.0,20,1.0,0,20,1
HydraulicSystems,2,409,61350,61650,61500.0,20,1.0,0,20,1
HydraulicSystems,2,410,61500,61800,61650.0,20,1.0,0,20,1
HydraulicSystems,2,411,61650,61950,61800.0,20,1.0,0,20,1
HydraulicSystems,2,412,61800,62100,61950.0,20,1.0,0,20,1
HydraulicSystems,2,413,61950,62250,62100.0,20,1.0,0,20,1
HydraulicSystems,2,414,62100,62400,62250.0,20,1.0,0,20,1
HydraulicSystems,2,415,62250,62550,62400.0,20,1.0,0,20,1
HydraulicSystems,2,416,62400,62700,62550.0,20,1.0,0,20,1
HydraulicSystems,2,417,62550,62850,62700.0,20,1.0,0,20,1
HydraulicSystems,2,418,62700,63000,62850.0,20,1.0,0,20,1
HydraulicSystems,2,419,62850,63150,63000.0,20,1.0,0,20,1
HydraulicSystems,2,420,63000,63300,63150.0,20,1.0,0,20,1
HydraulicSystems,2,421,63150,63450,63300.0,20,1.0,0,20,1
HydraulicSystems,2,422,63300,63600,63450.0,20,1.0,0,20,1
HydraulicSystems,2,423,63450,63750,63600.0,20,1.0,0,20,1
HydraulicSystems,2,424,63600,63900,63750.0,20,1.0,0,20,1
HydraulicSystems,2,425,63750,64050,63900.0,20,1.0,1,3,0
HydraulicSystems,2,426,63900,64200,64050.0,20,1.0,0,20,1
HydraulicSystems,2,427,64050,64350,64200.0,20,1.0,0,20,1
HydraulicSystems,2,428,64200,64500,64350.0,20,1.0,0,20,1
HydraulicSystems,2,429,64350,64650,64500.0,20,1.0,0,20,1
HydraulicSystems,2,430,64500,64800,64650.0,20,1.0,0,20,1
HydraulicSystems,2,431,64650,64950,64800.0,20,1.0,0,20,1
HydraulicSystems,2,432,64800,65100,64950.0,20,1.0,0,20,1
HydraulicSystems,2,433,64950,65250,65100.0,20,1.0,0,20,1
HydraulicSystems,2,434,65100,65400,65250.0,20,1.0,0,20,1
HydraulicSystems,2,435,65250,65550,65400.0,20,1.0,0,20,1
HydraulicSystems,2,436,65400,65700,65550.0,20,1.0,0,20,1
HydraulicSystems,2,437,65550,65850,65700.0,20,1.0,0,20,1
HydraulicSystems,2,438,65700,66000,65850.0,20,1.0,0,20,1
HydraulicSystems,2,439,65850,66150,66000.0,20,1.0,0,20,1
HydraulicSystems,2,440,66000,66300,66150.0,20,1.0,0,20,1
HydraulicSystems,2,441,66150,66450,66300.0,20,1.0,0,20,1
HydraulicSystems,2,442,66300,66600,66450.0,20,1.0,0,20,1
HydraulicSystems,2,443,66450,66750,66600.0,20,1.0,0,20,1
HydraulicSystems,2,444,66600,66900,66750.0,20,1.0,0,20,1
HydraulicSystems,2,445,66750,67050,66900.0,20,1.0,0,20,1
HydraulicSystems,2,446,66900,67200,67050.0,20,1.0,0,20,1
HydraulicSystems,2,447,67050,67350,67200.0,20,1.0,0,20,1
HydraulicSystems,2,448,67200,67500,67350.0,20,1.0,0,20,1
HydraulicSystems,2,449,67350,67650,67500.0,20,1.0,0,20,1
HydraulicSystems,2,450,67500,67800,67650.0,20,1.0,0,20,1
HydraulicSystems,2,451,67650,67950,67800.0,20,1.0,0,20,1
HydraulicSystems,2,452,67800,68100,67950.0,20,1.0,0,20,1
HydraulicSystems,2,453,67950,68250,68100.0,20,1.0,0,20,1
HydraulicSystems,2,454,68100,68400,68250.0,20,1.0,0,20,1
HydraulicSystems,2,455,68250,68550,68400.0,20,1.0,0,20,1
HydraulicSystems,2,456,68400,68700,68550.0,20,1.0,0,20,1
HydraulicSystems,2,457,68550,68850,68700.0,20,1.0,0,20,1
HydraulicSystems,2,458,68700,69000,68850.0,20,1.0,0,20,1
HydraulicSystems,2,459,68850,69150,69000.0,20,1.0,0,20,1
HydraulicSystems,2,460,69000,69300,69150.0,20,1.0,0,20,1
HydraulicSystems,2,461,69150,69450,69300.0,20,1.0,0,20,1
HydraulicSystems,2,462,69300,69600,69450.0,20,1.0,0,20,1
HydraulicSystems,2,463,69450,69750,69600.0,20,1.0,0,20,1
HydraulicSystems,2,464,69600,69900,69750.0,20,1.0,0,20,1
HydraulicSystems,2,465,69750,70050,69900.0,20,1.0,0,20,1
HydraulicSystems,2,466,69900,70200,70050.0,20,1.0,0,20,1
HydraulicSystems,2,467,70050,70350,70200.0,20,1.0,0,20,1
HydraulicSystems,2,468,70200,70500,70350.0,20,1.0,1,3,0
HydraulicSystems,2,469,70350,70650,70500.0,20,1.0,0,20,1
HydraulicSystems,2,470,70500,70800,70650.0,20,1.0,0,20,1
HydraulicSystems,2,471,70650,70950,70800.0,20,1.0,0,20,1
HydraulicSystems,2,472,70800,71100,70950.0,20,1.0,0,20,1
HydraulicSystems,2,473,70950,71250,71100.0,20,1.0,0,20,1
HydraulicSystems,2,474,71100,71400,71250.0,20,1.0,0,20,1
HydraulicSystems,2,475,71250,71550,71400.0,20,1.0,0,20,1
HydraulicSystems,2,476,71400,71700,71550.0,20,1.0,0,20,1
HydraulicSystems,2,477,71550,71850,71700.0,20,1.0,0,20,1
HydraulicSystems,2,478,71700,72000,71850.0,20,1.0,0,20,1
HydraulicSystems,2,479,71850,72150,72000.0,20,1.0,0,20,1
HydraulicSystems,2,480,72000,72300,72150.0,20,1.0,0,20,1
HydraulicSystems,2,481,72150,72450,72300.0,20,1.0,0,20,1
HydraulicSystems,2,482,72300,72600,72450.0,20,1.0,0,20,1
HydraulicSystems,2,483,72450,72750,72600.0,20,1.0,0,20,1
HydraulicSystems,2,484,72600,72900,72750.0,20,1.0,0,20,1
HydraulicSystems,2,485,72750,73050,72900.0,20,1.0,0,20,1
HydraulicSystems,2,486,72900,73200,73050.0,20,1.0,0,20,1
HydraulicSystems,2,487,73050,73350,73200.0,20,1.0,0,20,1
HydraulicSystems,2,488,73200,73500,73350.0,20,1.0,0,20,1
HydraulicSystems,2,489,73350,73650,73500.0,20,1.0,0,20,1
HydraulicSystems,2,490,73500,73800,73650.0,20,1.0,0,20,1
HydraulicSystems,2,491,73650,73950,73800.0,20,1.0,0,20,1
HydraulicSystems,2,492,73800,74100,73950.0,20,1.0,0,20,1
HydraulicSystems,2,493,73950,74250,74100.0,20,1.0,0,20,1
HydraulicSystems,2,494,74100,74400,74250.0,20,1.0,0,20,1
HydraulicSystems,2,495,74250,74550,74400.0,20,1.0,0,20,1
HydraulicSystems,2,496,74400,74700,74550.0,20,1.0,0,20,1
HydraulicSystems,2,497,74550,74850,74700.0,20,1.0,0,20,1
HydraulicSystems,2,498,74700,75000,74850.0,20,1.0,0,20,1
HydraulicSystems,2,499,74850,75150,75000.0,20,1.0,0,20,1
HydraulicSystems,2,500,75000,75300,75150.0,20,1.0,0,20,1
HydraulicSystems,2,501,75150,75450,75300.0,20,1.0,0,20,1
HydraulicSystems,2,502,75300,75600,75450.0,20,1.0,0,20,1
HydraulicSystems,2,503,75450,75750,75600.0,20,1.0,0,20,1
HydraulicSystems,2,504,75600,75900,75750.0,20,1.0,0,20,1
HydraulicSystems,2,505,75750,76050,75900.0,20,1.0,0,20,1
HydraulicSystems,2,506,75900,76200,76050.0,20,1.0,0,20,1
HydraulicSystems,2,507,76050,76350,76200.0,20,1.0,0,20,1
HydraulicSystems,2,508,76200,76500,76350.0,20,1.0,0,20,1
HydraulicSystems,2,509,76350,76650,76500.0,20,1.0,0,20,1
HydraulicSystems,2,510,76500,76800,76650.0,20,1.0,0,20,1
HydraulicSystems,2,511,76650,76950,76800.0,20,1.0,0,20,1
HydraulicSystems,2,512,76800,77100,76950.0,20,1.0,0,20,1
HydraulicSystems,2,513,76950,77250,77100.0,20,1.0,0,20,1
HydraulicSystems,2,514,77100,77400,77250.0,20,1.0,0,20,1
HydraulicSystems,2,515,77250,77550,77400.0,20,1.0,0,20,1
HydraulicSystems,2,516,77400,77700,77550.0,20,1.0,0,20,1
HydraulicSystems,2,517,77550,77850,77700.0,20,1.0,0,20,1
HydraulicSystems,2,518,77700,78000,77850.0,20,1.0,0,20,1
HydraulicSystems,2,519,77850,78150,78000.0,20,1.0,0,20,1
HydraulicSystems,2,520,78000,78300,78150.0,20,1.0,0,20,1
HydraulicSystems,2,521,78150,78450,78300.0,20,1.0,0,20,1
HydraulicSystems,2,522,78300,78600,78450.0,20,1.0,0,20,1
HydraulicSystems,2,523,78450,78750,78600.0,20,1.0,0,20,1
HydraulicSystems,2,524,78600,78900,78750.0,20,1.0,0,20,1
HydraulicSystems,2,525,78750,79050,78900.0,20,1.0,0,20,1
HydraulicSystems,2,526,78900,79200,79050.0,20,1.0,0,20,1
HydraulicSystems,2,527,79050,79350,79200.0,20,1.0,0,20,1
HydraulicSystems,2,528,79200,79500,79350.0,20,1.0,0,20,1
HydraulicSystems,2,529,79350,79650,79500.0,20,1.0,0,20,1
HydraulicSystems,2,530,79500,79800,79650.0,20,1.0,0,20,1
HydraulicSystems,2,531,79650,79950,79800.0,20,1.0,0,20,1
HydraulicSystems,2,532,79800,80100,79950.0,20,1.0,0,20,1
HydraulicSystems,2,533,79950,80250,80100.0,20,1.0,0,20,1
HydraulicSystems,2,534,80100,80400,80250.0,20,1.0,0,20,1
HydraulicSystems,2,535,80250,80550,80400.0,20,1.0,0,20,1
HydraulicSystems,2,536,80400,80700,80550.0,20,1.0,0,20,1
HydraulicSystems,2,537,80550,80850,80700.0,20,1.0,0,20,1
HydraulicSystems,2,538,80700,81000,80850.0,20,1.0,0,20,1
HydraulicSystems,2,539,80850,81150,81000.0,20,1.0,0,20,1
HydraulicSystems,2,540,81000,81300,81150.0,20,1.0,0,20,1
HydraulicSystems,2,541,81150,81450,81300.0,20,1.0,0,20,1
HydraulicSystems,2,542,81300,81600,81450.0,20,1.0,0,20,1
HydraulicSystems,2,543,81450,81750,81600.0,20,1.0,0,20,1
HydraulicSystems,2,544,81600,81900,81750.0,20,1.0,0,20,1
HydraulicSystems,2,545,81750,82050,81900.0,20,1.0,0,20,1
HydraulicSystems,2,546,81900,82200,82050.0,20,1.0,0,20,1
HydraulicSystems,2,547,82050,82350,82200.0,20,1.0,0,20,1
HydraulicSystems,2,548,82200,82500,82350.0,20,1.0,0,20,1
HydraulicSystems,2,549,82350,82650,82500.0,20,1.0,0,20,1
HydraulicSystems,2,550,82500,82800,82650.0,20,1.0,0,20,1
HydraulicSystems,2,551,82650,82950,82800.0,20,1.0,0,20,1
HydraulicSystems,2,552,82800,83100,82950.0,20,1.0,0,20,1
HydraulicSystems,2,553,82950,83250,83100.0,20,1.0,0,20,1
HydraulicSystems,2,554,83100,83400,83250.0,20,1.0,0,20,1
HydraulicSystems,2,555,83250,83550,83400.0,20,1.0,0,20,1
HydraulicSystems,2,556,83400,83700,83550.0,20,1.0,0,20,1
HydraulicSystems,2,557,83550,83850,83700.0,20,1.0,0,20,1
HydraulicSystems,2,558,83700,84000,83850.0,20,1.0,0,20,1
HydraulicSystems,2,559,83850,84150,84000.0,20,1.0,0,20,1
HydraulicSystems,2,560,84000,84300,84150.0,20,1.0,0,20,1
HydraulicSystems,2,561,84150,84450,84300.0,20,1.0,0,20,1
HydraulicSystems,2,562,84300,84600,84450.0,20,1.0,0,20,1
HydraulicSystems,2,563,84450,84750,84600.0,20,1.0,0,20,1
HydraulicSystems,2,564,84600,84900,84750.0,20,1.0,0,20,1
HydraulicSystems,2,565,84750,85050,84900.0,20,1.0,0,20,1
HydraulicSystems,2,566,84900,85200,85050.0,20,1.0,0,20,1
HydraulicSystems,2,567,85050,85350,85200.0,20,1.0,0,20,1
HydraulicSystems,2,568,85200,85500,85350.0,20,1.0,1,3,0
HydraulicSystems,2,569,85350,85650,85500.0,20,1.0,0,20,1
HydraulicSystems,2,570,85500,85800,85650.0,20,1.0,0,20,1
HydraulicSystems,2,571,85650,85950,85800.0,20,1.0,0,20,1
HydraulicSystems,2,572,85800,86100,85950.0,20,1.0,0,20,1
HydraulicSystems,2,573,85950,86250,86100.0,20,1.0,0,20,1
HydraulicSystems,2,574,86100,86400,86250.0,20,1.0,0,20,1
HydraulicSystems,2,575,86250,86550,86400.0,20,1.0,0,20,1
HydraulicSystems,2,576,86400,86700,86550.0,20,1.0,0,20,1
HydraulicSystems,2,577,86550,86850,86700.0,20,1.0,0,20,1
HydraulicSystems,2,578,86700,87000,86850.0,20,1.0,0,20,1
HydraulicSystems,2,579,86850,87150,87000.0,20,1.0,0,20,1
HydraulicSystems,2,580,87000,87300,87150.0,20,1.0,0,20,1
HydraulicSystems,2,581,87150,87450,87300.0,20,1.0,0,20,1
HydraulicSystems,2,582,87300,87600,87450.0,20,1.0,0,20,1
HydraulicSystems,2,583,87450,87750,87600.0,20,1.0,0,20,1
HydraulicSystems,2,584,87600,87900,87750.0,20,0.8,1,3,0
HydraulicSystems,2,585,87750,88050,87900.0,100,0.7,1,3,0
HydraulicSystems,2,586,87900,88200,88050.0,100,1.0,1,3,0
HydraulicSystems,2,587,88050,88350,88200.0,100,1.0,1,3,0
HydraulicSystems,2,588,88200,88500,88350.0,100,1.0,1,3,0
HydraulicSystems,2,589,88350,88650,88500.0,100,1.0,1,3,0
HydraulicSystems,2,590,88500,88800,88650.0,100,1.0,0,20,0
HydraulicSystems,2,591,88650,88950,88800.0,100,1.0,1,3,0
HydraulicSystems,2,592,88800,89100,88950.0,100,1.0,1,3,0
HydraulicSystems,2,593,88950,89250,89100.0,100,1.0,0,20,0
HydraulicSystems,2,594,89100,89400,89250.0,100,1.0,0,20,0
HydraulicSystems,2,595,89250,89550,89400.0,100,1.0,0,20,0
HydraulicSystems,2,596,89400,89700,89550.0,100,1.0,0,20,0
HydraulicSystems,2,597,89550,89850,89700.0,100,1.0,0,20,0
HydraulicSystems,2,598,89700,90000,89850.0,100,1.0,0,20,0
HydraulicSystems,2,599,89850,90150,90000.0,100,1.0,0,20,0
HydraulicSystems,2,600,90000,90300,90150.0,100,1.0,0,20,0
HydraulicSystems,2,601,90150,90450,90300.0,100,1.0,0,20,0
HydraulicSystems,2,602,90300,90600,90450.0,100,1.0,0,20,0
HydraulicSystems,2,603,90450,90750,90600.0,100,1.0,0,20,0
HydraulicSystems,2,604,90600,90900,90750.0,100,1.0,0,20,0
HydraulicSystems,2,605,90750,91050,90900.0,100,1.0,0,20,0
HydraulicSystems,2,606,90900,91200,91050.0,100,1.0,0,20,0
HydraulicSystems,2,607,91050,91350,91200.0,100,1.0,0,20,0
HydraulicSystems,2,608,91200,91500,91350.0,100,1.0,0,20,0
HydraulicSystems,2,609,91350,91650,91500.0,100,1.0,0,20,0
HydraulicSystems,2,610,91500,91800,91650.0,100,1.0,0,20,0
HydraulicSystems,2,611,91650,91950,91800.0,100,1.0,0,20,0
HydraulicSystems,2,612,91800,92100,91950.0,100,1.0,0,20,0
HydraulicSystems,2,613,91950,92250,92100.0,100,1.0,0,20,0
HydraulicSystems,2,614,92100,92400,92250.0,100,1.0,0,20,0
HydraulicSystems,2,615,92250,92550,92400.0,100,1.0,0,20,0
HydraulicSystems,2,616,92310,92610,92460.0,100,1.0,0,20,0
HydraulicSystems,3,0,0,300,150.0,3,1.0,0,3,1
HydraulicSystems,3,1,150,450,300.0,3,1.0,0,3,1
HydraulicSystems,3,2,300,600,450.0,3,1.0,0,3,1
HydraulicSystems,3,3,450,750,600.0,3,1.0,0,3,1
HydraulicSystems,3,4,600,900,750.0,3,1.0,0,3,1
HydraulicSystems,3,5,750,1050,900.0,3,1.0,0,3,1
HydraulicSystems,3,6,900,1200,1050.0,3,1.0,0,3,1
HydraulicSystems,3,7,1050,1350,1200.0,3,1.0,0,3,1
HydraulicSystems,3,8,1200,1500,1350.0,3,1.0,0,3,1
HydraulicSystems,3,9,1350,1650,1500.0,3,1.0,0,3,1
HydraulicSystems,3,10,1500,1800,1650.0,3,1.0,0,3,1
HydraulicSystems,3,11,1650,1950,1800.0,3,1.0,0,3,1
HydraulicSystems,3,12,1800,2100,1950.0,3,1.0,0,3,1
HydraulicSystems,3,13,1950,2250,2100.0,3,1.0,0,3,1
HydraulicSystems,3,14,2100,2400,2250.0,3,1.0,0,3,1
HydraulicSystems,3,15,2250,2550,2400.0,3,1.0,0,3,1
HydraulicSystems,3,16,2400,2700,2550.0,3,1.0,0,3,1
HydraulicSystems,3,17,2550,2850,2700.0,3,1.0,0,3,1
HydraulicSystems,3,18,2700,3000,2850.0,3,1.0,0,3,1
HydraulicSystems,3,19,2850,3150,3000.0,3,1.0,0,3,1
HydraulicSystems,3,20,3000,3300,3150.0,3,1.0,0,3,1
HydraulicSystems,3,21,3150,3450,3300.0,3,1.0,0,3,1
HydraulicSystems,3,22,3300,3600,3450.0,3,1.0,0,3,1
HydraulicSystems,3,23,3450,3750,3600.0,3,1.0,0,3,1
HydraulicSystems,3,24,3600,3900,3750.0,3,1.0,0,3,1
HydraulicSystems,3,25,3750,4050,3900.0,3,1.0,0,3,1
HydraulicSystems,3,26,3900,4200,4050.0,3,1.0,0,3,1
HydraulicSystems,3,27,4050,4350,4200.0,3,1.0,0,3,1
HydraulicSystems,3,28,4200,4500,4350.0,3,1.0,0,3,1
HydraulicSystems,3,29,4350,4650,4500.0,3,1.0,0,3,1
HydraulicSystems,3,30,4500,4800,4650.0,3,1.0,0,3,1
HydraulicSystems,3,31,4650,4950,4800.0,3,1.0,0,3,1
HydraulicSystems,3,32,4800,5100,4950.0,3,1.0,0,3,1
HydraulicSystems,3,33,4950,5250,5100.0,3,1.0,0,3,1
HydraulicSystems,3,34,5100,5400,5250.0,3,1.0,0,3,1
HydraulicSystems,3,35,5250,5550,5400.0,3,1.0,0,3,1
HydraulicSystems,3,36,5400,5700,5550.0,3,1.0,0,3,1
HydraulicSystems,3,37,5550,5850,5700.0,3,1.0,0,3,1
HydraulicSystems,3,38,5700,6000,5850.0,3,1.0,0,3,1
HydraulicSystems,3,39,5850,6150,6000.0,3,1.0,0,3,1
HydraulicSystems,3,40,6000,6300,6150.0,3,1.0,0,3,1
HydraulicSystems,3,41,6150,6450,6300.0,3,1.0,0,3,1
HydraulicSystems,3,42,6300,6600,6450.0,3,1.0,0,3,1
HydraulicSystems,3,43,6450,6750,6600.0,3,1.0,0,3,1
HydraulicSystems,3,44,6600,6900,6750.0,3,1.0,0,3,1
HydraulicSystems,3,45,6750,7050,6900.0,3,1.0,0,3,1
HydraulicSystems,3,46,6900,7200,7050.0,3,1.0,0,3,1
HydraulicSystems,3,47,7050,7350,7200.0,3,1.0,0,3,1
HydraulicSystems,3,48,7200,7500,7350.0,3,1.0,0,3,1
HydraulicSystems,3,49,7350,7650,7500.0,3,1.0,1,20,0
HydraulicSystems,3,50,7500,7800,7650.0,3,1.0,0,3,1
HydraulicSystems,3,51,7650,7950,7800.0,3,1.0,0,3,1
HydraulicSystems,3,52,7800,8100,7950.0,3,1.0,0,3,1
HydraulicSystems,3,53,7950,8250,8100.0,3,1.0,0,3,1
HydraulicSystems,3,54,8100,8400,8250.0,3,1.0,0,3,1
HydraulicSystems,3,55,8250,8550,8400.0,3,1.0,1,20,0
HydraulicSystems,3,56,8400,8700,8550.0,3,1.0,1,20,0
HydraulicSystems,3,57,8550,8850,8700.0,3,1.0,0,3,1
HydraulicSystems,3,58,8700,9000,8850.0,3,1.0,0,3,1
HydraulicSystems,3,59,8850,9150,9000.0,3,1.0,0,3,1
HydraulicSystems,3,60,9000,9300,9150.0,3,1.0,0,3,1
HydraulicSystems,3,61,9150,9450,9300.0,3,1.0,0,3,1
HydraulicSystems,3,62,9300,9600,9450.0,3,1.0,0,3,1
HydraulicSystems,3,63,9450,9750,9600.0,3,1.0,0,3,1
HydraulicSystems,3,64,9600,9900,9750.0,3,1.0,0,3,1
HydraulicSystems,3,65,9750,10050,9900.0,3,1.0,0,3,1
HydraulicSystems,3,66,9900,10200,10050.0,3,1.0,0,3,1
HydraulicSystems,3,67,10050,10350,10200.0,3,1.0,0,3,1
HydraulicSystems,3,68,10200,10500,10350.0,3,1.0,0,3,1
HydraulicSystems,3,69,10350,10650,10500.0,3,1.0,0,3,1
HydraulicSystems,3,70,10500,10800,10650.0,3,1.0,0,3,1
HydraulicSystems,3,71,10650,10950,10800.0,3,1.0,0,3,1
HydraulicSystems,3,72,10800,11100,10950.0,3,1.0,0,3,1
HydraulicSystems,3,73,10950,11250,11100.0,3,1.0,0,3,1
HydraulicSystems,3,74,11100,11400,11250.0,3,1.0,0,3,1
HydraulicSystems,3,75,11250,11550,11400.0,3,1.0,0,3,1
HydraulicSystems,3,76,11400,11700,11550.0,3,1.0,0,3,1
HydraulicSystems,3,77,11550,11850,11700.0,3,1.0,0,3,1
HydraulicSystems,3,78,11700,12000,11850.0,3,1.0,0,3,1
HydraulicSystems,3,79,11850,12150,12000.0,3,1.0,0,3,1
HydraulicSystems,3,80,12000,12300,12150.0,3,1.0,0,3,1
HydraulicSystems,3,81,12150,12450,12300.0,3,1.0,0,3,1
HydraulicSystems,3,82,12300,12600,12450.0,3,1.0,0,3,1
HydraulicSystems,3,83,12450,12750,12600.0,3,1.0,0,3,1
HydraulicSystems,3,84,12600,12900,12750.0,3,1.0,0,3,1
HydraulicSystems,3,85,12750,13050,12900.0,3,1.0,0,3,1
HydraulicSystems,3,86,12900,13200,13050.0,3,1.0,0,3,1
HydraulicSystems,3,87,13050,13350,13200.0,3,1.0,0,3,1
HydraulicSystems,3,88,13200,13500,13350.0,3,1.0,1,20,0
HydraulicSystems,3,89,13350,13650,13500.0,3,1.0,0,3,1
HydraulicSystems,3,90,13500,13800,13650.0,3,1.0,0,3,1
HydraulicSystems,3,91,13650,13950,13800.0,3,1.0,0,3,1
HydraulicSystems,3,92,13800,14100,13950.0,3,1.0,0,3,1
HydraulicSystems,3,93,13950,14250,14100.0,3,1.0,0,3,1
HydraulicSystems,3,94,14100,14400,14250.0,3,1.0,0,3,1
HydraulicSystems,3,95,14250,14550,14400.0,3,1.0,0,3,1
HydraulicSystems,3,96,14400,14700,14550.0,3,1.0,0,3,1
HydraulicSystems,3,97,14550,14850,14700.0,3,1.0,0,3,1
HydraulicSystems,3,98,14700,15000,14850.0,3,1.0,0,3,1
HydraulicSystems,3,99,14850,15150,15000.0,3,1.0,0,3,1
HydraulicSystems,3,100,15000,15300,15150.0,3,1.0,0,3,1
HydraulicSystems,3,101,15150,15450,15300.0,3,1.0,1,20,0
HydraulicSystems,3,102,15300,15600,15450.0,3,1.0,1,20,0
HydraulicSystems,3,103,15450,15750,15600.0,3,1.0,0,3,1
HydraulicSystems,3,104,15600,15900,15750.0,3,1.0,0,3,1
HydraulicSystems,3,105,15750,16050,15900.0,3,1.0,0,3,1
HydraulicSystems,3,106,15900,16200,16050.0,3,1.0,1,20,0
HydraulicSystems,3,107,16050,16350,16200.0,3,1.0,1,20,0
HydraulicSystems,3,108,16200,16500,16350.0,3,1.0,1,20,0
HydraulicSystems,3,109,16350,16650,16500.0,3,1.0,0,3,1
HydraulicSystems,3,110,16500,16800,16650.0,3,1.0,1,20,0
HydraulicSystems,3,111,16650,16950,16800.0,3,1.0,1,20,0
HydraulicSystems,3,112,16800,17100,16950.0,3,1.0,1,20,0
HydraulicSystems,3,113,16950,17250,17100.0,3,1.0,1,20,0
HydraulicSystems,3,114,17100,17400,17250.0,3,1.0,1,20,0
HydraulicSystems,3,115,17250,17550,17400.0,3,1.0,0,3,1
HydraulicSystems,3,116,17400,17700,17550.0,3,1.0,0,3,1
HydraulicSystems,3,117,17550,17850,17700.0,3,1.0,0,3,1
HydraulicSystems,3,118,17700,18000,17850.0,3,1.0,0,3,1
HydraulicSystems,3,119,17850,18150,18000.0,3,1.0,0,3,1
HydraulicSystems,3,120,18000,18300,18150.0,3,1.0,0,3,1
HydraulicSystems,3,121,18150,18450,18300.0,3,1.0,0,3,1
HydraulicSystems,3,122,18300,18600,18450.0,3,1.0,0,3,1
HydraulicSystems,3,123,18450,18750,18600.0,3,1.0,0,3,1
HydraulicSystems,3,124,18600,18900,18750.0,3,1.0,0,3,1
HydraulicSystems,3,125,18750,19050,18900.0,3,1.0,0,3,1
HydraulicSystems,3,126,18900,19200,19050.0,3,1.0,0,3,1
HydraulicSystems,3,127,19050,19350,19200.0,3,1.0,0,3,1
HydraulicSystems,3,128,19200,19500,19350.0,3,1.0,0,3,1
HydraulicSystems,3,129,19350,19650,19500.0,3,1.0,0,3,1
HydraulicSystems,3,130,19500,19800,19650.0,3,1.0,0,3,1
HydraulicSystems,3,131,19650,19950,19800.0,3,1.0,0,3,1
HydraulicSystems,3,132,19800,20100,19950.0,3,1.0,0,3,1
HydraulicSystems,3,133,19950,20250,20100.0,3,1.0,0,3,1
HydraulicSystems,3,134,20100,20400,20250.0,3,1.0,0,3,1
HydraulicSystems,3,135,20250,20550,20400.0,3,1.0,0,3,1
HydraulicSystems,3,136,20400,20700,20550.0,3,1.0,0,3,1
HydraulicSystems,3,137,20550,20850,20700.0,3,1.0,0,3,1
HydraulicSystems,3,138,20700,21000,20850.0,3,1.0,0,3,1
HydraulicSystems,3,139,20850,21150,21000.0,3,1.0,0,3,1
HydraulicSystems,3,140,21000,21300,21150.0,3,1.0,0,3,1
HydraulicSystems,3,141,21150,21450,21300.0,3,1.0,0,3,1
HydraulicSystems,3,142,21300,21600,21450.0,3,1.0,0,3,1
HydraulicSystems,3,143,21450,21750,21600.0,3,1.0,0,3,1
HydraulicSystems,3,144,21600,21900,21750.0,3,1.0,0,3,1
HydraulicSystems,3,145,21750,22050,21900.0,3,1.0,0,3,1
HydraulicSystems,3,146,21900,22200,22050.0,3,1.0,0,3,1
HydraulicSystems,3,147,22050,22350,22200.0,3,1.0,0,3,1
HydraulicSystems,3,148,22200,22500,22350.0,3,1.0,0,3,1
HydraulicSystems,3,149,22350,22650,22500.0,3,1.0,0,3,1
HydraulicSystems,3,150,22500,22800,22650.0,3,1.0,0,3,1
HydraulicSystems,3,151,22650,22950,22800.0,3,1.0,0,3,1
HydraulicSystems,3,152,22800,23100,22950.0,3,1.0,0,3,1
HydraulicSystems,3,153,22950,23250,23100.0,3,1.0,0,3,1
HydraulicSystems,3,154,23100,23400,23250.0,3,1.0,0,3,1
HydraulicSystems,3,155,23250,23550,23400.0,3,1.0,0,3,1
HydraulicSystems,3,156,23400,23700,23550.0,3,1.0,0,3,1
HydraulicSystems,3,157,23550,23850,23700.0,3,1.0,0,3,1
HydraulicSystems,3,158,23700,24000,23850.0,3,1.0,0,3,1
HydraulicSystems,3,159,23850,24150,24000.0,3,1.0,0,3,1
HydraulicSystems,3,160,24000,24300,24150.0,3,1.0,0,3,1
HydraulicSystems,3,161,24150,24450,24300.0,3,1.0,0,3,1
HydraulicSystems,3,162,24300,24600,24450.0,3,1.0,0,3,1
HydraulicSystems,3,163,24450,24750,24600.0,3,1.0,0,3,1
HydraulicSystems,3,164,24600,24900,24750.0,3,1.0,0,3,1
HydraulicSystems,3,165,24750,25050,24900.0,3,1.0,0,3,1
HydraulicSystems,3,166,24900,25200,25050.0,3,1.0,0,3,1
HydraulicSystems,3,167,25050,25350,25200.0,3,1.0,0,3,1
HydraulicSystems,3,168,25200,25500,25350.0,3,1.0,0,3,1
HydraulicSystems,3,169,25350,25650,25500.0,3,1.0,0,3,1
HydraulicSystems,3,170,25500,25800,25650.0,3,1.0,0,3,1
HydraulicSystems,3,171,25650,25950,25800.0,3,1.0,0,3,1
HydraulicSystems,3,172,25800,26100,25950.0,3,1.0,0,3,1
HydraulicSystems,3,173,25950,26250,26100.0,3,1.0,0,3,1
HydraulicSystems,3,174,26100,26400,26250.0,3,1.0,0,3,1
HydraulicSystems,3,175,26250,26550,26400.0,3,1.0,0,3,1
HydraulicSystems,3,176,26400,26700,26550.0,3,1.0,0,3,1
HydraulicSystems,3,177,26550,26850,26700.0,3,1.0,0,3,1
HydraulicSystems,3,178,26700,27000,26850.0,3,1.0,0,3,1
HydraulicSystems,3,179,26850,27150,27000.0,3,1.0,0,3,1
HydraulicSystems,3,180,27000,27300,27150.0,3,1.0,0,3,1
HydraulicSystems,3,181,27150,27450,27300.0,3,1.0,0,3,1
HydraulicSystems,3,182,27300,27600,27450.0,3,1.0,0,3,1
HydraulicSystems,3,183,27450,27750,27600.0,3,1.0,0,3,1
HydraulicSystems,3,184,27600,27900,27750.0,3,1.0,0,3,1
HydraulicSystems,3,185,27750,28050,27900.0,3,1.0,0,3,1
HydraulicSystems,3,186,27900,28200,28050.0,3,1.0,0,3,1
HydraulicSystems,3,187,28050,28350,28200.0,3,1.0,0,3,1
HydraulicSystems,3,188,28200,28500,28350.0,3,1.0,0,3,1
HydraulicSystems,3,189,28350,28650,28500.0,3,1.0,0,3,1
HydraulicSystems,3,190,28500,28800,28650.0,3,1.0,0,3,1
HydraulicSystems,3,191,28650,28950,28800.0,3,1.0,0,3,1
HydraulicSystems,3,192,28800,29100,28950.0,3,1.0,0,3,1
HydraulicSystems,3,193,28950,29250,29100.0,3,1.0,0,3,1
HydraulicSystems,3,194,29100,29400,29250.0,3,1.0,0,3,1
HydraulicSystems,3,195,29250,29550,29400.0,3,1.0,0,3,1
HydraulicSystems,3,196,29400,29700,29550.0,3,1.0,0,3,1
HydraulicSystems,3,197,29550,29850,29700.0,3,1.0,0,3,1
HydraulicSystems,3,198,29700,30000,29850.0,3,1.0,0,3,1
HydraulicSystems,3,199,29850,30150,30000.0,3,1.0,0,3,1
HydraulicSystems,3,200,30000,30300,30150.0,3,1.0,0,3,1
HydraulicSystems,3,201,30150,30450,30300.0,3,1.0,0,3,1
HydraulicSystems,3,202,30300,30600,30450.0,3,1.0,0,3,1
HydraulicSystems,3,203,30450,30750,30600.0,3,1.0,0,3,1
HydraulicSystems,3,204,30600,30900,30750.0,3,1.0,0,3,1
HydraulicSystems,3,205,30750,31050,30900.0,3,1.0,0,3,1
HydraulicSystems,3,206,30900,31200,31050.0,3,1.0,0,3,1
HydraulicSystems,3,207,31050,31350,31200.0,3,1.0,0,3,1
HydraulicSystems,3,208,31200,31500,31350.0,3,1.0,0,3,1
HydraulicSystems,3,209,31350,31650,31500.0,3,1.0,0,3,1
HydraulicSystems,3,210,31500,31800,31650.0,3,1.0,0,3,1
HydraulicSystems,3,211,31650,31950,31800.0,3,1.0,0,3,1
HydraulicSystems,3,212,31800,32100,31950.0,3,1.0,0,3,1
HydraulicSystems,3,213,31950,32250,32100.0,3,1.0,0,3,1
HydraulicSystems,3,214,32100,32400,32250.0,3,1.0,0,3,1
HydraulicSystems,3,215,32250,32550,32400.0,3,1.0,0,3,1
HydraulicSystems,3,216,32400,32700,32550.0,3,1.0,0,3,1
HydraulicSystems,3,217,32550,32850,32700.0,3,1.0,0,3,1
HydraulicSystems,3,218,32700,33000,32850.0,3,1.0,0,3,1
HydraulicSystems,3,219,32850,33150,33000.0,3,1.0,0,3,1
HydraulicSystems,3,220,33000,33300,33150.0,3,1.0,0,3,1
HydraulicSystems,3,221,33150,33450,33300.0,3,1.0,0,3,1
HydraulicSystems,3,222,33300,33600,33450.0,3,1.0,0,3,1
HydraulicSystems,3,223,33450,33750,33600.0,3,1.0,0,3,1
HydraulicSystems,3,224,33600,33900,33750.0,3,1.0,0,3,1
HydraulicSystems,3,225,33750,34050,33900.0,3,1.0,0,3,1
HydraulicSystems,3,226,33900,34200,34050.0,3,1.0,0,3,1
HydraulicSystems,3,227,34050,34350,34200.0,3,1.0,0,3,1
HydraulicSystems,3,228,34200,34500,34350.0,3,1.0,0,3,1
HydraulicSystems,3,229,34350,34650,34500.0,3,1.0,0,3,1
HydraulicSystems,3,230,34500,34800,34650.0,3,1.0,0,3,1
HydraulicSystems,3,231,34650,34950,34800.0,3,1.0,0,3,1
HydraulicSystems,3,232,34800,35100,34950.0,3,1.0,0,3,1
HydraulicSystems,3,233,34950,35250,35100.0,3,1.0,0,3,1
HydraulicSystems,3,234,35100,35400,35250.0,3,1.0,0,3,1
HydraulicSystems,3,235,35250,35550,35400.0,3,1.0,0,3,1
HydraulicSystems,3,236,35400,35700,35550.0,3,1.0,0,3,1
HydraulicSystems,3,237,35550,35850,35700.0,3,1.0,0,3,1
HydraulicSystems,3,238,35700,36000,35850.0,3,1.0,0,3,1
HydraulicSystems,3,239,35850,36150,36000.0,3,1.0,0,3,1
HydraulicSystems,3,240,36000,36300,36150.0,3,1.0,0,3,1
HydraulicSystems,3,241,36150,36450,36300.0,3,1.0,0,3,1
HydraulicSystems,3,242,36300,36600,36450.0,3,1.0,0,3,1
HydraulicSystems,3,243,36450,36750,36600.0,3,1.0,0,3,1
HydraulicSystems,3,244,36600,36900,36750.0,3,1.0,0,3,1
HydraulicSystems,3,245,36750,37050,36900.0,3,1.0,0,3,1
HydraulicSystems,3,246,36900,37200,37050.0,3,1.0,0,3,1
HydraulicSystems,3,247,37050,37350,37200.0,3,1.0,0,3,1
HydraulicSystems,3,248,37200,37500,37350.0,3,1.0,0,3,1
HydraulicSystems,3,249,37350,37650,37500.0,3,1.0,0,3,1
HydraulicSystems,3,250,37500,37800,37650.0,3,1.0,0,3,1
HydraulicSystems,3,251,37650,37950,37800.0,3,1.0,0,3,1
HydraulicSystems,3,252,37800,38100,37950.0,3,1.0,0,3,1
HydraulicSystems,3,253,37950,38250,38100.0,3,1.0,0,3,1
HydraulicSystems,3,254,38100,38400,38250.0,3,1.0,0,3,1
HydraulicSystems,3,255,38250,38550,38400.0,3,1.0,0,3,1
HydraulicSystems,3,256,38400,38700,38550.0,3,1.0,0,3,1
HydraulicSystems,3,257,38550,38850,38700.0,3,1.0,0,3,1
HydraulicSystems,3,258,38700,39000,38850.0,3,1.0,0,3,1
HydraulicSystems,3,259,38850,39150,39000.0,3,1.0,0,3,1
HydraulicSystems,3,260,39000,39300,39150.0,3,1.0,0,3,1
HydraulicSystems,3,261,39150,39450,39300.0,3,1.0,0,3,1
HydraulicSystems,3,262,39300,39600,39450.0,3,1.0,0,3,1
HydraulicSystems,3,263,39450,39750,39600.0,3,1.0,0,3,1
HydraulicSystems,3,264,39600,39900,39750.0,3,1.0,0,3,1
HydraulicSystems,3,265,39750,40050,39900.0,3,1.0,0,3,1
HydraulicSystems,3,266,39900,40200,40050.0,3,1.0,0,3,1
HydraulicSystems,3,267,40050,40350,40200.0,3,1.0,0,3,1
HydraulicSystems,3,268,40200,40500,40350.0,3,1.0,0,3,1
HydraulicSystems,3,269,40350,40650,40500.0,3,1.0,0,3,1
HydraulicSystems,3,270,40500,40800,40650.0,3,1.0,0,3,1
HydraulicSystems,3,271,40650,40950,40800.0,3,1.0,0,3,1
HydraulicSystems,3,272,40800,41100,40950.0,3,1.0,0,3,1
HydraulicSystems,3,273,40950,41250,41100.0,3,1.0,0,3,1
HydraulicSystems,3,274,41100,41400,41250.0,3,1.0,0,3,1
HydraulicSystems,3,275,41250,41550,41400.0,3,1.0,0,3,1
HydraulicSystems,3,276,41400,41700,41550.0,3,1.0,0,3,1
HydraulicSystems,3,277,41550,41850,41700.0,3,1.0,0,3,1
HydraulicSystems,3,278,41700,42000,41850.0,3,1.0,0,3,1
HydraulicSystems,3,279,41850,42150,42000.0,3,1.0,0,3,1
HydraulicSystems,3,280,42000,42300,42150.0,3,1.0,0,3,1
HydraulicSystems,3,281,42150,42450,42300.0,3,1.0,0,3,1
HydraulicSystems,3,282,42300,42600,42450.0,3,1.0,0,3,1
HydraulicSystems,3,283,42450,42750,42600.0,3,1.0,0,3,1
HydraulicSystems,3,284,42600,42900,42750.0,3,1.0,0,3,1
HydraulicSystems,3,285,42750,43050,42900.0,3,1.0,0,3,1
HydraulicSystems,3,286,42900,43200,43050.0,3,1.0,0,3,1
HydraulicSystems,3,287,43050,43350,43200.0,3,1.0,0,3,1
HydraulicSystems,3,288,43200,43500,43350.0,3,1.0,0,3,1
HydraulicSystems,3,289,43350,43650,43500.0,3,1.0,0,3,1
HydraulicSystems,3,290,43500,43800,43650.0,3,1.0,0,3,1
HydraulicSystems,3,291,43650,43950,43800.0,3,0.9,0,3,1
HydraulicSystems,3,292,43800,44100,43950.0,20,0.6,0,3,0
HydraulicSystems,3,293,43950,44250,44100.0,20,1.0,0,3,0
HydraulicSystems,3,294,44100,44400,44250.0,20,1.0,0,3,0
HydraulicSystems,3,295,44250,44550,44400.0,20,1.0,0,3,0
HydraulicSystems,3,296,44400,44700,44550.0,20,1.0,0,3,0
HydraulicSystems,3,297,44550,44850,44700.0,20,1.0,0,3,0
HydraulicSystems,3,298,44700,45000,44850.0,20,1.0,0,3,0
HydraulicSystems,3,299,44850,45150,45000.0,20,1.0,0,3,0
HydraulicSystems,3,300,45000,45300,45150.0,20,1.0,0,3,0
HydraulicSystems,3,301,45150,45450,45300.0,20,1.0,1,20,1
HydraulicSystems,3,302,45300,45600,45450.0,20,1.0,1,20,1
HydraulicSystems,3,303,45450,45750,45600.0,20,1.0,1,20,1
HydraulicSystems,3,304,45600,45900,45750.0,20,1.0,1,20,1
HydraulicSystems,3,305,45750,46050,45900.0,20,1.0,1,20,1
HydraulicSystems,3,306,45900,46200,46050.0,20,1.0,1,20,1
HydraulicSystems,3,307,46050,46350,46200.0,20,1.0,1,20,1
HydraulicSystems,3,308,46200,46500,46350.0,20,1.0,1,20,1
HydraulicSystems,3,309,46350,46650,46500.0,20,1.0,1,20,1
HydraulicSystems,3,310,46500,46800,46650.0,20,1.0,1,20,1
HydraulicSystems,3,311,46650,46950,46800.0,20,1.0,1,20,1
HydraulicSystems,3,312,46800,47100,46950.0,20,1.0,1,20,1
HydraulicSystems,3,313,46950,47250,47100.0,20,1.0,1,20,1
HydraulicSystems,3,314,47100,47400,47250.0,20,1.0,1,20,1
HydraulicSystems,3,315,47250,47550,47400.0,20,1.0,1,20,1
HydraulicSystems,3,316,47400,47700,47550.0,20,1.0,1,20,1
HydraulicSystems,3,317,47550,47850,47700.0,20,1.0,1,20,1
HydraulicSystems,3,318,47700,48000,47850.0,20,1.0,1,20,1
HydraulicSystems,3,319,47850,48150,48000.0,20,1.0,1,20,1
HydraulicSystems,3,320,48000,48300,48150.0,20,1.0,1,20,1
HydraulicSystems,3,321,48150,48450,48300.0,20,1.0,1,20,1
HydraulicSystems,3,322,48300,48600,48450.0,20,1.0,1,20,1
HydraulicSystems,3,323,48450,48750,48600.0,20,1.0,1,20,1
HydraulicSystems,3,324,48600,48900,48750.0,20,1.0,1,20,1
HydraulicSystems,3,325,48750,49050,48900.0,20,1.0,1,20,1
HydraulicSystems,3,326,48900,49200,49050.0,20,1.0,1,20,1
HydraulicSystems,3,327,49050,49350,49200.0,20,1.0,1,20,1
HydraulicSystems,3,328,49200,49500,49350.0,20,1.0,1,20,1
HydraulicSystems,3,329,49350,49650,49500.0,20,1.0,1,20,1
HydraulicSystems,3,330,49500,49800,49650.0,20,1.0,1,20,1
HydraulicSystems,3,331,49650,49950,49800.0,20,1.0,1,20,1
HydraulicSystems,3,332,49800,50100,49950.0,20,1.0,1,20,1
HydraulicSystems,3,333,49950,50250,50100.0,20,1.0,1,20,1
HydraulicSystems,3,334,50100,50400,50250.0,20,1.0,1,20,1
HydraulicSystems,3,335,50250,50550,50400.0,20,1.0,1,20,1
HydraulicSystems,3,336,50400,50700,50550.0,20,1.0,1,20,1
HydraulicSystems,3,337,50550,50850,50700.0,20,1.0,1,20,1
HydraulicSystems,3,338,50700,51000,50850.0,20,1.0,1,20,1
HydraulicSystems,3,339,50850,51150,51000.0,20,1.0,1,20,1
HydraulicSystems,3,340,51000,51300,51150.0,20,1.0,1,20,1
HydraulicSystems,3,341,51150,51450,51300.0,20,1.0,1,20,1
HydraulicSystems,3,342,51300,51600,51450.0,20,1.0,1,20,1
HydraulicSystems,3,343,51450,51750,51600.0,20,1.0,1,20,1
HydraulicSystems,3,344,51600,51900,51750.0,20,1.0,1,20,1
HydraulicSystems,3,345,51750,52050,51900.0,20,1.0,1,20,1
HydraulicSystems,3,346,51900,52200,52050.0,20,1.0,1,20,1
HydraulicSystems,3,347,52050,52350,52200.0,20,1.0,1,20,1
HydraulicSystems,3,348,52200,52500,52350.0,20,1.0,0,3,0
HydraulicSystems,3,349,52350,52650,52500.0,20,1.0,1,20,1
HydraulicSystems,3,350,52500,52800,52650.0,20,1.0,1,20,1
HydraulicSystems,3,351,52650,52950,52800.0,20,1.0,1,20,1
HydraulicSystems,3,352,52800,53100,52950.0,20,1.0,1,20,1
HydraulicSystems,3,353,52950,53250,53100.0,20,1.0,1,20,1
HydraulicSystems,3,354,53100,53400,53250.0,20,1.0,1,20,1
HydraulicSystems,3,355,53250,53550,53400.0,20,1.0,1,20,1
HydraulicSystems,3,356,53400,53700,53550.0,20,1.0,1,20,1
HydraulicSystems,3,357,53550,53850,53700.0,20,1.0,1,20,1
HydraulicSystems,3,358,53700,54000,53850.0,20,1.0,1,20,1
HydraulicSystems,3,359,53850,54150,54000.0,20,1.0,1,20,1
HydraulicSystems,3,360,54000,54300,54150.0,20,1.0,1,20,1
HydraulicSystems,3,361,54150,54450,54300.0,20,1.0,1,20,1
HydraulicSystems,3,362,54300,54600,54450.0,20,1.0,1,20,1
HydraulicSystems,3,363,54450,54750,54600.0,20,1.0,1,20,1
HydraulicSystems,3,364,54600,54900,54750.0,20,1.0,1,20,1
HydraulicSystems,3,365,54750,55050,54900.0,20,1.0,1,20,1
HydraulicSystems,3,366,54900,55200,55050.0,20,1.0,1,20,1
HydraulicSystems,3,367,55050,55350,55200.0,20,1.0,1,20,1
HydraulicSystems,3,368,55200,55500,55350.0,20,1.0,1,20,1
HydraulicSystems,3,369,55350,55650,55500.0,20,1.0,1,20,1
HydraulicSystems,3,370,55500,55800,55650.0,20,1.0,1,20,1
HydraulicSystems,3,371,55650,55950,55800.0,20,1.0,1,20,1
HydraulicSystems,3,372,55800,56100,55950.0,20,1.0,1,20,1
HydraulicSystems,3,373,55950,56250,56100.0,20,1.0,0,3,0
HydraulicSystems,3,374,56100,56400,56250.0,20,1.0,1,20,1
HydraulicSystems,3,375,56250,56550,56400.0,20,1.0,1,20,1
HydraulicSystems,3,376,56400,56700,56550.0,20,1.0,1,20,1
HydraulicSystems,3,377,56550,56850,56700.0,20,1.0,1,20,1
HydraulicSystems,3,378,56700,57000,56850.0,20,1.0,1,20,1
HydraulicSystems,3,379,56850,57150,57000.0,20,1.0,1,20,1
HydraulicSystems,3,380,57000,57300,57150.0,20,1.0,1,20,1
HydraulicSystems,3,381,57150,57450,57300.0,20,1.0,1,20,1
HydraulicSystems,3,382,57300,57600,57450.0,20,1.0,1,20,1
HydraulicSystems,3,383,57450,57750,57600.0,20,1.0,1,20,1
HydraulicSystems,3,384,57600,57900,57750.0,20,1.0,1,20,1
HydraulicSystems,3,385,57750,58050,57900.0,20,1.0,1,20,1
HydraulicSystems,3,386,57900,58200,58050.0,20,1.0,1,20,1
HydraulicSystems,3,387,58050,58350,58200.0,20,1.0,1,20,1
HydraulicSystems,3,388,58200,58500,58350.0,20,1.0,1,20,1
HydraulicSystems,3,389,58350,58650,58500.0,20,1.0,1,20,1
HydraulicSystems,3,390,58500,58800,58650.0,20,1.0,1,20,1
HydraulicSystems,3,391,58650,58950,58800.0,20,1.0,1,20,1
HydraulicSystems,3,392,58800,59100,58950.0,20,1.0,1,20,1
HydraulicSystems,3,393,58950,59250,59100.0,20,1.0,1,20,1
HydraulicSystems,3,394,59100,59400,59250.0,20,1.0,1,20,1
HydraulicSystems,3,395,59250,59550,59400.0,20,1.0,1,20,1
HydraulicSystems,3,396,59400,59700,59550.0,20,1.0,1,20,1
HydraulicSystems,3,397,59550,59850,59700.0,20,1.0,1,20,1
HydraulicSystems,3,398,59700,60000,59850.0,20,1.0,1,20,1
HydraulicSystems,3,399,59850,60150,60000.0,20,1.0,1,20,1
HydraulicSystems,3,400,60000,60300,60150.0,20,1.0,1,20,1
HydraulicSystems,3,401,60150,60450,60300.0,20,1.0,1,20,1
HydraulicSystems,3,402,60300,60600,60450.0,20,1.0,1,20,1
HydraulicSystems,3,403,60450,60750,60600.0,20,1.0,1,20,1
HydraulicSystems,3,404,60600,60900,60750.0,20,1.0,1,20,1
HydraulicSystems,3,405,60750,61050,60900.0,20,1.0,1,20,1
HydraulicSystems,3,406,60900,61200,61050.0,20,1.0,1,20,1
HydraulicSystems,3,407,61050,61350,61200.0,20,1.0,1,20,1
HydraulicSystems,3,408,61200,61500,61350.0,20,1.0,1,20,1
HydraulicSystems,3,409,61350,61650,61500.0,20,1.0,1,20,1
HydraulicSystems,3,410,61500,61800,61650.0,20,1.0,1,20,1
HydraulicSystems,3,411,61650,61950,61800.0,20,1.0,1,20,1
HydraulicSystems,3,412,61800,62100,61950.0,20,1.0,1,20,1
HydraulicSystems,3,413,61950,62250,62100.0,20,1.0,1,20,1
HydraulicSystems,3,414,62100,62400,62250.0,20,1.0,1,20,1
HydraulicSystems,3,415,62250,62550,62400.0,20,1.0,1,20,1
HydraulicSystems,3,416,62400,62700,62550.0,20,1.0,1,20,1
HydraulicSystems,3,417,62550,62850,62700.0,20,1.0,1,20,1
HydraulicSystems,3,418,62700,63000,62850.0,20,1.0,1,20,1
HydraulicSystems,3,419,62850,63150,63000.0,20,1.0,1,20,1
HydraulicSystems,3,420,63000,63300,63150.0,20,1.0,1,20,1
HydraulicSystems,3,421,63150,63450,63300.0,20,1.0,1,20,1
HydraulicSystems,3,422,63300,63600,63450.0,20,1.0,1,20,1
HydraulicSystems,3,423,63450,63750,63600.0,20,1.0,1,20,1
HydraulicSystems,3,424,63600,63900,63750.0,20,1.0,1,20,1
HydraulicSystems,3,425,63750,64050,63900.0,20,1.0,0,3,0
HydraulicSystems,3,426,63900,64200,64050.0,20,1.0,1,20,1
HydraulicSystems,3,427,64050,64350,64200.0,20,1.0,1,20,1
HydraulicSystems,3,428,64200,64500,64350.0,20,1.0,1,20,1
HydraulicSystems,3,429,64350,64650,64500.0,20,1.0,1,20,1
HydraulicSystems,3,430,64500,64800,64650.0,20,1.0,1,20,1
HydraulicSystems,3,431,64650,64950,64800.0,20,1.0,1,20,1
HydraulicSystems,3,432,64800,65100,64950.0,20,1.0,1,20,1
HydraulicSystems,3,433,64950,65250,65100.0,20,1.0,1,20,1
HydraulicSystems,3,434,65100,65400,65250.0,20,1.0,1,20,1
HydraulicSystems,3,435,65250,65550,65400.0,20,1.0,1,20,1
HydraulicSystems,3,436,65400,65700,65550.0,20,1.0,1,20,1
HydraulicSystems,3,437,65550,65850,65700.0,20,1.0,1,20,1
HydraulicSystems,3,438,65700,66000,65850.0,20,1.0,1,20,1
HydraulicSystems,3,439,65850,66150,66000.0,20,1.0,1,20,1
HydraulicSystems,3,440,66000,66300,66150.0,20,1.0,1,20,1
HydraulicSystems,3,441,66150,66450,66300.0,20,1.0,1,20,1
HydraulicSystems,3,442,66300,66600,66450.0,20,1.0,1,20,1
HydraulicSystems,3,443,66450,66750,66600.0,20,1.0,1,20,1
HydraulicSystems,3,444,66600,66900,66750.0,20,1.0,1,20,1
HydraulicSystems,3,445,66750,67050,66900.0,20,1.0,1,20,1
HydraulicSystems,3,446,66900,67200,67050.0,20,1.0,1,20,1
HydraulicSystems,3,447,67050,67350,67200.0,20,1.0,1,20,1
HydraulicSystems,3,448,67200,67500,67350.0,20,1.0,1,20,1
HydraulicSystems,3,449,67350,67650,67500.0,20,1.0,1,20,1
HydraulicSystems,3,450,67500,67800,67650.0,20,1.0,1,20,1
HydraulicSystems,3,451,67650,67950,67800.0,20,1.0,1,20,1
HydraulicSystems,3,452,67800,68100,67950.0,20,1.0,1,20,1
HydraulicSystems,3,453,67950,68250,68100.0,20,1.0,1,20,1
HydraulicSystems,3,454,68100,68400,68250.0,20,1.0,1,20,1
HydraulicSystems,3,455,68250,68550,68400.0,20,1.0,1,20,1
HydraulicSystems,3,456,68400,68700,68550.0,20,1.0,1,20,1
HydraulicSystems,3,457,68550,68850,68700.0,20,1.0,1,20,1
HydraulicSystems,3,458,68700,69000,68850.0,20,1.0,1,20,1
HydraulicSystems,3,459,68850,69150,69000.0,20,1.0,1,20,1
HydraulicSystems,3,460,69000,69300,69150.0,20,1.0,1,20,1
HydraulicSystems,3,461,69150,69450,69300.0,20,1.0,1,20,1
HydraulicSystems,3,462,69300,69600,69450.0,20,1.0,1,20,1
HydraulicSystems,3,463,69450,69750,69600.0,20,1.0,1,20,1
HydraulicSystems,3,464,69600,69900,69750.0,20,1.0,1,20,1
HydraulicSystems,3,465,69750,70050,69900.0,20,1.0,1,20,1
HydraulicSystems,3,466,69900,70200,70050.0,20,1.0,1,20,1
HydraulicSystems,3,467,70050,70350,70200.0,20,1.0,1,20,1
HydraulicSystems,3,468,70200,70500,70350.0,20,1.0,0,3,0
HydraulicSystems,3,469,70350,70650,70500.0,20,1.0,1,20,1
HydraulicSystems,3,470,70500,70800,70650.0,20,1.0,1,20,1
HydraulicSystems,3,471,70650,70950,70800.0,20,1.0,1,20,1
HydraulicSystems,3,472,70800,71100,70950.0,20,1.0,1,20,1
HydraulicSystems,3,473,70950,71250,71100.0,20,1.0,1,20,1
HydraulicSystems,3,474,71100,71400,71250.0,20,1.0,1,20,1
HydraulicSystems,3,475,71250,71550,71400.0,20,1.0,1,20,1
HydraulicSystems,3,476,71400,71700,71550.0,20,1.0,1,20,1
HydraulicSystems,3,477,71550,71850,71700.0,20,1.0,1,20,1
HydraulicSystems,3,478,71700,72000,71850.0,20,1.0,1,20,1
HydraulicSystems,3,479,71850,72150,72000.0,20,1.0,1,20,1
HydraulicSystems,3,480,72000,72300,72150.0,20,1.0,1,20,1
HydraulicSystems,3,481,72150,72450,72300.0,20,1.0,1,20,1
HydraulicSystems,3,482,72300,72600,72450.0,20,1.0,1,20,1
HydraulicSystems,3,483,72450,72750,72600.0,20,1.0,1,20,1
HydraulicSystems,3,484,72600,72900,72750.0,20,1.0,1,20,1
HydraulicSystems,3,485,72750,73050,72900.0,20,1.0,1,20,1
HydraulicSystems,3,486,72900,73200,73050.0,20,1.0,1,20,1
HydraulicSystems,3,487,73050,73350,73200.0,20,1.0,1,20,1
HydraulicSystems,3,488,73200,73500,73350.0,20,1.0,1,20,1
HydraulicSystems,3,489,73350,73650,73500.0,20,1.0,1,20,1
HydraulicSystems,3,490,73500,73800,73650.0,20,1.0,1,20,1
HydraulicSystems,3,491,73650,73950,73800.0,20,1.0,1,20,1
HydraulicSystems,3,492,73800,74100,73950.0,20,1.0,1,20,1
HydraulicSystems,3,493,73950,74250,74100.0,20,1.0,1,20,1
HydraulicSystems,3,494,74100,74400,74250.0,20,1.0,1,20,1
HydraulicSystems,3,495,74250,74550,74400.0,20,1.0,1,20,1
HydraulicSystems,3,496,74400,74700,74550.0,20,1.0,1,20,1
HydraulicSystems,3,497,74550,74850,74700.0,20,1.0,1,20,1
HydraulicSystems,3,498,74700,75000,74850.0,20,1.0,1,20,1
HydraulicSystems,3,499,74850,75150,75000.0,20,1.0,1,20,1
HydraulicSystems,3,500,75000,75300,75150.0,20,1.0,1,20,1
HydraulicSystems,3,501,75150,75450,75300.0,20,1.0,1,20,1
HydraulicSystems,3,502,75300,75600,75450.0,20,1.0,1,20,1
HydraulicSystems,3,503,75450,75750,75600.0,20,1.0,1,20,1
HydraulicSystems,3,504,75600,75900,75750.0,20,1.0,1,20,1
HydraulicSystems,3,505,75750,76050,75900.0,20,1.0,1,20,1
HydraulicSystems,3,506,75900,76200,76050.0,20,1.0,1,20,1
HydraulicSystems,3,507,76050,76350,76200.0,20,1.0,1,20,1
HydraulicSystems,3,508,76200,76500,76350.0,20,1.0,1,20,1
HydraulicSystems,3,509,76350,76650,76500.0,20,1.0,1,20,1
HydraulicSystems,3,510,76500,76800,76650.0,20,1.0,1,20,1
HydraulicSystems,3,511,76650,76950,76800.0,20,1.0,1,20,1
HydraulicSystems,3,512,76800,77100,76950.0,20,1.0,1,20,1
HydraulicSystems,3,513,76950,77250,77100.0,20,1.0,1,20,1
HydraulicSystems,3,514,77100,77400,77250.0,20,1.0,1,20,1
HydraulicSystems,3,515,77250,77550,77400.0,20,1.0,1,20,1
HydraulicSystems,3,516,77400,77700,77550.0,20,1.0,1,20,1
HydraulicSystems,3,517,77550,77850,77700.0,20,1.0,1,20,1
HydraulicSystems,3,518,77700,78000,77850.0,20,1.0,1,20,1
HydraulicSystems,3,519,77850,78150,78000.0,20,1.0,1,20,1
HydraulicSystems,3,520,78000,78300,78150.0,20,1.0,1,20,1
HydraulicSystems,3,521,78150,78450,78300.0,20,1.0,1,20,1
HydraulicSystems,3,522,78300,78600,78450.0,20,1.0,1,20,1
HydraulicSystems,3,523,78450,78750,78600.0,20,1.0,1,20,1
HydraulicSystems,3,524,78600,78900,78750.0,20,1.0,1,20,1
HydraulicSystems,3,525,78750,79050,78900.0,20,1.0,1,20,1
HydraulicSystems,3,526,78900,79200,79050.0,20,1.0,1,20,1
HydraulicSystems,3,527,79050,79350,79200.0,20,1.0,1,20,1
HydraulicSystems,3,528,79200,79500,79350.0,20,1.0,1,20,1
HydraulicSystems,3,529,79350,79650,79500.0,20,1.0,1,20,1
HydraulicSystems,3,530,79500,79800,79650.0,20,1.0,1,20,1
HydraulicSystems,3,531,79650,79950,79800.0,20,1.0,1,20,1
HydraulicSystems,3,532,79800,80100,79950.0,20,1.0,1,20,1
HydraulicSystems,3,533,79950,80250,80100.0,20,1.0,1,20,1
HydraulicSystems,3,534,80100,80400,80250.0,20,1.0,1,20,1
HydraulicSystems,3,535,80250,80550,80400.0,20,1.0,1,20,1
HydraulicSystems,3,536,80400,80700,80550.0,20,1.0,1,20,1
HydraulicSystems,3,537,80550,80850,80700.0,20,1.0,1,20,1
HydraulicSystems,3,538,80700,81000,80850.0,20,1.0,1,20,1
HydraulicSystems,3,539,80850,81150,81000.0,20,1.0,1,20,1
HydraulicSystems,3,540,81000,81300,81150.0,20,1.0,1,20,1
HydraulicSystems,3,541,81150,81450,81300.0,20,1.0,1,20,1
HydraulicSystems,3,542,81300,81600,81450.0,20,1.0,1,20,1
HydraulicSystems,3,543,81450,81750,81600.0,20,1.0,1,20,1
HydraulicSystems,3,544,81600,81900,81750.0,20,1.0,1,20,1
HydraulicSystems,3,545,81750,82050,81900.0,20,1.0,1,20,1
HydraulicSystems,3,546,81900,82200,82050.0,20,1.0,1,20,1
HydraulicSystems,3,547,82050,82350,82200.0,20,1.0,1,20,1
HydraulicSystems,3,548,82200,82500,82350.0,20,1.0,1,20,1
HydraulicSystems,3,549,82350,82650,82500.0,20,1.0,1,20,1
HydraulicSystems,3,550,82500,82800,82650.0,20,1.0,1,20,1
HydraulicSystems,3,551,82650,82950,82800.0,20,1.0,1,20,1
HydraulicSystems,3,552,82800,83100,82950.0,20,1.0,1,20,1
HydraulicSystems,3,553,82950,83250,83100.0,20,1.0,1,20,1
HydraulicSystems,3,554,83100,83400,83250.0,20,1.0,1,20,1
HydraulicSystems,3,555,83250,83550,83400.0,20,1.0,1,20,1
HydraulicSystems,3,556,83400,83700,83550.0,20,1.0,1,20,1
HydraulicSystems,3,557,83550,83850,83700.0,20,1.0,1,20,1
HydraulicSystems,3,558,83700,84000,83850.0,20,1.0,1,20,1
HydraulicSystems,3,559,83850,84150,84000.0,20,1.0,1,20,1
HydraulicSystems,3,560,84000,84300,84150.0,20,1.0,1,20,1
HydraulicSystems,3,561,84150,84450,84300.0,20,1.0,1,20,1
HydraulicSystems,3,562,84300,84600,84450.0,20,1.0,1,20,1
HydraulicSystems,3,563,84450,84750,84600.0,20,1.0,1,20,1
HydraulicSystems,3,564,84600,84900,84750.0,20,1.0,1,20,1
HydraulicSystems,3,565,84750,85050,84900.0,20,1.0,1,20,1
HydraulicSystems,3,566,84900,85200,85050.0,20,1.0,1,20,1
HydraulicSystems,3,567,85050,85350,85200.0,20,1.0,1,20,1
HydraulicSystems,3,568,85200,85500,85350.0,20,1.0,0,3,0
HydraulicSystems,3,569,85350,85650,85500.0,20,1.0,1,20,1
HydraulicSystems,3,570,85500,85800,85650.0,20,1.0,1,20,1
HydraulicSystems,3,571,85650,85950,85800.0,20,1.0,1,20,1
HydraulicSystems,3,572,85800,86100,85950.0,20,1.0,1,20,1
HydraulicSystems,3,573,85950,86250,86100.0,20,1.0,1,20,1
HydraulicSystems,3,574,86100,86400,86250.0,20,1.0,1,20,1
HydraulicSystems,3,575,86250,86550,86400.0,20,1.0,1,20,1
HydraulicSystems,3,576,86400,86700,86550.0,20,1.0,1,20,1
HydraulicSystems,3,577,86550,86850,86700.0,20,1.0,1,20,1
HydraulicSystems,3,578,86700,87000,86850.0,20,1.0,1,20,1
HydraulicSystems,3,579,86850,87150,87000.0,20,1.0,1,20,1
HydraulicSystems,3,580,87000,87300,87150.0,20,1.0,1,20,1
HydraulicSystems,3,581,87150,87450,87300.0,20,1.0,1,20,1
HydraulicSystems,3,582,87300,87600,87450.0,20,1.0,1,20,1
HydraulicSystems,3,583,87450,87750,87600.0,20,1.0,1,20,1
HydraulicSystems,3,584,87600,87900,87750.0,20,0.8,0,3,0
HydraulicSystems,3,585,87750,88050,87900.0,100,0.7,0,3,0
HydraulicSystems,3,586,87900,88200,88050.0,100,1.0,0,3,0
HydraulicSystems,3,587,88050,88350,88200.0,100,1.0,0,3,0
HydraulicSystems,3,588,88200,88500,88350.0,100,1.0,0,3,0
HydraulicSystems,3,589,88350,88650,88500.0,100,1.0,0,3,0
HydraulicSystems,3,590,88500,88800,88650.0,100,1.0,1,20,0
HydraulicSystems,3,591,88650,88950,88800.0,100,1.0,0,3,0
HydraulicSystems,3,592,88800,89100,88950.0,100,1.0,0,3,0
HydraulicSystems,3,593,88950,89250,89100.0,100,1.0,1,20,0
HydraulicSystems,3,594,89100,89400,89250.0,100,1.0,1,20,0
HydraulicSystems,3,595,89250,89550,89400.0,100,1.0,1,20,0
HydraulicSystems,3,596,89400,89700,89550.0,100,1.0,1,20,0
HydraulicSystems,3,597,89550,89850,89700.0,100,1.0,1,20,0
HydraulicSystems,3,598,89700,90000,89850.0,100,1.0,1,20,0
HydraulicSystems,3,599,89850,90150,90000.0,100,1.0,1,20,0
HydraulicSystems,3,600,90000,90300,90150.0,100,1.0,1,20,0
HydraulicSystems,3,601,90150,90450,90300.0,100,1.0,1,20,0
HydraulicSystems,3,602,90300,90600,90450.0,100,1.0,1,20,0
HydraulicSystems,3,603,90450,90750,90600.0,100,1.0,1,20,0
HydraulicSystems,3,604,90600,90900,90750.0,100,1.0,1,20,0
HydraulicSystems,3,605,90750,91050,90900.0,100,1.0,1,20,0
HydraulicSystems,3,606,90900,91200,91050.0,100,1.0,1,20,0
HydraulicSystems,3,607,91050,91350,91200.0,100,1.0,1,20,0
HydraulicSystems,3,608,91200,91500,91350.0,100,1.0,1,20,0
HydraulicSystems,3,609,91350,91650,91500.0,100,1.0,1,20,0
HydraulicSystems,3,610,91500,91800,91650.0,100,1.0,1,20,0
HydraulicSystems,3,611,91650,91950,91800.0,100,1.0,1,20,0
HydraulicSystems,3,612,91800,92100,91950.0,100,1.0,1,20,0
HydraulicSystems,3,613,91950,92250,92100.0,100,1.0,1,20,0
HydraulicSystems,3,614,92100,92400,92250.0,100,1.0,1,20,0
HydraulicSystems,3,615,92250,92550,92400.0,100,1.0,1,20,0
HydraulicSystems,3,616,92310,92610,92460.0,100,1.0,1,20,0
HydraulicSystems,4,0,0,300,150.0,3,1.0,0,3,1
HydraulicSystems,4,1,150,450,300.0,3,1.0,0,3,1
HydraulicSystems,4,2,300,600,450.0,3,1.0,0,3,1
HydraulicSystems,4,3,450,750,600.0,3,1.0,0,3,1
HydraulicSystems,4,4,600,900,750.0,3,1.0,0,3,1
HydraulicSystems,4,5,750,1050,900.0,3,1.0,0,3,1
HydraulicSystems,4,6,900,1200,1050.0,3,1.0,0,3,1
HydraulicSystems,4,7,1050,1350,1200.0,3,1.0,0,3,1
HydraulicSystems,4,8,1200,1500,1350.0,3,1.0,0,3,1
HydraulicSystems,4,9,1350,1650,1500.0,3,1.0,0,3,1
HydraulicSystems,4,10,1500,1800,1650.0,3,1.0,0,3,1
HydraulicSystems,4,11,1650,1950,1800.0,3,1.0,0,3,1
HydraulicSystems,4,12,1800,2100,1950.0,3,1.0,0,3,1
HydraulicSystems,4,13,1950,2250,2100.0,3,1.0,0,3,1
HydraulicSystems,4,14,2100,2400,2250.0,3,1.0,0,3,1
HydraulicSystems,4,15,2250,2550,2400.0,3,1.0,0,3,1
HydraulicSystems,4,16,2400,2700,2550.0,3,1.0,0,3,1
HydraulicSystems,4,17,2550,2850,2700.0,3,1.0,0,3,1
HydraulicSystems,4,18,2700,3000,2850.0,3,1.0,0,3,1
HydraulicSystems,4,19,2850,3150,3000.0,3,1.0,0,3,1
HydraulicSystems,4,20,3000,3300,3150.0,3,1.0,0,3,1
HydraulicSystems,4,21,3150,3450,3300.0,3,1.0,0,3,1
HydraulicSystems,4,22,3300,3600,3450.0,3,1.0,0,3,1
HydraulicSystems,4,23,3450,3750,3600.0,3,1.0,0,3,1
HydraulicSystems,4,24,3600,3900,3750.0,3,1.0,0,3,1
HydraulicSystems,4,25,3750,4050,3900.0,3,1.0,0,3,1
HydraulicSystems,4,26,3900,4200,4050.0,3,1.0,0,3,1
HydraulicSystems,4,27,4050,4350,4200.0,3,1.0,0,3,1
HydraulicSystems,4,28,4200,4500,4350.0,3,1.0,0,3,1
HydraulicSystems,4,29,4350,4650,4500.0,3,1.0,0,3,1
HydraulicSystems,4,30,4500,4800,4650.0,3,1.0,0,3,1
HydraulicSystems,4,31,4650,4950,4800.0,3,1.0,0,3,1
HydraulicSystems,4,32,4800,5100,4950.0,3,1.0,0,3,1
HydraulicSystems,4,33,4950,5250,5100.0,3,1.0,0,3,1
HydraulicSystems,4,34,5100,5400,5250.0,3,1.0,0,3,1
HydraulicSystems,4,35,5250,5550,5400.0,3,1.0,0,3,1
HydraulicSystems,4,36,5400,5700,5550.0,3,1.0,0,3,1
HydraulicSystems,4,37,5550,5850,5700.0,3,1.0,0,3,1
HydraulicSystems,4,38,5700,6000,5850.0,3,1.0,0,3,1
HydraulicSystems,4,39,5850,6150,6000.0,3,1.0,0,3,1
HydraulicSystems,4,40,6000,6300,6150.0,3,1.0,0,3,1
HydraulicSystems,4,41,6150,6450,6300.0,3,1.0,0,3,1
HydraulicSystems,4,42,6300,6600,6450.0,3,1.0,0,3,1
HydraulicSystems,4,43,6450,6750,6600.0,3,1.0,0,3,1
HydraulicSystems,4,44,6600,6900,6750.0,3,1.0,0,3,1
HydraulicSystems,4,45,6750,7050,6900.0,3,1.0,0,3,1
HydraulicSystems,4,46,6900,7200,7050.0,3,1.0,0,3,1
HydraulicSystems,4,47,7050,7350,7200.0,3,1.0,0,3,1
HydraulicSystems,4,48,7200,7500,7350.0,3,1.0,0,3,1
HydraulicSystems,4,49,7350,7650,7500.0,3,1.0,1,20,0
HydraulicSystems,4,50,7500,7800,7650.0,3,1.0,0,3,1
HydraulicSystems,4,51,7650,7950,7800.0,3,1.0,0,3,1
HydraulicSystems,4,52,7800,8100,7950.0,3,1.0,0,3,1
HydraulicSystems,4,53,7950,8250,8100.0,3,1.0,0,3,1
HydraulicSystems,4,54,8100,8400,8250.0,3,1.0,0,3,1
HydraulicSystems,4,55,8250,8550,8400.0,3,1.0,1,20,0
HydraulicSystems,4,56,8400,8700,8550.0,3,1.0,1,20,0
HydraulicSystems,4,57,8550,8850,8700.0,3,1.0,0,3,1
HydraulicSystems,4,58,8700,9000,8850.0,3,1.0,0,3,1
HydraulicSystems,4,59,8850,9150,9000.0,3,1.0,0,3,1
HydraulicSystems,4,60,9000,9300,9150.0,3,1.0,0,3,1
HydraulicSystems,4,61,9150,9450,9300.0,3,1.0,0,3,1
HydraulicSystems,4,62,9300,9600,9450.0,3,1.0,0,3,1
HydraulicSystems,4,63,9450,9750,9600.0,3,1.0,0,3,1
HydraulicSystems,4,64,9600,9900,9750.0,3,1.0,0,3,1
HydraulicSystems,4,65,9750,10050,9900.0,3,1.0,0,3,1
HydraulicSystems,4,66,9900,10200,10050.0,3,1.0,0,3,1
HydraulicSystems,4,67,10050,10350,10200.0,3,1.0,0,3,1
HydraulicSystems,4,68,10200,10500,10350.0,3,1.0,0,3,1
HydraulicSystems,4,69,10350,10650,10500.0,3,1.0,0,3,1
HydraulicSystems,4,70,10500,10800,10650.0,3,1.0,0,3,1
HydraulicSystems,4,71,10650,10950,10800.0,3,1.0,0,3,1
HydraulicSystems,4,72,10800,11100,10950.0,3,1.0,0,3,1
HydraulicSystems,4,73,10950,11250,11100.0,3,1.0,0,3,1
HydraulicSystems,4,74,11100,11400,11250.0,3,1.0,0,3,1
HydraulicSystems,4,75,11250,11550,11400.0,3,1.0,0,3,1
HydraulicSystems,4,76,11400,11700,11550.0,3,1.0,0,3,1
HydraulicSystems,4,77,11550,11850,11700.0,3,1.0,0,3,1
HydraulicSystems,4,78,11700,12000,11850.0,3,1.0,0,3,1
HydraulicSystems,4,79,11850,12150,12000.0,3,1.0,0,3,1
HydraulicSystems,4,80,12000,12300,12150.0,3,1.0,0,3,1
HydraulicSystems,4,81,12150,12450,12300.0,3,1.0,0,3,1
HydraulicSystems,4,82,12300,12600,12450.0,3,1.0,0,3,1
HydraulicSystems,4,83,12450,12750,12600.0,3,1.0,0,3,1
HydraulicSystems,4,84,12600,12900,12750.0,3,1.0,0,3,1
HydraulicSystems,4,85,12750,13050,12900.0,3,1.0,0,3,1
HydraulicSystems,4,86,12900,13200,13050.0,3,1.0,0,3,1
HydraulicSystems,4,87,13050,13350,13200.0,3,1.0,0,3,1
HydraulicSystems,4,88,13200,13500,13350.0,3,1.0,1,20,0
HydraulicSystems,4,89,13350,13650,13500.0,3,1.0,0,3,1
HydraulicSystems,4,90,13500,13800,13650.0,3,1.0,0,3,1
HydraulicSystems,4,91,13650,13950,13800.0,3,1.0,0,3,1
HydraulicSystems,4,92,13800,14100,13950.0,3,1.0,0,3,1
HydraulicSystems,4,93,13950,14250,14100.0,3,1.0,0,3,1
HydraulicSystems,4,94,14100,14400,14250.0,3,1.0,0,3,1
HydraulicSystems,4,95,14250,14550,14400.0,3,1.0,0,3,1
HydraulicSystems,4,96,14400,14700,14550.0,3,1.0,0,3,1
HydraulicSystems,4,97,14550,14850,14700.0,3,1.0,0,3,1
HydraulicSystems,4,98,14700,15000,14850.0,3,1.0,0,3,1
HydraulicSystems,4,99,14850,15150,15000.0,3,1.0,0,3,1
HydraulicSystems,4,100,15000,15300,15150.0,3,1.0,0,3,1
HydraulicSystems,4,101,15150,15450,15300.0,3,1.0,1,20,0
HydraulicSystems,4,102,15300,15600,15450.0,3,1.0,1,20,0
HydraulicSystems,4,103,15450,15750,15600.0,3,1.0,0,3,1
HydraulicSystems,4,104,15600,15900,15750.0,3,1.0,0,3,1
HydraulicSystems,4,105,15750,16050,15900.0,3,1.0,0,3,1
HydraulicSystems,4,106,15900,16200,16050.0,3,1.0,1,20,0
HydraulicSystems,4,107,16050,16350,16200.0,3,1.0,1,20,0
HydraulicSystems,4,108,16200,16500,16350.0,3,1.0,1,20,0
HydraulicSystems,4,109,16350,16650,16500.0,3,1.0,0,3,1
HydraulicSystems,4,110,16500,16800,16650.0,3,1.0,1,20,0
HydraulicSystems,4,111,16650,16950,16800.0,3,1.0,1,20,0
HydraulicSystems,4,112,16800,17100,16950.0,3,1.0,1,20,0
HydraulicSystems,4,113,16950,17250,17100.0,3,1.0,1,20,0
HydraulicSystems,4,114,17100,17400,17250.0,3,1.0,1,20,0
HydraulicSystems,4,115,17250,17550,17400.0,3,1.0,0,3,1
HydraulicSystems,4,116,17400,17700,17550.0,3,1.0,0,3,1
HydraulicSystems,4,117,17550,17850,17700.0,3,1.0,0,3,1
HydraulicSystems,4,118,17700,18000,17850.0,3,1.0,0,3,1
HydraulicSystems,4,119,17850,18150,18000.0,3,1.0,0,3,1
HydraulicSystems,4,120,18000,18300,18150.0,3,1.0,0,3,1
HydraulicSystems,4,121,18150,18450,18300.0,3,1.0,0,3,1
HydraulicSystems,4,122,18300,18600,18450.0,3,1.0,0,3,1
HydraulicSystems,4,123,18450,18750,18600.0,3,1.0,0,3,1
HydraulicSystems,4,124,18600,18900,18750.0,3,1.0,0,3,1
HydraulicSystems,4,125,18750,19050,18900.0,3,1.0,0,3,1
HydraulicSystems,4,126,18900,19200,19050.0,3,1.0,0,3,1
HydraulicSystems,4,127,19050,19350,19200.0,3,1.0,0,3,1
HydraulicSystems,4,128,19200,19500,19350.0,3,1.0,0,3,1
HydraulicSystems,4,129,19350,19650,19500.0,3,1.0,0,3,1
HydraulicSystems,4,130,19500,19800,19650.0,3,1.0,0,3,1
HydraulicSystems,4,131,19650,19950,19800.0,3,1.0,0,3,1
HydraulicSystems,4,132,19800,20100,19950.0,3,1.0,0,3,1
HydraulicSystems,4,133,19950,20250,20100.0,3,1.0,0,3,1
HydraulicSystems,4,134,20100,20400,20250.0,3,1.0,0,3,1
HydraulicSystems,4,135,20250,20550,20400.0,3,1.0,0,3,1
HydraulicSystems,4,136,20400,20700,20550.0,3,1.0,0,3,1
HydraulicSystems,4,137,20550,20850,20700.0,3,1.0,0,3,1
HydraulicSystems,4,138,20700,21000,20850.0,3,1.0,0,3,1
HydraulicSystems,4,139,20850,21150,21000.0,3,1.0,0,3,1
HydraulicSystems,4,140,21000,21300,21150.0,3,1.0,0,3,1
HydraulicSystems,4,141,21150,21450,21300.0,3,1.0,0,3,1
HydraulicSystems,4,142,21300,21600,21450.0,3,1.0,0,3,1
HydraulicSystems,4,143,21450,21750,21600.0,3,1.0,0,3,1
HydraulicSystems,4,144,21600,21900,21750.0,3,1.0,0,3,1
HydraulicSystems,4,145,21750,22050,21900.0,3,1.0,0,3,1
HydraulicSystems,4,146,21900,22200,22050.0,3,1.0,0,3,1
HydraulicSystems,4,147,22050,22350,22200.0,3,1.0,0,3,1
HydraulicSystems,4,148,22200,22500,22350.0,3,1.0,0,3,1
HydraulicSystems,4,149,22350,22650,22500.0,3,1.0,0,3,1
HydraulicSystems,4,150,22500,22800,22650.0,3,1.0,0,3,1
HydraulicSystems,4,151,22650,22950,22800.0,3,1.0,0,3,1
HydraulicSystems,4,152,22800,23100,22950.0,3,1.0,0,3,1
HydraulicSystems,4,153,22950,23250,23100.0,3,1.0,0,3,1
HydraulicSystems,4,154,23100,23400,23250.0,3,1.0,0,3,1
HydraulicSystems,4,155,23250,23550,23400.0,3,1.0,0,3,1
HydraulicSystems,4,156,23400,23700,23550.0,3,1.0,0,3,1
HydraulicSystems,4,157,23550,23850,23700.0,3,1.0,0,3,1
HydraulicSystems,4,158,23700,24000,23850.0,3,1.0,0,3,1
HydraulicSystems,4,159,23850,24150,24000.0,3,1.0,0,3,1
HydraulicSystems,4,160,24000,24300,24150.0,3,1.0,0,3,1
HydraulicSystems,4,161,24150,24450,24300.0,3,1.0,0,3,1
HydraulicSystems,4,162,24300,24600,24450.0,3,1.0,0,3,1
HydraulicSystems,4,163,24450,24750,24600.0,3,1.0,0,3,1
HydraulicSystems,4,164,24600,24900,24750.0,3,1.0,0,3,1
HydraulicSystems,4,165,24750,25050,24900.0,3,1.0,0,3,1
HydraulicSystems,4,166,24900,25200,25050.0,3,1.0,0,3,1
HydraulicSystems,4,167,25050,25350,25200.0,3,1.0,0,3,1
HydraulicSystems,4,168,25200,25500,25350.0,3,1.0,0,3,1
HydraulicSystems,4,169,25350,25650,25500.0,3,1.0,0,3,1
HydraulicSystems,4,170,25500,25800,25650.0,3,1.0,0,3,1
HydraulicSystems,4,171,25650,25950,25800.0,3,1.0,0,3,1
HydraulicSystems,4,172,25800,26100,25950.0,3,1.0,0,3,1
HydraulicSystems,4,173,25950,26250,26100.0,3,1.0,0,3,1
HydraulicSystems,4,174,26100,26400,26250.0,3,1.0,0,3,1
HydraulicSystems,4,175,26250,26550,26400.0,3,1.0,0,3,1
HydraulicSystems,4,176,26400,26700,26550.0,3,1.0,0,3,1
HydraulicSystems,4,177,26550,26850,26700.0,3,1.0,0,3,1
HydraulicSystems,4,178,26700,27000,26850.0,3,1.0,0,3,1
HydraulicSystems,4,179,26850,27150,27000.0,3,1.0,0,3,1
HydraulicSystems,4,180,27000,27300,27150.0,3,1.0,0,3,1
HydraulicSystems,4,181,27150,27450,27300.0,3,1.0,0,3,1
HydraulicSystems,4,182,27300,27600,27450.0,3,1.0,0,3,1
HydraulicSystems,4,183,27450,27750,27600.0,3,1.0,0,3,1
HydraulicSystems,4,184,27600,27900,27750.0,3,1.0,0,3,1
HydraulicSystems,4,185,27750,28050,27900.0,3,1.0,0,3,1
HydraulicSystems,4,186,27900,28200,28050.0,3,1.0,0,3,1
HydraulicSystems,4,187,28050,28350,28200.0,3,1.0,0,3,1
HydraulicSystems,4,188,28200,28500,28350.0,3,1.0,0,3,1
HydraulicSystems,4,189,28350,28650,28500.0,3,1.0,0,3,1
HydraulicSystems,4,190,28500,28800,28650.0,3,1.0,0,3,1
HydraulicSystems,4,191,28650,28950,28800.0,3,1.0,0,3,1
HydraulicSystems,4,192,28800,29100,28950.0,3,1.0,0,3,1
HydraulicSystems,4,193,28950,29250,29100.0,3,1.0,0,3,1
HydraulicSystems,4,194,29100,29400,29250.0,3,1.0,0,3,1
HydraulicSystems,4,195,29250,29550,29400.0,3,1.0,0,3,1
HydraulicSystems,4,196,29400,29700,29550.0,3,1.0,0,3,1
HydraulicSystems,4,197,29550,29850,29700.0,3,1.0,0,3,1
HydraulicSystems,4,198,29700,30000,29850.0,3,1.0,0,3,1
HydraulicSystems,4,199,29850,30150,30000.0,3,1.0,0,3,1
HydraulicSystems,4,200,30000,30300,30150.0,3,1.0,0,3,1
HydraulicSystems,4,201,30150,30450,30300.0,3,1.0,0,3,1
HydraulicSystems,4,202,30300,30600,30450.0,3,1.0,0,3,1
HydraulicSystems,4,203,30450,30750,30600.0,3,1.0,0,3,1
HydraulicSystems,4,204,30600,30900,30750.0,3,1.0,0,3,1
HydraulicSystems,4,205,30750,31050,30900.0,3,1.0,0,3,1
HydraulicSystems,4,206,30900,31200,31050.0,3,1.0,0,3,1
HydraulicSystems,4,207,31050,31350,31200.0,3,1.0,0,3,1
HydraulicSystems,4,208,31200,31500,31350.0,3,1.0,0,3,1
HydraulicSystems,4,209,31350,31650,31500.0,3,1.0,0,3,1
HydraulicSystems,4,210,31500,31800,31650.0,3,1.0,0,3,1
HydraulicSystems,4,211,31650,31950,31800.0,3,1.0,0,3,1
HydraulicSystems,4,212,31800,32100,31950.0,3,1.0,0,3,1
HydraulicSystems,4,213,31950,32250,32100.0,3,1.0,0,3,1
HydraulicSystems,4,214,32100,32400,32250.0,3,1.0,0,3,1
HydraulicSystems,4,215,32250,32550,32400.0,3,1.0,0,3,1
HydraulicSystems,4,216,32400,32700,32550.0,3,1.0,0,3,1
HydraulicSystems,4,217,32550,32850,32700.0,3,1.0,0,3,1
HydraulicSystems,4,218,32700,33000,32850.0,3,1.0,0,3,1
HydraulicSystems,4,219,32850,33150,33000.0,3,1.0,0,3,1
HydraulicSystems,4,220,33000,33300,33150.0,3,1.0,0,3,1
HydraulicSystems,4,221,33150,33450,33300.0,3,1.0,0,3,1
HydraulicSystems,4,222,33300,33600,33450.0,3,1.0,0,3,1
HydraulicSystems,4,223,33450,33750,33600.0,3,1.0,0,3,1
HydraulicSystems,4,224,33600,33900,33750.0,3,1.0,0,3,1
HydraulicSystems,4,225,33750,34050,33900.0,3,1.0,0,3,1
HydraulicSystems,4,226,33900,34200,34050.0,3,1.0,0,3,1
HydraulicSystems,4,227,34050,34350,34200.0,3,1.0,0,3,1
HydraulicSystems,4,228,34200,34500,34350.0,3,1.0,0,3,1
HydraulicSystems,4,229,34350,34650,34500.0,3,1.0,0,3,1
HydraulicSystems,4,230,34500,34800,34650.0,3,1.0,0,3,1
HydraulicSystems,4,231,34650,34950,34800.0,3,1.0,0,3,1
HydraulicSystems,4,232,34800,35100,34950.0,3,1.0,0,3,1
HydraulicSystems,4,233,34950,35250,35100.0,3,1.0,0,3,1
HydraulicSystems,4,234,35100,35400,35250.0,3,1.0,0,3,1
HydraulicSystems,4,235,35250,35550,35400.0,3,1.0,0,3,1
HydraulicSystems,4,236,35400,35700,35550.0,3,1.0,0,3,1
HydraulicSystems,4,237,35550,35850,35700.0,3,1.0,0,3,1
HydraulicSystems,4,238,35700,36000,35850.0,3,1.0,0,3,1
HydraulicSystems,4,239,35850,36150,36000.0,3,1.0,0,3,1
HydraulicSystems,4,240,36000,36300,36150.0,3,1.0,0,3,1
HydraulicSystems,4,241,36150,36450,36300.0,3,1.0,0,3,1
HydraulicSystems,4,242,36300,36600,36450.0,3,1.0,0,3,1
HydraulicSystems,4,243,36450,36750,36600.0,3,1.0,0,3,1
HydraulicSystems,4,244,36600,36900,36750.0,3,1.0,0,3,1
HydraulicSystems,4,245,36750,37050,36900.0,3,1.0,0,3,1
HydraulicSystems,4,246,36900,37200,37050.0,3,1.0,0,3,1
HydraulicSystems,4,247,37050,37350,37200.0,3,1.0,0,3,1
HydraulicSystems,4,248,37200,37500,37350.0,3,1.0,0,3,1
HydraulicSystems,4,249,37350,37650,37500.0,3,1.0,0,3,1
HydraulicSystems,4,250,37500,37800,37650.0,3,1.0,0,3,1
HydraulicSystems,4,251,37650,37950,37800.0,3,1.0,0,3,1
HydraulicSystems,4,252,37800,38100,37950.0,3,1.0,0,3,1
HydraulicSystems,4,253,37950,38250,38100.0,3,1.0,0,3,1
HydraulicSystems,4,254,38100,38400,38250.0,3,1.0,0,3,1
HydraulicSystems,4,255,38250,38550,38400.0,3,1.0,0,3,1
HydraulicSystems,4,256,38400,38700,38550.0,3,1.0,0,3,1
HydraulicSystems,4,257,38550,38850,38700.0,3,1.0,0,3,1
HydraulicSystems,4,258,38700,39000,38850.0,3,1.0,0,3,1
HydraulicSystems,4,259,38850,39150,39000.0,3,1.0,0,3,1
HydraulicSystems,4,260,39000,39300,39150.0,3,1.0,0,3,1
HydraulicSystems,4,261,39150,39450,39300.0,3,1.0,0,3,1
HydraulicSystems,4,262,39300,39600,39450.0,3,1.0,0,3,1
HydraulicSystems,4,263,39450,39750,39600.0,3,1.0,0,3,1
HydraulicSystems,4,264,39600,39900,39750.0,3,1.0,0,3,1
HydraulicSystems,4,265,39750,40050,39900.0,3,1.0,0,3,1
HydraulicSystems,4,266,39900,40200,40050.0,3,1.0,0,3,1
HydraulicSystems,4,267,40050,40350,40200.0,3,1.0,0,3,1
HydraulicSystems,4,268,40200,40500,40350.0,3,1.0,0,3,1
HydraulicSystems,4,269,40350,40650,40500.0,3,1.0,0,3,1
HydraulicSystems,4,270,40500,40800,40650.0,3,1.0,0,3,1
HydraulicSystems,4,271,40650,40950,40800.0,3,1.0,0,3,1
HydraulicSystems,4,272,40800,41100,40950.0,3,1.0,0,3,1
HydraulicSystems,4,273,40950,41250,41100.0,3,1.0,0,3,1
HydraulicSystems,4,274,41100,41400,41250.0,3,1.0,0,3,1
HydraulicSystems,4,275,41250,41550,41400.0,3,1.0,0,3,1
HydraulicSystems,4,276,41400,41700,41550.0,3,1.0,0,3,1
HydraulicSystems,4,277,41550,41850,41700.0,3,1.0,0,3,1
HydraulicSystems,4,278,41700,42000,41850.0,3,1.0,0,3,1
HydraulicSystems,4,279,41850,42150,42000.0,3,1.0,0,3,1
HydraulicSystems,4,280,42000,42300,42150.0,3,1.0,0,3,1
HydraulicSystems,4,281,42150,42450,42300.0,3,1.0,0,3,1
HydraulicSystems,4,282,42300,42600,42450.0,3,1.0,0,3,1
HydraulicSystems,4,283,42450,42750,42600.0,3,1.0,0,3,1
HydraulicSystems,4,284,42600,42900,42750.0,3,1.0,0,3,1
HydraulicSystems,4,285,42750,43050,42900.0,3,1.0,0,3,1
HydraulicSystems,4,286,42900,43200,43050.0,3,1.0,0,3,1
HydraulicSystems,4,287,43050,43350,43200.0,3,1.0,0,3,1
HydraulicSystems,4,288,43200,43500,43350.0,3,1.0,0,3,1
HydraulicSystems,4,289,43350,43650,43500.0,3,1.0,0,3,1
HydraulicSystems,4,290,43500,43800,43650.0,3,1.0,0,3,1
HydraulicSystems,4,291,43650,43950,43800.0,3,0.9,0,3,1
HydraulicSystems,4,292,43800,44100,43950.0,20,0.6,0,3,0
HydraulicSystems,4,293,43950,44250,44100.0,20,1.0,0,3,0
HydraulicSystems,4,294,44100,44400,44250.0,20,1.0,0,3,0
HydraulicSystems,4,295,44250,44550,44400.0,20,1.0,0,3,0
HydraulicSystems,4,296,44400,44700,44550.0,20,1.0,0,3,0
HydraulicSystems,4,297,44550,44850,44700.0,20,1.0,0,3,0
HydraulicSystems,4,298,44700,45000,44850.0,20,1.0,0,3,0
HydraulicSystems,4,299,44850,45150,45000.0,20,1.0,0,3,0
HydraulicSystems,4,300,45000,45300,45150.0,20,1.0,0,3,0
HydraulicSystems,4,301,45150,45450,45300.0,20,1.0,1,20,1
HydraulicSystems,4,302,45300,45600,45450.0,20,1.0,1,20,1
HydraulicSystems,4,303,45450,45750,45600.0,20,1.0,1,20,1
HydraulicSystems,4,304,45600,45900,45750.0,20,1.0,1,20,1
HydraulicSystems,4,305,45750,46050,45900.0,20,1.0,1,20,1
HydraulicSystems,4,306,45900,46200,46050.0,20,1.0,1,20,1
HydraulicSystems,4,307,46050,46350,46200.0,20,1.0,1,20,1
HydraulicSystems,4,308,46200,46500,46350.0,20,1.0,1,20,1
HydraulicSystems,4,309,46350,46650,46500.0,20,1.0,1,20,1
HydraulicSystems,4,310,46500,46800,46650.0,20,1.0,1,20,1
HydraulicSystems,4,311,46650,46950,46800.0,20,1.0,1,20,1
HydraulicSystems,4,312,46800,47100,46950.0,20,1.0,1,20,1
HydraulicSystems,4,313,46950,47250,47100.0,20,1.0,1,20,1
HydraulicSystems,4,314,47100,47400,47250.0,20,1.0,1,20,1
HydraulicSystems,4,315,47250,47550,47400.0,20,1.0,1,20,1
HydraulicSystems,4,316,47400,47700,47550.0,20,1.0,1,20,1
HydraulicSystems,4,317,47550,47850,47700.0,20,1.0,1,20,1
HydraulicSystems,4,318,47700,48000,47850.0,20,1.0,1,20,1
HydraulicSystems,4,319,47850,48150,48000.0,20,1.0,1,20,1
HydraulicSystems,4,320,48000,48300,48150.0,20,1.0,1,20,1
HydraulicSystems,4,321,48150,48450,48300.0,20,1.0,1,20,1
HydraulicSystems,4,322,48300,48600,48450.0,20,1.0,1,20,1
HydraulicSystems,4,323,48450,48750,48600.0,20,1.0,1,20,1
HydraulicSystems,4,324,48600,48900,48750.0,20,1.0,1,20,1
HydraulicSystems,4,325,48750,49050,48900.0,20,1.0,1,20,1
HydraulicSystems,4,326,48900,49200,49050.0,20,1.0,1,20,1
HydraulicSystems,4,327,49050,49350,49200.0,20,1.0,1,20,1
HydraulicSystems,4,328,49200,49500,49350.0,20,1.0,1,20,1
HydraulicSystems,4,329,49350,49650,49500.0,20,1.0,1,20,1
HydraulicSystems,4,330,49500,49800,49650.0,20,1.0,1,20,1
HydraulicSystems,4,331,49650,49950,49800.0,20,1.0,1,20,1
HydraulicSystems,4,332,49800,50100,49950.0,20,1.0,1,20,1
HydraulicSystems,4,333,49950,50250,50100.0,20,1.0,1,20,1
HydraulicSystems,4,334,50100,50400,50250.0,20,1.0,1,20,1
HydraulicSystems,4,335,50250,50550,50400.0,20,1.0,1,20,1
HydraulicSystems,4,336,50400,50700,50550.0,20,1.0,1,20,1
HydraulicSystems,4,337,50550,50850,50700.0,20,1.0,1,20,1
HydraulicSystems,4,338,50700,51000,50850.0,20,1.0,1,20,1
HydraulicSystems,4,339,50850,51150,51000.0,20,1.0,1,20,1
HydraulicSystems,4,340,51000,51300,51150.0,20,1.0,1,20,1
HydraulicSystems,4,341,51150,51450,51300.0,20,1.0,1,20,1
HydraulicSystems,4,342,51300,51600,51450.0,20,1.0,1,20,1
HydraulicSystems,4,343,51450,51750,51600.0,20,1.0,1,20,1
HydraulicSystems,4,344,51600,51900,51750.0,20,1.0,1,20,1
HydraulicSystems,4,345,51750,52050,51900.0,20,1.0,1,20,1
HydraulicSystems,4,346,51900,52200,52050.0,20,1.0,1,20,1
HydraulicSystems,4,347,52050,52350,52200.0,20,1.0,1,20,1
HydraulicSystems,4,348,52200,52500,52350.0,20,1.0,0,3,0
HydraulicSystems,4,349,52350,52650,52500.0,20,1.0,1,20,1
HydraulicSystems,4,350,52500,52800,52650.0,20,1.0,1,20,1
HydraulicSystems,4,351,52650,52950,52800.0,20,1.0,1,20,1
HydraulicSystems,4,352,52800,53100,52950.0,20,1.0,1,20,1
HydraulicSystems,4,353,52950,53250,53100.0,20,1.0,1,20,1
HydraulicSystems,4,354,53100,53400,53250.0,20,1.0,1,20,1
HydraulicSystems,4,355,53250,53550,53400.0,20,1.0,1,20,1
HydraulicSystems,4,356,53400,53700,53550.0,20,1.0,1,20,1
HydraulicSystems,4,357,53550,53850,53700.0,20,1.0,1,20,1
HydraulicSystems,4,358,53700,54000,53850.0,20,1.0,1,20,1
HydraulicSystems,4,359,53850,54150,54000.0,20,1.0,1,20,1
HydraulicSystems,4,360,54000,54300,54150.0,20,1.0,1,20,1
HydraulicSystems,4,361,54150,54450,54300.0,20,1.0,1,20,1
HydraulicSystems,4,362,54300,54600,54450.0,20,1.0,1,20,1
HydraulicSystems,4,363,54450,54750,54600.0,20,1.0,1,20,1
HydraulicSystems,4,364,54600,54900,54750.0,20,1.0,1,20,1
HydraulicSystems,4,365,54750,55050,54900.0,20,1.0,1,20,1
HydraulicSystems,4,366,54900,55200,55050.0,20,1.0,1,20,1
HydraulicSystems,4,367,55050,55350,55200.0,20,1.0,1,20,1
HydraulicSystems,4,368,55200,55500,55350.0,20,1.0,1,20,1
HydraulicSystems,4,369,55350,55650,55500.0,20,1.0,1,20,1
HydraulicSystems,4,370,55500,55800,55650.0,20,1.0,1,20,1
HydraulicSystems,4,371,55650,55950,55800.0,20,1.0,1,20,1
HydraulicSystems,4,372,55800,56100,55950.0,20,1.0,1,20,1
HydraulicSystems,4,373,55950,56250,56100.0,20,1.0,0,3,0
HydraulicSystems,4,374,56100,56400,56250.0,20,1.0,1,20,1
HydraulicSystems,4,375,56250,56550,56400.0,20,1.0,1,20,1
HydraulicSystems,4,376,56400,56700,56550.0,20,1.0,1,20,1
HydraulicSystems,4,377,56550,56850,56700.0,20,1.0,1,20,1
HydraulicSystems,4,378,56700,57000,56850.0,20,1.0,1,20,1
HydraulicSystems,4,379,56850,57150,57000.0,20,1.0,1,20,1
HydraulicSystems,4,380,57000,57300,57150.0,20,1.0,1,20,1
HydraulicSystems,4,381,57150,57450,57300.0,20,1.0,1,20,1
HydraulicSystems,4,382,57300,57600,57450.0,20,1.0,1,20,1
HydraulicSystems,4,383,57450,57750,57600.0,20,1.0,1,20,1
HydraulicSystems,4,384,57600,57900,57750.0,20,1.0,1,20,1
HydraulicSystems,4,385,57750,58050,57900.0,20,1.0,1,20,1
HydraulicSystems,4,386,57900,58200,58050.0,20,1.0,1,20,1
HydraulicSystems,4,387,58050,58350,58200.0,20,1.0,1,20,1
HydraulicSystems,4,388,58200,58500,58350.0,20,1.0,1,20,1
HydraulicSystems,4,389,58350,58650,58500.0,20,1.0,1,20,1
HydraulicSystems,4,390,58500,58800,58650.0,20,1.0,1,20,1
HydraulicSystems,4,391,58650,58950,58800.0,20,1.0,1,20,1
HydraulicSystems,4,392,58800,59100,58950.0,20,1.0,1,20,1
HydraulicSystems,4,393,58950,59250,59100.0,20,1.0,1,20,1
HydraulicSystems,4,394,59100,59400,59250.0,20,1.0,1,20,1
HydraulicSystems,4,395,59250,59550,59400.0,20,1.0,1,20,1
HydraulicSystems,4,396,59400,59700,59550.0,20,1.0,1,20,1
HydraulicSystems,4,397,59550,59850,59700.0,20,1.0,1,20,1
HydraulicSystems,4,398,59700,60000,59850.0,20,1.0,1,20,1
HydraulicSystems,4,399,59850,60150,60000.0,20,1.0,1,20,1
HydraulicSystems,4,400,60000,60300,60150.0,20,1.0,1,20,1
HydraulicSystems,4,401,60150,60450,60300.0,20,1.0,1,20,1
HydraulicSystems,4,402,60300,60600,60450.0,20,1.0,1,20,1
HydraulicSystems,4,403,60450,60750,60600.0,20,1.0,1,20,1
HydraulicSystems,4,404,60600,60900,60750.0,20,1.0,1,20,1
HydraulicSystems,4,405,60750,61050,60900.0,20,1.0,1,20,1
HydraulicSystems,4,406,60900,61200,61050.0,20,1.0,1,20,1
HydraulicSystems,4,407,61050,61350,61200.0,20,1.0,1,20,1
HydraulicSystems,4,408,61200,61500,61350.0,20,1.0,1,20,1
HydraulicSystems,4,409,61350,61650,61500.0,20,1.0,1,20,1
HydraulicSystems,4,410,61500,61800,61650.0,20,1.0,1,20,1
HydraulicSystems,4,411,61650,61950,61800.0,20,1.0,1,20,1
HydraulicSystems,4,412,61800,62100,61950.0,20,1.0,1,20,1
HydraulicSystems,4,413,61950,62250,62100.0,20,1.0,1,20,1
HydraulicSystems,4,414,62100,62400,62250.0,20,1.0,1,20,1
HydraulicSystems,4,415,62250,62550,62400.0,20,1.0,1,20,1
HydraulicSystems,4,416,62400,62700,62550.0,20,1.0,1,20,1
HydraulicSystems,4,417,62550,62850,62700.0,20,1.0,1,20,1
HydraulicSystems,4,418,62700,63000,62850.0,20,1.0,1,20,1
HydraulicSystems,4,419,62850,63150,63000.0,20,1.0,1,20,1
HydraulicSystems,4,420,63000,63300,63150.0,20,1.0,1,20,1
HydraulicSystems,4,421,63150,63450,63300.0,20,1.0,1,20,1
HydraulicSystems,4,422,63300,63600,63450.0,20,1.0,1,20,1
HydraulicSystems,4,423,63450,63750,63600.0,20,1.0,1,20,1
HydraulicSystems,4,424,63600,63900,63750.0,20,1.0,1,20,1
HydraulicSystems,4,425,63750,64050,63900.0,20,1.0,0,3,0
HydraulicSystems,4,426,63900,64200,64050.0,20,1.0,1,20,1
HydraulicSystems,4,427,64050,64350,64200.0,20,1.0,1,20,1
HydraulicSystems,4,428,64200,64500,64350.0,20,1.0,1,20,1
HydraulicSystems,4,429,64350,64650,64500.0,20,1.0,1,20,1
HydraulicSystems,4,430,64500,64800,64650.0,20,1.0,1,20,1
HydraulicSystems,4,431,64650,64950,64800.0,20,1.0,1,20,1
HydraulicSystems,4,432,64800,65100,64950.0,20,1.0,1,20,1
HydraulicSystems,4,433,64950,65250,65100.0,20,1.0,1,20,1
HydraulicSystems,4,434,65100,65400,65250.0,20,1.0,1,20,1
HydraulicSystems,4,435,65250,65550,65400.0,20,1.0,1,20,1
HydraulicSystems,4,436,65400,65700,65550.0,20,1.0,1,20,1
HydraulicSystems,4,437,65550,65850,65700.0,20,1.0,1,20,1
HydraulicSystems,4,438,65700,66000,65850.0,20,1.0,1,20,1
HydraulicSystems,4,439,65850,66150,66000.0,20,1.0,1,20,1
HydraulicSystems,4,440,66000,66300,66150.0,20,1.0,1,20,1
HydraulicSystems,4,441,66150,66450,66300.0,20,1.0,1,20,1
HydraulicSystems,4,442,66300,66600,66450.0,20,1.0,1,20,1
HydraulicSystems,4,443,66450,66750,66600.0,20,1.0,1,20,1
HydraulicSystems,4,444,66600,66900,66750.0,20,1.0,1,20,1
HydraulicSystems,4,445,66750,67050,66900.0,20,1.0,1,20,1
HydraulicSystems,4,446,66900,67200,67050.0,20,1.0,1,20,1
HydraulicSystems,4,447,67050,67350,67200.0,20,1.0,1,20,1
HydraulicSystems,4,448,67200,67500,67350.0,20,1.0,1,20,1
HydraulicSystems,4,449,67350,67650,67500.0,20,1.0,1,20,1
HydraulicSystems,4,450,67500,67800,67650.0,20,1.0,1,20,1
HydraulicSystems,4,451,67650,67950,67800.0,20,1.0,1,20,1
HydraulicSystems,4,452,67800,68100,67950.0,20,1.0,1,20,1
HydraulicSystems,4,453,67950,68250,68100.0,20,1.0,1,20,1
HydraulicSystems,4,454,68100,68400,68250.0,20,1.0,1,20,1
HydraulicSystems,4,455,68250,68550,68400.0,20,1.0,1,20,1
HydraulicSystems,4,456,68400,68700,68550.0,20,1.0,1,20,1
HydraulicSystems,4,457,68550,68850,68700.0,20,1.0,1,20,1
HydraulicSystems,4,458,68700,69000,68850.0,20,1.0,1,20,1
HydraulicSystems,4,459,68850,69150,69000.0,20,1.0,1,20,1
HydraulicSystems,4,460,69000,69300,69150.0,20,1.0,1,20,1
HydraulicSystems,4,461,69150,69450,69300.0,20,1.0,1,20,1
HydraulicSystems,4,462,69300,69600,69450.0,20,1.0,1,20,1
HydraulicSystems,4,463,69450,69750,69600.0,20,1.0,1,20,1
HydraulicSystems,4,464,69600,69900,69750.0,20,1.0,1,20,1
HydraulicSystems,4,465,69750,70050,69900.0,20,1.0,1,20,1
HydraulicSystems,4,466,69900,70200,70050.0,20,1.0,1,20,1
HydraulicSystems,4,467,70050,70350,70200.0,20,1.0,1,20,1
HydraulicSystems,4,468,70200,70500,70350.0,20,1.0,0,3,0
HydraulicSystems,4,469,70350,70650,70500.0,20,1.0,1,20,1
HydraulicSystems,4,470,70500,70800,70650.0,20,1.0,1,20,1
HydraulicSystems,4,471,70650,70950,70800.0,20,1.0,1,20,1
HydraulicSystems,4,472,70800,71100,70950.0,20,1.0,1,20,1
HydraulicSystems,4,473,70950,71250,71100.0,20,1.0,1,20,1
HydraulicSystems,4,474,71100,71400,71250.0,20,1.0,1,20,1
HydraulicSystems,4,475,71250,71550,71400.0,20,1.0,1,20,1
HydraulicSystems,4,476,71400,71700,71550.0,20,1.0,1,20,1
HydraulicSystems,4,477,71550,71850,71700.0,20,1.0,1,20,1
HydraulicSystems,4,478,71700,72000,71850.0,20,1.0,1,20,1
HydraulicSystems,4,479,71850,72150,72000.0,20,1.0,1,20,1
HydraulicSystems,4,480,72000,72300,72150.0,20,1.0,1,20,1
HydraulicSystems,4,481,72150,72450,72300.0,20,1.0,1,20,1
HydraulicSystems,4,482,72300,72600,72450.0,20,1.0,1,20,1
HydraulicSystems,4,483,72450,72750,72600.0,20,1.0,1,20,1
HydraulicSystems,4,484,72600,72900,72750.0,20,1.0,1,20,1
HydraulicSystems,4,485,72750,73050,72900.0,20,1.0,1,20,1
HydraulicSystems,4,486,72900,73200,73050.0,20,1.0,1,20,1
HydraulicSystems,4,487,73050,73350,73200.0,20,1.0,1,20,1
HydraulicSystems,4,488,73200,73500,73350.0,20,1.0,1,20,1
HydraulicSystems,4,489,73350,73650,73500.0,20,1.0,1,20,1
HydraulicSystems,4,490,73500,73800,73650.0,20,1.0,1,20,1
HydraulicSystems,4,491,73650,73950,73800.0,20,1.0,1,20,1
HydraulicSystems,4,492,73800,74100,73950.0,20,1.0,1,20,1
HydraulicSystems,4,493,73950,74250,74100.0,20,1.0,1,20,1
HydraulicSystems,4,494,74100,74400,74250.0,20,1.0,1,20,1
HydraulicSystems,4,495,74250,74550,74400.0,20,1.0,1,20,1
HydraulicSystems,4,496,74400,74700,74550.0,20,1.0,1,20,1
HydraulicSystems,4,497,74550,74850,74700.0,20,1.0,1,20,1
HydraulicSystems,4,498,74700,75000,74850.0,20,1.0,1,20,1
HydraulicSystems,4,499,74850,75150,75000.0,20,1.0,1,20,1
HydraulicSystems,4,500,75000,75300,75150.0,20,1.0,1,20,1
HydraulicSystems,4,501,75150,75450,75300.0,20,1.0,1,20,1
HydraulicSystems,4,502,75300,75600,75450.0,20,1.0,1,20,1
HydraulicSystems,4,503,75450,75750,75600.0,20,1.0,1,20,1
HydraulicSystems,4,504,75600,75900,75750.0,20,1.0,1,20,1
HydraulicSystems,4,505,75750,76050,75900.0,20,1.0,1,20,1
HydraulicSystems,4,506,75900,76200,76050.0,20,1.0,1,20,1
HydraulicSystems,4,507,76050,76350,76200.0,20,1.0,1,20,1
HydraulicSystems,4,508,76200,76500,76350.0,20,1.0,1,20,1
HydraulicSystems,4,509,76350,76650,76500.0,20,1.0,1,20,1
HydraulicSystems,4,510,76500,76800,76650.0,20,1.0,1,20,1
HydraulicSystems,4,511,76650,76950,76800.0,20,1.0,1,20,1
HydraulicSystems,4,512,76800,77100,76950.0,20,1.0,1,20,1
HydraulicSystems,4,513,76950,77250,77100.0,20,1.0,1,20,1
HydraulicSystems,4,514,77100,77400,77250.0,20,1.0,1,20,1
HydraulicSystems,4,515,77250,77550,77400.0,20,1.0,1,20,1
HydraulicSystems,4,516,77400,77700,77550.0,20,1.0,1,20,1
HydraulicSystems,4,517,77550,77850,77700.0,20,1.0,1,20,1
HydraulicSystems,4,518,77700,78000,77850.0,20,1.0,1,20,1
HydraulicSystems,4,519,77850,78150,78000.0,20,1.0,1,20,1
HydraulicSystems,4,520,78000,78300,78150.0,20,1.0,1,20,1
HydraulicSystems,4,521,78150,78450,78300.0,20,1.0,1,20,1
HydraulicSystems,4,522,78300,78600,78450.0,20,1.0,1,20,1
HydraulicSystems,4,523,78450,78750,78600.0,20,1.0,1,20,1
HydraulicSystems,4,524,78600,78900,78750.0,20,1.0,1,20,1
HydraulicSystems,4,525,78750,79050,78900.0,20,1.0,1,20,1
HydraulicSystems,4,526,78900,79200,79050.0,20,1.0,1,20,1
HydraulicSystems,4,527,79050,79350,79200.0,20,1.0,1,20,1
HydraulicSystems,4,528,79200,79500,79350.0,20,1.0,1,20,1
HydraulicSystems,4,529,79350,79650,79500.0,20,1.0,1,20,1
HydraulicSystems,4,530,79500,79800,79650.0,20,1.0,1,20,1
HydraulicSystems,4,531,79650,79950,79800.0,20,1.0,1,20,1
HydraulicSystems,4,532,79800,80100,79950.0,20,1.0,1,20,1
HydraulicSystems,4,533,79950,80250,80100.0,20,1.0,1,20,1
HydraulicSystems,4,534,80100,80400,80250.0,20,1.0,1,20,1
HydraulicSystems,4,535,80250,80550,80400.0,20,1.0,1,20,1
HydraulicSystems,4,536,80400,80700,80550.0,20,1.0,1,20,1
HydraulicSystems,4,537,80550,80850,80700.0,20,1.0,1,20,1
HydraulicSystems,4,538,80700,81000,80850.0,20,1.0,1,20,1
HydraulicSystems,4,539,80850,81150,81000.0,20,1.0,1,20,1
HydraulicSystems,4,540,81000,81300,81150.0,20,1.0,1,20,1
HydraulicSystems,4,541,81150,81450,81300.0,20,1.0,1,20,1
HydraulicSystems,4,542,81300,81600,81450.0,20,1.0,1,20,1
HydraulicSystems,4,543,81450,81750,81600.0,20,1.0,1,20,1
HydraulicSystems,4,544,81600,81900,81750.0,20,1.0,1,20,1
HydraulicSystems,4,545,81750,82050,81900.0,20,1.0,1,20,1
HydraulicSystems,4,546,81900,82200,82050.0,20,1.0,1,20,1
HydraulicSystems,4,547,82050,82350,82200.0,20,1.0,1,20,1
HydraulicSystems,4,548,82200,82500,82350.0,20,1.0,1,20,1
HydraulicSystems,4,549,82350,82650,82500.0,20,1.0,1,20,1
HydraulicSystems,4,550,82500,82800,82650.0,20,1.0,1,20,1
HydraulicSystems,4,551,82650,82950,82800.0,20,1.0,1,20,1
HydraulicSystems,4,552,82800,83100,82950.0,20,1.0,1,20,1
HydraulicSystems,4,553,82950,83250,83100.0,20,1.0,1,20,1
HydraulicSystems,4,554,83100,83400,83250.0,20,1.0,1,20,1
HydraulicSystems,4,555,83250,83550,83400.0,20,1.0,1,20,1
HydraulicSystems,4,556,83400,83700,83550.0,20,1.0,1,20,1
HydraulicSystems,4,557,83550,83850,83700.0,20,1.0,1,20,1
HydraulicSystems,4,558,83700,84000,83850.0,20,1.0,1,20,1
HydraulicSystems,4,559,83850,84150,84000.0,20,1.0,1,20,1
HydraulicSystems,4,560,84000,84300,84150.0,20,1.0,1,20,1
HydraulicSystems,4,561,84150,84450,84300.0,20,1.0,1,20,1
HydraulicSystems,4,562,84300,84600,84450.0,20,1.0,1,20,1
HydraulicSystems,4,563,84450,84750,84600.0,20,1.0,1,20,1
HydraulicSystems,4,564,84600,84900,84750.0,20,1.0,1,20,1
HydraulicSystems,4,565,84750,85050,84900.0,20,1.0,1,20,1
HydraulicSystems,4,566,84900,85200,85050.0,20,1.0,1,20,1
HydraulicSystems,4,567,85050,85350,85200.0,20,1.0,1,20,1
HydraulicSystems,4,568,85200,85500,85350.0,20,1.0,0,3,0
HydraulicSystems,4,569,85350,85650,85500.0,20,1.0,1,20,1
HydraulicSystems,4,570,85500,85800,85650.0,20,1.0,1,20,1
HydraulicSystems,4,571,85650,85950,85800.0,20,1.0,1,20,1
HydraulicSystems,4,572,85800,86100,85950.0,20,1.0,1,20,1
HydraulicSystems,4,573,85950,86250,86100.0,20,1.0,1,20,1
HydraulicSystems,4,574,86100,86400,86250.0,20,1.0,1,20,1
HydraulicSystems,4,575,86250,86550,86400.0,20,1.0,1,20,1
HydraulicSystems,4,576,86400,86700,86550.0,20,1.0,1,20,1
HydraulicSystems,4,577,86550,86850,86700.0,20,1.0,1,20,1
HydraulicSystems,4,578,86700,87000,86850.0,20,1.0,1,20,1
HydraulicSystems,4,579,86850,87150,87000.0,20,1.0,1,20,1
HydraulicSystems,4,580,87000,87300,87150.0,20,1.0,1,20,1
HydraulicSystems,4,581,87150,87450,87300.0,20,1.0,1,20,1
HydraulicSystems,4,582,87300,87600,87450.0,20,1.0,1,20,1
HydraulicSystems,4,583,87450,87750,87600.0,20,1.0,1,20,1
HydraulicSystems,4,584,87600,87900,87750.0,20,0.8,0,3,0
HydraulicSystems,4,585,87750,88050,87900.0,100,0.7,0,3,0
HydraulicSystems,4,586,87900,88200,88050.0,100,1.0,0,3,0
HydraulicSystems,4,587,88050,88350,88200.0,100,1.0,0,3,0
HydraulicSystems,4,588,88200,88500,88350.0,100,1.0,0,3,0
HydraulicSystems,4,589,88350,88650,88500.0,100,1.0,0,3,0
HydraulicSystems,4,590,88500,88800,88650.0,100,1.0,1,20,0
HydraulicSystems,4,591,88650,88950,88800.0,100,1.0,0,3,0
HydraulicSystems,4,592,88800,89100,88950.0,100,1.0,0,3,0
HydraulicSystems,4,593,88950,89250,89100.0,100,1.0,1,20,0
HydraulicSystems,4,594,89100,89400,89250.0,100,1.0,1,20,0
HydraulicSystems,4,595,89250,89550,89400.0,100,1.0,1,20,0
HydraulicSystems,4,596,89400,89700,89550.0,100,1.0,1,20,0
HydraulicSystems,4,597,89550,89850,89700.0,100,1.0,1,20,0
HydraulicSystems,4,598,89700,90000,89850.0,100,1.0,1,20,0
HydraulicSystems,4,599,89850,90150,90000.0,100,1.0,1,20,0
HydraulicSystems,4,600,90000,90300,90150.0,100,1.0,1,20,0
HydraulicSystems,4,601,90150,90450,90300.0,100,1.0,1,20,0
HydraulicSystems,4,602,90300,90600,90450.0,100,1.0,1,20,0
HydraulicSystems,4,603,90450,90750,90600.0,100,1.0,1,20,0
HydraulicSystems,4,604,90600,90900,90750.0,100,1.0,1,20,0
HydraulicSystems,4,605,90750,91050,90900.0,100,1.0,1,20,0
HydraulicSystems,4,606,90900,91200,91050.0,100,1.0,1,20,0
HydraulicSystems,4,607,91050,91350,91200.0,100,1.0,1,20,0
HydraulicSystems,4,608,91200,91500,91350.0,100,1.0,1,20,0
HydraulicSystems,4,609,91350,91650,91500.0,100,1.0,1,20,0
HydraulicSystems,4,610,91500,91800,91650.0,100,1.0,1,20,0
HydraulicSystems,4,611,91650,91950,91800.0,100,1.0,1,20,0
HydraulicSystems,4,612,91800,92100,91950.0,100,1.0,1,20,0
HydraulicSystems,4,613,91950,92250,92100.0,100,1.0,1,20,0
HydraulicSystems,4,614,92100,92400,92250.0,100,1.0,1,20,0
HydraulicSystems,4,615,92250,92550,92400.0,100,1.0,1,20,0
HydraulicSystems,4,616,92310,92610,92460.0,100,1.0,1,20,0
