dataset,seed,setting,method,ridge_alpha,graph_min_weight,graph_weight_power,graph_self_weight,state_count,auto_states,min_state_improvement,threshold_passed,kmeans_improvement,n_windows,true_state_count,inferred_state_count,adjusted_rand,aligned_accuracy,mean_label_purity,true_label_counts,inferred_state_counts,state_mapping,mae,rmse,node_rmse_mean,node_rmse_max
HydraulicSystems,0,auto_k2_min_0.00,Dense Ridge,1.0,,,,2,True,0.0,True,0.047686281420963726,617,2,2,-0.0014834830800253866,0.5040518638573744,0.9766612641815235,0:392;1:225,0:316;1:301,"{""0"": ""0"", ""1"": ""1""}",0.04644940013362614,0.1554111584263074,0.07982692614779191,0.4172899154690502
HydraulicSystems,0,auto_k2_min_0.00,DynVAR-Lasso Weighted Ridge,1.0,0.01,1.0,1.0,2,True,0.0,True,0.047686281420963726,617,2,2,-0.0014834830800253866,0.5040518638573744,0.9766612641815235,0:392;1:225,0:316;1:301,"{""0"": ""0"", ""1"": ""1""}",0.04638746701867529,0.1555619216154146,0.07988075323901575,0.4178030794883989
HydraulicSystems,0,auto_k2_min_0.00,STCG-v1 Weighted Ridge,1.0,0.01,1.0,1.0,2,True,0.0,True,0.047686281420963726,617,2,2,-0.0014834830800253866,0.5040518638573744,0.9766612641815235,0:392;1:225,0:316;1:301,"{""0"": ""0"", ""1"": ""1""}",0.04626468421336434,0.15574677335945838,0.07989646820482585,0.4185163977438251
HydraulicSystems,0,auto_k2_min_0.00,DynVAR-Lasso Weighted Ridge,1.0,0.01,4.0,1.0,2,True,0.0,True,0.047686281420963726,617,2,2,-0.0014834830800253866,0.5040518638573744,0.9766612641815235,0:392;1:225,0:316;1:301,"{""0"": ""0"", ""1"": ""1""}",0.04626145354482729,0.15626936727999047,0.08017131174708587,0.4200149064170081
HydraulicSystems,0,auto_k2_min_0.00,STCG-v1 Weighted Ridge,1.0,0.01,4.0,1.0,2,True,0.0,True,0.047686281420963726,617,2,2,-0.0014834830800253866,0.5040518638573744,0.9766612641815235,0:392;1:225,0:316;1:301,"{""0"": ""0"", ""1"": ""1""}",0.046132717901061264,0.1568025365237734,0.08035302065370084,0.42159497920955125
HydraulicSystems,0,auto_k2_min_0.00,DynVAR-Lasso Weighted Ridge,1.0,0.1,1.0,1.0,2,True,0.0,True,0.047686281420963726,617,2,2,-0.0014834830800253866,0.5040518638573744,0.9766612641815235,0:392;1:225,0:316;1:301,"{""0"": ""0"", ""1"": ""1""}",0.04639780512558248,0.15553755670423755,0.07987269987609921,0.4177202914303357
HydraulicSystems,0,auto_k2_min_0.00,STCG-v1 Weighted Ridge,1.0,0.1,1.0,1.0,2,True,0.0,True,0.047686281420963726,617,2,2,-0.0014834830800253866,0.5040518638573744,0.9766612641815235,0:392;1:225,0:316;1:301,"{""0"": ""0"", ""1"": ""1""}",0.04630720881324929,0.15565197733729516,0.07987599415503442,0.418178868315424
HydraulicSystems,0,auto_k2_min_0.00,DynVAR-Lasso Weighted Ridge,1.0,0.1,4.0,1.0,2,True,0.0,True,0.047686281420963726,617,2,2,-0.0014834830800253866,0.5040518638573744,0.9766612641815235,0:392;1:225,0:316;1:301,"{""0"": ""0"", ""1"": ""1""}",0.0463483159144035,0.1558904579322603,0.08002259323592992,0.4188418466816771
HydraulicSystems,0,auto_k2_min_0.00,STCG-v1 Weighted Ridge,1.0,0.1,4.0,1.0,2,True,0.0,True,0.047686281420963726,617,2,2,-0.0014834830800253866,0.5040518638573744,0.9766612641815235,0:392;1:225,0:316;1:301,"{""0"": ""0"", ""1"": ""1""}",0.04630973234691338,0.15603596577447346,0.0800418370322213,0.41931463478604886
HydraulicSystems,0,auto_k2_min_0.00,Dense Ridge,10.0,,,,2,True,0.0,True,0.047686281420963726,617,2,2,-0.0014834830800253866,0.5040518638573744,0.9766612641815235,0:392;1:225,0:316;1:301,"{""0"": ""0"", ""1"": ""1""}",0.046670590127118196,0.15612095111965393,0.08037952092401655,0.4194724308833568
HydraulicSystems,0,auto_k2_min_0.00,DynVAR-Lasso Weighted Ridge,10.0,0.01,1.0,1.0,2,True,0.0,True,0.047686281420963726,617,2,2,-0.0014834830800253866,0.5040518638573744,0.9766612641815235,0:392;1:225,0:316;1:301,"{""0"": ""0"", ""1"": ""1""}",0.04658715251629476,0.15639747883165817,0.08045510852876125,0.4203162275977674
HydraulicSystems,0,auto_k2_min_0.00,STCG-v1 Weighted Ridge,10.0,0.01,1.0,1.0,2,True,0.0,True,0.047686281420963726,617,2,2,-0.0014834830800253866,0.5040518638573744,0.9766612641815235,0:392;1:225,0:316;1:301,"{""0"": ""0"", ""1"": ""1""}",0.046409959056142945,0.15668993776612286,0.08050727523700335,0.4211970718395898
HydraulicSystems,0,auto_k2_min_0.00,DynVAR-Lasso Weighted Ridge,10.0,0.01,4.0,1.0,2,True,0.0,True,0.047686281420963726,617,2,2,-0.0014834830800253866,0.5040518638573744,0.9766612641815235,0:392;1:225,0:316;1:301,"{""0"": ""0"", ""1"": ""1""}",0.04620691668590297,0.15727285234930924,0.0808145435651507,0.4228838884219903
HydraulicSystems,0,auto_k2_min_0.00,STCG-v1 Weighted Ridge,10.0,0.01,4.0,1.0,2,True,0.0,True,0.047686281420963726,617,2,2,-0.0014834830800253866,0.5040518638573744,0.9766612641815235,0:392;1:225,0:316;1:301,"{""0"": ""0"", ""1"": ""1""}",0.04605903958301556,0.1577243841715229,0.08100813923315224,0.4239554917582129
HydraulicSystems,0,auto_k2_min_0.00,DynVAR-Lasso Weighted Ridge,10.0,0.1,1.0,1.0,2,True,0.0,True,0.047686281420963726,617,2,2,-0.0014834830800253866,0.5040518638573744,0.9766612641815235,0:392;1:225,0:316;1:301,"{""0"": ""0"", ""1"": ""1""}",0.04660194681566256,0.15636006459643953,0.08044381286297231,0.42020302462776243
HydraulicSystems,0,auto_k2_min_0.00,STCG-v1 Weighted Ridge,10.0,0.1,1.0,1.0,2,True,0.0,True,0.047686281420963726,617,2,2,-0.0014834830800253866,0.5040518638573744,0.9766612641815235,0:392;1:225,0:316;1:301,"{""0"": ""0"", ""1"": ""1""}",0.04647602979901829,0.156566815747912,0.08046719903078069,0.42083985038006916
HydraulicSystems,0,auto_k2_min_0.00,DynVAR-Lasso Weighted Ridge,10.0,0.1,4.0,1.0,2,True,0.0,True,0.047686281420963726,617,2,2,-0.0014834830800253866,0.5040518638573744,0.9766612641815235,0:392;1:225,0:316;1:301,"{""0"": ""0"", ""1"": ""1""}",0.04643463854394903,0.15677109242069784,0.08059412166258888,0.42143100515579135
HydraulicSystems,0,auto_k2_min_0.00,STCG-v1 Weighted Ridge,10.0,0.1,4.0,1.0,2,True,0.0,True,0.047686281420963726,617,2,2,-0.0014834830800253866,0.5040518638573744,0.9766612641815235,0:392;1:225,0:316;1:301,"{""0"": ""0"", ""1"": ""1""}",0.04633375759186494,0.15686100769948338,0.08056813663027287,0.42166547586278946
HydraulicSystems,0,auto_k2_min_0.00,Dense Ridge,100.0,,,,2,True,0.0,True,0.047686281420963726,617,2,2,-0.0014834830800253866,0.5040518638573744,0.9766612641815235,0:392;1:225,0:316;1:301,"{""0"": ""0"", ""1"": ""1""}",0.04726797834190943,0.156980386286702,0.08144405078576797,0.4219199848790695
HydraulicSystems,0,auto_k2_min_0.00,DynVAR-Lasso Weighted Ridge,100.0,0.01,1.0,1.0,2,True,0.0,True,0.047686281420963726,617,2,2,-0.0014834830800253866,0.5040518638573744,0.9766612641815235,0:392;1:225,0:316;1:301,"{""0"": ""0"", ""1"": ""1""}",0.04704721147864152,0.15733125428747502,0.08153015605464198,0.42290278005860427
HydraulicSystems,0,auto_k2_min_0.00,STCG-v1 Weighted Ridge,100.0,0.01,1.0,1.0,2,True,0.0,True,0.047686281420963726,617,2,2,-0.0014834830800253866,0.5040518638573744,0.9766612641815235,0:392;1:225,0:316;1:301,"{""0"": ""0"", ""1"": ""1""}",0.04680696318931748,0.1577203846747267,0.08161922046590711,0.4237954478546335
HydraulicSystems,0,auto_k2_min_0.00,DynVAR-Lasso Weighted Ridge,100.0,0.01,4.0,1.0,2,True,0.0,True,0.047686281420963726,617,2,2,-0.0014834830800253866,0.5040518638573744,0.9766612641815235,0:392;1:225,0:316;1:301,"{""0"": ""0"", ""1"": ""1""}",0.04630606203404213,0.1580699413873624,0.08182273516528321,0.4247732266123706
HydraulicSystems,0,auto_k2_min_0.00,STCG-v1 Weighted Ridge,100.0,0.01,4.0,1.0,2,True,0.0,True,0.047686281420963726,617,2,2,-0.0014834830800253866,0.5040518638573744,0.9766612641815235,0:392;1:225,0:316;1:301,"{""0"": ""0"", ""1"": ""1""}",0.04561518785304227,0.15817345322731477,0.08189993344804182,0.42494803150467136
HydraulicSystems,0,auto_k2_min_0.00,DynVAR-Lasso Weighted Ridge,100.0,0.1,1.0,1.0,2,True,0.0,True,0.047686281420963726,617,2,2,-0.0014834830800253866,0.5040518638573744,0.9766612641815235,0:392;1:225,0:316;1:301,"{""0"": ""0"", ""1"": ""1""}",0.0470759319111906,0.1572743920113568,0.08151401548300558,0.42274593282350403
HydraulicSystems,0,auto_k2_min_0.00,STCG-v1 Weighted Ridge,100.0,0.1,1.0,1.0,2,True,0.0,True,0.047686281420963726,617,2,2,-0.0014834830800253866,0.5040518638573744,0.9766612641815235,0:392;1:225,0:316;1:301,"{""0"": ""0"", ""1"": ""1""}",0.046903554222603346,0.15755119138207896,0.08156672801205939,0.42341578216518305
HydraulicSystems,0,auto_k2_min_0.00,DynVAR-Lasso Weighted Ridge,100.0,0.1,4.0,1.0,2,True,0.0,True,0.047686281420963726,617,2,2,-0.0014834830800253866,0.5040518638573744,0.9766612641815235,0:392;1:225,0:316;1:301,"{""0"": ""0"", ""1"": ""1""}",0.04678289265751311,0.15778273478770255,0.08165677040965295,0.42413500873564997
HydraulicSystems,0,auto_k2_min_0.00,STCG-v1 Weighted Ridge,100.0,0.1,4.0,1.0,2,True,0.0,True,0.047686281420963726,617,2,2,-0.0014834830800253866,0.5040518638573744,0.9766612641815235,0:392;1:225,0:316;1:301,"{""0"": ""0"", ""1"": ""1""}",0.046702013999189815,0.1578861161869697,0.0816475045424102,0.42431353707510516
HydraulicSystems,0,auto_k2_min_0.08,Dense Ridge,1.0,,,,2,True,0.08,False,0.047686281420963726,617,2,1,0.0,0.6353322528363047,0.9766612641815235,0:392;1:225,0:617,"{""0"": ""0""}",0.04644940013362614,0.1554111584263074,0.07982692614779191,0.4172899154690502
HydraulicSystems,0,auto_k2_min_0.08,DynVAR-Lasso Weighted Ridge,1.0,0.01,1.0,1.0,2,True,0.08,False,0.047686281420963726,617,2,1,0.0,0.6353322528363047,0.9766612641815235,0:392;1:225,0:617,"{""0"": ""0""}",0.04638746701867529,0.1555619216154146,0.07988075323901575,0.4178030794883989
HydraulicSystems,0,auto_k2_min_0.08,STCG-v1 Weighted Ridge,1.0,0.01,1.0,1.0,2,True,0.08,False,0.047686281420963726,617,2,1,0.0,0.6353322528363047,0.9766612641815235,0:392;1:225,0:617,"{""0"": ""0""}",0.04638746701867529,0.1555619216154146,0.07988075323901575,0.4178030794883989
HydraulicSystems,0,auto_k2_min_0.08,DynVAR-Lasso Weighted Ridge,1.0,0.01,4.0,1.0,2,True,0.08,False,0.047686281420963726,617,2,1,0.0,0.6353322528363047,0.9766612641815235,0:392;1:225,0:617,"{""0"": ""0""}",0.04626145354482729,0.15626936727999047,0.08017131174708587,0.4200149064170081
HydraulicSystems,0,auto_k2_min_0.08,STCG-v1 Weighted Ridge,1.0,0.01,4.0,1.0,2,True,0.08,False,0.047686281420963726,617,2,1,0.0,0.6353322528363047,0.9766612641815235,0:392;1:225,0:617,"{""0"": ""0""}",0.04626145354482729,0.15626936727999047,0.08017131174708587,0.4200149064170081
HydraulicSystems,0,auto_k2_min_0.08,DynVAR-Lasso Weighted Ridge,1.0,0.1,1.0,1.0,2,True,0.08,False,0.047686281420963726,617,2,1,0.0,0.6353322528363047,0.9766612641815235,0:392;1:225,0:617,"{""0"": ""0""}",0.04639780512558248,0.15553755670423755,0.07987269987609921,0.4177202914303357
HydraulicSystems,0,auto_k2_min_0.08,STCG-v1 Weighted Ridge,1.0,0.1,1.0,1.0,2,True,0.08,False,0.047686281420963726,617,2,1,0.0,0.6353322528363047,0.9766612641815235,0:392;1:225,0:617,"{""0"": ""0""}",0.04639780512558248,0.15553755670423755,0.07987269987609921,0.4177202914303357
HydraulicSystems,0,auto_k2_min_0.08,DynVAR-Lasso Weighted Ridge,1.0,0.1,4.0,1.0,2,True,0.08,False,0.047686281420963726,617,2,1,0.0,0.6353322528363047,0.9766612641815235,0:392;1:225,0:617,"{""0"": ""0""}",0.0463483159144035,0.1558904579322603,0.08002259323592992,0.4188418466816771
HydraulicSystems,0,auto_k2_min_0.08,STCG-v1 Weighted Ridge,1.0,0.1,4.0,1.0,2,True,0.08,False,0.047686281420963726,617,2,1,0.0,0.6353322528363047,0.9766612641815235,0:392;1:225,0:617,"{""0"": ""0""}",0.0463483159144035,0.1558904579322603,0.08002259323592992,0.4188418466816771
HydraulicSystems,0,auto_k2_min_0.08,Dense Ridge,10.0,,,,2,True,0.08,False,0.047686281420963726,617,2,1,0.0,0.6353322528363047,0.9766612641815235,0:392;1:225,0:617,"{""0"": ""0""}",0.046670590127118196,0.15612095111965393,0.08037952092401655,0.4194724308833568
HydraulicSystems,0,auto_k2_min_0.08,DynVAR-Lasso Weighted Ridge,10.0,0.01,1.0,1.0,2,True,0.08,False,0.047686281420963726,617,2,1,0.0,0.6353322528363047,0.9766612641815235,0:392;1:225,0:617,"{""0"": ""0""}",0.04658715251629476,0.15639747883165817,0.08045510852876125,0.4203162275977674
HydraulicSystems,0,auto_k2_min_0.08,STCG-v1 Weighted Ridge,10.0,0.01,1.0,1.0,2,True,0.08,False,0.047686281420963726,617,2,1,0.0,0.6353322528363047,0.9766612641815235,0:392;1:225,0:617,"{""0"": ""0""}",0.04658715251629476,0.15639747883165817,0.08045510852876125,0.4203162275977674
HydraulicSystems,0,auto_k2_min_0.08,DynVAR-Lasso Weighted Ridge,10.0,0.01,4.0,1.0,2,True,0.08,False,0.047686281420963726,617,2,1,0.0,0.6353322528363047,0.9766612641815235,0:392;1:225,0:617,"{""0"": ""0""}",0.04620691668590297,0.15727285234930924,0.0808145435651507,0.4228838884219903
HydraulicSystems,0,auto_k2_min_0.08,STCG-v1 Weighted Ridge,10.0,0.01,4.0,1.0,2,True,0.08,False,0.047686281420963726,617,2,1,0.0,0.6353322528363047,0.9766612641815235,0:392;1:225,0:617,"{""0"": ""0""}",0.04620691668590297,0.15727285234930924,0.0808145435651507,0.4228838884219903
HydraulicSystems,0,auto_k2_min_0.08,DynVAR-Lasso Weighted Ridge,10.0,0.1,1.0,1.0,2,True,0.08,False,0.047686281420963726,617,2,1,0.0,0.6353322528363047,0.9766612641815235,0:392;1:225,0:617,"{""0"": ""0""}",0.04660194681566256,0.15636006459643953,0.08044381286297231,0.42020302462776243
HydraulicSystems,0,auto_k2_min_0.08,STCG-v1 Weighted Ridge,10.0,0.1,1.0,1.0,2,True,0.08,False,0.047686281420963726,617,2,1,0.0,0.6353322528363047,0.9766612641815235,0:392;1:225,0:617,"{""0"": ""0""}",0.04660194681566256,0.15636006459643953,0.08044381286297231,0.42020302462776243
HydraulicSystems,0,auto_k2_min_0.08,DynVAR-Lasso Weighted Ridge,10.0,0.1,4.0,1.0,2,True,0.08,False,0.047686281420963726,617,2,1,0.0,0.6353322528363047,0.9766612641815235,0:392;1:225,0:617,"{""0"": ""0""}",0.04643463854394903,0.15677109242069784,0.08059412166258888,0.42143100515579135
HydraulicSystems,0,auto_k2_min_0.08,STCG-v1 Weighted Ridge,10.0,0.1,4.0,1.0,2,True,0.08,False,0.047686281420963726,617,2,1,0.0,0.6353322528363047,0.9766612641815235,0:392;1:225,0:617,"{""0"": ""0""}",0.04643463854394903,0.15677109242069784,0.08059412166258888,0.42143100515579135
HydraulicSystems,0,auto_k2_min_0.08,Dense Ridge,100.0,,,,2,True,0.08,False,0.047686281420963726,617,2,1,0.0,0.6353322528363047,0.9766612641815235,0:392;1:225,0:617,"{""0"": ""0""}",0.04726797834190943,0.156980386286702,0.08144405078576797,0.4219199848790695
HydraulicSystems,0,auto_k2_min_0.08,DynVAR-Lasso Weighted Ridge,100.0,0.01,1.0,1.0,2,True,0.08,False,0.047686281420963726,617,2,1,0.0,0.6353322528363047,0.9766612641815235,0:392;1:225,0:617,"{""0"": ""0""}",0.04704721147864152,0.15733125428747502,0.08153015605464198,0.42290278005860427
HydraulicSystems,0,auto_k2_min_0.08,STCG-v1 Weighted Ridge,100.0,0.01,1.0,1.0,2,True,0.08,False,0.047686281420963726,617,2,1,0.0,0.6353322528363047,0.9766612641815235,0:392;1:225,0:617,"{""0"": ""0""}",0.04704721147864152,0.15733125428747502,0.08153015605464198,0.42290278005860427
HydraulicSystems,0,auto_k2_min_0.08,DynVAR-Lasso Weighted Ridge,100.0,0.01,4.0,1.0,2,True,0.08,False,0.047686281420963726,617,2,1,0.0,0.6353322528363047,0.9766612641815235,0:392;1:225,0:617,"{""0"": ""0""}",0.04630606203404213,0.1580699413873624,0.08182273516528321,0.4247732266123706
HydraulicSystems,0,auto_k2_min_0.08,STCG-v1 Weighted Ridge,100.0,0.01,4.0,1.0,2,True,0.08,False,0.047686281420963726,617,2,1,0.0,0.6353322528363047,0.9766612641815235,0:392;1:225,0:617,"{""0"": ""0""}",0.04630606203404213,0.1580699413873624,0.08182273516528321,0.4247732266123706
HydraulicSystems,0,auto_k2_min_0.08,DynVAR-Lasso Weighted Ridge,100.0,0.1,1.0,1.0,2,True,0.08,False,0.047686281420963726,617,2,1,0.0,0.6353322528363047,0.9766612641815235,0:392;1:225,0:617,"{""0"": ""0""}",0.0470759319111906,0.1572743920113568,0.08151401548300558,0.42274593282350403
HydraulicSystems,0,auto_k2_min_0.08,STCG-v1 Weighted Ridge,100.0,0.1,1.0,1.0,2,True,0.08,False,0.047686281420963726,617,2,1,0.0,0.6353322528363047,0.9766612641815235,0:392;1:225,0:617,"{""0"": ""0""}",0.0470759319111906,0.1572743920113568,0.08151401548300558,0.42274593282350403
HydraulicSystems,0,auto_k2_min_0.08,DynVAR-Lasso Weighted Ridge,100.0,0.1,4.0,1.0,2,True,0.08,False,0.047686281420963726,617,2,1,0.0,0.6353322528363047,0.9766612641815235,0:392;1:225,0:617,"{""0"": ""0""}",0.04678289265751311,0.15778273478770255,0.08165677040965295,0.42413500873564997
HydraulicSystems,0,auto_k2_min_0.08,STCG-v1 Weighted Ridge,100.0,0.1,4.0,1.0,2,True,0.08,False,0.047686281420963726,617,2,1,0.0,0.6353322528363047,0.9766612641815235,0:392;1:225,0:617,"{""0"": ""0""}",0.04678289265751311,0.15778273478770255,0.08165677040965295,0.42413500873564997
HydraulicSystems,0,auto_k2_min_0.12,Dense Ridge,1.0,,,,2,True,0.12,False,0.047686281420963726,617,2,1,0.0,0.6353322528363047,0.9766612641815235,0:392;1:225,0:617,"{""0"": ""0""}",0.04644940013362614,0.1554111584263074,0.07982692614779191,0.4172899154690502
HydraulicSystems,0,auto_k2_min_0.12,DynVAR-Lasso Weighted Ridge,1.0,0.01,1.0,1.0,2,True,0.12,False,0.047686281420963726,617,2,1,0.0,0.6353322528363047,0.9766612641815235,0:392;1:225,0:617,"{""0"": ""0""}",0.04638746701867529,0.1555619216154146,0.07988075323901575,0.4178030794883989
HydraulicSystems,0,auto_k2_min_0.12,STCG-v1 Weighted Ridge,1.0,0.01,1.0,1.0,2,True,0.12,False,0.047686281420963726,617,2,1,0.0,0.6353322528363047,0.9766612641815235,0:392;1:225,0:617,"{""0"": ""0""}",0.04638746701867529,0.1555619216154146,0.07988075323901575,0.4178030794883989
HydraulicSystems,0,auto_k2_min_0.12,DynVAR-Lasso Weighted Ridge,1.0,0.01,4.0,1.0,2,True,0.12,False,0.047686281420963726,617,2,1,0.0,0.6353322528363047,0.9766612641815235,0:392;1:225,0:617,"{""0"": ""0""}",0.04626145354482729,0.15626936727999047,0.08017131174708587,0.4200149064170081
HydraulicSystems,0,auto_k2_min_0.12,STCG-v1 Weighted Ridge,1.0,0.01,4.0,1.0,2,True,0.12,False,0.047686281420963726,617,2,1,0.0,0.6353322528363047,0.9766612641815235,0:392;1:225,0:617,"{""0"": ""0""}",0.04626145354482729,0.15626936727999047,0.08017131174708587,0.4200149064170081
HydraulicSystems,0,auto_k2_min_0.12,DynVAR-Lasso Weighted Ridge,1.0,0.1,1.0,1.0,2,True,0.12,False,0.047686281420963726,617,2,1,0.0,0.6353322528363047,0.9766612641815235,0:392;1:225,0:617,"{""0"": ""0""}",0.04639780512558248,0.15553755670423755,0.07987269987609921,0.4177202914303357
HydraulicSystems,0,auto_k2_min_0.12,STCG-v1 Weighted Ridge,1.0,0.1,1.0,1.0,2,True,0.12,False,0.047686281420963726,617,2,1,0.0,0.6353322528363047,0.9766612641815235,0:392;1:225,0:617,"{""0"": ""0""}",0.04639780512558248,0.15553755670423755,0.07987269987609921,0.4177202914303357
HydraulicSystems,0,auto_k2_min_0.12,DynVAR-Lasso Weighted Ridge,1.0,0.1,4.0,1.0,2,True,0.12,False,0.047686281420963726,617,2,1,0.0,0.6353322528363047,0.9766612641815235,0:392;1:225,0:617,"{""0"": ""0""}",0.0463483159144035,0.1558904579322603,0.08002259323592992,0.4188418466816771
HydraulicSystems,0,auto_k2_min_0.12,STCG-v1 Weighted Ridge,1.0,0.1,4.0,1.0,2,True,0.12,False,0.047686281420963726,617,2,1,0.0,0.6353322528363047,0.9766612641815235,0:392;1:225,0:617,"{""0"": ""0""}",0.0463483159144035,0.1558904579322603,0.08002259323592992,0.4188418466816771
HydraulicSystems,0,auto_k2_min_0.12,Dense Ridge,10.0,,,,2,True,0.12,False,0.047686281420963726,617,2,1,0.0,0.6353322528363047,0.9766612641815235,0:392;1:225,0:617,"{""0"": ""0""}",0.046670590127118196,0.15612095111965393,0.08037952092401655,0.4194724308833568
HydraulicSystems,0,auto_k2_min_0.12,DynVAR-Lasso Weighted Ridge,10.0,0.01,1.0,1.0,2,True,0.12,False,0.047686281420963726,617,2,1,0.0,0.6353322528363047,0.9766612641815235,0:392;1:225,0:617,"{""0"": ""0""}",0.04658715251629476,0.15639747883165817,0.08045510852876125,0.4203162275977674
HydraulicSystems,0,auto_k2_min_0.12,STCG-v1 Weighted Ridge,10.0,0.01,1.0,1.0,2,True,0.12,False,0.047686281420963726,617,2,1,0.0,0.6353322528363047,0.9766612641815235,0:392;1:225,0:617,"{""0"": ""0""}",0.04658715251629476,0.15639747883165817,0.08045510852876125,0.4203162275977674
HydraulicSystems,0,auto_k2_min_0.12,DynVAR-Lasso Weighted Ridge,10.0,0.01,4.0,1.0,2,True,0.12,False,0.047686281420963726,617,2,1,0.0,0.6353322528363047,0.9766612641815235,0:392;1:225,0:617,"{""0"": ""0""}",0.04620691668590297,0.15727285234930924,0.0808145435651507,0.4228838884219903
HydraulicSystems,0,auto_k2_min_0.12,STCG-v1 Weighted Ridge,10.0,0.01,4.0,1.0,2,True,0.12,False,0.047686281420963726,617,2,1,0.0,0.6353322528363047,0.9766612641815235,0:392;1:225,0:617,"{""0"": ""0""}",0.04620691668590297,0.15727285234930924,0.0808145435651507,0.4228838884219903
HydraulicSystems,0,auto_k2_min_0.12,DynVAR-Lasso Weighted Ridge,10.0,0.1,1.0,1.0,2,True,0.12,False,0.047686281420963726,617,2,1,0.0,0.6353322528363047,0.9766612641815235,0:392;1:225,0:617,"{""0"": ""0""}",0.04660194681566256,0.15636006459643953,0.08044381286297231,0.42020302462776243
HydraulicSystems,0,auto_k2_min_0.12,STCG-v1 Weighted Ridge,10.0,0.1,1.0,1.0,2,True,0.12,False,0.047686281420963726,617,2,1,0.0,0.6353322528363047,0.9766612641815235,0:392;1:225,0:617,"{""0"": ""0""}",0.04660194681566256,0.15636006459643953,0.08044381286297231,0.42020302462776243
HydraulicSystems,0,auto_k2_min_0.12,DynVAR-Lasso Weighted Ridge,10.0,0.1,4.0,1.0,2,True,0.12,False,0.047686281420963726,617,2,1,0.0,0.6353322528363047,0.9766612641815235,0:392;1:225,0:617,"{""0"": ""0""}",0.04643463854394903,0.15677109242069784,0.08059412166258888,0.42143100515579135
HydraulicSystems,0,auto_k2_min_0.12,STCG-v1 Weighted Ridge,10.0,0.1,4.0,1.0,2,True,0.12,False,0.047686281420963726,617,2,1,0.0,0.6353322528363047,0.9766612641815235,0:392;1:225,0:617,"{""0"": ""0""}",0.04643463854394903,0.15677109242069784,0.08059412166258888,0.42143100515579135
HydraulicSystems,0,auto_k2_min_0.12,Dense Ridge,100.0,,,,2,True,0.12,False,0.047686281420963726,617,2,1,0.0,0.6353322528363047,0.9766612641815235,0:392;1:225,0:617,"{""0"": ""0""}",0.04726797834190943,0.156980386286702,0.08144405078576797,0.4219199848790695
HydraulicSystems,0,auto_k2_min_0.12,DynVAR-Lasso Weighted Ridge,100.0,0.01,1.0,1.0,2,True,0.12,False,0.047686281420963726,617,2,1,0.0,0.6353322528363047,0.9766612641815235,0:392;1:225,0:617,"{""0"": ""0""}",0.04704721147864152,0.15733125428747502,0.08153015605464198,0.42290278005860427
HydraulicSystems,0,auto_k2_min_0.12,STCG-v1 Weighted Ridge,100.0,0.01,1.0,1.0,2,True,0.12,False,0.047686281420963726,617,2,1,0.0,0.6353322528363047,0.9766612641815235,0:392;1:225,0:617,"{""0"": ""0""}",0.04704721147864152,0.15733125428747502,0.08153015605464198,0.42290278005860427
HydraulicSystems,0,auto_k2_min_0.12,DynVAR-Lasso Weighted Ridge,100.0,0.01,4.0,1.0,2,True,0.12,False,0.047686281420963726,617,2,1,0.0,0.6353322528363047,0.9766612641815235,0:392;1:225,0:617,"{""0"": ""0""}",0.04630606203404213,0.1580699413873624,0.08182273516528321,0.4247732266123706
HydraulicSystems,0,auto_k2_min_0.12,STCG-v1 Weighted Ridge,100.0,0.01,4.0,1.0,2,True,0.12,False,0.047686281420963726,617,2,1,0.0,0.6353322528363047,0.9766612641815235,0:392;1:225,0:617,"{""0"": ""0""}",0.04630606203404213,0.1580699413873624,0.08182273516528321,0.4247732266123706
HydraulicSystems,0,auto_k2_min_0.12,DynVAR-Lasso Weighted Ridge,100.0,0.1,1.0,1.0,2,True,0.12,False,0.047686281420963726,617,2,1,0.0,0.6353322528363047,0.9766612641815235,0:392;1:225,0:617,"{""0"": ""0""}",0.0470759319111906,0.1572743920113568,0.08151401548300558,0.42274593282350403
HydraulicSystems,0,auto_k2_min_0.12,STCG-v1 Weighted Ridge,100.0,0.1,1.0,1.0,2,True,0.12,False,0.047686281420963726,617,2,1,0.0,0.6353322528363047,0.9766612641815235,0:392;1:225,0:617,"{""0"": ""0""}",0.0470759319111906,0.1572743920113568,0.08151401548300558,0.42274593282350403
HydraulicSystems,0,auto_k2_min_0.12,DynVAR-Lasso Weighted Ridge,100.0,0.1,4.0,1.0,2,True,0.12,False,0.047686281420963726,617,2,1,0.0,0.6353322528363047,0.9766612641815235,0:392;1:225,0:617,"{""0"": ""0""}",0.04678289265751311,0.15778273478770255,0.08165677040965295,0.42413500873564997
HydraulicSystems,0,auto_k2_min_0.12,STCG-v1 Weighted Ridge,100.0,0.1,4.0,1.0,2,True,0.12,False,0.047686281420963726,617,2,1,0.0,0.6353322528363047,0.9766612641815235,0:392;1:225,0:617,"{""0"": ""0""}",0.04678289265751311,0.15778273478770255,0.08165677040965295,0.42413500873564997
HydraulicSystems,0,auto_k2_min_0.16,Dense Ridge,1.0,,,,2,True,0.16,False,0.047686281420963726,617,2,1,0.0,0.6353322528363047,0.9766612641815235,0:392;1:225,0:617,"{""0"": ""0""}",0.04644940013362614,0.1554111584263074,0.07982692614779191,0.4172899154690502
HydraulicSystems,0,auto_k2_min_0.16,DynVAR-Lasso Weighted Ridge,1.0,0.01,1.0,1.0,2,True,0.16,False,0.047686281420963726,617,2,1,0.0,0.6353322528363047,0.9766612641815235,0:392;1:225,0:617,"{""0"": ""0""}",0.04638746701867529,0.1555619216154146,0.07988075323901575,0.4178030794883989
HydraulicSystems,0,auto_k2_min_0.16,STCG-v1 Weighted Ridge,1.0,0.01,1.0,1.0,2,True,0.16,False,0.047686281420963726,617,2,1,0.0,0.6353322528363047,0.9766612641815235,0:392;1:225,0:617,"{""0"": ""0""}",0.04638746701867529,0.1555619216154146,0.07988075323901575,0.4178030794883989
HydraulicSystems,0,auto_k2_min_0.16,DynVAR-Lasso Weighted Ridge,1.0,0.01,4.0,1.0,2,True,0.16,False,0.047686281420963726,617,2,1,0.0,0.6353322528363047,0.9766612641815235,0:392;1:225,0:617,"{""0"": ""0""}",0.04626145354482729,0.15626936727999047,0.08017131174708587,0.4200149064170081
HydraulicSystems,0,auto_k2_min_0.16,STCG-v1 Weighted Ridge,1.0,0.01,4.0,1.0,2,True,0.16,False,0.047686281420963726,617,2,1,0.0,0.6353322528363047,0.9766612641815235,0:392;1:225,0:617,"{""0"": ""0""}",0.04626145354482729,0.15626936727999047,0.08017131174708587,0.4200149064170081
HydraulicSystems,0,auto_k2_min_0.16,DynVAR-Lasso Weighted Ridge,1.0,0.1,1.0,1.0,2,True,0.16,False,0.047686281420963726,617,2,1,0.0,0.6353322528363047,0.9766612641815235,0:392;1:225,0:617,"{""0"": ""0""}",0.04639780512558248,0.15553755670423755,0.07987269987609921,0.4177202914303357
HydraulicSystems,0,auto_k2_min_0.16,STCG-v1 Weighted Ridge,1.0,0.1,1.0,1.0,2,True,0.16,False,0.047686281420963726,617,2,1,0.0,0.6353322528363047,0.9766612641815235,0:392;1:225,0:617,"{""0"": ""0""}",0.04639780512558248,0.15553755670423755,0.07987269987609921,0.4177202914303357
HydraulicSystems,0,auto_k2_min_0.16,DynVAR-Lasso Weighted Ridge,1.0,0.1,4.0,1.0,2,True,0.16,False,0.047686281420963726,617,2,1,0.0,0.6353322528363047,0.9766612641815235,0:392;1:225,0:617,"{""0"": ""0""}",0.0463483159144035,0.1558904579322603,0.08002259323592992,0.4188418466816771
HydraulicSystems,0,auto_k2_min_0.16,STCG-v1 Weighted Ridge,1.0,0.1,4.0,1.0,2,True,0.16,False,0.047686281420963726,617,2,1,0.0,0.6353322528363047,0.9766612641815235,0:392;1:225,0:617,"{""0"": ""0""}",0.0463483159144035,0.1558904579322603,0.08002259323592992,0.4188418466816771
HydraulicSystems,0,auto_k2_min_0.16,Dense Ridge,10.0,,,,2,True,0.16,False,0.047686281420963726,617,2,1,0.0,0.6353322528363047,0.9766612641815235,0:392;1:225,0:617,"{""0"": ""0""}",0.046670590127118196,0.15612095111965393,0.08037952092401655,0.4194724308833568
HydraulicSystems,0,auto_k2_min_0.16,DynVAR-Lasso Weighted Ridge,10.0,0.01,1.0,1.0,2,True,0.16,False,0.047686281420963726,617,2,1,0.0,0.6353322528363047,0.9766612641815235,0:392;1:225,0:617,"{""0"": ""0""}",0.04658715251629476,0.15639747883165817,0.08045510852876125,0.4203162275977674
HydraulicSystems,0,auto_k2_min_0.16,STCG-v1 Weighted Ridge,10.0,0.01,1.0,1.0,2,True,0.16,False,0.047686281420963726,617,2,1,0.0,0.6353322528363047,0.9766612641815235,0:392;1:225,0:617,"{""0"": ""0""}",0.04658715251629476,0.15639747883165817,0.08045510852876125,0.4203162275977674
HydraulicSystems,0,auto_k2_min_0.16,DynVAR-Lasso Weighted Ridge,10.0,0.01,4.0,1.0,2,True,0.16,False,0.047686281420963726,617,2,1,0.0,0.6353322528363047,0.9766612641815235,0:392;1:225,0:617,"{""0"": ""0""}",0.04620691668590297,0.15727285234930924,0.0808145435651507,0.4228838884219903
HydraulicSystems,0,auto_k2_min_0.16,STCG-v1 Weighted Ridge,10.0,0.01,4.0,1.0,2,True,0.16,False,0.047686281420963726,617,2,1,0.0,0.6353322528363047,0.9766612641815235,0:392;1:225,0:617,"{""0"": ""0""}",0.04620691668590297,0.15727285234930924,0.0808145435651507,0.4228838884219903
HydraulicSystems,0,auto_k2_min_0.16,DynVAR-Lasso Weighted Ridge,10.0,0.1,1.0,1.0,2,True,0.16,False,0.047686281420963726,617,2,1,0.0,0.6353322528363047,0.9766612641815235,0:392;1:225,0:617,"{""0"": ""0""}",0.04660194681566256,0.15636006459643953,0.08044381286297231,0.42020302462776243
HydraulicSystems,0,auto_k2_min_0.16,STCG-v1 Weighted Ridge,10.0,0.1,1.0,1.0,2,True,0.16,False,0.047686281420963726,617,2,1,0.0,0.6353322528363047,0.9766612641815235,0:392;1:225,0:617,"{""0"": ""0""}",0.04660194681566256,0.15636006459643953,0.08044381286297231,0.42020302462776243
HydraulicSystems,0,auto_k2_min_0.16,DynVAR-Lasso Weighted Ridge,10.0,0.1,4.0,1.0,2,True,0.16,False,0.047686281420963726,617,2,1,0.0,0.6353322528363047,0.9766612641815235,0:392;1:225,0:617,"{""0"": ""0""}",0.04643463854394903,0.15677109242069784,0.08059412166258888,0.42143100515579135
HydraulicSystems,0,auto_k2_min_0.16,STCG-v1 Weighted Ridge,10.0,0.1,4.0,1.0,2,True,0.16,False,0.047686281420963726,617,2,1,0.0,0.6353322528363047,0.9766612641815235,0:392;1:225,0:617,"{""0"": ""0""}",0.04643463854394903,0.15677109242069784,0.08059412166258888,0.42143100515579135
HydraulicSystems,0,auto_k2_min_0.16,Dense Ridge,100.0,,,,2,True,0.16,False,0.047686281420963726,617,2,1,0.0,0.6353322528363047,0.9766612641815235,0:392;1:225,0:617,"{""0"": ""0""}",0.04726797834190943,0.156980386286702,0.08144405078576797,0.4219199848790695
HydraulicSystems,0,auto_k2_min_0.16,DynVAR-Lasso Weighted Ridge,100.0,0.01,1.0,1.0,2,True,0.16,False,0.047686281420963726,617,2,1,0.0,0.6353322528363047,0.9766612641815235,0:392;1:225,0:617,"{""0"": ""0""}",0.04704721147864152,0.15733125428747502,0.08153015605464198,0.42290278005860427
HydraulicSystems,0,auto_k2_min_0.16,STCG-v1 Weighted Ridge,100.0,0.01,1.0,1.0,2,True,0.16,False,0.047686281420963726,617,2,1,0.0,0.6353322528363047,0.9766612641815235,0:392;1:225,0:617,"{""0"": ""0""}",0.04704721147864152,0.15733125428747502,0.08153015605464198,0.42290278005860427
HydraulicSystems,0,auto_k2_min_0.16,DynVAR-Lasso Weighted Ridge,100.0,0.01,4.0,1.0,2,True,0.16,False,0.047686281420963726,617,2,1,0.0,0.6353322528363047,0.9766612641815235,0:392;1:225,0:617,"{""0"": ""0""}",0.04630606203404213,0.1580699413873624,0.08182273516528321,0.4247732266123706
HydraulicSystems,0,auto_k2_min_0.16,STCG-v1 Weighted Ridge,100.0,0.01,4.0,1.0,2,True,0.16,False,0.047686281420963726,617,2,1,0.0,0.6353322528363047,0.9766612641815235,0:392;1:225,0:617,"{""0"": ""0""}",0.04630606203404213,0.1580699413873624,0.08182273516528321,0.4247732266123706
HydraulicSystems,0,auto_k2_min_0.16,DynVAR-Lasso Weighted Ridge,100.0,0.1,1.0,1.0,2,True,0.16,False,0.047686281420963726,617,2,1,0.0,0.6353322528363047,0.9766612641815235,0:392;1:225,0:617,"{""0"": ""0""}",0.0470759319111906,0.1572743920113568,0.08151401548300558,0.42274593282350403
HydraulicSystems,0,auto_k2_min_0.16,STCG-v1 Weighted Ridge,100.0,0.1,1.0,1.0,2,True,0.16,False,0.047686281420963726,617,2,1,0.0,0.6353322528363047,0.9766612641815235,0:392;1:225,0:617,"{""0"": ""0""}",0.0470759319111906,0.1572743920113568,0.08151401548300558,0.42274593282350403
HydraulicSystems,0,auto_k2_min_0.16,DynVAR-Lasso Weighted Ridge,100.0,0.1,4.0,1.0,2,True,0.16,False,0.047686281420963726,617,2,1,0.0,0.6353322528363047,0.9766612641815235,0:392;1:225,0:617,"{""0"": ""0""}",0.04678289265751311,0.15778273478770255,0.08165677040965295,0.42413500873564997
HydraulicSystems,0,auto_k2_min_0.16,STCG-v1 Weighted Ridge,100.0,0.1,4.0,1.0,2,True,0.16,False,0.047686281420963726,617,2,1,0.0,0.6353322528363047,0.9766612641815235,0:392;1:225,0:617,"{""0"": ""0""}",0.04678289265751311,0.15778273478770255,0.08165677040965295,0.42413500873564997
HydraulicSystems,0,forced_k2,Dense Ridge,1.0,,,,2,False,0.0,True,0.047686281420963726,617,2,2,-0.0014834830800253866,0.5040518638573744,0.9766612641815235,0:392;1:225,0:316;1:301,"{""0"": ""0"", ""1"": ""1""}",0.04644940013362614,0.1554111584263074,0.07982692614779191,0.4172899154690502
HydraulicSystems,0,forced_k2,DynVAR-Lasso Weighted Ridge,1.0,0.01,1.0,1.0,2,False,0.0,True,0.047686281420963726,617,2,2,-0.0014834830800253866,0.5040518638573744,0.9766612641815235,0:392;1:225,0:316;1:301,"{""0"": ""0"", ""1"": ""1""}",0.04638746701867529,0.1555619216154146,0.07988075323901575,0.4178030794883989
HydraulicSystems,0,forced_k2,STCG-v1 Weighted Ridge,1.0,0.01,1.0,1.0,2,False,0.0,True,0.047686281420963726,617,2,2,-0.0014834830800253866,0.5040518638573744,0.9766612641815235,0:392;1:225,0:316;1:301,"{""0"": ""0"", ""1"": ""1""}",0.04626468421336434,0.15574677335945838,0.07989646820482585,0.4185163977438251
HydraulicSystems,0,forced_k2,DynVAR-Lasso Weighted Ridge,1.0,0.01,4.0,1.0,2,False,0.0,True,0.047686281420963726,617,2,2,-0.0014834830800253866,0.5040518638573744,0.9766612641815235,0:392;1:225,0:316;1:301,"{""0"": ""0"", ""1"": ""1""}",0.04626145354482729,0.15626936727999047,0.08017131174708587,0.4200149064170081
HydraulicSystems,0,forced_k2,STCG-v1 Weighted Ridge,1.0,0.01,4.0,1.0,2,False,0.0,True,0.047686281420963726,617,2,2,-0.0014834830800253866,0.5040518638573744,0.9766612641815235,0:392;1:225,0:316;1:301,"{""0"": ""0"", ""1"": ""1""}",0.046132717901061264,0.1568025365237734,0.08035302065370084,0.42159497920955125
HydraulicSystems,0,forced_k2,DynVAR-Lasso Weighted Ridge,1.0,0.1,1.0,1.0,2,False,0.0,True,0.047686281420963726,617,2,2,-0.0014834830800253866,0.5040518638573744,0.9766612641815235,0:392;1:225,0:316;1:301,"{""0"": ""0"", ""1"": ""1""}",0.04639780512558248,0.15553755670423755,0.07987269987609921,0.4177202914303357
HydraulicSystems,0,forced_k2,STCG-v1 Weighted Ridge,1.0,0.1,1.0,1.0,2,False,0.0,True,0.047686281420963726,617,2,2,-0.0014834830800253866,0.5040518638573744,0.9766612641815235,0:392;1:225,0:316;1:301,"{""0"": ""0"", ""1"": ""1""}",0.04630720881324929,0.15565197733729516,0.07987599415503442,0.418178868315424
HydraulicSystems,0,forced_k2,DynVAR-Lasso Weighted Ridge,1.0,0.1,4.0,1.0,2,False,0.0,True,0.047686281420963726,617,2,2,-0.0014834830800253866,0.5040518638573744,0.9766612641815235,0:392;1:225,0:316;1:301,"{""0"": ""0"", ""1"": ""1""}",0.0463483159144035,0.1558904579322603,0.08002259323592992,0.4188418466816771
HydraulicSystems,0,forced_k2,STCG-v1 Weighted Ridge,1.0,0.1,4.0,1.0,2,False,0.0,True,0.047686281420963726,617,2,2,-0.0014834830800253866,0.5040518638573744,0.9766612641815235,0:392;1:225,0:316;1:301,"{""0"": ""0"", ""1"": ""1""}",0.04630973234691338,0.15603596577447346,0.0800418370322213,0.41931463478604886
HydraulicSystems,0,forced_k2,Dense Ridge,10.0,,,,2,False,0.0,True,0.047686281420963726,617,2,2,-0.0014834830800253866,0.5040518638573744,0.9766612641815235,0:392;1:225,0:316;1:301,"{""0"": ""0"", ""1"": ""1""}",0.046670590127118196,0.15612095111965393,0.08037952092401655,0.4194724308833568
HydraulicSystems,0,forced_k2,DynVAR-Lasso Weighted Ridge,10.0,0.01,1.0,1.0,2,False,0.0,True,0.047686281420963726,617,2,2,-0.0014834830800253866,0.5040518638573744,0.9766612641815235,0:392;1:225,0:316;1:301,"{""0"": ""0"", ""1"": ""1""}",0.04658715251629476,0.15639747883165817,0.08045510852876125,0.4203162275977674
HydraulicSystems,0,forced_k2,STCG-v1 Weighted Ridge,10.0,0.01,1.0,1.0,2,False,0.0,True,0.047686281420963726,617,2,2,-0.0014834830800253866,0.5040518638573744,0.9766612641815235,0:392;1:225,0:316;1:301,"{""0"": ""0"", ""1"": ""1""}",0.046409959056142945,0.15668993776612286,0.08050727523700335,0.4211970718395898
HydraulicSystems,0,forced_k2,DynVAR-Lasso Weighted Ridge,10.0,0.01,4.0,1.0,2,False,0.0,True,0.047686281420963726,617,2,2,-0.0014834830800253866,0.5040518638573744,0.9766612641815235,0:392;1:225,0:316;1:301,"{""0"": ""0"", ""1"": ""1""}",0.04620691668590297,0.15727285234930924,0.0808145435651507,0.4228838884219903
HydraulicSystems,0,forced_k2,STCG-v1 Weighted Ridge,10.0,0.01,4.0,1.0,2,False,0.0,True,0.047686281420963726,617,2,2,-0.0014834830800253866,0.5040518638573744,0.9766612641815235,0:392;1:225,0:316;1:301,"{""0"": ""0"", ""1"": ""1""}",0.04605903958301556,0.1577243841715229,0.08100813923315224,0.4239554917582129
HydraulicSystems,0,forced_k2,DynVAR-Lasso Weighted Ridge,10.0,0.1,1.0,1.0,2,False,0.0,True,0.047686281420963726,617,2,2,-0.0014834830800253866,0.5040518638573744,0.9766612641815235,0:392;1:225,0:316;1:301,"{""0"": ""0"", ""1"": ""1""}",0.04660194681566256,0.15636006459643953,0.08044381286297231,0.42020302462776243
HydraulicSystems,0,forced_k2,STCG-v1 Weighted Ridge,10.0,0.1,1.0,1.0,2,False,0.0,True,0.047686281420963726,617,2,2,-0.0014834830800253866,0.5040518638573744,0.9766612641815235,0:392;1:225,0:316;1:301,"{""0"": ""0"", ""1"": ""1""}",0.04647602979901829,0.156566815747912,0.08046719903078069,0.42083985038006916
HydraulicSystems,0,forced_k2,DynVAR-Lasso Weighted Ridge,10.0,0.1,4.0,1.0,2,False,0.0,True,0.047686281420963726,617,2,2,-0.0014834830800253866,0.5040518638573744,0.9766612641815235,0:392;1:225,0:316;1:301,"{""0"": ""0"", ""1"": ""1""}",0.04643463854394903,0.15677109242069784,0.08059412166258888,0.42143100515579135
HydraulicSystems,0,forced_k2,STCG-v1 Weighted Ridge,10.0,0.1,4.0,1.0,2,False,0.0,True,0.047686281420963726,617,2,2,-0.0014834830800253866,0.5040518638573744,0.9766612641815235,0:392;1:225,0:316;1:301,"{""0"": ""0"", ""1"": ""1""}",0.04633375759186494,0.15686100769948338,0.08056813663027287,0.42166547586278946
HydraulicSystems,0,forced_k2,Dense Ridge,100.0,,,,2,False,0.0,True,0.047686281420963726,617,2,2,-0.0014834830800253866,0.5040518638573744,0.9766612641815235,0:392;1:225,0:316;1:301,"{""0"": ""0"", ""1"": ""1""}",0.04726797834190943,0.156980386286702,0.08144405078576797,0.4219199848790695
HydraulicSystems,0,forced_k2,DynVAR-Lasso Weighted Ridge,100.0,0.01,1.0,1.0,2,False,0.0,True,0.047686281420963726,617,2,2,-0.0014834830800253866,0.5040518638573744,0.9766612641815235,0:392;1:225,0:316;1:301,"{""0"": ""0"", ""1"": ""1""}",0.04704721147864152,0.15733125428747502,0.08153015605464198,0.42290278005860427
HydraulicSystems,0,forced_k2,STCG-v1 Weighted Ridge,100.0,0.01,1.0,1.0,2,False,0.0,True,0.047686281420963726,617,2,2,-0.0014834830800253866,0.5040518638573744,0.9766612641815235,0:392;1:225,0:316;1:301,"{""0"": ""0"", ""1"": ""1""}",0.04680696318931748,0.1577203846747267,0.08161922046590711,0.4237954478546335
HydraulicSystems,0,forced_k2,DynVAR-Lasso Weighted Ridge,100.0,0.01,4.0,1.0,2,False,0.0,True,0.047686281420963726,617,2,2,-0.0014834830800253866,0.5040518638573744,0.9766612641815235,0:392;1:225,0:316;1:301,"{""0"": ""0"", ""1"": ""1""}",0.04630606203404213,0.1580699413873624,0.08182273516528321,0.4247732266123706
HydraulicSystems,0,forced_k2,STCG-v1 Weighted Ridge,100.0,0.01,4.0,1.0,2,False,0.0,True,0.047686281420963726,617,2,2,-0.0014834830800253866,0.5040518638573744,0.9766612641815235,0:392;1:225,0:316;1:301,"{""0"": ""0"", ""1"": ""1""}",0.04561518785304227,0.15817345322731477,0.08189993344804182,0.42494803150467136
HydraulicSystems,0,forced_k2,DynVAR-Lasso Weighted Ridge,100.0,0.1,1.0,1.0,2,False,0.0,True,0.047686281420963726,617,2,2,-0.0014834830800253866,0.5040518638573744,0.9766612641815235,0:392;1:225,0:316;1:301,"{""0"": ""0"", ""1"": ""1""}",0.0470759319111906,0.1572743920113568,0.08151401548300558,0.42274593282350403
HydraulicSystems,0,forced_k2,STCG-v1 Weighted Ridge,100.0,0.1,1.0,1.0,2,False,0.0,True,0.047686281420963726,617,2,2,-0.0014834830800253866,0.5040518638573744,0.9766612641815235,0:392;1:225,0:316;1:301,"{""0"": ""0"", ""1"": ""1""}",0.046903554222603346,0.15755119138207896,0.08156672801205939,0.42341578216518305
HydraulicSystems,0,forced_k2,DynVAR-Lasso Weighted Ridge,100.0,0.1,4.0,1.0,2,False,0.0,True,0.047686281420963726,617,2,2,-0.0014834830800253866,0.5040518638573744,0.9766612641815235,0:392;1:225,0:316;1:301,"{""0"": ""0"", ""1"": ""1""}",0.04678289265751311,0.15778273478770255,0.08165677040965295,0.42413500873564997
HydraulicSystems,0,forced_k2,STCG-v1 Weighted Ridge,100.0,0.1,4.0,1.0,2,False,0.0,True,0.047686281420963726,617,2,2,-0.0014834830800253866,0.5040518638573744,0.9766612641815235,0:392;1:225,0:316;1:301,"{""0"": ""0"", ""1"": ""1""}",0.046702013999189815,0.1578861161869697,0.0816475045424102,0.42431353707510516
HydraulicSystems,0,auto_k3_min_0.00,Dense Ridge,1.0,,,,3,True,0.0,True,0.07052086346303117,617,2,3,0.054122245911990594,0.6871961102106969,0.9766612641815235,0:392;1:225,0:306;1:117;2:194,"{""0"": ""0"", ""2"": ""1""}",0.04644940013362614,0.1554111584263074,0.07982692614779191,0.4172899154690502
HydraulicSystems,0,auto_k3_min_0.00,DynVAR-Lasso Weighted Ridge,1.0,0.01,1.0,1.0,3,True,0.0,True,0.07052086346303117,617,2,3,0.054122245911990594,0.6871961102106969,0.9766612641815235,0:392;1:225,0:306;1:117;2:194,"{""0"": ""0"", ""2"": ""1""}",0.04638746701867529,0.1555619216154146,0.07988075323901575,0.4178030794883989
HydraulicSystems,0,auto_k3_min_0.00,STCG-v1 Weighted Ridge,1.0,0.01,1.0,1.0,3,True,0.0,True,0.07052086346303117,617,2,3,0.054122245911990594,0.6871961102106969,0.9766612641815235,0:392;1:225,0:306;1:117;2:194,"{""0"": ""0"", ""2"": ""1""}",0.04626998073733513,0.15568851003624726,0.07987701212586049,0.4183415032529883
HydraulicSystems,0,auto_k3_min_0.00,DynVAR-Lasso Weighted Ridge,1.0,0.01,4.0,1.0,3,True,0.0,True,0.07052086346303117,617,2,3,0.054122245911990594,0.6871961102106969,0.9766612641815235,0:392;1:225,0:306;1:117;2:194,"{""0"": ""0"", ""2"": ""1""}",0.04626145354482729,0.15626936727999047,0.08017131174708587,0.4200149064170081
HydraulicSystems,0,auto_k3_min_0.00,STCG-v1 Weighted Ridge,1.0,0.01,4.0,1.0,3,True,0.0,True,0.07052086346303117,617,2,3,0.054122245911990594,0.6871961102106969,0.9766612641815235,0:392;1:225,0:306;1:117;2:194,"{""0"": ""0"", ""2"": ""1""}",0.046151538337299215,0.15680450073559055,0.08036272165209844,0.4215924438598855
HydraulicSystems,0,auto_k3_min_0.00,DynVAR-Lasso Weighted Ridge,1.0,0.1,1.0,1.0,3,True,0.0,True,0.07052086346303117,617,2,3,0.054122245911990594,0.6871961102106969,0.9766612641815235,0:392;1:225,0:306;1:117;2:194,"{""0"": ""0"", ""2"": ""1""}",0.04639780512558248,0.15553755670423755,0.07987269987609921,0.4177202914303357
HydraulicSystems,0,auto_k3_min_0.00,STCG-v1 Weighted Ridge,1.0,0.1,1.0,1.0,3,True,0.0,True,0.07052086346303117,617,2,3,0.054122245911990594,0.6871961102106969,0.9766612641815235,0:392;1:225,0:306;1:117;2:194,"{""0"": ""0"", ""2"": ""1""}",0.046313243640269425,0.1556134150943039,0.07986349696375379,0.41806285480629163
HydraulicSystems,0,auto_k3_min_0.00,DynVAR-Lasso Weighted Ridge,1.0,0.1,4.0,1.0,3,True,0.0,True,0.07052086346303117,617,2,3,0.054122245911990594,0.6871961102106969,0.9766612641815235,0:392;1:225,0:306;1:117;2:194,"{""0"": ""0"", ""2"": ""1""}",0.0463483159144035,0.1558904579322603,0.08002259323592992,0.4188418466816771
HydraulicSystems,0,auto_k3_min_0.00,STCG-v1 Weighted Ridge,1.0,0.1,4.0,1.0,3,True,0.0,True,0.07052086346303117,617,2,3,0.054122245911990594,0.6871961102106969,0.9766612641815235,0:392;1:225,0:306;1:117;2:194,"{""0"": ""0"", ""2"": ""1""}",0.04629139482550264,0.15596731939465283,0.08002168559767543,0.4191053598136582
HydraulicSystems,0,auto_k3_min_0.00,Dense Ridge,10.0,,,,3,True,0.0,True,0.07052086346303117,617,2,3,0.054122245911990594,0.6871961102106969,0.9766612641815235,0:392;1:225,0:306;1:117;2:194,"{""0"": ""0"", ""2"": ""1""}",0.046670590127118196,0.15612095111965393,0.08037952092401655,0.4194724308833568
HydraulicSystems,0,auto_k3_min_0.00,DynVAR-Lasso Weighted Ridge,10.0,0.01,1.0,1.0,3,True,0.0,True,0.07052086346303117,617,2,3,0.054122245911990594,0.6871961102106969,0.9766612641815235,0:392;1:225,0:306;1:117;2:194,"{""0"": ""0"", ""2"": ""1""}",0.04658715251629476,0.15639747883165817,0.08045510852876125,0.4203162275977674
HydraulicSystems,0,auto_k3_min_0.00,STCG-v1 Weighted Ridge,10.0,0.01,1.0,1.0,3,True,0.0,True,0.07052086346303117,617,2,3,0.054122245911990594,0.6871961102106969,0.9766612641815235,0:392;1:225,0:306;1:117;2:194,"{""0"": ""0"", ""2"": ""1""}",0.04641545861336178,0.1566506026260695,0.08049954720827773,0.42107660652526924
HydraulicSystems,0,auto_k3_min_0.00,DynVAR-Lasso Weighted Ridge,10.0,0.01,4.0,1.0,3,True,0.0,True,0.07052086346303117,617,2,3,0.054122245911990594,0.6871961102106969,0.9766612641815235,0:392;1:225,0:306;1:117;2:194,"{""0"": ""0"", ""2"": ""1""}",0.04620691668590297,0.15727285234930924,0.0808145435651507,0.4228838884219903
HydraulicSystems,0,auto_k3_min_0.00,STCG-v1 Weighted Ridge,10.0,0.01,4.0,1.0,3,True,0.0,True,0.07052086346303117,617,2,3,0.054122245911990594,0.6871961102106969,0.9766612641815235,0:392;1:225,0:306;1:117;2:194,"{""0"": ""0"", ""2"": ""1""}",0.04618259025498472,0.15772456149344205,0.08101578445984474,0.4239534144185021
HydraulicSystems,0,auto_k3_min_0.00,DynVAR-Lasso Weighted Ridge,10.0,0.1,1.0,1.0,3,True,0.0,True,0.07052086346303117,617,2,3,0.054122245911990594,0.6871961102106969,0.9766612641815235,0:392;1:225,0:306;1:117;2:194,"{""0"": ""0"", ""2"": ""1""}",0.04660194681566256,0.15636006459643953,0.08044381286297231,0.42020302462776243
HydraulicSystems,0,auto_k3_min_0.00,STCG-v1 Weighted Ridge,10.0,0.1,1.0,1.0,3,True,0.0,True,0.07052086346303117,617,2,3,0.054122245911990594,0.6871961102106969,0.9766612641815235,0:392;1:225,0:306;1:117;2:194,"{""0"": ""0"", ""2"": ""1""}",0.04647949809497798,0.15653793672534952,0.08046199479585818,0.4207521143050387
HydraulicSystems,0,auto_k3_min_0.00,DynVAR-Lasso Weighted Ridge,10.0,0.1,4.0,1.0,3,True,0.0,True,0.07052086346303117,617,2,3,0.054122245911990594,0.6871961102106969,0.9766612641815235,0:392;1:225,0:306;1:117;2:194,"{""0"": ""0"", ""2"": ""1""}",0.04643463854394903,0.15677109242069784,0.08059412166258888,0.42143100515579135
HydraulicSystems,0,auto_k3_min_0.00,STCG-v1 Weighted Ridge,10.0,0.1,4.0,1.0,3,True,0.0,True,0.07052086346303117,617,2,3,0.054122245911990594,0.6871961102106969,0.9766612641815235,0:392;1:225,0:306;1:117;2:194,"{""0"": ""0"", ""2"": ""1""}",0.04635690971379199,0.15687163467169446,0.08057674355175908,0.4216951511342541
HydraulicSystems,0,auto_k3_min_0.00,Dense Ridge,100.0,,,,3,True,0.0,True,0.07052086346303117,617,2,3,0.054122245911990594,0.6871961102106969,0.9766612641815235,0:392;1:225,0:306;1:117;2:194,"{""0"": ""0"", ""2"": ""1""}",0.04726797834190943,0.156980386286702,0.08144405078576797,0.4219199848790695
HydraulicSystems,0,auto_k3_min_0.00,DynVAR-Lasso Weighted Ridge,100.0,0.01,1.0,1.0,3,True,0.0,True,0.07052086346303117,617,2,3,0.054122245911990594,0.6871961102106969,0.9766612641815235,0:392;1:225,0:306;1:117;2:194,"{""0"": ""0"", ""2"": ""1""}",0.04704721147864152,0.15733125428747502,0.08153015605464198,0.42290278005860427
HydraulicSystems,0,auto_k3_min_0.00,STCG-v1 Weighted Ridge,100.0,0.01,1.0,1.0,3,True,0.0,True,0.07052086346303117,617,2,3,0.054122245911990594,0.6871961102106969,0.9766612641815235,0:392;1:225,0:306;1:117;2:194,"{""0"": ""0"", ""2"": ""1""}",0.04682445061494291,0.15769569140233528,0.08161354940033691,0.4237158166216174
HydraulicSystems,0,auto_k3_min_0.00,DynVAR-Lasso Weighted Ridge,100.0,0.01,4.0,1.0,3,True,0.0,True,0.07052086346303117,617,2,3,0.054122245911990594,0.6871961102106969,0.9766612641815235,0:392;1:225,0:306;1:117;2:194,"{""0"": ""0"", ""2"": ""1""}",0.04630606203404213,0.1580699413873624,0.08182273516528321,0.4247732266123706
HydraulicSystems,0,auto_k3_min_0.00,STCG-v1 Weighted Ridge,100.0,0.01,4.0,1.0,3,True,0.0,True,0.07052086346303117,617,2,3,0.054122245911990594,0.6871961102106969,0.9766612641815235,0:392;1:225,0:306;1:117;2:194,"{""0"": ""0"", ""2"": ""1""}",0.04579688411542623,0.15816376643348057,0.08190224358930556,0.42492200505330974
HydraulicSystems,0,auto_k3_min_0.00,DynVAR-Lasso Weighted Ridge,100.0,0.1,1.0,1.0,3,True,0.0,True,0.07052086346303117,617,2,3,0.054122245911990594,0.6871961102106969,0.9766612641815235,0:392;1:225,0:306;1:117;2:194,"{""0"": ""0"", ""2"": ""1""}",0.0470759319111906,0.1572743920113568,0.08151401548300558,0.42274593282350403
HydraulicSystems,0,auto_k3_min_0.00,STCG-v1 Weighted Ridge,100.0,0.1,1.0,1.0,3,True,0.0,True,0.07052086346303117,617,2,3,0.054122245911990594,0.6871961102106969,0.9766612641815235,0:392;1:225,0:306;1:117;2:194,"{""0"": ""0"", ""2"": ""1""}",0.04691898806098571,0.1575326884112461,0.08156344175817129,0.42335896730726763
HydraulicSystems,0,auto_k3_min_0.00,DynVAR-Lasso Weighted Ridge,100.0,0.1,4.0,1.0,3,True,0.0,True,0.07052086346303117,617,2,3,0.054122245911990594,0.6871961102106969,0.9766612641815235,0:392;1:225,0:306;1:117;2:194,"{""0"": ""0"", ""2"": ""1""}",0.04678289265751311,0.15778273478770255,0.08165677040965295,0.42413500873564997
HydraulicSystems,0,auto_k3_min_0.00,STCG-v1 Weighted Ridge,100.0,0.1,4.0,1.0,3,True,0.0,True,0.07052086346303117,617,2,3,0.054122245911990594,0.6871961102106969,0.9766612641815235,0:392;1:225,0:306;1:117;2:194,"{""0"": ""0"", ""2"": ""1""}",0.04674929293047738,0.15788678869288966,0.08163489633766952,0.42432120039579796
HydraulicSystems,0,auto_k3_min_0.08,Dense Ridge,1.0,,,,3,True,0.08,False,0.07052086346303117,617,2,1,0.0,0.6353322528363047,0.9766612641815235,0:392;1:225,0:617,"{""0"": ""0""}",0.04644940013362614,0.1554111584263074,0.07982692614779191,0.4172899154690502
HydraulicSystems,0,auto_k3_min_0.08,DynVAR-Lasso Weighted Ridge,1.0,0.01,1.0,1.0,3,True,0.08,False,0.07052086346303117,617,2,1,0.0,0.6353322528363047,0.9766612641815235,0:392;1:225,0:617,"{""0"": ""0""}",0.04638746701867529,0.1555619216154146,0.07988075323901575,0.4178030794883989
HydraulicSystems,0,auto_k3_min_0.08,STCG-v1 Weighted Ridge,1.0,0.01,1.0,1.0,3,True,0.08,False,0.07052086346303117,617,2,1,0.0,0.6353322528363047,0.9766612641815235,0:392;1:225,0:617,"{""0"": ""0""}",0.04638746701867529,0.1555619216154146,0.07988075323901575,0.4178030794883989
HydraulicSystems,0,auto_k3_min_0.08,DynVAR-Lasso Weighted Ridge,1.0,0.01,4.0,1.0,3,True,0.08,False,0.07052086346303117,617,2,1,0.0,0.6353322528363047,0.9766612641815235,0:392;1:225,0:617,"{""0"": ""0""}",0.04626145354482729,0.15626936727999047,0.08017131174708587,0.4200149064170081
HydraulicSystems,0,auto_k3_min_0.08,STCG-v1 Weighted Ridge,1.0,0.01,4.0,1.0,3,True,0.08,False,0.07052086346303117,617,2,1,0.0,0.6353322528363047,0.9766612641815235,0:392;1:225,0:617,"{""0"": ""0""}",0.04626145354482729,0.15626936727999047,0.08017131174708587,0.4200149064170081
HydraulicSystems,0,auto_k3_min_0.08,DynVAR-Lasso Weighted Ridge,1.0,0.1,1.0,1.0,3,True,0.08,False,0.07052086346303117,617,2,1,0.0,0.6353322528363047,0.9766612641815235,0:392;1:225,0:617,"{""0"": ""0""}",0.04639780512558248,0.15553755670423755,0.07987269987609921,0.4177202914303357
HydraulicSystems,0,auto_k3_min_0.08,STCG-v1 Weighted Ridge,1.0,0.1,1.0,1.0,3,True,0.08,False,0.07052086346303117,617,2,1,0.0,0.6353322528363047,0.9766612641815235,0:392;1:225,0:617,"{""0"": ""0""}",0.04639780512558248,0.15553755670423755,0.07987269987609921,0.4177202914303357
HydraulicSystems,0,auto_k3_min_0.08,DynVAR-Lasso Weighted Ridge,1.0,0.1,4.0,1.0,3,True,0.08,False,0.07052086346303117,617,2,1,0.0,0.6353322528363047,0.9766612641815235,0:392;1:225,0:617,"{""0"": ""0""}",0.0463483159144035,0.1558904579322603,0.08002259323592992,0.4188418466816771
HydraulicSystems,0,auto_k3_min_0.08,STCG-v1 Weighted Ridge,1.0,0.1,4.0,1.0,3,True,0.08,False,0.07052086346303117,617,2,1,0.0,0.6353322528363047,0.9766612641815235,0:392;1:225,0:617,"{""0"": ""0""}",0.0463483159144035,0.1558904579322603,0.08002259323592992,0.4188418466816771
HydraulicSystems,0,auto_k3_min_0.08,Dense Ridge,10.0,,,,3,True,0.08,False,0.07052086346303117,617,2,1,0.0,0.6353322528363047,0.9766612641815235,0:392;1:225,0:617,"{""0"": ""0""}",0.046670590127118196,0.15612095111965393,0.08037952092401655,0.4194724308833568
HydraulicSystems,0,auto_k3_min_0.08,DynVAR-Lasso Weighted Ridge,10.0,0.01,1.0,1.0,3,True,0.08,False,0.07052086346303117,617,2,1,0.0,0.6353322528363047,0.9766612641815235,0:392;1:225,0:617,"{""0"": ""0""}",0.04658715251629476,0.15639747883165817,0.08045510852876125,0.4203162275977674
HydraulicSystems,0,auto_k3_min_0.08,STCG-v1 Weighted Ridge,10.0,0.01,1.0,1.0,3,True,0.08,False,0.07052086346303117,617,2,1,0.0,0.6353322528363047,0.9766612641815235,0:392;1:225,0:617,"{""0"": ""0""}",0.04658715251629476,0.15639747883165817,0.08045510852876125,0.4203162275977674
HydraulicSystems,0,auto_k3_min_0.08,DynVAR-Lasso Weighted Ridge,10.0,0.01,4.0,1.0,3,True,0.08,False,0.07052086346303117,617,2,1,0.0,0.6353322528363047,0.9766612641815235,0:392;1:225,0:617,"{""0"": ""0""}",0.04620691668590297,0.15727285234930924,0.0808145435651507,0.4228838884219903
HydraulicSystems,0,auto_k3_min_0.08,STCG-v1 Weighted Ridge,10.0,0.01,4.0,1.0,3,True,0.08,False,0.07052086346303117,617,2,1,0.0,0.6353322528363047,0.9766612641815235,0:392;1:225,0:617,"{""0"": ""0""}",0.04620691668590297,0.15727285234930924,0.0808145435651507,0.4228838884219903
HydraulicSystems,0,auto_k3_min_0.08,DynVAR-Lasso Weighted Ridge,10.0,0.1,1.0,1.0,3,True,0.08,False,0.07052086346303117,617,2,1,0.0,0.6353322528363047,0.9766612641815235,0:392;1:225,0:617,"{""0"": ""0""}",0.04660194681566256,0.15636006459643953,0.08044381286297231,0.42020302462776243
HydraulicSystems,0,auto_k3_min_0.08,STCG-v1 Weighted Ridge,10.0,0.1,1.0,1.0,3,True,0.08,False,0.07052086346303117,617,2,1,0.0,0.6353322528363047,0.9766612641815235,0:392;1:225,0:617,"{""0"": ""0""}",0.04660194681566256,0.15636006459643953,0.08044381286297231,0.42020302462776243
HydraulicSystems,0,auto_k3_min_0.08,DynVAR-Lasso Weighted Ridge,10.0,0.1,4.0,1.0,3,True,0.08,False,0.07052086346303117,617,2,1,0.0,0.6353322528363047,0.9766612641815235,0:392;1:225,0:617,"{""0"": ""0""}",0.04643463854394903,0.15677109242069784,0.08059412166258888,0.42143100515579135
HydraulicSystems,0,auto_k3_min_0.08,STCG-v1 Weighted Ridge,10.0,0.1,4.0,1.0,3,True,0.08,False,0.07052086346303117,617,2,1,0.0,0.6353322528363047,0.9766612641815235,0:392;1:225,0:617,"{""0"": ""0""}",0.04643463854394903,0.15677109242069784,0.08059412166258888,0.42143100515579135
HydraulicSystems,0,auto_k3_min_0.08,Dense Ridge,100.0,,,,3,True,0.08,False,0.07052086346303117,617,2,1,0.0,0.6353322528363047,0.9766612641815235,0:392;1:225,0:617,"{""0"": ""0""}",0.04726797834190943,0.156980386286702,0.08144405078576797,0.4219199848790695
HydraulicSystems,0,auto_k3_min_0.08,DynVAR-Lasso Weighted Ridge,100.0,0.01,1.0,1.0,3,True,0.08,False,0.07052086346303117,617,2,1,0.0,0.6353322528363047,0.9766612641815235,0:392;1:225,0:617,"{""0"": ""0""}",0.04704721147864152,0.15733125428747502,0.08153015605464198,0.42290278005860427
HydraulicSystems,0,auto_k3_min_0.08,STCG-v1 Weighted Ridge,100.0,0.01,1.0,1.0,3,True,0.08,False,0.07052086346303117,617,2,1,0.0,0.6353322528363047,0.9766612641815235,0:392;1:225,0:617,"{""0"": ""0""}",0.04704721147864152,0.15733125428747502,0.08153015605464198,0.42290278005860427
HydraulicSystems,0,auto_k3_min_0.08,DynVAR-Lasso Weighted Ridge,100.0,0.01,4.0,1.0,3,True,0.08,False,0.07052086346303117,617,2,1,0.0,0.6353322528363047,0.9766612641815235,0:392;1:225,0:617,"{""0"": ""0""}",0.04630606203404213,0.1580699413873624,0.08182273516528321,0.4247732266123706
HydraulicSystems,0,auto_k3_min_0.08,STCG-v1 Weighted Ridge,100.0,0.01,4.0,1.0,3,True,0.08,False,0.07052086346303117,617,2,1,0.0,0.6353322528363047,0.9766612641815235,0:392;1:225,0:617,"{""0"": ""0""}",0.04630606203404213,0.1580699413873624,0.08182273516528321,0.4247732266123706
HydraulicSystems,0,auto_k3_min_0.08,DynVAR-Lasso Weighted Ridge,100.0,0.1,1.0,1.0,3,True,0.08,False,0.07052086346303117,617,2,1,0.0,0.6353322528363047,0.9766612641815235,0:392;1:225,0:617,"{""0"": ""0""}",0.0470759319111906,0.1572743920113568,0.08151401548300558,0.42274593282350403
HydraulicSystems,0,auto_k3_min_0.08,STCG-v1 Weighted Ridge,100.0,0.1,1.0,1.0,3,True,0.08,False,0.07052086346303117,617,2,1,0.0,0.6353322528363047,0.9766612641815235,0:392;1:225,0:617,"{""0"": ""0""}",0.0470759319111906,0.1572743920113568,0.08151401548300558,0.42274593282350403
HydraulicSystems,0,auto_k3_min_0.08,DynVAR-Lasso Weighted Ridge,100.0,0.1,4.0,1.0,3,True,0.08,False,0.07052086346303117,617,2,1,0.0,0.6353322528363047,0.9766612641815235,0:392;1:225,0:617,"{""0"": ""0""}",0.04678289265751311,0.15778273478770255,0.08165677040965295,0.42413500873564997
HydraulicSystems,0,auto_k3_min_0.08,STCG-v1 Weighted Ridge,100.0,0.1,4.0,1.0,3,True,0.08,False,0.07052086346303117,617,2,1,0.0,0.6353322528363047,0.9766612641815235,0:392;1:225,0:617,"{""0"": ""0""}",0.04678289265751311,0.15778273478770255,0.08165677040965295,0.42413500873564997
HydraulicSystems,0,auto_k3_min_0.12,Dense Ridge,1.0,,,,3,True,0.12,False,0.07052086346303117,617,2,1,0.0,0.6353322528363047,0.9766612641815235,0:392;1:225,0:617,"{""0"": ""0""}",0.04644940013362614,0.1554111584263074,0.07982692614779191,0.4172899154690502
HydraulicSystems,0,auto_k3_min_0.12,DynVAR-Lasso Weighted Ridge,1.0,0.01,1.0,1.0,3,True,0.12,False,0.07052086346303117,617,2,1,0.0,0.6353322528363047,0.9766612641815235,0:392;1:225,0:617,"{""0"": ""0""}",0.04638746701867529,0.1555619216154146,0.07988075323901575,0.4178030794883989
HydraulicSystems,0,auto_k3_min_0.12,STCG-v1 Weighted Ridge,1.0,0.01,1.0,1.0,3,True,0.12,False,0.07052086346303117,617,2,1,0.0,0.6353322528363047,0.9766612641815235,0:392;1:225,0:617,"{""0"": ""0""}",0.04638746701867529,0.1555619216154146,0.07988075323901575,0.4178030794883989
HydraulicSystems,0,auto_k3_min_0.12,DynVAR-Lasso Weighted Ridge,1.0,0.01,4.0,1.0,3,True,0.12,False,0.07052086346303117,617,2,1,0.0,0.6353322528363047,0.9766612641815235,0:392;1:225,0:617,"{""0"": ""0""}",0.04626145354482729,0.15626936727999047,0.08017131174708587,0.4200149064170081
HydraulicSystems,0,auto_k3_min_0.12,STCG-v1 Weighted Ridge,1.0,0.01,4.0,1.0,3,True,0.12,False,0.07052086346303117,617,2,1,0.0,0.6353322528363047,0.9766612641815235,0:392;1:225,0:617,"{""0"": ""0""}",0.04626145354482729,0.15626936727999047,0.08017131174708587,0.4200149064170081
HydraulicSystems,0,auto_k3_min_0.12,DynVAR-Lasso Weighted Ridge,1.0,0.1,1.0,1.0,3,True,0.12,False,0.07052086346303117,617,2,1,0.0,0.6353322528363047,0.9766612641815235,0:392;1:225,0:617,"{""0"": ""0""}",0.04639780512558248,0.15553755670423755,0.07987269987609921,0.4177202914303357
HydraulicSystems,0,auto_k3_min_0.12,STCG-v1 Weighted Ridge,1.0,0.1,1.0,1.0,3,True,0.12,False,0.07052086346303117,617,2,1,0.0,0.6353322528363047,0.9766612641815235,0:392;1:225,0:617,"{""0"": ""0""}",0.04639780512558248,0.15553755670423755,0.07987269987609921,0.4177202914303357
HydraulicSystems,0,auto_k3_min_0.12,DynVAR-Lasso Weighted Ridge,1.0,0.1,4.0,1.0,3,True,0.12,False,0.07052086346303117,617,2,1,0.0,0.6353322528363047,0.9766612641815235,0:392;1:225,0:617,"{""0"": ""0""}",0.0463483159144035,0.1558904579322603,0.08002259323592992,0.4188418466816771
HydraulicSystems,0,auto_k3_min_0.12,STCG-v1 Weighted Ridge,1.0,0.1,4.0,1.0,3,True,0.12,False,0.07052086346303117,617,2,1,0.0,0.6353322528363047,0.9766612641815235,0:392;1:225,0:617,"{""0"": ""0""}",0.0463483159144035,0.1558904579322603,0.08002259323592992,0.4188418466816771
HydraulicSystems,0,auto_k3_min_0.12,Dense Ridge,10.0,,,,3,True,0.12,False,0.07052086346303117,617,2,1,0.0,0.6353322528363047,0.9766612641815235,0:392;1:225,0:617,"{""0"": ""0""}",0.046670590127118196,0.15612095111965393,0.08037952092401655,0.4194724308833568
HydraulicSystems,0,auto_k3_min_0.12,DynVAR-Lasso Weighted Ridge,10.0,0.01,1.0,1.0,3,True,0.12,False,0.07052086346303117,617,2,1,0.0,0.6353322528363047,0.9766612641815235,0:392;1:225,0:617,"{""0"": ""0""}",0.04658715251629476,0.15639747883165817,0.08045510852876125,0.4203162275977674
HydraulicSystems,0,auto_k3_min_0.12,STCG-v1 Weighted Ridge,10.0,0.01,1.0,1.0,3,True,0.12,False,0.07052086346303117,617,2,1,0.0,0.6353322528363047,0.9766612641815235,0:392;1:225,0:617,"{""0"": ""0""}",0.04658715251629476,0.15639747883165817,0.08045510852876125,0.4203162275977674
HydraulicSystems,0,auto_k3_min_0.12,DynVAR-Lasso Weighted Ridge,10.0,0.01,4.0,1.0,3,True,0.12,False,0.07052086346303117,617,2,1,0.0,0.6353322528363047,0.9766612641815235,0:392;1:225,0:617,"{""0"": ""0""}",0.04620691668590297,0.15727285234930924,0.0808145435651507,0.4228838884219903
HydraulicSystems,0,auto_k3_min_0.12,STCG-v1 Weighted Ridge,10.0,0.01,4.0,1.0,3,True,0.12,False,0.07052086346303117,617,2,1,0.0,0.6353322528363047,0.9766612641815235,0:392;1:225,0:617,"{""0"": ""0""}",0.04620691668590297,0.15727285234930924,0.0808145435651507,0.4228838884219903
HydraulicSystems,0,auto_k3_min_0.12,DynVAR-Lasso Weighted Ridge,10.0,0.1,1.0,1.0,3,True,0.12,False,0.07052086346303117,617,2,1,0.0,0.6353322528363047,0.9766612641815235,0:392;1:225,0:617,"{""0"": ""0""}",0.04660194681566256,0.15636006459643953,0.08044381286297231,0.42020302462776243
HydraulicSystems,0,auto_k3_min_0.12,STCG-v1 Weighted Ridge,10.0,0.1,1.0,1.0,3,True,0.12,False,0.07052086346303117,617,2,1,0.0,0.6353322528363047,0.9766612641815235,0:392;1:225,0:617,"{""0"": ""0""}",0.04660194681566256,0.15636006459643953,0.08044381286297231,0.42020302462776243
HydraulicSystems,0,auto_k3_min_0.12,DynVAR-Lasso Weighted Ridge,10.0,0.1,4.0,1.0,3,True,0.12,False,0.07052086346303117,617,2,1,0.0,0.6353322528363047,0.9766612641815235,0:392;1:225,0:617,"{""0"": ""0""}",0.04643463854394903,0.15677109242069784,0.08059412166258888,0.42143100515579135
HydraulicSystems,0,auto_k3_min_0.12,STCG-v1 Weighted Ridge,10.0,0.1,4.0,1.0,3,True,0.12,False,0.07052086346303117,617,2,1,0.0,0.6353322528363047,0.9766612641815235,0:392;1:225,0:617,"{""0"": ""0""}",0.04643463854394903,0.15677109242069784,0.08059412166258888,0.42143100515579135
HydraulicSystems,0,auto_k3_min_0.12,Dense Ridge,100.0,,,,3,True,0.12,False,0.07052086346303117,617,2,1,0.0,0.6353322528363047,0.9766612641815235,0:392;1:225,0:617,"{""0"": ""0""}",0.04726797834190943,0.156980386286702,0.08144405078576797,0.4219199848790695
HydraulicSystems,0,auto_k3_min_0.12,DynVAR-Lasso Weighted Ridge,100.0,0.01,1.0,1.0,3,True,0.12,False,0.07052086346303117,617,2,1,0.0,0.6353322528363047,0.9766612641815235,0:392;1:225,0:617,"{""0"": ""0""}",0.04704721147864152,0.15733125428747502,0.08153015605464198,0.42290278005860427
HydraulicSystems,0,auto_k3_min_0.12,STCG-v1 Weighted Ridge,100.0,0.01,1.0,1.0,3,True,0.12,False,0.07052086346303117,617,2,1,0.0,0.6353322528363047,0.9766612641815235,0:392;1:225,0:617,"{""0"": ""0""}",0.04704721147864152,0.15733125428747502,0.08153015605464198,0.42290278005860427
HydraulicSystems,0,auto_k3_min_0.12,DynVAR-Lasso Weighted Ridge,100.0,0.01,4.0,1.0,3,True,0.12,False,0.07052086346303117,617,2,1,0.0,0.6353322528363047,0.9766612641815235,0:392;1:225,0:617,"{""0"": ""0""}",0.04630606203404213,0.1580699413873624,0.08182273516528321,0.4247732266123706
HydraulicSystems,0,auto_k3_min_0.12,STCG-v1 Weighted Ridge,100.0,0.01,4.0,1.0,3,True,0.12,False,0.07052086346303117,617,2,1,0.0,0.6353322528363047,0.9766612641815235,0:392;1:225,0:617,"{""0"": ""0""}",0.04630606203404213,0.1580699413873624,0.08182273516528321,0.4247732266123706
HydraulicSystems,0,auto_k3_min_0.12,DynVAR-Lasso Weighted Ridge,100.0,0.1,1.0,1.0,3,True,0.12,False,0.07052086346303117,617,2,1,0.0,0.6353322528363047,0.9766612641815235,0:392;1:225,0:617,"{""0"": ""0""}",0.0470759319111906,0.1572743920113568,0.08151401548300558,0.42274593282350403
HydraulicSystems,0,auto_k3_min_0.12,STCG-v1 Weighted Ridge,100.0,0.1,1.0,1.0,3,True,0.12,False,0.07052086346303117,617,2,1,0.0,0.6353322528363047,0.9766612641815235,0:392;1:225,0:617,"{""0"": ""0""}",0.0470759319111906,0.1572743920113568,0.08151401548300558,0.42274593282350403
HydraulicSystems,0,auto_k3_min_0.12,DynVAR-Lasso Weighted Ridge,100.0,0.1,4.0,1.0,3,True,0.12,False,0.07052086346303117,617,2,1,0.0,0.6353322528363047,0.9766612641815235,0:392;1:225,0:617,"{""0"": ""0""}",0.04678289265751311,0.15778273478770255,0.08165677040965295,0.42413500873564997
HydraulicSystems,0,auto_k3_min_0.12,STCG-v1 Weighted Ridge,100.0,0.1,4.0,1.0,3,True,0.12,False,0.07052086346303117,617,2,1,0.0,0.6353322528363047,0.9766612641815235,0:392;1:225,0:617,"{""0"": ""0""}",0.04678289265751311,0.15778273478770255,0.08165677040965295,0.42413500873564997
HydraulicSystems,0,auto_k3_min_0.16,Dense Ridge,1.0,,,,3,True,0.16,False,0.07052086346303117,617,2,1,0.0,0.6353322528363047,0.9766612641815235,0:392;1:225,0:617,"{""0"": ""0""}",0.04644940013362614,0.1554111584263074,0.07982692614779191,0.4172899154690502
HydraulicSystems,0,auto_k3_min_0.16,DynVAR-Lasso Weighted Ridge,1.0,0.01,1.0,1.0,3,True,0.16,False,0.07052086346303117,617,2,1,0.0,0.6353322528363047,0.9766612641815235,0:392;1:225,0:617,"{""0"": ""0""}",0.04638746701867529,0.1555619216154146,0.07988075323901575,0.4178030794883989
HydraulicSystems,0,auto_k3_min_0.16,STCG-v1 Weighted Ridge,1.0,0.01,1.0,1.0,3,True,0.16,False,0.07052086346303117,617,2,1,0.0,0.6353322528363047,0.9766612641815235,0:392;1:225,0:617,"{""0"": ""0""}",0.04638746701867529,0.1555619216154146,0.07988075323901575,0.4178030794883989
HydraulicSystems,0,auto_k3_min_0.16,DynVAR-Lasso Weighted Ridge,1.0,0.01,4.0,1.0,3,True,0.16,False,0.07052086346303117,617,2,1,0.0,0.6353322528363047,0.9766612641815235,0:392;1:225,0:617,"{""0"": ""0""}",0.04626145354482729,0.15626936727999047,0.08017131174708587,0.4200149064170081
HydraulicSystems,0,auto_k3_min_0.16,STCG-v1 Weighted Ridge,1.0,0.01,4.0,1.0,3,True,0.16,False,0.07052086346303117,617,2,1,0.0,0.6353322528363047,0.9766612641815235,0:392;1:225,0:617,"{""0"": ""0""}",0.04626145354482729,0.15626936727999047,0.08017131174708587,0.4200149064170081
HydraulicSystems,0,auto_k3_min_0.16,DynVAR-Lasso Weighted Ridge,1.0,0.1,1.0,1.0,3,True,0.16,False,0.07052086346303117,617,2,1,0.0,0.6353322528363047,0.9766612641815235,0:392;1:225,0:617,"{""0"": ""0""}",0.04639780512558248,0.15553755670423755,0.07987269987609921,0.4177202914303357
HydraulicSystems,0,auto_k3_min_0.16,STCG-v1 Weighted Ridge,1.0,0.1,1.0,1.0,3,True,0.16,False,0.07052086346303117,617,2,1,0.0,0.6353322528363047,0.9766612641815235,0:392;1:225,0:617,"{""0"": ""0""}",0.04639780512558248,0.15553755670423755,0.07987269987609921,0.4177202914303357
HydraulicSystems,0,auto_k3_min_0.16,DynVAR-Lasso Weighted Ridge,1.0,0.1,4.0,1.0,3,True,0.16,False,0.07052086346303117,617,2,1,0.0,0.6353322528363047,0.9766612641815235,0:392;1:225,0:617,"{""0"": ""0""}",0.0463483159144035,0.1558904579322603,0.08002259323592992,0.4188418466816771
HydraulicSystems,0,auto_k3_min_0.16,STCG-v1 Weighted Ridge,1.0,0.1,4.0,1.0,3,True,0.16,False,0.07052086346303117,617,2,1,0.0,0.6353322528363047,0.9766612641815235,0:392;1:225,0:617,"{""0"": ""0""}",0.0463483159144035,0.1558904579322603,0.08002259323592992,0.4188418466816771
HydraulicSystems,0,auto_k3_min_0.16,Dense Ridge,10.0,,,,3,True,0.16,False,0.07052086346303117,617,2,1,0.0,0.6353322528363047,0.9766612641815235,0:392;1:225,0:617,"{""0"": ""0""}",0.046670590127118196,0.15612095111965393,0.08037952092401655,0.4194724308833568
HydraulicSystems,0,auto_k3_min_0.16,DynVAR-Lasso Weighted Ridge,10.0,0.01,1.0,1.0,3,True,0.16,False,0.07052086346303117,617,2,1,0.0,0.6353322528363047,0.9766612641815235,0:392;1:225,0:617,"{""0"": ""0""}",0.04658715251629476,0.15639747883165817,0.08045510852876125,0.4203162275977674
HydraulicSystems,0,auto_k3_min_0.16,STCG-v1 Weighted Ridge,10.0,0.01,1.0,1.0,3,True,0.16,False,0.07052086346303117,617,2,1,0.0,0.6353322528363047,0.9766612641815235,0:392;1:225,0:617,"{""0"": ""0""}",0.04658715251629476,0.15639747883165817,0.08045510852876125,0.4203162275977674
HydraulicSystems,0,auto_k3_min_0.16,DynVAR-Lasso Weighted Ridge,10.0,0.01,4.0,1.0,3,True,0.16,False,0.07052086346303117,617,2,1,0.0,0.6353322528363047,0.9766612641815235,0:392;1:225,0:617,"{""0"": ""0""}",0.04620691668590297,0.15727285234930924,0.0808145435651507,0.4228838884219903
HydraulicSystems,0,auto_k3_min_0.16,STCG-v1 Weighted Ridge,10.0,0.01,4.0,1.0,3,True,0.16,False,0.07052086346303117,617,2,1,0.0,0.6353322528363047,0.9766612641815235,0:392;1:225,0:617,"{""0"": ""0""}",0.04620691668590297,0.15727285234930924,0.0808145435651507,0.4228838884219903
HydraulicSystems,0,auto_k3_min_0.16,DynVAR-Lasso Weighted Ridge,10.0,0.1,1.0,1.0,3,True,0.16,False,0.07052086346303117,617,2,1,0.0,0.6353322528363047,0.9766612641815235,0:392;1:225,0:617,"{""0"": ""0""}",0.04660194681566256,0.15636006459643953,0.08044381286297231,0.42020302462776243
HydraulicSystems,0,auto_k3_min_0.16,STCG-v1 Weighted Ridge,10.0,0.1,1.0,1.0,3,True,0.16,False,0.07052086346303117,617,2,1,0.0,0.6353322528363047,0.9766612641815235,0:392;1:225,0:617,"{""0"": ""0""}",0.04660194681566256,0.15636006459643953,0.08044381286297231,0.42020302462776243
HydraulicSystems,0,auto_k3_min_0.16,DynVAR-Lasso Weighted Ridge,10.0,0.1,4.0,1.0,3,True,0.16,False,0.07052086346303117,617,2,1,0.0,0.6353322528363047,0.9766612641815235,0:392;1:225,0:617,"{""0"": ""0""}",0.04643463854394903,0.15677109242069784,0.08059412166258888,0.42143100515579135
HydraulicSystems,0,auto_k3_min_0.16,STCG-v1 Weighted Ridge,10.0,0.1,4.0,1.0,3,True,0.16,False,0.07052086346303117,617,2,1,0.0,0.6353322528363047,0.9766612641815235,0:392;1:225,0:617,"{""0"": ""0""}",0.04643463854394903,0.15677109242069784,0.08059412166258888,0.42143100515579135
HydraulicSystems,0,auto_k3_min_0.16,Dense Ridge,100.0,,,,3,True,0.16,False,0.07052086346303117,617,2,1,0.0,0.6353322528363047,0.9766612641815235,0:392;1:225,0:617,"{""0"": ""0""}",0.04726797834190943,0.156980386286702,0.08144405078576797,0.4219199848790695
HydraulicSystems,0,auto_k3_min_0.16,DynVAR-Lasso Weighted Ridge,100.0,0.01,1.0,1.0,3,True,0.16,False,0.07052086346303117,617,2,1,0.0,0.6353322528363047,0.9766612641815235,0:392;1:225,0:617,"{""0"": ""0""}",0.04704721147864152,0.15733125428747502,0.08153015605464198,0.42290278005860427
HydraulicSystems,0,auto_k3_min_0.16,STCG-v1 Weighted Ridge,100.0,0.01,1.0,1.0,3,True,0.16,False,0.07052086346303117,617,2,1,0.0,0.6353322528363047,0.9766612641815235,0:392;1:225,0:617,"{""0"": ""0""}",0.04704721147864152,0.15733125428747502,0.08153015605464198,0.42290278005860427
HydraulicSystems,0,auto_k3_min_0.16,DynVAR-Lasso Weighted Ridge,100.0,0.01,4.0,1.0,3,True,0.16,False,0.07052086346303117,617,2,1,0.0,0.6353322528363047,0.9766612641815235,0:392;1:225,0:617,"{""0"": ""0""}",0.04630606203404213,0.1580699413873624,0.08182273516528321,0.4247732266123706
HydraulicSystems,0,auto_k3_min_0.16,STCG-v1 Weighted Ridge,100.0,0.01,4.0,1.0,3,True,0.16,False,0.07052086346303117,617,2,1,0.0,0.6353322528363047,0.9766612641815235,0:392;1:225,0:617,"{""0"": ""0""}",0.04630606203404213,0.1580699413873624,0.08182273516528321,0.4247732266123706
HydraulicSystems,0,auto_k3_min_0.16,DynVAR-Lasso Weighted Ridge,100.0,0.1,1.0,1.0,3,True,0.16,False,0.07052086346303117,617,2,1,0.0,0.6353322528363047,0.9766612641815235,0:392;1:225,0:617,"{""0"": ""0""}",0.0470759319111906,0.1572743920113568,0.08151401548300558,0.42274593282350403
HydraulicSystems,0,auto_k3_min_0.16,STCG-v1 Weighted Ridge,100.0,0.1,1.0,1.0,3,True,0.16,False,0.07052086346303117,617,2,1,0.0,0.6353322528363047,0.9766612641815235,0:392;1:225,0:617,"{""0"": ""0""}",0.0470759319111906,0.1572743920113568,0.08151401548300558,0.42274593282350403
HydraulicSystems,0,auto_k3_min_0.16,DynVAR-Lasso Weighted Ridge,100.0,0.1,4.0,1.0,3,True,0.16,False,0.07052086346303117,617,2,1,0.0,0.6353322528363047,0.9766612641815235,0:392;1:225,0:617,"{""0"": ""0""}",0.04678289265751311,0.15778273478770255,0.08165677040965295,0.42413500873564997
HydraulicSystems,0,auto_k3_min_0.16,STCG-v1 Weighted Ridge,100.0,0.1,4.0,1.0,3,True,0.16,False,0.07052086346303117,617,2,1,0.0,0.6353322528363047,0.9766612641815235,0:392;1:225,0:617,"{""0"": ""0""}",0.04678289265751311,0.15778273478770255,0.08165677040965295,0.42413500873564997
HydraulicSystems,0,forced_k3,Dense Ridge,1.0,,,,3,False,0.0,True,0.07052086346303117,617,2,3,0.054122245911990594,0.6871961102106969,0.9766612641815235,0:392;1:225,0:306;1:117;2:194,"{""0"": ""0"", ""2"": ""1""}",0.04644940013362614,0.1554111584263074,0.07982692614779191,0.4172899154690502
HydraulicSystems,0,forced_k3,DynVAR-Lasso Weighted Ridge,1.0,0.01,1.0,1.0,3,False,0.0,True,0.07052086346303117,617,2,3,0.054122245911990594,0.6871961102106969,0.9766612641815235,0:392;1:225,0:306;1:117;2:194,"{""0"": ""0"", ""2"": ""1""}",0.04638746701867529,0.1555619216154146,0.07988075323901575,0.4178030794883989
HydraulicSystems,0,forced_k3,STCG-v1 Weighted Ridge,1.0,0.01,1.0,1.0,3,False,0.0,True,0.07052086346303117,617,2,3,0.054122245911990594,0.6871961102106969,0.9766612641815235,0:392;1:225,0:306;1:117;2:194,"{""0"": ""0"", ""2"": ""1""}",0.04626998073733513,0.15568851003624726,0.07987701212586049,0.4183415032529883
HydraulicSystems,0,forced_k3,DynVAR-Lasso Weighted Ridge,1.0,0.01,4.0,1.0,3,False,0.0,True,0.07052086346303117,617,2,3,0.054122245911990594,0.6871961102106969,0.9766612641815235,0:392;1:225,0:306;1:117;2:194,"{""0"": ""0"", ""2"": ""1""}",0.04626145354482729,0.15626936727999047,0.08017131174708587,0.4200149064170081
HydraulicSystems,0,forced_k3,STCG-v1 Weighted Ridge,1.0,0.01,4.0,1.0,3,False,0.0,True,0.07052086346303117,617,2,3,0.054122245911990594,0.6871961102106969,0.9766612641815235,0:392;1:225,0:306;1:117;2:194,"{""0"": ""0"", ""2"": ""1""}",0.046151538337299215,0.15680450073559055,0.08036272165209844,0.4215924438598855
HydraulicSystems,0,forced_k3,DynVAR-Lasso Weighted Ridge,1.0,0.1,1.0,1.0,3,False,0.0,True,0.07052086346303117,617,2,3,0.054122245911990594,0.6871961102106969,0.9766612641815235,0:392;1:225,0:306;1:117;2:194,"{""0"": ""0"", ""2"": ""1""}",0.04639780512558248,0.15553755670423755,0.07987269987609921,0.4177202914303357
HydraulicSystems,0,forced_k3,STCG-v1 Weighted Ridge,1.0,0.1,1.0,1.0,3,False,0.0,True,0.07052086346303117,617,2,3,0.054122245911990594,0.6871961102106969,0.9766612641815235,0:392;1:225,0:306;1:117;2:194,"{""0"": ""0"", ""2"": ""1""}",0.046313243640269425,0.1556134150943039,0.07986349696375379,0.41806285480629163
HydraulicSystems,0,forced_k3,DynVAR-Lasso Weighted Ridge,1.0,0.1,4.0,1.0,3,False,0.0,True,0.07052086346303117,617,2,3,0.054122245911990594,0.6871961102106969,0.9766612641815235,0:392;1:225,0:306;1:117;2:194,"{""0"": ""0"", ""2"": ""1""}",0.0463483159144035,0.1558904579322603,0.08002259323592992,0.4188418466816771
HydraulicSystems,0,forced_k3,STCG-v1 Weighted Ridge,1.0,0.1,4.0,1.0,3,False,0.0,True,0.07052086346303117,617,2,3,0.054122245911990594,0.6871961102106969,0.9766612641815235,0:392;1:225,0:306;1:117;2:194,"{""0"": ""0"", ""2"": ""1""}",0.04629139482550264,0.15596731939465283,0.08002168559767543,0.4191053598136582
HydraulicSystems,0,forced_k3,Dense Ridge,10.0,,,,3,False,0.0,True,0.07052086346303117,617,2,3,0.054122245911990594,0.6871961102106969,0.9766612641815235,0:392;1:225,0:306;1:117;2:194,"{""0"": ""0"", ""2"": ""1""}",0.046670590127118196,0.15612095111965393,0.08037952092401655,0.4194724308833568
HydraulicSystems,0,forced_k3,DynVAR-Lasso Weighted Ridge,10.0,0.01,1.0,1.0,3,False,0.0,True,0.07052086346303117,617,2,3,0.054122245911990594,0.6871961102106969,0.9766612641815235,0:392;1:225,0:306;1:117;2:194,"{""0"": ""0"", ""2"": ""1""}",0.04658715251629476,0.15639747883165817,0.08045510852876125,0.4203162275977674
HydraulicSystems,0,forced_k3,STCG-v1 Weighted Ridge,10.0,0.01,1.0,1.0,3,False,0.0,True,0.07052086346303117,617,2,3,0.054122245911990594,0.6871961102106969,0.9766612641815235,0:392;1:225,0:306;1:117;2:194,"{""0"": ""0"", ""2"": ""1""}",0.04641545861336178,0.1566506026260695,0.08049954720827773,0.42107660652526924
HydraulicSystems,0,forced_k3,DynVAR-Lasso Weighted Ridge,10.0,0.01,4.0,1.0,3,False,0.0,True,0.07052086346303117,617,2,3,0.054122245911990594,0.6871961102106969,0.9766612641815235,0:392;1:225,0:306;1:117;2:194,"{""0"": ""0"", ""2"": ""1""}",0.04620691668590297,0.15727285234930924,0.0808145435651507,0.4228838884219903
HydraulicSystems,0,forced_k3,STCG-v1 Weighted Ridge,10.0,0.01,4.0,1.0,3,False,0.0,True,0.07052086346303117,617,2,3,0.054122245911990594,0.6871961102106969,0.9766612641815235,0:392;1:225,0:306;1:117;2:194,"{""0"": ""0"", ""2"": ""1""}",0.04618259025498472,0.15772456149344205,0.08101578445984474,0.4239534144185021
HydraulicSystems,0,forced_k3,DynVAR-Lasso Weighted Ridge,10.0,0.1,1.0,1.0,3,False,0.0,True,0.07052086346303117,617,2,3,0.054122245911990594,0.6871961102106969,0.9766612641815235,0:392;1:225,0:306;1:117;2:194,"{""0"": ""0"", ""2"": ""1""}",0.04660194681566256,0.15636006459643953,0.08044381286297231,0.42020302462776243
HydraulicSystems,0,forced_k3,STCG-v1 Weighted Ridge,10.0,0.1,1.0,1.0,3,False,0.0,True,0.07052086346303117,617,2,3,0.054122245911990594,0.6871961102106969,0.9766612641815235,0:392;1:225,0:306;1:117;2:194,"{""0"": ""0"", ""2"": ""1""}",0.04647949809497798,0.15653793672534952,0.08046199479585818,0.4207521143050387
HydraulicSystems,0,forced_k3,DynVAR-Lasso Weighted Ridge,10.0,0.1,4.0,1.0,3,False,0.0,True,0.07052086346303117,617,2,3,0.054122245911990594,0.6871961102106969,0.9766612641815235,0:392;1:225,0:306;1:117;2:194,"{""0"": ""0"", ""2"": ""1""}",0.04643463854394903,0.15677109242069784,0.08059412166258888,0.42143100515579135
HydraulicSystems,0,forced_k3,STCG-v1 Weighted Ridge,10.0,0.1,4.0,1.0,3,False,0.0,True,0.07052086346303117,617,2,3,0.054122245911990594,0.6871961102106969,0.9766612641815235,0:392;1:225,0:306;1:117;2:194,"{""0"": ""0"", ""2"": ""1""}",0.04635690971379199,0.15687163467169446,0.08057674355175908,0.4216951511342541
HydraulicSystems,0,forced_k3,Dense Ridge,100.0,,,,3,False,0.0,True,0.07052086346303117,617,2,3,0.054122245911990594,0.6871961102106969,0.9766612641815235,0:392;1:225,0:306;1:117;2:194,"{""0"": ""0"", ""2"": ""1""}",0.04726797834190943,0.156980386286702,0.08144405078576797,0.4219199848790695
HydraulicSystems,0,forced_k3,DynVAR-Lasso Weighted Ridge,100.0,0.01,1.0,1.0,3,False,0.0,True,0.07052086346303117,617,2,3,0.054122245911990594,0.6871961102106969,0.9766612641815235,0:392;1:225,0:306;1:117;2:194,"{""0"": ""0"", ""2"": ""1""}",0.04704721147864152,0.15733125428747502,0.08153015605464198,0.42290278005860427
HydraulicSystems,0,forced_k3,STCG-v1 Weighted Ridge,100.0,0.01,1.0,1.0,3,False,0.0,True,0.07052086346303117,617,2,3,0.054122245911990594,0.6871961102106969,0.9766612641815235,0:392;1:225,0:306;1:117;2:194,"{""0"": ""0"", ""2"": ""1""}",0.04682445061494291,0.15769569140233528,0.08161354940033691,0.4237158166216174
HydraulicSystems,0,forced_k3,DynVAR-Lasso Weighted Ridge,100.0,0.01,4.0,1.0,3,False,0.0,True,0.07052086346303117,617,2,3,0.054122245911990594,0.6871961102106969,0.9766612641815235,0:392;1:225,0:306;1:117;2:194,"{""0"": ""0"", ""2"": ""1""}",0.04630606203404213,0.1580699413873624,0.08182273516528321,0.4247732266123706
HydraulicSystems,0,forced_k3,STCG-v1 Weighted Ridge,100.0,0.01,4.0,1.0,3,False,0.0,True,0.07052086346303117,617,2,3,0.054122245911990594,0.6871961102106969,0.9766612641815235,0:392;1:225,0:306;1:117;2:194,"{""0"": ""0"", ""2"": ""1""}",0.04579688411542623,0.15816376643348057,0.08190224358930556,0.42492200505330974
HydraulicSystems,0,forced_k3,DynVAR-Lasso Weighted Ridge,100.0,0.1,1.0,1.0,3,False,0.0,True,0.07052086346303117,617,2,3,0.054122245911990594,0.6871961102106969,0.9766612641815235,0:392;1:225,0:306;1:117;2:194,"{""0"": ""0"", ""2"": ""1""}",0.0470759319111906,0.1572743920113568,0.08151401548300558,0.42274593282350403
HydraulicSystems,0,forced_k3,STCG-v1 Weighted Ridge,100.0,0.1,1.0,1.0,3,False,0.0,True,0.07052086346303117,617,2,3,0.054122245911990594,0.6871961102106969,0.9766612641815235,0:392;1:225,0:306;1:117;2:194,"{""0"": ""0"", ""2"": ""1""}",0.04691898806098571,0.1575326884112461,0.08156344175817129,0.42335896730726763
HydraulicSystems,0,forced_k3,DynVAR-Lasso Weighted Ridge,100.0,0.1,4.0,1.0,3,False,0.0,True,0.07052086346303117,617,2,3,0.054122245911990594,0.6871961102106969,0.9766612641815235,0:392;1:225,0:306;1:117;2:194,"{""0"": ""0"", ""2"": ""1""}",0.04678289265751311,0.15778273478770255,0.08165677040965295,0.42413500873564997
HydraulicSystems,0,forced_k3,STCG-v1 Weighted Ridge,100.0,0.1,4.0,1.0,3,False,0.0,True,0.07052086346303117,617,2,3,0.054122245911990594,0.6871961102106969,0.9766612641815235,0:392;1:225,0:306;1:117;2:194,"{""0"": ""0"", ""2"": ""1""}",0.04674929293047738,0.15788678869288966,0.08163489633766952,0.42432120039579796
HydraulicSystems,1,auto_k2_min_0.00,Dense Ridge,1.0,,,,2,True,0.0,True,0.04770408562543663,617,2,2,-0.0016012096596417745,0.5024311183144247,0.9766612641815235,0:392;1:225,0:321;1:296,"{""0"": ""0"", ""1"": ""1""}",0.04644940013362614,0.1554111584263074,0.07982692614779191,0.4172899154690502
HydraulicSystems,1,auto_k2_min_0.00,DynVAR-Lasso Weighted Ridge,1.0,0.01,1.0,1.0,2,True,0.0,True,0.04770408562543663,617,2,2,-0.0016012096596417745,0.5024311183144247,0.9766612641815235,0:392;1:225,0:321;1:296,"{""0"": ""0"", ""1"": ""1""}",0.04638746701867529,0.1555619216154146,0.07988075323901575,0.4178030794883989
HydraulicSystems,1,auto_k2_min_0.00,STCG-v1 Weighted Ridge,1.0,0.01,1.0,1.0,2,True,0.0,True,0.04770408562543663,617,2,2,-0.0016012096596417745,0.5024311183144247,0.9766612641815235,0:392;1:225,0:321;1:296,"{""0"": ""0"", ""1"": ""1""}",0.046264615802448734,0.15574736229479022,0.07989655711979844,0.4185181381030769
HydraulicSystems,1,auto_k2_min_0.00,DynVAR-Lasso Weighted Ridge,1.0,0.01,4.0,1.0,2,True,0.0,True,0.04770408562543663,617,2,2,-0.0016012096596417745,0.5024311183144247,0.9766612641815235,0:392;1:225,0:321;1:296,"{""0"": ""0"", ""1"": ""1""}",0.04626145354482729,0.15626936727999047,0.08017131174708587,0.4200149064170081
HydraulicSystems,1,auto_k2_min_0.00,STCG-v1 Weighted Ridge,1.0,0.01,4.0,1.0,2,True,0.0,True,0.04770408562543663,617,2,2,-0.0016012096596417745,0.5024311183144247,0.9766612641815235,0:392;1:225,0:321;1:296,"{""0"": ""0"", ""1"": ""1""}",0.0461319609889961,0.15680278797242744,0.08035217541951947,0.4215964140643603
HydraulicSystems,1,auto_k2_min_0.00,DynVAR-Lasso Weighted Ridge,1.0,0.1,1.0,1.0,2,True,0.0,True,0.04770408562543663,617,2,2,-0.0016012096596417745,0.5024311183144247,0.9766612641815235,0:392;1:225,0:321;1:296,"{""0"": ""0"", ""1"": ""1""}",0.04639780512558248,0.15553755670423755,0.07987269987609921,0.4177202914303357
HydraulicSystems,1,auto_k2_min_0.00,STCG-v1 Weighted Ridge,1.0,0.1,1.0,1.0,2,True,0.0,True,0.04770408562543663,617,2,2,-0.0016012096596417745,0.5024311183144247,0.9766612641815235,0:392;1:225,0:321;1:296,"{""0"": ""0"", ""1"": ""1""}",0.04630723493568743,0.15565242882166763,0.07987603623420532,0.4181802545236556
HydraulicSystems,1,auto_k2_min_0.00,DynVAR-Lasso Weighted Ridge,1.0,0.1,4.0,1.0,2,True,0.0,True,0.04770408562543663,617,2,2,-0.0016012096596417745,0.5024311183144247,0.9766612641815235,0:392;1:225,0:321;1:296,"{""0"": ""0"", ""1"": ""1""}",0.0463483159144035,0.1558904579322603,0.08002259323592992,0.4188418466816771
HydraulicSystems,1,auto_k2_min_0.00,STCG-v1 Weighted Ridge,1.0,0.1,4.0,1.0,2,True,0.0,True,0.04770408562543663,617,2,2,-0.0016012096596417745,0.5024311183144247,0.9766612641815235,0:392;1:225,0:321;1:296,"{""0"": ""0"", ""1"": ""1""}",0.04630935649498954,0.1560359102670649,0.08004135448766309,0.4193146941826233
HydraulicSystems,1,auto_k2_min_0.00,Dense Ridge,10.0,,,,2,True,0.0,True,0.04770408562543663,617,2,2,-0.0016012096596417745,0.5024311183144247,0.9766612641815235,0:392;1:225,0:321;1:296,"{""0"": ""0"", ""1"": ""1""}",0.046670590127118196,0.15612095111965393,0.08037952092401655,0.4194724308833568
HydraulicSystems,1,auto_k2_min_0.00,DynVAR-Lasso Weighted Ridge,10.0,0.01,1.0,1.0,2,True,0.0,True,0.04770408562543663,617,2,2,-0.0016012096596417745,0.5024311183144247,0.9766612641815235,0:392;1:225,0:321;1:296,"{""0"": ""0"", ""1"": ""1""}",0.04658715251629476,0.15639747883165817,0.08045510852876125,0.4203162275977674
HydraulicSystems,1,auto_k2_min_0.00,STCG-v1 Weighted Ridge,10.0,0.01,1.0,1.0,2,True,0.0,True,0.04770408562543663,617,2,2,-0.0016012096596417745,0.5024311183144247,0.9766612641815235,0:392;1:225,0:321;1:296,"{""0"": ""0"", ""1"": ""1""}",0.04640894891789572,0.1566905733163886,0.08050757076176433,0.42119790153420067
HydraulicSystems,1,auto_k2_min_0.00,DynVAR-Lasso Weighted Ridge,10.0,0.01,4.0,1.0,2,True,0.0,True,0.04770408562543663,617,2,2,-0.0016012096596417745,0.5024311183144247,0.9766612641815235,0:392;1:225,0:321;1:296,"{""0"": ""0"", ""1"": ""1""}",0.04620691668590297,0.15727285234930924,0.0808145435651507,0.4228838884219903
HydraulicSystems,1,auto_k2_min_0.00,STCG-v1 Weighted Ridge,10.0,0.01,4.0,1.0,2,True,0.0,True,0.04770408562543663,617,2,2,-0.0016012096596417745,0.5024311183144247,0.9766612641815235,0:392;1:225,0:321;1:296,"{""0"": ""0"", ""1"": ""1""}",0.046057668183088755,0.15772418221565365,0.08100705850834902,0.4239552578879451
HydraulicSystems,1,auto_k2_min_0.00,DynVAR-Lasso Weighted Ridge,10.0,0.1,1.0,1.0,2,True,0.0,True,0.04770408562543663,617,2,2,-0.0016012096596417745,0.5024311183144247,0.9766612641815235,0:392;1:225,0:321;1:296,"{""0"": ""0"", ""1"": ""1""}",0.04660194681566256,0.15636006459643953,0.08044381286297231,0.42020302462776243
HydraulicSystems,1,auto_k2_min_0.00,STCG-v1 Weighted Ridge,10.0,0.1,1.0,1.0,2,True,0.0,True,0.04770408562543663,617,2,2,-0.0016012096596417745,0.5024311183144247,0.9766612641815235,0:392;1:225,0:321;1:296,"{""0"": ""0"", ""1"": ""1""}",0.04647536600222455,0.15656718247680756,0.0804671365191973,0.4208408232459588
HydraulicSystems,1,auto_k2_min_0.00,DynVAR-Lasso Weighted Ridge,10.0,0.1,4.0,1.0,2,True,0.0,True,0.04770408562543663,617,2,2,-0.0016012096596417745,0.5024311183144247,0.9766612641815235,0:392;1:225,0:321;1:296,"{""0"": ""0"", ""1"": ""1""}",0.04643463854394903,0.15677109242069784,0.08059412166258888,0.42143100515579135
HydraulicSystems,1,auto_k2_min_0.00,STCG-v1 Weighted Ridge,10.0,0.1,4.0,1.0,2,True,0.0,True,0.04770408562543663,617,2,2,-0.0016012096596417745,0.5024311183144247,0.9766612641815235,0:392;1:225,0:321;1:296,"{""0"": ""0"", ""1"": ""1""}",0.046333005751416544,0.15686105642856032,0.08056744073067704,0.42166571948490034
HydraulicSystems,1,auto_k2_min_0.00,Dense Ridge,100.0,,,,2,True,0.0,True,0.04770408562543663,617,2,2,-0.0016012096596417745,0.5024311183144247,0.9766612641815235,0:392;1:225,0:321;1:296,"{""0"": ""0"", ""1"": ""1""}",0.04726797834190943,0.156980386286702,0.08144405078576797,0.4219199848790695
HydraulicSystems,1,auto_k2_min_0.00,DynVAR-Lasso Weighted Ridge,100.0,0.01,1.0,1.0,2,True,0.0,True,0.04770408562543663,617,2,2,-0.0016012096596417745,0.5024311183144247,0.9766612641815235,0:392;1:225,0:321;1:296,"{""0"": ""0"", ""1"": ""1""}",0.04704721147864152,0.15733125428747502,0.08153015605464198,0.42290278005860427
HydraulicSystems,1,auto_k2_min_0.00,STCG-v1 Weighted Ridge,100.0,0.01,1.0,1.0,2,True,0.0,True,0.04770408562543663,617,2,2,-0.0016012096596417745,0.5024311183144247,0.9766612641815235,0:392;1:225,0:321;1:296,"{""0"": ""0"", ""1"": ""1""}",0.046802617037801364,0.15772035808309057,0.08161948165437426,0.4237932828656741
HydraulicSystems,1,auto_k2_min_0.00,DynVAR-Lasso Weighted Ridge,100.0,0.01,4.0,1.0,2,True,0.0,True,0.04770408562543663,617,2,2,-0.0016012096596417745,0.5024311183144247,0.9766612641815235,0:392;1:225,0:321;1:296,"{""0"": ""0"", ""1"": ""1""}",0.04630606203404213,0.1580699413873624,0.08182273516528321,0.4247732266123706
HydraulicSystems,1,auto_k2_min_0.00,STCG-v1 Weighted Ridge,100.0,0.01,4.0,1.0,2,True,0.0,True,0.04770408562543663,617,2,2,-0.0016012096596417745,0.5024311183144247,0.9766612641815235,0:392;1:225,0:321;1:296,"{""0"": ""0"", ""1"": ""1""}",0.04561439883063364,0.15817367329520457,0.08189956159446188,0.4249483688571439
HydraulicSystems,1,auto_k2_min_0.00,DynVAR-Lasso Weighted Ridge,100.0,0.1,1.0,1.0,2,True,0.0,True,0.04770408562543663,617,2,2,-0.0016012096596417745,0.5024311183144247,0.9766612641815235,0:392;1:225,0:321;1:296,"{""0"": ""0"", ""1"": ""1""}",0.0470759319111906,0.1572743920113568,0.08151401548300558,0.42274593282350403
HydraulicSystems,1,auto_k2_min_0.00,STCG-v1 Weighted Ridge,100.0,0.1,1.0,1.0,2,True,0.0,True,0.04770408562543663,617,2,2,-0.0016012096596417745,0.5024311183144247,0.9766612641815235,0:392;1:225,0:321;1:296,"{""0"": ""0"", ""1"": ""1""}",0.04690116125152459,0.15755107035033208,0.08156661012061463,0.4234148244344022
HydraulicSystems,1,auto_k2_min_0.00,DynVAR-Lasso Weighted Ridge,100.0,0.1,4.0,1.0,2,True,0.0,True,0.04770408562543663,617,2,2,-0.0016012096596417745,0.5024311183144247,0.9766612641815235,0:392;1:225,0:321;1:296,"{""0"": ""0"", ""1"": ""1""}",0.04678289265751311,0.15778273478770255,0.08165677040965295,0.42413500873564997
HydraulicSystems,1,auto_k2_min_0.00,STCG-v1 Weighted Ridge,100.0,0.1,4.0,1.0,2,True,0.0,True,0.04770408562543663,617,2,2,-0.0016012096596417745,0.5024311183144247,0.9766612641815235,0:392;1:225,0:321;1:296,"{""0"": ""0"", ""1"": ""1""}",0.046702037116411035,0.1578865425849094,0.08164751769376226,0.42431431454091456
HydraulicSystems,1,auto_k2_min_0.08,Dense Ridge,1.0,,,,2,True,0.08,False,0.04770408562543663,617,2,1,0.0,0.6353322528363047,0.9766612641815235,0:392;1:225,0:617,"{""0"": ""0""}",0.04644940013362614,0.1554111584263074,0.07982692614779191,0.4172899154690502
HydraulicSystems,1,auto_k2_min_0.08,DynVAR-Lasso Weighted Ridge,1.0,0.01,1.0,1.0,2,True,0.08,False,0.04770408562543663,617,2,1,0.0,0.6353322528363047,0.9766612641815235,0:392;1:225,0:617,"{""0"": ""0""}",0.04638746701867529,0.1555619216154146,0.07988075323901575,0.4178030794883989
HydraulicSystems,1,auto_k2_min_0.08,STCG-v1 Weighted Ridge,1.0,0.01,1.0,1.0,2,True,0.08,False,0.04770408562543663,617,2,1,0.0,0.6353322528363047,0.9766612641815235,0:392;1:225,0:617,"{""0"": ""0""}",0.04638746701867529,0.1555619216154146,0.07988075323901575,0.4178030794883989
HydraulicSystems,1,auto_k2_min_0.08,DynVAR-Lasso Weighted Ridge,1.0,0.01,4.0,1.0,2,True,0.08,False,0.04770408562543663,617,2,1,0.0,0.6353322528363047,0.9766612641815235,0:392;1:225,0:617,"{""0"": ""0""}",0.04626145354482729,0.15626936727999047,0.08017131174708587,0.4200149064170081
HydraulicSystems,1,auto_k2_min_0.08,STCG-v1 Weighted Ridge,1.0,0.01,4.0,1.0,2,True,0.08,False,0.04770408562543663,617,2,1,0.0,0.6353322528363047,0.9766612641815235,0:392;1:225,0:617,"{""0"": ""0""}",0.04626145354482729,0.15626936727999047,0.08017131174708587,0.4200149064170081
HydraulicSystems,1,auto_k2_min_0.08,DynVAR-Lasso Weighted Ridge,1.0,0.1,1.0,1.0,2,True,0.08,False,0.04770408562543663,617,2,1,0.0,0.6353322528363047,0.9766612641815235,0:392;1:225,0:617,"{""0"": ""0""}",0.04639780512558248,0.15553755670423755,0.07987269987609921,0.4177202914303357
HydraulicSystems,1,auto_k2_min_0.08,STCG-v1 Weighted Ridge,1.0,0.1,1.0,1.0,2,True,0.08,False,0.04770408562543663,617,2,1,0.0,0.6353322528363047,0.9766612641815235,0:392;1:225,0:617,"{""0"": ""0""}",0.04639780512558248,0.15553755670423755,0.07987269987609921,0.4177202914303357
HydraulicSystems,1,auto_k2_min_0.08,DynVAR-Lasso Weighted Ridge,1.0,0.1,4.0,1.0,2,True,0.08,False,0.04770408562543663,617,2,1,0.0,0.6353322528363047,0.9766612641815235,0:392;1:225,0:617,"{""0"": ""0""}",0.0463483159144035,0.1558904579322603,0.08002259323592992,0.4188418466816771
HydraulicSystems,1,auto_k2_min_0.08,STCG-v1 Weighted Ridge,1.0,0.1,4.0,1.0,2,True,0.08,False,0.04770408562543663,617,2,1,0.0,0.6353322528363047,0.9766612641815235,0:392;1:225,0:617,"{""0"": ""0""}",0.0463483159144035,0.1558904579322603,0.08002259323592992,0.4188418466816771
HydraulicSystems,1,auto_k2_min_0.08,Dense Ridge,10.0,,,,2,True,0.08,False,0.04770408562543663,617,2,1,0.0,0.6353322528363047,0.9766612641815235,0:392;1:225,0:617,"{""0"": ""0""}",0.046670590127118196,0.15612095111965393,0.08037952092401655,0.4194724308833568
HydraulicSystems,1,auto_k2_min_0.08,DynVAR-Lasso Weighted Ridge,10.0,0.01,1.0,1.0,2,True,0.08,False,0.04770408562543663,617,2,1,0.0,0.6353322528363047,0.9766612641815235,0:392;1:225,0:617,"{""0"": ""0""}",0.04658715251629476,0.15639747883165817,0.08045510852876125,0.4203162275977674
HydraulicSystems,1,auto_k2_min_0.08,STCG-v1 Weighted Ridge,10.0,0.01,1.0,1.0,2,True,0.08,False,0.04770408562543663,617,2,1,0.0,0.6353322528363047,0.9766612641815235,0:392;1:225,0:617,"{""0"": ""0""}",0.04658715251629476,0.15639747883165817,0.08045510852876125,0.4203162275977674
HydraulicSystems,1,auto_k2_min_0.08,DynVAR-Lasso Weighted Ridge,10.0,0.01,4.0,1.0,2,True,0.08,False,0.04770408562543663,617,2,1,0.0,0.6353322528363047,0.9766612641815235,0:392;1:225,0:617,"{""0"": ""0""}",0.04620691668590297,0.15727285234930924,0.0808145435651507,0.4228838884219903
HydraulicSystems,1,auto_k2_min_0.08,STCG-v1 Weighted Ridge,10.0,0.01,4.0,1.0,2,True,0.08,False,0.04770408562543663,617,2,1,0.0,0.6353322528363047,0.9766612641815235,0:392;1:225,0:617,"{""0"": ""0""}",0.04620691668590297,0.15727285234930924,0.0808145435651507,0.4228838884219903
HydraulicSystems,1,auto_k2_min_0.08,DynVAR-Lasso Weighted Ridge,10.0,0.1,1.0,1.0,2,True,0.08,False,0.04770408562543663,617,2,1,0.0,0.6353322528363047,0.9766612641815235,0:392;1:225,0:617,"{""0"": ""0""}",0.04660194681566256,0.15636006459643953,0.08044381286297231,0.42020302462776243
HydraulicSystems,1,auto_k2_min_0.08,STCG-v1 Weighted Ridge,10.0,0.1,1.0,1.0,2,True,0.08,False,0.04770408562543663,617,2,1,0.0,0.6353322528363047,0.9766612641815235,0:392;1:225,0:617,"{""0"": ""0""}",0.04660194681566256,0.15636006459643953,0.08044381286297231,0.42020302462776243
HydraulicSystems,1,auto_k2_min_0.08,DynVAR-Lasso Weighted Ridge,10.0,0.1,4.0,1.0,2,True,0.08,False,0.04770408562543663,617,2,1,0.0,0.6353322528363047,0.9766612641815235,0:392;1:225,0:617,"{""0"": ""0""}",0.04643463854394903,0.15677109242069784,0.08059412166258888,0.42143100515579135
HydraulicSystems,1,auto_k2_min_0.08,STCG-v1 Weighted Ridge,10.0,0.1,4.0,1.0,2,True,0.08,False,0.04770408562543663,617,2,1,0.0,0.6353322528363047,0.9766612641815235,0:392;1:225,0:617,"{""0"": ""0""}",0.04643463854394903,0.15677109242069784,0.08059412166258888,0.42143100515579135
HydraulicSystems,1,auto_k2_min_0.08,Dense Ridge,100.0,,,,2,True,0.08,False,0.04770408562543663,617,2,1,0.0,0.6353322528363047,0.9766612641815235,0:392;1:225,0:617,"{""0"": ""0""}",0.04726797834190943,0.156980386286702,0.08144405078576797,0.4219199848790695
HydraulicSystems,1,auto_k2_min_0.08,DynVAR-Lasso Weighted Ridge,100.0,0.01,1.0,1.0,2,True,0.08,False,0.04770408562543663,617,2,1,0.0,0.6353322528363047,0.9766612641815235,0:392;1:225,0:617,"{""0"": ""0""}",0.04704721147864152,0.15733125428747502,0.08153015605464198,0.42290278005860427
HydraulicSystems,1,auto_k2_min_0.08,STCG-v1 Weighted Ridge,100.0,0.01,1.0,1.0,2,True,0.08,False,0.04770408562543663,617,2,1,0.0,0.6353322528363047,0.9766612641815235,0:392;1:225,0:617,"{""0"": ""0""}",0.04704721147864152,0.15733125428747502,0.08153015605464198,0.42290278005860427
HydraulicSystems,1,auto_k2_min_0.08,DynVAR-Lasso Weighted Ridge,100.0,0.01,4.0,1.0,2,True,0.08,False,0.04770408562543663,617,2,1,0.0,0.6353322528363047,0.9766612641815235,0:392;1:225,0:617,"{""0"": ""0""}",0.04630606203404213,0.1580699413873624,0.08182273516528321,0.4247732266123706
HydraulicSystems,1,auto_k2_min_0.08,STCG-v1 Weighted Ridge,100.0,0.01,4.0,1.0,2,True,0.08,False,0.04770408562543663,617,2,1,0.0,0.6353322528363047,0.9766612641815235,0:392;1:225,0:617,"{""0"": ""0""}",0.04630606203404213,0.1580699413873624,0.08182273516528321,0.4247732266123706
HydraulicSystems,1,auto_k2_min_0.08,DynVAR-Lasso Weighted Ridge,100.0,0.1,1.0,1.0,2,True,0.08,False,0.04770408562543663,617,2,1,0.0,0.6353322528363047,0.9766612641815235,0:392;1:225,0:617,"{""0"": ""0""}",0.0470759319111906,0.1572743920113568,0.08151401548300558,0.42274593282350403
HydraulicSystems,1,auto_k2_min_0.08,STCG-v1 Weighted Ridge,100.0,0.1,1.0,1.0,2,True,0.08,False,0.04770408562543663,617,2,1,0.0,0.6353322528363047,0.9766612641815235,0:392;1:225,0:617,"{""0"": ""0""}",0.0470759319111906,0.1572743920113568,0.08151401548300558,0.42274593282350403
HydraulicSystems,1,auto_k2_min_0.08,DynVAR-Lasso Weighted Ridge,100.0,0.1,4.0,1.0,2,True,0.08,False,0.04770408562543663,617,2,1,0.0,0.6353322528363047,0.9766612641815235,0:392;1:225,0:617,"{""0"": ""0""}",0.04678289265751311,0.15778273478770255,0.08165677040965295,0.42413500873564997
HydraulicSystems,1,auto_k2_min_0.08,STCG-v1 Weighted Ridge,100.0,0.1,4.0,1.0,2,True,0.08,False,0.04770408562543663,617,2,1,0.0,0.6353322528363047,0.9766612641815235,0:392;1:225,0:617,"{""0"": ""0""}",0.04678289265751311,0.15778273478770255,0.08165677040965295,0.42413500873564997
HydraulicSystems,1,auto_k2_min_0.12,Dense Ridge,1.0,,,,2,True,0.12,False,0.04770408562543663,617,2,1,0.0,0.6353322528363047,0.9766612641815235,0:392;1:225,0:617,"{""0"": ""0""}",0.04644940013362614,0.1554111584263074,0.07982692614779191,0.4172899154690502
HydraulicSystems,1,auto_k2_min_0.12,DynVAR-Lasso Weighted Ridge,1.0,0.01,1.0,1.0,2,True,0.12,False,0.04770408562543663,617,2,1,0.0,0.6353322528363047,0.9766612641815235,0:392;1:225,0:617,"{""0"": ""0""}",0.04638746701867529,0.1555619216154146,0.07988075323901575,0.4178030794883989
HydraulicSystems,1,auto_k2_min_0.12,STCG-v1 Weighted Ridge,1.0,0.01,1.0,1.0,2,True,0.12,False,0.04770408562543663,617,2,1,0.0,0.6353322528363047,0.9766612641815235,0:392;1:225,0:617,"{""0"": ""0""}",0.04638746701867529,0.1555619216154146,0.07988075323901575,0.4178030794883989
HydraulicSystems,1,auto_k2_min_0.12,DynVAR-Lasso Weighted Ridge,1.0,0.01,4.0,1.0,2,True,0.12,False,0.04770408562543663,617,2,1,0.0,0.6353322528363047,0.9766612641815235,0:392;1:225,0:617,"{""0"": ""0""}",0.04626145354482729,0.15626936727999047,0.08017131174708587,0.4200149064170081
HydraulicSystems,1,auto_k2_min_0.12,STCG-v1 Weighted Ridge,1.0,0.01,4.0,1.0,2,True,0.12,False,0.04770408562543663,617,2,1,0.0,0.6353322528363047,0.9766612641815235,0:392;1:225,0:617,"{""0"": ""0""}",0.04626145354482729,0.15626936727999047,0.08017131174708587,0.4200149064170081
HydraulicSystems,1,auto_k2_min_0.12,DynVAR-Lasso Weighted Ridge,1.0,0.1,1.0,1.0,2,True,0.12,False,0.04770408562543663,617,2,1,0.0,0.6353322528363047,0.9766612641815235,0:392;1:225,0:617,"{""0"": ""0""}",0.04639780512558248,0.15553755670423755,0.07987269987609921,0.4177202914303357
HydraulicSystems,1,auto_k2_min_0.12,STCG-v1 Weighted Ridge,1.0,0.1,1.0,1.0,2,True,0.12,False,0.04770408562543663,617,2,1,0.0,0.6353322528363047,0.9766612641815235,0:392;1:225,0:617,"{""0"": ""0""}",0.04639780512558248,0.15553755670423755,0.07987269987609921,0.4177202914303357
HydraulicSystems,1,auto_k2_min_0.12,DynVAR-Lasso Weighted Ridge,1.0,0.1,4.0,1.0,2,True,0.12,False,0.04770408562543663,617,2,1,0.0,0.6353322528363047,0.9766612641815235,0:392;1:225,0:617,"{""0"": ""0""}",0.0463483159144035,0.1558904579322603,0.08002259323592992,0.4188418466816771
HydraulicSystems,1,auto_k2_min_0.12,STCG-v1 Weighted Ridge,1.0,0.1,4.0,1.0,2,True,0.12,False,0.04770408562543663,617,2,1,0.0,0.6353322528363047,0.9766612641815235,0:392;1:225,0:617,"{""0"": ""0""}",0.0463483159144035,0.1558904579322603,0.08002259323592992,0.4188418466816771
HydraulicSystems,1,auto_k2_min_0.12,Dense Ridge,10.0,,,,2,True,0.12,False,0.04770408562543663,617,2,1,0.0,0.6353322528363047,0.9766612641815235,0:392;1:225,0:617,"{""0"": ""0""}",0.046670590127118196,0.15612095111965393,0.08037952092401655,0.4194724308833568
HydraulicSystems,1,auto_k2_min_0.12,DynVAR-Lasso Weighted Ridge,10.0,0.01,1.0,1.0,2,True,0.12,False,0.04770408562543663,617,2,1,0.0,0.6353322528363047,0.9766612641815235,0:392;1:225,0:617,"{""0"": ""0""}",0.04658715251629476,0.15639747883165817,0.08045510852876125,0.4203162275977674
HydraulicSystems,1,auto_k2_min_0.12,STCG-v1 Weighted Ridge,10.0,0.01,1.0,1.0,2,True,0.12,False,0.04770408562543663,617,2,1,0.0,0.6353322528363047,0.9766612641815235,0:392;1:225,0:617,"{""0"": ""0""}",0.04658715251629476,0.15639747883165817,0.08045510852876125,0.4203162275977674
HydraulicSystems,1,auto_k2_min_0.12,DynVAR-Lasso Weighted Ridge,10.0,0.01,4.0,1.0,2,True,0.12,False,0.04770408562543663,617,2,1,0.0,0.6353322528363047,0.9766612641815235,0:392;1:225,0:617,"{""0"": ""0""}",0.04620691668590297,0.15727285234930924,0.0808145435651507,0.4228838884219903
HydraulicSystems,1,auto_k2_min_0.12,STCG-v1 Weighted Ridge,10.0,0.01,4.0,1.0,2,True,0.12,False,0.04770408562543663,617,2,1,0.0,0.6353322528363047,0.9766612641815235,0:392;1:225,0:617,"{""0"": ""0""}",0.04620691668590297,0.15727285234930924,0.0808145435651507,0.4228838884219903
HydraulicSystems,1,auto_k2_min_0.12,DynVAR-Lasso Weighted Ridge,10.0,0.1,1.0,1.0,2,True,0.12,False,0.04770408562543663,617,2,1,0.0,0.6353322528363047,0.9766612641815235,0:392;1:225,0:617,"{""0"": ""0""}",0.04660194681566256,0.15636006459643953,0.08044381286297231,0.42020302462776243
HydraulicSystems,1,auto_k2_min_0.12,STCG-v1 Weighted Ridge,10.0,0.1,1.0,1.0,2,True,0.12,False,0.04770408562543663,617,2,1,0.0,0.6353322528363047,0.9766612641815235,0:392;1:225,0:617,"{""0"": ""0""}",0.04660194681566256,0.15636006459643953,0.08044381286297231,0.42020302462776243
HydraulicSystems,1,auto_k2_min_0.12,DynVAR-Lasso Weighted Ridge,10.0,0.1,4.0,1.0,2,True,0.12,False,0.04770408562543663,617,2,1,0.0,0.6353322528363047,0.9766612641815235,0:392;1:225,0:617,"{""0"": ""0""}",0.04643463854394903,0.15677109242069784,0.08059412166258888,0.42143100515579135
HydraulicSystems,1,auto_k2_min_0.12,STCG-v1 Weighted Ridge,10.0,0.1,4.0,1.0,2,True,0.12,False,0.04770408562543663,617,2,1,0.0,0.6353322528363047,0.9766612641815235,0:392;1:225,0:617,"{""0"": ""0""}",0.04643463854394903,0.15677109242069784,0.08059412166258888,0.42143100515579135
HydraulicSystems,1,auto_k2_min_0.12,Dense Ridge,100.0,,,,2,True,0.12,False,0.04770408562543663,617,2,1,0.0,0.6353322528363047,0.9766612641815235,0:392;1:225,0:617,"{""0"": ""0""}",0.04726797834190943,0.156980386286702,0.08144405078576797,0.4219199848790695
HydraulicSystems,1,auto_k2_min_0.12,DynVAR-Lasso Weighted Ridge,100.0,0.01,1.0,1.0,2,True,0.12,False,0.04770408562543663,617,2,1,0.0,0.6353322528363047,0.9766612641815235,0:392;1:225,0:617,"{""0"": ""0""}",0.04704721147864152,0.15733125428747502,0.08153015605464198,0.42290278005860427
HydraulicSystems,1,auto_k2_min_0.12,STCG-v1 Weighted Ridge,100.0,0.01,1.0,1.0,2,True,0.12,False,0.04770408562543663,617,2,1,0.0,0.6353322528363047,0.9766612641815235,0:392;1:225,0:617,"{""0"": ""0""}",0.04704721147864152,0.15733125428747502,0.08153015605464198,0.42290278005860427
HydraulicSystems,1,auto_k2_min_0.12,DynVAR-Lasso Weighted Ridge,100.0,0.01,4.0,1.0,2,True,0.12,False,0.04770408562543663,617,2,1,0.0,0.6353322528363047,0.9766612641815235,0:392;1:225,0:617,"{""0"": ""0""}",0.04630606203404213,0.1580699413873624,0.08182273516528321,0.4247732266123706
HydraulicSystems,1,auto_k2_min_0.12,STCG-v1 Weighted Ridge,100.0,0.01,4.0,1.0,2,True,0.12,False,0.04770408562543663,617,2,1,0.0,0.6353322528363047,0.9766612641815235,0:392;1:225,0:617,"{""0"": ""0""}",0.04630606203404213,0.1580699413873624,0.08182273516528321,0.4247732266123706
HydraulicSystems,1,auto_k2_min_0.12,DynVAR-Lasso Weighted Ridge,100.0,0.1,1.0,1.0,2,True,0.12,False,0.04770408562543663,617,2,1,0.0,0.6353322528363047,0.9766612641815235,0:392;1:225,0:617,"{""0"": ""0""}",0.0470759319111906,0.1572743920113568,0.08151401548300558,0.42274593282350403
HydraulicSystems,1,auto_k2_min_0.12,STCG-v1 Weighted Ridge,100.0,0.1,1.0,1.0,2,True,0.12,False,0.04770408562543663,617,2,1,0.0,0.6353322528363047,0.9766612641815235,0:392;1:225,0:617,"{""0"": ""0""}",0.0470759319111906,0.1572743920113568,0.08151401548300558,0.42274593282350403
HydraulicSystems,1,auto_k2_min_0.12,DynVAR-Lasso Weighted Ridge,100.0,0.1,4.0,1.0,2,True,0.12,False,0.04770408562543663,617,2,1,0.0,0.6353322528363047,0.9766612641815235,0:392;1:225,0:617,"{""0"": ""0""}",0.04678289265751311,0.15778273478770255,0.08165677040965295,0.42413500873564997
HydraulicSystems,1,auto_k2_min_0.12,STCG-v1 Weighted Ridge,100.0,0.1,4.0,1.0,2,True,0.12,False,0.04770408562543663,617,2,1,0.0,0.6353322528363047,0.9766612641815235,0:392;1:225,0:617,"{""0"": ""0""}",0.04678289265751311,0.15778273478770255,0.08165677040965295,0.42413500873564997
HydraulicSystems,1,auto_k2_min_0.16,Dense Ridge,1.0,,,,2,True,0.16,False,0.04770408562543663,617,2,1,0.0,0.6353322528363047,0.9766612641815235,0:392;1:225,0:617,"{""0"": ""0""}",0.04644940013362614,0.1554111584263074,0.07982692614779191,0.4172899154690502
HydraulicSystems,1,auto_k2_min_0.16,DynVAR-Lasso Weighted Ridge,1.0,0.01,1.0,1.0,2,True,0.16,False,0.04770408562543663,617,2,1,0.0,0.6353322528363047,0.9766612641815235,0:392;1:225,0:617,"{""0"": ""0""}",0.04638746701867529,0.1555619216154146,0.07988075323901575,0.4178030794883989
HydraulicSystems,1,auto_k2_min_0.16,STCG-v1 Weighted Ridge,1.0,0.01,1.0,1.0,2,True,0.16,False,0.04770408562543663,617,2,1,0.0,0.6353322528363047,0.9766612641815235,0:392;1:225,0:617,"{""0"": ""0""}",0.04638746701867529,0.1555619216154146,0.07988075323901575,0.4178030794883989
HydraulicSystems,1,auto_k2_min_0.16,DynVAR-Lasso Weighted Ridge,1.0,0.01,4.0,1.0,2,True,0.16,False,0.04770408562543663,617,2,1,0.0,0.6353322528363047,0.9766612641815235,0:392;1:225,0:617,"{""0"": ""0""}",0.04626145354482729,0.15626936727999047,0.08017131174708587,0.4200149064170081
HydraulicSystems,1,auto_k2_min_0.16,STCG-v1 Weighted Ridge,1.0,0.01,4.0,1.0,2,True,0.16,False,0.04770408562543663,617,2,1,0.0,0.6353322528363047,0.9766612641815235,0:392;1:225,0:617,"{""0"": ""0""}",0.04626145354482729,0.15626936727999047,0.08017131174708587,0.4200149064170081
HydraulicSystems,1,auto_k2_min_0.16,DynVAR-Lasso Weighted Ridge,1.0,0.1,1.0,1.0,2,True,0.16,False,0.04770408562543663,617,2,1,0.0,0.6353322528363047,0.9766612641815235,0:392;1:225,0:617,"{""0"": ""0""}",0.04639780512558248,0.15553755670423755,0.07987269987609921,0.4177202914303357
HydraulicSystems,1,auto_k2_min_0.16,STCG-v1 Weighted Ridge,1.0,0.1,1.0,1.0,2,True,0.16,False,0.04770408562543663,617,2,1,0.0,0.6353322528363047,0.9766612641815235,0:392;1:225,0:617,"{""0"": ""0""}",0.04639780512558248,0.15553755670423755,0.07987269987609921,0.4177202914303357
HydraulicSystems,1,auto_k2_min_0.16,DynVAR-Lasso Weighted Ridge,1.0,0.1,4.0,1.0,2,True,0.16,False,0.04770408562543663,617,2,1,0.0,0.6353322528363047,0.9766612641815235,0:392;1:225,0:617,"{""0"": ""0""}",0.0463483159144035,0.1558904579322603,0.08002259323592992,0.4188418466816771
HydraulicSystems,1,auto_k2_min_0.16,STCG-v1 Weighted Ridge,1.0,0.1,4.0,1.0,2,True,0.16,False,0.04770408562543663,617,2,1,0.0,0.6353322528363047,0.9766612641815235,0:392;1:225,0:617,"{""0"": ""0""}",0.0463483159144035,0.1558904579322603,0.08002259323592992,0.4188418466816771
HydraulicSystems,1,auto_k2_min_0.16,Dense Ridge,10.0,,,,2,True,0.16,False,0.04770408562543663,617,2,1,0.0,0.6353322528363047,0.9766612641815235,0:392;1:225,0:617,"{""0"": ""0""}",0.046670590127118196,0.15612095111965393,0.08037952092401655,0.4194724308833568
HydraulicSystems,1,auto_k2_min_0.16,DynVAR-Lasso Weighted Ridge,10.0,0.01,1.0,1.0,2,True,0.16,False,0.04770408562543663,617,2,1,0.0,0.6353322528363047,0.9766612641815235,0:392;1:225,0:617,"{""0"": ""0""}",0.04658715251629476,0.15639747883165817,0.08045510852876125,0.4203162275977674
HydraulicSystems,1,auto_k2_min_0.16,STCG-v1 Weighted Ridge,10.0,0.01,1.0,1.0,2,True,0.16,False,0.04770408562543663,617,2,1,0.0,0.6353322528363047,0.9766612641815235,0:392;1:225,0:617,"{""0"": ""0""}",0.04658715251629476,0.15639747883165817,0.08045510852876125,0.4203162275977674
HydraulicSystems,1,auto_k2_min_0.16,DynVAR-Lasso Weighted Ridge,10.0,0.01,4.0,1.0,2,True,0.16,False,0.04770408562543663,617,2,1,0.0,0.6353322528363047,0.9766612641815235,0:392;1:225,0:617,"{""0"": ""0""}",0.04620691668590297,0.15727285234930924,0.0808145435651507,0.4228838884219903
HydraulicSystems,1,auto_k2_min_0.16,STCG-v1 Weighted Ridge,10.0,0.01,4.0,1.0,2,True,0.16,False,0.04770408562543663,617,2,1,0.0,0.6353322528363047,0.9766612641815235,0:392;1:225,0:617,"{""0"": ""0""}",0.04620691668590297,0.15727285234930924,0.0808145435651507,0.4228838884219903
HydraulicSystems,1,auto_k2_min_0.16,DynVAR-Lasso Weighted Ridge,10.0,0.1,1.0,1.0,2,True,0.16,False,0.04770408562543663,617,2,1,0.0,0.6353322528363047,0.9766612641815235,0:392;1:225,0:617,"{""0"": ""0""}",0.04660194681566256,0.15636006459643953,0.08044381286297231,0.42020302462776243
HydraulicSystems,1,auto_k2_min_0.16,STCG-v1 Weighted Ridge,10.0,0.1,1.0,1.0,2,True,0.16,False,0.04770408562543663,617,2,1,0.0,0.6353322528363047,0.9766612641815235,0:392;1:225,0:617,"{""0"": ""0""}",0.04660194681566256,0.15636006459643953,0.08044381286297231,0.42020302462776243
HydraulicSystems,1,auto_k2_min_0.16,DynVAR-Lasso Weighted Ridge,10.0,0.1,4.0,1.0,2,True,0.16,False,0.04770408562543663,617,2,1,0.0,0.6353322528363047,0.9766612641815235,0:392;1:225,0:617,"{""0"": ""0""}",0.04643463854394903,0.15677109242069784,0.08059412166258888,0.42143100515579135
HydraulicSystems,1,auto_k2_min_0.16,STCG-v1 Weighted Ridge,10.0,0.1,4.0,1.0,2,True,0.16,False,0.04770408562543663,617,2,1,0.0,0.6353322528363047,0.9766612641815235,0:392;1:225,0:617,"{""0"": ""0""}",0.04643463854394903,0.15677109242069784,0.08059412166258888,0.42143100515579135
HydraulicSystems,1,auto_k2_min_0.16,Dense Ridge,100.0,,,,2,True,0.16,False,0.04770408562543663,617,2,1,0.0,0.6353322528363047,0.9766612641815235,0:392;1:225,0:617,"{""0"": ""0""}",0.04726797834190943,0.156980386286702,0.08144405078576797,0.4219199848790695
HydraulicSystems,1,auto_k2_min_0.16,DynVAR-Lasso Weighted Ridge,100.0,0.01,1.0,1.0,2,True,0.16,False,0.04770408562543663,617,2,1,0.0,0.6353322528363047,0.9766612641815235,0:392;1:225,0:617,"{""0"": ""0""}",0.04704721147864152,0.15733125428747502,0.08153015605464198,0.42290278005860427
HydraulicSystems,1,auto_k2_min_0.16,STCG-v1 Weighted Ridge,100.0,0.01,1.0,1.0,2,True,0.16,False,0.04770408562543663,617,2,1,0.0,0.6353322528363047,0.9766612641815235,0:392;1:225,0:617,"{""0"": ""0""}",0.04704721147864152,0.15733125428747502,0.08153015605464198,0.42290278005860427
HydraulicSystems,1,auto_k2_min_0.16,DynVAR-Lasso Weighted Ridge,100.0,0.01,4.0,1.0,2,True,0.16,False,0.04770408562543663,617,2,1,0.0,0.6353322528363047,0.9766612641815235,0:392;1:225,0:617,"{""0"": ""0""}",0.04630606203404213,0.1580699413873624,0.08182273516528321,0.4247732266123706
HydraulicSystems,1,auto_k2_min_0.16,STCG-v1 Weighted Ridge,100.0,0.01,4.0,1.0,2,True,0.16,False,0.04770408562543663,617,2,1,0.0,0.6353322528363047,0.9766612641815235,0:392;1:225,0:617,"{""0"": ""0""}",0.04630606203404213,0.1580699413873624,0.08182273516528321,0.4247732266123706
HydraulicSystems,1,auto_k2_min_0.16,DynVAR-Lasso Weighted Ridge,100.0,0.1,1.0,1.0,2,True,0.16,False,0.04770408562543663,617,2,1,0.0,0.6353322528363047,0.9766612641815235,0:392;1:225,0:617,"{""0"": ""0""}",0.0470759319111906,0.1572743920113568,0.08151401548300558,0.42274593282350403
HydraulicSystems,1,auto_k2_min_0.16,STCG-v1 Weighted Ridge,100.0,0.1,1.0,1.0,2,True,0.16,False,0.04770408562543663,617,2,1,0.0,0.6353322528363047,0.9766612641815235,0:392;1:225,0:617,"{""0"": ""0""}",0.0470759319111906,0.1572743920113568,0.08151401548300558,0.42274593282350403
HydraulicSystems,1,auto_k2_min_0.16,DynVAR-Lasso Weighted Ridge,100.0,0.1,4.0,1.0,2,True,0.16,False,0.04770408562543663,617,2,1,0.0,0.6353322528363047,0.9766612641815235,0:392;1:225,0:617,"{""0"": ""0""}",0.04678289265751311,0.15778273478770255,0.08165677040965295,0.42413500873564997
HydraulicSystems,1,auto_k2_min_0.16,STCG-v1 Weighted Ridge,100.0,0.1,4.0,1.0,2,True,0.16,False,0.04770408562543663,617,2,1,0.0,0.6353322528363047,0.9766612641815235,0:392;1:225,0:617,"{""0"": ""0""}",0.04678289265751311,0.15778273478770255,0.08165677040965295,0.42413500873564997
HydraulicSystems,1,forced_k2,Dense Ridge,1.0,,,,2,False,0.0,True,0.04770408562543663,617,2,2,-0.0016012096596417745,0.5024311183144247,0.9766612641815235,0:392;1:225,0:321;1:296,"{""0"": ""0"", ""1"": ""1""}",0.04644940013362614,0.1554111584263074,0.07982692614779191,0.4172899154690502
HydraulicSystems,1,forced_k2,DynVAR-Lasso Weighted Ridge,1.0,0.01,1.0,1.0,2,False,0.0,True,0.04770408562543663,617,2,2,-0.0016012096596417745,0.5024311183144247,0.9766612641815235,0:392;1:225,0:321;1:296,"{""0"": ""0"", ""1"": ""1""}",0.04638746701867529,0.1555619216154146,0.07988075323901575,0.4178030794883989
HydraulicSystems,1,forced_k2,STCG-v1 Weighted Ridge,1.0,0.01,1.0,1.0,2,False,0.0,True,0.04770408562543663,617,2,2,-0.0016012096596417745,0.5024311183144247,0.9766612641815235,0:392;1:225,0:321;1:296,"{""0"": ""0"", ""1"": ""1""}",0.046264615802448734,0.15574736229479022,0.07989655711979844,0.4185181381030769
HydraulicSystems,1,forced_k2,DynVAR-Lasso Weighted Ridge,1.0,0.01,4.0,1.0,2,False,0.0,True,0.04770408562543663,617,2,2,-0.0016012096596417745,0.5024311183144247,0.9766612641815235,0:392;1:225,0:321;1:296,"{""0"": ""0"", ""1"": ""1""}",0.04626145354482729,0.15626936727999047,0.08017131174708587,0.4200149064170081
HydraulicSystems,1,forced_k2,STCG-v1 Weighted Ridge,1.0,0.01,4.0,1.0,2,False,0.0,True,0.04770408562543663,617,2,2,-0.0016012096596417745,0.5024311183144247,0.9766612641815235,0:392;1:225,0:321;1:296,"{""0"": ""0"", ""1"": ""1""}",0.0461319609889961,0.15680278797242744,0.08035217541951947,0.4215964140643603
HydraulicSystems,1,forced_k2,DynVAR-Lasso Weighted Ridge,1.0,0.1,1.0,1.0,2,False,0.0,True,0.04770408562543663,617,2,2,-0.0016012096596417745,0.5024311183144247,0.9766612641815235,0:392;1:225,0:321;1:296,"{""0"": ""0"", ""1"": ""1""}",0.04639780512558248,0.15553755670423755,0.07987269987609921,0.4177202914303357
HydraulicSystems,1,forced_k2,STCG-v1 Weighted Ridge,1.0,0.1,1.0,1.0,2,False,0.0,True,0.04770408562543663,617,2,2,-0.0016012096596417745,0.5024311183144247,0.9766612641815235,0:392;1:225,0:321;1:296,"{""0"": ""0"", ""1"": ""1""}",0.04630723493568743,0.15565242882166763,0.07987603623420532,0.4181802545236556
HydraulicSystems,1,forced_k2,DynVAR-Lasso Weighted Ridge,1.0,0.1,4.0,1.0,2,False,0.0,True,0.04770408562543663,617,2,2,-0.0016012096596417745,0.5024311183144247,0.9766612641815235,0:392;1:225,0:321;1:296,"{""0"": ""0"", ""1"": ""1""}",0.0463483159144035,0.1558904579322603,0.08002259323592992,0.4188418466816771
HydraulicSystems,1,forced_k2,STCG-v1 Weighted Ridge,1.0,0.1,4.0,1.0,2,False,0.0,True,0.04770408562543663,617,2,2,-0.0016012096596417745,0.5024311183144247,0.9766612641815235,0:392;1:225,0:321;1:296,"{""0"": ""0"", ""1"": ""1""}",0.04630935649498954,0.1560359102670649,0.08004135448766309,0.4193146941826233
HydraulicSystems,1,forced_k2,Dense Ridge,10.0,,,,2,False,0.0,True,0.04770408562543663,617,2,2,-0.0016012096596417745,0.5024311183144247,0.9766612641815235,0:392;1:225,0:321;1:296,"{""0"": ""0"", ""1"": ""1""}",0.046670590127118196,0.15612095111965393,0.08037952092401655,0.4194724308833568
HydraulicSystems,1,forced_k2,DynVAR-Lasso Weighted Ridge,10.0,0.01,1.0,1.0,2,False,0.0,True,0.04770408562543663,617,2,2,-0.0016012096596417745,0.5024311183144247,0.9766612641815235,0:392;1:225,0:321;1:296,"{""0"": ""0"", ""1"": ""1""}",0.04658715251629476,0.15639747883165817,0.08045510852876125,0.4203162275977674
HydraulicSystems,1,forced_k2,STCG-v1 Weighted Ridge,10.0,0.01,1.0,1.0,2,False,0.0,True,0.04770408562543663,617,2,2,-0.0016012096596417745,0.5024311183144247,0.9766612641815235,0:392;1:225,0:321;1:296,"{""0"": ""0"", ""1"": ""1""}",0.04640894891789572,0.1566905733163886,0.08050757076176433,0.42119790153420067
HydraulicSystems,1,forced_k2,DynVAR-Lasso Weighted Ridge,10.0,0.01,4.0,1.0,2,False,0.0,True,0.04770408562543663,617,2,2,-0.0016012096596417745,0.5024311183144247,0.9766612641815235,0:392;1:225,0:321;1:296,"{""0"": ""0"", ""1"": ""1""}",0.04620691668590297,0.15727285234930924,0.0808145435651507,0.4228838884219903
HydraulicSystems,1,forced_k2,STCG-v1 Weighted Ridge,10.0,0.01,4.0,1.0,2,False,0.0,True,0.04770408562543663,617,2,2,-0.0016012096596417745,0.5024311183144247,0.9766612641815235,0:392;1:225,0:321;1:296,"{""0"": ""0"", ""1"": ""1""}",0.046057668183088755,0.15772418221565365,0.08100705850834902,0.4239552578879451
HydraulicSystems,1,forced_k2,DynVAR-Lasso Weighted Ridge,10.0,0.1,1.0,1.0,2,False,0.0,True,0.04770408562543663,617,2,2,-0.0016012096596417745,0.5024311183144247,0.9766612641815235,0:392;1:225,0:321;1:296,"{""0"": ""0"", ""1"": ""1""}",0.04660194681566256,0.15636006459643953,0.08044381286297231,0.42020302462776243
HydraulicSystems,1,forced_k2,STCG-v1 Weighted Ridge,10.0,0.1,1.0,1.0,2,False,0.0,True,0.04770408562543663,617,2,2,-0.0016012096596417745,0.5024311183144247,0.9766612641815235,0:392;1:225,0:321;1:296,"{""0"": ""0"", ""1"": ""1""}",0.04647536600222455,0.15656718247680756,0.0804671365191973,0.4208408232459588
HydraulicSystems,1,forced_k2,DynVAR-Lasso Weighted Ridge,10.0,0.1,4.0,1.0,2,False,0.0,True,0.04770408562543663,617,2,2,-0.0016012096596417745,0.5024311183144247,0.9766612641815235,0:392;1:225,0:321;1:296,"{""0"": ""0"", ""1"": ""1""}",0.04643463854394903,0.15677109242069784,0.08059412166258888,0.42143100515579135
HydraulicSystems,1,forced_k2,STCG-v1 Weighted Ridge,10.0,0.1,4.0,1.0,2,False,0.0,True,0.04770408562543663,617,2,2,-0.0016012096596417745,0.5024311183144247,0.9766612641815235,0:392;1:225,0:321;1:296,"{""0"": ""0"", ""1"": ""1""}",0.046333005751416544,0.15686105642856032,0.08056744073067704,0.42166571948490034
HydraulicSystems,1,forced_k2,Dense Ridge,100.0,,,,2,False,0.0,True,0.04770408562543663,617,2,2,-0.0016012096596417745,0.5024311183144247,0.9766612641815235,0:392;1:225,0:321;1:296,"{""0"": ""0"", ""1"": ""1""}",0.04726797834190943,0.156980386286702,0.08144405078576797,0.4219199848790695
HydraulicSystems,1,forced_k2,DynVAR-Lasso Weighted Ridge,100.0,0.01,1.0,1.0,2,False,0.0,True,0.04770408562543663,617,2,2,-0.0016012096596417745,0.5024311183144247,0.9766612641815235,0:392;1:225,0:321;1:296,"{""0"": ""0"", ""1"": ""1""}",0.04704721147864152,0.15733125428747502,0.08153015605464198,0.42290278005860427
HydraulicSystems,1,forced_k2,STCG-v1 Weighted Ridge,100.0,0.01,1.0,1.0,2,False,0.0,True,0.04770408562543663,617,2,2,-0.0016012096596417745,0.5024311183144247,0.9766612641815235,0:392;1:225,0:321;1:296,"{""0"": ""0"", ""1"": ""1""}",0.046802617037801364,0.15772035808309057,0.08161948165437426,0.4237932828656741
HydraulicSystems,1,forced_k2,DynVAR-Lasso Weighted Ridge,100.0,0.01,4.0,1.0,2,False,0.0,True,0.04770408562543663,617,2,2,-0.0016012096596417745,0.5024311183144247,0.9766612641815235,0:392;1:225,0:321;1:296,"{""0"": ""0"", ""1"": ""1""}",0.04630606203404213,0.1580699413873624,0.08182273516528321,0.4247732266123706
HydraulicSystems,1,forced_k2,STCG-v1 Weighted Ridge,100.0,0.01,4.0,1.0,2,False,0.0,True,0.04770408562543663,617,2,2,-0.0016012096596417745,0.5024311183144247,0.9766612641815235,0:392;1:225,0:321;1:296,"{""0"": ""0"", ""1"": ""1""}",0.04561439883063364,0.15817367329520457,0.08189956159446188,0.4249483688571439
HydraulicSystems,1,forced_k2,DynVAR-Lasso Weighted Ridge,100.0,0.1,1.0,1.0,2,False,0.0,True,0.04770408562543663,617,2,2,-0.0016012096596417745,0.5024311183144247,0.9766612641815235,0:392;1:225,0:321;1:296,"{""0"": ""0"", ""1"": ""1""}",0.0470759319111906,0.1572743920113568,0.08151401548300558,0.42274593282350403
HydraulicSystems,1,forced_k2,STCG-v1 Weighted Ridge,100.0,0.1,1.0,1.0,2,False,0.0,True,0.04770408562543663,617,2,2,-0.0016012096596417745,0.5024311183144247,0.9766612641815235,0:392;1:225,0:321;1:296,"{""0"": ""0"", ""1"": ""1""}",0.04690116125152459,0.15755107035033208,0.08156661012061463,0.4234148244344022
HydraulicSystems,1,forced_k2,DynVAR-Lasso Weighted Ridge,100.0,0.1,4.0,1.0,2,False,0.0,True,0.04770408562543663,617,2,2,-0.0016012096596417745,0.5024311183144247,0.9766612641815235,0:392;1:225,0:321;1:296,"{""0"": ""0"", ""1"": ""1""}",0.04678289265751311,0.15778273478770255,0.08165677040965295,0.42413500873564997
HydraulicSystems,1,forced_k2,STCG-v1 Weighted Ridge,100.0,0.1,4.0,1.0,2,False,0.0,True,0.04770408562543663,617,2,2,-0.0016012096596417745,0.5024311183144247,0.9766612641815235,0:392;1:225,0:321;1:296,"{""0"": ""0"", ""1"": ""1""}",0.046702037116411035,0.1578865425849094,0.08164751769376226,0.42431431454091456
HydraulicSystems,1,auto_k3_min_0.00,Dense Ridge,1.0,,,,3,True,0.0,True,0.07052086346303117,617,2,3,0.054122245911990594,0.6871961102106969,0.9766612641815235,0:392;1:225,0:117;1:306;2:194,"{""1"": ""0"", ""2"": ""1""}",0.04644940013362614,0.1554111584263074,0.07982692614779191,0.4172899154690502
HydraulicSystems,1,auto_k3_min_0.00,DynVAR-Lasso Weighted Ridge,1.0,0.01,1.0,1.0,3,True,0.0,True,0.07052086346303117,617,2,3,0.054122245911990594,0.6871961102106969,0.9766612641815235,0:392;1:225,0:117;1:306;2:194,"{""1"": ""0"", ""2"": ""1""}",0.04638746701867529,0.1555619216154146,0.07988075323901575,0.4178030794883989
HydraulicSystems,1,auto_k3_min_0.00,STCG-v1 Weighted Ridge,1.0,0.01,1.0,1.0,3,True,0.0,True,0.07052086346303117,617,2,3,0.054122245911990594,0.6871961102106969,0.9766612641815235,0:392;1:225,0:117;1:306;2:194,"{""1"": ""0"", ""2"": ""1""}",0.04626998073733513,0.15568851003624726,0.07987701212586049,0.4183415032529883
HydraulicSystems,1,auto_k3_min_0.00,DynVAR-Lasso Weighted Ridge,1.0,0.01,4.0,1.0,3,True,0.0,True,0.07052086346303117,617,2,3,0.054122245911990594,0.6871961102106969,0.9766612641815235,0:392;1:225,0:117;1:306;2:194,"{""1"": ""0"", ""2"": ""1""}",0.04626145354482729,0.15626936727999047,0.08017131174708587,0.4200149064170081
HydraulicSystems,1,auto_k3_min_0.00,STCG-v1 Weighted Ridge,1.0,0.01,4.0,1.0,3,True,0.0,True,0.07052086346303117,617,2,3,0.054122245911990594,0.6871961102106969,0.9766612641815235,0:392;1:225,0:117;1:306;2:194,"{""1"": ""0"", ""2"": ""1""}",0.046151538337299215,0.15680450073559055,0.08036272165209844,0.4215924438598855
HydraulicSystems,1,auto_k3_min_0.00,DynVAR-Lasso Weighted Ridge,1.0,0.1,1.0,1.0,3,True,0.0,True,0.07052086346303117,617,2,3,0.054122245911990594,0.6871961102106969,0.9766612641815235,0:392;1:225,0:117;1:306;2:194,"{""1"": ""0"", ""2"": ""1""}",0.04639780512558248,0.15553755670423755,0.07987269987609921,0.4177202914303357
HydraulicSystems,1,auto_k3_min_0.00,STCG-v1 Weighted Ridge,1.0,0.1,1.0,1.0,3,True,0.0,True,0.07052086346303117,617,2,3,0.054122245911990594,0.6871961102106969,0.9766612641815235,0:392;1:225,0:117;1:306;2:194,"{""1"": ""0"", ""2"": ""1""}",0.046313243640269425,0.1556134150943039,0.07986349696375379,0.41806285480629163
HydraulicSystems,1,auto_k3_min_0.00,DynVAR-Lasso Weighted Ridge,1.0,0.1,4.0,1.0,3,True,0.0,True,0.07052086346303117,617,2,3,0.054122245911990594,0.6871961102106969,0.9766612641815235,0:392;1:225,0:117;1:306;2:194,"{""1"": ""0"", ""2"": ""1""}",0.0463483159144035,0.1558904579322603,0.08002259323592992,0.4188418466816771
HydraulicSystems,1,auto_k3_min_0.00,STCG-v1 Weighted Ridge,1.0,0.1,4.0,1.0,3,True,0.0,True,0.07052086346303117,617,2,3,0.054122245911990594,0.6871961102106969,0.9766612641815235,0:392;1:225,0:117;1:306;2:194,"{""1"": ""0"", ""2"": ""1""}",0.04629139482550264,0.15596731939465283,0.08002168559767543,0.4191053598136582
HydraulicSystems,1,auto_k3_min_0.00,Dense Ridge,10.0,,,,3,True,0.0,True,0.07052086346303117,617,2,3,0.054122245911990594,0.6871961102106969,0.9766612641815235,0:392;1:225,0:117;1:306;2:194,"{""1"": ""0"", ""2"": ""1""}",0.046670590127118196,0.15612095111965393,0.08037952092401655,0.4194724308833568
HydraulicSystems,1,auto_k3_min_0.00,DynVAR-Lasso Weighted Ridge,10.0,0.01,1.0,1.0,3,True,0.0,True,0.07052086346303117,617,2,3,0.054122245911990594,0.6871961102106969,0.9766612641815235,0:392;1:225,0:117;1:306;2:194,"{""1"": ""0"", ""2"": ""1""}",0.04658715251629476,0.15639747883165817,0.08045510852876125,0.4203162275977674
HydraulicSystems,1,auto_k3_min_0.00,STCG-v1 Weighted Ridge,10.0,0.01,1.0,1.0,3,True,0.0,True,0.07052086346303117,617,2,3,0.054122245911990594,0.6871961102106969,0.9766612641815235,0:392;1:225,0:117;1:306;2:194,"{""1"": ""0"", ""2"": ""1""}",0.04641545861336178,0.1566506026260695,0.08049954720827773,0.42107660652526924
HydraulicSystems,1,auto_k3_min_0.00,DynVAR-Lasso Weighted Ridge,10.0,0.01,4.0,1.0,3,True,0.0,True,0.07052086346303117,617,2,3,0.054122245911990594,0.6871961102106969,0.9766612641815235,0:392;1:225,0:117;1:306;2:194,"{""1"": ""0"", ""2"": ""1""}",0.04620691668590297,0.15727285234930924,0.0808145435651507,0.4228838884219903
HydraulicSystems,1,auto_k3_min_0.00,STCG-v1 Weighted Ridge,10.0,0.01,4.0,1.0,3,True,0.0,True,0.07052086346303117,617,2,3,0.054122245911990594,0.6871961102106969,0.9766612641815235,0:392;1:225,0:117;1:306;2:194,"{""1"": ""0"", ""2"": ""1""}",0.04618259025498472,0.15772456149344205,0.08101578445984474,0.4239534144185021
HydraulicSystems,1,auto_k3_min_0.00,DynVAR-Lasso Weighted Ridge,10.0,0.1,1.0,1.0,3,True,0.0,True,0.07052086346303117,617,2,3,0.054122245911990594,0.6871961102106969,0.9766612641815235,0:392;1:225,0:117;1:306;2:194,"{""1"": ""0"", ""2"": ""1""}",0.04660194681566256,0.15636006459643953,0.08044381286297231,0.42020302462776243
HydraulicSystems,1,auto_k3_min_0.00,STCG-v1 Weighted Ridge,10.0,0.1,1.0,1.0,3,True,0.0,True,0.07052086346303117,617,2,3,0.054122245911990594,0.6871961102106969,0.9766612641815235,0:392;1:225,0:117;1:306;2:194,"{""1"": ""0"", ""2"": ""1""}",0.04647949809497798,0.15653793672534952,0.08046199479585818,0.4207521143050387
HydraulicSystems,1,auto_k3_min_0.00,DynVAR-Lasso Weighted Ridge,10.0,0.1,4.0,1.0,3,True,0.0,True,0.07052086346303117,617,2,3,0.054122245911990594,0.6871961102106969,0.9766612641815235,0:392;1:225,0:117;1:306;2:194,"{""1"": ""0"", ""2"": ""1""}",0.04643463854394903,0.15677109242069784,0.08059412166258888,0.42143100515579135
HydraulicSystems,1,auto_k3_min_0.00,STCG-v1 Weighted Ridge,10.0,0.1,4.0,1.0,3,True,0.0,True,0.07052086346303117,617,2,3,0.054122245911990594,0.6871961102106969,0.9766612641815235,0:392;1:225,0:117;1:306;2:194,"{""1"": ""0"", ""2"": ""1""}",0.04635690971379199,0.15687163467169446,0.08057674355175908,0.4216951511342541
HydraulicSystems,1,auto_k3_min_0.00,Dense Ridge,100.0,,,,3,True,0.0,True,0.07052086346303117,617,2,3,0.054122245911990594,0.6871961102106969,0.9766612641815235,0:392;1:225,0:117;1:306;2:194,"{""1"": ""0"", ""2"": ""1""}",0.04726797834190943,0.156980386286702,0.08144405078576797,0.4219199848790695
HydraulicSystems,1,auto_k3_min_0.00,DynVAR-Lasso Weighted Ridge,100.0,0.01,1.0,1.0,3,True,0.0,True,0.07052086346303117,617,2,3,0.054122245911990594,0.6871961102106969,0.9766612641815235,0:392;1:225,0:117;1:306;2:194,"{""1"": ""0"", ""2"": ""1""}",0.04704721147864152,0.15733125428747502,0.08153015605464198,0.42290278005860427
HydraulicSystems,1,auto_k3_min_0.00,STCG-v1 Weighted Ridge,100.0,0.01,1.0,1.0,3,True,0.0,True,0.07052086346303117,617,2,3,0.054122245911990594,0.6871961102106969,0.9766612641815235,0:392;1:225,0:117;1:306;2:194,"{""1"": ""0"", ""2"": ""1""}",0.04682445061494291,0.15769569140233528,0.08161354940033691,0.4237158166216174
HydraulicSystems,1,auto_k3_min_0.00,DynVAR-Lasso Weighted Ridge,100.0,0.01,4.0,1.0,3,True,0.0,True,0.07052086346303117,617,2,3,0.054122245911990594,0.6871961102106969,0.9766612641815235,0:392;1:225,0:117;1:306;2:194,"{""1"": ""0"", ""2"": ""1""}",0.04630606203404213,0.1580699413873624,0.08182273516528321,0.4247732266123706
HydraulicSystems,1,auto_k3_min_0.00,STCG-v1 Weighted Ridge,100.0,0.01,4.0,1.0,3,True,0.0,True,0.07052086346303117,617,2,3,0.054122245911990594,0.6871961102106969,0.9766612641815235,0:392;1:225,0:117;1:306;2:194,"{""1"": ""0"", ""2"": ""1""}",0.04579688411542623,0.15816376643348057,0.08190224358930556,0.42492200505330974
HydraulicSystems,1,auto_k3_min_0.00,DynVAR-Lasso Weighted Ridge,100.0,0.1,1.0,1.0,3,True,0.0,True,0.07052086346303117,617,2,3,0.054122245911990594,0.6871961102106969,0.9766612641815235,0:392;1:225,0:117;1:306;2:194,"{""1"": ""0"", ""2"": ""1""}",0.0470759319111906,0.1572743920113568,0.08151401548300558,0.42274593282350403
HydraulicSystems,1,auto_k3_min_0.00,STCG-v1 Weighted Ridge,100.0,0.1,1.0,1.0,3,True,0.0,True,0.07052086346303117,617,2,3,0.054122245911990594,0.6871961102106969,0.9766612641815235,0:392;1:225,0:117;1:306;2:194,"{""1"": ""0"", ""2"": ""1""}",0.04691898806098571,0.1575326884112461,0.08156344175817129,0.42335896730726763
HydraulicSystems,1,auto_k3_min_0.00,DynVAR-Lasso Weighted Ridge,100.0,0.1,4.0,1.0,3,True,0.0,True,0.07052086346303117,617,2,3,0.054122245911990594,0.6871961102106969,0.9766612641815235,0:392;1:225,0:117;1:306;2:194,"{""1"": ""0"", ""2"": ""1""}",0.04678289265751311,0.15778273478770255,0.08165677040965295,0.42413500873564997
HydraulicSystems,1,auto_k3_min_0.00,STCG-v1 Weighted Ridge,100.0,0.1,4.0,1.0,3,True,0.0,True,0.07052086346303117,617,2,3,0.054122245911990594,0.6871961102106969,0.9766612641815235,0:392;1:225,0:117;1:306;2:194,"{""1"": ""0"", ""2"": ""1""}",0.04674929293047738,0.15788678869288966,0.08163489633766952,0.42432120039579796
HydraulicSystems,1,auto_k3_min_0.08,Dense Ridge,1.0,,,,3,True,0.08,False,0.07052086346303117,617,2,1,0.0,0.6353322528363047,0.9766612641815235,0:392;1:225,0:617,"{""0"": ""0""}",0.04644940013362614,0.1554111584263074,0.07982692614779191,0.4172899154690502
HydraulicSystems,1,auto_k3_min_0.08,DynVAR-Lasso Weighted Ridge,1.0,0.01,1.0,1.0,3,True,0.08,False,0.07052086346303117,617,2,1,0.0,0.6353322528363047,0.9766612641815235,0:392;1:225,0:617,"{""0"": ""0""}",0.04638746701867529,0.1555619216154146,0.07988075323901575,0.4178030794883989
HydraulicSystems,1,auto_k3_min_0.08,STCG-v1 Weighted Ridge,1.0,0.01,1.0,1.0,3,True,0.08,False,0.07052086346303117,617,2,1,0.0,0.6353322528363047,0.9766612641815235,0:392;1:225,0:617,"{""0"": ""0""}",0.04638746701867529,0.1555619216154146,0.07988075323901575,0.4178030794883989
HydraulicSystems,1,auto_k3_min_0.08,DynVAR-Lasso Weighted Ridge,1.0,0.01,4.0,1.0,3,True,0.08,False,0.07052086346303117,617,2,1,0.0,0.6353322528363047,0.9766612641815235,0:392;1:225,0:617,"{""0"": ""0""}",0.04626145354482729,0.15626936727999047,0.08017131174708587,0.4200149064170081
HydraulicSystems,1,auto_k3_min_0.08,STCG-v1 Weighted Ridge,1.0,0.01,4.0,1.0,3,True,0.08,False,0.07052086346303117,617,2,1,0.0,0.6353322528363047,0.9766612641815235,0:392;1:225,0:617,"{""0"": ""0""}",0.04626145354482729,0.15626936727999047,0.08017131174708587,0.4200149064170081
HydraulicSystems,1,auto_k3_min_0.08,DynVAR-Lasso Weighted Ridge,1.0,0.1,1.0,1.0,3,True,0.08,False,0.07052086346303117,617,2,1,0.0,0.6353322528363047,0.9766612641815235,0:392;1:225,0:617,"{""0"": ""0""}",0.04639780512558248,0.15553755670423755,0.07987269987609921,0.4177202914303357
HydraulicSystems,1,auto_k3_min_0.08,STCG-v1 Weighted Ridge,1.0,0.1,1.0,1.0,3,True,0.08,False,0.07052086346303117,617,2,1,0.0,0.6353322528363047,0.9766612641815235,0:392;1:225,0:617,"{""0"": ""0""}",0.04639780512558248,0.15553755670423755,0.07987269987609921,0.4177202914303357
HydraulicSystems,1,auto_k3_min_0.08,DynVAR-Lasso Weighted Ridge,1.0,0.1,4.0,1.0,3,True,0.08,False,0.07052086346303117,617,2,1,0.0,0.6353322528363047,0.9766612641815235,0:392;1:225,0:617,"{""0"": ""0""}",0.0463483159144035,0.1558904579322603,0.08002259323592992,0.4188418466816771
HydraulicSystems,1,auto_k3_min_0.08,STCG-v1 Weighted Ridge,1.0,0.1,4.0,1.0,3,True,0.08,False,0.07052086346303117,617,2,1,0.0,0.6353322528363047,0.9766612641815235,0:392;1:225,0:617,"{""0"": ""0""}",0.0463483159144035,0.1558904579322603,0.08002259323592992,0.4188418466816771
HydraulicSystems,1,auto_k3_min_0.08,Dense Ridge,10.0,,,,3,True,0.08,False,0.07052086346303117,617,2,1,0.0,0.6353322528363047,0.9766612641815235,0:392;1:225,0:617,"{""0"": ""0""}",0.046670590127118196,0.15612095111965393,0.08037952092401655,0.4194724308833568
HydraulicSystems,1,auto_k3_min_0.08,DynVAR-Lasso Weighted Ridge,10.0,0.01,1.0,1.0,3,True,0.08,False,0.07052086346303117,617,2,1,0.0,0.6353322528363047,0.9766612641815235,0:392;1:225,0:617,"{""0"": ""0""}",0.04658715251629476,0.15639747883165817,0.08045510852876125,0.4203162275977674
HydraulicSystems,1,auto_k3_min_0.08,STCG-v1 Weighted Ridge,10.0,0.01,1.0,1.0,3,True,0.08,False,0.07052086346303117,617,2,1,0.0,0.6353322528363047,0.9766612641815235,0:392;1:225,0:617,"{""0"": ""0""}",0.04658715251629476,0.15639747883165817,0.08045510852876125,0.4203162275977674
HydraulicSystems,1,auto_k3_min_0.08,DynVAR-Lasso Weighted Ridge,10.0,0.01,4.0,1.0,3,True,0.08,False,0.07052086346303117,617,2,1,0.0,0.6353322528363047,0.9766612641815235,0:392;1:225,0:617,"{""0"": ""0""}",0.04620691668590297,0.15727285234930924,0.0808145435651507,0.4228838884219903
HydraulicSystems,1,auto_k3_min_0.08,STCG-v1 Weighted Ridge,10.0,0.01,4.0,1.0,3,True,0.08,False,0.07052086346303117,617,2,1,0.0,0.6353322528363047,0.9766612641815235,0:392;1:225,0:617,"{""0"": ""0""}",0.04620691668590297,0.15727285234930924,0.0808145435651507,0.4228838884219903
HydraulicSystems,1,auto_k3_min_0.08,DynVAR-Lasso Weighted Ridge,10.0,0.1,1.0,1.0,3,True,0.08,False,0.07052086346303117,617,2,1,0.0,0.6353322528363047,0.9766612641815235,0:392;1:225,0:617,"{""0"": ""0""}",0.04660194681566256,0.15636006459643953,0.08044381286297231,0.42020302462776243
HydraulicSystems,1,auto_k3_min_0.08,STCG-v1 Weighted Ridge,10.0,0.1,1.0,1.0,3,True,0.08,False,0.07052086346303117,617,2,1,0.0,0.6353322528363047,0.9766612641815235,0:392;1:225,0:617,"{""0"": ""0""}",0.04660194681566256,0.15636006459643953,0.08044381286297231,0.42020302462776243
HydraulicSystems,1,auto_k3_min_0.08,DynVAR-Lasso Weighted Ridge,10.0,0.1,4.0,1.0,3,True,0.08,False,0.07052086346303117,617,2,1,0.0,0.6353322528363047,0.9766612641815235,0:392;1:225,0:617,"{""0"": ""0""}",0.04643463854394903,0.15677109242069784,0.08059412166258888,0.42143100515579135
HydraulicSystems,1,auto_k3_min_0.08,STCG-v1 Weighted Ridge,10.0,0.1,4.0,1.0,3,True,0.08,False,0.07052086346303117,617,2,1,0.0,0.6353322528363047,0.9766612641815235,0:392;1:225,0:617,"{""0"": ""0""}",0.04643463854394903,0.15677109242069784,0.08059412166258888,0.42143100515579135
HydraulicSystems,1,auto_k3_min_0.08,Dense Ridge,100.0,,,,3,True,0.08,False,0.07052086346303117,617,2,1,0.0,0.6353322528363047,0.9766612641815235,0:392;1:225,0:617,"{""0"": ""0""}",0.04726797834190943,0.156980386286702,0.08144405078576797,0.4219199848790695
HydraulicSystems,1,auto_k3_min_0.08,DynVAR-Lasso Weighted Ridge,100.0,0.01,1.0,1.0,3,True,0.08,False,0.07052086346303117,617,2,1,0.0,0.6353322528363047,0.9766612641815235,0:392;1:225,0:617,"{""0"": ""0""}",0.04704721147864152,0.15733125428747502,0.08153015605464198,0.42290278005860427
HydraulicSystems,1,auto_k3_min_0.08,STCG-v1 Weighted Ridge,100.0,0.01,1.0,1.0,3,True,0.08,False,0.07052086346303117,617,2,1,0.0,0.6353322528363047,0.9766612641815235,0:392;1:225,0:617,"{""0"": ""0""}",0.04704721147864152,0.15733125428747502,0.08153015605464198,0.42290278005860427
HydraulicSystems,1,auto_k3_min_0.08,DynVAR-Lasso Weighted Ridge,100.0,0.01,4.0,1.0,3,True,0.08,False,0.07052086346303117,617,2,1,0.0,0.6353322528363047,0.9766612641815235,0:392;1:225,0:617,"{""0"": ""0""}",0.04630606203404213,0.1580699413873624,0.08182273516528321,0.4247732266123706
HydraulicSystems,1,auto_k3_min_0.08,STCG-v1 Weighted Ridge,100.0,0.01,4.0,1.0,3,True,0.08,False,0.07052086346303117,617,2,1,0.0,0.6353322528363047,0.9766612641815235,0:392;1:225,0:617,"{""0"": ""0""}",0.04630606203404213,0.1580699413873624,0.08182273516528321,0.4247732266123706
HydraulicSystems,1,auto_k3_min_0.08,DynVAR-Lasso Weighted Ridge,100.0,0.1,1.0,1.0,3,True,0.08,False,0.07052086346303117,617,2,1,0.0,0.6353322528363047,0.9766612641815235,0:392;1:225,0:617,"{""0"": ""0""}",0.0470759319111906,0.1572743920113568,0.08151401548300558,0.42274593282350403
HydraulicSystems,1,auto_k3_min_0.08,STCG-v1 Weighted Ridge,100.0,0.1,1.0,1.0,3,True,0.08,False,0.07052086346303117,617,2,1,0.0,0.6353322528363047,0.9766612641815235,0:392;1:225,0:617,"{""0"": ""0""}",0.0470759319111906,0.1572743920113568,0.08151401548300558,0.42274593282350403
HydraulicSystems,1,auto_k3_min_0.08,DynVAR-Lasso Weighted Ridge,100.0,0.1,4.0,1.0,3,True,0.08,False,0.07052086346303117,617,2,1,0.0,0.6353322528363047,0.9766612641815235,0:392;1:225,0:617,"{""0"": ""0""}",0.04678289265751311,0.15778273478770255,0.08165677040965295,0.42413500873564997
HydraulicSystems,1,auto_k3_min_0.08,STCG-v1 Weighted Ridge,100.0,0.1,4.0,1.0,3,True,0.08,False,0.07052086346303117,617,2,1,0.0,0.6353322528363047,0.9766612641815235,0:392;1:225,0:617,"{""0"": ""0""}",0.04678289265751311,0.15778273478770255,0.08165677040965295,0.42413500873564997
HydraulicSystems,1,auto_k3_min_0.12,Dense Ridge,1.0,,,,3,True,0.12,False,0.07052086346303117,617,2,1,0.0,0.6353322528363047,0.9766612641815235,0:392;1:225,0:617,"{""0"": ""0""}",0.04644940013362614,0.1554111584263074,0.07982692614779191,0.4172899154690502
HydraulicSystems,1,auto_k3_min_0.12,DynVAR-Lasso Weighted Ridge,1.0,0.01,1.0,1.0,3,True,0.12,False,0.07052086346303117,617,2,1,0.0,0.6353322528363047,0.9766612641815235,0:392;1:225,0:617,"{""0"": ""0""}",0.04638746701867529,0.1555619216154146,0.07988075323901575,0.4178030794883989
HydraulicSystems,1,auto_k3_min_0.12,STCG-v1 Weighted Ridge,1.0,0.01,1.0,1.0,3,True,0.12,False,0.07052086346303117,617,2,1,0.0,0.6353322528363047,0.9766612641815235,0:392;1:225,0:617,"{""0"": ""0""}",0.04638746701867529,0.1555619216154146,0.07988075323901575,0.4178030794883989
HydraulicSystems,1,auto_k3_min_0.12,DynVAR-Lasso Weighted Ridge,1.0,0.01,4.0,1.0,3,True,0.12,False,0.07052086346303117,617,2,1,0.0,0.6353322528363047,0.9766612641815235,0:392;1:225,0:617,"{""0"": ""0""}",0.04626145354482729,0.15626936727999047,0.08017131174708587,0.4200149064170081
HydraulicSystems,1,auto_k3_min_0.12,STCG-v1 Weighted Ridge,1.0,0.01,4.0,1.0,3,True,0.12,False,0.07052086346303117,617,2,1,0.0,0.6353322528363047,0.9766612641815235,0:392;1:225,0:617,"{""0"": ""0""}",0.04626145354482729,0.15626936727999047,0.08017131174708587,0.4200149064170081
HydraulicSystems,1,auto_k3_min_0.12,DynVAR-Lasso Weighted Ridge,1.0,0.1,1.0,1.0,3,True,0.12,False,0.07052086346303117,617,2,1,0.0,0.6353322528363047,0.9766612641815235,0:392;1:225,0:617,"{""0"": ""0""}",0.04639780512558248,0.15553755670423755,0.07987269987609921,0.4177202914303357
HydraulicSystems,1,auto_k3_min_0.12,STCG-v1 Weighted Ridge,1.0,0.1,1.0,1.0,3,True,0.12,False,0.07052086346303117,617,2,1,0.0,0.6353322528363047,0.9766612641815235,0:392;1:225,0:617,"{""0"": ""0""}",0.04639780512558248,0.15553755670423755,0.07987269987609921,0.4177202914303357
HydraulicSystems,1,auto_k3_min_0.12,DynVAR-Lasso Weighted Ridge,1.0,0.1,4.0,1.0,3,True,0.12,False,0.07052086346303117,617,2,1,0.0,0.6353322528363047,0.9766612641815235,0:392;1:225,0:617,"{""0"": ""0""}",0.0463483159144035,0.1558904579322603,0.08002259323592992,0.4188418466816771
HydraulicSystems,1,auto_k3_min_0.12,STCG-v1 Weighted Ridge,1.0,0.1,4.0,1.0,3,True,0.12,False,0.07052086346303117,617,2,1,0.0,0.6353322528363047,0.9766612641815235,0:392;1:225,0:617,"{""0"": ""0""}",0.0463483159144035,0.1558904579322603,0.08002259323592992,0.4188418466816771
HydraulicSystems,1,auto_k3_min_0.12,Dense Ridge,10.0,,,,3,True,0.12,False,0.07052086346303117,617,2,1,0.0,0.6353322528363047,0.9766612641815235,0:392;1:225,0:617,"{""0"": ""0""}",0.046670590127118196,0.15612095111965393,0.08037952092401655,0.4194724308833568
HydraulicSystems,1,auto_k3_min_0.12,DynVAR-Lasso Weighted Ridge,10.0,0.01,1.0,1.0,3,True,0.12,False,0.07052086346303117,617,2,1,0.0,0.6353322528363047,0.9766612641815235,0:392;1:225,0:617,"{""0"": ""0""}",0.04658715251629476,0.15639747883165817,0.08045510852876125,0.4203162275977674
HydraulicSystems,1,auto_k3_min_0.12,STCG-v1 Weighted Ridge,10.0,0.01,1.0,1.0,3,True,0.12,False,0.07052086346303117,617,2,1,0.0,0.6353322528363047,0.9766612641815235,0:392;1:225,0:617,"{""0"": ""0""}",0.04658715251629476,0.15639747883165817,0.08045510852876125,0.4203162275977674
HydraulicSystems,1,auto_k3_min_0.12,DynVAR-Lasso Weighted Ridge,10.0,0.01,4.0,1.0,3,True,0.12,False,0.07052086346303117,617,2,1,0.0,0.6353322528363047,0.9766612641815235,0:392;1:225,0:617,"{""0"": ""0""}",0.04620691668590297,0.15727285234930924,0.0808145435651507,0.4228838884219903
HydraulicSystems,1,auto_k3_min_0.12,STCG-v1 Weighted Ridge,10.0,0.01,4.0,1.0,3,True,0.12,False,0.07052086346303117,617,2,1,0.0,0.6353322528363047,0.9766612641815235,0:392;1:225,0:617,"{""0"": ""0""}",0.04620691668590297,0.15727285234930924,0.0808145435651507,0.4228838884219903
HydraulicSystems,1,auto_k3_min_0.12,DynVAR-Lasso Weighted Ridge,10.0,0.1,1.0,1.0,3,True,0.12,False,0.07052086346303117,617,2,1,0.0,0.6353322528363047,0.9766612641815235,0:392;1:225,0:617,"{""0"": ""0""}",0.04660194681566256,0.15636006459643953,0.08044381286297231,0.42020302462776243
HydraulicSystems,1,auto_k3_min_0.12,STCG-v1 Weighted Ridge,10.0,0.1,1.0,1.0,3,True,0.12,False,0.07052086346303117,617,2,1,0.0,0.6353322528363047,0.9766612641815235,0:392;1:225,0:617,"{""0"": ""0""}",0.04660194681566256,0.15636006459643953,0.08044381286297231,0.42020302462776243
HydraulicSystems,1,auto_k3_min_0.12,DynVAR-Lasso Weighted Ridge,10.0,0.1,4.0,1.0,3,True,0.12,False,0.07052086346303117,617,2,1,0.0,0.6353322528363047,0.9766612641815235,0:392;1:225,0:617,"{""0"": ""0""}",0.04643463854394903,0.15677109242069784,0.08059412166258888,0.42143100515579135
HydraulicSystems,1,auto_k3_min_0.12,STCG-v1 Weighted Ridge,10.0,0.1,4.0,1.0,3,True,0.12,False,0.07052086346303117,617,2,1,0.0,0.6353322528363047,0.9766612641815235,0:392;1:225,0:617,"{""0"": ""0""}",0.04643463854394903,0.15677109242069784,0.08059412166258888,0.42143100515579135
HydraulicSystems,1,auto_k3_min_0.12,Dense Ridge,100.0,,,,3,True,0.12,False,0.07052086346303117,617,2,1,0.0,0.6353322528363047,0.9766612641815235,0:392;1:225,0:617,"{""0"": ""0""}",0.04726797834190943,0.156980386286702,0.08144405078576797,0.4219199848790695
HydraulicSystems,1,auto_k3_min_0.12,DynVAR-Lasso Weighted Ridge,100.0,0.01,1.0,1.0,3,True,0.12,False,0.07052086346303117,617,2,1,0.0,0.6353322528363047,0.9766612641815235,0:392;1:225,0:617,"{""0"": ""0""}",0.04704721147864152,0.15733125428747502,0.08153015605464198,0.42290278005860427
HydraulicSystems,1,auto_k3_min_0.12,STCG-v1 Weighted Ridge,100.0,0.01,1.0,1.0,3,True,0.12,False,0.07052086346303117,617,2,1,0.0,0.6353322528363047,0.9766612641815235,0:392;1:225,0:617,"{""0"": ""0""}",0.04704721147864152,0.15733125428747502,0.08153015605464198,0.42290278005860427
HydraulicSystems,1,auto_k3_min_0.12,DynVAR-Lasso Weighted Ridge,100.0,0.01,4.0,1.0,3,True,0.12,False,0.07052086346303117,617,2,1,0.0,0.6353322528363047,0.9766612641815235,0:392;1:225,0:617,"{""0"": ""0""}",0.04630606203404213,0.1580699413873624,0.08182273516528321,0.4247732266123706
HydraulicSystems,1,auto_k3_min_0.12,STCG-v1 Weighted Ridge,100.0,0.01,4.0,1.0,3,True,0.12,False,0.07052086346303117,617,2,1,0.0,0.6353322528363047,0.9766612641815235,0:392;1:225,0:617,"{""0"": ""0""}",0.04630606203404213,0.1580699413873624,0.08182273516528321,0.4247732266123706
HydraulicSystems,1,auto_k3_min_0.12,DynVAR-Lasso Weighted Ridge,100.0,0.1,1.0,1.0,3,True,0.12,False,0.07052086346303117,617,2,1,0.0,0.6353322528363047,0.9766612641815235,0:392;1:225,0:617,"{""0"": ""0""}",0.0470759319111906,0.1572743920113568,0.08151401548300558,0.42274593282350403
HydraulicSystems,1,auto_k3_min_0.12,STCG-v1 Weighted Ridge,100.0,0.1,1.0,1.0,3,True,0.12,False,0.07052086346303117,617,2,1,0.0,0.6353322528363047,0.9766612641815235,0:392;1:225,0:617,"{""0"": ""0""}",0.0470759319111906,0.1572743920113568,0.08151401548300558,0.42274593282350403
HydraulicSystems,1,auto_k3_min_0.12,DynVAR-Lasso Weighted Ridge,100.0,0.1,4.0,1.0,3,True,0.12,False,0.07052086346303117,617,2,1,0.0,0.6353322528363047,0.9766612641815235,0:392;1:225,0:617,"{""0"": ""0""}",0.04678289265751311,0.15778273478770255,0.08165677040965295,0.42413500873564997
HydraulicSystems,1,auto_k3_min_0.12,STCG-v1 Weighted Ridge,100.0,0.1,4.0,1.0,3,True,0.12,False,0.07052086346303117,617,2,1,0.0,0.6353322528363047,0.9766612641815235,0:392;1:225,0:617,"{""0"": ""0""}",0.04678289265751311,0.15778273478770255,0.08165677040965295,0.42413500873564997
HydraulicSystems,1,auto_k3_min_0.16,Dense Ridge,1.0,,,,3,True,0.16,False,0.07052086346303117,617,2,1,0.0,0.6353322528363047,0.9766612641815235,0:392;1:225,0:617,"{""0"": ""0""}",0.04644940013362614,0.1554111584263074,0.07982692614779191,0.4172899154690502
HydraulicSystems,1,auto_k3_min_0.16,DynVAR-Lasso Weighted Ridge,1.0,0.01,1.0,1.0,3,True,0.16,False,0.07052086346303117,617,2,1,0.0,0.6353322528363047,0.9766612641815235,0:392;1:225,0:617,"{""0"": ""0""}",0.04638746701867529,0.1555619216154146,0.07988075323901575,0.4178030794883989
HydraulicSystems,1,auto_k3_min_0.16,STCG-v1 Weighted Ridge,1.0,0.01,1.0,1.0,3,True,0.16,False,0.07052086346303117,617,2,1,0.0,0.6353322528363047,0.9766612641815235,0:392;1:225,0:617,"{""0"": ""0""}",0.04638746701867529,0.1555619216154146,0.07988075323901575,0.4178030794883989
HydraulicSystems,1,auto_k3_min_0.16,DynVAR-Lasso Weighted Ridge,1.0,0.01,4.0,1.0,3,True,0.16,False,0.07052086346303117,617,2,1,0.0,0.6353322528363047,0.9766612641815235,0:392;1:225,0:617,"{""0"": ""0""}",0.04626145354482729,0.15626936727999047,0.08017131174708587,0.4200149064170081
HydraulicSystems,1,auto_k3_min_0.16,STCG-v1 Weighted Ridge,1.0,0.01,4.0,1.0,3,True,0.16,False,0.07052086346303117,617,2,1,0.0,0.6353322528363047,0.9766612641815235,0:392;1:225,0:617,"{""0"": ""0""}",0.04626145354482729,0.15626936727999047,0.08017131174708587,0.4200149064170081
HydraulicSystems,1,auto_k3_min_0.16,DynVAR-Lasso Weighted Ridge,1.0,0.1,1.0,1.0,3,True,0.16,False,0.07052086346303117,617,2,1,0.0,0.6353322528363047,0.9766612641815235,0:392;1:225,0:617,"{""0"": ""0""}",0.04639780512558248,0.15553755670423755,0.07987269987609921,0.4177202914303357
HydraulicSystems,1,auto_k3_min_0.16,STCG-v1 Weighted Ridge,1.0,0.1,1.0,1.0,3,True,0.16,False,0.07052086346303117,617,2,1,0.0,0.6353322528363047,0.9766612641815235,0:392;1:225,0:617,"{""0"": ""0""}",0.04639780512558248,0.15553755670423755,0.07987269987609921,0.4177202914303357
HydraulicSystems,1,auto_k3_min_0.16,DynVAR-Lasso Weighted Ridge,1.0,0.1,4.0,1.0,3,True,0.16,False,0.07052086346303117,617,2,1,0.0,0.6353322528363047,0.9766612641815235,0:392;1:225,0:617,"{""0"": ""0""}",0.0463483159144035,0.1558904579322603,0.08002259323592992,0.4188418466816771
HydraulicSystems,1,auto_k3_min_0.16,STCG-v1 Weighted Ridge,1.0,0.1,4.0,1.0,3,True,0.16,False,0.07052086346303117,617,2,1,0.0,0.6353322528363047,0.9766612641815235,0:392;1:225,0:617,"{""0"": ""0""}",0.0463483159144035,0.1558904579322603,0.08002259323592992,0.4188418466816771
HydraulicSystems,1,auto_k3_min_0.16,Dense Ridge,10.0,,,,3,True,0.16,False,0.07052086346303117,617,2,1,0.0,0.6353322528363047,0.9766612641815235,0:392;1:225,0:617,"{""0"": ""0""}",0.046670590127118196,0.15612095111965393,0.08037952092401655,0.4194724308833568
HydraulicSystems,1,auto_k3_min_0.16,DynVAR-Lasso Weighted Ridge,10.0,0.01,1.0,1.0,3,True,0.16,False,0.07052086346303117,617,2,1,0.0,0.6353322528363047,0.9766612641815235,0:392;1:225,0:617,"{""0"": ""0""}",0.04658715251629476,0.15639747883165817,0.08045510852876125,0.4203162275977674
HydraulicSystems,1,auto_k3_min_0.16,STCG-v1 Weighted Ridge,10.0,0.01,1.0,1.0,3,True,0.16,False,0.07052086346303117,617,2,1,0.0,0.6353322528363047,0.9766612641815235,0:392;1:225,0:617,"{""0"": ""0""}",0.04658715251629476,0.15639747883165817,0.08045510852876125,0.4203162275977674
HydraulicSystems,1,auto_k3_min_0.16,DynVAR-Lasso Weighted Ridge,10.0,0.01,4.0,1.0,3,True,0.16,False,0.07052086346303117,617,2,1,0.0,0.6353322528363047,0.9766612641815235,0:392;1:225,0:617,"{""0"": ""0""}",0.04620691668590297,0.15727285234930924,0.0808145435651507,0.4228838884219903
HydraulicSystems,1,auto_k3_min_0.16,STCG-v1 Weighted Ridge,10.0,0.01,4.0,1.0,3,True,0.16,False,0.07052086346303117,617,2,1,0.0,0.6353322528363047,0.9766612641815235,0:392;1:225,0:617,"{""0"": ""0""}",0.04620691668590297,0.15727285234930924,0.0808145435651507,0.4228838884219903
HydraulicSystems,1,auto_k3_min_0.16,DynVAR-Lasso Weighted Ridge,10.0,0.1,1.0,1.0,3,True,0.16,False,0.07052086346303117,617,2,1,0.0,0.6353322528363047,0.9766612641815235,0:392;1:225,0:617,"{""0"": ""0""}",0.04660194681566256,0.15636006459643953,0.08044381286297231,0.42020302462776243
HydraulicSystems,1,auto_k3_min_0.16,STCG-v1 Weighted Ridge,10.0,0.1,1.0,1.0,3,True,0.16,False,0.07052086346303117,617,2,1,0.0,0.6353322528363047,0.9766612641815235,0:392;1:225,0:617,"{""0"": ""0""}",0.04660194681566256,0.15636006459643953,0.08044381286297231,0.42020302462776243
HydraulicSystems,1,auto_k3_min_0.16,DynVAR-Lasso Weighted Ridge,10.0,0.1,4.0,1.0,3,True,0.16,False,0.07052086346303117,617,2,1,0.0,0.6353322528363047,0.9766612641815235,0:392;1:225,0:617,"{""0"": ""0""}",0.04643463854394903,0.15677109242069784,0.08059412166258888,0.42143100515579135
HydraulicSystems,1,auto_k3_min_0.16,STCG-v1 Weighted Ridge,10.0,0.1,4.0,1.0,3,True,0.16,False,0.07052086346303117,617,2,1,0.0,0.6353322528363047,0.9766612641815235,0:392;1:225,0:617,"{""0"": ""0""}",0.04643463854394903,0.15677109242069784,0.08059412166258888,0.42143100515579135
HydraulicSystems,1,auto_k3_min_0.16,Dense Ridge,100.0,,,,3,True,0.16,False,0.07052086346303117,617,2,1,0.0,0.6353322528363047,0.9766612641815235,0:392;1:225,0:617,"{""0"": ""0""}",0.04726797834190943,0.156980386286702,0.08144405078576797,0.4219199848790695
HydraulicSystems,1,auto_k3_min_0.16,DynVAR-Lasso Weighted Ridge,100.0,0.01,1.0,1.0,3,True,0.16,False,0.07052086346303117,617,2,1,0.0,0.6353322528363047,0.9766612641815235,0:392;1:225,0:617,"{""0"": ""0""}",0.04704721147864152,0.15733125428747502,0.08153015605464198,0.42290278005860427
HydraulicSystems,1,auto_k3_min_0.16,STCG-v1 Weighted Ridge,100.0,0.01,1.0,1.0,3,True,0.16,False,0.07052086346303117,617,2,1,0.0,0.6353322528363047,0.9766612641815235,0:392;1:225,0:617,"{""0"": ""0""}",0.04704721147864152,0.15733125428747502,0.08153015605464198,0.42290278005860427
HydraulicSystems,1,auto_k3_min_0.16,DynVAR-Lasso Weighted Ridge,100.0,0.01,4.0,1.0,3,True,0.16,False,0.07052086346303117,617,2,1,0.0,0.6353322528363047,0.9766612641815235,0:392;1:225,0:617,"{""0"": ""0""}",0.04630606203404213,0.1580699413873624,0.08182273516528321,0.4247732266123706
HydraulicSystems,1,auto_k3_min_0.16,STCG-v1 Weighted Ridge,100.0,0.01,4.0,1.0,3,True,0.16,False,0.07052086346303117,617,2,1,0.0,0.6353322528363047,0.9766612641815235,0:392;1:225,0:617,"{""0"": ""0""}",0.04630606203404213,0.1580699413873624,0.08182273516528321,0.4247732266123706
HydraulicSystems,1,auto_k3_min_0.16,DynVAR-Lasso Weighted Ridge,100.0,0.1,1.0,1.0,3,True,0.16,False,0.07052086346303117,617,2,1,0.0,0.6353322528363047,0.9766612641815235,0:392;1:225,0:617,"{""0"": ""0""}",0.0470759319111906,0.1572743920113568,0.08151401548300558,0.42274593282350403
HydraulicSystems,1,auto_k3_min_0.16,STCG-v1 Weighted Ridge,100.0,0.1,1.0,1.0,3,True,0.16,False,0.07052086346303117,617,2,1,0.0,0.6353322528363047,0.9766612641815235,0:392;1:225,0:617,"{""0"": ""0""}",0.0470759319111906,0.1572743920113568,0.08151401548300558,0.42274593282350403
HydraulicSystems,1,auto_k3_min_0.16,DynVAR-Lasso Weighted Ridge,100.0,0.1,4.0,1.0,3,True,0.16,False,0.07052086346303117,617,2,1,0.0,0.6353322528363047,0.9766612641815235,0:392;1:225,0:617,"{""0"": ""0""}",0.04678289265751311,0.15778273478770255,0.08165677040965295,0.42413500873564997
HydraulicSystems,1,auto_k3_min_0.16,STCG-v1 Weighted Ridge,100.0,0.1,4.0,1.0,3,True,0.16,False,0.07052086346303117,617,2,1,0.0,0.6353322528363047,0.9766612641815235,0:392;1:225,0:617,"{""0"": ""0""}",0.04678289265751311,0.15778273478770255,0.08165677040965295,0.42413500873564997
HydraulicSystems,1,forced_k3,Dense Ridge,1.0,,,,3,False,0.0,True,0.07052086346303117,617,2,3,0.054122245911990594,0.6871961102106969,0.9766612641815235,0:392;1:225,0:117;1:306;2:194,"{""1"": ""0"", ""2"": ""1""}",0.04644940013362614,0.1554111584263074,0.07982692614779191,0.4172899154690502
HydraulicSystems,1,forced_k3,DynVAR-Lasso Weighted Ridge,1.0,0.01,1.0,1.0,3,False,0.0,True,0.07052086346303117,617,2,3,0.054122245911990594,0.6871961102106969,0.9766612641815235,0:392;1:225,0:117;1:306;2:194,"{""1"": ""0"", ""2"": ""1""}",0.04638746701867529,0.1555619216154146,0.07988075323901575,0.4178030794883989
HydraulicSystems,1,forced_k3,STCG-v1 Weighted Ridge,1.0,0.01,1.0,1.0,3,False,0.0,True,0.07052086346303117,617,2,3,0.054122245911990594,0.6871961102106969,0.9766612641815235,0:392;1:225,0:117;1:306;2:194,"{""1"": ""0"", ""2"": ""1""}",0.04626998073733513,0.15568851003624726,0.07987701212586049,0.4183415032529883
HydraulicSystems,1,forced_k3,DynVAR-Lasso Weighted Ridge,1.0,0.01,4.0,1.0,3,False,0.0,True,0.07052086346303117,617,2,3,0.054122245911990594,0.6871961102106969,0.9766612641815235,0:392;1:225,0:117;1:306;2:194,"{""1"": ""0"", ""2"": ""1""}",0.04626145354482729,0.15626936727999047,0.08017131174708587,0.4200149064170081
HydraulicSystems,1,forced_k3,STCG-v1 Weighted Ridge,1.0,0.01,4.0,1.0,3,False,0.0,True,0.07052086346303117,617,2,3,0.054122245911990594,0.6871961102106969,0.9766612641815235,0:392;1:225,0:117;1:306;2:194,"{""1"": ""0"", ""2"": ""1""}",0.046151538337299215,0.15680450073559055,0.08036272165209844,0.4215924438598855
HydraulicSystems,1,forced_k3,DynVAR-Lasso Weighted Ridge,1.0,0.1,1.0,1.0,3,False,0.0,True,0.07052086346303117,617,2,3,0.054122245911990594,0.6871961102106969,0.9766612641815235,0:392;1:225,0:117;1:306;2:194,"{""1"": ""0"", ""2"": ""1""}",0.04639780512558248,0.15553755670423755,0.07987269987609921,0.4177202914303357
HydraulicSystems,1,forced_k3,STCG-v1 Weighted Ridge,1.0,0.1,1.0,1.0,3,False,0.0,True,0.07052086346303117,617,2,3,0.054122245911990594,0.6871961102106969,0.9766612641815235,0:392;1:225,0:117;1:306;2:194,"{""1"": ""0"", ""2"": ""1""}",0.046313243640269425,0.1556134150943039,0.07986349696375379,0.41806285480629163
HydraulicSystems,1,forced_k3,DynVAR-Lasso Weighted Ridge,1.0,0.1,4.0,1.0,3,False,0.0,True,0.07052086346303117,617,2,3,0.054122245911990594,0.6871961102106969,0.9766612641815235,0:392;1:225,0:117;1:306;2:194,"{""1"": ""0"", ""2"": ""1""}",0.0463483159144035,0.1558904579322603,0.08002259323592992,0.4188418466816771
HydraulicSystems,1,forced_k3,STCG-v1 Weighted Ridge,1.0,0.1,4.0,1.0,3,False,0.0,True,0.07052086346303117,617,2,3,0.054122245911990594,0.6871961102106969,0.9766612641815235,0:392;1:225,0:117;1:306;2:194,"{""1"": ""0"", ""2"": ""1""}",0.04629139482550264,0.15596731939465283,0.08002168559767543,0.4191053598136582
HydraulicSystems,1,forced_k3,Dense Ridge,10.0,,,,3,False,0.0,True,0.07052086346303117,617,2,3,0.054122245911990594,0.6871961102106969,0.9766612641815235,0:392;1:225,0:117;1:306;2:194,"{""1"": ""0"", ""2"": ""1""}",0.046670590127118196,0.15612095111965393,0.08037952092401655,0.4194724308833568
HydraulicSystems,1,forced_k3,DynVAR-Lasso Weighted Ridge,10.0,0.01,1.0,1.0,3,False,0.0,True,0.07052086346303117,617,2,3,0.054122245911990594,0.6871961102106969,0.9766612641815235,0:392;1:225,0:117;1:306;2:194,"{""1"": ""0"", ""2"": ""1""}",0.04658715251629476,0.15639747883165817,0.08045510852876125,0.4203162275977674
HydraulicSystems,1,forced_k3,STCG-v1 Weighted Ridge,10.0,0.01,1.0,1.0,3,False,0.0,True,0.07052086346303117,617,2,3,0.054122245911990594,0.6871961102106969,0.9766612641815235,0:392;1:225,0:117;1:306;2:194,"{""1"": ""0"", ""2"": ""1""}",0.04641545861336178,0.1566506026260695,0.08049954720827773,0.42107660652526924
HydraulicSystems,1,forced_k3,DynVAR-Lasso Weighted Ridge,10.0,0.01,4.0,1.0,3,False,0.0,True,0.07052086346303117,617,2,3,0.054122245911990594,0.6871961102106969,0.9766612641815235,0:392;1:225,0:117;1:306;2:194,"{""1"": ""0"", ""2"": ""1""}",0.04620691668590297,0.15727285234930924,0.0808145435651507,0.4228838884219903
HydraulicSystems,1,forced_k3,STCG-v1 Weighted Ridge,10.0,0.01,4.0,1.0,3,False,0.0,True,0.07052086346303117,617,2,3,0.054122245911990594,0.6871961102106969,0.9766612641815235,0:392;1:225,0:117;1:306;2:194,"{""1"": ""0"", ""2"": ""1""}",0.04618259025498472,0.15772456149344205,0.08101578445984474,0.4239534144185021
HydraulicSystems,1,forced_k3,DynVAR-Lasso Weighted Ridge,10.0,0.1,1.0,1.0,3,False,0.0,True,0.07052086346303117,617,2,3,0.054122245911990594,0.6871961102106969,0.9766612641815235,0:392;1:225,0:117;1:306;2:194,"{""1"": ""0"", ""2"": ""1""}",0.04660194681566256,0.15636006459643953,0.08044381286297231,0.42020302462776243
HydraulicSystems,1,forced_k3,STCG-v1 Weighted Ridge,10.0,0.1,1.0,1.0,3,False,0.0,True,0.07052086346303117,617,2,3,0.054122245911990594,0.6871961102106969,0.9766612641815235,0:392;1:225,0:117;1:306;2:194,"{""1"": ""0"", ""2"": ""1""}",0.04647949809497798,0.15653793672534952,0.08046199479585818,0.4207521143050387
HydraulicSystems,1,forced_k3,DynVAR-Lasso Weighted Ridge,10.0,0.1,4.0,1.0,3,False,0.0,True,0.07052086346303117,617,2,3,0.054122245911990594,0.6871961102106969,0.9766612641815235,0:392;1:225,0:117;1:306;2:194,"{""1"": ""0"", ""2"": ""1""}",0.04643463854394903,0.15677109242069784,0.08059412166258888,0.42143100515579135
HydraulicSystems,1,forced_k3,STCG-v1 Weighted Ridge,10.0,0.1,4.0,1.0,3,False,0.0,True,0.07052086346303117,617,2,3,0.054122245911990594,0.6871961102106969,0.9766612641815235,0:392;1:225,0:117;1:306;2:194,"{""1"": ""0"", ""2"": ""1""}",0.04635690971379199,0.15687163467169446,0.08057674355175908,0.4216951511342541
HydraulicSystems,1,forced_k3,Dense Ridge,100.0,,,,3,False,0.0,True,0.07052086346303117,617,2,3,0.054122245911990594,0.6871961102106969,0.9766612641815235,0:392;1:225,0:117;1:306;2:194,"{""1"": ""0"", ""2"": ""1""}",0.04726797834190943,0.156980386286702,0.08144405078576797,0.4219199848790695
HydraulicSystems,1,forced_k3,DynVAR-Lasso Weighted Ridge,100.0,0.01,1.0,1.0,3,False,0.0,True,0.07052086346303117,617,2,3,0.054122245911990594,0.6871961102106969,0.9766612641815235,0:392;1:225,0:117;1:306;2:194,"{""1"": ""0"", ""2"": ""1""}",0.04704721147864152,0.15733125428747502,0.08153015605464198,0.42290278005860427
HydraulicSystems,1,forced_k3,STCG-v1 Weighted Ridge,100.0,0.01,1.0,1.0,3,False,0.0,True,0.07052086346303117,617,2,3,0.054122245911990594,0.6871961102106969,0.9766612641815235,0:392;1:225,0:117;1:306;2:194,"{""1"": ""0"", ""2"": ""1""}",0.04682445061494291,0.15769569140233528,0.08161354940033691,0.4237158166216174
HydraulicSystems,1,forced_k3,DynVAR-Lasso Weighted Ridge,100.0,0.01,4.0,1.0,3,False,0.0,True,0.07052086346303117,617,2,3,0.054122245911990594,0.6871961102106969,0.9766612641815235,0:392;1:225,0:117;1:306;2:194,"{""1"": ""0"", ""2"": ""1""}",0.04630606203404213,0.1580699413873624,0.08182273516528321,0.4247732266123706
HydraulicSystems,1,forced_k3,STCG-v1 Weighted Ridge,100.0,0.01,4.0,1.0,3,False,0.0,True,0.07052086346303117,617,2,3,0.054122245911990594,0.6871961102106969,0.9766612641815235,0:392;1:225,0:117;1:306;2:194,"{""1"": ""0"", ""2"": ""1""}",0.04579688411542623,0.15816376643348057,0.08190224358930556,0.42492200505330974
HydraulicSystems,1,forced_k3,DynVAR-Lasso Weighted Ridge,100.0,0.1,1.0,1.0,3,False,0.0,True,0.07052086346303117,617,2,3,0.054122245911990594,0.6871961102106969,0.9766612641815235,0:392;1:225,0:117;1:306;2:194,"{""1"": ""0"", ""2"": ""1""}",0.0470759319111906,0.1572743920113568,0.08151401548300558,0.42274593282350403
HydraulicSystems,1,forced_k3,STCG-v1 Weighted Ridge,100.0,0.1,1.0,1.0,3,False,0.0,True,0.07052086346303117,617,2,3,0.054122245911990594,0.6871961102106969,0.9766612641815235,0:392;1:225,0:117;1:306;2:194,"{""1"": ""0"", ""2"": ""1""}",0.04691898806098571,0.1575326884112461,0.08156344175817129,0.42335896730726763
HydraulicSystems,1,forced_k3,DynVAR-Lasso Weighted Ridge,100.0,0.1,4.0,1.0,3,False,0.0,True,0.07052086346303117,617,2,3,0.054122245911990594,0.6871961102106969,0.9766612641815235,0:392;1:225,0:117;1:306;2:194,"{""1"": ""0"", ""2"": ""1""}",0.04678289265751311,0.15778273478770255,0.08165677040965295,0.42413500873564997
HydraulicSystems,1,forced_k3,STCG-v1 Weighted Ridge,100.0,0.1,4.0,1.0,3,False,0.0,True,0.07052086346303117,617,2,3,0.054122245911990594,0.6871961102106969,0.9766612641815235,0:392;1:225,0:117;1:306;2:194,"{""1"": ""0"", ""2"": ""1""}",0.04674929293047738,0.15788678869288966,0.08163489633766952,0.42432120039579796
HydraulicSystems,2,auto_k2_min_0.00,Dense Ridge,1.0,,,,2,True,0.0,True,0.047684739291713074,617,2,2,-0.0012430149081966008,0.5089141004862237,0.9766612641815235,0:392;1:225,0:317;1:300,"{""0"": ""0"", ""1"": ""1""}",0.04644940013362614,0.1554111584263074,0.07982692614779191,0.4172899154690502
HydraulicSystems,2,auto_k2_min_0.00,DynVAR-Lasso Weighted Ridge,1.0,0.01,1.0,1.0,2,True,0.0,True,0.047684739291713074,617,2,2,-0.0012430149081966008,0.5089141004862237,0.9766612641815235,0:392;1:225,0:317;1:300,"{""0"": ""0"", ""1"": ""1""}",0.04638746701867529,0.1555619216154146,0.07988075323901575,0.4178030794883989
HydraulicSystems,2,auto_k2_min_0.00,STCG-v1 Weighted Ridge,1.0,0.01,1.0,1.0,2,True,0.0,True,0.047684739291713074,617,2,2,-0.0012430149081966008,0.5089141004862237,0.9766612641815235,0:392;1:225,0:317;1:300,"{""0"": ""0"", ""1"": ""1""}",0.04626509371221145,0.15574757056378774,0.07989687163192186,0.41851857091927586
HydraulicSystems,2,auto_k2_min_0.00,DynVAR-Lasso Weighted Ridge,1.0,0.01,4.0,1.0,2,True,0.0,True,0.047684739291713074,617,2,2,-0.0012430149081966008,0.5089141004862237,0.9766612641815235,0:392;1:225,0:317;1:300,"{""0"": ""0"", ""1"": ""1""}",0.04626145354482729,0.15626936727999047,0.08017131174708587,0.4200149064170081
HydraulicSystems,2,auto_k2_min_0.00,STCG-v1 Weighted Ridge,1.0,0.01,4.0,1.0,2,True,0.0,True,0.047684739291713074,617,2,2,-0.0012430149081966008,0.5089141004862237,0.9766612641815235,0:392;1:225,0:317;1:300,"{""0"": ""0"", ""1"": ""1""}",0.046131943143666955,0.15680097638877383,0.08035191429971786,0.42159117831567083
HydraulicSystems,2,auto_k2_min_0.00,DynVAR-Lasso Weighted Ridge,1.0,0.1,1.0,1.0,2,True,0.0,True,0.047684739291713074,617,2,2,-0.0012430149081966008,0.5089141004862237,0.9766612641815235,0:392;1:225,0:317;1:300,"{""0"": ""0"", ""1"": ""1""}",0.04639780512558248,0.15553755670423755,0.07987269987609921,0.4177202914303357
HydraulicSystems,2,auto_k2_min_0.00,STCG-v1 Weighted Ridge,1.0,0.1,1.0,1.0,2,True,0.0,True,0.047684739291713074,617,2,2,-0.0012430149081966008,0.5089141004862237,0.9766612641815235,0:392;1:225,0:317;1:300,"{""0"": ""0"", ""1"": ""1""}",0.046307408852270276,0.1556527840613982,0.07987629914620475,0.4181812949779129
HydraulicSystems,2,auto_k2_min_0.00,DynVAR-Lasso Weighted Ridge,1.0,0.1,4.0,1.0,2,True,0.0,True,0.047684739291713074,617,2,2,-0.0012430149081966008,0.5089141004862237,0.9766612641815235,0:392;1:225,0:317;1:300,"{""0"": ""0"", ""1"": ""1""}",0.0463483159144035,0.1558904579322603,0.08002259323592992,0.4188418466816771
HydraulicSystems,2,auto_k2_min_0.00,STCG-v1 Weighted Ridge,1.0,0.1,4.0,1.0,2,True,0.0,True,0.047684739291713074,617,2,2,-0.0012430149081966008,0.5089141004862237,0.9766612641815235,0:392;1:225,0:317;1:300,"{""0"": ""0"", ""1"": ""1""}",0.04631059076553928,0.1560381290194446,0.08004236787244873,0.4193215059343456
HydraulicSystems,2,auto_k2_min_0.00,Dense Ridge,10.0,,,,2,True,0.0,True,0.047684739291713074,617,2,2,-0.0012430149081966008,0.5089141004862237,0.9766612641815235,0:392;1:225,0:317;1:300,"{""0"": ""0"", ""1"": ""1""}",0.046670590127118196,0.15612095111965393,0.08037952092401655,0.4194724308833568
HydraulicSystems,2,auto_k2_min_0.00,DynVAR-Lasso Weighted Ridge,10.0,0.01,1.0,1.0,2,True,0.0,True,0.047684739291713074,617,2,2,-0.0012430149081966008,0.5089141004862237,0.9766612641815235,0:392;1:225,0:317;1:300,"{""0"": ""0"", ""1"": ""1""}",0.04658715251629476,0.15639747883165817,0.08045510852876125,0.4203162275977674
HydraulicSystems,2,auto_k2_min_0.00,STCG-v1 Weighted Ridge,10.0,0.01,1.0,1.0,2,True,0.0,True,0.047684739291713074,617,2,2,-0.0012430149081966008,0.5089141004862237,0.9766612641815235,0:392;1:225,0:317;1:300,"{""0"": ""0"", ""1"": ""1""}",0.046409947062495086,0.1566895490602584,0.08050757426179476,0.42119520933994237
HydraulicSystems,2,auto_k2_min_0.00,DynVAR-Lasso Weighted Ridge,10.0,0.01,4.0,1.0,2,True,0.0,True,0.047684739291713074,617,2,2,-0.0012430149081966008,0.5089141004862237,0.9766612641815235,0:392;1:225,0:317;1:300,"{""0"": ""0"", ""1"": ""1""}",0.04620691668590297,0.15727285234930924,0.0808145435651507,0.4228838884219903
HydraulicSystems,2,auto_k2_min_0.00,STCG-v1 Weighted Ridge,10.0,0.01,4.0,1.0,2,True,0.0,True,0.047684739291713074,617,2,2,-0.0012430149081966008,0.5089141004862237,0.9766612641815235,0:392;1:225,0:317;1:300,"{""0"": ""0"", ""1"": ""1""}",0.04605493056380691,0.15772440691393005,0.08100941602013294,0.4239556266289086
HydraulicSystems,2,auto_k2_min_0.00,DynVAR-Lasso Weighted Ridge,10.0,0.1,1.0,1.0,2,True,0.0,True,0.047684739291713074,617,2,2,-0.0012430149081966008,0.5089141004862237,0.9766612641815235,0:392;1:225,0:317;1:300,"{""0"": ""0"", ""1"": ""1""}",0.04660194681566256,0.15636006459643953,0.08044381286297231,0.42020302462776243
HydraulicSystems,2,auto_k2_min_0.00,STCG-v1 Weighted Ridge,10.0,0.1,1.0,1.0,2,True,0.0,True,0.047684739291713074,617,2,2,-0.0012430149081966008,0.5089141004862237,0.9766612641815235,0:392;1:225,0:317;1:300,"{""0"": ""0"", ""1"": ""1""}",0.04647632752407183,0.1565665404239531,0.08046737593321518,0.4208388778495085
HydraulicSystems,2,auto_k2_min_0.00,DynVAR-Lasso Weighted Ridge,10.0,0.1,4.0,1.0,2,True,0.0,True,0.047684739291713074,617,2,2,-0.0012430149081966008,0.5089141004862237,0.9766612641815235,0:392;1:225,0:317;1:300,"{""0"": ""0"", ""1"": ""1""}",0.04643463854394903,0.15677109242069784,0.08059412166258888,0.42143100515579135
HydraulicSystems,2,auto_k2_min_0.00,STCG-v1 Weighted Ridge,10.0,0.1,4.0,1.0,2,True,0.0,True,0.047684739291713074,617,2,2,-0.0012430149081966008,0.5089141004862237,0.9766612641815235,0:392;1:225,0:317;1:300,"{""0"": ""0"", ""1"": ""1""}",0.046334204435173866,0.15686067660994424,0.08056880804110857,0.42166458225725423
HydraulicSystems,2,auto_k2_min_0.00,Dense Ridge,100.0,,,,2,True,0.0,True,0.047684739291713074,617,2,2,-0.0012430149081966008,0.5089141004862237,0.9766612641815235,0:392;1:225,0:317;1:300,"{""0"": ""0"", ""1"": ""1""}",0.04726797834190943,0.156980386286702,0.08144405078576797,0.4219199848790695
HydraulicSystems,2,auto_k2_min_0.00,DynVAR-Lasso Weighted Ridge,100.0,0.01,1.0,1.0,2,True,0.0,True,0.047684739291713074,617,2,2,-0.0012430149081966008,0.5089141004862237,0.9766612641815235,0:392;1:225,0:317;1:300,"{""0"": ""0"", ""1"": ""1""}",0.04704721147864152,0.15733125428747502,0.08153015605464198,0.42290278005860427
HydraulicSystems,2,auto_k2_min_0.00,STCG-v1 Weighted Ridge,100.0,0.01,1.0,1.0,2,True,0.0,True,0.047684739291713074,617,2,2,-0.0012430149081966008,0.5089141004862237,0.9766612641815235,0:392;1:225,0:317;1:300,"{""0"": ""0"", ""1"": ""1""}",0.04680576286900706,0.15772173902606168,0.08162068333054169,0.4237979909499608
HydraulicSystems,2,auto_k2_min_0.00,DynVAR-Lasso Weighted Ridge,100.0,0.01,4.0,1.0,2,True,0.0,True,0.047684739291713074,617,2,2,-0.0012430149081966008,0.5089141004862237,0.9766612641815235,0:392;1:225,0:317;1:300,"{""0"": ""0"", ""1"": ""1""}",0.04630606203404213,0.1580699413873624,0.08182273516528321,0.4247732266123706
HydraulicSystems,2,auto_k2_min_0.00,STCG-v1 Weighted Ridge,100.0,0.01,4.0,1.0,2,True,0.0,True,0.047684739291713074,617,2,2,-0.0012430149081966008,0.5089141004862237,0.9766612641815235,0:392;1:225,0:317;1:300,"{""0"": ""0"", ""1"": ""1""}",0.04560997342891604,0.15817446946714067,0.08190199674505612,0.42495073597565874
HydraulicSystems,2,auto_k2_min_0.00,DynVAR-Lasso Weighted Ridge,100.0,0.1,1.0,1.0,2,True,0.0,True,0.047684739291713074,617,2,2,-0.0012430149081966008,0.5089141004862237,0.9766612641815235,0:392;1:225,0:317;1:300,"{""0"": ""0"", ""1"": ""1""}",0.0470759319111906,0.1572743920113568,0.08151401548300558,0.42274593282350403
HydraulicSystems,2,auto_k2_min_0.00,STCG-v1 Weighted Ridge,100.0,0.1,1.0,1.0,2,True,0.0,True,0.047684739291713074,617,2,2,-0.0012430149081966008,0.5089141004862237,0.9766612641815235,0:392;1:225,0:317;1:300,"{""0"": ""0"", ""1"": ""1""}",0.04690317141155788,0.15755194561324548,0.08156781760197082,0.4234172850026581
HydraulicSystems,2,auto_k2_min_0.00,DynVAR-Lasso Weighted Ridge,100.0,0.1,4.0,1.0,2,True,0.0,True,0.047684739291713074,617,2,2,-0.0012430149081966008,0.5089141004862237,0.9766612641815235,0:392;1:225,0:317;1:300,"{""0"": ""0"", ""1"": ""1""}",0.04678289265751311,0.15778273478770255,0.08165677040965295,0.42413500873564997
HydraulicSystems,2,auto_k2_min_0.00,STCG-v1 Weighted Ridge,100.0,0.1,4.0,1.0,2,True,0.0,True,0.047684739291713074,617,2,2,-0.0012430149081966008,0.5089141004862237,0.9766612641815235,0:392;1:225,0:317;1:300,"{""0"": ""0"", ""1"": ""1""}",0.04670258940006952,0.15788670845697253,0.08164938979219247,0.4243147685868232
HydraulicSystems,2,auto_k2_min_0.08,Dense Ridge,1.0,,,,2,True,0.08,False,0.047684739291713074,617,2,1,0.0,0.6353322528363047,0.9766612641815235,0:392;1:225,0:617,"{""0"": ""0""}",0.04644940013362614,0.1554111584263074,0.07982692614779191,0.4172899154690502
HydraulicSystems,2,auto_k2_min_0.08,DynVAR-Lasso Weighted Ridge,1.0,0.01,1.0,1.0,2,True,0.08,False,0.047684739291713074,617,2,1,0.0,0.6353322528363047,0.9766612641815235,0:392;1:225,0:617,"{""0"": ""0""}",0.04638746701867529,0.1555619216154146,0.07988075323901575,0.4178030794883989
HydraulicSystems,2,auto_k2_min_0.08,STCG-v1 Weighted Ridge,1.0,0.01,1.0,1.0,2,True,0.08,False,0.047684739291713074,617,2,1,0.0,0.6353322528363047,0.9766612641815235,0:392;1:225,0:617,"{""0"": ""0""}",0.04638746701867529,0.1555619216154146,0.07988075323901575,0.4178030794883989
HydraulicSystems,2,auto_k2_min_0.08,DynVAR-Lasso Weighted Ridge,1.0,0.01,4.0,1.0,2,True,0.08,False,0.047684739291713074,617,2,1,0.0,0.6353322528363047,0.9766612641815235,0:392;1:225,0:617,"{""0"": ""0""}",0.04626145354482729,0.15626936727999047,0.08017131174708587,0.4200149064170081
HydraulicSystems,2,auto_k2_min_0.08,STCG-v1 Weighted Ridge,1.0,0.01,4.0,1.0,2,True,0.08,False,0.047684739291713074,617,2,1,0.0,0.6353322528363047,0.9766612641815235,0:392;1:225,0:617,"{""0"": ""0""}",0.04626145354482729,0.15626936727999047,0.08017131174708587,0.4200149064170081
HydraulicSystems,2,auto_k2_min_0.08,DynVAR-Lasso Weighted Ridge,1.0,0.1,1.0,1.0,2,True,0.08,False,0.047684739291713074,617,2,1,0.0,0.6353322528363047,0.9766612641815235,0:392;1:225,0:617,"{""0"": ""0""}",0.04639780512558248,0.15553755670423755,0.07987269987609921,0.4177202914303357
HydraulicSystems,2,auto_k2_min_0.08,STCG-v1 Weighted Ridge,1.0,0.1,1.0,1.0,2,True,0.08,False,0.047684739291713074,617,2,1,0.0,0.6353322528363047,0.9766612641815235,0:392;1:225,0:617,"{""0"": ""0""}",0.04639780512558248,0.15553755670423755,0.07987269987609921,0.4177202914303357
HydraulicSystems,2,auto_k2_min_0.08,DynVAR-Lasso Weighted Ridge,1.0,0.1,4.0,1.0,2,True,0.08,False,0.047684739291713074,617,2,1,0.0,0.6353322528363047,0.9766612641815235,0:392;1:225,0:617,"{""0"": ""0""}",0.0463483159144035,0.1558904579322603,0.08002259323592992,0.4188418466816771
HydraulicSystems,2,auto_k2_min_0.08,STCG-v1 Weighted Ridge,1.0,0.1,4.0,1.0,2,True,0.08,False,0.047684739291713074,617,2,1,0.0,0.6353322528363047,0.9766612641815235,0:392;1:225,0:617,"{""0"": ""0""}",0.0463483159144035,0.1558904579322603,0.08002259323592992,0.4188418466816771
HydraulicSystems,2,auto_k2_min_0.08,Dense Ridge,10.0,,,,2,True,0.08,False,0.047684739291713074,617,2,1,0.0,0.6353322528363047,0.9766612641815235,0:392;1:225,0:617,"{""0"": ""0""}",0.046670590127118196,0.15612095111965393,0.08037952092401655,0.4194724308833568
HydraulicSystems,2,auto_k2_min_0.08,DynVAR-Lasso Weighted Ridge,10.0,0.01,1.0,1.0,2,True,0.08,False,0.047684739291713074,617,2,1,0.0,0.6353322528363047,0.9766612641815235,0:392;1:225,0:617,"{""0"": ""0""}",0.04658715251629476,0.15639747883165817,0.08045510852876125,0.4203162275977674
HydraulicSystems,2,auto_k2_min_0.08,STCG-v1 Weighted Ridge,10.0,0.01,1.0,1.0,2,True,0.08,False,0.047684739291713074,617,2,1,0.0,0.6353322528363047,0.9766612641815235,0:392;1:225,0:617,"{""0"": ""0""}",0.04658715251629476,0.15639747883165817,0.08045510852876125,0.4203162275977674
HydraulicSystems,2,auto_k2_min_0.08,DynVAR-Lasso Weighted Ridge,10.0,0.01,4.0,1.0,2,True,0.08,False,0.047684739291713074,617,2,1,0.0,0.6353322528363047,0.9766612641815235,0:392;1:225,0:617,"{""0"": ""0""}",0.04620691668590297,0.15727285234930924,0.0808145435651507,0.4228838884219903
HydraulicSystems,2,auto_k2_min_0.08,STCG-v1 Weighted Ridge,10.0,0.01,4.0,1.0,2,True,0.08,False,0.047684739291713074,617,2,1,0.0,0.6353322528363047,0.9766612641815235,0:392;1:225,0:617,"{""0"": ""0""}",0.04620691668590297,0.15727285234930924,0.0808145435651507,0.4228838884219903
HydraulicSystems,2,auto_k2_min_0.08,DynVAR-Lasso Weighted Ridge,10.0,0.1,1.0,1.0,2,True,0.08,False,0.047684739291713074,617,2,1,0.0,0.6353322528363047,0.9766612641815235,0:392;1:225,0:617,"{""0"": ""0""}",0.04660194681566256,0.15636006459643953,0.08044381286297231,0.42020302462776243
HydraulicSystems,2,auto_k2_min_0.08,STCG-v1 Weighted Ridge,10.0,0.1,1.0,1.0,2,True,0.08,False,0.047684739291713074,617,2,1,0.0,0.6353322528363047,0.9766612641815235,0:392;1:225,0:617,"{""0"": ""0""}",0.04660194681566256,0.15636006459643953,0.08044381286297231,0.42020302462776243
HydraulicSystems,2,auto_k2_min_0.08,DynVAR-Lasso Weighted Ridge,10.0,0.1,4.0,1.0,2,True,0.08,False,0.047684739291713074,617,2,1,0.0,0.6353322528363047,0.9766612641815235,0:392;1:225,0:617,"{""0"": ""0""}",0.04643463854394903,0.15677109242069784,0.08059412166258888,0.42143100515579135
HydraulicSystems,2,auto_k2_min_0.08,STCG-v1 Weighted Ridge,10.0,0.1,4.0,1.0,2,True,0.08,False,0.047684739291713074,617,2,1,0.0,0.6353322528363047,0.9766612641815235,0:392;1:225,0:617,"{""0"": ""0""}",0.04643463854394903,0.15677109242069784,0.08059412166258888,0.42143100515579135
HydraulicSystems,2,auto_k2_min_0.08,Dense Ridge,100.0,,,,2,True,0.08,False,0.047684739291713074,617,2,1,0.0,0.6353322528363047,0.9766612641815235,0:392;1:225,0:617,"{""0"": ""0""}",0.04726797834190943,0.156980386286702,0.08144405078576797,0.4219199848790695
HydraulicSystems,2,auto_k2_min_0.08,DynVAR-Lasso Weighted Ridge,100.0,0.01,1.0,1.0,2,True,0.08,False,0.047684739291713074,617,2,1,0.0,0.6353322528363047,0.9766612641815235,0:392;1:225,0:617,"{""0"": ""0""}",0.04704721147864152,0.15733125428747502,0.08153015605464198,0.42290278005860427
HydraulicSystems,2,auto_k2_min_0.08,STCG-v1 Weighted Ridge,100.0,0.01,1.0,1.0,2,True,0.08,False,0.047684739291713074,617,2,1,0.0,0.6353322528363047,0.9766612641815235,0:392;1:225,0:617,"{""0"": ""0""}",0.04704721147864152,0.15733125428747502,0.08153015605464198,0.42290278005860427
HydraulicSystems,2,auto_k2_min_0.08,DynVAR-Lasso Weighted Ridge,100.0,0.01,4.0,1.0,2,True,0.08,False,0.047684739291713074,617,2,1,0.0,0.6353322528363047,0.9766612641815235,0:392;1:225,0:617,"{""0"": ""0""}",0.04630606203404213,0.1580699413873624,0.08182273516528321,0.4247732266123706
HydraulicSystems,2,auto_k2_min_0.08,STCG-v1 Weighted Ridge,100.0,0.01,4.0,1.0,2,True,0.08,False,0.047684739291713074,617,2,1,0.0,0.6353322528363047,0.9766612641815235,0:392;1:225,0:617,"{""0"": ""0""}",0.04630606203404213,0.1580699413873624,0.08182273516528321,0.4247732266123706
HydraulicSystems,2,auto_k2_min_0.08,DynVAR-Lasso Weighted Ridge,100.0,0.1,1.0,1.0,2,True,0.08,False,0.047684739291713074,617,2,1,0.0,0.6353322528363047,0.9766612641815235,0:392;1:225,0:617,"{""0"": ""0""}",0.0470759319111906,0.1572743920113568,0.08151401548300558,0.42274593282350403
HydraulicSystems,2,auto_k2_min_0.08,STCG-v1 Weighted Ridge,100.0,0.1,1.0,1.0,2,True,0.08,False,0.047684739291713074,617,2,1,0.0,0.6353322528363047,0.9766612641815235,0:392;1:225,0:617,"{""0"": ""0""}",0.0470759319111906,0.1572743920113568,0.08151401548300558,0.42274593282350403
HydraulicSystems,2,auto_k2_min_0.08,DynVAR-Lasso Weighted Ridge,100.0,0.1,4.0,1.0,2,True,0.08,False,0.047684739291713074,617,2,1,0.0,0.6353322528363047,0.9766612641815235,0:392;1:225,0:617,"{""0"": ""0""}",0.04678289265751311,0.15778273478770255,0.08165677040965295,0.42413500873564997
HydraulicSystems,2,auto_k2_min_0.08,STCG-v1 Weighted Ridge,100.0,0.1,4.0,1.0,2,True,0.08,False,0.047684739291713074,617,2,1,0.0,0.6353322528363047,0.9766612641815235,0:392;1:225,0:617,"{""0"": ""0""}",0.04678289265751311,0.15778273478770255,0.08165677040965295,0.42413500873564997
HydraulicSystems,2,auto_k2_min_0.12,Dense Ridge,1.0,,,,2,True,0.12,False,0.047684739291713074,617,2,1,0.0,0.6353322528363047,0.9766612641815235,0:392;1:225,0:617,"{""0"": ""0""}",0.04644940013362614,0.1554111584263074,0.07982692614779191,0.4172899154690502
HydraulicSystems,2,auto_k2_min_0.12,DynVAR-Lasso Weighted Ridge,1.0,0.01,1.0,1.0,2,True,0.12,False,0.047684739291713074,617,2,1,0.0,0.6353322528363047,0.9766612641815235,0:392;1:225,0:617,"{""0"": ""0""}",0.04638746701867529,0.1555619216154146,0.07988075323901575,0.4178030794883989
HydraulicSystems,2,auto_k2_min_0.12,STCG-v1 Weighted Ridge,1.0,0.01,1.0,1.0,2,True,0.12,False,0.047684739291713074,617,2,1,0.0,0.6353322528363047,0.9766612641815235,0:392;1:225,0:617,"{""0"": ""0""}",0.04638746701867529,0.1555619216154146,0.07988075323901575,0.4178030794883989
HydraulicSystems,2,auto_k2_min_0.12,DynVAR-Lasso Weighted Ridge,1.0,0.01,4.0,1.0,2,True,0.12,False,0.047684739291713074,617,2,1,0.0,0.6353322528363047,0.9766612641815235,0:392;1:225,0:617,"{""0"": ""0""}",0.04626145354482729,0.15626936727999047,0.08017131174708587,0.4200149064170081
HydraulicSystems,2,auto_k2_min_0.12,STCG-v1 Weighted Ridge,1.0,0.01,4.0,1.0,2,True,0.12,False,0.047684739291713074,617,2,1,0.0,0.6353322528363047,0.9766612641815235,0:392;1:225,0:617,"{""0"": ""0""}",0.04626145354482729,0.15626936727999047,0.08017131174708587,0.4200149064170081
HydraulicSystems,2,auto_k2_min_0.12,DynVAR-Lasso Weighted Ridge,1.0,0.1,1.0,1.0,2,True,0.12,False,0.047684739291713074,617,2,1,0.0,0.6353322528363047,0.9766612641815235,0:392;1:225,0:617,"{""0"": ""0""}",0.04639780512558248,0.15553755670423755,0.07987269987609921,0.4177202914303357
HydraulicSystems,2,auto_k2_min_0.12,STCG-v1 Weighted Ridge,1.0,0.1,1.0,1.0,2,True,0.12,False,0.047684739291713074,617,2,1,0.0,0.6353322528363047,0.9766612641815235,0:392;1:225,0:617,"{""0"": ""0""}",0.04639780512558248,0.15553755670423755,0.07987269987609921,0.4177202914303357
HydraulicSystems,2,auto_k2_min_0.12,DynVAR-Lasso Weighted Ridge,1.0,0.1,4.0,1.0,2,True,0.12,False,0.047684739291713074,617,2,1,0.0,0.6353322528363047,0.9766612641815235,0:392;1:225,0:617,"{""0"": ""0""}",0.0463483159144035,0.1558904579322603,0.08002259323592992,0.4188418466816771
HydraulicSystems,2,auto_k2_min_0.12,STCG-v1 Weighted Ridge,1.0,0.1,4.0,1.0,2,True,0.12,False,0.047684739291713074,617,2,1,0.0,0.6353322528363047,0.9766612641815235,0:392;1:225,0:617,"{""0"": ""0""}",0.0463483159144035,0.1558904579322603,0.08002259323592992,0.4188418466816771
HydraulicSystems,2,auto_k2_min_0.12,Dense Ridge,10.0,,,,2,True,0.12,False,0.047684739291713074,617,2,1,0.0,0.6353322528363047,0.9766612641815235,0:392;1:225,0:617,"{""0"": ""0""}",0.046670590127118196,0.15612095111965393,0.08037952092401655,0.4194724308833568
HydraulicSystems,2,auto_k2_min_0.12,DynVAR-Lasso Weighted Ridge,10.0,0.01,1.0,1.0,2,True,0.12,False,0.047684739291713074,617,2,1,0.0,0.6353322528363047,0.9766612641815235,0:392;1:225,0:617,"{""0"": ""0""}",0.04658715251629476,0.15639747883165817,0.08045510852876125,0.4203162275977674
HydraulicSystems,2,auto_k2_min_0.12,STCG-v1 Weighted Ridge,10.0,0.01,1.0,1.0,2,True,0.12,False,0.047684739291713074,617,2,1,0.0,0.6353322528363047,0.9766612641815235,0:392;1:225,0:617,"{""0"": ""0""}",0.04658715251629476,0.15639747883165817,0.08045510852876125,0.4203162275977674
HydraulicSystems,2,auto_k2_min_0.12,DynVAR-Lasso Weighted Ridge,10.0,0.01,4.0,1.0,2,True,0.12,False,0.047684739291713074,617,2,1,0.0,0.6353322528363047,0.9766612641815235,0:392;1:225,0:617,"{""0"": ""0""}",0.04620691668590297,0.15727285234930924,0.0808145435651507,0.4228838884219903
HydraulicSystems,2,auto_k2_min_0.12,STCG-v1 Weighted Ridge,10.0,0.01,4.0,1.0,2,True,0.12,False,0.047684739291713074,617,2,1,0.0,0.6353322528363047,0.9766612641815235,0:392;1:225,0:617,"{""0"": ""0""}",0.04620691668590297,0.15727285234930924,0.0808145435651507,0.4228838884219903
HydraulicSystems,2,auto_k2_min_0.12,DynVAR-Lasso Weighted Ridge,10.0,0.1,1.0,1.0,2,True,0.12,False,0.047684739291713074,617,2,1,0.0,0.6353322528363047,0.9766612641815235,0:392;1:225,0:617,"{""0"": ""0""}",0.04660194681566256,0.15636006459643953,0.08044381286297231,0.42020302462776243
HydraulicSystems,2,auto_k2_min_0.12,STCG-v1 Weighted Ridge,10.0,0.1,1.0,1.0,2,True,0.12,False,0.047684739291713074,617,2,1,0.0,0.6353322528363047,0.9766612641815235,0:392;1:225,0:617,"{""0"": ""0""}",0.04660194681566256,0.15636006459643953,0.08044381286297231,0.42020302462776243
HydraulicSystems,2,auto_k2_min_0.12,DynVAR-Lasso Weighted Ridge,10.0,0.1,4.0,1.0,2,True,0.12,False,0.047684739291713074,617,2,1,0.0,0.6353322528363047,0.9766612641815235,0:392;1:225,0:617,"{""0"": ""0""}",0.04643463854394903,0.15677109242069784,0.08059412166258888,0.42143100515579135
HydraulicSystems,2,auto_k2_min_0.12,STCG-v1 Weighted Ridge,10.0,0.1,4.0,1.0,2,True,0.12,False,0.047684739291713074,617,2,1,0.0,0.6353322528363047,0.9766612641815235,0:392;1:225,0:617,"{""0"": ""0""}",0.04643463854394903,0.15677109242069784,0.08059412166258888,0.42143100515579135
HydraulicSystems,2,auto_k2_min_0.12,Dense Ridge,100.0,,,,2,True,0.12,False,0.047684739291713074,617,2,1,0.0,0.6353322528363047,0.9766612641815235,0:392;1:225,0:617,"{""0"": ""0""}",0.04726797834190943,0.156980386286702,0.08144405078576797,0.4219199848790695
HydraulicSystems,2,auto_k2_min_0.12,DynVAR-Lasso Weighted Ridge,100.0,0.01,1.0,1.0,2,True,0.12,False,0.047684739291713074,617,2,1,0.0,0.6353322528363047,0.9766612641815235,0:392;1:225,0:617,"{""0"": ""0""}",0.04704721147864152,0.15733125428747502,0.08153015605464198,0.42290278005860427
HydraulicSystems,2,auto_k2_min_0.12,STCG-v1 Weighted Ridge,100.0,0.01,1.0,1.0,2,True,0.12,False,0.047684739291713074,617,2,1,0.0,0.6353322528363047,0.9766612641815235,0:392;1:225,0:617,"{""0"": ""0""}",0.04704721147864152,0.15733125428747502,0.08153015605464198,0.42290278005860427
HydraulicSystems,2,auto_k2_min_0.12,DynVAR-Lasso Weighted Ridge,100.0,0.01,4.0,1.0,2,True,0.12,False,0.047684739291713074,617,2,1,0.0,0.6353322528363047,0.9766612641815235,0:392;1:225,0:617,"{""0"": ""0""}",0.04630606203404213,0.1580699413873624,0.08182273516528321,0.4247732266123706
HydraulicSystems,2,auto_k2_min_0.12,STCG-v1 Weighted Ridge,100.0,0.01,4.0,1.0,2,True,0.12,False,0.047684739291713074,617,2,1,0.0,0.6353322528363047,0.9766612641815235,0:392;1:225,0:617,"{""0"": ""0""}",0.04630606203404213,0.1580699413873624,0.08182273516528321,0.4247732266123706
HydraulicSystems,2,auto_k2_min_0.12,DynVAR-Lasso Weighted Ridge,100.0,0.1,1.0,1.0,2,True,0.12,False,0.047684739291713074,617,2,1,0.0,0.6353322528363047,0.9766612641815235,0:392;1:225,0:617,"{""0"": ""0""}",0.0470759319111906,0.1572743920113568,0.08151401548300558,0.42274593282350403
HydraulicSystems,2,auto_k2_min_0.12,STCG-v1 Weighted Ridge,100.0,0.1,1.0,1.0,2,True,0.12,False,0.047684739291713074,617,2,1,0.0,0.6353322528363047,0.9766612641815235,0:392;1:225,0:617,"{""0"": ""0""}",0.0470759319111906,0.1572743920113568,0.08151401548300558,0.42274593282350403
HydraulicSystems,2,auto_k2_min_0.12,DynVAR-Lasso Weighted Ridge,100.0,0.1,4.0,1.0,2,True,0.12,False,0.047684739291713074,617,2,1,0.0,0.6353322528363047,0.9766612641815235,0:392;1:225,0:617,"{""0"": ""0""}",0.04678289265751311,0.15778273478770255,0.08165677040965295,0.42413500873564997
HydraulicSystems,2,auto_k2_min_0.12,STCG-v1 Weighted Ridge,100.0,0.1,4.0,1.0,2,True,0.12,False,0.047684739291713074,617,2,1,0.0,0.6353322528363047,0.9766612641815235,0:392;1:225,0:617,"{""0"": ""0""}",0.04678289265751311,0.15778273478770255,0.08165677040965295,0.42413500873564997
HydraulicSystems,2,auto_k2_min_0.16,Dense Ridge,1.0,,,,2,True,0.16,False,0.047684739291713074,617,2,1,0.0,0.6353322528363047,0.9766612641815235,0:392;1:225,0:617,"{""0"": ""0""}",0.04644940013362614,0.1554111584263074,0.07982692614779191,0.4172899154690502
HydraulicSystems,2,auto_k2_min_0.16,DynVAR-Lasso Weighted Ridge,1.0,0.01,1.0,1.0,2,True,0.16,False,0.047684739291713074,617,2,1,0.0,0.6353322528363047,0.9766612641815235,0:392;1:225,0:617,"{""0"": ""0""}",0.04638746701867529,0.1555619216154146,0.07988075323901575,0.4178030794883989
HydraulicSystems,2,auto_k2_min_0.16,STCG-v1 Weighted Ridge,1.0,0.01,1.0,1.0,2,True,0.16,False,0.047684739291713074,617,2,1,0.0,0.6353322528363047,0.9766612641815235,0:392;1:225,0:617,"{""0"": ""0""}",0.04638746701867529,0.1555619216154146,0.07988075323901575,0.4178030794883989
HydraulicSystems,2,auto_k2_min_0.16,DynVAR-Lasso Weighted Ridge,1.0,0.01,4.0,1.0,2,True,0.16,False,0.047684739291713074,617,2,1,0.0,0.6353322528363047,0.9766612641815235,0:392;1:225,0:617,"{""0"": ""0""}",0.04626145354482729,0.15626936727999047,0.08017131174708587,0.4200149064170081
HydraulicSystems,2,auto_k2_min_0.16,STCG-v1 Weighted Ridge,1.0,0.01,4.0,1.0,2,True,0.16,False,0.047684739291713074,617,2,1,0.0,0.6353322528363047,0.9766612641815235,0:392;1:225,0:617,"{""0"": ""0""}",0.04626145354482729,0.15626936727999047,0.08017131174708587,0.4200149064170081
HydraulicSystems,2,auto_k2_min_0.16,DynVAR-Lasso Weighted Ridge,1.0,0.1,1.0,1.0,2,True,0.16,False,0.047684739291713074,617,2,1,0.0,0.6353322528363047,0.9766612641815235,0:392;1:225,0:617,"{""0"": ""0""}",0.04639780512558248,0.15553755670423755,0.07987269987609921,0.4177202914303357
HydraulicSystems,2,auto_k2_min_0.16,STCG-v1 Weighted Ridge,1.0,0.1,1.0,1.0,2,True,0.16,False,0.047684739291713074,617,2,1,0.0,0.6353322528363047,0.9766612641815235,0:392;1:225,0:617,"{""0"": ""0""}",0.04639780512558248,0.15553755670423755,0.07987269987609921,0.4177202914303357
HydraulicSystems,2,auto_k2_min_0.16,DynVAR-Lasso Weighted Ridge,1.0,0.1,4.0,1.0,2,True,0.16,False,0.047684739291713074,617,2,1,0.0,0.6353322528363047,0.9766612641815235,0:392;1:225,0:617,"{""0"": ""0""}",0.0463483159144035,0.1558904579322603,0.08002259323592992,0.4188418466816771
HydraulicSystems,2,auto_k2_min_0.16,STCG-v1 Weighted Ridge,1.0,0.1,4.0,1.0,2,True,0.16,False,0.047684739291713074,617,2,1,0.0,0.6353322528363047,0.9766612641815235,0:392;1:225,0:617,"{""0"": ""0""}",0.0463483159144035,0.1558904579322603,0.08002259323592992,0.4188418466816771
HydraulicSystems,2,auto_k2_min_0.16,Dense Ridge,10.0,,,,2,True,0.16,False,0.047684739291713074,617,2,1,0.0,0.6353322528363047,0.9766612641815235,0:392;1:225,0:617,"{""0"": ""0""}",0.046670590127118196,0.15612095111965393,0.08037952092401655,0.4194724308833568
HydraulicSystems,2,auto_k2_min_0.16,DynVAR-Lasso Weighted Ridge,10.0,0.01,1.0,1.0,2,True,0.16,False,0.047684739291713074,617,2,1,0.0,0.6353322528363047,0.9766612641815235,0:392;1:225,0:617,"{""0"": ""0""}",0.04658715251629476,0.15639747883165817,0.08045510852876125,0.4203162275977674
HydraulicSystems,2,auto_k2_min_0.16,STCG-v1 Weighted Ridge,10.0,0.01,1.0,1.0,2,True,0.16,False,0.047684739291713074,617,2,1,0.0,0.6353322528363047,0.9766612641815235,0:392;1:225,0:617,"{""0"": ""0""}",0.04658715251629476,0.15639747883165817,0.08045510852876125,0.4203162275977674
HydraulicSystems,2,auto_k2_min_0.16,DynVAR-Lasso Weighted Ridge,10.0,0.01,4.0,1.0,2,True,0.16,False,0.047684739291713074,617,2,1,0.0,0.6353322528363047,0.9766612641815235,0:392;1:225,0:617,"{""0"": ""0""}",0.04620691668590297,0.15727285234930924,0.0808145435651507,0.4228838884219903
HydraulicSystems,2,auto_k2_min_0.16,STCG-v1 Weighted Ridge,10.0,0.01,4.0,1.0,2,True,0.16,False,0.047684739291713074,617,2,1,0.0,0.6353322528363047,0.9766612641815235,0:392;1:225,0:617,"{""0"": ""0""}",0.04620691668590297,0.15727285234930924,0.0808145435651507,0.4228838884219903
HydraulicSystems,2,auto_k2_min_0.16,DynVAR-Lasso Weighted Ridge,10.0,0.1,1.0,1.0,2,True,0.16,False,0.047684739291713074,617,2,1,0.0,0.6353322528363047,0.9766612641815235,0:392;1:225,0:617,"{""0"": ""0""}",0.04660194681566256,0.15636006459643953,0.08044381286297231,0.42020302462776243
HydraulicSystems,2,auto_k2_min_0.16,STCG-v1 Weighted Ridge,10.0,0.1,1.0,1.0,2,True,0.16,False,0.047684739291713074,617,2,1,0.0,0.6353322528363047,0.9766612641815235,0:392;1:225,0:617,"{""0"": ""0""}",0.04660194681566256,0.15636006459643953,0.08044381286297231,0.42020302462776243
HydraulicSystems,2,auto_k2_min_0.16,DynVAR-Lasso Weighted Ridge,10.0,0.1,4.0,1.0,2,True,0.16,False,0.047684739291713074,617,2,1,0.0,0.6353322528363047,0.9766612641815235,0:392;1:225,0:617,"{""0"": ""0""}",0.04643463854394903,0.15677109242069784,0.08059412166258888,0.42143100515579135
HydraulicSystems,2,auto_k2_min_0.16,STCG-v1 Weighted Ridge,10.0,0.1,4.0,1.0,2,True,0.16,False,0.047684739291713074,617,2,1,0.0,0.6353322528363047,0.9766612641815235,0:392;1:225,0:617,"{""0"": ""0""}",0.04643463854394903,0.15677109242069784,0.08059412166258888,0.42143100515579135
HydraulicSystems,2,auto_k2_min_0.16,Dense Ridge,100.0,,,,2,True,0.16,False,0.047684739291713074,617,2,1,0.0,0.6353322528363047,0.9766612641815235,0:392;1:225,0:617,"{""0"": ""0""}",0.04726797834190943,0.156980386286702,0.08144405078576797,0.4219199848790695
HydraulicSystems,2,auto_k2_min_0.16,DynVAR-Lasso Weighted Ridge,100.0,0.01,1.0,1.0,2,True,0.16,False,0.047684739291713074,617,2,1,0.0,0.6353322528363047,0.9766612641815235,0:392;1:225,0:617,"{""0"": ""0""}",0.04704721147864152,0.15733125428747502,0.08153015605464198,0.42290278005860427
HydraulicSystems,2,auto_k2_min_0.16,STCG-v1 Weighted Ridge,100.0,0.01,1.0,1.0,2,True,0.16,False,0.047684739291713074,617,2,1,0.0,0.6353322528363047,0.9766612641815235,0:392;1:225,0:617,"{""0"": ""0""}",0.04704721147864152,0.15733125428747502,0.08153015605464198,0.42290278005860427
HydraulicSystems,2,auto_k2_min_0.16,DynVAR-Lasso Weighted Ridge,100.0,0.01,4.0,1.0,2,True,0.16,False,0.047684739291713074,617,2,1,0.0,0.6353322528363047,0.9766612641815235,0:392;1:225,0:617,"{""0"": ""0""}",0.04630606203404213,0.1580699413873624,0.08182273516528321,0.4247732266123706
HydraulicSystems,2,auto_k2_min_0.16,STCG-v1 Weighted Ridge,100.0,0.01,4.0,1.0,2,True,0.16,False,0.047684739291713074,617,2,1,0.0,0.6353322528363047,0.9766612641815235,0:392;1:225,0:617,"{""0"": ""0""}",0.04630606203404213,0.1580699413873624,0.08182273516528321,0.4247732266123706
HydraulicSystems,2,auto_k2_min_0.16,DynVAR-Lasso Weighted Ridge,100.0,0.1,1.0,1.0,2,True,0.16,False,0.047684739291713074,617,2,1,0.0,0.6353322528363047,0.9766612641815235,0:392;1:225,0:617,"{""0"": ""0""}",0.0470759319111906,0.1572743920113568,0.08151401548300558,0.42274593282350403
HydraulicSystems,2,auto_k2_min_0.16,STCG-v1 Weighted Ridge,100.0,0.1,1.0,1.0,2,True,0.16,False,0.047684739291713074,617,2,1,0.0,0.6353322528363047,0.9766612641815235,0:392;1:225,0:617,"{""0"": ""0""}",0.0470759319111906,0.1572743920113568,0.08151401548300558,0.42274593282350403
HydraulicSystems,2,auto_k2_min_0.16,DynVAR-Lasso Weighted Ridge,100.0,0.1,4.0,1.0,2,True,0.16,False,0.047684739291713074,617,2,1,0.0,0.6353322528363047,0.9766612641815235,0:392;1:225,0:617,"{""0"": ""0""}",0.04678289265751311,0.15778273478770255,0.08165677040965295,0.42413500873564997
HydraulicSystems,2,auto_k2_min_0.16,STCG-v1 Weighted Ridge,100.0,0.1,4.0,1.0,2,True,0.16,False,0.047684739291713074,617,2,1,0.0,0.6353322528363047,0.9766612641815235,0:392;1:225,0:617,"{""0"": ""0""}",0.04678289265751311,0.15778273478770255,0.08165677040965295,0.42413500873564997
HydraulicSystems,2,forced_k2,Dense Ridge,1.0,,,,2,False,0.0,True,0.047684739291713074,617,2,2,-0.0012430149081966008,0.5089141004862237,0.9766612641815235,0:392;1:225,0:317;1:300,"{""0"": ""0"", ""1"": ""1""}",0.04644940013362614,0.1554111584263074,0.07982692614779191,0.4172899154690502
HydraulicSystems,2,forced_k2,DynVAR-Lasso Weighted Ridge,1.0,0.01,1.0,1.0,2,False,0.0,True,0.047684739291713074,617,2,2,-0.0012430149081966008,0.5089141004862237,0.9766612641815235,0:392;1:225,0:317;1:300,"{""0"": ""0"", ""1"": ""1""}",0.04638746701867529,0.1555619216154146,0.07988075323901575,0.4178030794883989
HydraulicSystems,2,forced_k2,STCG-v1 Weighted Ridge,1.0,0.01,1.0,1.0,2,False,0.0,True,0.047684739291713074,617,2,2,-0.0012430149081966008,0.5089141004862237,0.9766612641815235,0:392;1:225,0:317;1:300,"{""0"": ""0"", ""1"": ""1""}",0.04626509371221145,0.15574757056378774,0.07989687163192186,0.41851857091927586
HydraulicSystems,2,forced_k2,DynVAR-Lasso Weighted Ridge,1.0,0.01,4.0,1.0,2,False,0.0,True,0.047684739291713074,617,2,2,-0.0012430149081966008,0.5089141004862237,0.9766612641815235,0:392;1:225,0:317;1:300,"{""0"": ""0"", ""1"": ""1""}",0.04626145354482729,0.15626936727999047,0.08017131174708587,0.4200149064170081
HydraulicSystems,2,forced_k2,STCG-v1 Weighted Ridge,1.0,0.01,4.0,1.0,2,False,0.0,True,0.047684739291713074,617,2,2,-0.0012430149081966008,0.5089141004862237,0.9766612641815235,0:392;1:225,0:317;1:300,"{""0"": ""0"", ""1"": ""1""}",0.046131943143666955,0.15680097638877383,0.08035191429971786,0.42159117831567083
HydraulicSystems,2,forced_k2,DynVAR-Lasso Weighted Ridge,1.0,0.1,1.0,1.0,2,False,0.0,True,0.047684739291713074,617,2,2,-0.0012430149081966008,0.5089141004862237,0.9766612641815235,0:392;1:225,0:317;1:300,"{""0"": ""0"", ""1"": ""1""}",0.04639780512558248,0.15553755670423755,0.07987269987609921,0.4177202914303357
HydraulicSystems,2,forced_k2,STCG-v1 Weighted Ridge,1.0,0.1,1.0,1.0,2,False,0.0,True,0.047684739291713074,617,2,2,-0.0012430149081966008,0.5089141004862237,0.9766612641815235,0:392;1:225,0:317;1:300,"{""0"": ""0"", ""1"": ""1""}",0.046307408852270276,0.1556527840613982,0.07987629914620475,0.4181812949779129
HydraulicSystems,2,forced_k2,DynVAR-Lasso Weighted Ridge,1.0,0.1,4.0,1.0,2,False,0.0,True,0.047684739291713074,617,2,2,-0.0012430149081966008,0.5089141004862237,0.9766612641815235,0:392;1:225,0:317;1:300,"{""0"": ""0"", ""1"": ""1""}",0.0463483159144035,0.1558904579322603,0.08002259323592992,0.4188418466816771
HydraulicSystems,2,forced_k2,STCG-v1 Weighted Ridge,1.0,0.1,4.0,1.0,2,False,0.0,True,0.047684739291713074,617,2,2,-0.0012430149081966008,0.5089141004862237,0.9766612641815235,0:392;1:225,0:317;1:300,"{""0"": ""0"", ""1"": ""1""}",0.04631059076553928,0.1560381290194446,0.08004236787244873,0.4193215059343456
HydraulicSystems,2,forced_k2,Dense Ridge,10.0,,,,2,False,0.0,True,0.047684739291713074,617,2,2,-0.0012430149081966008,0.5089141004862237,0.9766612641815235,0:392;1:225,0:317;1:300,"{""0"": ""0"", ""1"": ""1""}",0.046670590127118196,0.15612095111965393,0.08037952092401655,0.4194724308833568
HydraulicSystems,2,forced_k2,DynVAR-Lasso Weighted Ridge,10.0,0.01,1.0,1.0,2,False,0.0,True,0.047684739291713074,617,2,2,-0.0012430149081966008,0.5089141004862237,0.9766612641815235,0:392;1:225,0:317;1:300,"{""0"": ""0"", ""1"": ""1""}",0.04658715251629476,0.15639747883165817,0.08045510852876125,0.4203162275977674
HydraulicSystems,2,forced_k2,STCG-v1 Weighted Ridge,10.0,0.01,1.0,1.0,2,False,0.0,True,0.047684739291713074,617,2,2,-0.0012430149081966008,0.5089141004862237,0.9766612641815235,0:392;1:225,0:317;1:300,"{""0"": ""0"", ""1"": ""1""}",0.046409947062495086,0.1566895490602584,0.08050757426179476,0.42119520933994237
HydraulicSystems,2,forced_k2,DynVAR-Lasso Weighted Ridge,10.0,0.01,4.0,1.0,2,False,0.0,True,0.047684739291713074,617,2,2,-0.0012430149081966008,0.5089141004862237,0.9766612641815235,0:392;1:225,0:317;1:300,"{""0"": ""0"", ""1"": ""1""}",0.04620691668590297,0.15727285234930924,0.0808145435651507,0.4228838884219903
HydraulicSystems,2,forced_k2,STCG-v1 Weighted Ridge,10.0,0.01,4.0,1.0,2,False,0.0,True,0.047684739291713074,617,2,2,-0.0012430149081966008,0.5089141004862237,0.9766612641815235,0:392;1:225,0:317;1:300,"{""0"": ""0"", ""1"": ""1""}",0.04605493056380691,0.15772440691393005,0.08100941602013294,0.4239556266289086
HydraulicSystems,2,forced_k2,DynVAR-Lasso Weighted Ridge,10.0,0.1,1.0,1.0,2,False,0.0,True,0.047684739291713074,617,2,2,-0.0012430149081966008,0.5089141004862237,0.9766612641815235,0:392;1:225,0:317;1:300,"{""0"": ""0"", ""1"": ""1""}",0.04660194681566256,0.15636006459643953,0.08044381286297231,0.42020302462776243
HydraulicSystems,2,forced_k2,STCG-v1 Weighted Ridge,10.0,0.1,1.0,1.0,2,False,0.0,True,0.047684739291713074,617,2,2,-0.0012430149081966008,0.5089141004862237,0.9766612641815235,0:392;1:225,0:317;1:300,"{""0"": ""0"", ""1"": ""1""}",0.04647632752407183,0.1565665404239531,0.08046737593321518,0.4208388778495085
HydraulicSystems,2,forced_k2,DynVAR-Lasso Weighted Ridge,10.0,0.1,4.0,1.0,2,False,0.0,True,0.047684739291713074,617,2,2,-0.0012430149081966008,0.5089141004862237,0.9766612641815235,0:392;1:225,0:317;1:300,"{""0"": ""0"", ""1"": ""1""}",0.04643463854394903,0.15677109242069784,0.08059412166258888,0.42143100515579135
HydraulicSystems,2,forced_k2,STCG-v1 Weighted Ridge,10.0,0.1,4.0,1.0,2,False,0.0,True,0.047684739291713074,617,2,2,-0.0012430149081966008,0.5089141004862237,0.9766612641815235,0:392;1:225,0:317;1:300,"{""0"": ""0"", ""1"": ""1""}",0.046334204435173866,0.15686067660994424,0.08056880804110857,0.42166458225725423
HydraulicSystems,2,forced_k2,Dense Ridge,100.0,,,,2,False,0.0,True,0.047684739291713074,617,2,2,-0.0012430149081966008,0.5089141004862237,0.9766612641815235,0:392;1:225,0:317;1:300,"{""0"": ""0"", ""1"": ""1""}",0.04726797834190943,0.156980386286702,0.08144405078576797,0.4219199848790695
HydraulicSystems,2,forced_k2,DynVAR-Lasso Weighted Ridge,100.0,0.01,1.0,1.0,2,False,0.0,True,0.047684739291713074,617,2,2,-0.0012430149081966008,0.5089141004862237,0.9766612641815235,0:392;1:225,0:317;1:300,"{""0"": ""0"", ""1"": ""1""}",0.04704721147864152,0.15733125428747502,0.08153015605464198,0.42290278005860427
HydraulicSystems,2,forced_k2,STCG-v1 Weighted Ridge,100.0,0.01,1.0,1.0,2,False,0.0,True,0.047684739291713074,617,2,2,-0.0012430149081966008,0.5089141004862237,0.9766612641815235,0:392;1:225,0:317;1:300,"{""0"": ""0"", ""1"": ""1""}",0.04680576286900706,0.15772173902606168,0.08162068333054169,0.4237979909499608
HydraulicSystems,2,forced_k2,DynVAR-Lasso Weighted Ridge,100.0,0.01,4.0,1.0,2,False,0.0,True,0.047684739291713074,617,2,2,-0.0012430149081966008,0.5089141004862237,0.9766612641815235,0:392;1:225,0:317;1:300,"{""0"": ""0"", ""1"": ""1""}",0.04630606203404213,0.1580699413873624,0.08182273516528321,0.4247732266123706
HydraulicSystems,2,forced_k2,STCG-v1 Weighted Ridge,100.0,0.01,4.0,1.0,2,False,0.0,True,0.047684739291713074,617,2,2,-0.0012430149081966008,0.5089141004862237,0.9766612641815235,0:392;1:225,0:317;1:300,"{""0"": ""0"", ""1"": ""1""}",0.04560997342891604,0.15817446946714067,0.08190199674505612,0.42495073597565874
HydraulicSystems,2,forced_k2,DynVAR-Lasso Weighted Ridge,100.0,0.1,1.0,1.0,2,False,0.0,True,0.047684739291713074,617,2,2,-0.0012430149081966008,0.5089141004862237,0.9766612641815235,0:392;1:225,0:317;1:300,"{""0"": ""0"", ""1"": ""1""}",0.0470759319111906,0.1572743920113568,0.08151401548300558,0.42274593282350403
HydraulicSystems,2,forced_k2,STCG-v1 Weighted Ridge,100.0,0.1,1.0,1.0,2,False,0.0,True,0.047684739291713074,617,2,2,-0.0012430149081966008,0.5089141004862237,0.9766612641815235,0:392;1:225,0:317;1:300,"{""0"": ""0"", ""1"": ""1""}",0.04690317141155788,0.15755194561324548,0.08156781760197082,0.4234172850026581
HydraulicSystems,2,forced_k2,DynVAR-Lasso Weighted Ridge,100.0,0.1,4.0,1.0,2,False,0.0,True,0.047684739291713074,617,2,2,-0.0012430149081966008,0.5089141004862237,0.9766612641815235,0:392;1:225,0:317;1:300,"{""0"": ""0"", ""1"": ""1""}",0.04678289265751311,0.15778273478770255,0.08165677040965295,0.42413500873564997
HydraulicSystems,2,forced_k2,STCG-v1 Weighted Ridge,100.0,0.1,4.0,1.0,2,False,0.0,True,0.047684739291713074,617,2,2,-0.0012430149081966008,0.5089141004862237,0.9766612641815235,0:392;1:225,0:317;1:300,"{""0"": ""0"", ""1"": ""1""}",0.04670258940006952,0.15788670845697253,0.08164938979219247,0.4243147685868232
HydraulicSystems,2,auto_k3_min_0.00,Dense Ridge,1.0,,,,3,True,0.0,True,0.07053660272407342,617,2,3,0.05491705579160776,0.6871961102106969,0.9766612641815235,0:392;1:225,0:182;1:307;2:128,"{""0"": ""1"", ""1"": ""0""}",0.04644940013362614,0.1554111584263074,0.07982692614779191,0.4172899154690502
HydraulicSystems,2,auto_k3_min_0.00,DynVAR-Lasso Weighted Ridge,1.0,0.01,1.0,1.0,3,True,0.0,True,0.07053660272407342,617,2,3,0.05491705579160776,0.6871961102106969,0.9766612641815235,0:392;1:225,0:182;1:307;2:128,"{""0"": ""1"", ""1"": ""0""}",0.04638746701867529,0.1555619216154146,0.07988075323901575,0.4178030794883989
HydraulicSystems,2,auto_k3_min_0.00,STCG-v1 Weighted Ridge,1.0,0.01,1.0,1.0,3,True,0.0,True,0.07053660272407342,617,2,3,0.05491705579160776,0.6871961102106969,0.9766612641815235,0:392;1:225,0:182;1:307;2:128,"{""0"": ""1"", ""1"": ""0""}",0.04626578105797206,0.15569226605737632,0.07987726918446882,0.4183535516772318
HydraulicSystems,2,auto_k3_min_0.00,DynVAR-Lasso Weighted Ridge,1.0,0.01,4.0,1.0,3,True,0.0,True,0.07053660272407342,617,2,3,0.05491705579160776,0.6871961102106969,0.9766612641815235,0:392;1:225,0:182;1:307;2:128,"{""0"": ""1"", ""1"": ""0""}",0.04626145354482729,0.15626936727999047,0.08017131174708587,0.4200149064170081
HydraulicSystems,2,auto_k3_min_0.00,STCG-v1 Weighted Ridge,1.0,0.01,4.0,1.0,3,True,0.0,True,0.07053660272407342,617,2,3,0.05491705579160776,0.6871961102106969,0.9766612641815235,0:392;1:225,0:182;1:307;2:128,"{""0"": ""1"", ""1"": ""0""}",0.04614759756678186,0.1568040192466884,0.08035567525113282,0.4215977671310004
HydraulicSystems,2,auto_k3_min_0.00,DynVAR-Lasso Weighted Ridge,1.0,0.1,1.0,1.0,3,True,0.0,True,0.07053660272407342,617,2,3,0.05491705579160776,0.6871961102106969,0.9766612641815235,0:392;1:225,0:182;1:307;2:128,"{""0"": ""1"", ""1"": ""0""}",0.04639780512558248,0.15553755670423755,0.07987269987609921,0.4177202914303357
HydraulicSystems,2,auto_k3_min_0.00,STCG-v1 Weighted Ridge,1.0,0.1,1.0,1.0,3,True,0.0,True,0.07053660272407342,617,2,3,0.05491705579160776,0.6871961102106969,0.9766612641815235,0:392;1:225,0:182;1:307;2:128,"{""0"": ""1"", ""1"": ""0""}",0.04631021301587126,0.15561337921745175,0.07986251402016445,0.4180635001789362
HydraulicSystems,2,auto_k3_min_0.00,DynVAR-Lasso Weighted Ridge,1.0,0.1,4.0,1.0,3,True,0.0,True,0.07053660272407342,617,2,3,0.05491705579160776,0.6871961102106969,0.9766612641815235,0:392;1:225,0:182;1:307;2:128,"{""0"": ""1"", ""1"": ""0""}",0.0463483159144035,0.1558904579322603,0.08002259323592992,0.4188418466816771
HydraulicSystems,2,auto_k3_min_0.00,STCG-v1 Weighted Ridge,1.0,0.1,4.0,1.0,3,True,0.0,True,0.07053660272407342,617,2,3,0.05491705579160776,0.6871961102106969,0.9766612641815235,0:392;1:225,0:182;1:307;2:128,"{""0"": ""1"", ""1"": ""0""}",0.046286246784345314,0.15595804441355696,0.08001438972965187,0.4190811988137688
HydraulicSystems,2,auto_k3_min_0.00,Dense Ridge,10.0,,,,3,True,0.0,True,0.07053660272407342,617,2,3,0.05491705579160776,0.6871961102106969,0.9766612641815235,0:392;1:225,0:182;1:307;2:128,"{""0"": ""1"", ""1"": ""0""}",0.046670590127118196,0.15612095111965393,0.08037952092401655,0.4194724308833568
HydraulicSystems,2,auto_k3_min_0.00,DynVAR-Lasso Weighted Ridge,10.0,0.01,1.0,1.0,3,True,0.0,True,0.07053660272407342,617,2,3,0.05491705579160776,0.6871961102106969,0.9766612641815235,0:392;1:225,0:182;1:307;2:128,"{""0"": ""1"", ""1"": ""0""}",0.04658715251629476,0.15639747883165817,0.08045510852876125,0.4203162275977674
HydraulicSystems,2,auto_k3_min_0.00,STCG-v1 Weighted Ridge,10.0,0.01,1.0,1.0,3,True,0.0,True,0.07053660272407342,617,2,3,0.05491705579160776,0.6871961102106969,0.9766612641815235,0:392;1:225,0:182;1:307;2:128,"{""0"": ""1"", ""1"": ""0""}",0.04641130431618882,0.1566577001845813,0.08049989223392992,0.42109886871026087
HydraulicSystems,2,auto_k3_min_0.00,DynVAR-Lasso Weighted Ridge,10.0,0.01,4.0,1.0,3,True,0.0,True,0.07053660272407342,617,2,3,0.05491705579160776,0.6871961102106969,0.9766612641815235,0:392;1:225,0:182;1:307;2:128,"{""0"": ""1"", ""1"": ""0""}",0.04620691668590297,0.15727285234930924,0.0808145435651507,0.4228838884219903
HydraulicSystems,2,auto_k3_min_0.00,STCG-v1 Weighted Ridge,10.0,0.01,4.0,1.0,3,True,0.0,True,0.07053660272407342,617,2,3,0.05491705579160776,0.6871961102106969,0.9766612641815235,0:392;1:225,0:182;1:307;2:128,"{""0"": ""1"", ""1"": ""0""}",0.04618931823749471,0.1577250481718847,0.08101176540159448,0.42395801055569016
HydraulicSystems,2,auto_k3_min_0.00,DynVAR-Lasso Weighted Ridge,10.0,0.1,1.0,1.0,3,True,0.0,True,0.07053660272407342,617,2,3,0.05491705579160776,0.6871961102106969,0.9766612641815235,0:392;1:225,0:182;1:307;2:128,"{""0"": ""1"", ""1"": ""0""}",0.04660194681566256,0.15636006459643953,0.08044381286297231,0.42020302462776243
HydraulicSystems,2,auto_k3_min_0.00,STCG-v1 Weighted Ridge,10.0,0.1,1.0,1.0,3,True,0.0,True,0.07053660272407342,617,2,3,0.05491705579160776,0.6871961102106969,0.9766612641815235,0:392;1:225,0:182;1:307;2:128,"{""0"": ""1"", ""1"": ""0""}",0.046475862308221504,0.15654161852935336,0.08046155974917957,0.42076400018169763
HydraulicSystems,2,auto_k3_min_0.00,DynVAR-Lasso Weighted Ridge,10.0,0.1,4.0,1.0,3,True,0.0,True,0.07053660272407342,617,2,3,0.05491705579160776,0.6871961102106969,0.9766612641815235,0:392;1:225,0:182;1:307;2:128,"{""0"": ""1"", ""1"": ""0""}",0.04643463854394903,0.15677109242069784,0.08059412166258888,0.42143100515579135
HydraulicSystems,2,auto_k3_min_0.00,STCG-v1 Weighted Ridge,10.0,0.1,4.0,1.0,3,True,0.0,True,0.07053660272407342,617,2,3,0.05491705579160776,0.6871961102106969,0.9766612641815235,0:392;1:225,0:182;1:307;2:128,"{""0"": ""1"", ""1"": ""0""}",0.046357102972451214,0.15687287637408065,0.08057458545264398,0.4217004564709961
HydraulicSystems,2,auto_k3_min_0.00,Dense Ridge,100.0,,,,3,True,0.0,True,0.07053660272407342,617,2,3,0.05491705579160776,0.6871961102106969,0.9766612641815235,0:392;1:225,0:182;1:307;2:128,"{""0"": ""1"", ""1"": ""0""}",0.04726797834190943,0.156980386286702,0.08144405078576797,0.4219199848790695
HydraulicSystems,2,auto_k3_min_0.00,DynVAR-Lasso Weighted Ridge,100.0,0.01,1.0,1.0,3,True,0.0,True,0.07053660272407342,617,2,3,0.05491705579160776,0.6871961102106969,0.9766612641815235,0:392;1:225,0:182;1:307;2:128,"{""0"": ""1"", ""1"": ""0""}",0.04704721147864152,0.15733125428747502,0.08153015605464198,0.42290278005860427
HydraulicSystems,2,auto_k3_min_0.00,STCG-v1 Weighted Ridge,100.0,0.01,1.0,1.0,3,True,0.0,True,0.07053660272407342,617,2,3,0.05491705579160776,0.6871961102106969,0.9766612641815235,0:392;1:225,0:182;1:307;2:128,"{""0"": ""1"", ""1"": ""0""}",0.04682420961779447,0.15770056548067096,0.08161128022816826,0.423731788472622
HydraulicSystems,2,auto_k3_min_0.00,DynVAR-Lasso Weighted Ridge,100.0,0.01,4.0,1.0,3,True,0.0,True,0.07053660272407342,617,2,3,0.05491705579160776,0.6871961102106969,0.9766612641815235,0:392;1:225,0:182;1:307;2:128,"{""0"": ""1"", ""1"": ""0""}",0.04630606203404213,0.1580699413873624,0.08182273516528321,0.4247732266123706
HydraulicSystems,2,auto_k3_min_0.00,STCG-v1 Weighted Ridge,100.0,0.01,4.0,1.0,3,True,0.0,True,0.07053660272407342,617,2,3,0.05491705579160776,0.6871961102106969,0.9766612641815235,0:392;1:225,0:182;1:307;2:128,"{""0"": ""1"", ""1"": ""0""}",0.04580737217169319,0.1581630474907732,0.08189782256605646,0.4249202975250248
HydraulicSystems,2,auto_k3_min_0.00,DynVAR-Lasso Weighted Ridge,100.0,0.1,1.0,1.0,3,True,0.0,True,0.07053660272407342,617,2,3,0.05491705579160776,0.6871961102106969,0.9766612641815235,0:392;1:225,0:182;1:307;2:128,"{""0"": ""1"", ""1"": ""0""}",0.0470759319111906,0.1572743920113568,0.08151401548300558,0.42274593282350403
HydraulicSystems,2,auto_k3_min_0.00,STCG-v1 Weighted Ridge,100.0,0.1,1.0,1.0,3,True,0.0,True,0.07053660272407342,617,2,3,0.05491705579160776,0.6871961102106969,0.9766612641815235,0:392;1:225,0:182;1:307;2:128,"{""0"": ""1"", ""1"": ""0""}",0.04691980938628229,0.15753656383288364,0.0815629304112898,0.4233712008989394
HydraulicSystems,2,auto_k3_min_0.00,DynVAR-Lasso Weighted Ridge,100.0,0.1,4.0,1.0,3,True,0.0,True,0.07053660272407342,617,2,3,0.05491705579160776,0.6871961102106969,0.9766612641815235,0:392;1:225,0:182;1:307;2:128,"{""0"": ""1"", ""1"": ""0""}",0.04678289265751311,0.15778273478770255,0.08165677040965295,0.42413500873564997
HydraulicSystems,2,auto_k3_min_0.00,STCG-v1 Weighted Ridge,100.0,0.1,4.0,1.0,3,True,0.0,True,0.07053660272407342,617,2,3,0.05491705579160776,0.6871961102106969,0.9766612641815235,0:392;1:225,0:182;1:307;2:128,"{""0"": ""1"", ""1"": ""0""}",0.04676091270543108,0.15788743877410613,0.08163509708974183,0.4243227809576778
HydraulicSystems,2,auto_k3_min_0.08,Dense Ridge,1.0,,,,3,True,0.08,False,0.07053660272407342,617,2,1,0.0,0.6353322528363047,0.9766612641815235,0:392;1:225,0:617,"{""0"": ""0""}",0.04644940013362614,0.1554111584263074,0.07982692614779191,0.4172899154690502
HydraulicSystems,2,auto_k3_min_0.08,DynVAR-Lasso Weighted Ridge,1.0,0.01,1.0,1.0,3,True,0.08,False,0.07053660272407342,617,2,1,0.0,0.6353322528363047,0.9766612641815235,0:392;1:225,0:617,"{""0"": ""0""}",0.04638746701867529,0.1555619216154146,0.07988075323901575,0.4178030794883989
HydraulicSystems,2,auto_k3_min_0.08,STCG-v1 Weighted Ridge,1.0,0.01,1.0,1.0,3,True,0.08,False,0.07053660272407342,617,2,1,0.0,0.6353322528363047,0.9766612641815235,0:392;1:225,0:617,"{""0"": ""0""}",0.04638746701867529,0.1555619216154146,0.07988075323901575,0.4178030794883989
HydraulicSystems,2,auto_k3_min_0.08,DynVAR-Lasso Weighted Ridge,1.0,0.01,4.0,1.0,3,True,0.08,False,0.07053660272407342,617,2,1,0.0,0.6353322528363047,0.9766612641815235,0:392;1:225,0:617,"{""0"": ""0""}",0.04626145354482729,0.15626936727999047,0.08017131174708587,0.4200149064170081
HydraulicSystems,2,auto_k3_min_0.08,STCG-v1 Weighted Ridge,1.0,0.01,4.0,1.0,3,True,0.08,False,0.07053660272407342,617,2,1,0.0,0.6353322528363047,0.9766612641815235,0:392;1:225,0:617,"{""0"": ""0""}",0.04626145354482729,0.15626936727999047,0.08017131174708587,0.4200149064170081
HydraulicSystems,2,auto_k3_min_0.08,DynVAR-Lasso Weighted Ridge,1.0,0.1,1.0,1.0,3,True,0.08,False,0.07053660272407342,617,2,1,0.0,0.6353322528363047,0.9766612641815235,0:392;1:225,0:617,"{""0"": ""0""}",0.04639780512558248,0.15553755670423755,0.07987269987609921,0.4177202914303357
HydraulicSystems,2,auto_k3_min_0.08,STCG-v1 Weighted Ridge,1.0,0.1,1.0,1.0,3,True,0.08,False,0.07053660272407342,617,2,1,0.0,0.6353322528363047,0.9766612641815235,0:392;1:225,0:617,"{""0"": ""0""}",0.04639780512558248,0.15553755670423755,0.07987269987609921,0.4177202914303357
HydraulicSystems,2,auto_k3_min_0.08,DynVAR-Lasso Weighted Ridge,1.0,0.1,4.0,1.0,3,True,0.08,False,0.07053660272407342,617,2,1,0.0,0.6353322528363047,0.9766612641815235,0:392;1:225,0:617,"{""0"": ""0""}",0.0463483159144035,0.1558904579322603,0.08002259323592992,0.4188418466816771
HydraulicSystems,2,auto_k3_min_0.08,STCG-v1 Weighted Ridge,1.0,0.1,4.0,1.0,3,True,0.08,False,0.07053660272407342,617,2,1,0.0,0.6353322528363047,0.9766612641815235,0:392;1:225,0:617,"{""0"": ""0""}",0.0463483159144035,0.1558904579322603,0.08002259323592992,0.4188418466816771
HydraulicSystems,2,auto_k3_min_0.08,Dense Ridge,10.0,,,,3,True,0.08,False,0.07053660272407342,617,2,1,0.0,0.6353322528363047,0.9766612641815235,0:392;1:225,0:617,"{""0"": ""0""}",0.046670590127118196,0.15612095111965393,0.08037952092401655,0.4194724308833568
HydraulicSystems,2,auto_k3_min_0.08,DynVAR-Lasso Weighted Ridge,10.0,0.01,1.0,1.0,3,True,0.08,False,0.07053660272407342,617,2,1,0.0,0.6353322528363047,0.9766612641815235,0:392;1:225,0:617,"{""0"": ""0""}",0.04658715251629476,0.15639747883165817,0.08045510852876125,0.4203162275977674
HydraulicSystems,2,auto_k3_min_0.08,STCG-v1 Weighted Ridge,10.0,0.01,1.0,1.0,3,True,0.08,False,0.07053660272407342,617,2,1,0.0,0.6353322528363047,0.9766612641815235,0:392;1:225,0:617,"{""0"": ""0""}",0.04658715251629476,0.15639747883165817,0.08045510852876125,0.4203162275977674
HydraulicSystems,2,auto_k3_min_0.08,DynVAR-Lasso Weighted Ridge,10.0,0.01,4.0,1.0,3,True,0.08,False,0.07053660272407342,617,2,1,0.0,0.6353322528363047,0.9766612641815235,0:392;1:225,0:617,"{""0"": ""0""}",0.04620691668590297,0.15727285234930924,0.0808145435651507,0.4228838884219903
HydraulicSystems,2,auto_k3_min_0.08,STCG-v1 Weighted Ridge,10.0,0.01,4.0,1.0,3,True,0.08,False,0.07053660272407342,617,2,1,0.0,0.6353322528363047,0.9766612641815235,0:392;1:225,0:617,"{""0"": ""0""}",0.04620691668590297,0.15727285234930924,0.0808145435651507,0.4228838884219903
HydraulicSystems,2,auto_k3_min_0.08,DynVAR-Lasso Weighted Ridge,10.0,0.1,1.0,1.0,3,True,0.08,False,0.07053660272407342,617,2,1,0.0,0.6353322528363047,0.9766612641815235,0:392;1:225,0:617,"{""0"": ""0""}",0.04660194681566256,0.15636006459643953,0.08044381286297231,0.42020302462776243
HydraulicSystems,2,auto_k3_min_0.08,STCG-v1 Weighted Ridge,10.0,0.1,1.0,1.0,3,True,0.08,False,0.07053660272407342,617,2,1,0.0,0.6353322528363047,0.9766612641815235,0:392;1:225,0:617,"{""0"": ""0""}",0.04660194681566256,0.15636006459643953,0.08044381286297231,0.42020302462776243
HydraulicSystems,2,auto_k3_min_0.08,DynVAR-Lasso Weighted Ridge,10.0,0.1,4.0,1.0,3,True,0.08,False,0.07053660272407342,617,2,1,0.0,0.6353322528363047,0.9766612641815235,0:392;1:225,0:617,"{""0"": ""0""}",0.04643463854394903,0.15677109242069784,0.08059412166258888,0.42143100515579135
HydraulicSystems,2,auto_k3_min_0.08,STCG-v1 Weighted Ridge,10.0,0.1,4.0,1.0,3,True,0.08,False,0.07053660272407342,617,2,1,0.0,0.6353322528363047,0.9766612641815235,0:392;1:225,0:617,"{""0"": ""0""}",0.04643463854394903,0.15677109242069784,0.08059412166258888,0.42143100515579135
HydraulicSystems,2,auto_k3_min_0.08,Dense Ridge,100.0,,,,3,True,0.08,False,0.07053660272407342,617,2,1,0.0,0.6353322528363047,0.9766612641815235,0:392;1:225,0:617,"{""0"": ""0""}",0.04726797834190943,0.156980386286702,0.08144405078576797,0.4219199848790695
HydraulicSystems,2,auto_k3_min_0.08,DynVAR-Lasso Weighted Ridge,100.0,0.01,1.0,1.0,3,True,0.08,False,0.07053660272407342,617,2,1,0.0,0.6353322528363047,0.9766612641815235,0:392;1:225,0:617,"{""0"": ""0""}",0.04704721147864152,0.15733125428747502,0.08153015605464198,0.42290278005860427
HydraulicSystems,2,auto_k3_min_0.08,STCG-v1 Weighted Ridge,100.0,0.01,1.0,1.0,3,True,0.08,False,0.07053660272407342,617,2,1,0.0,0.6353322528363047,0.9766612641815235,0:392;1:225,0:617,"{""0"": ""0""}",0.04704721147864152,0.15733125428747502,0.08153015605464198,0.42290278005860427
HydraulicSystems,2,auto_k3_min_0.08,DynVAR-Lasso Weighted Ridge,100.0,0.01,4.0,1.0,3,True,0.08,False,0.07053660272407342,617,2,1,0.0,0.6353322528363047,0.9766612641815235,0:392;1:225,0:617,"{""0"": ""0""}",0.04630606203404213,0.1580699413873624,0.08182273516528321,0.4247732266123706
HydraulicSystems,2,auto_k3_min_0.08,STCG-v1 Weighted Ridge,100.0,0.01,4.0,1.0,3,True,0.08,False,0.07053660272407342,617,2,1,0.0,0.6353322528363047,0.9766612641815235,0:392;1:225,0:617,"{""0"": ""0""}",0.04630606203404213,0.1580699413873624,0.08182273516528321,0.4247732266123706
HydraulicSystems,2,auto_k3_min_0.08,DynVAR-Lasso Weighted Ridge,100.0,0.1,1.0,1.0,3,True,0.08,False,0.07053660272407342,617,2,1,0.0,0.6353322528363047,0.9766612641815235,0:392;1:225,0:617,"{""0"": ""0""}",0.0470759319111906,0.1572743920113568,0.08151401548300558,0.42274593282350403
HydraulicSystems,2,auto_k3_min_0.08,STCG-v1 Weighted Ridge,100.0,0.1,1.0,1.0,3,True,0.08,False,0.07053660272407342,617,2,1,0.0,0.6353322528363047,0.9766612641815235,0:392;1:225,0:617,"{""0"": ""0""}",0.0470759319111906,0.1572743920113568,0.08151401548300558,0.42274593282350403
HydraulicSystems,2,auto_k3_min_0.08,DynVAR-Lasso Weighted Ridge,100.0,0.1,4.0,1.0,3,True,0.08,False,0.07053660272407342,617,2,1,0.0,0.6353322528363047,0.9766612641815235,0:392;1:225,0:617,"{""0"": ""0""}",0.04678289265751311,0.15778273478770255,0.08165677040965295,0.42413500873564997
HydraulicSystems,2,auto_k3_min_0.08,STCG-v1 Weighted Ridge,100.0,0.1,4.0,1.0,3,True,0.08,False,0.07053660272407342,617,2,1,0.0,0.6353322528363047,0.9766612641815235,0:392;1:225,0:617,"{""0"": ""0""}",0.04678289265751311,0.15778273478770255,0.08165677040965295,0.42413500873564997
HydraulicSystems,2,auto_k3_min_0.12,Dense Ridge,1.0,,,,3,True,0.12,False,0.07053660272407342,617,2,1,0.0,0.6353322528363047,0.9766612641815235,0:392;1:225,0:617,"{""0"": ""0""}",0.04644940013362614,0.1554111584263074,0.07982692614779191,0.4172899154690502
HydraulicSystems,2,auto_k3_min_0.12,DynVAR-Lasso Weighted Ridge,1.0,0.01,1.0,1.0,3,True,0.12,False,0.07053660272407342,617,2,1,0.0,0.6353322528363047,0.9766612641815235,0:392;1:225,0:617,"{""0"": ""0""}",0.04638746701867529,0.1555619216154146,0.07988075323901575,0.4178030794883989
HydraulicSystems,2,auto_k3_min_0.12,STCG-v1 Weighted Ridge,1.0,0.01,1.0,1.0,3,True,0.12,False,0.07053660272407342,617,2,1,0.0,0.6353322528363047,0.9766612641815235,0:392;1:225,0:617,"{""0"": ""0""}",0.04638746701867529,0.1555619216154146,0.07988075323901575,0.4178030794883989
HydraulicSystems,2,auto_k3_min_0.12,DynVAR-Lasso Weighted Ridge,1.0,0.01,4.0,1.0,3,True,0.12,False,0.07053660272407342,617,2,1,0.0,0.6353322528363047,0.9766612641815235,0:392;1:225,0:617,"{""0"": ""0""}",0.04626145354482729,0.15626936727999047,0.08017131174708587,0.4200149064170081
HydraulicSystems,2,auto_k3_min_0.12,STCG-v1 Weighted Ridge,1.0,0.01,4.0,1.0,3,True,0.12,False,0.07053660272407342,617,2,1,0.0,0.6353322528363047,0.9766612641815235,0:392;1:225,0:617,"{""0"": ""0""}",0.04626145354482729,0.15626936727999047,0.08017131174708587,0.4200149064170081
HydraulicSystems,2,auto_k3_min_0.12,DynVAR-Lasso Weighted Ridge,1.0,0.1,1.0,1.0,3,True,0.12,False,0.07053660272407342,617,2,1,0.0,0.6353322528363047,0.9766612641815235,0:392;1:225,0:617,"{""0"": ""0""}",0.04639780512558248,0.15553755670423755,0.07987269987609921,0.4177202914303357
HydraulicSystems,2,auto_k3_min_0.12,STCG-v1 Weighted Ridge,1.0,0.1,1.0,1.0,3,True,0.12,False,0.07053660272407342,617,2,1,0.0,0.6353322528363047,0.9766612641815235,0:392;1:225,0:617,"{""0"": ""0""}",0.04639780512558248,0.15553755670423755,0.07987269987609921,0.4177202914303357
HydraulicSystems,2,auto_k3_min_0.12,DynVAR-Lasso Weighted Ridge,1.0,0.1,4.0,1.0,3,True,0.12,False,0.07053660272407342,617,2,1,0.0,0.6353322528363047,0.9766612641815235,0:392;1:225,0:617,"{""0"": ""0""}",0.0463483159144035,0.1558904579322603,0.08002259323592992,0.4188418466816771
HydraulicSystems,2,auto_k3_min_0.12,STCG-v1 Weighted Ridge,1.0,0.1,4.0,1.0,3,True,0.12,False,0.07053660272407342,617,2,1,0.0,0.6353322528363047,0.9766612641815235,0:392;1:225,0:617,"{""0"": ""0""}",0.0463483159144035,0.1558904579322603,0.08002259323592992,0.4188418466816771
HydraulicSystems,2,auto_k3_min_0.12,Dense Ridge,10.0,,,,3,True,0.12,False,0.07053660272407342,617,2,1,0.0,0.6353322528363047,0.9766612641815235,0:392;1:225,0:617,"{""0"": ""0""}",0.046670590127118196,0.15612095111965393,0.08037952092401655,0.4194724308833568
HydraulicSystems,2,auto_k3_min_0.12,DynVAR-Lasso Weighted Ridge,10.0,0.01,1.0,1.0,3,True,0.12,False,0.07053660272407342,617,2,1,0.0,0.6353322528363047,0.9766612641815235,0:392;1:225,0:617,"{""0"": ""0""}",0.04658715251629476,0.15639747883165817,0.08045510852876125,0.4203162275977674
HydraulicSystems,2,auto_k3_min_0.12,STCG-v1 Weighted Ridge,10.0,0.01,1.0,1.0,3,True,0.12,False,0.07053660272407342,617,2,1,0.0,0.6353322528363047,0.9766612641815235,0:392;1:225,0:617,"{""0"": ""0""}",0.04658715251629476,0.15639747883165817,0.08045510852876125,0.4203162275977674
HydraulicSystems,2,auto_k3_min_0.12,DynVAR-Lasso Weighted Ridge,10.0,0.01,4.0,1.0,3,True,0.12,False,0.07053660272407342,617,2,1,0.0,0.6353322528363047,0.9766612641815235,0:392;1:225,0:617,"{""0"": ""0""}",0.04620691668590297,0.15727285234930924,0.0808145435651507,0.4228838884219903
HydraulicSystems,2,auto_k3_min_0.12,STCG-v1 Weighted Ridge,10.0,0.01,4.0,1.0,3,True,0.12,False,0.07053660272407342,617,2,1,0.0,0.6353322528363047,0.9766612641815235,0:392;1:225,0:617,"{""0"": ""0""}",0.04620691668590297,0.15727285234930924,0.0808145435651507,0.4228838884219903
HydraulicSystems,2,auto_k3_min_0.12,DynVAR-Lasso Weighted Ridge,10.0,0.1,1.0,1.0,3,True,0.12,False,0.07053660272407342,617,2,1,0.0,0.6353322528363047,0.9766612641815235,0:392;1:225,0:617,"{""0"": ""0""}",0.04660194681566256,0.15636006459643953,0.08044381286297231,0.42020302462776243
HydraulicSystems,2,auto_k3_min_0.12,STCG-v1 Weighted Ridge,10.0,0.1,1.0,1.0,3,True,0.12,False,0.07053660272407342,617,2,1,0.0,0.6353322528363047,0.9766612641815235,0:392;1:225,0:617,"{""0"": ""0""}",0.04660194681566256,0.15636006459643953,0.08044381286297231,0.42020302462776243
HydraulicSystems,2,auto_k3_min_0.12,DynVAR-Lasso Weighted Ridge,10.0,0.1,4.0,1.0,3,True,0.12,False,0.07053660272407342,617,2,1,0.0,0.6353322528363047,0.9766612641815235,0:392;1:225,0:617,"{""0"": ""0""}",0.04643463854394903,0.15677109242069784,0.08059412166258888,0.42143100515579135
HydraulicSystems,2,auto_k3_min_0.12,STCG-v1 Weighted Ridge,10.0,0.1,4.0,1.0,3,True,0.12,False,0.07053660272407342,617,2,1,0.0,0.6353322528363047,0.9766612641815235,0:392;1:225,0:617,"{""0"": ""0""}",0.04643463854394903,0.15677109242069784,0.08059412166258888,0.42143100515579135
HydraulicSystems,2,auto_k3_min_0.12,Dense Ridge,100.0,,,,3,True,0.12,False,0.07053660272407342,617,2,1,0.0,0.6353322528363047,0.9766612641815235,0:392;1:225,0:617,"{""0"": ""0""}",0.04726797834190943,0.156980386286702,0.08144405078576797,0.4219199848790695
HydraulicSystems,2,auto_k3_min_0.12,DynVAR-Lasso Weighted Ridge,100.0,0.01,1.0,1.0,3,True,0.12,False,0.07053660272407342,617,2,1,0.0,0.6353322528363047,0.9766612641815235,0:392;1:225,0:617,"{""0"": ""0""}",0.04704721147864152,0.15733125428747502,0.08153015605464198,0.42290278005860427
HydraulicSystems,2,auto_k3_min_0.12,STCG-v1 Weighted Ridge,100.0,0.01,1.0,1.0,3,True,0.12,False,0.07053660272407342,617,2,1,0.0,0.6353322528363047,0.9766612641815235,0:392;1:225,0:617,"{""0"": ""0""}",0.04704721147864152,0.15733125428747502,0.08153015605464198,0.42290278005860427
HydraulicSystems,2,auto_k3_min_0.12,DynVAR-Lasso Weighted Ridge,100.0,0.01,4.0,1.0,3,True,0.12,False,0.07053660272407342,617,2,1,0.0,0.6353322528363047,0.9766612641815235,0:392;1:225,0:617,"{""0"": ""0""}",0.04630606203404213,0.1580699413873624,0.08182273516528321,0.4247732266123706
HydraulicSystems,2,auto_k3_min_0.12,STCG-v1 Weighted Ridge,100.0,0.01,4.0,1.0,3,True,0.12,False,0.07053660272407342,617,2,1,0.0,0.6353322528363047,0.9766612641815235,0:392;1:225,0:617,"{""0"": ""0""}",0.04630606203404213,0.1580699413873624,0.08182273516528321,0.4247732266123706
HydraulicSystems,2,auto_k3_min_0.12,DynVAR-Lasso Weighted Ridge,100.0,0.1,1.0,1.0,3,True,0.12,False,0.07053660272407342,617,2,1,0.0,0.6353322528363047,0.9766612641815235,0:392;1:225,0:617,"{""0"": ""0""}",0.0470759319111906,0.1572743920113568,0.08151401548300558,0.42274593282350403
HydraulicSystems,2,auto_k3_min_0.12,STCG-v1 Weighted Ridge,100.0,0.1,1.0,1.0,3,True,0.12,False,0.07053660272407342,617,2,1,0.0,0.6353322528363047,0.9766612641815235,0:392;1:225,0:617,"{""0"": ""0""}",0.0470759319111906,0.1572743920113568,0.08151401548300558,0.42274593282350403
HydraulicSystems,2,auto_k3_min_0.12,DynVAR-Lasso Weighted Ridge,100.0,0.1,4.0,1.0,3,True,0.12,False,0.07053660272407342,617,2,1,0.0,0.6353322528363047,0.9766612641815235,0:392;1:225,0:617,"{""0"": ""0""}",0.04678289265751311,0.15778273478770255,0.08165677040965295,0.42413500873564997
HydraulicSystems,2,auto_k3_min_0.12,STCG-v1 Weighted Ridge,100.0,0.1,4.0,1.0,3,True,0.12,False,0.07053660272407342,617,2,1,0.0,0.6353322528363047,0.9766612641815235,0:392;1:225,0:617,"{""0"": ""0""}",0.04678289265751311,0.15778273478770255,0.08165677040965295,0.42413500873564997
HydraulicSystems,2,auto_k3_min_0.16,Dense Ridge,1.0,,,,3,True,0.16,False,0.07053660272407342,617,2,1,0.0,0.6353322528363047,0.9766612641815235,0:392;1:225,0:617,"{""0"": ""0""}",0.04644940013362614,0.1554111584263074,0.07982692614779191,0.4172899154690502
HydraulicSystems,2,auto_k3_min_0.16,DynVAR-Lasso Weighted Ridge,1.0,0.01,1.0,1.0,3,True,0.16,False,0.07053660272407342,617,2,1,0.0,0.6353322528363047,0.9766612641815235,0:392;1:225,0:617,"{""0"": ""0""}",0.04638746701867529,0.1555619216154146,0.07988075323901575,0.4178030794883989
HydraulicSystems,2,auto_k3_min_0.16,STCG-v1 Weighted Ridge,1.0,0.01,1.0,1.0,3,True,0.16,False,0.07053660272407342,617,2,1,0.0,0.6353322528363047,0.9766612641815235,0:392;1:225,0:617,"{""0"": ""0""}",0.04638746701867529,0.1555619216154146,0.07988075323901575,0.4178030794883989
HydraulicSystems,2,auto_k3_min_0.16,DynVAR-Lasso Weighted Ridge,1.0,0.01,4.0,1.0,3,True,0.16,False,0.07053660272407342,617,2,1,0.0,0.6353322528363047,0.9766612641815235,0:392;1:225,0:617,"{""0"": ""0""}",0.04626145354482729,0.15626936727999047,0.08017131174708587,0.4200149064170081
HydraulicSystems,2,auto_k3_min_0.16,STCG-v1 Weighted Ridge,1.0,0.01,4.0,1.0,3,True,0.16,False,0.07053660272407342,617,2,1,0.0,0.6353322528363047,0.9766612641815235,0:392;1:225,0:617,"{""0"": ""0""}",0.04626145354482729,0.15626936727999047,0.08017131174708587,0.4200149064170081
HydraulicSystems,2,auto_k3_min_0.16,DynVAR-Lasso Weighted Ridge,1.0,0.1,1.0,1.0,3,True,0.16,False,0.07053660272407342,617,2,1,0.0,0.6353322528363047,0.9766612641815235,0:392;1:225,0:617,"{""0"": ""0""}",0.04639780512558248,0.15553755670423755,0.07987269987609921,0.4177202914303357
HydraulicSystems,2,auto_k3_min_0.16,STCG-v1 Weighted Ridge,1.0,0.1,1.0,1.0,3,True,0.16,False,0.07053660272407342,617,2,1,0.0,0.6353322528363047,0.9766612641815235,0:392;1:225,0:617,"{""0"": ""0""}",0.04639780512558248,0.15553755670423755,0.07987269987609921,0.4177202914303357
HydraulicSystems,2,auto_k3_min_0.16,DynVAR-Lasso Weighted Ridge,1.0,0.1,4.0,1.0,3,True,0.16,False,0.07053660272407342,617,2,1,0.0,0.6353322528363047,0.9766612641815235,0:392;1:225,0:617,"{""0"": ""0""}",0.0463483159144035,0.1558904579322603,0.08002259323592992,0.4188418466816771
HydraulicSystems,2,auto_k3_min_0.16,STCG-v1 Weighted Ridge,1.0,0.1,4.0,1.0,3,True,0.16,False,0.07053660272407342,617,2,1,0.0,0.6353322528363047,0.9766612641815235,0:392;1:225,0:617,"{""0"": ""0""}",0.0463483159144035,0.1558904579322603,0.08002259323592992,0.4188418466816771
HydraulicSystems,2,auto_k3_min_0.16,Dense Ridge,10.0,,,,3,True,0.16,False,0.07053660272407342,617,2,1,0.0,0.6353322528363047,0.9766612641815235,0:392;1:225,0:617,"{""0"": ""0""}",0.046670590127118196,0.15612095111965393,0.08037952092401655,0.4194724308833568
HydraulicSystems,2,auto_k3_min_0.16,DynVAR-Lasso Weighted Ridge,10.0,0.01,1.0,1.0,3,True,0.16,False,0.07053660272407342,617,2,1,0.0,0.6353322528363047,0.9766612641815235,0:392;1:225,0:617,"{""0"": ""0""}",0.04658715251629476,0.15639747883165817,0.08045510852876125,0.4203162275977674
HydraulicSystems,2,auto_k3_min_0.16,STCG-v1 Weighted Ridge,10.0,0.01,1.0,1.0,3,True,0.16,False,0.07053660272407342,617,2,1,0.0,0.6353322528363047,0.9766612641815235,0:392;1:225,0:617,"{""0"": ""0""}",0.04658715251629476,0.15639747883165817,0.08045510852876125,0.4203162275977674
HydraulicSystems,2,auto_k3_min_0.16,DynVAR-Lasso Weighted Ridge,10.0,0.01,4.0,1.0,3,True,0.16,False,0.07053660272407342,617,2,1,0.0,0.6353322528363047,0.9766612641815235,0:392;1:225,0:617,"{""0"": ""0""}",0.04620691668590297,0.15727285234930924,0.0808145435651507,0.4228838884219903
HydraulicSystems,2,auto_k3_min_0.16,STCG-v1 Weighted Ridge,10.0,0.01,4.0,1.0,3,True,0.16,False,0.07053660272407342,617,2,1,0.0,0.6353322528363047,0.9766612641815235,0:392;1:225,0:617,"{""0"": ""0""}",0.04620691668590297,0.15727285234930924,0.0808145435651507,0.4228838884219903
HydraulicSystems,2,auto_k3_min_0.16,DynVAR-Lasso Weighted Ridge,10.0,0.1,1.0,1.0,3,True,0.16,False,0.07053660272407342,617,2,1,0.0,0.6353322528363047,0.9766612641815235,0:392;1:225,0:617,"{""0"": ""0""}",0.04660194681566256,0.15636006459643953,0.08044381286297231,0.42020302462776243
HydraulicSystems,2,auto_k3_min_0.16,STCG-v1 Weighted Ridge,10.0,0.1,1.0,1.0,3,True,0.16,False,0.07053660272407342,617,2,1,0.0,0.6353322528363047,0.9766612641815235,0:392;1:225,0:617,"{""0"": ""0""}",0.04660194681566256,0.15636006459643953,0.08044381286297231,0.42020302462776243
HydraulicSystems,2,auto_k3_min_0.16,DynVAR-Lasso Weighted Ridge,10.0,0.1,4.0,1.0,3,True,0.16,False,0.07053660272407342,617,2,1,0.0,0.6353322528363047,0.9766612641815235,0:392;1:225,0:617,"{""0"": ""0""}",0.04643463854394903,0.15677109242069784,0.08059412166258888,0.42143100515579135
HydraulicSystems,2,auto_k3_min_0.16,STCG-v1 Weighted Ridge,10.0,0.1,4.0,1.0,3,True,0.16,False,0.07053660272407342,617,2,1,0.0,0.6353322528363047,0.9766612641815235,0:392;1:225,0:617,"{""0"": ""0""}",0.04643463854394903,0.15677109242069784,0.08059412166258888,0.42143100515579135
HydraulicSystems,2,auto_k3_min_0.16,Dense Ridge,100.0,,,,3,True,0.16,False,0.07053660272407342,617,2,1,0.0,0.6353322528363047,0.9766612641815235,0:392;1:225,0:617,"{""0"": ""0""}",0.04726797834190943,0.156980386286702,0.08144405078576797,0.4219199848790695
HydraulicSystems,2,auto_k3_min_0.16,DynVAR-Lasso Weighted Ridge,100.0,0.01,1.0,1.0,3,True,0.16,False,0.07053660272407342,617,2,1,0.0,0.6353322528363047,0.9766612641815235,0:392;1:225,0:617,"{""0"": ""0""}",0.04704721147864152,0.15733125428747502,0.08153015605464198,0.42290278005860427
HydraulicSystems,2,auto_k3_min_0.16,STCG-v1 Weighted Ridge,100.0,0.01,1.0,1.0,3,True,0.16,False,0.07053660272407342,617,2,1,0.0,0.6353322528363047,0.9766612641815235,0:392;1:225,0:617,"{""0"": ""0""}",0.04704721147864152,0.15733125428747502,0.08153015605464198,0.42290278005860427
HydraulicSystems,2,auto_k3_min_0.16,DynVAR-Lasso Weighted Ridge,100.0,0.01,4.0,1.0,3,True,0.16,False,0.07053660272407342,617,2,1,0.0,0.6353322528363047,0.9766612641815235,0:392;1:225,0:617,"{""0"": ""0""}",0.04630606203404213,0.1580699413873624,0.08182273516528321,0.4247732266123706
HydraulicSystems,2,auto_k3_min_0.16,STCG-v1 Weighted Ridge,100.0,0.01,4.0,1.0,3,True,0.16,False,0.07053660272407342,617,2,1,0.0,0.6353322528363047,0.9766612641815235,0:392;1:225,0:617,"{""0"": ""0""}",0.04630606203404213,0.1580699413873624,0.08182273516528321,0.4247732266123706
HydraulicSystems,2,auto_k3_min_0.16,DynVAR-Lasso Weighted Ridge,100.0,0.1,1.0,1.0,3,True,0.16,False,0.07053660272407342,617,2,1,0.0,0.6353322528363047,0.9766612641815235,0:392;1:225,0:617,"{""0"": ""0""}",0.0470759319111906,0.1572743920113568,0.08151401548300558,0.42274593282350403
HydraulicSystems,2,auto_k3_min_0.16,STCG-v1 Weighted Ridge,100.0,0.1,1.0,1.0,3,True,0.16,False,0.07053660272407342,617,2,1,0.0,0.6353322528363047,0.9766612641815235,0:392;1:225,0:617,"{""0"": ""0""}",0.0470759319111906,0.1572743920113568,0.08151401548300558,0.42274593282350403
HydraulicSystems,2,auto_k3_min_0.16,DynVAR-Lasso Weighted Ridge,100.0,0.1,4.0,1.0,3,True,0.16,False,0.07053660272407342,617,2,1,0.0,0.6353322528363047,0.9766612641815235,0:392;1:225,0:617,"{""0"": ""0""}",0.04678289265751311,0.15778273478770255,0.08165677040965295,0.42413500873564997
HydraulicSystems,2,auto_k3_min_0.16,STCG-v1 Weighted Ridge,100.0,0.1,4.0,1.0,3,True,0.16,False,0.07053660272407342,617,2,1,0.0,0.6353322528363047,0.9766612641815235,0:392;1:225,0:617,"{""0"": ""0""}",0.04678289265751311,0.15778273478770255,0.08165677040965295,0.42413500873564997
HydraulicSystems,2,forced_k3,Dense Ridge,1.0,,,,3,False,0.0,True,0.07053660272407342,617,2,3,0.05491705579160776,0.6871961102106969,0.9766612641815235,0:392;1:225,0:182;1:307;2:128,"{""0"": ""1"", ""1"": ""0""}",0.04644940013362614,0.1554111584263074,0.07982692614779191,0.4172899154690502
HydraulicSystems,2,forced_k3,DynVAR-Lasso Weighted Ridge,1.0,0.01,1.0,1.0,3,False,0.0,True,0.07053660272407342,617,2,3,0.05491705579160776,0.6871961102106969,0.9766612641815235,0:392;1:225,0:182;1:307;2:128,"{""0"": ""1"", ""1"": ""0""}",0.04638746701867529,0.1555619216154146,0.07988075323901575,0.4178030794883989
HydraulicSystems,2,forced_k3,STCG-v1 Weighted Ridge,1.0,0.01,1.0,1.0,3,False,0.0,True,0.07053660272407342,617,2,3,0.05491705579160776,0.6871961102106969,0.9766612641815235,0:392;1:225,0:182;1:307;2:128,"{""0"": ""1"", ""1"": ""0""}",0.04626578105797206,0.15569226605737632,0.07987726918446882,0.4183535516772318
HydraulicSystems,2,forced_k3,DynVAR-Lasso Weighted Ridge,1.0,0.01,4.0,1.0,3,False,0.0,True,0.07053660272407342,617,2,3,0.05491705579160776,0.6871961102106969,0.9766612641815235,0:392;1:225,0:182;1:307;2:128,"{""0"": ""1"", ""1"": ""0""}",0.04626145354482729,0.15626936727999047,0.08017131174708587,0.4200149064170081
HydraulicSystems,2,forced_k3,STCG-v1 Weighted Ridge,1.0,0.01,4.0,1.0,3,False,0.0,True,0.07053660272407342,617,2,3,0.05491705579160776,0.6871961102106969,0.9766612641815235,0:392;1:225,0:182;1:307;2:128,"{""0"": ""1"", ""1"": ""0""}",0.04614759756678186,0.1568040192466884,0.08035567525113282,0.4215977671310004
HydraulicSystems,2,forced_k3,DynVAR-Lasso Weighted Ridge,1.0,0.1,1.0,1.0,3,False,0.0,True,0.07053660272407342,617,2,3,0.05491705579160776,0.6871961102106969,0.9766612641815235,0:392;1:225,0:182;1:307;2:128,"{""0"": ""1"", ""1"": ""0""}",0.04639780512558248,0.15553755670423755,0.07987269987609921,0.4177202914303357
HydraulicSystems,2,forced_k3,STCG-v1 Weighted Ridge,1.0,0.1,1.0,1.0,3,False,0.0,True,0.07053660272407342,617,2,3,0.05491705579160776,0.6871961102106969,0.9766612641815235,0:392;1:225,0:182;1:307;2:128,"{""0"": ""1"", ""1"": ""0""}",0.04631021301587126,0.15561337921745175,0.07986251402016445,0.4180635001789362
HydraulicSystems,2,forced_k3,DynVAR-Lasso Weighted Ridge,1.0,0.1,4.0,1.0,3,False,0.0,True,0.07053660272407342,617,2,3,0.05491705579160776,0.6871961102106969,0.9766612641815235,0:392;1:225,0:182;1:307;2:128,"{""0"": ""1"", ""1"": ""0""}",0.0463483159144035,0.1558904579322603,0.08002259323592992,0.4188418466816771
HydraulicSystems,2,forced_k3,STCG-v1 Weighted Ridge,1.0,0.1,4.0,1.0,3,False,0.0,True,0.07053660272407342,617,2,3,0.05491705579160776,0.6871961102106969,0.9766612641815235,0:392;1:225,0:182;1:307;2:128,"{""0"": ""1"", ""1"": ""0""}",0.046286246784345314,0.15595804441355696,0.08001438972965187,0.4190811988137688
HydraulicSystems,2,forced_k3,Dense Ridge,10.0,,,,3,False,0.0,True,0.07053660272407342,617,2,3,0.05491705579160776,0.6871961102106969,0.9766612641815235,0:392;1:225,0:182;1:307;2:128,"{""0"": ""1"", ""1"": ""0""}",0.046670590127118196,0.15612095111965393,0.08037952092401655,0.4194724308833568
HydraulicSystems,2,forced_k3,DynVAR-Lasso Weighted Ridge,10.0,0.01,1.0,1.0,3,False,0.0,True,0.07053660272407342,617,2,3,0.05491705579160776,0.6871961102106969,0.9766612641815235,0:392;1:225,0:182;1:307;2:128,"{""0"": ""1"", ""1"": ""0""}",0.04658715251629476,0.15639747883165817,0.08045510852876125,0.4203162275977674
HydraulicSystems,2,forced_k3,STCG-v1 Weighted Ridge,10.0,0.01,1.0,1.0,3,False,0.0,True,0.07053660272407342,617,2,3,0.05491705579160776,0.6871961102106969,0.9766612641815235,0:392;1:225,0:182;1:307;2:128,"{""0"": ""1"", ""1"": ""0""}",0.04641130431618882,0.1566577001845813,0.08049989223392992,0.42109886871026087
HydraulicSystems,2,forced_k3,DynVAR-Lasso Weighted Ridge,10.0,0.01,4.0,1.0,3,False,0.0,True,0.07053660272407342,617,2,3,0.05491705579160776,0.6871961102106969,0.9766612641815235,0:392;1:225,0:182;1:307;2:128,"{""0"": ""1"", ""1"": ""0""}",0.04620691668590297,0.15727285234930924,0.0808145435651507,0.4228838884219903
HydraulicSystems,2,forced_k3,STCG-v1 Weighted Ridge,10.0,0.01,4.0,1.0,3,False,0.0,True,0.07053660272407342,617,2,3,0.05491705579160776,0.6871961102106969,0.9766612641815235,0:392;1:225,0:182;1:307;2:128,"{""0"": ""1"", ""1"": ""0""}",0.04618931823749471,0.1577250481718847,0.08101176540159448,0.42395801055569016
HydraulicSystems,2,forced_k3,DynVAR-Lasso Weighted Ridge,10.0,0.1,1.0,1.0,3,False,0.0,True,0.07053660272407342,617,2,3,0.05491705579160776,0.6871961102106969,0.9766612641815235,0:392;1:225,0:182;1:307;2:128,"{""0"": ""1"", ""1"": ""0""}",0.04660194681566256,0.15636006459643953,0.08044381286297231,0.42020302462776243
HydraulicSystems,2,forced_k3,STCG-v1 Weighted Ridge,10.0,0.1,1.0,1.0,3,False,0.0,True,0.07053660272407342,617,2,3,0.05491705579160776,0.6871961102106969,0.9766612641815235,0:392;1:225,0:182;1:307;2:128,"{""0"": ""1"", ""1"": ""0""}",0.046475862308221504,0.15654161852935336,0.08046155974917957,0.42076400018169763
HydraulicSystems,2,forced_k3,DynVAR-Lasso Weighted Ridge,10.0,0.1,4.0,1.0,3,False,0.0,True,0.07053660272407342,617,2,3,0.05491705579160776,0.6871961102106969,0.9766612641815235,0:392;1:225,0:182;1:307;2:128,"{""0"": ""1"", ""1"": ""0""}",0.04643463854394903,0.15677109242069784,0.08059412166258888,0.42143100515579135
HydraulicSystems,2,forced_k3,STCG-v1 Weighted Ridge,10.0,0.1,4.0,1.0,3,False,0.0,True,0.07053660272407342,617,2,3,0.05491705579160776,0.6871961102106969,0.9766612641815235,0:392;1:225,0:182;1:307;2:128,"{""0"": ""1"", ""1"": ""0""}",0.046357102972451214,0.15687287637408065,0.08057458545264398,0.4217004564709961
HydraulicSystems,2,forced_k3,Dense Ridge,100.0,,,,3,False,0.0,True,0.07053660272407342,617,2,3,0.05491705579160776,0.6871961102106969,0.9766612641815235,0:392;1:225,0:182;1:307;2:128,"{""0"": ""1"", ""1"": ""0""}",0.04726797834190943,0.156980386286702,0.08144405078576797,0.4219199848790695
HydraulicSystems,2,forced_k3,DynVAR-Lasso Weighted Ridge,100.0,0.01,1.0,1.0,3,False,0.0,True,0.07053660272407342,617,2,3,0.05491705579160776,0.6871961102106969,0.9766612641815235,0:392;1:225,0:182;1:307;2:128,"{""0"": ""1"", ""1"": ""0""}",0.04704721147864152,0.15733125428747502,0.08153015605464198,0.42290278005860427
HydraulicSystems,2,forced_k3,STCG-v1 Weighted Ridge,100.0,0.01,1.0,1.0,3,False,0.0,True,0.07053660272407342,617,2,3,0.05491705579160776,0.6871961102106969,0.9766612641815235,0:392;1:225,0:182;1:307;2:128,"{""0"": ""1"", ""1"": ""0""}",0.04682420961779447,0.15770056548067096,0.08161128022816826,0.423731788472622
HydraulicSystems,2,forced_k3,DynVAR-Lasso Weighted Ridge,100.0,0.01,4.0,1.0,3,False,0.0,True,0.07053660272407342,617,2,3,0.05491705579160776,0.6871961102106969,0.9766612641815235,0:392;1:225,0:182;1:307;2:128,"{""0"": ""1"", ""1"": ""0""}",0.04630606203404213,0.1580699413873624,0.08182273516528321,0.4247732266123706
HydraulicSystems,2,forced_k3,STCG-v1 Weighted Ridge,100.0,0.01,4.0,1.0,3,False,0.0,True,0.07053660272407342,617,2,3,0.05491705579160776,0.6871961102106969,0.9766612641815235,0:392;1:225,0:182;1:307;2:128,"{""0"": ""1"", ""1"": ""0""}",0.04580737217169319,0.1581630474907732,0.08189782256605646,0.4249202975250248
HydraulicSystems,2,forced_k3,DynVAR-Lasso Weighted Ridge,100.0,0.1,1.0,1.0,3,False,0.0,True,0.07053660272407342,617,2,3,0.05491705579160776,0.6871961102106969,0.9766612641815235,0:392;1:225,0:182;1:307;2:128,"{""0"": ""1"", ""1"": ""0""}",0.0470759319111906,0.1572743920113568,0.08151401548300558,0.42274593282350403
HydraulicSystems,2,forced_k3,STCG-v1 Weighted Ridge,100.0,0.1,1.0,1.0,3,False,0.0,True,0.07053660272407342,617,2,3,0.05491705579160776,0.6871961102106969,0.9766612641815235,0:392;1:225,0:182;1:307;2:128,"{""0"": ""1"", ""1"": ""0""}",0.04691980938628229,0.15753656383288364,0.0815629304112898,0.4233712008989394
HydraulicSystems,2,forced_k3,DynVAR-Lasso Weighted Ridge,100.0,0.1,4.0,1.0,3,False,0.0,True,0.07053660272407342,617,2,3,0.05491705579160776,0.6871961102106969,0.9766612641815235,0:392;1:225,0:182;1:307;2:128,"{""0"": ""1"", ""1"": ""0""}",0.04678289265751311,0.15778273478770255,0.08165677040965295,0.42413500873564997
HydraulicSystems,2,forced_k3,STCG-v1 Weighted Ridge,100.0,0.1,4.0,1.0,3,False,0.0,True,0.07053660272407342,617,2,3,0.05491705579160776,0.6871961102106969,0.9766612641815235,0:392;1:225,0:182;1:307;2:128,"{""0"": ""1"", ""1"": ""0""}",0.04676091270543108,0.15788743877410613,0.08163509708974183,0.4243227809576778
HydraulicSystems,3,auto_k2_min_0.00,Dense Ridge,1.0,,,,2,True,0.0,True,0.047684739291713074,617,2,2,-0.0012430149081966008,0.5089141004862237,0.9766612641815235,0:392;1:225,0:300;1:317,"{""0"": ""1"", ""1"": ""0""}",0.04644940013362614,0.1554111584263074,0.07982692614779191,0.4172899154690502
HydraulicSystems,3,auto_k2_min_0.00,DynVAR-Lasso Weighted Ridge,1.0,0.01,1.0,1.0,2,True,0.0,True,0.047684739291713074,617,2,2,-0.0012430149081966008,0.5089141004862237,0.9766612641815235,0:392;1:225,0:300;1:317,"{""0"": ""1"", ""1"": ""0""}",0.04638746701867529,0.1555619216154146,0.07988075323901575,0.4178030794883989
HydraulicSystems,3,auto_k2_min_0.00,STCG-v1 Weighted Ridge,1.0,0.01,1.0,1.0,2,True,0.0,True,0.047684739291713074,617,2,2,-0.0012430149081966008,0.5089141004862237,0.9766612641815235,0:392;1:225,0:300;1:317,"{""0"": ""1"", ""1"": ""0""}",0.04626509371221145,0.15574757056378774,0.07989687163192186,0.41851857091927586
HydraulicSystems,3,auto_k2_min_0.00,DynVAR-Lasso Weighted Ridge,1.0,0.01,4.0,1.0,2,True,0.0,True,0.047684739291713074,617,2,2,-0.0012430149081966008,0.5089141004862237,0.9766612641815235,0:392;1:225,0:300;1:317,"{""0"": ""1"", ""1"": ""0""}",0.04626145354482729,0.15626936727999047,0.08017131174708587,0.4200149064170081
HydraulicSystems,3,auto_k2_min_0.00,STCG-v1 Weighted Ridge,1.0,0.01,4.0,1.0,2,True,0.0,True,0.047684739291713074,617,2,2,-0.0012430149081966008,0.5089141004862237,0.9766612641815235,0:392;1:225,0:300;1:317,"{""0"": ""1"", ""1"": ""0""}",0.046131943143666955,0.15680097638877383,0.08035191429971786,0.42159117831567083
HydraulicSystems,3,auto_k2_min_0.00,DynVAR-Lasso Weighted Ridge,1.0,0.1,1.0,1.0,2,True,0.0,True,0.047684739291713074,617,2,2,-0.0012430149081966008,0.5089141004862237,0.9766612641815235,0:392;1:225,0:300;1:317,"{""0"": ""1"", ""1"": ""0""}",0.04639780512558248,0.15553755670423755,0.07987269987609921,0.4177202914303357
HydraulicSystems,3,auto_k2_min_0.00,STCG-v1 Weighted Ridge,1.0,0.1,1.0,1.0,2,True,0.0,True,0.047684739291713074,617,2,2,-0.0012430149081966008,0.5089141004862237,0.9766612641815235,0:392;1:225,0:300;1:317,"{""0"": ""1"", ""1"": ""0""}",0.046307408852270276,0.1556527840613982,0.07987629914620475,0.4181812949779129
HydraulicSystems,3,auto_k2_min_0.00,DynVAR-Lasso Weighted Ridge,1.0,0.1,4.0,1.0,2,True,0.0,True,0.047684739291713074,617,2,2,-0.0012430149081966008,0.5089141004862237,0.9766612641815235,0:392;1:225,0:300;1:317,"{""0"": ""1"", ""1"": ""0""}",0.0463483159144035,0.1558904579322603,0.08002259323592992,0.4188418466816771
HydraulicSystems,3,auto_k2_min_0.00,STCG-v1 Weighted Ridge,1.0,0.1,4.0,1.0,2,True,0.0,True,0.047684739291713074,617,2,2,-0.0012430149081966008,0.5089141004862237,0.9766612641815235,0:392;1:225,0:300;1:317,"{""0"": ""1"", ""1"": ""0""}",0.04631059076553928,0.1560381290194446,0.08004236787244873,0.4193215059343456
HydraulicSystems,3,auto_k2_min_0.00,Dense Ridge,10.0,,,,2,True,0.0,True,0.047684739291713074,617,2,2,-0.0012430149081966008,0.5089141004862237,0.9766612641815235,0:392;1:225,0:300;1:317,"{""0"": ""1"", ""1"": ""0""}",0.046670590127118196,0.15612095111965393,0.08037952092401655,0.4194724308833568
HydraulicSystems,3,auto_k2_min_0.00,DynVAR-Lasso Weighted Ridge,10.0,0.01,1.0,1.0,2,True,0.0,True,0.047684739291713074,617,2,2,-0.0012430149081966008,0.5089141004862237,0.9766612641815235,0:392;1:225,0:300;1:317,"{""0"": ""1"", ""1"": ""0""}",0.04658715251629476,0.15639747883165817,0.08045510852876125,0.4203162275977674
HydraulicSystems,3,auto_k2_min_0.00,STCG-v1 Weighted Ridge,10.0,0.01,1.0,1.0,2,True,0.0,True,0.047684739291713074,617,2,2,-0.0012430149081966008,0.5089141004862237,0.9766612641815235,0:392;1:225,0:300;1:317,"{""0"": ""1"", ""1"": ""0""}",0.046409947062495086,0.1566895490602584,0.08050757426179476,0.42119520933994237
HydraulicSystems,3,auto_k2_min_0.00,DynVAR-Lasso Weighted Ridge,10.0,0.01,4.0,1.0,2,True,0.0,True,0.047684739291713074,617,2,2,-0.0012430149081966008,0.5089141004862237,0.9766612641815235,0:392;1:225,0:300;1:317,"{""0"": ""1"", ""1"": ""0""}",0.04620691668590297,0.15727285234930924,0.0808145435651507,0.4228838884219903
HydraulicSystems,3,auto_k2_min_0.00,STCG-v1 Weighted Ridge,10.0,0.01,4.0,1.0,2,True,0.0,True,0.047684739291713074,617,2,2,-0.0012430149081966008,0.5089141004862237,0.9766612641815235,0:392;1:225,0:300;1:317,"{""0"": ""1"", ""1"": ""0""}",0.04605493056380691,0.15772440691393005,0.08100941602013294,0.4239556266289086
HydraulicSystems,3,auto_k2_min_0.00,DynVAR-Lasso Weighted Ridge,10.0,0.1,1.0,1.0,2,True,0.0,True,0.047684739291713074,617,2,2,-0.0012430149081966008,0.5089141004862237,0.9766612641815235,0:392;1:225,0:300;1:317,"{""0"": ""1"", ""1"": ""0""}",0.04660194681566256,0.15636006459643953,0.08044381286297231,0.42020302462776243
HydraulicSystems,3,auto_k2_min_0.00,STCG-v1 Weighted Ridge,10.0,0.1,1.0,1.0,2,True,0.0,True,0.047684739291713074,617,2,2,-0.0012430149081966008,0.5089141004862237,0.9766612641815235,0:392;1:225,0:300;1:317,"{""0"": ""1"", ""1"": ""0""}",0.04647632752407183,0.1565665404239531,0.08046737593321518,0.4208388778495085
HydraulicSystems,3,auto_k2_min_0.00,DynVAR-Lasso Weighted Ridge,10.0,0.1,4.0,1.0,2,True,0.0,True,0.047684739291713074,617,2,2,-0.0012430149081966008,0.5089141004862237,0.9766612641815235,0:392;1:225,0:300;1:317,"{""0"": ""1"", ""1"": ""0""}",0.04643463854394903,0.15677109242069784,0.08059412166258888,0.42143100515579135
HydraulicSystems,3,auto_k2_min_0.00,STCG-v1 Weighted Ridge,10.0,0.1,4.0,1.0,2,True,0.0,True,0.047684739291713074,617,2,2,-0.0012430149081966008,0.5089141004862237,0.9766612641815235,0:392;1:225,0:300;1:317,"{""0"": ""1"", ""1"": ""0""}",0.046334204435173866,0.15686067660994424,0.08056880804110857,0.42166458225725423
HydraulicSystems,3,auto_k2_min_0.00,Dense Ridge,100.0,,,,2,True,0.0,True,0.047684739291713074,617,2,2,-0.0012430149081966008,0.5089141004862237,0.9766612641815235,0:392;1:225,0:300;1:317,"{""0"": ""1"", ""1"": ""0""}",0.04726797834190943,0.156980386286702,0.08144405078576797,0.4219199848790695
HydraulicSystems,3,auto_k2_min_0.00,DynVAR-Lasso Weighted Ridge,100.0,0.01,1.0,1.0,2,True,0.0,True,0.047684739291713074,617,2,2,-0.0012430149081966008,0.5089141004862237,0.9766612641815235,0:392;1:225,0:300;1:317,"{""0"": ""1"", ""1"": ""0""}",0.04704721147864152,0.15733125428747502,0.08153015605464198,0.42290278005860427
HydraulicSystems,3,auto_k2_min_0.00,STCG-v1 Weighted Ridge,100.0,0.01,1.0,1.0,2,True,0.0,True,0.047684739291713074,617,2,2,-0.0012430149081966008,0.5089141004862237,0.9766612641815235,0:392;1:225,0:300;1:317,"{""0"": ""1"", ""1"": ""0""}",0.04680576286900706,0.15772173902606168,0.08162068333054169,0.4237979909499608
HydraulicSystems,3,auto_k2_min_0.00,DynVAR-Lasso Weighted Ridge,100.0,0.01,4.0,1.0,2,True,0.0,True,0.047684739291713074,617,2,2,-0.0012430149081966008,0.5089141004862237,0.9766612641815235,0:392;1:225,0:300;1:317,"{""0"": ""1"", ""1"": ""0""}",0.04630606203404213,0.1580699413873624,0.08182273516528321,0.4247732266123706
HydraulicSystems,3,auto_k2_min_0.00,STCG-v1 Weighted Ridge,100.0,0.01,4.0,1.0,2,True,0.0,True,0.047684739291713074,617,2,2,-0.0012430149081966008,0.5089141004862237,0.9766612641815235,0:392;1:225,0:300;1:317,"{""0"": ""1"", ""1"": ""0""}",0.04560997342891604,0.15817446946714067,0.08190199674505612,0.42495073597565874
HydraulicSystems,3,auto_k2_min_0.00,DynVAR-Lasso Weighted Ridge,100.0,0.1,1.0,1.0,2,True,0.0,True,0.047684739291713074,617,2,2,-0.0012430149081966008,0.5089141004862237,0.9766612641815235,0:392;1:225,0:300;1:317,"{""0"": ""1"", ""1"": ""0""}",0.0470759319111906,0.1572743920113568,0.08151401548300558,0.42274593282350403
HydraulicSystems,3,auto_k2_min_0.00,STCG-v1 Weighted Ridge,100.0,0.1,1.0,1.0,2,True,0.0,True,0.047684739291713074,617,2,2,-0.0012430149081966008,0.5089141004862237,0.9766612641815235,0:392;1:225,0:300;1:317,"{""0"": ""1"", ""1"": ""0""}",0.04690317141155788,0.15755194561324548,0.08156781760197082,0.4234172850026581
HydraulicSystems,3,auto_k2_min_0.00,DynVAR-Lasso Weighted Ridge,100.0,0.1,4.0,1.0,2,True,0.0,True,0.047684739291713074,617,2,2,-0.0012430149081966008,0.5089141004862237,0.9766612641815235,0:392;1:225,0:300;1:317,"{""0"": ""1"", ""1"": ""0""}",0.04678289265751311,0.15778273478770255,0.08165677040965295,0.42413500873564997
HydraulicSystems,3,auto_k2_min_0.00,STCG-v1 Weighted Ridge,100.0,0.1,4.0,1.0,2,True,0.0,True,0.047684739291713074,617,2,2,-0.0012430149081966008,0.5089141004862237,0.9766612641815235,0:392;1:225,0:300;1:317,"{""0"": ""1"", ""1"": ""0""}",0.04670258940006952,0.15788670845697253,0.08164938979219247,0.4243147685868232
HydraulicSystems,3,auto_k2_min_0.08,Dense Ridge,1.0,,,,2,True,0.08,False,0.047684739291713074,617,2,1,0.0,0.6353322528363047,0.9766612641815235,0:392;1:225,0:617,"{""0"": ""0""}",0.04644940013362614,0.1554111584263074,0.07982692614779191,0.4172899154690502
HydraulicSystems,3,auto_k2_min_0.08,DynVAR-Lasso Weighted Ridge,1.0,0.01,1.0,1.0,2,True,0.08,False,0.047684739291713074,617,2,1,0.0,0.6353322528363047,0.9766612641815235,0:392;1:225,0:617,"{""0"": ""0""}",0.04638746701867529,0.1555619216154146,0.07988075323901575,0.4178030794883989
HydraulicSystems,3,auto_k2_min_0.08,STCG-v1 Weighted Ridge,1.0,0.01,1.0,1.0,2,True,0.08,False,0.047684739291713074,617,2,1,0.0,0.6353322528363047,0.9766612641815235,0:392;1:225,0:617,"{""0"": ""0""}",0.04638746701867529,0.1555619216154146,0.07988075323901575,0.4178030794883989
HydraulicSystems,3,auto_k2_min_0.08,DynVAR-Lasso Weighted Ridge,1.0,0.01,4.0,1.0,2,True,0.08,False,0.047684739291713074,617,2,1,0.0,0.6353322528363047,0.9766612641815235,0:392;1:225,0:617,"{""0"": ""0""}",0.04626145354482729,0.15626936727999047,0.08017131174708587,0.4200149064170081
HydraulicSystems,3,auto_k2_min_0.08,STCG-v1 Weighted Ridge,1.0,0.01,4.0,1.0,2,True,0.08,False,0.047684739291713074,617,2,1,0.0,0.6353322528363047,0.9766612641815235,0:392;1:225,0:617,"{""0"": ""0""}",0.04626145354482729,0.15626936727999047,0.08017131174708587,0.4200149064170081
HydraulicSystems,3,auto_k2_min_0.08,DynVAR-Lasso Weighted Ridge,1.0,0.1,1.0,1.0,2,True,0.08,False,0.047684739291713074,617,2,1,0.0,0.6353322528363047,0.9766612641815235,0:392;1:225,0:617,"{""0"": ""0""}",0.04639780512558248,0.15553755670423755,0.07987269987609921,0.4177202914303357
HydraulicSystems,3,auto_k2_min_0.08,STCG-v1 Weighted Ridge,1.0,0.1,1.0,1.0,2,True,0.08,False,0.047684739291713074,617,2,1,0.0,0.6353322528363047,0.9766612641815235,0:392;1:225,0:617,"{""0"": ""0""}",0.04639780512558248,0.15553755670423755,0.07987269987609921,0.4177202914303357
HydraulicSystems,3,auto_k2_min_0.08,DynVAR-Lasso Weighted Ridge,1.0,0.1,4.0,1.0,2,True,0.08,False,0.047684739291713074,617,2,1,0.0,0.6353322528363047,0.9766612641815235,0:392;1:225,0:617,"{""0"": ""0""}",0.0463483159144035,0.1558904579322603,0.08002259323592992,0.4188418466816771
HydraulicSystems,3,auto_k2_min_0.08,STCG-v1 Weighted Ridge,1.0,0.1,4.0,1.0,2,True,0.08,False,0.047684739291713074,617,2,1,0.0,0.6353322528363047,0.9766612641815235,0:392;1:225,0:617,"{""0"": ""0""}",0.0463483159144035,0.1558904579322603,0.08002259323592992,0.4188418466816771
HydraulicSystems,3,auto_k2_min_0.08,Dense Ridge,10.0,,,,2,True,0.08,False,0.047684739291713074,617,2,1,0.0,0.6353322528363047,0.9766612641815235,0:392;1:225,0:617,"{""0"": ""0""}",0.046670590127118196,0.15612095111965393,0.08037952092401655,0.4194724308833568
HydraulicSystems,3,auto_k2_min_0.08,DynVAR-Lasso Weighted Ridge,10.0,0.01,1.0,1.0,2,True,0.08,False,0.047684739291713074,617,2,1,0.0,0.6353322528363047,0.9766612641815235,0:392;1:225,0:617,"{""0"": ""0""}",0.04658715251629476,0.15639747883165817,0.08045510852876125,0.4203162275977674
HydraulicSystems,3,auto_k2_min_0.08,STCG-v1 Weighted Ridge,10.0,0.01,1.0,1.0,2,True,0.08,False,0.047684739291713074,617,2,1,0.0,0.6353322528363047,0.9766612641815235,0:392;1:225,0:617,"{""0"": ""0""}",0.04658715251629476,0.15639747883165817,0.08045510852876125,0.4203162275977674
HydraulicSystems,3,auto_k2_min_0.08,DynVAR-Lasso Weighted Ridge,10.0,0.01,4.0,1.0,2,True,0.08,False,0.047684739291713074,617,2,1,0.0,0.6353322528363047,0.9766612641815235,0:392;1:225,0:617,"{""0"": ""0""}",0.04620691668590297,0.15727285234930924,0.0808145435651507,0.4228838884219903
HydraulicSystems,3,auto_k2_min_0.08,STCG-v1 Weighted Ridge,10.0,0.01,4.0,1.0,2,True,0.08,False,0.047684739291713074,617,2,1,0.0,0.6353322528363047,0.9766612641815235,0:392;1:225,0:617,"{""0"": ""0""}",0.04620691668590297,0.15727285234930924,0.0808145435651507,0.4228838884219903
HydraulicSystems,3,auto_k2_min_0.08,DynVAR-Lasso Weighted Ridge,10.0,0.1,1.0,1.0,2,True,0.08,False,0.047684739291713074,617,2,1,0.0,0.6353322528363047,0.9766612641815235,0:392;1:225,0:617,"{""0"": ""0""}",0.04660194681566256,0.15636006459643953,0.08044381286297231,0.42020302462776243
HydraulicSystems,3,auto_k2_min_0.08,STCG-v1 Weighted Ridge,10.0,0.1,1.0,1.0,2,True,0.08,False,0.047684739291713074,617,2,1,0.0,0.6353322528363047,0.9766612641815235,0:392;1:225,0:617,"{""0"": ""0""}",0.04660194681566256,0.15636006459643953,0.08044381286297231,0.42020302462776243
HydraulicSystems,3,auto_k2_min_0.08,DynVAR-Lasso Weighted Ridge,10.0,0.1,4.0,1.0,2,True,0.08,False,0.047684739291713074,617,2,1,0.0,0.6353322528363047,0.9766612641815235,0:392;1:225,0:617,"{""0"": ""0""}",0.04643463854394903,0.15677109242069784,0.08059412166258888,0.42143100515579135
HydraulicSystems,3,auto_k2_min_0.08,STCG-v1 Weighted Ridge,10.0,0.1,4.0,1.0,2,True,0.08,False,0.047684739291713074,617,2,1,0.0,0.6353322528363047,0.9766612641815235,0:392;1:225,0:617,"{""0"": ""0""}",0.04643463854394903,0.15677109242069784,0.08059412166258888,0.42143100515579135
HydraulicSystems,3,auto_k2_min_0.08,Dense Ridge,100.0,,,,2,True,0.08,False,0.047684739291713074,617,2,1,0.0,0.6353322528363047,0.9766612641815235,0:392;1:225,0:617,"{""0"": ""0""}",0.04726797834190943,0.156980386286702,0.08144405078576797,0.4219199848790695
HydraulicSystems,3,auto_k2_min_0.08,DynVAR-Lasso Weighted Ridge,100.0,0.01,1.0,1.0,2,True,0.08,False,0.047684739291713074,617,2,1,0.0,0.6353322528363047,0.9766612641815235,0:392;1:225,0:617,"{""0"": ""0""}",0.04704721147864152,0.15733125428747502,0.08153015605464198,0.42290278005860427
HydraulicSystems,3,auto_k2_min_0.08,STCG-v1 Weighted Ridge,100.0,0.01,1.0,1.0,2,True,0.08,False,0.047684739291713074,617,2,1,0.0,0.6353322528363047,0.9766612641815235,0:392;1:225,0:617,"{""0"": ""0""}",0.04704721147864152,0.15733125428747502,0.08153015605464198,0.42290278005860427
HydraulicSystems,3,auto_k2_min_0.08,DynVAR-Lasso Weighted Ridge,100.0,0.01,4.0,1.0,2,True,0.08,False,0.047684739291713074,617,2,1,0.0,0.6353322528363047,0.9766612641815235,0:392;1:225,0:617,"{""0"": ""0""}",0.04630606203404213,0.1580699413873624,0.08182273516528321,0.4247732266123706
HydraulicSystems,3,auto_k2_min_0.08,STCG-v1 Weighted Ridge,100.0,0.01,4.0,1.0,2,True,0.08,False,0.047684739291713074,617,2,1,0.0,0.6353322528363047,0.9766612641815235,0:392;1:225,0:617,"{""0"": ""0""}",0.04630606203404213,0.1580699413873624,0.08182273516528321,0.4247732266123706
HydraulicSystems,3,auto_k2_min_0.08,DynVAR-Lasso Weighted Ridge,100.0,0.1,1.0,1.0,2,True,0.08,False,0.047684739291713074,617,2,1,0.0,0.6353322528363047,0.9766612641815235,0:392;1:225,0:617,"{""0"": ""0""}",0.0470759319111906,0.1572743920113568,0.08151401548300558,0.42274593282350403
HydraulicSystems,3,auto_k2_min_0.08,STCG-v1 Weighted Ridge,100.0,0.1,1.0,1.0,2,True,0.08,False,0.047684739291713074,617,2,1,0.0,0.6353322528363047,0.9766612641815235,0:392;1:225,0:617,"{""0"": ""0""}",0.0470759319111906,0.1572743920113568,0.08151401548300558,0.42274593282350403
HydraulicSystems,3,auto_k2_min_0.08,DynVAR-Lasso Weighted Ridge,100.0,0.1,4.0,1.0,2,True,0.08,False,0.047684739291713074,617,2,1,0.0,0.6353322528363047,0.9766612641815235,0:392;1:225,0:617,"{""0"": ""0""}",0.04678289265751311,0.15778273478770255,0.08165677040965295,0.42413500873564997
HydraulicSystems,3,auto_k2_min_0.08,STCG-v1 Weighted Ridge,100.0,0.1,4.0,1.0,2,True,0.08,False,0.047684739291713074,617,2,1,0.0,0.6353322528363047,0.9766612641815235,0:392;1:225,0:617,"{""0"": ""0""}",0.04678289265751311,0.15778273478770255,0.08165677040965295,0.42413500873564997
HydraulicSystems,3,auto_k2_min_0.12,Dense Ridge,1.0,,,,2,True,0.12,False,0.047684739291713074,617,2,1,0.0,0.6353322528363047,0.9766612641815235,0:392;1:225,0:617,"{""0"": ""0""}",0.04644940013362614,0.1554111584263074,0.07982692614779191,0.4172899154690502
HydraulicSystems,3,auto_k2_min_0.12,DynVAR-Lasso Weighted Ridge,1.0,0.01,1.0,1.0,2,True,0.12,False,0.047684739291713074,617,2,1,0.0,0.6353322528363047,0.9766612641815235,0:392;1:225,0:617,"{""0"": ""0""}",0.04638746701867529,0.1555619216154146,0.07988075323901575,0.4178030794883989
HydraulicSystems,3,auto_k2_min_0.12,STCG-v1 Weighted Ridge,1.0,0.01,1.0,1.0,2,True,0.12,False,0.047684739291713074,617,2,1,0.0,0.6353322528363047,0.9766612641815235,0:392;1:225,0:617,"{""0"": ""0""}",0.04638746701867529,0.1555619216154146,0.07988075323901575,0.4178030794883989
HydraulicSystems,3,auto_k2_min_0.12,DynVAR-Lasso Weighted Ridge,1.0,0.01,4.0,1.0,2,True,0.12,False,0.047684739291713074,617,2,1,0.0,0.6353322528363047,0.9766612641815235,0:392;1:225,0:617,"{""0"": ""0""}",0.04626145354482729,0.15626936727999047,0.08017131174708587,0.4200149064170081
HydraulicSystems,3,auto_k2_min_0.12,STCG-v1 Weighted Ridge,1.0,0.01,4.0,1.0,2,True,0.12,False,0.047684739291713074,617,2,1,0.0,0.6353322528363047,0.9766612641815235,0:392;1:225,0:617,"{""0"": ""0""}",0.04626145354482729,0.15626936727999047,0.08017131174708587,0.4200149064170081
HydraulicSystems,3,auto_k2_min_0.12,DynVAR-Lasso Weighted Ridge,1.0,0.1,1.0,1.0,2,True,0.12,False,0.047684739291713074,617,2,1,0.0,0.6353322528363047,0.9766612641815235,0:392;1:225,0:617,"{""0"": ""0""}",0.04639780512558248,0.15553755670423755,0.07987269987609921,0.4177202914303357
HydraulicSystems,3,auto_k2_min_0.12,STCG-v1 Weighted Ridge,1.0,0.1,1.0,1.0,2,True,0.12,False,0.047684739291713074,617,2,1,0.0,0.6353322528363047,0.9766612641815235,0:392;1:225,0:617,"{""0"": ""0""}",0.04639780512558248,0.15553755670423755,0.07987269987609921,0.4177202914303357
HydraulicSystems,3,auto_k2_min_0.12,DynVAR-Lasso Weighted Ridge,1.0,0.1,4.0,1.0,2,True,0.12,False,0.047684739291713074,617,2,1,0.0,0.6353322528363047,0.9766612641815235,0:392;1:225,0:617,"{""0"": ""0""}",0.0463483159144035,0.1558904579322603,0.08002259323592992,0.4188418466816771
HydraulicSystems,3,auto_k2_min_0.12,STCG-v1 Weighted Ridge,1.0,0.1,4.0,1.0,2,True,0.12,False,0.047684739291713074,617,2,1,0.0,0.6353322528363047,0.9766612641815235,0:392;1:225,0:617,"{""0"": ""0""}",0.0463483159144035,0.1558904579322603,0.08002259323592992,0.4188418466816771
HydraulicSystems,3,auto_k2_min_0.12,Dense Ridge,10.0,,,,2,True,0.12,False,0.047684739291713074,617,2,1,0.0,0.6353322528363047,0.9766612641815235,0:392;1:225,0:617,"{""0"": ""0""}",0.046670590127118196,0.15612095111965393,0.08037952092401655,0.4194724308833568
HydraulicSystems,3,auto_k2_min_0.12,DynVAR-Lasso Weighted Ridge,10.0,0.01,1.0,1.0,2,True,0.12,False,0.047684739291713074,617,2,1,0.0,0.6353322528363047,0.9766612641815235,0:392;1:225,0:617,"{""0"": ""0""}",0.04658715251629476,0.15639747883165817,0.08045510852876125,0.4203162275977674
HydraulicSystems,3,auto_k2_min_0.12,STCG-v1 Weighted Ridge,10.0,0.01,1.0,1.0,2,True,0.12,False,0.047684739291713074,617,2,1,0.0,0.6353322528363047,0.9766612641815235,0:392;1:225,0:617,"{""0"": ""0""}",0.04658715251629476,0.15639747883165817,0.08045510852876125,0.4203162275977674
HydraulicSystems,3,auto_k2_min_0.12,DynVAR-Lasso Weighted Ridge,10.0,0.01,4.0,1.0,2,True,0.12,False,0.047684739291713074,617,2,1,0.0,0.6353322528363047,0.9766612641815235,0:392;1:225,0:617,"{""0"": ""0""}",0.04620691668590297,0.15727285234930924,0.0808145435651507,0.4228838884219903
HydraulicSystems,3,auto_k2_min_0.12,STCG-v1 Weighted Ridge,10.0,0.01,4.0,1.0,2,True,0.12,False,0.047684739291713074,617,2,1,0.0,0.6353322528363047,0.9766612641815235,0:392;1:225,0:617,"{""0"": ""0""}",0.04620691668590297,0.15727285234930924,0.0808145435651507,0.4228838884219903
HydraulicSystems,3,auto_k2_min_0.12,DynVAR-Lasso Weighted Ridge,10.0,0.1,1.0,1.0,2,True,0.12,False,0.047684739291713074,617,2,1,0.0,0.6353322528363047,0.9766612641815235,0:392;1:225,0:617,"{""0"": ""0""}",0.04660194681566256,0.15636006459643953,0.08044381286297231,0.42020302462776243
HydraulicSystems,3,auto_k2_min_0.12,STCG-v1 Weighted Ridge,10.0,0.1,1.0,1.0,2,True,0.12,False,0.047684739291713074,617,2,1,0.0,0.6353322528363047,0.9766612641815235,0:392;1:225,0:617,"{""0"": ""0""}",0.04660194681566256,0.15636006459643953,0.08044381286297231,0.42020302462776243
HydraulicSystems,3,auto_k2_min_0.12,DynVAR-Lasso Weighted Ridge,10.0,0.1,4.0,1.0,2,True,0.12,False,0.047684739291713074,617,2,1,0.0,0.6353322528363047,0.9766612641815235,0:392;1:225,0:617,"{""0"": ""0""}",0.04643463854394903,0.15677109242069784,0.08059412166258888,0.42143100515579135
HydraulicSystems,3,auto_k2_min_0.12,STCG-v1 Weighted Ridge,10.0,0.1,4.0,1.0,2,True,0.12,False,0.047684739291713074,617,2,1,0.0,0.6353322528363047,0.9766612641815235,0:392;1:225,0:617,"{""0"": ""0""}",0.04643463854394903,0.15677109242069784,0.08059412166258888,0.42143100515579135
HydraulicSystems,3,auto_k2_min_0.12,Dense Ridge,100.0,,,,2,True,0.12,False,0.047684739291713074,617,2,1,0.0,0.6353322528363047,0.9766612641815235,0:392;1:225,0:617,"{""0"": ""0""}",0.04726797834190943,0.156980386286702,0.08144405078576797,0.4219199848790695
HydraulicSystems,3,auto_k2_min_0.12,DynVAR-Lasso Weighted Ridge,100.0,0.01,1.0,1.0,2,True,0.12,False,0.047684739291713074,617,2,1,0.0,0.6353322528363047,0.9766612641815235,0:392;1:225,0:617,"{""0"": ""0""}",0.04704721147864152,0.15733125428747502,0.08153015605464198,0.42290278005860427
HydraulicSystems,3,auto_k2_min_0.12,STCG-v1 Weighted Ridge,100.0,0.01,1.0,1.0,2,True,0.12,False,0.047684739291713074,617,2,1,0.0,0.6353322528363047,0.9766612641815235,0:392;1:225,0:617,"{""0"": ""0""}",0.04704721147864152,0.15733125428747502,0.08153015605464198,0.42290278005860427
HydraulicSystems,3,auto_k2_min_0.12,DynVAR-Lasso Weighted Ridge,100.0,0.01,4.0,1.0,2,True,0.12,False,0.047684739291713074,617,2,1,0.0,0.6353322528363047,0.9766612641815235,0:392;1:225,0:617,"{""0"": ""0""}",0.04630606203404213,0.1580699413873624,0.08182273516528321,0.4247732266123706
HydraulicSystems,3,auto_k2_min_0.12,STCG-v1 Weighted Ridge,100.0,0.01,4.0,1.0,2,True,0.12,False,0.047684739291713074,617,2,1,0.0,0.6353322528363047,0.9766612641815235,0:392;1:225,0:617,"{""0"": ""0""}",0.04630606203404213,0.1580699413873624,0.08182273516528321,0.4247732266123706
HydraulicSystems,3,auto_k2_min_0.12,DynVAR-Lasso Weighted Ridge,100.0,0.1,1.0,1.0,2,True,0.12,False,0.047684739291713074,617,2,1,0.0,0.6353322528363047,0.9766612641815235,0:392;1:225,0:617,"{""0"": ""0""}",0.0470759319111906,0.1572743920113568,0.08151401548300558,0.42274593282350403
HydraulicSystems,3,auto_k2_min_0.12,STCG-v1 Weighted Ridge,100.0,0.1,1.0,1.0,2,True,0.12,False,0.047684739291713074,617,2,1,0.0,0.6353322528363047,0.9766612641815235,0:392;1:225,0:617,"{""0"": ""0""}",0.0470759319111906,0.1572743920113568,0.08151401548300558,0.42274593282350403
HydraulicSystems,3,auto_k2_min_0.12,DynVAR-Lasso Weighted Ridge,100.0,0.1,4.0,1.0,2,True,0.12,False,0.047684739291713074,617,2,1,0.0,0.6353322528363047,0.9766612641815235,0:392;1:225,0:617,"{""0"": ""0""}",0.04678289265751311,0.15778273478770255,0.08165677040965295,0.42413500873564997
HydraulicSystems,3,auto_k2_min_0.12,STCG-v1 Weighted Ridge,100.0,0.1,4.0,1.0,2,True,0.12,False,0.047684739291713074,617,2,1,0.0,0.6353322528363047,0.9766612641815235,0:392;1:225,0:617,"{""0"": ""0""}",0.04678289265751311,0.15778273478770255,0.08165677040965295,0.42413500873564997
HydraulicSystems,3,auto_k2_min_0.16,Dense Ridge,1.0,,,,2,True,0.16,False,0.047684739291713074,617,2,1,0.0,0.6353322528363047,0.9766612641815235,0:392;1:225,0:617,"{""0"": ""0""}",0.04644940013362614,0.1554111584263074,0.07982692614779191,0.4172899154690502
HydraulicSystems,3,auto_k2_min_0.16,DynVAR-Lasso Weighted Ridge,1.0,0.01,1.0,1.0,2,True,0.16,False,0.047684739291713074,617,2,1,0.0,0.6353322528363047,0.9766612641815235,0:392;1:225,0:617,"{""0"": ""0""}",0.04638746701867529,0.1555619216154146,0.07988075323901575,0.4178030794883989
HydraulicSystems,3,auto_k2_min_0.16,STCG-v1 Weighted Ridge,1.0,0.01,1.0,1.0,2,True,0.16,False,0.047684739291713074,617,2,1,0.0,0.6353322528363047,0.9766612641815235,0:392;1:225,0:617,"{""0"": ""0""}",0.04638746701867529,0.1555619216154146,0.07988075323901575,0.4178030794883989
HydraulicSystems,3,auto_k2_min_0.16,DynVAR-Lasso Weighted Ridge,1.0,0.01,4.0,1.0,2,True,0.16,False,0.047684739291713074,617,2,1,0.0,0.6353322528363047,0.9766612641815235,0:392;1:225,0:617,"{""0"": ""0""}",0.04626145354482729,0.15626936727999047,0.08017131174708587,0.4200149064170081
HydraulicSystems,3,auto_k2_min_0.16,STCG-v1 Weighted Ridge,1.0,0.01,4.0,1.0,2,True,0.16,False,0.047684739291713074,617,2,1,0.0,0.6353322528363047,0.9766612641815235,0:392;1:225,0:617,"{""0"": ""0""}",0.04626145354482729,0.15626936727999047,0.08017131174708587,0.4200149064170081
HydraulicSystems,3,auto_k2_min_0.16,DynVAR-Lasso Weighted Ridge,1.0,0.1,1.0,1.0,2,True,0.16,False,0.047684739291713074,617,2,1,0.0,0.6353322528363047,0.9766612641815235,0:392;1:225,0:617,"{""0"": ""0""}",0.04639780512558248,0.15553755670423755,0.07987269987609921,0.4177202914303357
HydraulicSystems,3,auto_k2_min_0.16,STCG-v1 Weighted Ridge,1.0,0.1,1.0,1.0,2,True,0.16,False,0.047684739291713074,617,2,1,0.0,0.6353322528363047,0.9766612641815235,0:392;1:225,0:617,"{""0"": ""0""}",0.04639780512558248,0.15553755670423755,0.07987269987609921,0.4177202914303357
HydraulicSystems,3,auto_k2_min_0.16,DynVAR-Lasso Weighted Ridge,1.0,0.1,4.0,1.0,2,True,0.16,False,0.047684739291713074,617,2,1,0.0,0.6353322528363047,0.9766612641815235,0:392;1:225,0:617,"{""0"": ""0""}",0.0463483159144035,0.1558904579322603,0.08002259323592992,0.4188418466816771
HydraulicSystems,3,auto_k2_min_0.16,STCG-v1 Weighted Ridge,1.0,0.1,4.0,1.0,2,True,0.16,False,0.047684739291713074,617,2,1,0.0,0.6353322528363047,0.9766612641815235,0:392;1:225,0:617,"{""0"": ""0""}",0.0463483159144035,0.1558904579322603,0.08002259323592992,0.4188418466816771
HydraulicSystems,3,auto_k2_min_0.16,Dense Ridge,10.0,,,,2,True,0.16,False,0.047684739291713074,617,2,1,0.0,0.6353322528363047,0.9766612641815235,0:392;1:225,0:617,"{""0"": ""0""}",0.046670590127118196,0.15612095111965393,0.08037952092401655,0.4194724308833568
HydraulicSystems,3,auto_k2_min_0.16,DynVAR-Lasso Weighted Ridge,10.0,0.01,1.0,1.0,2,True,0.16,False,0.047684739291713074,617,2,1,0.0,0.6353322528363047,0.9766612641815235,0:392;1:225,0:617,"{""0"": ""0""}",0.04658715251629476,0.15639747883165817,0.08045510852876125,0.4203162275977674
HydraulicSystems,3,auto_k2_min_0.16,STCG-v1 Weighted Ridge,10.0,0.01,1.0,1.0,2,True,0.16,False,0.047684739291713074,617,2,1,0.0,0.6353322528363047,0.9766612641815235,0:392;1:225,0:617,"{""0"": ""0""}",0.04658715251629476,0.15639747883165817,0.08045510852876125,0.4203162275977674
HydraulicSystems,3,auto_k2_min_0.16,DynVAR-Lasso Weighted Ridge,10.0,0.01,4.0,1.0,2,True,0.16,False,0.047684739291713074,617,2,1,0.0,0.6353322528363047,0.9766612641815235,0:392;1:225,0:617,"{""0"": ""0""}",0.04620691668590297,0.15727285234930924,0.0808145435651507,0.4228838884219903
HydraulicSystems,3,auto_k2_min_0.16,STCG-v1 Weighted Ridge,10.0,0.01,4.0,1.0,2,True,0.16,False,0.047684739291713074,617,2,1,0.0,0.6353322528363047,0.9766612641815235,0:392;1:225,0:617,"{""0"": ""0""}",0.04620691668590297,0.15727285234930924,0.0808145435651507,0.4228838884219903
HydraulicSystems,3,auto_k2_min_0.16,DynVAR-Lasso Weighted Ridge,10.0,0.1,1.0,1.0,2,True,0.16,False,0.047684739291713074,617,2,1,0.0,0.6353322528363047,0.9766612641815235,0:392;1:225,0:617,"{""0"": ""0""}",0.04660194681566256,0.15636006459643953,0.08044381286297231,0.42020302462776243
HydraulicSystems,3,auto_k2_min_0.16,STCG-v1 Weighted Ridge,10.0,0.1,1.0,1.0,2,True,0.16,False,0.047684739291713074,617,2,1,0.0,0.6353322528363047,0.9766612641815235,0:392;1:225,0:617,"{""0"": ""0""}",0.04660194681566256,0.15636006459643953,0.08044381286297231,0.42020302462776243
HydraulicSystems,3,auto_k2_min_0.16,DynVAR-Lasso Weighted Ridge,10.0,0.1,4.0,1.0,2,True,0.16,False,0.047684739291713074,617,2,1,0.0,0.6353322528363047,0.9766612641815235,0:392;1:225,0:617,"{""0"": ""0""}",0.04643463854394903,0.15677109242069784,0.08059412166258888,0.42143100515579135
HydraulicSystems,3,auto_k2_min_0.16,STCG-v1 Weighted Ridge,10.0,0.1,4.0,1.0,2,True,0.16,False,0.047684739291713074,617,2,1,0.0,0.6353322528363047,0.9766612641815235,0:392;1:225,0:617,"{""0"": ""0""}",0.04643463854394903,0.15677109242069784,0.08059412166258888,0.42143100515579135
HydraulicSystems,3,auto_k2_min_0.16,Dense Ridge,100.0,,,,2,True,0.16,False,0.047684739291713074,617,2,1,0.0,0.6353322528363047,0.9766612641815235,0:392;1:225,0:617,"{""0"": ""0""}",0.04726797834190943,0.156980386286702,0.08144405078576797,0.4219199848790695
HydraulicSystems,3,auto_k2_min_0.16,DynVAR-Lasso Weighted Ridge,100.0,0.01,1.0,1.0,2,True,0.16,False,0.047684739291713074,617,2,1,0.0,0.6353322528363047,0.9766612641815235,0:392;1:225,0:617,"{""0"": ""0""}",0.04704721147864152,0.15733125428747502,0.08153015605464198,0.42290278005860427
HydraulicSystems,3,auto_k2_min_0.16,STCG-v1 Weighted Ridge,100.0,0.01,1.0,1.0,2,True,0.16,False,0.047684739291713074,617,2,1,0.0,0.6353322528363047,0.9766612641815235,0:392;1:225,0:617,"{""0"": ""0""}",0.04704721147864152,0.15733125428747502,0.08153015605464198,0.42290278005860427
HydraulicSystems,3,auto_k2_min_0.16,DynVAR-Lasso Weighted Ridge,100.0,0.01,4.0,1.0,2,True,0.16,False,0.047684739291713074,617,2,1,0.0,0.6353322528363047,0.9766612641815235,0:392;1:225,0:617,"{""0"": ""0""}",0.04630606203404213,0.1580699413873624,0.08182273516528321,0.4247732266123706
HydraulicSystems,3,auto_k2_min_0.16,STCG-v1 Weighted Ridge,100.0,0.01,4.0,1.0,2,True,0.16,False,0.047684739291713074,617,2,1,0.0,0.6353322528363047,0.9766612641815235,0:392;1:225,0:617,"{""0"": ""0""}",0.04630606203404213,0.1580699413873624,0.08182273516528321,0.4247732266123706
HydraulicSystems,3,auto_k2_min_0.16,DynVAR-Lasso Weighted Ridge,100.0,0.1,1.0,1.0,2,True,0.16,False,0.047684739291713074,617,2,1,0.0,0.6353322528363047,0.9766612641815235,0:392;1:225,0:617,"{""0"": ""0""}",0.0470759319111906,0.1572743920113568,0.08151401548300558,0.42274593282350403
HydraulicSystems,3,auto_k2_min_0.16,STCG-v1 Weighted Ridge,100.0,0.1,1.0,1.0,2,True,0.16,False,0.047684739291713074,617,2,1,0.0,0.6353322528363047,0.9766612641815235,0:392;1:225,0:617,"{""0"": ""0""}",0.0470759319111906,0.1572743920113568,0.08151401548300558,0.42274593282350403
HydraulicSystems,3,auto_k2_min_0.16,DynVAR-Lasso Weighted Ridge,100.0,0.1,4.0,1.0,2,True,0.16,False,0.047684739291713074,617,2,1,0.0,0.6353322528363047,0.9766612641815235,0:392;1:225,0:617,"{""0"": ""0""}",0.04678289265751311,0.15778273478770255,0.08165677040965295,0.42413500873564997
HydraulicSystems,3,auto_k2_min_0.16,STCG-v1 Weighted Ridge,100.0,0.1,4.0,1.0,2,True,0.16,False,0.047684739291713074,617,2,1,0.0,0.6353322528363047,0.9766612641815235,0:392;1:225,0:617,"{""0"": ""0""}",0.04678289265751311,0.15778273478770255,0.08165677040965295,0.42413500873564997
HydraulicSystems,3,forced_k2,Dense Ridge,1.0,,,,2,False,0.0,True,0.047684739291713074,617,2,2,-0.0012430149081966008,0.5089141004862237,0.9766612641815235,0:392;1:225,0:300;1:317,"{""0"": ""1"", ""1"": ""0""}",0.04644940013362614,0.1554111584263074,0.07982692614779191,0.4172899154690502
HydraulicSystems,3,forced_k2,DynVAR-Lasso Weighted Ridge,1.0,0.01,1.0,1.0,2,False,0.0,True,0.047684739291713074,617,2,2,-0.0012430149081966008,0.5089141004862237,0.9766612641815235,0:392;1:225,0:300;1:317,"{""0"": ""1"", ""1"": ""0""}",0.04638746701867529,0.1555619216154146,0.07988075323901575,0.4178030794883989
HydraulicSystems,3,forced_k2,STCG-v1 Weighted Ridge,1.0,0.01,1.0,1.0,2,False,0.0,True,0.047684739291713074,617,2,2,-0.0012430149081966008,0.5089141004862237,0.9766612641815235,0:392;1:225,0:300;1:317,"{""0"": ""1"", ""1"": ""0""}",0.04626509371221145,0.15574757056378774,0.07989687163192186,0.41851857091927586
HydraulicSystems,3,forced_k2,DynVAR-Lasso Weighted Ridge,1.0,0.01,4.0,1.0,2,False,0.0,True,0.047684739291713074,617,2,2,-0.0012430149081966008,0.5089141004862237,0.9766612641815235,0:392;1:225,0:300;1:317,"{""0"": ""1"", ""1"": ""0""}",0.04626145354482729,0.15626936727999047,0.08017131174708587,0.4200149064170081
HydraulicSystems,3,forced_k2,STCG-v1 Weighted Ridge,1.0,0.01,4.0,1.0,2,False,0.0,True,0.047684739291713074,617,2,2,-0.0012430149081966008,0.5089141004862237,0.9766612641815235,0:392;1:225,0:300;1:317,"{""0"": ""1"", ""1"": ""0""}",0.046131943143666955,0.15680097638877383,0.08035191429971786,0.42159117831567083
HydraulicSystems,3,forced_k2,DynVAR-Lasso Weighted Ridge,1.0,0.1,1.0,1.0,2,False,0.0,True,0.047684739291713074,617,2,2,-0.0012430149081966008,0.5089141004862237,0.9766612641815235,0:392;1:225,0:300;1:317,"{""0"": ""1"", ""1"": ""0""}",0.04639780512558248,0.15553755670423755,0.07987269987609921,0.4177202914303357
HydraulicSystems,3,forced_k2,STCG-v1 Weighted Ridge,1.0,0.1,1.0,1.0,2,False,0.0,True,0.047684739291713074,617,2,2,-0.0012430149081966008,0.5089141004862237,0.9766612641815235,0:392;1:225,0:300;1:317,"{""0"": ""1"", ""1"": ""0""}",0.046307408852270276,0.1556527840613982,0.07987629914620475,0.4181812949779129
HydraulicSystems,3,forced_k2,DynVAR-Lasso Weighted Ridge,1.0,0.1,4.0,1.0,2,False,0.0,True,0.047684739291713074,617,2,2,-0.0012430149081966008,0.5089141004862237,0.9766612641815235,0:392;1:225,0:300;1:317,"{""0"": ""1"", ""1"": ""0""}",0.0463483159144035,0.1558904579322603,0.08002259323592992,0.4188418466816771
HydraulicSystems,3,forced_k2,STCG-v1 Weighted Ridge,1.0,0.1,4.0,1.0,2,False,0.0,True,0.047684739291713074,617,2,2,-0.0012430149081966008,0.5089141004862237,0.9766612641815235,0:392;1:225,0:300;1:317,"{""0"": ""1"", ""1"": ""0""}",0.04631059076553928,0.1560381290194446,0.08004236787244873,0.4193215059343456
HydraulicSystems,3,forced_k2,Dense Ridge,10.0,,,,2,False,0.0,True,0.047684739291713074,617,2,2,-0.0012430149081966008,0.5089141004862237,0.9766612641815235,0:392;1:225,0:300;1:317,"{""0"": ""1"", ""1"": ""0""}",0.046670590127118196,0.15612095111965393,0.08037952092401655,0.4194724308833568
HydraulicSystems,3,forced_k2,DynVAR-Lasso Weighted Ridge,10.0,0.01,1.0,1.0,2,False,0.0,True,0.047684739291713074,617,2,2,-0.0012430149081966008,0.5089141004862237,0.9766612641815235,0:392;1:225,0:300;1:317,"{""0"": ""1"", ""1"": ""0""}",0.04658715251629476,0.15639747883165817,0.08045510852876125,0.4203162275977674
HydraulicSystems,3,forced_k2,STCG-v1 Weighted Ridge,10.0,0.01,1.0,1.0,2,False,0.0,True,0.047684739291713074,617,2,2,-0.0012430149081966008,0.5089141004862237,0.9766612641815235,0:392;1:225,0:300;1:317,"{""0"": ""1"", ""1"": ""0""}",0.046409947062495086,0.1566895490602584,0.08050757426179476,0.42119520933994237
HydraulicSystems,3,forced_k2,DynVAR-Lasso Weighted Ridge,10.0,0.01,4.0,1.0,2,False,0.0,True,0.047684739291713074,617,2,2,-0.0012430149081966008,0.5089141004862237,0.9766612641815235,0:392;1:225,0:300;1:317,"{""0"": ""1"", ""1"": ""0""}",0.04620691668590297,0.15727285234930924,0.0808145435651507,0.4228838884219903
HydraulicSystems,3,forced_k2,STCG-v1 Weighted Ridge,10.0,0.01,4.0,1.0,2,False,0.0,True,0.047684739291713074,617,2,2,-0.0012430149081966008,0.5089141004862237,0.9766612641815235,0:392;1:225,0:300;1:317,"{""0"": ""1"", ""1"": ""0""}",0.04605493056380691,0.15772440691393005,0.08100941602013294,0.4239556266289086
HydraulicSystems,3,forced_k2,DynVAR-Lasso Weighted Ridge,10.0,0.1,1.0,1.0,2,False,0.0,True,0.047684739291713074,617,2,2,-0.0012430149081966008,0.5089141004862237,0.9766612641815235,0:392;1:225,0:300;1:317,"{""0"": ""1"", ""1"": ""0""}",0.04660194681566256,0.15636006459643953,0.08044381286297231,0.42020302462776243
HydraulicSystems,3,forced_k2,STCG-v1 Weighted Ridge,10.0,0.1,1.0,1.0,2,False,0.0,True,0.047684739291713074,617,2,2,-0.0012430149081966008,0.5089141004862237,0.9766612641815235,0:392;1:225,0:300;1:317,"{""0"": ""1"", ""1"": ""0""}",0.04647632752407183,0.1565665404239531,0.08046737593321518,0.4208388778495085
HydraulicSystems,3,forced_k2,DynVAR-Lasso Weighted Ridge,10.0,0.1,4.0,1.0,2,False,0.0,True,0.047684739291713074,617,2,2,-0.0012430149081966008,0.5089141004862237,0.9766612641815235,0:392;1:225,0:300;1:317,"{""0"": ""1"", ""1"": ""0""}",0.04643463854394903,0.15677109242069784,0.08059412166258888,0.42143100515579135
HydraulicSystems,3,forced_k2,STCG-v1 Weighted Ridge,10.0,0.1,4.0,1.0,2,False,0.0,True,0.047684739291713074,617,2,2,-0.0012430149081966008,0.5089141004862237,0.9766612641815235,0:392;1:225,0:300;1:317,"{""0"": ""1"", ""1"": ""0""}",0.046334204435173866,0.15686067660994424,0.08056880804110857,0.42166458225725423
HydraulicSystems,3,forced_k2,Dense Ridge,100.0,,,,2,False,0.0,True,0.047684739291713074,617,2,2,-0.0012430149081966008,0.5089141004862237,0.9766612641815235,0:392;1:225,0:300;1:317,"{""0"": ""1"", ""1"": ""0""}",0.04726797834190943,0.156980386286702,0.08144405078576797,0.4219199848790695
HydraulicSystems,3,forced_k2,DynVAR-Lasso Weighted Ridge,100.0,0.01,1.0,1.0,2,False,0.0,True,0.047684739291713074,617,2,2,-0.0012430149081966008,0.5089141004862237,0.9766612641815235,0:392;1:225,0:300;1:317,"{""0"": ""1"", ""1"": ""0""}",0.04704721147864152,0.15733125428747502,0.08153015605464198,0.42290278005860427
HydraulicSystems,3,forced_k2,STCG-v1 Weighted Ridge,100.0,0.01,1.0,1.0,2,False,0.0,True,0.047684739291713074,617,2,2,-0.0012430149081966008,0.5089141004862237,0.9766612641815235,0:392;1:225,0:300;1:317,"{""0"": ""1"", ""1"": ""0""}",0.04680576286900706,0.15772173902606168,0.08162068333054169,0.4237979909499608
HydraulicSystems,3,forced_k2,DynVAR-Lasso Weighted Ridge,100.0,0.01,4.0,1.0,2,False,0.0,True,0.047684739291713074,617,2,2,-0.0012430149081966008,0.5089141004862237,0.9766612641815235,0:392;1:225,0:300;1:317,"{""0"": ""1"", ""1"": ""0""}",0.04630606203404213,0.1580699413873624,0.08182273516528321,0.4247732266123706
HydraulicSystems,3,forced_k2,STCG-v1 Weighted Ridge,100.0,0.01,4.0,1.0,2,False,0.0,True,0.047684739291713074,617,2,2,-0.0012430149081966008,0.5089141004862237,0.9766612641815235,0:392;1:225,0:300;1:317,"{""0"": ""1"", ""1"": ""0""}",0.04560997342891604,0.15817446946714067,0.08190199674505612,0.42495073597565874
HydraulicSystems,3,forced_k2,DynVAR-Lasso Weighted Ridge,100.0,0.1,1.0,1.0,2,False,0.0,True,0.047684739291713074,617,2,2,-0.0012430149081966008,0.5089141004862237,0.9766612641815235,0:392;1:225,0:300;1:317,"{""0"": ""1"", ""1"": ""0""}",0.0470759319111906,0.1572743920113568,0.08151401548300558,0.42274593282350403
HydraulicSystems,3,forced_k2,STCG-v1 Weighted Ridge,100.0,0.1,1.0,1.0,2,False,0.0,True,0.047684739291713074,617,2,2,-0.0012430149081966008,0.5089141004862237,0.9766612641815235,0:392;1:225,0:300;1:317,"{""0"": ""1"", ""1"": ""0""}",0.04690317141155788,0.15755194561324548,0.08156781760197082,0.4234172850026581
HydraulicSystems,3,forced_k2,DynVAR-Lasso Weighted Ridge,100.0,0.1,4.0,1.0,2,False,0.0,True,0.047684739291713074,617,2,2,-0.0012430149081966008,0.5089141004862237,0.9766612641815235,0:392;1:225,0:300;1:317,"{""0"": ""1"", ""1"": ""0""}",0.04678289265751311,0.15778273478770255,0.08165677040965295,0.42413500873564997
HydraulicSystems,3,forced_k2,STCG-v1 Weighted Ridge,100.0,0.1,4.0,1.0,2,False,0.0,True,0.047684739291713074,617,2,2,-0.0012430149081966008,0.5089141004862237,0.9766612641815235,0:392;1:225,0:300;1:317,"{""0"": ""1"", ""1"": ""0""}",0.04670258940006952,0.15788670845697253,0.08164938979219247,0.4243147685868232
HydraulicSystems,3,auto_k3_min_0.00,Dense Ridge,1.0,,,,3,True,0.0,True,0.07052378383058504,617,2,3,0.05498374346959818,0.6871961102106969,0.9766612641815235,0:392;1:225,0:304;1:180;2:133,"{""0"": ""0"", ""1"": ""1""}",0.04644940013362614,0.1554111584263074,0.07982692614779191,0.4172899154690502
HydraulicSystems,3,auto_k3_min_0.00,DynVAR-Lasso Weighted Ridge,1.0,0.01,1.0,1.0,3,True,0.0,True,0.07052378383058504,617,2,3,0.05498374346959818,0.6871961102106969,0.9766612641815235,0:392;1:225,0:304;1:180;2:133,"{""0"": ""0"", ""1"": ""1""}",0.04638746701867529,0.1555619216154146,0.07988075323901575,0.4178030794883989
HydraulicSystems,3,auto_k3_min_0.00,STCG-v1 Weighted Ridge,1.0,0.01,1.0,1.0,3,True,0.0,True,0.07052378383058504,617,2,3,0.05498374346959818,0.6871961102106969,0.9766612641815235,0:392;1:225,0:304;1:180;2:133,"{""0"": ""0"", ""1"": ""1""}",0.04626625126283054,0.15568197504607031,0.07987221851679177,0.41832430772545104
HydraulicSystems,3,auto_k3_min_0.00,DynVAR-Lasso Weighted Ridge,1.0,0.01,4.0,1.0,3,True,0.0,True,0.07052378383058504,617,2,3,0.05498374346959818,0.6871961102106969,0.9766612641815235,0:392;1:225,0:304;1:180;2:133,"{""0"": ""0"", ""1"": ""1""}",0.04626145354482729,0.15626936727999047,0.08017131174708587,0.4200149064170081
HydraulicSystems,3,auto_k3_min_0.00,STCG-v1 Weighted Ridge,1.0,0.01,4.0,1.0,3,True,0.0,True,0.07052378383058504,617,2,3,0.05498374346959818,0.6871961102106969,0.9766612641815235,0:392;1:225,0:304;1:180;2:133,"{""0"": ""0"", ""1"": ""1""}",0.04614291398266184,0.1567968568595589,0.08034460967001825,0.42158513737501746
HydraulicSystems,3,auto_k3_min_0.00,DynVAR-Lasso Weighted Ridge,1.0,0.1,1.0,1.0,3,True,0.0,True,0.07052378383058504,617,2,3,0.05498374346959818,0.6871961102106969,0.9766612641815235,0:392;1:225,0:304;1:180;2:133,"{""0"": ""0"", ""1"": ""1""}",0.04639780512558248,0.15553755670423755,0.07987269987609921,0.4177202914303357
HydraulicSystems,3,auto_k3_min_0.00,STCG-v1 Weighted Ridge,1.0,0.1,1.0,1.0,3,True,0.0,True,0.07052378383058504,617,2,3,0.05498374346959818,0.6871961102106969,0.9766612641815235,0:392;1:225,0:304;1:180;2:133,"{""0"": ""0"", ""1"": ""1""}",0.046310163457706444,0.15560623391154457,0.07985874220107038,0.41804340731030876
HydraulicSystems,3,auto_k3_min_0.00,DynVAR-Lasso Weighted Ridge,1.0,0.1,4.0,1.0,3,True,0.0,True,0.07052378383058504,617,2,3,0.05498374346959818,0.6871961102106969,0.9766612641815235,0:392;1:225,0:304;1:180;2:133,"{""0"": ""0"", ""1"": ""1""}",0.0463483159144035,0.1558904579322603,0.08002259323592992,0.4188418466816771
HydraulicSystems,3,auto_k3_min_0.00,STCG-v1 Weighted Ridge,1.0,0.1,4.0,1.0,3,True,0.0,True,0.07052378383058504,617,2,3,0.05498374346959818,0.6871961102106969,0.9766612641815235,0:392;1:225,0:304;1:180;2:133,"{""0"": ""0"", ""1"": ""1""}",0.04628085326123904,0.15594694397254924,0.08000538994235082,0.41905291031396125
HydraulicSystems,3,auto_k3_min_0.00,Dense Ridge,10.0,,,,3,True,0.0,True,0.07052378383058504,617,2,3,0.05498374346959818,0.6871961102106969,0.9766612641815235,0:392;1:225,0:304;1:180;2:133,"{""0"": ""0"", ""1"": ""1""}",0.046670590127118196,0.15612095111965393,0.08037952092401655,0.4194724308833568
HydraulicSystems,3,auto_k3_min_0.00,DynVAR-Lasso Weighted Ridge,10.0,0.01,1.0,1.0,3,True,0.0,True,0.07052378383058504,617,2,3,0.05498374346959818,0.6871961102106969,0.9766612641815235,0:392;1:225,0:304;1:180;2:133,"{""0"": ""0"", ""1"": ""1""}",0.04658715251629476,0.15639747883165817,0.08045510852876125,0.4203162275977674
HydraulicSystems,3,auto_k3_min_0.00,STCG-v1 Weighted Ridge,10.0,0.01,1.0,1.0,3,True,0.0,True,0.07052378383058504,617,2,3,0.05498374346959818,0.6871961102106969,0.9766612641815235,0:392;1:225,0:304;1:180;2:133,"{""0"": ""0"", ""1"": ""1""}",0.046414266017159374,0.15665000220798606,0.08049539742392856,0.42107717317078863
HydraulicSystems,3,auto_k3_min_0.00,DynVAR-Lasso Weighted Ridge,10.0,0.01,4.0,1.0,3,True,0.0,True,0.07052378383058504,617,2,3,0.05498374346959818,0.6871961102106969,0.9766612641815235,0:392;1:225,0:304;1:180;2:133,"{""0"": ""0"", ""1"": ""1""}",0.04620691668590297,0.15727285234930924,0.0808145435651507,0.4228838884219903
HydraulicSystems,3,auto_k3_min_0.00,STCG-v1 Weighted Ridge,10.0,0.01,4.0,1.0,3,True,0.0,True,0.07052378383058504,617,2,3,0.05498374346959818,0.6871961102106969,0.9766612641815235,0:392;1:225,0:304;1:180;2:133,"{""0"": ""0"", ""1"": ""1""}",0.046193503251360964,0.1577206842532878,0.08100560251183316,0.42394897288329314
HydraulicSystems,3,auto_k3_min_0.00,DynVAR-Lasso Weighted Ridge,10.0,0.1,1.0,1.0,3,True,0.0,True,0.07052378383058504,617,2,3,0.05498374346959818,0.6871961102106969,0.9766612641815235,0:392;1:225,0:304;1:180;2:133,"{""0"": ""0"", ""1"": ""1""}",0.04660194681566256,0.15636006459643953,0.08044381286297231,0.42020302462776243
HydraulicSystems,3,auto_k3_min_0.00,STCG-v1 Weighted Ridge,10.0,0.1,1.0,1.0,3,True,0.0,True,0.07052378383058504,617,2,3,0.05498374346959818,0.6871961102106969,0.9766612641815235,0:392;1:225,0:304;1:180;2:133,"{""0"": ""0"", ""1"": ""1""}",0.046476289244272766,0.15653566098118035,0.08045805390896252,0.4207473038031794
HydraulicSystems,3,auto_k3_min_0.00,DynVAR-Lasso Weighted Ridge,10.0,0.1,4.0,1.0,3,True,0.0,True,0.07052378383058504,617,2,3,0.05498374346959818,0.6871961102106969,0.9766612641815235,0:392;1:225,0:304;1:180;2:133,"{""0"": ""0"", ""1"": ""1""}",0.04643463854394903,0.15677109242069784,0.08059412166258888,0.42143100515579135
HydraulicSystems,3,auto_k3_min_0.00,STCG-v1 Weighted Ridge,10.0,0.1,4.0,1.0,3,True,0.0,True,0.07052378383058504,617,2,3,0.05498374346959818,0.6871961102106969,0.9766612641815235,0:392;1:225,0:304;1:180;2:133,"{""0"": ""0"", ""1"": ""1""}",0.04635828937388925,0.15687315034756918,0.08057211132976794,0.4217034848347361
HydraulicSystems,3,auto_k3_min_0.00,Dense Ridge,100.0,,,,3,True,0.0,True,0.07052378383058504,617,2,3,0.05498374346959818,0.6871961102106969,0.9766612641815235,0:392;1:225,0:304;1:180;2:133,"{""0"": ""0"", ""1"": ""1""}",0.04726797834190943,0.156980386286702,0.08144405078576797,0.4219199848790695
HydraulicSystems,3,auto_k3_min_0.00,DynVAR-Lasso Weighted Ridge,100.0,0.01,1.0,1.0,3,True,0.0,True,0.07052378383058504,617,2,3,0.05498374346959818,0.6871961102106969,0.9766612641815235,0:392;1:225,0:304;1:180;2:133,"{""0"": ""0"", ""1"": ""1""}",0.04704721147864152,0.15733125428747502,0.08153015605464198,0.42290278005860427
HydraulicSystems,3,auto_k3_min_0.00,STCG-v1 Weighted Ridge,100.0,0.01,1.0,1.0,3,True,0.0,True,0.07052378383058504,617,2,3,0.05498374346959818,0.6871961102106969,0.9766612641815235,0:392;1:225,0:304;1:180;2:133,"{""0"": ""0"", ""1"": ""1""}",0.0468350859680037,0.15769346122621078,0.08160630516529559,0.4237118759886199
HydraulicSystems,3,auto_k3_min_0.00,DynVAR-Lasso Weighted Ridge,100.0,0.01,4.0,1.0,3,True,0.0,True,0.07052378383058504,617,2,3,0.05498374346959818,0.6871961102106969,0.9766612641815235,0:392;1:225,0:304;1:180;2:133,"{""0"": ""0"", ""1"": ""1""}",0.04630606203404213,0.1580699413873624,0.08182273516528321,0.4247732266123706
HydraulicSystems,3,auto_k3_min_0.00,STCG-v1 Weighted Ridge,100.0,0.01,4.0,1.0,3,True,0.0,True,0.07052378383058504,617,2,3,0.05498374346959818,0.6871961102106969,0.9766612641815235,0:392;1:225,0:304;1:180;2:133,"{""0"": ""0"", ""1"": ""1""}",0.04582430873496507,0.15815799773096706,0.08189278694404357,0.42490612513005915
HydraulicSystems,3,auto_k3_min_0.00,DynVAR-Lasso Weighted Ridge,100.0,0.1,1.0,1.0,3,True,0.0,True,0.07052378383058504,617,2,3,0.05498374346959818,0.6871961102106969,0.9766612641815235,0:392;1:225,0:304;1:180;2:133,"{""0"": ""0"", ""1"": ""1""}",0.0470759319111906,0.1572743920113568,0.08151401548300558,0.42274593282350403
HydraulicSystems,3,auto_k3_min_0.00,STCG-v1 Weighted Ridge,100.0,0.1,1.0,1.0,3,True,0.0,True,0.07052378383058504,617,2,3,0.05498374346959818,0.6871961102106969,0.9766612641815235,0:392;1:225,0:304;1:180;2:133,"{""0"": ""0"", ""1"": ""1""}",0.046925921676506326,0.15753125744730886,0.08155967338635643,0.42335606131953296
HydraulicSystems,3,auto_k3_min_0.00,DynVAR-Lasso Weighted Ridge,100.0,0.1,4.0,1.0,3,True,0.0,True,0.07052378383058504,617,2,3,0.05498374346959818,0.6871961102106969,0.9766612641815235,0:392;1:225,0:304;1:180;2:133,"{""0"": ""0"", ""1"": ""1""}",0.04678289265751311,0.15778273478770255,0.08165677040965295,0.42413500873564997
HydraulicSystems,3,auto_k3_min_0.00,STCG-v1 Weighted Ridge,100.0,0.1,4.0,1.0,3,True,0.0,True,0.07052378383058504,617,2,3,0.05498374346959818,0.6871961102106969,0.9766612641815235,0:392;1:225,0:304;1:180;2:133,"{""0"": ""0"", ""1"": ""1""}",0.046776290347246556,0.15788395054379936,0.08163451351044874,0.4243122627058219
HydraulicSystems,3,auto_k3_min_0.08,Dense Ridge,1.0,,,,3,True,0.08,False,0.07052378383058504,617,2,1,0.0,0.6353322528363047,0.9766612641815235,0:392;1:225,0:617,"{""0"": ""0""}",0.04644940013362614,0.1554111584263074,0.07982692614779191,0.4172899154690502
HydraulicSystems,3,auto_k3_min_0.08,DynVAR-Lasso Weighted Ridge,1.0,0.01,1.0,1.0,3,True,0.08,False,0.07052378383058504,617,2,1,0.0,0.6353322528363047,0.9766612641815235,0:392;1:225,0:617,"{""0"": ""0""}",0.04638746701867529,0.1555619216154146,0.07988075323901575,0.4178030794883989
HydraulicSystems,3,auto_k3_min_0.08,STCG-v1 Weighted Ridge,1.0,0.01,1.0,1.0,3,True,0.08,False,0.07052378383058504,617,2,1,0.0,0.6353322528363047,0.9766612641815235,0:392;1:225,0:617,"{""0"": ""0""}",0.04638746701867529,0.1555619216154146,0.07988075323901575,0.4178030794883989
HydraulicSystems,3,auto_k3_min_0.08,DynVAR-Lasso Weighted Ridge,1.0,0.01,4.0,1.0,3,True,0.08,False,0.07052378383058504,617,2,1,0.0,0.6353322528363047,0.9766612641815235,0:392;1:225,0:617,"{""0"": ""0""}",0.04626145354482729,0.15626936727999047,0.08017131174708587,0.4200149064170081
HydraulicSystems,3,auto_k3_min_0.08,STCG-v1 Weighted Ridge,1.0,0.01,4.0,1.0,3,True,0.08,False,0.07052378383058504,617,2,1,0.0,0.6353322528363047,0.9766612641815235,0:392;1:225,0:617,"{""0"": ""0""}",0.04626145354482729,0.15626936727999047,0.08017131174708587,0.4200149064170081
HydraulicSystems,3,auto_k3_min_0.08,DynVAR-Lasso Weighted Ridge,1.0,0.1,1.0,1.0,3,True,0.08,False,0.07052378383058504,617,2,1,0.0,0.6353322528363047,0.9766612641815235,0:392;1:225,0:617,"{""0"": ""0""}",0.04639780512558248,0.15553755670423755,0.07987269987609921,0.4177202914303357
HydraulicSystems,3,auto_k3_min_0.08,STCG-v1 Weighted Ridge,1.0,0.1,1.0,1.0,3,True,0.08,False,0.07052378383058504,617,2,1,0.0,0.6353322528363047,0.9766612641815235,0:392;1:225,0:617,"{""0"": ""0""}",0.04639780512558248,0.15553755670423755,0.07987269987609921,0.4177202914303357
HydraulicSystems,3,auto_k3_min_0.08,DynVAR-Lasso Weighted Ridge,1.0,0.1,4.0,1.0,3,True,0.08,False,0.07052378383058504,617,2,1,0.0,0.6353322528363047,0.9766612641815235,0:392;1:225,0:617,"{""0"": ""0""}",0.0463483159144035,0.1558904579322603,0.08002259323592992,0.4188418466816771
HydraulicSystems,3,auto_k3_min_0.08,STCG-v1 Weighted Ridge,1.0,0.1,4.0,1.0,3,True,0.08,False,0.07052378383058504,617,2,1,0.0,0.6353322528363047,0.9766612641815235,0:392;1:225,0:617,"{""0"": ""0""}",0.0463483159144035,0.1558904579322603,0.08002259323592992,0.4188418466816771
HydraulicSystems,3,auto_k3_min_0.08,Dense Ridge,10.0,,,,3,True,0.08,False,0.07052378383058504,617,2,1,0.0,0.6353322528363047,0.9766612641815235,0:392;1:225,0:617,"{""0"": ""0""}",0.046670590127118196,0.15612095111965393,0.08037952092401655,0.4194724308833568
HydraulicSystems,3,auto_k3_min_0.08,DynVAR-Lasso Weighted Ridge,10.0,0.01,1.0,1.0,3,True,0.08,False,0.07052378383058504,617,2,1,0.0,0.6353322528363047,0.9766612641815235,0:392;1:225,0:617,"{""0"": ""0""}",0.04658715251629476,0.15639747883165817,0.08045510852876125,0.4203162275977674
HydraulicSystems,3,auto_k3_min_0.08,STCG-v1 Weighted Ridge,10.0,0.01,1.0,1.0,3,True,0.08,False,0.07052378383058504,617,2,1,0.0,0.6353322528363047,0.9766612641815235,0:392;1:225,0:617,"{""0"": ""0""}",0.04658715251629476,0.15639747883165817,0.08045510852876125,0.4203162275977674
HydraulicSystems,3,auto_k3_min_0.08,DynVAR-Lasso Weighted Ridge,10.0,0.01,4.0,1.0,3,True,0.08,False,0.07052378383058504,617,2,1,0.0,0.6353322528363047,0.9766612641815235,0:392;1:225,0:617,"{""0"": ""0""}",0.04620691668590297,0.15727285234930924,0.0808145435651507,0.4228838884219903
HydraulicSystems,3,auto_k3_min_0.08,STCG-v1 Weighted Ridge,10.0,0.01,4.0,1.0,3,True,0.08,False,0.07052378383058504,617,2,1,0.0,0.6353322528363047,0.9766612641815235,0:392;1:225,0:617,"{""0"": ""0""}",0.04620691668590297,0.15727285234930924,0.0808145435651507,0.4228838884219903
HydraulicSystems,3,auto_k3_min_0.08,DynVAR-Lasso Weighted Ridge,10.0,0.1,1.0,1.0,3,True,0.08,False,0.07052378383058504,617,2,1,0.0,0.6353322528363047,0.9766612641815235,0:392;1:225,0:617,"{""0"": ""0""}",0.04660194681566256,0.15636006459643953,0.08044381286297231,0.42020302462776243
HydraulicSystems,3,auto_k3_min_0.08,STCG-v1 Weighted Ridge,10.0,0.1,1.0,1.0,3,True,0.08,False,0.07052378383058504,617,2,1,0.0,0.6353322528363047,0.9766612641815235,0:392;1:225,0:617,"{""0"": ""0""}",0.04660194681566256,0.15636006459643953,0.08044381286297231,0.42020302462776243
HydraulicSystems,3,auto_k3_min_0.08,DynVAR-Lasso Weighted Ridge,10.0,0.1,4.0,1.0,3,True,0.08,False,0.07052378383058504,617,2,1,0.0,0.6353322528363047,0.9766612641815235,0:392;1:225,0:617,"{""0"": ""0""}",0.04643463854394903,0.15677109242069784,0.08059412166258888,0.42143100515579135
HydraulicSystems,3,auto_k3_min_0.08,STCG-v1 Weighted Ridge,10.0,0.1,4.0,1.0,3,True,0.08,False,0.07052378383058504,617,2,1,0.0,0.6353322528363047,0.9766612641815235,0:392;1:225,0:617,"{""0"": ""0""}",0.04643463854394903,0.15677109242069784,0.08059412166258888,0.42143100515579135
HydraulicSystems,3,auto_k3_min_0.08,Dense Ridge,100.0,,,,3,True,0.08,False,0.07052378383058504,617,2,1,0.0,0.6353322528363047,0.9766612641815235,0:392;1:225,0:617,"{""0"": ""0""}",0.04726797834190943,0.156980386286702,0.08144405078576797,0.4219199848790695
HydraulicSystems,3,auto_k3_min_0.08,DynVAR-Lasso Weighted Ridge,100.0,0.01,1.0,1.0,3,True,0.08,False,0.07052378383058504,617,2,1,0.0,0.6353322528363047,0.9766612641815235,0:392;1:225,0:617,"{""0"": ""0""}",0.04704721147864152,0.15733125428747502,0.08153015605464198,0.42290278005860427
HydraulicSystems,3,auto_k3_min_0.08,STCG-v1 Weighted Ridge,100.0,0.01,1.0,1.0,3,True,0.08,False,0.07052378383058504,617,2,1,0.0,0.6353322528363047,0.9766612641815235,0:392;1:225,0:617,"{""0"": ""0""}",0.04704721147864152,0.15733125428747502,0.08153015605464198,0.42290278005860427
HydraulicSystems,3,auto_k3_min_0.08,DynVAR-Lasso Weighted Ridge,100.0,0.01,4.0,1.0,3,True,0.08,False,0.07052378383058504,617,2,1,0.0,0.6353322528363047,0.9766612641815235,0:392;1:225,0:617,"{""0"": ""0""}",0.04630606203404213,0.1580699413873624,0.08182273516528321,0.4247732266123706
HydraulicSystems,3,auto_k3_min_0.08,STCG-v1 Weighted Ridge,100.0,0.01,4.0,1.0,3,True,0.08,False,0.07052378383058504,617,2,1,0.0,0.6353322528363047,0.9766612641815235,0:392;1:225,0:617,"{""0"": ""0""}",0.04630606203404213,0.1580699413873624,0.08182273516528321,0.4247732266123706
HydraulicSystems,3,auto_k3_min_0.08,DynVAR-Lasso Weighted Ridge,100.0,0.1,1.0,1.0,3,True,0.08,False,0.07052378383058504,617,2,1,0.0,0.6353322528363047,0.9766612641815235,0:392;1:225,0:617,"{""0"": ""0""}",0.0470759319111906,0.1572743920113568,0.08151401548300558,0.42274593282350403
HydraulicSystems,3,auto_k3_min_0.08,STCG-v1 Weighted Ridge,100.0,0.1,1.0,1.0,3,True,0.08,False,0.07052378383058504,617,2,1,0.0,0.6353322528363047,0.9766612641815235,0:392;1:225,0:617,"{""0"": ""0""}",0.0470759319111906,0.1572743920113568,0.08151401548300558,0.42274593282350403
HydraulicSystems,3,auto_k3_min_0.08,DynVAR-Lasso Weighted Ridge,100.0,0.1,4.0,1.0,3,True,0.08,False,0.07052378383058504,617,2,1,0.0,0.6353322528363047,0.9766612641815235,0:392;1:225,0:617,"{""0"": ""0""}",0.04678289265751311,0.15778273478770255,0.08165677040965295,0.42413500873564997
HydraulicSystems,3,auto_k3_min_0.08,STCG-v1 Weighted Ridge,100.0,0.1,4.0,1.0,3,True,0.08,False,0.07052378383058504,617,2,1,0.0,0.6353322528363047,0.9766612641815235,0:392;1:225,0:617,"{""0"": ""0""}",0.04678289265751311,0.15778273478770255,0.08165677040965295,0.42413500873564997
HydraulicSystems,3,auto_k3_min_0.12,Dense Ridge,1.0,,,,3,True,0.12,False,0.07052378383058504,617,2,1,0.0,0.6353322528363047,0.9766612641815235,0:392;1:225,0:617,"{""0"": ""0""}",0.04644940013362614,0.1554111584263074,0.07982692614779191,0.4172899154690502
HydraulicSystems,3,auto_k3_min_0.12,DynVAR-Lasso Weighted Ridge,1.0,0.01,1.0,1.0,3,True,0.12,False,0.07052378383058504,617,2,1,0.0,0.6353322528363047,0.9766612641815235,0:392;1:225,0:617,"{""0"": ""0""}",0.04638746701867529,0.1555619216154146,0.07988075323901575,0.4178030794883989
HydraulicSystems,3,auto_k3_min_0.12,STCG-v1 Weighted Ridge,1.0,0.01,1.0,1.0,3,True,0.12,False,0.07052378383058504,617,2,1,0.0,0.6353322528363047,0.9766612641815235,0:392;1:225,0:617,"{""0"": ""0""}",0.04638746701867529,0.1555619216154146,0.07988075323901575,0.4178030794883989
HydraulicSystems,3,auto_k3_min_0.12,DynVAR-Lasso Weighted Ridge,1.0,0.01,4.0,1.0,3,True,0.12,False,0.07052378383058504,617,2,1,0.0,0.6353322528363047,0.9766612641815235,0:392;1:225,0:617,"{""0"": ""0""}",0.04626145354482729,0.15626936727999047,0.08017131174708587,0.4200149064170081
HydraulicSystems,3,auto_k3_min_0.12,STCG-v1 Weighted Ridge,1.0,0.01,4.0,1.0,3,True,0.12,False,0.07052378383058504,617,2,1,0.0,0.6353322528363047,0.9766612641815235,0:392;1:225,0:617,"{""0"": ""0""}",0.04626145354482729,0.15626936727999047,0.08017131174708587,0.4200149064170081
HydraulicSystems,3,auto_k3_min_0.12,DynVAR-Lasso Weighted Ridge,1.0,0.1,1.0,1.0,3,True,0.12,False,0.07052378383058504,617,2,1,0.0,0.6353322528363047,0.9766612641815235,0:392;1:225,0:617,"{""0"": ""0""}",0.04639780512558248,0.15553755670423755,0.07987269987609921,0.4177202914303357
HydraulicSystems,3,auto_k3_min_0.12,STCG-v1 Weighted Ridge,1.0,0.1,1.0,1.0,3,True,0.12,False,0.07052378383058504,617,2,1,0.0,0.6353322528363047,0.9766612641815235,0:392;1:225,0:617,"{""0"": ""0""}",0.04639780512558248,0.15553755670423755,0.07987269987609921,0.4177202914303357
HydraulicSystems,3,auto_k3_min_0.12,DynVAR-Lasso Weighted Ridge,1.0,0.1,4.0,1.0,3,True,0.12,False,0.07052378383058504,617,2,1,0.0,0.6353322528363047,0.9766612641815235,0:392;1:225,0:617,"{""0"": ""0""}",0.0463483159144035,0.1558904579322603,0.08002259323592992,0.4188418466816771
HydraulicSystems,3,auto_k3_min_0.12,STCG-v1 Weighted Ridge,1.0,0.1,4.0,1.0,3,True,0.12,False,0.07052378383058504,617,2,1,0.0,0.6353322528363047,0.9766612641815235,0:392;1:225,0:617,"{""0"": ""0""}",0.0463483159144035,0.1558904579322603,0.08002259323592992,0.4188418466816771
HydraulicSystems,3,auto_k3_min_0.12,Dense Ridge,10.0,,,,3,True,0.12,False,0.07052378383058504,617,2,1,0.0,0.6353322528363047,0.9766612641815235,0:392;1:225,0:617,"{""0"": ""0""}",0.046670590127118196,0.15612095111965393,0.08037952092401655,0.4194724308833568
HydraulicSystems,3,auto_k3_min_0.12,DynVAR-Lasso Weighted Ridge,10.0,0.01,1.0,1.0,3,True,0.12,False,0.07052378383058504,617,2,1,0.0,0.6353322528363047,0.9766612641815235,0:392;1:225,0:617,"{""0"": ""0""}",0.04658715251629476,0.15639747883165817,0.08045510852876125,0.4203162275977674
HydraulicSystems,3,auto_k3_min_0.12,STCG-v1 Weighted Ridge,10.0,0.01,1.0,1.0,3,True,0.12,False,0.07052378383058504,617,2,1,0.0,0.6353322528363047,0.9766612641815235,0:392;1:225,0:617,"{""0"": ""0""}",0.04658715251629476,0.15639747883165817,0.08045510852876125,0.4203162275977674
HydraulicSystems,3,auto_k3_min_0.12,DynVAR-Lasso Weighted Ridge,10.0,0.01,4.0,1.0,3,True,0.12,False,0.07052378383058504,617,2,1,0.0,0.6353322528363047,0.9766612641815235,0:392;1:225,0:617,"{""0"": ""0""}",0.04620691668590297,0.15727285234930924,0.0808145435651507,0.4228838884219903
HydraulicSystems,3,auto_k3_min_0.12,STCG-v1 Weighted Ridge,10.0,0.01,4.0,1.0,3,True,0.12,False,0.07052378383058504,617,2,1,0.0,0.6353322528363047,0.9766612641815235,0:392;1:225,0:617,"{""0"": ""0""}",0.04620691668590297,0.15727285234930924,0.0808145435651507,0.4228838884219903
HydraulicSystems,3,auto_k3_min_0.12,DynVAR-Lasso Weighted Ridge,10.0,0.1,1.0,1.0,3,True,0.12,False,0.07052378383058504,617,2,1,0.0,0.6353322528363047,0.9766612641815235,0:392;1:225,0:617,"{""0"": ""0""}",0.04660194681566256,0.15636006459643953,0.08044381286297231,0.42020302462776243
HydraulicSystems,3,auto_k3_min_0.12,STCG-v1 Weighted Ridge,10.0,0.1,1.0,1.0,3,True,0.12,False,0.07052378383058504,617,2,1,0.0,0.6353322528363047,0.9766612641815235,0:392;1:225,0:617,"{""0"": ""0""}",0.04660194681566256,0.15636006459643953,0.08044381286297231,0.42020302462776243
HydraulicSystems,3,auto_k3_min_0.12,DynVAR-Lasso Weighted Ridge,10.0,0.1,4.0,1.0,3,True,0.12,False,0.07052378383058504,617,2,1,0.0,0.6353322528363047,0.9766612641815235,0:392;1:225,0:617,"{""0"": ""0""}",0.04643463854394903,0.15677109242069784,0.08059412166258888,0.42143100515579135
HydraulicSystems,3,auto_k3_min_0.12,STCG-v1 Weighted Ridge,10.0,0.1,4.0,1.0,3,True,0.12,False,0.07052378383058504,617,2,1,0.0,0.6353322528363047,0.9766612641815235,0:392;1:225,0:617,"{""0"": ""0""}",0.04643463854394903,0.15677109242069784,0.08059412166258888,0.42143100515579135
HydraulicSystems,3,auto_k3_min_0.12,Dense Ridge,100.0,,,,3,True,0.12,False,0.07052378383058504,617,2,1,0.0,0.6353322528363047,0.9766612641815235,0:392;1:225,0:617,"{""0"": ""0""}",0.04726797834190943,0.156980386286702,0.08144405078576797,0.4219199848790695
HydraulicSystems,3,auto_k3_min_0.12,DynVAR-Lasso Weighted Ridge,100.0,0.01,1.0,1.0,3,True,0.12,False,0.07052378383058504,617,2,1,0.0,0.6353322528363047,0.9766612641815235,0:392;1:225,0:617,"{""0"": ""0""}",0.04704721147864152,0.15733125428747502,0.08153015605464198,0.42290278005860427
HydraulicSystems,3,auto_k3_min_0.12,STCG-v1 Weighted Ridge,100.0,0.01,1.0,1.0,3,True,0.12,False,0.07052378383058504,617,2,1,0.0,0.6353322528363047,0.9766612641815235,0:392;1:225,0:617,"{""0"": ""0""}",0.04704721147864152,0.15733125428747502,0.08153015605464198,0.42290278005860427
HydraulicSystems,3,auto_k3_min_0.12,DynVAR-Lasso Weighted Ridge,100.0,0.01,4.0,1.0,3,True,0.12,False,0.07052378383058504,617,2,1,0.0,0.6353322528363047,0.9766612641815235,0:392;1:225,0:617,"{""0"": ""0""}",0.04630606203404213,0.1580699413873624,0.08182273516528321,0.4247732266123706
HydraulicSystems,3,auto_k3_min_0.12,STCG-v1 Weighted Ridge,100.0,0.01,4.0,1.0,3,True,0.12,False,0.07052378383058504,617,2,1,0.0,0.6353322528363047,0.9766612641815235,0:392;1:225,0:617,"{""0"": ""0""}",0.04630606203404213,0.1580699413873624,0.08182273516528321,0.4247732266123706
HydraulicSystems,3,auto_k3_min_0.12,DynVAR-Lasso Weighted Ridge,100.0,0.1,1.0,1.0,3,True,0.12,False,0.07052378383058504,617,2,1,0.0,0.6353322528363047,0.9766612641815235,0:392;1:225,0:617,"{""0"": ""0""}",0.0470759319111906,0.1572743920113568,0.08151401548300558,0.42274593282350403
HydraulicSystems,3,auto_k3_min_0.12,STCG-v1 Weighted Ridge,100.0,0.1,1.0,1.0,3,True,0.12,False,0.07052378383058504,617,2,1,0.0,0.6353322528363047,0.9766612641815235,0:392;1:225,0:617,"{""0"": ""0""}",0.0470759319111906,0.1572743920113568,0.08151401548300558,0.42274593282350403
HydraulicSystems,3,auto_k3_min_0.12,DynVAR-Lasso Weighted Ridge,100.0,0.1,4.0,1.0,3,True,0.12,False,0.07052378383058504,617,2,1,0.0,0.6353322528363047,0.9766612641815235,0:392;1:225,0:617,"{""0"": ""0""}",0.04678289265751311,0.15778273478770255,0.08165677040965295,0.42413500873564997
HydraulicSystems,3,auto_k3_min_0.12,STCG-v1 Weighted Ridge,100.0,0.1,4.0,1.0,3,True,0.12,False,0.07052378383058504,617,2,1,0.0,0.6353322528363047,0.9766612641815235,0:392;1:225,0:617,"{""0"": ""0""}",0.04678289265751311,0.15778273478770255,0.08165677040965295,0.42413500873564997
HydraulicSystems,3,auto_k3_min_0.16,Dense Ridge,1.0,,,,3,True,0.16,False,0.07052378383058504,617,2,1,0.0,0.6353322528363047,0.9766612641815235,0:392;1:225,0:617,"{""0"": ""0""}",0.04644940013362614,0.1554111584263074,0.07982692614779191,0.4172899154690502
HydraulicSystems,3,auto_k3_min_0.16,DynVAR-Lasso Weighted Ridge,1.0,0.01,1.0,1.0,3,True,0.16,False,0.07052378383058504,617,2,1,0.0,0.6353322528363047,0.9766612641815235,0:392;1:225,0:617,"{""0"": ""0""}",0.04638746701867529,0.1555619216154146,0.07988075323901575,0.4178030794883989
HydraulicSystems,3,auto_k3_min_0.16,STCG-v1 Weighted Ridge,1.0,0.01,1.0,1.0,3,True,0.16,False,0.07052378383058504,617,2,1,0.0,0.6353322528363047,0.9766612641815235,0:392;1:225,0:617,"{""0"": ""0""}",0.04638746701867529,0.1555619216154146,0.07988075323901575,0.4178030794883989
HydraulicSystems,3,auto_k3_min_0.16,DynVAR-Lasso Weighted Ridge,1.0,0.01,4.0,1.0,3,True,0.16,False,0.07052378383058504,617,2,1,0.0,0.6353322528363047,0.9766612641815235,0:392;1:225,0:617,"{""0"": ""0""}",0.04626145354482729,0.15626936727999047,0.08017131174708587,0.4200149064170081
HydraulicSystems,3,auto_k3_min_0.16,STCG-v1 Weighted Ridge,1.0,0.01,4.0,1.0,3,True,0.16,False,0.07052378383058504,617,2,1,0.0,0.6353322528363047,0.9766612641815235,0:392;1:225,0:617,"{""0"": ""0""}",0.04626145354482729,0.15626936727999047,0.08017131174708587,0.4200149064170081
HydraulicSystems,3,auto_k3_min_0.16,DynVAR-Lasso Weighted Ridge,1.0,0.1,1.0,1.0,3,True,0.16,False,0.07052378383058504,617,2,1,0.0,0.6353322528363047,0.9766612641815235,0:392;1:225,0:617,"{""0"": ""0""}",0.04639780512558248,0.15553755670423755,0.07987269987609921,0.4177202914303357
HydraulicSystems,3,auto_k3_min_0.16,STCG-v1 Weighted Ridge,1.0,0.1,1.0,1.0,3,True,0.16,False,0.07052378383058504,617,2,1,0.0,0.6353322528363047,0.9766612641815235,0:392;1:225,0:617,"{""0"": ""0""}",0.04639780512558248,0.15553755670423755,0.07987269987609921,0.4177202914303357
HydraulicSystems,3,auto_k3_min_0.16,DynVAR-Lasso Weighted Ridge,1.0,0.1,4.0,1.0,3,True,0.16,False,0.07052378383058504,617,2,1,0.0,0.6353322528363047,0.9766612641815235,0:392;1:225,0:617,"{""0"": ""0""}",0.0463483159144035,0.1558904579322603,0.08002259323592992,0.4188418466816771
HydraulicSystems,3,auto_k3_min_0.16,STCG-v1 Weighted Ridge,1.0,0.1,4.0,1.0,3,True,0.16,False,0.07052378383058504,617,2,1,0.0,0.6353322528363047,0.9766612641815235,0:392;1:225,0:617,"{""0"": ""0""}",0.0463483159144035,0.1558904579322603,0.08002259323592992,0.4188418466816771
HydraulicSystems,3,auto_k3_min_0.16,Dense Ridge,10.0,,,,3,True,0.16,False,0.07052378383058504,617,2,1,0.0,0.6353322528363047,0.9766612641815235,0:392;1:225,0:617,"{""0"": ""0""}",0.046670590127118196,0.15612095111965393,0.08037952092401655,0.4194724308833568
HydraulicSystems,3,auto_k3_min_0.16,DynVAR-Lasso Weighted Ridge,10.0,0.01,1.0,1.0,3,True,0.16,False,0.07052378383058504,617,2,1,0.0,0.6353322528363047,0.9766612641815235,0:392;1:225,0:617,"{""0"": ""0""}",0.04658715251629476,0.15639747883165817,0.08045510852876125,0.4203162275977674
HydraulicSystems,3,auto_k3_min_0.16,STCG-v1 Weighted Ridge,10.0,0.01,1.0,1.0,3,True,0.16,False,0.07052378383058504,617,2,1,0.0,0.6353322528363047,0.9766612641815235,0:392;1:225,0:617,"{""0"": ""0""}",0.04658715251629476,0.15639747883165817,0.08045510852876125,0.4203162275977674
HydraulicSystems,3,auto_k3_min_0.16,DynVAR-Lasso Weighted Ridge,10.0,0.01,4.0,1.0,3,True,0.16,False,0.07052378383058504,617,2,1,0.0,0.6353322528363047,0.9766612641815235,0:392;1:225,0:617,"{""0"": ""0""}",0.04620691668590297,0.15727285234930924,0.0808145435651507,0.4228838884219903
HydraulicSystems,3,auto_k3_min_0.16,STCG-v1 Weighted Ridge,10.0,0.01,4.0,1.0,3,True,0.16,False,0.07052378383058504,617,2,1,0.0,0.6353322528363047,0.9766612641815235,0:392;1:225,0:617,"{""0"": ""0""}",0.04620691668590297,0.15727285234930924,0.0808145435651507,0.4228838884219903
HydraulicSystems,3,auto_k3_min_0.16,DynVAR-Lasso Weighted Ridge,10.0,0.1,1.0,1.0,3,True,0.16,False,0.07052378383058504,617,2,1,0.0,0.6353322528363047,0.9766612641815235,0:392;1:225,0:617,"{""0"": ""0""}",0.04660194681566256,0.15636006459643953,0.08044381286297231,0.42020302462776243
HydraulicSystems,3,auto_k3_min_0.16,STCG-v1 Weighted Ridge,10.0,0.1,1.0,1.0,3,True,0.16,False,0.07052378383058504,617,2,1,0.0,0.6353322528363047,0.9766612641815235,0:392;1:225,0:617,"{""0"": ""0""}",0.04660194681566256,0.15636006459643953,0.08044381286297231,0.42020302462776243
HydraulicSystems,3,auto_k3_min_0.16,DynVAR-Lasso Weighted Ridge,10.0,0.1,4.0,1.0,3,True,0.16,False,0.07052378383058504,617,2,1,0.0,0.6353322528363047,0.9766612641815235,0:392;1:225,0:617,"{""0"": ""0""}",0.04643463854394903,0.15677109242069784,0.08059412166258888,0.42143100515579135
HydraulicSystems,3,auto_k3_min_0.16,STCG-v1 Weighted Ridge,10.0,0.1,4.0,1.0,3,True,0.16,False,0.07052378383058504,617,2,1,0.0,0.6353322528363047,0.9766612641815235,0:392;1:225,0:617,"{""0"": ""0""}",0.04643463854394903,0.15677109242069784,0.08059412166258888,0.42143100515579135
HydraulicSystems,3,auto_k3_min_0.16,Dense Ridge,100.0,,,,3,True,0.16,False,0.07052378383058504,617,2,1,0.0,0.6353322528363047,0.9766612641815235,0:392;1:225,0:617,"{""0"": ""0""}",0.04726797834190943,0.156980386286702,0.08144405078576797,0.4219199848790695
HydraulicSystems,3,auto_k3_min_0.16,DynVAR-Lasso Weighted Ridge,100.0,0.01,1.0,1.0,3,True,0.16,False,0.07052378383058504,617,2,1,0.0,0.6353322528363047,0.9766612641815235,0:392;1:225,0:617,"{""0"": ""0""}",0.04704721147864152,0.15733125428747502,0.08153015605464198,0.42290278005860427
HydraulicSystems,3,auto_k3_min_0.16,STCG-v1 Weighted Ridge,100.0,0.01,1.0,1.0,3,True,0.16,False,0.07052378383058504,617,2,1,0.0,0.6353322528363047,0.9766612641815235,0:392;1:225,0:617,"{""0"": ""0""}",0.04704721147864152,0.15733125428747502,0.08153015605464198,0.42290278005860427
HydraulicSystems,3,auto_k3_min_0.16,DynVAR-Lasso Weighted Ridge,100.0,0.01,4.0,1.0,3,True,0.16,False,0.07052378383058504,617,2,1,0.0,0.6353322528363047,0.9766612641815235,0:392;1:225,0:617,"{""0"": ""0""}",0.04630606203404213,0.1580699413873624,0.08182273516528321,0.4247732266123706
HydraulicSystems,3,auto_k3_min_0.16,STCG-v1 Weighted Ridge,100.0,0.01,4.0,1.0,3,True,0.16,False,0.07052378383058504,617,2,1,0.0,0.6353322528363047,0.9766612641815235,0:392;1:225,0:617,"{""0"": ""0""}",0.04630606203404213,0.1580699413873624,0.08182273516528321,0.4247732266123706
HydraulicSystems,3,auto_k3_min_0.16,DynVAR-Lasso Weighted Ridge,100.0,0.1,1.0,1.0,3,True,0.16,False,0.07052378383058504,617,2,1,0.0,0.6353322528363047,0.9766612641815235,0:392;1:225,0:617,"{""0"": ""0""}",0.0470759319111906,0.1572743920113568,0.08151401548300558,0.42274593282350403
HydraulicSystems,3,auto_k3_min_0.16,STCG-v1 Weighted Ridge,100.0,0.1,1.0,1.0,3,True,0.16,False,0.07052378383058504,617,2,1,0.0,0.6353322528363047,0.9766612641815235,0:392;1:225,0:617,"{""0"": ""0""}",0.0470759319111906,0.1572743920113568,0.08151401548300558,0.42274593282350403
HydraulicSystems,3,auto_k3_min_0.16,DynVAR-Lasso Weighted Ridge,100.0,0.1,4.0,1.0,3,True,0.16,False,0.07052378383058504,617,2,1,0.0,0.6353322528363047,0.9766612641815235,0:392;1:225,0:617,"{""0"": ""0""}",0.04678289265751311,0.15778273478770255,0.08165677040965295,0.42413500873564997
HydraulicSystems,3,auto_k3_min_0.16,STCG-v1 Weighted Ridge,100.0,0.1,4.0,1.0,3,True,0.16,False,0.07052378383058504,617,2,1,0.0,0.6353322528363047,0.9766612641815235,0:392;1:225,0:617,"{""0"": ""0""}",0.04678289265751311,0.15778273478770255,0.08165677040965295,0.42413500873564997
HydraulicSystems,3,forced_k3,Dense Ridge,1.0,,,,3,False,0.0,True,0.07052378383058504,617,2,3,0.05498374346959818,0.6871961102106969,0.9766612641815235,0:392;1:225,0:304;1:180;2:133,"{""0"": ""0"", ""1"": ""1""}",0.04644940013362614,0.1554111584263074,0.07982692614779191,0.4172899154690502
HydraulicSystems,3,forced_k3,DynVAR-Lasso Weighted Ridge,1.0,0.01,1.0,1.0,3,False,0.0,True,0.07052378383058504,617,2,3,0.05498374346959818,0.6871961102106969,0.9766612641815235,0:392;1:225,0:304;1:180;2:133,"{""0"": ""0"", ""1"": ""1""}",0.04638746701867529,0.1555619216154146,0.07988075323901575,0.4178030794883989
HydraulicSystems,3,forced_k3,STCG-v1 Weighted Ridge,1.0,0.01,1.0,1.0,3,False,0.0,True,0.07052378383058504,617,2,3,0.05498374346959818,0.6871961102106969,0.9766612641815235,0:392;1:225,0:304;1:180;2:133,"{""0"": ""0"", ""1"": ""1""}",0.04626625126283054,0.15568197504607031,0.07987221851679177,0.41832430772545104
HydraulicSystems,3,forced_k3,DynVAR-Lasso Weighted Ridge,1.0,0.01,4.0,1.0,3,False,0.0,True,0.07052378383058504,617,2,3,0.05498374346959818,0.6871961102106969,0.9766612641815235,0:392;1:225,0:304;1:180;2:133,"{""0"": ""0"", ""1"": ""1""}",0.04626145354482729,0.15626936727999047,0.08017131174708587,0.4200149064170081
HydraulicSystems,3,forced_k3,STCG-v1 Weighted Ridge,1.0,0.01,4.0,1.0,3,False,0.0,True,0.07052378383058504,617,2,3,0.05498374346959818,0.6871961102106969,0.9766612641815235,0:392;1:225,0:304;1:180;2:133,"{""0"": ""0"", ""1"": ""1""}",0.04614291398266184,0.1567968568595589,0.08034460967001825,0.42158513737501746
HydraulicSystems,3,forced_k3,DynVAR-Lasso Weighted Ridge,1.0,0.1,1.0,1.0,3,False,0.0,True,0.07052378383058504,617,2,3,0.05498374346959818,0.6871961102106969,0.9766612641815235,0:392;1:225,0:304;1:180;2:133,"{""0"": ""0"", ""1"": ""1""}",0.04639780512558248,0.15553755670423755,0.07987269987609921,0.4177202914303357
HydraulicSystems,3,forced_k3,STCG-v1 Weighted Ridge,1.0,0.1,1.0,1.0,3,False,0.0,True,0.07052378383058504,617,2,3,0.05498374346959818,0.6871961102106969,0.9766612641815235,0:392;1:225,0:304;1:180;2:133,"{""0"": ""0"", ""1"": ""1""}",0.046310163457706444,0.15560623391154457,0.07985874220107038,0.41804340731030876
HydraulicSystems,3,forced_k3,DynVAR-Lasso Weighted Ridge,1.0,0.1,4.0,1.0,3,False,0.0,True,0.07052378383058504,617,2,3,0.05498374346959818,0.6871961102106969,0.9766612641815235,0:392;1:225,0:304;1:180;2:133,"{""0"": ""0"", ""1"": ""1""}",0.0463483159144035,0.1558904579322603,0.08002259323592992,0.4188418466816771
HydraulicSystems,3,forced_k3,STCG-v1 Weighted Ridge,1.0,0.1,4.0,1.0,3,False,0.0,True,0.07052378383058504,617,2,3,0.05498374346959818,0.6871961102106969,0.9766612641815235,0:392;1:225,0:304;1:180;2:133,"{""0"": ""0"", ""1"": ""1""}",0.04628085326123904,0.15594694397254924,0.08000538994235082,0.41905291031396125
HydraulicSystems,3,forced_k3,Dense Ridge,10.0,,,,3,False,0.0,True,0.07052378383058504,617,2,3,0.05498374346959818,0.6871961102106969,0.9766612641815235,0:392;1:225,0:304;1:180;2:133,"{""0"": ""0"", ""1"": ""1""}",0.046670590127118196,0.15612095111965393,0.08037952092401655,0.4194724308833568
HydraulicSystems,3,forced_k3,DynVAR-Lasso Weighted Ridge,10.0,0.01,1.0,1.0,3,False,0.0,True,0.07052378383058504,617,2,3,0.05498374346959818,0.6871961102106969,0.9766612641815235,0:392;1:225,0:304;1:180;2:133,"{""0"": ""0"", ""1"": ""1""}",0.04658715251629476,0.15639747883165817,0.08045510852876125,0.4203162275977674
HydraulicSystems,3,forced_k3,STCG-v1 Weighted Ridge,10.0,0.01,1.0,1.0,3,False,0.0,True,0.07052378383058504,617,2,3,0.05498374346959818,0.6871961102106969,0.9766612641815235,0:392;1:225,0:304;1:180;2:133,"{""0"": ""0"", ""1"": ""1""}",0.046414266017159374,0.15665000220798606,0.08049539742392856,0.42107717317078863
HydraulicSystems,3,forced_k3,DynVAR-Lasso Weighted Ridge,10.0,0.01,4.0,1.0,3,False,0.0,True,0.07052378383058504,617,2,3,0.05498374346959818,0.6871961102106969,0.9766612641815235,0:392;1:225,0:304;1:180;2:133,"{""0"": ""0"", ""1"": ""1""}",0.04620691668590297,0.15727285234930924,0.0808145435651507,0.4228838884219903
HydraulicSystems,3,forced_k3,STCG-v1 Weighted Ridge,10.0,0.01,4.0,1.0,3,False,0.0,True,0.07052378383058504,617,2,3,0.05498374346959818,0.6871961102106969,0.9766612641815235,0:392;1:225,0:304;1:180;2:133,"{""0"": ""0"", ""1"": ""1""}",0.046193503251360964,0.1577206842532878,0.08100560251183316,0.42394897288329314
HydraulicSystems,3,forced_k3,DynVAR-Lasso Weighted Ridge,10.0,0.1,1.0,1.0,3,False,0.0,True,0.07052378383058504,617,2,3,0.05498374346959818,0.6871961102106969,0.9766612641815235,0:392;1:225,0:304;1:180;2:133,"{""0"": ""0"", ""1"": ""1""}",0.04660194681566256,0.15636006459643953,0.08044381286297231,0.42020302462776243
HydraulicSystems,3,forced_k3,STCG-v1 Weighted Ridge,10.0,0.1,1.0,1.0,3,False,0.0,True,0.07052378383058504,617,2,3,0.05498374346959818,0.6871961102106969,0.9766612641815235,0:392;1:225,0:304;1:180;2:133,"{""0"": ""0"", ""1"": ""1""}",0.046476289244272766,0.15653566098118035,0.08045805390896252,0.4207473038031794
HydraulicSystems,3,forced_k3,DynVAR-Lasso Weighted Ridge,10.0,0.1,4.0,1.0,3,False,0.0,True,0.07052378383058504,617,2,3,0.05498374346959818,0.6871961102106969,0.9766612641815235,0:392;1:225,0:304;1:180;2:133,"{""0"": ""0"", ""1"": ""1""}",0.04643463854394903,0.15677109242069784,0.08059412166258888,0.42143100515579135
HydraulicSystems,3,forced_k3,STCG-v1 Weighted Ridge,10.0,0.1,4.0,1.0,3,False,0.0,True,0.07052378383058504,617,2,3,0.05498374346959818,0.6871961102106969,0.9766612641815235,0:392;1:225,0:304;1:180;2:133,"{""0"": ""0"", ""1"": ""1""}",0.04635828937388925,0.15687315034756918,0.08057211132976794,0.4217034848347361
HydraulicSystems,3,forced_k3,Dense Ridge,100.0,,,,3,False,0.0,True,0.07052378383058504,617,2,3,0.05498374346959818,0.6871961102106969,0.9766612641815235,0:392;1:225,0:304;1:180;2:133,"{""0"": ""0"", ""1"": ""1""}",0.04726797834190943,0.156980386286702,0.08144405078576797,0.4219199848790695
HydraulicSystems,3,forced_k3,DynVAR-Lasso Weighted Ridge,100.0,0.01,1.0,1.0,3,False,0.0,True,0.07052378383058504,617,2,3,0.05498374346959818,0.6871961102106969,0.9766612641815235,0:392;1:225,0:304;1:180;2:133,"{""0"": ""0"", ""1"": ""1""}",0.04704721147864152,0.15733125428747502,0.08153015605464198,0.42290278005860427
HydraulicSystems,3,forced_k3,STCG-v1 Weighted Ridge,100.0,0.01,1.0,1.0,3,False,0.0,True,0.07052378383058504,617,2,3,0.05498374346959818,0.6871961102106969,0.9766612641815235,0:392;1:225,0:304;1:180;2:133,"{""0"": ""0"", ""1"": ""1""}",0.0468350859680037,0.15769346122621078,0.08160630516529559,0.4237118759886199
HydraulicSystems,3,forced_k3,DynVAR-Lasso Weighted Ridge,100.0,0.01,4.0,1.0,3,False,0.0,True,0.07052378383058504,617,2,3,0.05498374346959818,0.6871961102106969,0.9766612641815235,0:392;1:225,0:304;1:180;2:133,"{""0"": ""0"", ""1"": ""1""}",0.04630606203404213,0.1580699413873624,0.08182273516528321,0.4247732266123706
HydraulicSystems,3,forced_k3,STCG-v1 Weighted Ridge,100.0,0.01,4.0,1.0,3,False,0.0,True,0.07052378383058504,617,2,3,0.05498374346959818,0.6871961102106969,0.9766612641815235,0:392;1:225,0:304;1:180;2:133,"{""0"": ""0"", ""1"": ""1""}",0.04582430873496507,0.15815799773096706,0.08189278694404357,0.42490612513005915
HydraulicSystems,3,forced_k3,DynVAR-Lasso Weighted Ridge,100.0,0.1,1.0,1.0,3,False,0.0,True,0.07052378383058504,617,2,3,0.05498374346959818,0.6871961102106969,0.9766612641815235,0:392;1:225,0:304;1:180;2:133,"{""0"": ""0"", ""1"": ""1""}",0.0470759319111906,0.1572743920113568,0.08151401548300558,0.42274593282350403
HydraulicSystems,3,forced_k3,STCG-v1 Weighted Ridge,100.0,0.1,1.0,1.0,3,False,0.0,True,0.07052378383058504,617,2,3,0.05498374346959818,0.6871961102106969,0.9766612641815235,0:392;1:225,0:304;1:180;2:133,"{""0"": ""0"", ""1"": ""1""}",0.046925921676506326,0.15753125744730886,0.08155967338635643,0.42335606131953296
HydraulicSystems,3,forced_k3,DynVAR-Lasso Weighted Ridge,100.0,0.1,4.0,1.0,3,False,0.0,True,0.07052378383058504,617,2,3,0.05498374346959818,0.6871961102106969,0.9766612641815235,0:392;1:225,0:304;1:180;2:133,"{""0"": ""0"", ""1"": ""1""}",0.04678289265751311,0.15778273478770255,0.08165677040965295,0.42413500873564997
HydraulicSystems,3,forced_k3,STCG-v1 Weighted Ridge,100.0,0.1,4.0,1.0,3,False,0.0,True,0.07052378383058504,617,2,3,0.05498374346959818,0.6871961102106969,0.9766612641815235,0:392;1:225,0:304;1:180;2:133,"{""0"": ""0"", ""1"": ""1""}",0.046776290347246556,0.15788395054379936,0.08163451351044874,0.4243122627058219
HydraulicSystems,4,auto_k2_min_0.00,Dense Ridge,1.0,,,,2,True,0.0,True,0.047684739291713074,617,2,2,-0.0012430149081966008,0.5089141004862237,0.9766612641815235,0:392;1:225,0:300;1:317,"{""0"": ""1"", ""1"": ""0""}",0.04644940013362614,0.1554111584263074,0.07982692614779191,0.4172899154690502
HydraulicSystems,4,auto_k2_min_0.00,DynVAR-Lasso Weighted Ridge,1.0,0.01,1.0,1.0,2,True,0.0,True,0.047684739291713074,617,2,2,-0.0012430149081966008,0.5089141004862237,0.9766612641815235,0:392;1:225,0:300;1:317,"{""0"": ""1"", ""1"": ""0""}",0.04638746701867529,0.1555619216154146,0.07988075323901575,0.4178030794883989
HydraulicSystems,4,auto_k2_min_0.00,STCG-v1 Weighted Ridge,1.0,0.01,1.0,1.0,2,True,0.0,True,0.047684739291713074,617,2,2,-0.0012430149081966008,0.5089141004862237,0.9766612641815235,0:392;1:225,0:300;1:317,"{""0"": ""1"", ""1"": ""0""}",0.04626509371221145,0.15574757056378774,0.07989687163192186,0.41851857091927586
HydraulicSystems,4,auto_k2_min_0.00,DynVAR-Lasso Weighted Ridge,1.0,0.01,4.0,1.0,2,True,0.0,True,0.047684739291713074,617,2,2,-0.0012430149081966008,0.5089141004862237,0.9766612641815235,0:392;1:225,0:300;1:317,"{""0"": ""1"", ""1"": ""0""}",0.04626145354482729,0.15626936727999047,0.08017131174708587,0.4200149064170081
HydraulicSystems,4,auto_k2_min_0.00,STCG-v1 Weighted Ridge,1.0,0.01,4.0,1.0,2,True,0.0,True,0.047684739291713074,617,2,2,-0.0012430149081966008,0.5089141004862237,0.9766612641815235,0:392;1:225,0:300;1:317,"{""0"": ""1"", ""1"": ""0""}",0.046131943143666955,0.15680097638877383,0.08035191429971786,0.42159117831567083
HydraulicSystems,4,auto_k2_min_0.00,DynVAR-Lasso Weighted Ridge,1.0,0.1,1.0,1.0,2,True,0.0,True,0.047684739291713074,617,2,2,-0.0012430149081966008,0.5089141004862237,0.9766612641815235,0:392;1:225,0:300;1:317,"{""0"": ""1"", ""1"": ""0""}",0.04639780512558248,0.15553755670423755,0.07987269987609921,0.4177202914303357
HydraulicSystems,4,auto_k2_min_0.00,STCG-v1 Weighted Ridge,1.0,0.1,1.0,1.0,2,True,0.0,True,0.047684739291713074,617,2,2,-0.0012430149081966008,0.5089141004862237,0.9766612641815235,0:392;1:225,0:300;1:317,"{""0"": ""1"", ""1"": ""0""}",0.046307408852270276,0.1556527840613982,0.07987629914620475,0.4181812949779129
HydraulicSystems,4,auto_k2_min_0.00,DynVAR-Lasso Weighted Ridge,1.0,0.1,4.0,1.0,2,True,0.0,True,0.047684739291713074,617,2,2,-0.0012430149081966008,0.5089141004862237,0.9766612641815235,0:392;1:225,0:300;1:317,"{""0"": ""1"", ""1"": ""0""}",0.0463483159144035,0.1558904579322603,0.08002259323592992,0.4188418466816771
HydraulicSystems,4,auto_k2_min_0.00,STCG-v1 Weighted Ridge,1.0,0.1,4.0,1.0,2,True,0.0,True,0.047684739291713074,617,2,2,-0.0012430149081966008,0.5089141004862237,0.9766612641815235,0:392;1:225,0:300;1:317,"{""0"": ""1"", ""1"": ""0""}",0.04631059076553928,0.1560381290194446,0.08004236787244873,0.4193215059343456
HydraulicSystems,4,auto_k2_min_0.00,Dense Ridge,10.0,,,,2,True,0.0,True,0.047684739291713074,617,2,2,-0.0012430149081966008,0.5089141004862237,0.9766612641815235,0:392;1:225,0:300;1:317,"{""0"": ""1"", ""1"": ""0""}",0.046670590127118196,0.15612095111965393,0.08037952092401655,0.4194724308833568
HydraulicSystems,4,auto_k2_min_0.00,DynVAR-Lasso Weighted Ridge,10.0,0.01,1.0,1.0,2,True,0.0,True,0.047684739291713074,617,2,2,-0.0012430149081966008,0.5089141004862237,0.9766612641815235,0:392;1:225,0:300;1:317,"{""0"": ""1"", ""1"": ""0""}",0.04658715251629476,0.15639747883165817,0.08045510852876125,0.4203162275977674
HydraulicSystems,4,auto_k2_min_0.00,STCG-v1 Weighted Ridge,10.0,0.01,1.0,1.0,2,True,0.0,True,0.047684739291713074,617,2,2,-0.0012430149081966008,0.5089141004862237,0.9766612641815235,0:392;1:225,0:300;1:317,"{""0"": ""1"", ""1"": ""0""}",0.046409947062495086,0.1566895490602584,0.08050757426179476,0.42119520933994237
HydraulicSystems,4,auto_k2_min_0.00,DynVAR-Lasso Weighted Ridge,10.0,0.01,4.0,1.0,2,True,0.0,True,0.047684739291713074,617,2,2,-0.0012430149081966008,0.5089141004862237,0.9766612641815235,0:392;1:225,0:300;1:317,"{""0"": ""1"", ""1"": ""0""}",0.04620691668590297,0.15727285234930924,0.0808145435651507,0.4228838884219903
HydraulicSystems,4,auto_k2_min_0.00,STCG-v1 Weighted Ridge,10.0,0.01,4.0,1.0,2,True,0.0,True,0.047684739291713074,617,2,2,-0.0012430149081966008,0.5089141004862237,0.9766612641815235,0:392;1:225,0:300;1:317,"{""0"": ""1"", ""1"": ""0""}",0.04605493056380691,0.15772440691393005,0.08100941602013294,0.4239556266289086
HydraulicSystems,4,auto_k2_min_0.00,DynVAR-Lasso Weighted Ridge,10.0,0.1,1.0,1.0,2,True,0.0,True,0.047684739291713074,617,2,2,-0.0012430149081966008,0.5089141004862237,0.9766612641815235,0:392;1:225,0:300;1:317,"{""0"": ""1"", ""1"": ""0""}",0.04660194681566256,0.15636006459643953,0.08044381286297231,0.42020302462776243
HydraulicSystems,4,auto_k2_min_0.00,STCG-v1 Weighted Ridge,10.0,0.1,1.0,1.0,2,True,0.0,True,0.047684739291713074,617,2,2,-0.0012430149081966008,0.5089141004862237,0.9766612641815235,0:392;1:225,0:300;1:317,"{""0"": ""1"", ""1"": ""0""}",0.04647632752407183,0.1565665404239531,0.08046737593321518,0.4208388778495085
HydraulicSystems,4,auto_k2_min_0.00,DynVAR-Lasso Weighted Ridge,10.0,0.1,4.0,1.0,2,True,0.0,True,0.047684739291713074,617,2,2,-0.0012430149081966008,0.5089141004862237,0.9766612641815235,0:392;1:225,0:300;1:317,"{""0"": ""1"", ""1"": ""0""}",0.04643463854394903,0.15677109242069784,0.08059412166258888,0.42143100515579135
HydraulicSystems,4,auto_k2_min_0.00,STCG-v1 Weighted Ridge,10.0,0.1,4.0,1.0,2,True,0.0,True,0.047684739291713074,617,2,2,-0.0012430149081966008,0.5089141004862237,0.9766612641815235,0:392;1:225,0:300;1:317,"{""0"": ""1"", ""1"": ""0""}",0.046334204435173866,0.15686067660994424,0.08056880804110857,0.42166458225725423
HydraulicSystems,4,auto_k2_min_0.00,Dense Ridge,100.0,,,,2,True,0.0,True,0.047684739291713074,617,2,2,-0.0012430149081966008,0.5089141004862237,0.9766612641815235,0:392;1:225,0:300;1:317,"{""0"": ""1"", ""1"": ""0""}",0.04726797834190943,0.156980386286702,0.08144405078576797,0.4219199848790695
HydraulicSystems,4,auto_k2_min_0.00,DynVAR-Lasso Weighted Ridge,100.0,0.01,1.0,1.0,2,True,0.0,True,0.047684739291713074,617,2,2,-0.0012430149081966008,0.5089141004862237,0.9766612641815235,0:392;1:225,0:300;1:317,"{""0"": ""1"", ""1"": ""0""}",0.04704721147864152,0.15733125428747502,0.08153015605464198,0.42290278005860427
HydraulicSystems,4,auto_k2_min_0.00,STCG-v1 Weighted Ridge,100.0,0.01,1.0,1.0,2,True,0.0,True,0.047684739291713074,617,2,2,-0.0012430149081966008,0.5089141004862237,0.9766612641815235,0:392;1:225,0:300;1:317,"{""0"": ""1"", ""1"": ""0""}",0.04680576286900706,0.15772173902606168,0.08162068333054169,0.4237979909499608
HydraulicSystems,4,auto_k2_min_0.00,DynVAR-Lasso Weighted Ridge,100.0,0.01,4.0,1.0,2,True,0.0,True,0.047684739291713074,617,2,2,-0.0012430149081966008,0.5089141004862237,0.9766612641815235,0:392;1:225,0:300;1:317,"{""0"": ""1"", ""1"": ""0""}",0.04630606203404213,0.1580699413873624,0.08182273516528321,0.4247732266123706
HydraulicSystems,4,auto_k2_min_0.00,STCG-v1 Weighted Ridge,100.0,0.01,4.0,1.0,2,True,0.0,True,0.047684739291713074,617,2,2,-0.0012430149081966008,0.5089141004862237,0.9766612641815235,0:392;1:225,0:300;1:317,"{""0"": ""1"", ""1"": ""0""}",0.04560997342891604,0.15817446946714067,0.08190199674505612,0.42495073597565874
HydraulicSystems,4,auto_k2_min_0.00,DynVAR-Lasso Weighted Ridge,100.0,0.1,1.0,1.0,2,True,0.0,True,0.047684739291713074,617,2,2,-0.0012430149081966008,0.5089141004862237,0.9766612641815235,0:392;1:225,0:300;1:317,"{""0"": ""1"", ""1"": ""0""}",0.0470759319111906,0.1572743920113568,0.08151401548300558,0.42274593282350403
HydraulicSystems,4,auto_k2_min_0.00,STCG-v1 Weighted Ridge,100.0,0.1,1.0,1.0,2,True,0.0,True,0.047684739291713074,617,2,2,-0.0012430149081966008,0.5089141004862237,0.9766612641815235,0:392;1:225,0:300;1:317,"{""0"": ""1"", ""1"": ""0""}",0.04690317141155788,0.15755194561324548,0.08156781760197082,0.4234172850026581
HydraulicSystems,4,auto_k2_min_0.00,DynVAR-Lasso Weighted Ridge,100.0,0.1,4.0,1.0,2,True,0.0,True,0.047684739291713074,617,2,2,-0.0012430149081966008,0.5089141004862237,0.9766612641815235,0:392;1:225,0:300;1:317,"{""0"": ""1"", ""1"": ""0""}",0.04678289265751311,0.15778273478770255,0.08165677040965295,0.42413500873564997
HydraulicSystems,4,auto_k2_min_0.00,STCG-v1 Weighted Ridge,100.0,0.1,4.0,1.0,2,True,0.0,True,0.047684739291713074,617,2,2,-0.0012430149081966008,0.5089141004862237,0.9766612641815235,0:392;1:225,0:300;1:317,"{""0"": ""1"", ""1"": ""0""}",0.04670258940006952,0.15788670845697253,0.08164938979219247,0.4243147685868232
HydraulicSystems,4,auto_k2_min_0.08,Dense Ridge,1.0,,,,2,True,0.08,False,0.047684739291713074,617,2,1,0.0,0.6353322528363047,0.9766612641815235,0:392;1:225,0:617,"{""0"": ""0""}",0.04644940013362614,0.1554111584263074,0.07982692614779191,0.4172899154690502
HydraulicSystems,4,auto_k2_min_0.08,DynVAR-Lasso Weighted Ridge,1.0,0.01,1.0,1.0,2,True,0.08,False,0.047684739291713074,617,2,1,0.0,0.6353322528363047,0.9766612641815235,0:392;1:225,0:617,"{""0"": ""0""}",0.04638746701867529,0.1555619216154146,0.07988075323901575,0.4178030794883989
HydraulicSystems,4,auto_k2_min_0.08,STCG-v1 Weighted Ridge,1.0,0.01,1.0,1.0,2,True,0.08,False,0.047684739291713074,617,2,1,0.0,0.6353322528363047,0.9766612641815235,0:392;1:225,0:617,"{""0"": ""0""}",0.04638746701867529,0.1555619216154146,0.07988075323901575,0.4178030794883989
HydraulicSystems,4,auto_k2_min_0.08,DynVAR-Lasso Weighted Ridge,1.0,0.01,4.0,1.0,2,True,0.08,False,0.047684739291713074,617,2,1,0.0,0.6353322528363047,0.9766612641815235,0:392;1:225,0:617,"{""0"": ""0""}",0.04626145354482729,0.15626936727999047,0.08017131174708587,0.4200149064170081
HydraulicSystems,4,auto_k2_min_0.08,STCG-v1 Weighted Ridge,1.0,0.01,4.0,1.0,2,True,0.08,False,0.047684739291713074,617,2,1,0.0,0.6353322528363047,0.9766612641815235,0:392;1:225,0:617,"{""0"": ""0""}",0.04626145354482729,0.15626936727999047,0.08017131174708587,0.4200149064170081
HydraulicSystems,4,auto_k2_min_0.08,DynVAR-Lasso Weighted Ridge,1.0,0.1,1.0,1.0,2,True,0.08,False,0.047684739291713074,617,2,1,0.0,0.6353322528363047,0.9766612641815235,0:392;1:225,0:617,"{""0"": ""0""}",0.04639780512558248,0.15553755670423755,0.07987269987609921,0.4177202914303357
HydraulicSystems,4,auto_k2_min_0.08,STCG-v1 Weighted Ridge,1.0,0.1,1.0,1.0,2,True,0.08,False,0.047684739291713074,617,2,1,0.0,0.6353322528363047,0.9766612641815235,0:392;1:225,0:617,"{""0"": ""0""}",0.04639780512558248,0.15553755670423755,0.07987269987609921,0.4177202914303357
HydraulicSystems,4,auto_k2_min_0.08,DynVAR-Lasso Weighted Ridge,1.0,0.1,4.0,1.0,2,True,0.08,False,0.047684739291713074,617,2,1,0.0,0.6353322528363047,0.9766612641815235,0:392;1:225,0:617,"{""0"": ""0""}",0.0463483159144035,0.1558904579322603,0.08002259323592992,0.4188418466816771
HydraulicSystems,4,auto_k2_min_0.08,STCG-v1 Weighted Ridge,1.0,0.1,4.0,1.0,2,True,0.08,False,0.047684739291713074,617,2,1,0.0,0.6353322528363047,0.9766612641815235,0:392;1:225,0:617,"{""0"": ""0""}",0.0463483159144035,0.1558904579322603,0.08002259323592992,0.4188418466816771
HydraulicSystems,4,auto_k2_min_0.08,Dense Ridge,10.0,,,,2,True,0.08,False,0.047684739291713074,617,2,1,0.0,0.6353322528363047,0.9766612641815235,0:392;1:225,0:617,"{""0"": ""0""}",0.046670590127118196,0.15612095111965393,0.08037952092401655,0.4194724308833568
HydraulicSystems,4,auto_k2_min_0.08,DynVAR-Lasso Weighted Ridge,10.0,0.01,1.0,1.0,2,True,0.08,False,0.047684739291713074,617,2,1,0.0,0.6353322528363047,0.9766612641815235,0:392;1:225,0:617,"{""0"": ""0""}",0.04658715251629476,0.15639747883165817,0.08045510852876125,0.4203162275977674
HydraulicSystems,4,auto_k2_min_0.08,STCG-v1 Weighted Ridge,10.0,0.01,1.0,1.0,2,True,0.08,False,0.047684739291713074,617,2,1,0.0,0.6353322528363047,0.9766612641815235,0:392;1:225,0:617,"{""0"": ""0""}",0.04658715251629476,0.15639747883165817,0.08045510852876125,0.4203162275977674
HydraulicSystems,4,auto_k2_min_0.08,DynVAR-Lasso Weighted Ridge,10.0,0.01,4.0,1.0,2,True,0.08,False,0.047684739291713074,617,2,1,0.0,0.6353322528363047,0.9766612641815235,0:392;1:225,0:617,"{""0"": ""0""}",0.04620691668590297,0.15727285234930924,0.0808145435651507,0.4228838884219903
HydraulicSystems,4,auto_k2_min_0.08,STCG-v1 Weighted Ridge,10.0,0.01,4.0,1.0,2,True,0.08,False,0.047684739291713074,617,2,1,0.0,0.6353322528363047,0.9766612641815235,0:392;1:225,0:617,"{""0"": ""0""}",0.04620691668590297,0.15727285234930924,0.0808145435651507,0.4228838884219903
HydraulicSystems,4,auto_k2_min_0.08,DynVAR-Lasso Weighted Ridge,10.0,0.1,1.0,1.0,2,True,0.08,False,0.047684739291713074,617,2,1,0.0,0.6353322528363047,0.9766612641815235,0:392;1:225,0:617,"{""0"": ""0""}",0.04660194681566256,0.15636006459643953,0.08044381286297231,0.42020302462776243
HydraulicSystems,4,auto_k2_min_0.08,STCG-v1 Weighted Ridge,10.0,0.1,1.0,1.0,2,True,0.08,False,0.047684739291713074,617,2,1,0.0,0.6353322528363047,0.9766612641815235,0:392;1:225,0:617,"{""0"": ""0""}",0.04660194681566256,0.15636006459643953,0.08044381286297231,0.42020302462776243
HydraulicSystems,4,auto_k2_min_0.08,DynVAR-Lasso Weighted Ridge,10.0,0.1,4.0,1.0,2,True,0.08,False,0.047684739291713074,617,2,1,0.0,0.6353322528363047,0.9766612641815235,0:392;1:225,0:617,"{""0"": ""0""}",0.04643463854394903,0.15677109242069784,0.08059412166258888,0.42143100515579135
HydraulicSystems,4,auto_k2_min_0.08,STCG-v1 Weighted Ridge,10.0,0.1,4.0,1.0,2,True,0.08,False,0.047684739291713074,617,2,1,0.0,0.6353322528363047,0.9766612641815235,0:392;1:225,0:617,"{""0"": ""0""}",0.04643463854394903,0.15677109242069784,0.08059412166258888,0.42143100515579135
HydraulicSystems,4,auto_k2_min_0.08,Dense Ridge,100.0,,,,2,True,0.08,False,0.047684739291713074,617,2,1,0.0,0.6353322528363047,0.9766612641815235,0:392;1:225,0:617,"{""0"": ""0""}",0.04726797834190943,0.156980386286702,0.08144405078576797,0.4219199848790695
HydraulicSystems,4,auto_k2_min_0.08,DynVAR-Lasso Weighted Ridge,100.0,0.01,1.0,1.0,2,True,0.08,False,0.047684739291713074,617,2,1,0.0,0.6353322528363047,0.9766612641815235,0:392;1:225,0:617,"{""0"": ""0""}",0.04704721147864152,0.15733125428747502,0.08153015605464198,0.42290278005860427
HydraulicSystems,4,auto_k2_min_0.08,STCG-v1 Weighted Ridge,100.0,0.01,1.0,1.0,2,True,0.08,False,0.047684739291713074,617,2,1,0.0,0.6353322528363047,0.9766612641815235,0:392;1:225,0:617,"{""0"": ""0""}",0.04704721147864152,0.15733125428747502,0.08153015605464198,0.42290278005860427
HydraulicSystems,4,auto_k2_min_0.08,DynVAR-Lasso Weighted Ridge,100.0,0.01,4.0,1.0,2,True,0.08,False,0.047684739291713074,617,2,1,0.0,0.6353322528363047,0.9766612641815235,0:392;1:225,0:617,"{""0"": ""0""}",0.04630606203404213,0.1580699413873624,0.08182273516528321,0.4247732266123706
HydraulicSystems,4,auto_k2_min_0.08,STCG-v1 Weighted Ridge,100.0,0.01,4.0,1.0,2,True,0.08,False,0.047684739291713074,617,2,1,0.0,0.6353322528363047,0.9766612641815235,0:392;1:225,0:617,"{""0"": ""0""}",0.04630606203404213,0.1580699413873624,0.08182273516528321,0.4247732266123706
HydraulicSystems,4,auto_k2_min_0.08,DynVAR-Lasso Weighted Ridge,100.0,0.1,1.0,1.0,2,True,0.08,False,0.047684739291713074,617,2,1,0.0,0.6353322528363047,0.9766612641815235,0:392;1:225,0:617,"{""0"": ""0""}",0.0470759319111906,0.1572743920113568,0.08151401548300558,0.42274593282350403
HydraulicSystems,4,auto_k2_min_0.08,STCG-v1 Weighted Ridge,100.0,0.1,1.0,1.0,2,True,0.08,False,0.047684739291713074,617,2,1,0.0,0.6353322528363047,0.9766612641815235,0:392;1:225,0:617,"{""0"": ""0""}",0.0470759319111906,0.1572743920113568,0.08151401548300558,0.42274593282350403
HydraulicSystems,4,auto_k2_min_0.08,DynVAR-Lasso Weighted Ridge,100.0,0.1,4.0,1.0,2,True,0.08,False,0.047684739291713074,617,2,1,0.0,0.6353322528363047,0.9766612641815235,0:392;1:225,0:617,"{""0"": ""0""}",0.04678289265751311,0.15778273478770255,0.08165677040965295,0.42413500873564997
HydraulicSystems,4,auto_k2_min_0.08,STCG-v1 Weighted Ridge,100.0,0.1,4.0,1.0,2,True,0.08,False,0.047684739291713074,617,2,1,0.0,0.6353322528363047,0.9766612641815235,0:392;1:225,0:617,"{""0"": ""0""}",0.04678289265751311,0.15778273478770255,0.08165677040965295,0.42413500873564997
HydraulicSystems,4,auto_k2_min_0.12,Dense Ridge,1.0,,,,2,True,0.12,False,0.047684739291713074,617,2,1,0.0,0.6353322528363047,0.9766612641815235,0:392;1:225,0:617,"{""0"": ""0""}",0.04644940013362614,0.1554111584263074,0.07982692614779191,0.4172899154690502
HydraulicSystems,4,auto_k2_min_0.12,DynVAR-Lasso Weighted Ridge,1.0,0.01,1.0,1.0,2,True,0.12,False,0.047684739291713074,617,2,1,0.0,0.6353322528363047,0.9766612641815235,0:392;1:225,0:617,"{""0"": ""0""}",0.04638746701867529,0.1555619216154146,0.07988075323901575,0.4178030794883989
HydraulicSystems,4,auto_k2_min_0.12,STCG-v1 Weighted Ridge,1.0,0.01,1.0,1.0,2,True,0.12,False,0.047684739291713074,617,2,1,0.0,0.6353322528363047,0.9766612641815235,0:392;1:225,0:617,"{""0"": ""0""}",0.04638746701867529,0.1555619216154146,0.07988075323901575,0.4178030794883989
HydraulicSystems,4,auto_k2_min_0.12,DynVAR-Lasso Weighted Ridge,1.0,0.01,4.0,1.0,2,True,0.12,False,0.047684739291713074,617,2,1,0.0,0.6353322528363047,0.9766612641815235,0:392;1:225,0:617,"{""0"": ""0""}",0.04626145354482729,0.15626936727999047,0.08017131174708587,0.4200149064170081
HydraulicSystems,4,auto_k2_min_0.12,STCG-v1 Weighted Ridge,1.0,0.01,4.0,1.0,2,True,0.12,False,0.047684739291713074,617,2,1,0.0,0.6353322528363047,0.9766612641815235,0:392;1:225,0:617,"{""0"": ""0""}",0.04626145354482729,0.15626936727999047,0.08017131174708587,0.4200149064170081
HydraulicSystems,4,auto_k2_min_0.12,DynVAR-Lasso Weighted Ridge,1.0,0.1,1.0,1.0,2,True,0.12,False,0.047684739291713074,617,2,1,0.0,0.6353322528363047,0.9766612641815235,0:392;1:225,0:617,"{""0"": ""0""}",0.04639780512558248,0.15553755670423755,0.07987269987609921,0.4177202914303357
HydraulicSystems,4,auto_k2_min_0.12,STCG-v1 Weighted Ridge,1.0,0.1,1.0,1.0,2,True,0.12,False,0.047684739291713074,617,2,1,0.0,0.6353322528363047,0.9766612641815235,0:392;1:225,0:617,"{""0"": ""0""}",0.04639780512558248,0.15553755670423755,0.07987269987609921,0.4177202914303357
HydraulicSystems,4,auto_k2_min_0.12,DynVAR-Lasso Weighted Ridge,1.0,0.1,4.0,1.0,2,True,0.12,False,0.047684739291713074,617,2,1,0.0,0.6353322528363047,0.9766612641815235,0:392;1:225,0:617,"{""0"": ""0""}",0.0463483159144035,0.1558904579322603,0.08002259323592992,0.4188418466816771
HydraulicSystems,4,auto_k2_min_0.12,STCG-v1 Weighted Ridge,1.0,0.1,4.0,1.0,2,True,0.12,False,0.047684739291713074,617,2,1,0.0,0.6353322528363047,0.9766612641815235,0:392;1:225,0:617,"{""0"": ""0""}",0.0463483159144035,0.1558904579322603,0.08002259323592992,0.4188418466816771
HydraulicSystems,4,auto_k2_min_0.12,Dense Ridge,10.0,,,,2,True,0.12,False,0.047684739291713074,617,2,1,0.0,0.6353322528363047,0.9766612641815235,0:392;1:225,0:617,"{""0"": ""0""}",0.046670590127118196,0.15612095111965393,0.08037952092401655,0.4194724308833568
HydraulicSystems,4,auto_k2_min_0.12,DynVAR-Lasso Weighted Ridge,10.0,0.01,1.0,1.0,2,True,0.12,False,0.047684739291713074,617,2,1,0.0,0.6353322528363047,0.9766612641815235,0:392;1:225,0:617,"{""0"": ""0""}",0.04658715251629476,0.15639747883165817,0.08045510852876125,0.4203162275977674
HydraulicSystems,4,auto_k2_min_0.12,STCG-v1 Weighted Ridge,10.0,0.01,1.0,1.0,2,True,0.12,False,0.047684739291713074,617,2,1,0.0,0.6353322528363047,0.9766612641815235,0:392;1:225,0:617,"{""0"": ""0""}",0.04658715251629476,0.15639747883165817,0.08045510852876125,0.4203162275977674
HydraulicSystems,4,auto_k2_min_0.12,DynVAR-Lasso Weighted Ridge,10.0,0.01,4.0,1.0,2,True,0.12,False,0.047684739291713074,617,2,1,0.0,0.6353322528363047,0.9766612641815235,0:392;1:225,0:617,"{""0"": ""0""}",0.04620691668590297,0.15727285234930924,0.0808145435651507,0.4228838884219903
HydraulicSystems,4,auto_k2_min_0.12,STCG-v1 Weighted Ridge,10.0,0.01,4.0,1.0,2,True,0.12,False,0.047684739291713074,617,2,1,0.0,0.6353322528363047,0.9766612641815235,0:392;1:225,0:617,"{""0"": ""0""}",0.04620691668590297,0.15727285234930924,0.0808145435651507,0.4228838884219903
HydraulicSystems,4,auto_k2_min_0.12,DynVAR-Lasso Weighted Ridge,10.0,0.1,1.0,1.0,2,True,0.12,False,0.047684739291713074,617,2,1,0.0,0.6353322528363047,0.9766612641815235,0:392;1:225,0:617,"{""0"": ""0""}",0.04660194681566256,0.15636006459643953,0.08044381286297231,0.42020302462776243
HydraulicSystems,4,auto_k2_min_0.12,STCG-v1 Weighted Ridge,10.0,0.1,1.0,1.0,2,True,0.12,False,0.047684739291713074,617,2,1,0.0,0.6353322528363047,0.9766612641815235,0:392;1:225,0:617,"{""0"": ""0""}",0.04660194681566256,0.15636006459643953,0.08044381286297231,0.42020302462776243
HydraulicSystems,4,auto_k2_min_0.12,DynVAR-Lasso Weighted Ridge,10.0,0.1,4.0,1.0,2,True,0.12,False,0.047684739291713074,617,2,1,0.0,0.6353322528363047,0.9766612641815235,0:392;1:225,0:617,"{""0"": ""0""}",0.04643463854394903,0.15677109242069784,0.08059412166258888,0.42143100515579135
HydraulicSystems,4,auto_k2_min_0.12,STCG-v1 Weighted Ridge,10.0,0.1,4.0,1.0,2,True,0.12,False,0.047684739291713074,617,2,1,0.0,0.6353322528363047,0.9766612641815235,0:392;1:225,0:617,"{""0"": ""0""}",0.04643463854394903,0.15677109242069784,0.08059412166258888,0.42143100515579135
HydraulicSystems,4,auto_k2_min_0.12,Dense Ridge,100.0,,,,2,True,0.12,False,0.047684739291713074,617,2,1,0.0,0.6353322528363047,0.9766612641815235,0:392;1:225,0:617,"{""0"": ""0""}",0.04726797834190943,0.156980386286702,0.08144405078576797,0.4219199848790695
HydraulicSystems,4,auto_k2_min_0.12,DynVAR-Lasso Weighted Ridge,100.0,0.01,1.0,1.0,2,True,0.12,False,0.047684739291713074,617,2,1,0.0,0.6353322528363047,0.9766612641815235,0:392;1:225,0:617,"{""0"": ""0""}",0.04704721147864152,0.15733125428747502,0.08153015605464198,0.42290278005860427
HydraulicSystems,4,auto_k2_min_0.12,STCG-v1 Weighted Ridge,100.0,0.01,1.0,1.0,2,True,0.12,False,0.047684739291713074,617,2,1,0.0,0.6353322528363047,0.9766612641815235,0:392;1:225,0:617,"{""0"": ""0""}",0.04704721147864152,0.15733125428747502,0.08153015605464198,0.42290278005860427
HydraulicSystems,4,auto_k2_min_0.12,DynVAR-Lasso Weighted Ridge,100.0,0.01,4.0,1.0,2,True,0.12,False,0.047684739291713074,617,2,1,0.0,0.6353322528363047,0.9766612641815235,0:392;1:225,0:617,"{""0"": ""0""}",0.04630606203404213,0.1580699413873624,0.08182273516528321,0.4247732266123706
HydraulicSystems,4,auto_k2_min_0.12,STCG-v1 Weighted Ridge,100.0,0.01,4.0,1.0,2,True,0.12,False,0.047684739291713074,617,2,1,0.0,0.6353322528363047,0.9766612641815235,0:392;1:225,0:617,"{""0"": ""0""}",0.04630606203404213,0.1580699413873624,0.08182273516528321,0.4247732266123706
HydraulicSystems,4,auto_k2_min_0.12,DynVAR-Lasso Weighted Ridge,100.0,0.1,1.0,1.0,2,True,0.12,False,0.047684739291713074,617,2,1,0.0,0.6353322528363047,0.9766612641815235,0:392;1:225,0:617,"{""0"": ""0""}",0.0470759319111906,0.1572743920113568,0.08151401548300558,0.42274593282350403
HydraulicSystems,4,auto_k2_min_0.12,STCG-v1 Weighted Ridge,100.0,0.1,1.0,1.0,2,True,0.12,False,0.047684739291713074,617,2,1,0.0,0.6353322528363047,0.9766612641815235,0:392;1:225,0:617,"{""0"": ""0""}",0.0470759319111906,0.1572743920113568,0.08151401548300558,0.42274593282350403
HydraulicSystems,4,auto_k2_min_0.12,DynVAR-Lasso Weighted Ridge,100.0,0.1,4.0,1.0,2,True,0.12,False,0.047684739291713074,617,2,1,0.0,0.6353322528363047,0.9766612641815235,0:392;1:225,0:617,"{""0"": ""0""}",0.04678289265751311,0.15778273478770255,0.08165677040965295,0.42413500873564997
HydraulicSystems,4,auto_k2_min_0.12,STCG-v1 Weighted Ridge,100.0,0.1,4.0,1.0,2,True,0.12,False,0.047684739291713074,617,2,1,0.0,0.6353322528363047,0.9766612641815235,0:392;1:225,0:617,"{""0"": ""0""}",0.04678289265751311,0.15778273478770255,0.08165677040965295,0.42413500873564997
HydraulicSystems,4,auto_k2_min_0.16,Dense Ridge,1.0,,,,2,True,0.16,False,0.047684739291713074,617,2,1,0.0,0.6353322528363047,0.9766612641815235,0:392;1:225,0:617,"{""0"": ""0""}",0.04644940013362614,0.1554111584263074,0.07982692614779191,0.4172899154690502
HydraulicSystems,4,auto_k2_min_0.16,DynVAR-Lasso Weighted Ridge,1.0,0.01,1.0,1.0,2,True,0.16,False,0.047684739291713074,617,2,1,0.0,0.6353322528363047,0.9766612641815235,0:392;1:225,0:617,"{""0"": ""0""}",0.04638746701867529,0.1555619216154146,0.07988075323901575,0.4178030794883989
HydraulicSystems,4,auto_k2_min_0.16,STCG-v1 Weighted Ridge,1.0,0.01,1.0,1.0,2,True,0.16,False,0.047684739291713074,617,2,1,0.0,0.6353322528363047,0.9766612641815235,0:392;1:225,0:617,"{""0"": ""0""}",0.04638746701867529,0.1555619216154146,0.07988075323901575,0.4178030794883989
HydraulicSystems,4,auto_k2_min_0.16,DynVAR-Lasso Weighted Ridge,1.0,0.01,4.0,1.0,2,True,0.16,False,0.047684739291713074,617,2,1,0.0,0.6353322528363047,0.9766612641815235,0:392;1:225,0:617,"{""0"": ""0""}",0.04626145354482729,0.15626936727999047,0.08017131174708587,0.4200149064170081
HydraulicSystems,4,auto_k2_min_0.16,STCG-v1 Weighted Ridge,1.0,0.01,4.0,1.0,2,True,0.16,False,0.047684739291713074,617,2,1,0.0,0.6353322528363047,0.9766612641815235,0:392;1:225,0:617,"{""0"": ""0""}",0.04626145354482729,0.15626936727999047,0.08017131174708587,0.4200149064170081
HydraulicSystems,4,auto_k2_min_0.16,DynVAR-Lasso Weighted Ridge,1.0,0.1,1.0,1.0,2,True,0.16,False,0.047684739291713074,617,2,1,0.0,0.6353322528363047,0.9766612641815235,0:392;1:225,0:617,"{""0"": ""0""}",0.04639780512558248,0.15553755670423755,0.07987269987609921,0.4177202914303357
HydraulicSystems,4,auto_k2_min_0.16,STCG-v1 Weighted Ridge,1.0,0.1,1.0,1.0,2,True,0.16,False,0.047684739291713074,617,2,1,0.0,0.6353322528363047,0.9766612641815235,0:392;1:225,0:617,"{""0"": ""0""}",0.04639780512558248,0.15553755670423755,0.07987269987609921,0.4177202914303357
HydraulicSystems,4,auto_k2_min_0.16,DynVAR-Lasso Weighted Ridge,1.0,0.1,4.0,1.0,2,True,0.16,False,0.047684739291713074,617,2,1,0.0,0.6353322528363047,0.9766612641815235,0:392;1:225,0:617,"{""0"": ""0""}",0.0463483159144035,0.1558904579322603,0.08002259323592992,0.4188418466816771
HydraulicSystems,4,auto_k2_min_0.16,STCG-v1 Weighted Ridge,1.0,0.1,4.0,1.0,2,True,0.16,False,0.047684739291713074,617,2,1,0.0,0.6353322528363047,0.9766612641815235,0:392;1:225,0:617,"{""0"": ""0""}",0.0463483159144035,0.1558904579322603,0.08002259323592992,0.4188418466816771
HydraulicSystems,4,auto_k2_min_0.16,Dense Ridge,10.0,,,,2,True,0.16,False,0.047684739291713074,617,2,1,0.0,0.6353322528363047,0.9766612641815235,0:392;1:225,0:617,"{""0"": ""0""}",0.046670590127118196,0.15612095111965393,0.08037952092401655,0.4194724308833568
HydraulicSystems,4,auto_k2_min_0.16,DynVAR-Lasso Weighted Ridge,10.0,0.01,1.0,1.0,2,True,0.16,False,0.047684739291713074,617,2,1,0.0,0.6353322528363047,0.9766612641815235,0:392;1:225,0:617,"{""0"": ""0""}",0.04658715251629476,0.15639747883165817,0.08045510852876125,0.4203162275977674
HydraulicSystems,4,auto_k2_min_0.16,STCG-v1 Weighted Ridge,10.0,0.01,1.0,1.0,2,True,0.16,False,0.047684739291713074,617,2,1,0.0,0.6353322528363047,0.9766612641815235,0:392;1:225,0:617,"{""0"": ""0""}",0.04658715251629476,0.15639747883165817,0.08045510852876125,0.4203162275977674
HydraulicSystems,4,auto_k2_min_0.16,DynVAR-Lasso Weighted Ridge,10.0,0.01,4.0,1.0,2,True,0.16,False,0.047684739291713074,617,2,1,0.0,0.6353322528363047,0.9766612641815235,0:392;1:225,0:617,"{""0"": ""0""}",0.04620691668590297,0.15727285234930924,0.0808145435651507,0.4228838884219903
HydraulicSystems,4,auto_k2_min_0.16,STCG-v1 Weighted Ridge,10.0,0.01,4.0,1.0,2,True,0.16,False,0.047684739291713074,617,2,1,0.0,0.6353322528363047,0.9766612641815235,0:392;1:225,0:617,"{""0"": ""0""}",0.04620691668590297,0.15727285234930924,0.0808145435651507,0.4228838884219903
HydraulicSystems,4,auto_k2_min_0.16,DynVAR-Lasso Weighted Ridge,10.0,0.1,1.0,1.0,2,True,0.16,False,0.047684739291713074,617,2,1,0.0,0.6353322528363047,0.9766612641815235,0:392;1:225,0:617,"{""0"": ""0""}",0.04660194681566256,0.15636006459643953,0.08044381286297231,0.42020302462776243
HydraulicSystems,4,auto_k2_min_0.16,STCG-v1 Weighted Ridge,10.0,0.1,1.0,1.0,2,True,0.16,False,0.047684739291713074,617,2,1,0.0,0.6353322528363047,0.9766612641815235,0:392;1:225,0:617,"{""0"": ""0""}",0.04660194681566256,0.15636006459643953,0.08044381286297231,0.42020302462776243
HydraulicSystems,4,auto_k2_min_0.16,DynVAR-Lasso Weighted Ridge,10.0,0.1,4.0,1.0,2,True,0.16,False,0.047684739291713074,617,2,1,0.0,0.6353322528363047,0.9766612641815235,0:392;1:225,0:617,"{""0"": ""0""}",0.04643463854394903,0.15677109242069784,0.08059412166258888,0.42143100515579135
HydraulicSystems,4,auto_k2_min_0.16,STCG-v1 Weighted Ridge,10.0,0.1,4.0,1.0,2,True,0.16,False,0.047684739291713074,617,2,1,0.0,0.6353322528363047,0.9766612641815235,0:392;1:225,0:617,"{""0"": ""0""}",0.04643463854394903,0.15677109242069784,0.08059412166258888,0.42143100515579135
HydraulicSystems,4,auto_k2_min_0.16,Dense Ridge,100.0,,,,2,True,0.16,False,0.047684739291713074,617,2,1,0.0,0.6353322528363047,0.9766612641815235,0:392;1:225,0:617,"{""0"": ""0""}",0.04726797834190943,0.156980386286702,0.08144405078576797,0.4219199848790695
HydraulicSystems,4,auto_k2_min_0.16,DynVAR-Lasso Weighted Ridge,100.0,0.01,1.0,1.0,2,True,0.16,False,0.047684739291713074,617,2,1,0.0,0.6353322528363047,0.9766612641815235,0:392;1:225,0:617,"{""0"": ""0""}",0.04704721147864152,0.15733125428747502,0.08153015605464198,0.42290278005860427
HydraulicSystems,4,auto_k2_min_0.16,STCG-v1 Weighted Ridge,100.0,0.01,1.0,1.0,2,True,0.16,False,0.047684739291713074,617,2,1,0.0,0.6353322528363047,0.9766612641815235,0:392;1:225,0:617,"{""0"": ""0""}",0.04704721147864152,0.15733125428747502,0.08153015605464198,0.42290278005860427
HydraulicSystems,4,auto_k2_min_0.16,DynVAR-Lasso Weighted Ridge,100.0,0.01,4.0,1.0,2,True,0.16,False,0.047684739291713074,617,2,1,0.0,0.6353322528363047,0.9766612641815235,0:392;1:225,0:617,"{""0"": ""0""}",0.04630606203404213,0.1580699413873624,0.08182273516528321,0.4247732266123706
HydraulicSystems,4,auto_k2_min_0.16,STCG-v1 Weighted Ridge,100.0,0.01,4.0,1.0,2,True,0.16,False,0.047684739291713074,617,2,1,0.0,0.6353322528363047,0.9766612641815235,0:392;1:225,0:617,"{""0"": ""0""}",0.04630606203404213,0.1580699413873624,0.08182273516528321,0.4247732266123706
HydraulicSystems,4,auto_k2_min_0.16,DynVAR-Lasso Weighted Ridge,100.0,0.1,1.0,1.0,2,True,0.16,False,0.047684739291713074,617,2,1,0.0,0.6353322528363047,0.9766612641815235,0:392;1:225,0:617,"{""0"": ""0""}",0.0470759319111906,0.1572743920113568,0.08151401548300558,0.42274593282350403
HydraulicSystems,4,auto_k2_min_0.16,STCG-v1 Weighted Ridge,100.0,0.1,1.0,1.0,2,True,0.16,False,0.047684739291713074,617,2,1,0.0,0.6353322528363047,0.9766612641815235,0:392;1:225,0:617,"{""0"": ""0""}",0.0470759319111906,0.1572743920113568,0.08151401548300558,0.42274593282350403
HydraulicSystems,4,auto_k2_min_0.16,DynVAR-Lasso Weighted Ridge,100.0,0.1,4.0,1.0,2,True,0.16,False,0.047684739291713074,617,2,1,0.0,0.6353322528363047,0.9766612641815235,0:392;1:225,0:617,"{""0"": ""0""}",0.04678289265751311,0.15778273478770255,0.08165677040965295,0.42413500873564997
HydraulicSystems,4,auto_k2_min_0.16,STCG-v1 Weighted Ridge,100.0,0.1,4.0,1.0,2,True,0.16,False,0.047684739291713074,617,2,1,0.0,0.6353322528363047,0.9766612641815235,0:392;1:225,0:617,"{""0"": ""0""}",0.04678289265751311,0.15778273478770255,0.08165677040965295,0.42413500873564997
HydraulicSystems,4,forced_k2,Dense Ridge,1.0,,,,2,False,0.0,True,0.047684739291713074,617,2,2,-0.0012430149081966008,0.5089141004862237,0.9766612641815235,0:392;1:225,0:300;1:317,"{""0"": ""1"", ""1"": ""0""}",0.04644940013362614,0.1554111584263074,0.07982692614779191,0.4172899154690502
HydraulicSystems,4,forced_k2,DynVAR-Lasso Weighted Ridge,1.0,0.01,1.0,1.0,2,False,0.0,True,0.047684739291713074,617,2,2,-0.0012430149081966008,0.5089141004862237,0.9766612641815235,0:392;1:225,0:300;1:317,"{""0"": ""1"", ""1"": ""0""}",0.04638746701867529,0.1555619216154146,0.07988075323901575,0.4178030794883989
HydraulicSystems,4,forced_k2,STCG-v1 Weighted Ridge,1.0,0.01,1.0,1.0,2,False,0.0,True,0.047684739291713074,617,2,2,-0.0012430149081966008,0.5089141004862237,0.9766612641815235,0:392;1:225,0:300;1:317,"{""0"": ""1"", ""1"": ""0""}",0.04626509371221145,0.15574757056378774,0.07989687163192186,0.41851857091927586
HydraulicSystems,4,forced_k2,DynVAR-Lasso Weighted Ridge,1.0,0.01,4.0,1.0,2,False,0.0,True,0.047684739291713074,617,2,2,-0.0012430149081966008,0.5089141004862237,0.9766612641815235,0:392;1:225,0:300;1:317,"{""0"": ""1"", ""1"": ""0""}",0.04626145354482729,0.15626936727999047,0.08017131174708587,0.4200149064170081
HydraulicSystems,4,forced_k2,STCG-v1 Weighted Ridge,1.0,0.01,4.0,1.0,2,False,0.0,True,0.047684739291713074,617,2,2,-0.0012430149081966008,0.5089141004862237,0.9766612641815235,0:392;1:225,0:300;1:317,"{""0"": ""1"", ""1"": ""0""}",0.046131943143666955,0.15680097638877383,0.08035191429971786,0.42159117831567083
HydraulicSystems,4,forced_k2,DynVAR-Lasso Weighted Ridge,1.0,0.1,1.0,1.0,2,False,0.0,True,0.047684739291713074,617,2,2,-0.0012430149081966008,0.5089141004862237,0.9766612641815235,0:392;1:225,0:300;1:317,"{""0"": ""1"", ""1"": ""0""}",0.04639780512558248,0.15553755670423755,0.07987269987609921,0.4177202914303357
HydraulicSystems,4,forced_k2,STCG-v1 Weighted Ridge,1.0,0.1,1.0,1.0,2,False,0.0,True,0.047684739291713074,617,2,2,-0.0012430149081966008,0.5089141004862237,0.9766612641815235,0:392;1:225,0:300;1:317,"{""0"": ""1"", ""1"": ""0""}",0.046307408852270276,0.1556527840613982,0.07987629914620475,0.4181812949779129
HydraulicSystems,4,forced_k2,DynVAR-Lasso Weighted Ridge,1.0,0.1,4.0,1.0,2,False,0.0,True,0.047684739291713074,617,2,2,-0.0012430149081966008,0.5089141004862237,0.9766612641815235,0:392;1:225,0:300;1:317,"{""0"": ""1"", ""1"": ""0""}",0.0463483159144035,0.1558904579322603,0.08002259323592992,0.4188418466816771
HydraulicSystems,4,forced_k2,STCG-v1 Weighted Ridge,1.0,0.1,4.0,1.0,2,False,0.0,True,0.047684739291713074,617,2,2,-0.0012430149081966008,0.5089141004862237,0.9766612641815235,0:392;1:225,0:300;1:317,"{""0"": ""1"", ""1"": ""0""}",0.04631059076553928,0.1560381290194446,0.08004236787244873,0.4193215059343456
HydraulicSystems,4,forced_k2,Dense Ridge,10.0,,,,2,False,0.0,True,0.047684739291713074,617,2,2,-0.0012430149081966008,0.5089141004862237,0.9766612641815235,0:392;1:225,0:300;1:317,"{""0"": ""1"", ""1"": ""0""}",0.046670590127118196,0.15612095111965393,0.08037952092401655,0.4194724308833568
HydraulicSystems,4,forced_k2,DynVAR-Lasso Weighted Ridge,10.0,0.01,1.0,1.0,2,False,0.0,True,0.047684739291713074,617,2,2,-0.0012430149081966008,0.5089141004862237,0.9766612641815235,0:392;1:225,0:300;1:317,"{""0"": ""1"", ""1"": ""0""}",0.04658715251629476,0.15639747883165817,0.08045510852876125,0.4203162275977674
HydraulicSystems,4,forced_k2,STCG-v1 Weighted Ridge,10.0,0.01,1.0,1.0,2,False,0.0,True,0.047684739291713074,617,2,2,-0.0012430149081966008,0.5089141004862237,0.9766612641815235,0:392;1:225,0:300;1:317,"{""0"": ""1"", ""1"": ""0""}",0.046409947062495086,0.1566895490602584,0.08050757426179476,0.42119520933994237
HydraulicSystems,4,forced_k2,DynVAR-Lasso Weighted Ridge,10.0,0.01,4.0,1.0,2,False,0.0,True,0.047684739291713074,617,2,2,-0.0012430149081966008,0.5089141004862237,0.9766612641815235,0:392;1:225,0:300;1:317,"{""0"": ""1"", ""1"": ""0""}",0.04620691668590297,0.15727285234930924,0.0808145435651507,0.4228838884219903
HydraulicSystems,4,forced_k2,STCG-v1 Weighted Ridge,10.0,0.01,4.0,1.0,2,False,0.0,True,0.047684739291713074,617,2,2,-0.0012430149081966008,0.5089141004862237,0.9766612641815235,0:392;1:225,0:300;1:317,"{""0"": ""1"", ""1"": ""0""}",0.04605493056380691,0.15772440691393005,0.08100941602013294,0.4239556266289086
HydraulicSystems,4,forced_k2,DynVAR-Lasso Weighted Ridge,10.0,0.1,1.0,1.0,2,False,0.0,True,0.047684739291713074,617,2,2,-0.0012430149081966008,0.5089141004862237,0.9766612641815235,0:392;1:225,0:300;1:317,"{""0"": ""1"", ""1"": ""0""}",0.04660194681566256,0.15636006459643953,0.08044381286297231,0.42020302462776243
HydraulicSystems,4,forced_k2,STCG-v1 Weighted Ridge,10.0,0.1,1.0,1.0,2,False,0.0,True,0.047684739291713074,617,2,2,-0.0012430149081966008,0.5089141004862237,0.9766612641815235,0:392;1:225,0:300;1:317,"{""0"": ""1"", ""1"": ""0""}",0.04647632752407183,0.1565665404239531,0.08046737593321518,0.4208388778495085
HydraulicSystems,4,forced_k2,DynVAR-Lasso Weighted Ridge,10.0,0.1,4.0,1.0,2,False,0.0,True,0.047684739291713074,617,2,2,-0.0012430149081966008,0.5089141004862237,0.9766612641815235,0:392;1:225,0:300;1:317,"{""0"": ""1"", ""1"": ""0""}",0.04643463854394903,0.15677109242069784,0.08059412166258888,0.42143100515579135
HydraulicSystems,4,forced_k2,STCG-v1 Weighted Ridge,10.0,0.1,4.0,1.0,2,False,0.0,True,0.047684739291713074,617,2,2,-0.0012430149081966008,0.5089141004862237,0.9766612641815235,0:392;1:225,0:300;1:317,"{""0"": ""1"", ""1"": ""0""}",0.046334204435173866,0.15686067660994424,0.08056880804110857,0.42166458225725423
HydraulicSystems,4,forced_k2,Dense Ridge,100.0,,,,2,False,0.0,True,0.047684739291713074,617,2,2,-0.0012430149081966008,0.5089141004862237,0.9766612641815235,0:392;1:225,0:300;1:317,"{""0"": ""1"", ""1"": ""0""}",0.04726797834190943,0.156980386286702,0.08144405078576797,0.4219199848790695
HydraulicSystems,4,forced_k2,DynVAR-Lasso Weighted Ridge,100.0,0.01,1.0,1.0,2,False,0.0,True,0.047684739291713074,617,2,2,-0.0012430149081966008,0.5089141004862237,0.9766612641815235,0:392;1:225,0:300;1:317,"{""0"": ""1"", ""1"": ""0""}",0.04704721147864152,0.15733125428747502,0.08153015605464198,0.42290278005860427
HydraulicSystems,4,forced_k2,STCG-v1 Weighted Ridge,100.0,0.01,1.0,1.0,2,False,0.0,True,0.047684739291713074,617,2,2,-0.0012430149081966008,0.5089141004862237,0.9766612641815235,0:392;1:225,0:300;1:317,"{""0"": ""1"", ""1"": ""0""}",0.04680576286900706,0.15772173902606168,0.08162068333054169,0.4237979909499608
HydraulicSystems,4,forced_k2,DynVAR-Lasso Weighted Ridge,100.0,0.01,4.0,1.0,2,False,0.0,True,0.047684739291713074,617,2,2,-0.0012430149081966008,0.5089141004862237,0.9766612641815235,0:392;1:225,0:300;1:317,"{""0"": ""1"", ""1"": ""0""}",0.04630606203404213,0.1580699413873624,0.08182273516528321,0.4247732266123706
HydraulicSystems,4,forced_k2,STCG-v1 Weighted Ridge,100.0,0.01,4.0,1.0,2,False,0.0,True,0.047684739291713074,617,2,2,-0.0012430149081966008,0.5089141004862237,0.9766612641815235,0:392;1:225,0:300;1:317,"{""0"": ""1"", ""1"": ""0""}",0.04560997342891604,0.15817446946714067,0.08190199674505612,0.42495073597565874
HydraulicSystems,4,forced_k2,DynVAR-Lasso Weighted Ridge,100.0,0.1,1.0,1.0,2,False,0.0,True,0.047684739291713074,617,2,2,-0.0012430149081966008,0.5089141004862237,0.9766612641815235,0:392;1:225,0:300;1:317,"{""0"": ""1"", ""1"": ""0""}",0.0470759319111906,0.1572743920113568,0.08151401548300558,0.42274593282350403
HydraulicSystems,4,forced_k2,STCG-v1 Weighted Ridge,100.0,0.1,1.0,1.0,2,False,0.0,True,0.047684739291713074,617,2,2,-0.0012430149081966008,0.5089141004862237,0.9766612641815235,0:392;1:225,0:300;1:317,"{""0"": ""1"", ""1"": ""0""}",0.04690317141155788,0.15755194561324548,0.08156781760197082,0.4234172850026581
HydraulicSystems,4,forced_k2,DynVAR-Lasso Weighted Ridge,100.0,0.1,4.0,1.0,2,False,0.0,True,0.047684739291713074,617,2,2,-0.0012430149081966008,0.5089141004862237,0.9766612641815235,0:392;1:225,0:300;1:317,"{""0"": ""1"", ""1"": ""0""}",0.04678289265751311,0.15778273478770255,0.08165677040965295,0.42413500873564997
HydraulicSystems,4,forced_k2,STCG-v1 Weighted Ridge,100.0,0.1,4.0,1.0,2,False,0.0,True,0.047684739291713074,617,2,2,-0.0012430149081966008,0.5089141004862237,0.9766612641815235,0:392;1:225,0:300;1:317,"{""0"": ""1"", ""1"": ""0""}",0.04670258940006952,0.15788670845697253,0.08164938979219247,0.4243147685868232
HydraulicSystems,4,auto_k3_min_0.00,Dense Ridge,1.0,,,,3,True,0.0,True,0.07052814573413409,617,2,3,0.056325630888120315,0.6888168557536467,0.9766612641815235,0:392;1:225,0:132;1:306;2:179,"{""1"": ""0"", ""2"": ""1""}",0.04644940013362614,0.1554111584263074,0.07982692614779191,0.4172899154690502
HydraulicSystems,4,auto_k3_min_0.00,DynVAR-Lasso Weighted Ridge,1.0,0.01,1.0,1.0,3,True,0.0,True,0.07052814573413409,617,2,3,0.056325630888120315,0.6888168557536467,0.9766612641815235,0:392;1:225,0:132;1:306;2:179,"{""1"": ""0"", ""2"": ""1""}",0.04638746701867529,0.1555619216154146,0.07988075323901575,0.4178030794883989
HydraulicSystems,4,auto_k3_min_0.00,STCG-v1 Weighted Ridge,1.0,0.01,1.0,1.0,3,True,0.0,True,0.07052814573413409,617,2,3,0.056325630888120315,0.6888168557536467,0.9766612641815235,0:392;1:225,0:132;1:306;2:179,"{""1"": ""0"", ""2"": ""1""}",0.046266794418283026,0.15568304172194303,0.07987317232458163,0.4183270198281597
HydraulicSystems,4,auto_k3_min_0.00,DynVAR-Lasso Weighted Ridge,1.0,0.01,4.0,1.0,3,True,0.0,True,0.07052814573413409,617,2,3,0.056325630888120315,0.6888168557536467,0.9766612641815235,0:392;1:225,0:132;1:306;2:179,"{""1"": ""0"", ""2"": ""1""}",0.04626145354482729,0.15626936727999047,0.08017131174708587,0.4200149064170081
HydraulicSystems,4,auto_k3_min_0.00,STCG-v1 Weighted Ridge,1.0,0.01,4.0,1.0,3,True,0.0,True,0.07052814573413409,617,2,3,0.056325630888120315,0.6888168557536467,0.9766612641815235,0:392;1:225,0:132;1:306;2:179,"{""1"": ""0"", ""2"": ""1""}",0.04614572353657148,0.15679776802141687,0.08034816014093066,0.42158553815339656
HydraulicSystems,4,auto_k3_min_0.00,DynVAR-Lasso Weighted Ridge,1.0,0.1,1.0,1.0,3,True,0.0,True,0.07052814573413409,617,2,3,0.056325630888120315,0.6888168557536467,0.9766612641815235,0:392;1:225,0:132;1:306;2:179,"{""1"": ""0"", ""2"": ""1""}",0.04639780512558248,0.15553755670423755,0.07987269987609921,0.4177202914303357
HydraulicSystems,4,auto_k3_min_0.00,STCG-v1 Weighted Ridge,1.0,0.1,1.0,1.0,3,True,0.0,True,0.07052814573413409,617,2,3,0.056325630888120315,0.6888168557536467,0.9766612641815235,0:392;1:225,0:132;1:306;2:179,"{""1"": ""0"", ""2"": ""1""}",0.04631057308629626,0.1556070906023797,0.07985953007064367,0.41804561203884616
HydraulicSystems,4,auto_k3_min_0.00,DynVAR-Lasso Weighted Ridge,1.0,0.1,4.0,1.0,3,True,0.0,True,0.07052814573413409,617,2,3,0.056325630888120315,0.6888168557536467,0.9766612641815235,0:392;1:225,0:132;1:306;2:179,"{""1"": ""0"", ""2"": ""1""}",0.0463483159144035,0.1558904579322603,0.08002259323592992,0.4188418466816771
HydraulicSystems,4,auto_k3_min_0.00,STCG-v1 Weighted Ridge,1.0,0.1,4.0,1.0,3,True,0.0,True,0.07052814573413409,617,2,3,0.056325630888120315,0.6888168557536467,0.9766612641815235,0:392;1:225,0:132;1:306;2:179,"{""1"": ""0"", ""2"": ""1""}",0.0462829406277242,0.15594912031142413,0.08000812174108883,0.4190581135490136
HydraulicSystems,4,auto_k3_min_0.00,Dense Ridge,10.0,,,,3,True,0.0,True,0.07052814573413409,617,2,3,0.056325630888120315,0.6888168557536467,0.9766612641815235,0:392;1:225,0:132;1:306;2:179,"{""1"": ""0"", ""2"": ""1""}",0.046670590127118196,0.15612095111965393,0.08037952092401655,0.4194724308833568
HydraulicSystems,4,auto_k3_min_0.00,DynVAR-Lasso Weighted Ridge,10.0,0.01,1.0,1.0,3,True,0.0,True,0.07052814573413409,617,2,3,0.056325630888120315,0.6888168557536467,0.9766612641815235,0:392;1:225,0:132;1:306;2:179,"{""1"": ""0"", ""2"": ""1""}",0.04658715251629476,0.15639747883165817,0.08045510852876125,0.4203162275977674
HydraulicSystems,4,auto_k3_min_0.00,STCG-v1 Weighted Ridge,10.0,0.01,1.0,1.0,3,True,0.0,True,0.07052814573413409,617,2,3,0.056325630888120315,0.6888168557536467,0.9766612641815235,0:392;1:225,0:132;1:306;2:179,"{""1"": ""0"", ""2"": ""1""}",0.04641646324936224,0.15665056842167963,0.08049711722288176,0.4210785104987772
HydraulicSystems,4,auto_k3_min_0.00,DynVAR-Lasso Weighted Ridge,10.0,0.01,4.0,1.0,3,True,0.0,True,0.07052814573413409,617,2,3,0.056325630888120315,0.6888168557536467,0.9766612641815235,0:392;1:225,0:132;1:306;2:179,"{""1"": ""0"", ""2"": ""1""}",0.04620691668590297,0.15727285234930924,0.0808145435651507,0.4228838884219903
HydraulicSystems,4,auto_k3_min_0.00,STCG-v1 Weighted Ridge,10.0,0.01,4.0,1.0,3,True,0.0,True,0.07052814573413409,617,2,3,0.056325630888120315,0.6888168557536467,0.9766612641815235,0:392;1:225,0:132;1:306;2:179,"{""1"": ""0"", ""2"": ""1""}",0.04619703508290792,0.15772094384314334,0.08101062918014192,0.42394846194235736
HydraulicSystems,4,auto_k3_min_0.00,DynVAR-Lasso Weighted Ridge,10.0,0.1,1.0,1.0,3,True,0.0,True,0.07052814573413409,617,2,3,0.056325630888120315,0.6888168557536467,0.9766612641815235,0:392;1:225,0:132;1:306;2:179,"{""1"": ""0"", ""2"": ""1""}",0.04660194681566256,0.15636006459643953,0.08044381286297231,0.42020302462776243
HydraulicSystems,4,auto_k3_min_0.00,STCG-v1 Weighted Ridge,10.0,0.1,1.0,1.0,3,True,0.0,True,0.07052814573413409,617,2,3,0.056325630888120315,0.6888168557536467,0.9766612641815235,0:392;1:225,0:132;1:306;2:179,"{""1"": ""0"", ""2"": ""1""}",0.04647804510953947,0.15653620298775883,0.08045954104067485,0.4207486011925655
HydraulicSystems,4,auto_k3_min_0.00,DynVAR-Lasso Weighted Ridge,10.0,0.1,4.0,1.0,3,True,0.0,True,0.07052814573413409,617,2,3,0.056325630888120315,0.6888168557536467,0.9766612641815235,0:392;1:225,0:132;1:306;2:179,"{""1"": ""0"", ""2"": ""1""}",0.04643463854394903,0.15677109242069784,0.08059412166258888,0.42143100515579135
HydraulicSystems,4,auto_k3_min_0.00,STCG-v1 Weighted Ridge,10.0,0.1,4.0,1.0,3,True,0.0,True,0.07052814573413409,617,2,3,0.056325630888120315,0.6888168557536467,0.9766612641815235,0:392;1:225,0:132;1:306;2:179,"{""1"": ""0"", ""2"": ""1""}",0.046361178391149845,0.1568730472898398,0.08057541339964792,0.4217024039061123
HydraulicSystems,4,auto_k3_min_0.00,Dense Ridge,100.0,,,,3,True,0.0,True,0.07052814573413409,617,2,3,0.056325630888120315,0.6888168557536467,0.9766612641815235,0:392;1:225,0:132;1:306;2:179,"{""1"": ""0"", ""2"": ""1""}",0.04726797834190943,0.156980386286702,0.08144405078576797,0.4219199848790695
HydraulicSystems,4,auto_k3_min_0.00,DynVAR-Lasso Weighted Ridge,100.0,0.01,1.0,1.0,3,True,0.0,True,0.07052814573413409,617,2,3,0.056325630888120315,0.6888168557536467,0.9766612641815235,0:392;1:225,0:132;1:306;2:179,"{""1"": ""0"", ""2"": ""1""}",0.04704721147864152,0.15733125428747502,0.08153015605464198,0.42290278005860427
HydraulicSystems,4,auto_k3_min_0.00,STCG-v1 Weighted Ridge,100.0,0.01,1.0,1.0,3,True,0.0,True,0.07052814573413409,617,2,3,0.056325630888120315,0.6888168557536467,0.9766612641815235,0:392;1:225,0:132;1:306;2:179,"{""1"": ""0"", ""2"": ""1""}",0.04683602101329947,0.15769359115217452,0.0816073777913236,0.42371214518183153
HydraulicSystems,4,auto_k3_min_0.00,DynVAR-Lasso Weighted Ridge,100.0,0.01,4.0,1.0,3,True,0.0,True,0.07052814573413409,617,2,3,0.056325630888120315,0.6888168557536467,0.9766612641815235,0:392;1:225,0:132;1:306;2:179,"{""1"": ""0"", ""2"": ""1""}",0.04630606203404213,0.1580699413873624,0.08182273516528321,0.4247732266123706
HydraulicSystems,4,auto_k3_min_0.00,STCG-v1 Weighted Ridge,100.0,0.01,4.0,1.0,3,True,0.0,True,0.07052814573413409,617,2,3,0.056325630888120315,0.6888168557536467,0.9766612641815235,0:392;1:225,0:132;1:306;2:179,"{""1"": ""0"", ""2"": ""1""}",0.04582726593091833,0.15815838128067272,0.08189852061861637,0.42490631080440666
HydraulicSystems,4,auto_k3_min_0.00,DynVAR-Lasso Weighted Ridge,100.0,0.1,1.0,1.0,3,True,0.0,True,0.07052814573413409,617,2,3,0.056325630888120315,0.6888168557536467,0.9766612641815235,0:392;1:225,0:132;1:306;2:179,"{""1"": ""0"", ""2"": ""1""}",0.0470759319111906,0.1572743920113568,0.08151401548300558,0.42274593282350403
HydraulicSystems,4,auto_k3_min_0.00,STCG-v1 Weighted Ridge,100.0,0.1,1.0,1.0,3,True,0.0,True,0.07052814573413409,617,2,3,0.056325630888120315,0.6888168557536467,0.9766612641815235,0:392;1:225,0:132;1:306;2:179,"{""1"": ""0"", ""2"": ""1""}",0.046926430718453184,0.15753135729994175,0.0815604246837548,0.4233562870461303
HydraulicSystems,4,auto_k3_min_0.00,DynVAR-Lasso Weighted Ridge,100.0,0.1,4.0,1.0,3,True,0.0,True,0.07052814573413409,617,2,3,0.056325630888120315,0.6888168557536467,0.9766612641815235,0:392;1:225,0:132;1:306;2:179,"{""1"": ""0"", ""2"": ""1""}",0.04678289265751311,0.15778273478770255,0.08165677040965295,0.42413500873564997
HydraulicSystems,4,auto_k3_min_0.00,STCG-v1 Weighted Ridge,100.0,0.1,4.0,1.0,3,True,0.0,True,0.07052814573413409,617,2,3,0.056325630888120315,0.6888168557536467,0.9766612641815235,0:392;1:225,0:132;1:306;2:179,"{""1"": ""0"", ""2"": ""1""}",0.046776972426462615,0.15788401932520083,0.08163755292664866,0.4243119457553695
HydraulicSystems,4,auto_k3_min_0.08,Dense Ridge,1.0,,,,3,True,0.08,False,0.07052814573413409,617,2,1,0.0,0.6353322528363047,0.9766612641815235,0:392;1:225,0:617,"{""0"": ""0""}",0.04644940013362614,0.1554111584263074,0.07982692614779191,0.4172899154690502
HydraulicSystems,4,auto_k3_min_0.08,DynVAR-Lasso Weighted Ridge,1.0,0.01,1.0,1.0,3,True,0.08,False,0.07052814573413409,617,2,1,0.0,0.6353322528363047,0.9766612641815235,0:392;1:225,0:617,"{""0"": ""0""}",0.04638746701867529,0.1555619216154146,0.07988075323901575,0.4178030794883989
HydraulicSystems,4,auto_k3_min_0.08,STCG-v1 Weighted Ridge,1.0,0.01,1.0,1.0,3,True,0.08,False,0.07052814573413409,617,2,1,0.0,0.6353322528363047,0.9766612641815235,0:392;1:225,0:617,"{""0"": ""0""}",0.04638746701867529,0.1555619216154146,0.07988075323901575,0.4178030794883989
HydraulicSystems,4,auto_k3_min_0.08,DynVAR-Lasso Weighted Ridge,1.0,0.01,4.0,1.0,3,True,0.08,False,0.07052814573413409,617,2,1,0.0,0.6353322528363047,0.9766612641815235,0:392;1:225,0:617,"{""0"": ""0""}",0.04626145354482729,0.15626936727999047,0.08017131174708587,0.4200149064170081
HydraulicSystems,4,auto_k3_min_0.08,STCG-v1 Weighted Ridge,1.0,0.01,4.0,1.0,3,True,0.08,False,0.07052814573413409,617,2,1,0.0,0.6353322528363047,0.9766612641815235,0:392;1:225,0:617,"{""0"": ""0""}",0.04626145354482729,0.15626936727999047,0.08017131174708587,0.4200149064170081
HydraulicSystems,4,auto_k3_min_0.08,DynVAR-Lasso Weighted Ridge,1.0,0.1,1.0,1.0,3,True,0.08,False,0.07052814573413409,617,2,1,0.0,0.6353322528363047,0.9766612641815235,0:392;1:225,0:617,"{""0"": ""0""}",0.04639780512558248,0.15553755670423755,0.07987269987609921,0.4177202914303357
HydraulicSystems,4,auto_k3_min_0.08,STCG-v1 Weighted Ridge,1.0,0.1,1.0,1.0,3,True,0.08,False,0.07052814573413409,617,2,1,0.0,0.6353322528363047,0.9766612641815235,0:392;1:225,0:617,"{""0"": ""0""}",0.04639780512558248,0.15553755670423755,0.07987269987609921,0.4177202914303357
HydraulicSystems,4,auto_k3_min_0.08,DynVAR-Lasso Weighted Ridge,1.0,0.1,4.0,1.0,3,True,0.08,False,0.07052814573413409,617,2,1,0.0,0.6353322528363047,0.9766612641815235,0:392;1:225,0:617,"{""0"": ""0""}",0.0463483159144035,0.1558904579322603,0.08002259323592992,0.4188418466816771
HydraulicSystems,4,auto_k3_min_0.08,STCG-v1 Weighted Ridge,1.0,0.1,4.0,1.0,3,True,0.08,False,0.07052814573413409,617,2,1,0.0,0.6353322528363047,0.9766612641815235,0:392;1:225,0:617,"{""0"": ""0""}",0.0463483159144035,0.1558904579322603,0.08002259323592992,0.4188418466816771
HydraulicSystems,4,auto_k3_min_0.08,Dense Ridge,10.0,,,,3,True,0.08,False,0.07052814573413409,617,2,1,0.0,0.6353322528363047,0.9766612641815235,0:392;1:225,0:617,"{""0"": ""0""}",0.046670590127118196,0.15612095111965393,0.08037952092401655,0.4194724308833568
HydraulicSystems,4,auto_k3_min_0.08,DynVAR-Lasso Weighted Ridge,10.0,0.01,1.0,1.0,3,True,0.08,False,0.07052814573413409,617,2,1,0.0,0.6353322528363047,0.9766612641815235,0:392;1:225,0:617,"{""0"": ""0""}",0.04658715251629476,0.15639747883165817,0.08045510852876125,0.4203162275977674
HydraulicSystems,4,auto_k3_min_0.08,STCG-v1 Weighted Ridge,10.0,0.01,1.0,1.0,3,True,0.08,False,0.07052814573413409,617,2,1,0.0,0.6353322528363047,0.9766612641815235,0:392;1:225,0:617,"{""0"": ""0""}",0.04658715251629476,0.15639747883165817,0.08045510852876125,0.4203162275977674
HydraulicSystems,4,auto_k3_min_0.08,DynVAR-Lasso Weighted Ridge,10.0,0.01,4.0,1.0,3,True,0.08,False,0.07052814573413409,617,2,1,0.0,0.6353322528363047,0.9766612641815235,0:392;1:225,0:617,"{""0"": ""0""}",0.04620691668590297,0.15727285234930924,0.0808145435651507,0.4228838884219903
HydraulicSystems,4,auto_k3_min_0.08,STCG-v1 Weighted Ridge,10.0,0.01,4.0,1.0,3,True,0.08,False,0.07052814573413409,617,2,1,0.0,0.6353322528363047,0.9766612641815235,0:392;1:225,0:617,"{""0"": ""0""}",0.04620691668590297,0.15727285234930924,0.0808145435651507,0.4228838884219903
HydraulicSystems,4,auto_k3_min_0.08,DynVAR-Lasso Weighted Ridge,10.0,0.1,1.0,1.0,3,True,0.08,False,0.07052814573413409,617,2,1,0.0,0.6353322528363047,0.9766612641815235,0:392;1:225,0:617,"{""0"": ""0""}",0.04660194681566256,0.15636006459643953,0.08044381286297231,0.42020302462776243
HydraulicSystems,4,auto_k3_min_0.08,STCG-v1 Weighted Ridge,10.0,0.1,1.0,1.0,3,True,0.08,False,0.07052814573413409,617,2,1,0.0,0.6353322528363047,0.9766612641815235,0:392;1:225,0:617,"{""0"": ""0""}",0.04660194681566256,0.15636006459643953,0.08044381286297231,0.42020302462776243
HydraulicSystems,4,auto_k3_min_0.08,DynVAR-Lasso Weighted Ridge,10.0,0.1,4.0,1.0,3,True,0.08,False,0.07052814573413409,617,2,1,0.0,0.6353322528363047,0.9766612641815235,0:392;1:225,0:617,"{""0"": ""0""}",0.04643463854394903,0.15677109242069784,0.08059412166258888,0.42143100515579135
HydraulicSystems,4,auto_k3_min_0.08,STCG-v1 Weighted Ridge,10.0,0.1,4.0,1.0,3,True,0.08,False,0.07052814573413409,617,2,1,0.0,0.6353322528363047,0.9766612641815235,0:392;1:225,0:617,"{""0"": ""0""}",0.04643463854394903,0.15677109242069784,0.08059412166258888,0.42143100515579135
HydraulicSystems,4,auto_k3_min_0.08,Dense Ridge,100.0,,,,3,True,0.08,False,0.07052814573413409,617,2,1,0.0,0.6353322528363047,0.9766612641815235,0:392;1:225,0:617,"{""0"": ""0""}",0.04726797834190943,0.156980386286702,0.08144405078576797,0.4219199848790695
HydraulicSystems,4,auto_k3_min_0.08,DynVAR-Lasso Weighted Ridge,100.0,0.01,1.0,1.0,3,True,0.08,False,0.07052814573413409,617,2,1,0.0,0.6353322528363047,0.9766612641815235,0:392;1:225,0:617,"{""0"": ""0""}",0.04704721147864152,0.15733125428747502,0.08153015605464198,0.42290278005860427
HydraulicSystems,4,auto_k3_min_0.08,STCG-v1 Weighted Ridge,100.0,0.01,1.0,1.0,3,True,0.08,False,0.07052814573413409,617,2,1,0.0,0.6353322528363047,0.9766612641815235,0:392;1:225,0:617,"{""0"": ""0""}",0.04704721147864152,0.15733125428747502,0.08153015605464198,0.42290278005860427
HydraulicSystems,4,auto_k3_min_0.08,DynVAR-Lasso Weighted Ridge,100.0,0.01,4.0,1.0,3,True,0.08,False,0.07052814573413409,617,2,1,0.0,0.6353322528363047,0.9766612641815235,0:392;1:225,0:617,"{""0"": ""0""}",0.04630606203404213,0.1580699413873624,0.08182273516528321,0.4247732266123706
HydraulicSystems,4,auto_k3_min_0.08,STCG-v1 Weighted Ridge,100.0,0.01,4.0,1.0,3,True,0.08,False,0.07052814573413409,617,2,1,0.0,0.6353322528363047,0.9766612641815235,0:392;1:225,0:617,"{""0"": ""0""}",0.04630606203404213,0.1580699413873624,0.08182273516528321,0.4247732266123706
HydraulicSystems,4,auto_k3_min_0.08,DynVAR-Lasso Weighted Ridge,100.0,0.1,1.0,1.0,3,True,0.08,False,0.07052814573413409,617,2,1,0.0,0.6353322528363047,0.9766612641815235,0:392;1:225,0:617,"{""0"": ""0""}",0.0470759319111906,0.1572743920113568,0.08151401548300558,0.42274593282350403
HydraulicSystems,4,auto_k3_min_0.08,STCG-v1 Weighted Ridge,100.0,0.1,1.0,1.0,3,True,0.08,False,0.07052814573413409,617,2,1,0.0,0.6353322528363047,0.9766612641815235,0:392;1:225,0:617,"{""0"": ""0""}",0.0470759319111906,0.1572743920113568,0.08151401548300558,0.42274593282350403
HydraulicSystems,4,auto_k3_min_0.08,DynVAR-Lasso Weighted Ridge,100.0,0.1,4.0,1.0,3,True,0.08,False,0.07052814573413409,617,2,1,0.0,0.6353322528363047,0.9766612641815235,0:392;1:225,0:617,"{""0"": ""0""}",0.04678289265751311,0.15778273478770255,0.08165677040965295,0.42413500873564997
HydraulicSystems,4,auto_k3_min_0.08,STCG-v1 Weighted Ridge,100.0,0.1,4.0,1.0,3,True,0.08,False,0.07052814573413409,617,2,1,0.0,0.6353322528363047,0.9766612641815235,0:392;1:225,0:617,"{""0"": ""0""}",0.04678289265751311,0.15778273478770255,0.08165677040965295,0.42413500873564997
HydraulicSystems,4,auto_k3_min_0.12,Dense Ridge,1.0,,,,3,True,0.12,False,0.07052814573413409,617,2,1,0.0,0.6353322528363047,0.9766612641815235,0:392;1:225,0:617,"{""0"": ""0""}",0.04644940013362614,0.1554111584263074,0.07982692614779191,0.4172899154690502
HydraulicSystems,4,auto_k3_min_0.12,DynVAR-Lasso Weighted Ridge,1.0,0.01,1.0,1.0,3,True,0.12,False,0.07052814573413409,617,2,1,0.0,0.6353322528363047,0.9766612641815235,0:392;1:225,0:617,"{""0"": ""0""}",0.04638746701867529,0.1555619216154146,0.07988075323901575,0.4178030794883989
HydraulicSystems,4,auto_k3_min_0.12,STCG-v1 Weighted Ridge,1.0,0.01,1.0,1.0,3,True,0.12,False,0.07052814573413409,617,2,1,0.0,0.6353322528363047,0.9766612641815235,0:392;1:225,0:617,"{""0"": ""0""}",0.04638746701867529,0.1555619216154146,0.07988075323901575,0.4178030794883989
HydraulicSystems,4,auto_k3_min_0.12,DynVAR-Lasso Weighted Ridge,1.0,0.01,4.0,1.0,3,True,0.12,False,0.07052814573413409,617,2,1,0.0,0.6353322528363047,0.9766612641815235,0:392;1:225,0:617,"{""0"": ""0""}",0.04626145354482729,0.15626936727999047,0.08017131174708587,0.4200149064170081
HydraulicSystems,4,auto_k3_min_0.12,STCG-v1 Weighted Ridge,1.0,0.01,4.0,1.0,3,True,0.12,False,0.07052814573413409,617,2,1,0.0,0.6353322528363047,0.9766612641815235,0:392;1:225,0:617,"{""0"": ""0""}",0.04626145354482729,0.15626936727999047,0.08017131174708587,0.4200149064170081
HydraulicSystems,4,auto_k3_min_0.12,DynVAR-Lasso Weighted Ridge,1.0,0.1,1.0,1.0,3,True,0.12,False,0.07052814573413409,617,2,1,0.0,0.6353322528363047,0.9766612641815235,0:392;1:225,0:617,"{""0"": ""0""}",0.04639780512558248,0.15553755670423755,0.07987269987609921,0.4177202914303357
HydraulicSystems,4,auto_k3_min_0.12,STCG-v1 Weighted Ridge,1.0,0.1,1.0,1.0,3,True,0.12,False,0.07052814573413409,617,2,1,0.0,0.6353322528363047,0.9766612641815235,0:392;1:225,0:617,"{""0"": ""0""}",0.04639780512558248,0.15553755670423755,0.07987269987609921,0.4177202914303357
HydraulicSystems,4,auto_k3_min_0.12,DynVAR-Lasso Weighted Ridge,1.0,0.1,4.0,1.0,3,True,0.12,False,0.07052814573413409,617,2,1,0.0,0.6353322528363047,0.9766612641815235,0:392;1:225,0:617,"{""0"": ""0""}",0.0463483159144035,0.1558904579322603,0.08002259323592992,0.4188418466816771
HydraulicSystems,4,auto_k3_min_0.12,STCG-v1 Weighted Ridge,1.0,0.1,4.0,1.0,3,True,0.12,False,0.07052814573413409,617,2,1,0.0,0.6353322528363047,0.9766612641815235,0:392;1:225,0:617,"{""0"": ""0""}",0.0463483159144035,0.1558904579322603,0.08002259323592992,0.4188418466816771
HydraulicSystems,4,auto_k3_min_0.12,Dense Ridge,10.0,,,,3,True,0.12,False,0.07052814573413409,617,2,1,0.0,0.6353322528363047,0.9766612641815235,0:392;1:225,0:617,"{""0"": ""0""}",0.046670590127118196,0.15612095111965393,0.08037952092401655,0.4194724308833568
HydraulicSystems,4,auto_k3_min_0.12,DynVAR-Lasso Weighted Ridge,10.0,0.01,1.0,1.0,3,True,0.12,False,0.07052814573413409,617,2,1,0.0,0.6353322528363047,0.9766612641815235,0:392;1:225,0:617,"{""0"": ""0""}",0.04658715251629476,0.15639747883165817,0.08045510852876125,0.4203162275977674
HydraulicSystems,4,auto_k3_min_0.12,STCG-v1 Weighted Ridge,10.0,0.01,1.0,1.0,3,True,0.12,False,0.07052814573413409,617,2,1,0.0,0.6353322528363047,0.9766612641815235,0:392;1:225,0:617,"{""0"": ""0""}",0.04658715251629476,0.15639747883165817,0.08045510852876125,0.4203162275977674
HydraulicSystems,4,auto_k3_min_0.12,DynVAR-Lasso Weighted Ridge,10.0,0.01,4.0,1.0,3,True,0.12,False,0.07052814573413409,617,2,1,0.0,0.6353322528363047,0.9766612641815235,0:392;1:225,0:617,"{""0"": ""0""}",0.04620691668590297,0.15727285234930924,0.0808145435651507,0.4228838884219903
HydraulicSystems,4,auto_k3_min_0.12,STCG-v1 Weighted Ridge,10.0,0.01,4.0,1.0,3,True,0.12,False,0.07052814573413409,617,2,1,0.0,0.6353322528363047,0.9766612641815235,0:392;1:225,0:617,"{""0"": ""0""}",0.04620691668590297,0.15727285234930924,0.0808145435651507,0.4228838884219903
HydraulicSystems,4,auto_k3_min_0.12,DynVAR-Lasso Weighted Ridge,10.0,0.1,1.0,1.0,3,True,0.12,False,0.07052814573413409,617,2,1,0.0,0.6353322528363047,0.9766612641815235,0:392;1:225,0:617,"{""0"": ""0""}",0.04660194681566256,0.15636006459643953,0.08044381286297231,0.42020302462776243
HydraulicSystems,4,auto_k3_min_0.12,STCG-v1 Weighted Ridge,10.0,0.1,1.0,1.0,3,True,0.12,False,0.07052814573413409,617,2,1,0.0,0.6353322528363047,0.9766612641815235,0:392;1:225,0:617,"{""0"": ""0""}",0.04660194681566256,0.15636006459643953,0.08044381286297231,0.42020302462776243
HydraulicSystems,4,auto_k3_min_0.12,DynVAR-Lasso Weighted Ridge,10.0,0.1,4.0,1.0,3,True,0.12,False,0.07052814573413409,617,2,1,0.0,0.6353322528363047,0.9766612641815235,0:392;1:225,0:617,"{""0"": ""0""}",0.04643463854394903,0.15677109242069784,0.08059412166258888,0.42143100515579135
HydraulicSystems,4,auto_k3_min_0.12,STCG-v1 Weighted Ridge,10.0,0.1,4.0,1.0,3,True,0.12,False,0.07052814573413409,617,2,1,0.0,0.6353322528363047,0.9766612641815235,0:392;1:225,0:617,"{""0"": ""0""}",0.04643463854394903,0.15677109242069784,0.08059412166258888,0.42143100515579135
HydraulicSystems,4,auto_k3_min_0.12,Dense Ridge,100.0,,,,3,True,0.12,False,0.07052814573413409,617,2,1,0.0,0.6353322528363047,0.9766612641815235,0:392;1:225,0:617,"{""0"": ""0""}",0.04726797834190943,0.156980386286702,0.08144405078576797,0.4219199848790695
HydraulicSystems,4,auto_k3_min_0.12,DynVAR-Lasso Weighted Ridge,100.0,0.01,1.0,1.0,3,True,0.12,False,0.07052814573413409,617,2,1,0.0,0.6353322528363047,0.9766612641815235,0:392;1:225,0:617,"{""0"": ""0""}",0.04704721147864152,0.15733125428747502,0.08153015605464198,0.42290278005860427
HydraulicSystems,4,auto_k3_min_0.12,STCG-v1 Weighted Ridge,100.0,0.01,1.0,1.0,3,True,0.12,False,0.07052814573413409,617,2,1,0.0,0.6353322528363047,0.9766612641815235,0:392;1:225,0:617,"{""0"": ""0""}",0.04704721147864152,0.15733125428747502,0.08153015605464198,0.42290278005860427
HydraulicSystems,4,auto_k3_min_0.12,DynVAR-Lasso Weighted Ridge,100.0,0.01,4.0,1.0,3,True,0.12,False,0.07052814573413409,617,2,1,0.0,0.6353322528363047,0.9766612641815235,0:392;1:225,0:617,"{""0"": ""0""}",0.04630606203404213,0.1580699413873624,0.08182273516528321,0.4247732266123706
HydraulicSystems,4,auto_k3_min_0.12,STCG-v1 Weighted Ridge,100.0,0.01,4.0,1.0,3,True,0.12,False,0.07052814573413409,617,2,1,0.0,0.6353322528363047,0.9766612641815235,0:392;1:225,0:617,"{""0"": ""0""}",0.04630606203404213,0.1580699413873624,0.08182273516528321,0.4247732266123706
HydraulicSystems,4,auto_k3_min_0.12,DynVAR-Lasso Weighted Ridge,100.0,0.1,1.0,1.0,3,True,0.12,False,0.07052814573413409,617,2,1,0.0,0.6353322528363047,0.9766612641815235,0:392;1:225,0:617,"{""0"": ""0""}",0.0470759319111906,0.1572743920113568,0.08151401548300558,0.42274593282350403
HydraulicSystems,4,auto_k3_min_0.12,STCG-v1 Weighted Ridge,100.0,0.1,1.0,1.0,3,True,0.12,False,0.07052814573413409,617,2,1,0.0,0.6353322528363047,0.9766612641815235,0:392;1:225,0:617,"{""0"": ""0""}",0.0470759319111906,0.1572743920113568,0.08151401548300558,0.42274593282350403
HydraulicSystems,4,auto_k3_min_0.12,DynVAR-Lasso Weighted Ridge,100.0,0.1,4.0,1.0,3,True,0.12,False,0.07052814573413409,617,2,1,0.0,0.6353322528363047,0.9766612641815235,0:392;1:225,0:617,"{""0"": ""0""}",0.04678289265751311,0.15778273478770255,0.08165677040965295,0.42413500873564997
HydraulicSystems,4,auto_k3_min_0.12,STCG-v1 Weighted Ridge,100.0,0.1,4.0,1.0,3,True,0.12,False,0.07052814573413409,617,2,1,0.0,0.6353322528363047,0.9766612641815235,0:392;1:225,0:617,"{""0"": ""0""}",0.04678289265751311,0.15778273478770255,0.08165677040965295,0.42413500873564997
HydraulicSystems,4,auto_k3_min_0.16,Dense Ridge,1.0,,,,3,True,0.16,False,0.07052814573413409,617,2,1,0.0,0.6353322528363047,0.9766612641815235,0:392;1:225,0:617,"{""0"": ""0""}",0.04644940013362614,0.1554111584263074,0.07982692614779191,0.4172899154690502
HydraulicSystems,4,auto_k3_min_0.16,DynVAR-Lasso Weighted Ridge,1.0,0.01,1.0,1.0,3,True,0.16,False,0.07052814573413409,617,2,1,0.0,0.6353322528363047,0.9766612641815235,0:392;1:225,0:617,"{""0"": ""0""}",0.04638746701867529,0.1555619216154146,0.07988075323901575,0.4178030794883989
HydraulicSystems,4,auto_k3_min_0.16,STCG-v1 Weighted Ridge,1.0,0.01,1.0,1.0,3,True,0.16,False,0.07052814573413409,617,2,1,0.0,0.6353322528363047,0.9766612641815235,0:392;1:225,0:617,"{""0"": ""0""}",0.04638746701867529,0.1555619216154146,0.07988075323901575,0.4178030794883989
HydraulicSystems,4,auto_k3_min_0.16,DynVAR-Lasso Weighted Ridge,1.0,0.01,4.0,1.0,3,True,0.16,False,0.07052814573413409,617,2,1,0.0,0.6353322528363047,0.9766612641815235,0:392;1:225,0:617,"{""0"": ""0""}",0.04626145354482729,0.15626936727999047,0.08017131174708587,0.4200149064170081
HydraulicSystems,4,auto_k3_min_0.16,STCG-v1 Weighted Ridge,1.0,0.01,4.0,1.0,3,True,0.16,False,0.07052814573413409,617,2,1,0.0,0.6353322528363047,0.9766612641815235,0:392;1:225,0:617,"{""0"": ""0""}",0.04626145354482729,0.15626936727999047,0.08017131174708587,0.4200149064170081
HydraulicSystems,4,auto_k3_min_0.16,DynVAR-Lasso Weighted Ridge,1.0,0.1,1.0,1.0,3,True,0.16,False,0.07052814573413409,617,2,1,0.0,0.6353322528363047,0.9766612641815235,0:392;1:225,0:617,"{""0"": ""0""}",0.04639780512558248,0.15553755670423755,0.07987269987609921,0.4177202914303357
HydraulicSystems,4,auto_k3_min_0.16,STCG-v1 Weighted Ridge,1.0,0.1,1.0,1.0,3,True,0.16,False,0.07052814573413409,617,2,1,0.0,0.6353322528363047,0.9766612641815235,0:392;1:225,0:617,"{""0"": ""0""}",0.04639780512558248,0.15553755670423755,0.07987269987609921,0.4177202914303357
HydraulicSystems,4,auto_k3_min_0.16,DynVAR-Lasso Weighted Ridge,1.0,0.1,4.0,1.0,3,True,0.16,False,0.07052814573413409,617,2,1,0.0,0.6353322528363047,0.9766612641815235,0:392;1:225,0:617,"{""0"": ""0""}",0.0463483159144035,0.1558904579322603,0.08002259323592992,0.4188418466816771
HydraulicSystems,4,auto_k3_min_0.16,STCG-v1 Weighted Ridge,1.0,0.1,4.0,1.0,3,True,0.16,False,0.07052814573413409,617,2,1,0.0,0.6353322528363047,0.9766612641815235,0:392;1:225,0:617,"{""0"": ""0""}",0.0463483159144035,0.1558904579322603,0.08002259323592992,0.4188418466816771
HydraulicSystems,4,auto_k3_min_0.16,Dense Ridge,10.0,,,,3,True,0.16,False,0.07052814573413409,617,2,1,0.0,0.6353322528363047,0.9766612641815235,0:392;1:225,0:617,"{""0"": ""0""}",0.046670590127118196,0.15612095111965393,0.08037952092401655,0.4194724308833568
HydraulicSystems,4,auto_k3_min_0.16,DynVAR-Lasso Weighted Ridge,10.0,0.01,1.0,1.0,3,True,0.16,False,0.07052814573413409,617,2,1,0.0,0.6353322528363047,0.9766612641815235,0:392;1:225,0:617,"{""0"": ""0""}",0.04658715251629476,0.15639747883165817,0.08045510852876125,0.4203162275977674
HydraulicSystems,4,auto_k3_min_0.16,STCG-v1 Weighted Ridge,10.0,0.01,1.0,1.0,3,True,0.16,False,0.07052814573413409,617,2,1,0.0,0.6353322528363047,0.9766612641815235,0:392;1:225,0:617,"{""0"": ""0""}",0.04658715251629476,0.15639747883165817,0.08045510852876125,0.4203162275977674
HydraulicSystems,4,auto_k3_min_0.16,DynVAR-Lasso Weighted Ridge,10.0,0.01,4.0,1.0,3,True,0.16,False,0.07052814573413409,617,2,1,0.0,0.6353322528363047,0.9766612641815235,0:392;1:225,0:617,"{""0"": ""0""}",0.04620691668590297,0.15727285234930924,0.0808145435651507,0.4228838884219903
HydraulicSystems,4,auto_k3_min_0.16,STCG-v1 Weighted Ridge,10.0,0.01,4.0,1.0,3,True,0.16,False,0.07052814573413409,617,2,1,0.0,0.6353322528363047,0.9766612641815235,0:392;1:225,0:617,"{""0"": ""0""}",0.04620691668590297,0.15727285234930924,0.0808145435651507,0.4228838884219903
HydraulicSystems,4,auto_k3_min_0.16,DynVAR-Lasso Weighted Ridge,10.0,0.1,1.0,1.0,3,True,0.16,False,0.07052814573413409,617,2,1,0.0,0.6353322528363047,0.9766612641815235,0:392;1:225,0:617,"{""0"": ""0""}",0.04660194681566256,0.15636006459643953,0.08044381286297231,0.42020302462776243
HydraulicSystems,4,auto_k3_min_0.16,STCG-v1 Weighted Ridge,10.0,0.1,1.0,1.0,3,True,0.16,False,0.07052814573413409,617,2,1,0.0,0.6353322528363047,0.9766612641815235,0:392;1:225,0:617,"{""0"": ""0""}",0.04660194681566256,0.15636006459643953,0.08044381286297231,0.42020302462776243
HydraulicSystems,4,auto_k3_min_0.16,DynVAR-Lasso Weighted Ridge,10.0,0.1,4.0,1.0,3,True,0.16,False,0.07052814573413409,617,2,1,0.0,0.6353322528363047,0.9766612641815235,0:392;1:225,0:617,"{""0"": ""0""}",0.04643463854394903,0.15677109242069784,0.08059412166258888,0.42143100515579135
HydraulicSystems,4,auto_k3_min_0.16,STCG-v1 Weighted Ridge,10.0,0.1,4.0,1.0,3,True,0.16,False,0.07052814573413409,617,2,1,0.0,0.6353322528363047,0.9766612641815235,0:392;1:225,0:617,"{""0"": ""0""}",0.04643463854394903,0.15677109242069784,0.08059412166258888,0.42143100515579135
HydraulicSystems,4,auto_k3_min_0.16,Dense Ridge,100.0,,,,3,True,0.16,False,0.07052814573413409,617,2,1,0.0,0.6353322528363047,0.9766612641815235,0:392;1:225,0:617,"{""0"": ""0""}",0.04726797834190943,0.156980386286702,0.08144405078576797,0.4219199848790695
HydraulicSystems,4,auto_k3_min_0.16,DynVAR-Lasso Weighted Ridge,100.0,0.01,1.0,1.0,3,True,0.16,False,0.07052814573413409,617,2,1,0.0,0.6353322528363047,0.9766612641815235,0:392;1:225,0:617,"{""0"": ""0""}",0.04704721147864152,0.15733125428747502,0.08153015605464198,0.42290278005860427
HydraulicSystems,4,auto_k3_min_0.16,STCG-v1 Weighted Ridge,100.0,0.01,1.0,1.0,3,True,0.16,False,0.07052814573413409,617,2,1,0.0,0.6353322528363047,0.9766612641815235,0:392;1:225,0:617,"{""0"": ""0""}",0.04704721147864152,0.15733125428747502,0.08153015605464198,0.42290278005860427
HydraulicSystems,4,auto_k3_min_0.16,DynVAR-Lasso Weighted Ridge,100.0,0.01,4.0,1.0,3,True,0.16,False,0.07052814573413409,617,2,1,0.0,0.6353322528363047,0.9766612641815235,0:392;1:225,0:617,"{""0"": ""0""}",0.04630606203404213,0.1580699413873624,0.08182273516528321,0.4247732266123706
HydraulicSystems,4,auto_k3_min_0.16,STCG-v1 Weighted Ridge,100.0,0.01,4.0,1.0,3,True,0.16,False,0.07052814573413409,617,2,1,0.0,0.6353322528363047,0.9766612641815235,0:392;1:225,0:617,"{""0"": ""0""}",0.04630606203404213,0.1580699413873624,0.08182273516528321,0.4247732266123706
HydraulicSystems,4,auto_k3_min_0.16,DynVAR-Lasso Weighted Ridge,100.0,0.1,1.0,1.0,3,True,0.16,False,0.07052814573413409,617,2,1,0.0,0.6353322528363047,0.9766612641815235,0:392;1:225,0:617,"{""0"": ""0""}",0.0470759319111906,0.1572743920113568,0.08151401548300558,0.42274593282350403
HydraulicSystems,4,auto_k3_min_0.16,STCG-v1 Weighted Ridge,100.0,0.1,1.0,1.0,3,True,0.16,False,0.07052814573413409,617,2,1,0.0,0.6353322528363047,0.9766612641815235,0:392;1:225,0:617,"{""0"": ""0""}",0.0470759319111906,0.1572743920113568,0.08151401548300558,0.42274593282350403
HydraulicSystems,4,auto_k3_min_0.16,DynVAR-Lasso Weighted Ridge,100.0,0.1,4.0,1.0,3,True,0.16,False,0.07052814573413409,617,2,1,0.0,0.6353322528363047,0.9766612641815235,0:392;1:225,0:617,"{""0"": ""0""}",0.04678289265751311,0.15778273478770255,0.08165677040965295,0.42413500873564997
HydraulicSystems,4,auto_k3_min_0.16,STCG-v1 Weighted Ridge,100.0,0.1,4.0,1.0,3,True,0.16,False,0.07052814573413409,617,2,1,0.0,0.6353322528363047,0.9766612641815235,0:392;1:225,0:617,"{""0"": ""0""}",0.04678289265751311,0.15778273478770255,0.08165677040965295,0.42413500873564997
HydraulicSystems,4,forced_k3,Dense Ridge,1.0,,,,3,False,0.0,True,0.07052814573413409,617,2,3,0.056325630888120315,0.6888168557536467,0.9766612641815235,0:392;1:225,0:132;1:306;2:179,"{""1"": ""0"", ""2"": ""1""}",0.04644940013362614,0.1554111584263074,0.07982692614779191,0.4172899154690502
HydraulicSystems,4,forced_k3,DynVAR-Lasso Weighted Ridge,1.0,0.01,1.0,1.0,3,False,0.0,True,0.07052814573413409,617,2,3,0.056325630888120315,0.6888168557536467,0.9766612641815235,0:392;1:225,0:132;1:306;2:179,"{""1"": ""0"", ""2"": ""1""}",0.04638746701867529,0.1555619216154146,0.07988075323901575,0.4178030794883989
HydraulicSystems,4,forced_k3,STCG-v1 Weighted Ridge,1.0,0.01,1.0,1.0,3,False,0.0,True,0.07052814573413409,617,2,3,0.056325630888120315,0.6888168557536467,0.9766612641815235,0:392;1:225,0:132;1:306;2:179,"{""1"": ""0"", ""2"": ""1""}",0.046266794418283026,0.15568304172194303,0.07987317232458163,0.4183270198281597
HydraulicSystems,4,forced_k3,DynVAR-Lasso Weighted Ridge,1.0,0.01,4.0,1.0,3,False,0.0,True,0.07052814573413409,617,2,3,0.056325630888120315,0.6888168557536467,0.9766612641815235,0:392;1:225,0:132;1:306;2:179,"{""1"": ""0"", ""2"": ""1""}",0.04626145354482729,0.15626936727999047,0.08017131174708587,0.4200149064170081
HydraulicSystems,4,forced_k3,STCG-v1 Weighted Ridge,1.0,0.01,4.0,1.0,3,False,0.0,True,0.07052814573413409,617,2,3,0.056325630888120315,0.6888168557536467,0.9766612641815235,0:392;1:225,0:132;1:306;2:179,"{""1"": ""0"", ""2"": ""1""}",0.04614572353657148,0.15679776802141687,0.08034816014093066,0.42158553815339656
HydraulicSystems,4,forced_k3,DynVAR-Lasso Weighted Ridge,1.0,0.1,1.0,1.0,3,False,0.0,True,0.07052814573413409,617,2,3,0.056325630888120315,0.6888168557536467,0.9766612641815235,0:392;1:225,0:132;1:306;2:179,"{""1"": ""0"", ""2"": ""1""}",0.04639780512558248,0.15553755670423755,0.07987269987609921,0.4177202914303357
HydraulicSystems,4,forced_k3,STCG-v1 Weighted Ridge,1.0,0.1,1.0,1.0,3,False,0.0,True,0.07052814573413409,617,2,3,0.056325630888120315,0.6888168557536467,0.9766612641815235,0:392;1:225,0:132;1:306;2:179,"{""1"": ""0"", ""2"": ""1""}",0.04631057308629626,0.1556070906023797,0.07985953007064367,0.41804561203884616
HydraulicSystems,4,forced_k3,DynVAR-Lasso Weighted Ridge,1.0,0.1,4.0,1.0,3,False,0.0,True,0.07052814573413409,617,2,3,0.056325630888120315,0.6888168557536467,0.9766612641815235,0:392;1:225,0:132;1:306;2:179,"{""1"": ""0"", ""2"": ""1""}",0.0463483159144035,0.1558904579322603,0.08002259323592992,0.4188418466816771
HydraulicSystems,4,forced_k3,STCG-v1 Weighted Ridge,1.0,0.1,4.0,1.0,3,False,0.0,True,0.07052814573413409,617,2,3,0.056325630888120315,0.6888168557536467,0.9766612641815235,0:392;1:225,0:132;1:306;2:179,"{""1"": ""0"", ""2"": ""1""}",0.0462829406277242,0.15594912031142413,0.08000812174108883,0.4190581135490136
HydraulicSystems,4,forced_k3,Dense Ridge,10.0,,,,3,False,0.0,True,0.07052814573413409,617,2,3,0.056325630888120315,0.6888168557536467,0.9766612641815235,0:392;1:225,0:132;1:306;2:179,"{""1"": ""0"", ""2"": ""1""}",0.046670590127118196,0.15612095111965393,0.08037952092401655,0.4194724308833568
HydraulicSystems,4,forced_k3,DynVAR-Lasso Weighted Ridge,10.0,0.01,1.0,1.0,3,False,0.0,True,0.07052814573413409,617,2,3,0.056325630888120315,0.6888168557536467,0.9766612641815235,0:392;1:225,0:132;1:306;2:179,"{""1"": ""0"", ""2"": ""1""}",0.04658715251629476,0.15639747883165817,0.08045510852876125,0.4203162275977674
HydraulicSystems,4,forced_k3,STCG-v1 Weighted Ridge,10.0,0.01,1.0,1.0,3,False,0.0,True,0.07052814573413409,617,2,3,0.056325630888120315,0.6888168557536467,0.9766612641815235,0:392;1:225,0:132;1:306;2:179,"{""1"": ""0"", ""2"": ""1""}",0.04641646324936224,0.15665056842167963,0.08049711722288176,0.4210785104987772
HydraulicSystems,4,forced_k3,DynVAR-Lasso Weighted Ridge,10.0,0.01,4.0,1.0,3,False,0.0,True,0.07052814573413409,617,2,3,0.056325630888120315,0.6888168557536467,0.9766612641815235,0:392;1:225,0:132;1:306;2:179,"{""1"": ""0"", ""2"": ""1""}",0.04620691668590297,0.15727285234930924,0.0808145435651507,0.4228838884219903
HydraulicSystems,4,forced_k3,STCG-v1 Weighted Ridge,10.0,0.01,4.0,1.0,3,False,0.0,True,0.07052814573413409,617,2,3,0.056325630888120315,0.6888168557536467,0.9766612641815235,0:392;1:225,0:132;1:306;2:179,"{""1"": ""0"", ""2"": ""1""}",0.04619703508290792,0.15772094384314334,0.08101062918014192,0.42394846194235736
HydraulicSystems,4,forced_k3,DynVAR-Lasso Weighted Ridge,10.0,0.1,1.0,1.0,3,False,0.0,True,0.07052814573413409,617,2,3,0.056325630888120315,0.6888168557536467,0.9766612641815235,0:392;1:225,0:132;1:306;2:179,"{""1"": ""0"", ""2"": ""1""}",0.04660194681566256,0.15636006459643953,0.08044381286297231,0.42020302462776243
HydraulicSystems,4,forced_k3,STCG-v1 Weighted Ridge,10.0,0.1,1.0,1.0,3,False,0.0,True,0.07052814573413409,617,2,3,0.056325630888120315,0.6888168557536467,0.9766612641815235,0:392;1:225,0:132;1:306;2:179,"{""1"": ""0"", ""2"": ""1""}",0.04647804510953947,0.15653620298775883,0.08045954104067485,0.4207486011925655
HydraulicSystems,4,forced_k3,DynVAR-Lasso Weighted Ridge,10.0,0.1,4.0,1.0,3,False,0.0,True,0.07052814573413409,617,2,3,0.056325630888120315,0.6888168557536467,0.9766612641815235,0:392;1:225,0:132;1:306;2:179,"{""1"": ""0"", ""2"": ""1""}",0.04643463854394903,0.15677109242069784,0.08059412166258888,0.42143100515579135
HydraulicSystems,4,forced_k3,STCG-v1 Weighted Ridge,10.0,0.1,4.0,1.0,3,False,0.0,True,0.07052814573413409,617,2,3,0.056325630888120315,0.6888168557536467,0.9766612641815235,0:392;1:225,0:132;1:306;2:179,"{""1"": ""0"", ""2"": ""1""}",0.046361178391149845,0.1568730472898398,0.08057541339964792,0.4217024039061123
HydraulicSystems,4,forced_k3,Dense Ridge,100.0,,,,3,False,0.0,True,0.07052814573413409,617,2,3,0.056325630888120315,0.6888168557536467,0.9766612641815235,0:392;1:225,0:132;1:306;2:179,"{""1"": ""0"", ""2"": ""1""}",0.04726797834190943,0.156980386286702,0.08144405078576797,0.4219199848790695
HydraulicSystems,4,forced_k3,DynVAR-Lasso Weighted Ridge,100.0,0.01,1.0,1.0,3,False,0.0,True,0.07052814573413409,617,2,3,0.056325630888120315,0.6888168557536467,0.9766612641815235,0:392;1:225,0:132;1:306;2:179,"{""1"": ""0"", ""2"": ""1""}",0.04704721147864152,0.15733125428747502,0.08153015605464198,0.42290278005860427
HydraulicSystems,4,forced_k3,STCG-v1 Weighted Ridge,100.0,0.01,1.0,1.0,3,False,0.0,True,0.07052814573413409,617,2,3,0.056325630888120315,0.6888168557536467,0.9766612641815235,0:392;1:225,0:132;1:306;2:179,"{""1"": ""0"", ""2"": ""1""}",0.04683602101329947,0.15769359115217452,0.0816073777913236,0.42371214518183153
HydraulicSystems,4,forced_k3,DynVAR-Lasso Weighted Ridge,100.0,0.01,4.0,1.0,3,False,0.0,True,0.07052814573413409,617,2,3,0.056325630888120315,0.6888168557536467,0.9766612641815235,0:392;1:225,0:132;1:306;2:179,"{""1"": ""0"", ""2"": ""1""}",0.04630606203404213,0.1580699413873624,0.08182273516528321,0.4247732266123706
HydraulicSystems,4,forced_k3,STCG-v1 Weighted Ridge,100.0,0.01,4.0,1.0,3,False,0.0,True,0.07052814573413409,617,2,3,0.056325630888120315,0.6888168557536467,0.9766612641815235,0:392;1:225,0:132;1:306;2:179,"{""1"": ""0"", ""2"": ""1""}",0.04582726593091833,0.15815838128067272,0.08189852061861637,0.42490631080440666
HydraulicSystems,4,forced_k3,DynVAR-Lasso Weighted Ridge,100.0,0.1,1.0,1.0,3,False,0.0,True,0.07052814573413409,617,2,3,0.056325630888120315,0.6888168557536467,0.9766612641815235,0:392;1:225,0:132;1:306;2:179,"{""1"": ""0"", ""2"": ""1""}",0.0470759319111906,0.1572743920113568,0.08151401548300558,0.42274593282350403
HydraulicSystems,4,forced_k3,STCG-v1 Weighted Ridge,100.0,0.1,1.0,1.0,3,False,0.0,True,0.07052814573413409,617,2,3,0.056325630888120315,0.6888168557536467,0.9766612641815235,0:392;1:225,0:132;1:306;2:179,"{""1"": ""0"", ""2"": ""1""}",0.046926430718453184,0.15753135729994175,0.0815604246837548,0.4233562870461303
HydraulicSystems,4,forced_k3,DynVAR-Lasso Weighted Ridge,100.0,0.1,4.0,1.0,3,False,0.0,True,0.07052814573413409,617,2,3,0.056325630888120315,0.6888168557536467,0.9766612641815235,0:392;1:225,0:132;1:306;2:179,"{""1"": ""0"", ""2"": ""1""}",0.04678289265751311,0.15778273478770255,0.08165677040965295,0.42413500873564997
HydraulicSystems,4,forced_k3,STCG-v1 Weighted Ridge,100.0,0.1,4.0,1.0,3,False,0.0,True,0.07052814573413409,617,2,3,0.056325630888120315,0.6888168557536467,0.9766612641815235,0:392;1:225,0:132;1:306;2:179,"{""1"": ""0"", ""2"": ""1""}",0.046776972426462615,0.15788401932520083,0.08163755292664866,0.4243119457553695
