dataset,method,n,ridge_alpha,graph_min_weight,graph_weight_power,graph_self_weight,mae_mean,mae_std,rmse_mean,rmse_std,node_rmse_mean_mean,node_rmse_mean_std,node_rmse_max_mean,node_rmse_max_std,delta_vs_same_alpha_dense_rmse,delta_vs_best_dense_rmse,delta_vs_persistence_rmse,beats_same_alpha_dense,beats_best_dense,beats_persistence,meaningfully_beats_same_alpha_dense,meaningfully_beats_best_dense,meaningfully_beats_persistence
AReMActivities,Persistence,5,nan,,,,0.6756332018272379,0.0,1.128004815532663,0.0,1.0136580286098675,0.0,1.8578197502378138,2.482534153247273e-16,nan,0.21888929306210136,0.0,False,False,False,False,False,False
AReMActivities,Dense Ridge,5,0.1,,,,0.5740649849535541,0.0,0.9118002633608263,1.2412670766236366e-16,0.842250720000637,1.2412670766236366e-16,1.455507612772668,0.0,0.0,0.002684740890264714,-0.21620455217183665,False,False,True,False,False,True
AReMActivities,Dense Ridge,5,0.3,,,,0.5740603225254753,0.0,0.9117942986299564,1.2412670766236366e-16,0.8422435377389095,1.2412670766236366e-16,1.4555046607618793,0.0,0.0,0.0026787761593948245,-0.21621051690270654,False,False,True,False,False,True
AReMActivities,Dense Ridge,5,1.0,,,,0.5740440162749669,0.0,0.9117734425684809,0.0,0.842218423376087,0.0,1.455494341239059,0.0,0.0,0.0026579200979193196,-0.21623137296418204,False,False,True,False,False,True
AReMActivities,Dense Ridge,5,3.0,,,,0.5739976077985627,0.0,0.911714028994526,1.2412670766236366e-16,0.8421468693611237,0.0,1.4554649639140436,0.0,0.0,0.002598506523964428,-0.21629078653813694,False,False,True,False,False,True
AReMActivities,Dense Ridge,5,10.0,,,,0.5738368402727688,0.0,0.9115081053954028,1.2412670766236366e-16,0.8418987565771173,0.0,1.4553633824217613,0.0,0.0,0.0023925829248412356,-0.21649671013726013,False,False,True,False,False,True
AReMActivities,Dense Ridge,5,30.0,,,,0.5733895262668768,0.0,0.9109366077707814,0.0,0.8412092464597661,0.0,1.4550835330620835,0.0,0.0,0.001821085300219849,-0.21706820776188152,False,False,True,False,False,True
AReMActivities,Dense Ridge,5,100.0,,,,0.5719614744699092,0.0,0.9091155224705616,1.2412670766236366e-16,0.8390023121022032,1.2412670766236366e-16,1.454216576596745,0.0,0.0,0.0,-0.21888929306210136,False,False,True,False,False,True
AReMActivities,DynVAR-Lasso Weighted Ridge,5,0.1,0.01,0.5,1.0,0.574064819647752,0.0,0.9118000668350209,1.2412670766236366e-16,0.842250497490993,1.2412670766236366e-16,1.4555074684150737,0.0,-1.9652580540707731e-07,0.002684544364459307,-0.21620474869764206,True,False,True,False,False,True
AReMActivities,DynVAR-Lasso Weighted Ridge,5,0.1,0.01,1.0,1.0,0.5740645918318321,0.0,0.911799799534078,0.0,0.8422501955633089,0.0,1.4555072925760755,0.0,-4.638267483425551e-07,0.0026842770635163715,-0.216205015998585,True,False,True,False,False,True
AReMActivities,DynVAR-Lasso Weighted Ridge,5,0.1,0.01,2.0,1.0,0.5740638076525132,0.0,0.9117988949166719,0.0,0.8422491846560055,0.0,1.4555067866629883,0.0,-1.368444154437043e-06,0.002683372446110277,-0.2162059206159911,True,False,True,False,False,True
AReMActivities,DynVAR-Lasso Weighted Ridge,5,0.1,0.01,4.0,1.0,0.5740599161716969,0.0,0.9117945176849812,0.0,0.8422443181097161,1.2412670766236366e-16,1.455504878399905,0.0,-5.745675845103548e-06,0.0026789952144196105,-0.21621029784768175,True,False,True,False,False,True
AReMActivities,DynVAR-Lasso Weighted Ridge,5,0.1,0.03,0.5,1.0,0.5740648242430115,0.0,0.9118000722270928,0.0,0.842250503580992,0.0,1.4555074719639816,0.0,-1.9113373350698737e-07,0.002684549756531207,-0.21620474330557016,True,False,True,False,False,True
AReMActivities,DynVAR-Lasso Weighted Ridge,5,0.1,0.03,1.0,1.0,0.5740646079236341,0.0,0.9117998180999296,0.0,0.8422502162667159,0.0,1.4555073029976942,0.0,-4.4526089670871016e-07,0.0026842956293680054,-0.21620499743273336,True,False,True,False,False,True
AReMActivities,DynVAR-Lasso Weighted Ridge,5,0.1,0.03,2.0,1.0,0.5740639288930797,0.0,0.9117990324730062,1.2412670766236366e-16,0.8422493322117853,0.0,1.4555068491792615,0.0,-1.230887820113935e-06,0.0026835100024446,-0.21620578305965676,True,False,True,False,False,True
AReMActivities,DynVAR-Lasso Weighted Ridge,5,0.1,0.03,4.0,1.0,0.5740616239121783,0.0,0.9117964024219789,0.0,0.8422463320243274,0.0,1.4555053675941378,0.0,-3.8609388474109e-06,0.002680879951417303,-0.21620841311068406,True,False,True,False,False,True
AReMActivities,DynVAR-Lasso Weighted Ridge,5,0.1,0.1,0.5,1.0,0.5740648397180341,0.0,0.9118000904127941,0.0,0.8422505241377862,1.2412670766236366e-16,1.4555074840894702,0.0,-1.729480322287813e-07,0.0026845679422324853,-0.21620472511986888,True,False,True,False,False,True
AReMActivities,DynVAR-Lasso Weighted Ridge,5,0.1,0.1,1.0,1.0,0.5740646580509834,0.0,0.9117998760949073,1.2412670766236366e-16,0.8422502812675076,0.0,1.4555073364584055,0.0,-3.8726591899962415e-07,0.0026843536243457145,-0.21620493943775565,True,False,True,False,False,True
AReMActivities,DynVAR-Lasso Weighted Ridge,5,0.1,0.1,2.0,1.0,0.5740641908111317,0.0,0.9117993294777929,0.0,0.8422496589979109,1.2412670766236366e-16,1.4555069844153572,0.0,-9.338830334604253e-07,0.0026838070072312536,-0.2162054860548701,True,False,True,False,False,True
AReMActivities,DynVAR-Lasso Weighted Ridge,5,0.1,0.1,4.0,1.0,0.57406309743319,0.0,0.911798041012101,0.0,0.8422481566180456,0.0,1.4555061290887406,0.0,-2.2223487252670537e-06,0.002682518541539447,-0.21620677452056192,True,False,True,False,False,True
AReMActivities,DynVAR-Lasso Weighted Ridge,5,0.1,0.3,0.5,1.0,0.5740648795035586,0.0,0.9118001373696496,1.2412670766236366e-16,0.8422505773066025,0.0,1.4555075165594598,0.0,-1.259911767137467e-07,0.0026846148990880003,-0.21620467816301336,True,False,True,False,False,True
AReMActivities,DynVAR-Lasso Weighted Ridge,5,0.1,0.3,1.0,1.0,0.5740647670464173,0.0,0.911800003287642,0.0,0.8422504250672042,1.2412670766236366e-16,1.4555074161296335,0.0,-2.6007318432164084e-07,0.0026844808170803924,-0.21620481224502097,True,False,True,False,False,True
AReMActivities,DynVAR-Lasso Weighted Ridge,5,0.1,0.3,2.0,1.0,0.5740645442352222,0.0,0.9117997365239372,0.0,0.8422501201626073,0.0,1.4555072127000632,0.0,-5.268368891142572e-07,0.0026842140533756,-0.21620507900872576,True,False,True,False,False,True
AReMActivities,DynVAR-Lasso Weighted Ridge,5,0.1,0.3,4.0,1.0,0.5740641795988461,0.0,0.9117992906334289,1.2412670766236366e-16,0.8422496069525135,0.0,1.455506845637091,0.0,-9.727273974080575e-07,0.002683768162867306,-0.21620552489923406,True,False,True,False,False,True
AReMActivities,DynVAR-Lasso Weighted Ridge,5,0.1,0.6,0.5,1.0,0.5740649298687558,0.0,0.9118001972569303,0.0,0.8422506451863839,1.2412670766236366e-16,1.4555075605506773,0.0,-6.610389602368372e-08,0.0026846747863686904,-0.21620461827573267,True,False,True,False,False,True
AReMActivities,DynVAR-Lasso Weighted Ridge,5,0.1,0.6,1.0,1.0,0.5740648802775251,0.0,0.9118001373704402,1.2412670766236366e-16,0.842250577403909,0.0,1.4555075111235183,0.0,-1.2599038612393088e-07,0.00268461489987859,-0.21620467816222277,True,False,True,False,False,True
AReMActivities,DynVAR-Lasso Weighted Ridge,5,0.1,0.6,2.0,1.0,0.5740647993000257,0.0,0.9118000382422278,0.0,0.8422504655023231,1.2412670766236366e-16,1.4555074219274817,0.0,-2.2511859854024152e-07,0.002684515771666174,-0.2162047772904352,True,False,True,False,False,True
AReMActivities,DynVAR-Lasso Weighted Ridge,5,0.1,0.6,4.0,1.0,0.5740646947191397,0.0,0.9117999061126747,0.0,0.8422503198752873,1.2412670766236366e-16,1.455507276395557,0.0,-3.572481516167514e-07,0.0026843836421130973,-0.21620490941998827,True,False,True,False,False,True
AReMActivities,DynVAR-Lasso Weighted Ridge,5,0.3,0.01,0.5,1.0,0.5740598267115105,0.0,0.9117937092500579,0.0,0.8422428704386101,0.0,1.4555042278334087,0.0,-5.893798985523446e-07,0.002678186779496272,-0.2162111062826051,True,False,True,False,False,True
AReMActivities,DynVAR-Lasso Weighted Ridge,5,0.3,0.01,1.0,1.0,0.5740591434166612,0.0,0.9117929076572316,1.2412670766236366e-16,0.8422419650092967,1.2412670766236366e-16,1.4555037005309293,0.0,-1.3909727247796155e-06,0.002677385186670045,-0.21621190787543132,True,False,True,False,False,True
AReMActivities,DynVAR-Lasso Weighted Ridge,5,0.3,0.01,2.0,1.0,0.574056792033241,0.0,0.9117901954515861,0.0,0.8422389340671081,0.0,1.4555021839041566,0.0,-4.103178370296057e-06,0.0026746729810245284,-0.21621462008107684,True,False,True,False,False,True
AReMActivities,DynVAR-Lasso Weighted Ridge,5,0.3,0.01,4.0,1.0,0.574045138135984,0.0,0.9117770922961391,0.0,0.8422243633777846,0.0,1.4554964777190635,0.0,-1.720633381729897e-05,0.0026615698255775255,-0.21622772323652384,True,False,True,False,False,True
AReMActivities,DynVAR-Lasso Weighted Ridge,5,0.3,0.03,0.5,1.0,0.574059840494491,0.0,0.9117937254207809,0.0,0.842242888702239,0.0,1.4555042384765133,0.0,-5.732091755694668e-07,0.002678202950219255,-0.2162110901118821,True,False,True,False,False,True
AReMActivities,DynVAR-Lasso Weighted Ridge,5,0.3,0.03,1.0,1.0,0.5740591916820109,0.0,0.9117929633331119,1.2412670766236366e-16,0.8422420270949269,0.0,1.4555037317830768,0.0,-1.3352968445401459e-06,0.0026774408625502844,-0.21621185219955108,True,False,True,False,False,True
AReMActivities,DynVAR-Lasso Weighted Ridge,5,0.3,0.03,2.0,1.0,0.5740571554427888,0.0,0.9117906077858564,1.2412670766236366e-16,0.8422393763890035,1.2412670766236366e-16,1.455502371261254,0.0,-3.6908441000127468e-06,0.0026750853152948117,-0.21621420774680655,True,False,True,False,False,True
AReMActivities,DynVAR-Lasso Weighted Ridge,5,0.3,0.03,4.0,1.0,0.5740502507859837,0.0,0.9117827279909616,1.2412670766236366e-16,0.8422303864781011,1.2412670766236366e-16,1.4554979365212866,0.0,-1.1570638994817806e-05,0.0026672055204000067,-0.21622208754170136,True,False,True,False,False,True
AReMActivities,DynVAR-Lasso Weighted Ridge,5,0.3,0.1,0.5,1.0,0.5740598869100902,0.0,0.9117937799593692,1.2412670766236366e-16,0.8422429503511489,0.0,1.455504274840561,0.0,-5.186705872572972e-07,0.002678257488807567,-0.2162110355732938,True,False,True,False,False,True
AReMActivities,DynVAR-Lasso Weighted Ridge,5,0.3,0.1,1.0,1.0,0.5740593420324023,0.0,0.911793137251189,1.2412670766236366e-16,0.8422422220211043,0.0,1.455503832124264,0.0,-1.1613787673780962e-06,0.0026776147806274464,-0.21621167828147392,True,False,True,False,False,True
AReMActivities,DynVAR-Lasso Weighted Ridge,5,0.3,0.1,2.0,1.0,0.5740579407050057,0.0,0.9117914982352152,0.0,0.8422403561422305,1.2412670766236366e-16,1.4555027766334545,0.0,-2.800394741209189e-06,0.0026759757646536153,-0.21621331729744775,True,False,True,False,False,True
AReMActivities,DynVAR-Lasso Weighted Ridge,5,0.3,0.1,4.0,1.0,0.5740546633053574,0.0,0.9117876362200217,1.2412670766236366e-16,0.8422358526519304,0.0,1.4555002137763853,0.0,-6.6624099347434296e-06,0.002672113749460081,-0.21621717931264128,True,False,True,False,False,True
AReMActivities,DynVAR-Lasso Weighted Ridge,5,0.3,0.3,0.5,1.0,0.5740600062420242,0.0,0.9117939207822452,1.2412670766236366e-16,0.8422431098022909,1.2412670766236366e-16,1.4555043722174594,0.0,-3.778477112303946e-07,0.002678398311683594,-0.21621089475041777,True,False,True,False,False,True
AReMActivities,DynVAR-Lasso Weighted Ridge,5,0.3,0.3,1.0,1.0,0.574059668948082,0.0,0.9117935186861021,1.2412670766236366e-16,0.8422426532557399,0.0,1.4555040710426235,0.0,-7.799438542788195e-07,0.0026779962155405457,-0.21621129684656082,True,False,True,False,False,True
AReMActivities,DynVAR-Lasso Weighted Ridge,5,0.3,0.3,2.0,1.0,0.5740590006974708,0.0,0.9117927187546859,0.0,0.8422417389480759,1.2412670766236366e-16,1.455503461042653,0.0,-1.5798752704965224e-06,0.002677196284124328,-0.21621209677797704,True,False,True,False,False,True
AReMActivities,DynVAR-Lasso Weighted Ridge,5,0.3,0.3,4.0,1.0,0.574057907192461,0.0,0.9117913818675009,0.0,0.8422402001933321,0.0,1.4555023604959245,0.0,-2.916762455562605e-06,0.002675859396939262,-0.2162134336651621,True,False,True,False,False,True
AReMActivities,DynVAR-Lasso Weighted Ridge,5,0.3,0.6,0.5,1.0,0.5740601573059739,0.0,0.9117941003837652,0.0,0.8422433133717601,1.2412670766236366e-16,1.4555045041470096,0.0,-1.982461912408695e-07,0.0026785779132035836,-0.21621071514889778,True,False,True,False,False,True
AReMActivities,DynVAR-Lasso Weighted Ridge,5,0.3,0.6,1.0,1.0,0.5740600085664447,0.0,0.9117939207888275,1.2412670766236366e-16,0.8422431100980157,1.2412670766236366e-16,1.4555043559187386,0.0,-3.778411289401262e-07,0.0026783983182658844,-0.21621089474383548,True,False,True,False,False,True
AReMActivities,DynVAR-Lasso Weighted Ridge,5,0.3,0.6,2.0,1.0,0.574059765696833,0.0,0.9117936235229053,0.0,0.8422427745267622,1.2412670766236366e-16,1.4555040884367894,0.0,-6.75107051151258e-07,0.0026781010523436732,-0.2162111920097577,True,False,True,False,False,True
AReMActivities,DynVAR-Lasso Weighted Ridge,5,0.3,0.6,4.0,1.0,0.5740594520487896,0.0,0.9117932273120447,0.0,0.8422423378392134,1.2412670766236366e-16,1.4555036520306868,0.0,-1.0713179117161076e-06,0.0026777048414831084,-0.21621158822061826,True,False,True,False,False,True
AReMActivities,DynVAR-Lasso Weighted Ridge,5,1.0,0.01,0.5,1.0,0.5740423661503881,0.0,0.9117714802699257,0.0,0.8422162017054007,1.2412670766236366e-16,1.4554928998253,0.0,-1.9622985552025796e-06,0.002655957799364117,-0.21623333526273725,True,False,True,False,False,True
AReMActivities,DynVAR-Lasso Weighted Ridge,5,1.0,0.01,1.0,1.0,0.5740400939796545,0.0,0.9117688119045532,0.0,0.8422131877280797,0.0,1.455491144647809,0.0,-4.630663927751577e-06,0.002653289433991568,-0.2162360036281098,True,False,True,False,False,True
AReMActivities,DynVAR-Lasso Weighted Ridge,5,1.0,0.01,2.0,1.0,0.574032276664601,0.0,0.9117597903822938,0.0,0.8422031053036694,0.0,1.455486102156904,0.0,-1.3652186187096405e-05,0.002644267911732223,-0.21624502515036914,True,False,True,False,False,True
AReMActivities,DynVAR-Lasso Weighted Ridge,5,1.0,0.01,4.0,1.0,0.5739936556802305,0.0,0.9117164431505185,0.0,0.8421548711974267,1.2412670766236366e-16,1.455467295908337,0.0,-5.6999417962444454e-05,0.002600920679956875,-0.2162883723821445,True,False,True,False,False,True
AReMActivities,DynVAR-Lasso Weighted Ridge,5,1.0,0.03,0.5,1.0,0.5740424119864683,0.0,0.9117715341083554,0.0,0.8422162625099678,1.2412670766236366e-16,1.455492935259995,0.0,-1.908460125488176e-06,0.0026560116377938314,-0.21623328142430753,True,False,True,False,False,True
AReMActivities,DynVAR-Lasso Weighted Ridge,5,1.0,0.03,1.0,1.0,0.5740402545264458,0.0,0.9117689972383953,0.0,0.8422133943937455,1.2412670766236366e-16,1.45549124867376,0.0,-4.4453300855895606e-06,0.00265347476783373,-0.21623581829426763,True,False,True,False,False,True
AReMActivities,DynVAR-Lasso Weighted Ridge,5,1.0,0.03,2.0,1.0,0.5740334849646235,0.0,0.9117611609352917,1.2412670766236366e-16,0.8422045756903497,0.0,1.455486724451972,0.0,-1.2281633189226149e-05,0.0026456384647300935,-0.21624365459737127,True,False,True,False,False,True
AReMActivities,DynVAR-Lasso Weighted Ridge,5,1.0,0.03,4.0,1.0,0.5740105659839204,0.0,0.9117350150161625,0.0,0.8421747328922141,1.2412670766236366e-16,1.455472057492527,0.0,-3.8427552318420766e-05,0.002619492545600899,-0.21626980051650047,True,False,True,False,False,True
AReMActivities,DynVAR-Lasso Weighted Ridge,5,1.0,0.1,0.5,1.0,0.5740425663403846,0.0,0.9117717156879565,0.0,0.8422164677561714,1.2412670766236366e-16,1.4554930563289323,0.0,-1.7268805244663454e-06,0.0026561932173948533,-0.2162330998447065,True,False,True,False,False,True
AReMActivities,DynVAR-Lasso Weighted Ridge,5,1.0,0.1,1.0,1.0,0.57404075460911,0.0,0.9117695761866871,0.0,0.8422140432601587,0.0,1.455491582667763,0.0,-3.866381793837803e-06,0.002654053716125482,-0.21623523934597588,True,False,True,False,False,True
AReMActivities,DynVAR-Lasso Weighted Ridge,5,1.0,0.1,2.0,1.0,0.5740360961438408,0.0,0.911764122525258,0.0,0.8422078344913848,1.2412670766236366e-16,1.4554880717897027,0.0,-9.320043222960095e-06,0.0026486000546963595,-0.216240693007405,True,False,True,False,False,True
AReMActivities,DynVAR-Lasso Weighted Ridge,5,1.0,0.1,4.0,1.0,0.574025211093458,0.0,0.911751288444856,1.2412670766236366e-16,0.8421928652884876,1.2412670766236366e-16,1.4554795651384647,0.0,-2.215412362494007e-05,0.0026357659742943795,-0.21625352708780698,True,False,True,False,False,True
AReMActivities,DynVAR-Lasso Weighted Ridge,5,1.0,0.3,0.5,1.0,0.5740429634757097,0.0,0.9117721845419771,0.0,0.8422169986156769,0.0,1.4554933805333965,0.0,-1.2580265038586447e-06,0.002656662071415461,-0.2162326309906859,True,False,True,False,False,True
AReMActivities,DynVAR-Lasso Weighted Ridge,5,1.0,0.3,1.0,1.0,0.5740418417894454,0.0,0.9117708459674458,0.0,0.8422154787933911,0.0,1.4554923779526159,0.0,-2.596601035076418e-06,0.002655323496884243,-0.21623396956521712,True,False,True,False,False,True
AReMActivities,DynVAR-Lasso Weighted Ridge,5,1.0,0.3,2.0,1.0,0.5740396206447114,0.0,0.9117681837184854,1.2412670766236366e-16,0.8422124358312729,0.0,1.455490347981402,0.0,-5.258849995470882e-06,0.0026526612479238487,-0.21623663181417752,True,False,True,False,False,True
AReMActivities,DynVAR-Lasso Weighted Ridge,5,1.0,0.3,4.0,1.0,0.5740359878073779,0.0,0.9117637365583914,0.0,0.8422073168419736,1.2412670766236366e-16,1.455486686967136,0.0,-9.70601008953853e-06,0.002648214087829781,-0.21624107897427158,True,False,True,False,False,True
AReMActivities,DynVAR-Lasso Weighted Ridge,5,1.0,0.6,0.5,1.0,0.5740434663328028,0.0,0.9117727825109435,0.0,0.842217676366548,1.2412670766236366e-16,1.4554938197849847,0.0,-6.600575374049455e-07,0.0026572600403819147,-0.21623203302171945,True,False,True,False,False,True
AReMActivities,DynVAR-Lasso Weighted Ridge,5,1.0,0.6,1.0,1.0,0.5740429712959718,0.0,0.9117721846129714,0.0,0.8422169996457903,0.0,1.4554933263105856,0.0,-1.257955509537112e-06,0.0026566621424097825,-0.21623263091969158,True,False,True,False,False,True
AReMActivities,DynVAR-Lasso Weighted Ridge,5,1.0,0.6,2.0,1.0,0.5740421638237783,0.0,0.9117711951095127,0.0,0.8422158826301442,1.2412670766236366e-16,1.4554924359407648,0.0,-2.247458968263061e-06,0.0026556726389510565,-0.2162336204231503,True,False,True,False,False,True
AReMActivities,DynVAR-Lasso Weighted Ridge,5,1.0,0.6,4.0,1.0,0.574041121803088,0.0,0.9117698764776636,0.0,0.8422144292596659,1.2412670766236366e-16,1.4554909834637397,0.0,-3.5660908173085204e-06,0.002654354007102011,-0.21623493905499935,True,False,True,False,False,True
AReMActivities,DynVAR-Lasso Weighted Ridge,5,3.0,0.01,0.5,1.0,0.5739926749431432,0.0,0.9117081617389771,0.0,0.8421402270847562,1.2412670766236366e-16,1.455460654018577,0.0,-5.8672555489636125e-06,0.002592639268415464,-0.2162966537936859,True,False,True,False,False,True
AReMActivities,DynVAR-Lasso Weighted Ridge,5,3.0,0.01,1.0,1.0,0.5739858789427614,0.0,0.9117001874385888,0.0,0.8421312203020259,1.2412670766236366e-16,1.4554554097589967,0.0,-1.3841555937199601e-05,0.0025846649680272282,-0.21630462809407414,True,False,True,False,False,True
AReMActivities,DynVAR-Lasso Weighted Ridge,5,3.0,0.01,2.0,1.0,0.5739625387539212,0.0,0.9116732859357312,0.0,0.8421011493920016,1.2412670766236366e-16,1.4554403919250216,0.0,-4.0743058794867615e-05,0.00255776346516956,-0.2163315295969318,True,False,True,False,False,True
AReMActivities,DynVAR-Lasso Weighted Ridge,5,3.0,0.01,4.0,1.0,0.5738488473198938,0.0,0.91154599808664,1.2412670766236366e-16,0.8419592458840451,0.0,1.4553857451035352,0.0,-0.0001680309078859743,0.0024304756160784535,-0.2164588174460229,True,False,True,False,False,True
AReMActivities,DynVAR-Lasso Weighted Ridge,5,3.0,0.03,0.5,1.0,0.5739928120966892,0.0,0.9117083227083432,0.0,0.8421404088652891,1.2412670766236366e-16,1.4554607599618874,0.0,-5.706286182793896e-06,0.002592800237781634,-0.21629649282431973,True,False,True,False,False,True
AReMActivities,DynVAR-Lasso Weighted Ridge,5,3.0,0.03,1.0,1.0,0.573986359195364,0.0,0.9117007412878639,1.2412670766236366e-16,0.8421318378561793,0.0,1.4554557205795742,0.0,-1.328770666209067e-05,0.002585218817302337,-0.21630407424479903,True,False,True,False,False,True
AReMActivities,DynVAR-Lasso Weighted Ridge,5,3.0,0.03,2.0,1.0,0.5739661344524211,0.0,0.9116773644835995,0.0,0.842105526367526,1.2412670766236366e-16,1.4554422399196691,0.0,-3.666451092654288e-05,0.002561842013037885,-0.21632745104906348,True,False,True,False,False,True
AReMActivities,DynVAR-Lasso Weighted Ridge,5,3.0,0.03,4.0,1.0,0.5738982606439716,0.0,0.9115999362955993,0.0,0.8420170397104826,1.2412670766236366e-16,1.455399195944841,0.0,-0.00011409269892670437,0.0024844138250377235,-0.21640487923706364,True,False,True,False,False,True
AReMActivities,DynVAR-Lasso Weighted Ridge,5,3.0,0.1,0.5,1.0,0.5739932739589396,0.0,0.9117088656066482,0.0,0.8421410224690566,0.0,1.4554611219361469,0.0,-5.163387877815673e-06,0.002593343136086612,-0.21629594992601475,True,False,True,False,False,True
AReMActivities,DynVAR-Lasso Weighted Ridge,5,3.0,0.1,1.0,1.0,0.5739878550020157,0.0,0.9117024714934739,1.2412670766236366e-16,0.8421337768858536,0.0,1.455456718507763,0.0,-1.1557501052084085e-05,0.0025869490229123437,-0.21630234403918902,True,False,True,False,False,True
AReMActivities,DynVAR-Lasso Weighted Ridge,5,3.0,0.1,2.0,1.0,0.5739739366691241,0.0,0.9116861933357573,0.0,0.8421152428350757,0.0,1.4554462489337745,0.0,-2.7835658768737837e-05,0.00257067086519569,-0.21631862219690567,True,False,True,False,False,True
AReMActivities,DynVAR-Lasso Weighted Ridge,5,3.0,0.1,4.0,1.0,0.5739415889609251,0.0,0.9116480241341582,0.0,0.8420706952736621,1.2412670766236366e-16,1.4554210335996887,0.0,-6.600486036778541e-05,0.0025325016635966424,-0.21635679139850472,True,False,True,False,False,True
AReMActivities,DynVAR-Lasso Weighted Ridge,5,3.0,0.3,0.5,1.0,0.57399446129049,0.0,0.9117102674276456,0.0,0.8421426095487945,0.0,1.4554620912639875,0.0,-3.7615668804225066e-06,0.0025947449570840053,-0.21629454810501736,True,False,True,False,False,True
AReMActivities,DynVAR-Lasso Weighted Ridge,5,3.0,0.3,1.0,1.0,0.573991106735115,0.0,0.9117062666014653,0.0,0.8421380671447795,0.0,1.4554590949124284,0.0,-7.762393060772865e-06,0.002590744130903655,-0.2162985489311977,True,False,True,False,False,True
AReMActivities,DynVAR-Lasso Weighted Ridge,5,3.0,0.3,2.0,1.0,0.5739844697662765,0.0,0.9116983155721623,1.2412670766236366e-16,0.842128978596444,0.0,1.455453033647144,0.0,-1.5713422363727858e-05,0.0025827931016007,-0.21630649996050066,True,False,True,False,False,True
AReMActivities,DynVAR-Lasso Weighted Ridge,5,3.0,0.3,4.0,1.0,0.5739736351633814,0.0,0.9116850518397845,1.2412670766236366e-16,0.8421137084505992,1.2412670766236366e-16,1.4554421142268406,0.0,-2.897715474148299e-05,0.002569529369222945,-0.21631976369287842,True,False,True,False,False,True
AReMActivities,DynVAR-Lasso Weighted Ridge,5,3.0,0.6,0.5,1.0,0.5739959642048917,0.0,0.9117120553363323,1.2412670766236366e-16,0.8421446358531387,0.0,1.4554634046358126,0.0,-1.973658193765715e-06,0.002596532865770662,-0.2162927601963307,True,False,True,False,False,True
AReMActivities,DynVAR-Lasso Weighted Ridge,5,3.0,0.6,1.0,1.0,0.5739944850008276,0.0,0.911710268059411,0.0,0.8421426130177192,0.0,1.4554619295040154,0.0,-3.7609351150047488e-06,0.002594745588849423,-0.21629454747325194,True,False,True,False,False,True
AReMActivities,DynVAR-Lasso Weighted Ridge,5,3.0,0.6,2.0,1.0,0.5739920708694662,0.0,0.9117073113501124,0.0,0.8421392752421998,1.2412670766236366e-16,1.4554592689505002,0.0,-6.717644413622992e-06,0.002591788879550805,-0.21629750418255056,True,False,True,False,False,True
AReMActivities,DynVAR-Lasso Weighted Ridge,5,3.0,0.6,4.0,1.0,0.5739889570223224,0.0,0.911703373121742,0.0,0.8421349343649371,0.0,1.4554549303833557,0.0,-1.065587278403779e-05,0.00258785065118039,-0.21630144241092097,True,False,True,False,False,True
AReMActivities,DynVAR-Lasso Weighted Ridge,5,10.0,0.01,0.5,1.0,0.5738205761916819,0.0,0.9114887738024832,0.0,0.8418768772396865,1.2412670766236366e-16,1.455349181015332,0.0,-1.9331592919669127e-05,0.0023732513319215665,-0.2165160417301798,True,False,True,False,False,True
AReMActivities,DynVAR-Lasso Weighted Ridge,5,10.0,0.01,1.0,1.0,0.5737981820343752,0.0,0.9114625462230942,0.0,0.8418472582597687,0.0,1.4553319432404765,0.0,-4.555917230864015e-05,0.0023470237525325954,-0.21654226930956877,True,False,True,False,False,True
AReMActivities,DynVAR-Lasso Weighted Ridge,5,10.0,0.01,2.0,1.0,0.5737219609773934,0.0,0.9113747319367519,0.0,0.8417490338614162,1.2412670766236366e-16,1.4552831181150572,0.0,-0.00013337345865094274,0.002259209466190293,-0.21663008359591107,True,False,True,False,False,True
AReMActivities,DynVAR-Lasso Weighted Ridge,5,10.0,0.01,4.0,1.0,0.5733621765549551,0.0,0.910980011935761,0.0,0.8413062079171608,0.0,1.4551194599288844,0.0,-0.0005280934596418874,0.0018644894651993482,-0.21702480359690202,True,False,True,False,False,True
AReMActivities,DynVAR-Lasso Weighted Ridge,5,10.0,0.03,0.5,1.0,0.5738210286013482,0.0,0.9114893040929992,0.0,0.8418774758952715,1.2412670766236366e-16,1.4553495300257082,0.0,-1.8801302403614883e-05,0.0023737816224376207,-0.21651551143966374,True,False,True,False,False,True
AReMActivities,DynVAR-Lasso Weighted Ridge,5,10.0,0.03,1.0,1.0,0.5737997659567992,0.0,0.9114643677126553,1.2412670766236366e-16,0.841849288743691,0.0,1.4553329650306084,0.0,-4.373768274756884e-05,0.0023488452420936667,-0.2165404478200077,True,False,True,False,False,True
AReMActivities,DynVAR-Lasso Weighted Ridge,5,10.0,0.03,2.0,1.0,0.573733642424007,0.0,0.9113879509672923,0.0,0.8417632351022997,0.0,1.4552890654742467,0.0,-0.00012015442811053045,0.002272428496730705,-0.21661686456537066,True,False,True,False,False,True
AReMActivities,DynVAR-Lasso Weighted Ridge,5,10.0,0.03,4.0,1.0,0.5735151029944302,0.0,0.9111409394272098,0.0,0.8414798064079406,1.2412670766236366e-16,1.4551556082230832,0.0,-0.0003671659681930839,0.0020254169566481517,-0.2168638761054532,True,False,True,False,False,True
AReMActivities,DynVAR-Lasso Weighted Ridge,5,10.0,0.1,0.5,1.0,0.5738225519330407,0.0,0.9114910925997453,1.2412670766236366e-16,0.8418794966947871,0.0,1.455350722476339,0.0,-1.7012795657578295e-05,0.0023755701291836573,-0.2165137229329177,True,False,True,False,False,True
AReMActivities,DynVAR-Lasso Weighted Ridge,5,10.0,0.1,1.0,1.0,0.5738046988375085,0.0,0.9114700589326162,1.2412670766236366e-16,0.8418556653046592,0.0,1.4553362453540615,0.0,-3.804646278660062e-05,0.002354536462054635,-0.21653475660004673,True,False,True,False,False,True
AReMActivities,DynVAR-Lasso Weighted Ridge,5,10.0,0.1,2.0,1.0,0.5737590871063801,0.0,0.911416744502926,0.0,0.8417949404521821,0.0,1.455302060658796,0.0,-9.136089247685497e-05,0.0023012220323643806,-0.21658807102973698,True,False,True,False,False,True
AReMActivities,DynVAR-Lasso Weighted Ridge,5,10.0,0.1,4.0,1.0,0.5736541586634953,0.0,0.9112932561957633,0.0,0.8416505125868478,0.0,1.4552213554513436,0.0,-0.00021484919963954408,0.0021777337252016915,-0.21671155933689967,True,False,True,False,False,True
AReMActivities,DynVAR-Lasso Weighted Ridge,5,10.0,0.3,0.5,1.0,0.5738264670489642,0.0,0.9114957108265953,0.0,0.8418847237205499,0.0,1.4553539158574154,0.0,-1.2394568807527762e-05,0.002380188356033708,-0.21650910470606766,True,False,True,False,False,True
AReMActivities,DynVAR-Lasso Weighted Ridge,5,10.0,0.3,1.0,1.0,0.5738154179541887,0.0,0.9114825459427609,0.0,0.841869778521437,0.0,1.45534405880433,0.0,-2.5559452641932268e-05,0.0023670234721993033,-0.21652226958990206,True,False,True,False,False,True
AReMActivities,DynVAR-Lasso Weighted Ridge,5,10.0,0.3,2.0,1.0,0.5737935958289476,0.0,0.9114564519948054,0.0,0.8418399461034489,1.2412670766236366e-16,1.4553241823749326,0.0,-5.1653400597428956e-05,0.0023409295242438066,-0.21654836353785756,True,False,True,False,False,True
AReMActivities,DynVAR-Lasso Weighted Ridge,5,10.0,0.3,4.0,1.0,0.5737581852421474,0.0,0.911413127066783,0.0,0.8417900376639394,1.2412670766236366e-16,1.455288509612991,0.0,-9.497832861982136e-05,0.0022976045962214142,-0.21659168846587995,True,False,True,False,False,True
AReMActivities,DynVAR-Lasso Weighted Ridge,5,10.0,0.6,0.5,1.0,0.5738314216996214,0.0,0.9115016015214845,0.0,0.8418913981245216,0.0,1.455358243370872,0.0,-6.5038739183176375e-06,0.002386079050922918,-0.21650321401117845,True,False,True,False,False,True
AReMActivities,DynVAR-Lasso Weighted Ridge,5,10.0,0.6,1.0,1.0,0.5738265499939667,0.0,0.9114957177539379,0.0,0.8418847396372339,0.0,1.4553533871681328,0.0,-1.2387641464939314e-05,0.0023801952833762963,-0.21650909777872507,True,False,True,False,False,True
AReMActivities,DynVAR-Lasso Weighted Ridge,5,10.0,0.6,2.0,1.0,0.5738186092266353,0.0,0.911485997712213,0.0,0.841873766294926,1.2412670766236366e-16,1.4553446401135786,0.0,-2.2107683189886984e-05,0.0023704752416513486,-0.21651881782045002,True,False,True,False,False,True
AReMActivities,DynVAR-Lasso Weighted Ridge,5,10.0,0.6,4.0,1.0,0.5738083753030074,0.0,0.9114730731679851,0.0,0.8418595175902555,0.0,1.4553303952798142,0.0,-3.50322274177417e-05,0.002357550697423494,-0.21653174236467787,True,False,True,False,False,True
AReMActivities,DynVAR-Lasso Weighted Ridge,5,30.0,0.01,0.5,1.0,0.573342208703196,0.0,0.9108804702132558,0.0,0.8411457599816348,1.2412670766236366e-16,1.4550422816928752,0.0,-5.613755752564842e-05,0.0017649477426942006,-0.21712434531940716,True,False,True,False,False,True
AReMActivities,DynVAR-Lasso Weighted Ridge,5,30.0,0.01,1.0,1.0,0.5732773869781049,0.0,0.910804673267072,0.0,0.8410602045294345,0.0,1.4549925286964798,0.0,-0.00013193450370940774,0.0016891507965104413,-0.21720014226559092,True,False,True,False,False,True
AReMActivities,DynVAR-Lasso Weighted Ridge,5,30.0,0.01,2.0,1.0,0.5730581521335848,0.0,0.9105560867071668,0.0,0.8407816907138832,0.0,1.4548556181731065,0.0,-0.0003805210636146361,0.001440564236605213,-0.21744872882549615,True,False,True,False,False,True
AReMActivities,DynVAR-Lasso Weighted Ridge,5,30.0,0.01,4.0,1.0,0.5721313053294081,0.0,0.9095767313102849,0.0,0.8396643635096582,0.0,1.454485772146349,0.0,-0.001359876460496512,0.00046120883972333715,-0.21842808422237803,True,False,True,True,False,True
AReMActivities,DynVAR-Lasso Weighted Ridge,5,30.0,0.03,0.5,1.0,0.5733435229630803,0.0,0.9108820096483858,1.2412670766236366e-16,0.8411474962006371,1.2412670766236366e-16,1.455043295127135,0.0,-5.459812239561046e-05,0.0017664871778242386,-0.21712280588427713,True,False,True,False,False,True
AReMActivities,DynVAR-Lasso Weighted Ridge,5,30.0,0.03,1.0,1.0,0.573281977709231,0.0,0.9108099368261684,1.2412670766236366e-16,0.8410660672063892,1.2412670766236366e-16,1.4549954809549532,0.0,-0.00012667094461304984,0.0016944143556067992,-0.21719487870649457,True,False,True,False,False,True
AReMActivities,DynVAR-Lasso Weighted Ridge,5,30.0,0.03,2.0,1.0,0.5730915724542798,0.0,0.9105927563580565,0.0,0.8408212005231339,1.2412670766236366e-16,1.4548718076044973,0.0,-0.00034385141272497144,0.0014772338874948776,-0.2174120591746065,True,False,True,False,False,True
AReMActivities,DynVAR-Lasso Weighted Ridge,5,30.0,0.03,4.0,1.0,0.5724934632305002,0.0,0.9099325382058312,1.2412670766236366e-16,0.8400566278448943,0.0,1.4545362269767983,0.0,-0.0010040695649502496,0.0008170157352695995,-0.21807227732683176,True,False,True,True,False,True
AReMActivities,DynVAR-Lasso Weighted Ridge,5,30.0,0.1,0.5,1.0,0.5733479482407703,0.0,0.9108872016860708,1.2412670766236366e-16,0.841153357083838,1.2412670766236366e-16,1.455046757485386,0.0,-4.940608471060148e-05,0.0017716792155092476,-0.21711761384659212,True,False,True,False,False,True
AReMActivities,DynVAR-Lasso Weighted Ridge,5,30.0,0.1,1.0,1.0,0.5732962675065858,0.0,0.9108263902660667,0.0,0.8410844875233316,1.2412670766236366e-16,1.4550049552526396,0.0,-0.00011021750471473801,0.001710867795505111,-0.21717842526659625,True,False,True,False,False,True
AReMActivities,DynVAR-Lasso Weighted Ridge,5,30.0,0.1,2.0,1.0,0.5731649011242279,0.0,0.9106740702114783,0.0,0.8409108505959841,1.2412670766236366e-16,1.4549080096284315,0.0,-0.00026253755930316647,0.0015585477409166826,-0.21733074532118468,True,False,True,False,False,True
AReMActivities,DynVAR-Lasso Weighted Ridge,5,30.0,0.1,4.0,1.0,0.5728700053999146,0.0,0.9103324395021988,0.0,0.8405092570121185,0.0,1.4546901350417616,0.0,-0.0006041682685826721,0.001216917031637177,-0.2176723760304642,True,False,True,False,False,True
AReMActivities,DynVAR-Lasso Weighted Ridge,5,30.0,0.3,0.5,1.0,0.5733593316160169,0.0,0.9109006089375044,0.0,0.841168518627239,0.0,1.4550560296405655,0.0,-3.599883327709552e-05,0.0017850864669427535,-0.2171042065951586,True,False,True,False,False,True
AReMActivities,DynVAR-Lasso Weighted Ridge,5,30.0,0.3,1.0,1.0,0.5733273263256279,0.0,0.9108625177049081,0.0,0.841125292329971,1.2412670766236366e-16,1.4550275276823288,0.0,-7.409006587333344e-05,0.0017469952343465156,-0.21714229782775485,True,False,True,False,False,True
AReMActivities,DynVAR-Lasso Weighted Ridge,5,30.0,0.3,2.0,1.0,0.5732644997296238,0.0,0.9107875691994373,0.0,0.8410395687518616,1.2412670766236366e-16,1.4549705517363924,0.0,-0.0001490385713441844,0.0016720467288756646,-0.2172172463332257,True,False,True,False,False,True
AReMActivities,DynVAR-Lasso Weighted Ridge,5,30.0,0.3,4.0,1.0,0.57316332536325,0.0,0.9106647302561732,0.0,0.8408978414157662,1.2412670766236366e-16,1.4548693458316102,0.0,-0.00027187751460822085,0.0015492077856116282,-0.21734008527648974,True,False,True,False,False,True
AReMActivities,DynVAR-Lasso Weighted Ridge,5,30.0,0.6,0.5,1.0,0.573373741600428,0.0,0.910917713765506,0.0,0.8411878842758836,0.0,1.455068598585024,0.0,-1.8894005275438275e-05,0.0018021912949444108,-0.21708710176715695,True,False,True,False,False,True
AReMActivities,DynVAR-Lasso Weighted Ridge,5,30.0,0.6,1.0,1.0,0.5733596026278662,0.0,0.9109006694509441,1.2412670766236366e-16,0.8411686021304474,0.0,1.455054531447907,0.0,-3.593831983739193e-05,0.0017851469803824571,-0.2171041460817189,True,False,True,False,False,True
AReMActivities,DynVAR-Lasso Weighted Ridge,5,30.0,0.6,2.0,1.0,0.5733366531987548,0.0,0.9108726221962066,1.2412670766236366e-16,0.8411369342170856,0.0,1.4550292894097714,0.0,-6.39855745748763e-05,0.0017570997256449727,-0.2171321933364564,True,False,True,False,False,True
AReMActivities,DynVAR-Lasso Weighted Ridge,5,30.0,0.6,4.0,1.0,0.5733072003678494,0.0,0.9108355080688069,1.2412670766236366e-16,0.8410959950308021,1.2412670766236366e-16,1.454988340682414,0.0,-0.00010109970197458296,0.001719985598245266,-0.2171693074638561,True,False,True,False,False,True
AReMActivities,DynVAR-Lasso Weighted Ridge,5,100.0,0.01,0.5,1.0,0.5718177908113101,0.0,0.9089473541785271,1.2412670766236366e-16,0.8388126889184873,1.2412670766236366e-16,1.4540927810631405,0.0,-0.00016816829203447625,-0.00016816829203447625,-0.21905746135413584,True,True,True,False,False,True
AReMActivities,DynVAR-Lasso Weighted Ridge,5,100.0,0.01,1.0,1.0,0.5716229937657326,0.0,0.9087235866371811,0.0,0.8385607184626496,0.0,1.4539458443645985,0.0,-0.00039193583338048565,-0.00039193583338048565,-0.21928122889548185,True,True,True,False,False,True
AReMActivities,DynVAR-Lasso Weighted Ridge,5,100.0,0.01,2.0,1.0,0.5709993855695586,0.0,0.908035998103626,1.2412670766236366e-16,0.8377872384318381,1.2412670766236366e-16,1.453573733879417,0.0,-0.0010795243669355914,-0.0010795243669355914,-0.21996881742903696,True,True,True,True,True,True
AReMActivities,DynVAR-Lasso Weighted Ridge,5,100.0,0.01,4.0,1.0,0.5690368213435207,0.0,0.9061913454538397,0.0,0.8355537994584898,1.2412670766236366e-16,1.453147177188716,0.0,-0.002924177016721874,-0.002924177016721874,-0.22181347007882324,True,True,True,True,True,True
AReMActivities,DynVAR-Lasso Weighted Ridge,5,100.0,0.03,0.5,1.0,0.5718217928791532,0.0,0.9089519647850516,1.2412670766236366e-16,0.8388178692313613,0.0,1.4540958284377898,0.0,-0.00016355768551001848,-0.00016355768551001848,-0.21905285074761138,True,True,True,False,False,True
AReMActivities,DynVAR-Lasso Weighted Ridge,5,100.0,0.03,1.0,1.0,0.5716368210973439,0.0,0.9087391343965894,1.2412670766236366e-16,0.8385779716194472,1.2412670766236366e-16,1.453954648899781,0.0,-0.0003763880739722225,-0.0003763880739722225,-0.2192656811360736,True,True,True,False,False,True
AReMActivities,DynVAR-Lasso Weighted Ridge,5,100.0,0.03,2.0,1.0,0.5710899786229159,0.0,0.9081303005458354,0.0,0.8378899186941992,0.0,1.4536126371898304,0.0,-0.000985221924726165,-0.000985221924726165,-0.21987451498682753,True,True,True,False,False,True
AReMActivities,DynVAR-Lasso Weighted Ridge,5,100.0,0.03,4.0,1.0,0.5695888132900448,0.0,0.9065598337852061,1.2412670766236366e-16,0.8360348910906208,1.2412670766236366e-16,1.452891602647951,0.0,-0.002555688685355495,-0.002555688685355495,-0.22144498174745686,True,True,True,True,True,True
AReMActivities,DynVAR-Lasso Weighted Ridge,5,100.0,0.1,0.5,1.0,0.5718352682337736,0.0,0.9089675133628157,0.0,0.8388353565869677,1.2412670766236366e-16,1.4541062328696457,0.0,-0.0001480091077459278,-0.0001480091077459278,-0.2190373021698473,True,True,True,False,False,True
AReMActivities,DynVAR-Lasso Weighted Ridge,5,100.0,0.1,1.0,1.0,0.5716798687585745,0.0,0.9087878071902684,0.0,0.8386322677119062,1.2412670766236366e-16,1.4539828367143004,0.0,-0.00032771528029318375,-0.00032771528029318375,-0.21921700834239455,True,True,True,False,False,True
AReMActivities,DynVAR-Lasso Weighted Ridge,5,100.0,0.1,2.0,1.0,0.571297496056619,0.0,0.9083536287961481,0.0,0.8381367447727657,0.0,1.4537102008261271,0.0,-0.000761893674413483,-0.000761893674413483,-0.21965118673651485,True,True,True,False,False,True
AReMActivities,DynVAR-Lasso Weighted Ridge,5,100.0,0.1,4.0,1.0,0.5705061514540961,0.0,0.9074630576474437,0.0,0.8370787261208544,0.0,1.4531644028059134,0.0,-0.0016524648231178718,-0.0016524648231178718,-0.22054175788521924,True,True,True,True,True,True
AReMActivities,DynVAR-Lasso Weighted Ridge,5,100.0,0.3,0.5,1.0,0.5718698673359193,0.0,0.9090076577412999,0.0,0.8388806020339926,0.0,1.4541340623876016,0.0,-0.00010786472926171964,-0.00010786472926171964,-0.21899715779136308,True,True,True,False,False,True
AReMActivities,DynVAR-Lasso Weighted Ridge,5,100.0,0.3,1.0,1.0,0.5717735510489268,0.0,0.9088948904543572,0.0,0.8387528444906772,0.0,1.4540497835658812,0.0,-0.00022063201620436956,-0.00022063201620436956,-0.21910992507830573,True,True,True,False,False,True
AReMActivities,DynVAR-Lasso Weighted Ridge,5,100.0,0.3,2.0,1.0,0.5715886882932127,0.0,0.908678108649242,0.0,0.8385047064998418,1.2412670766236366e-16,1.4538857605927846,0.0,-0.0004374138213195655,-0.0004374138213195655,-0.21932670688342093,True,True,True,False,False,True
AReMActivities,DynVAR-Lasso Weighted Ridge,5,100.0,0.3,4.0,1.0,0.5713031547093821,0.0,0.90833688818959,0.0,0.8381093444007404,1.2412670766236366e-16,1.4536037053316588,0.0,-0.0007786342809715796,-0.0007786342809715796,-0.21966792734307294,True,True,True,False,False,True
AReMActivities,DynVAR-Lasso Weighted Ridge,5,100.0,0.6,0.5,1.0,0.5719136286489533,0.0,0.9090588830584817,1.2412670766236366e-16,0.8389384305428326,0.0,1.4541717622524606,0.0,-5.66394120798952e-05,-5.66394120798952e-05,-0.21894593247418126,True,True,True,False,False,True
AReMActivities,DynVAR-Lasso Weighted Ridge,5,100.0,0.6,1.0,1.0,0.5718710338561844,0.0,0.9090082677921071,1.2412670766236366e-16,0.8388812438360551,0.0,1.4541300131085038,0.0,-0.00010725467845451586,-0.00010725467845451586,-0.21899654774055588,True,True,True,False,False,True
AReMActivities,DynVAR-Lasso Weighted Ridge,5,100.0,0.6,2.0,1.0,0.5718027721017906,0.0,0.9089260641761319,1.2412670766236366e-16,0.8387883969531442,0.0,1.4540560911691183,0.0,-0.00018945829442973405,-0.00018945829442973405,-0.2190787513565311,True,True,True,False,False,True
AReMActivities,DynVAR-Lasso Weighted Ridge,5,100.0,0.6,4.0,1.0,0.5717166572909111,0.0,0.9088190330860757,0.0,0.8386701013398046,0.0,1.453937869694259,0.0,-0.00029648938448589846,-0.00029648938448589846,-0.21918578244658726,True,True,True,False,False,True
AReMActivities,STCG-v1 Weighted Ridge,5,0.1,0.01,0.5,1.0,0.574064819647752,0.0,0.9118000668350209,1.2412670766236366e-16,0.842250497490993,1.2412670766236366e-16,1.4555074684150737,0.0,-1.9652580540707731e-07,0.002684544364459307,-0.21620474869764206,True,False,True,False,False,True
AReMActivities,STCG-v1 Weighted Ridge,5,0.1,0.01,1.0,1.0,0.5740645918318321,0.0,0.911799799534078,0.0,0.8422501955633089,0.0,1.4555072925760755,0.0,-4.638267483425551e-07,0.0026842770635163715,-0.216205015998585,True,False,True,False,False,True
AReMActivities,STCG-v1 Weighted Ridge,5,0.1,0.01,2.0,1.0,0.5740638076525132,0.0,0.9117988949166719,0.0,0.8422491846560055,0.0,1.4555067866629883,0.0,-1.368444154437043e-06,0.002683372446110277,-0.2162059206159911,True,False,True,False,False,True
AReMActivities,STCG-v1 Weighted Ridge,5,0.1,0.01,4.0,1.0,0.5740599161716969,0.0,0.9117945176849812,0.0,0.8422443181097161,1.2412670766236366e-16,1.455504878399905,0.0,-5.745675845103548e-06,0.0026789952144196105,-0.21621029784768175,True,False,True,False,False,True
AReMActivities,STCG-v1 Weighted Ridge,5,0.1,0.03,0.5,1.0,0.5740648242430115,0.0,0.9118000722270928,0.0,0.842250503580992,0.0,1.4555074719639816,0.0,-1.9113373350698737e-07,0.002684549756531207,-0.21620474330557016,True,False,True,False,False,True
AReMActivities,STCG-v1 Weighted Ridge,5,0.1,0.03,1.0,1.0,0.5740646079236341,0.0,0.9117998180999296,0.0,0.8422502162667159,0.0,1.4555073029976942,0.0,-4.4526089670871016e-07,0.0026842956293680054,-0.21620499743273336,True,False,True,False,False,True
AReMActivities,STCG-v1 Weighted Ridge,5,0.1,0.03,2.0,1.0,0.5740639288930797,0.0,0.9117990324730062,1.2412670766236366e-16,0.8422493322117853,0.0,1.4555068491792615,0.0,-1.230887820113935e-06,0.0026835100024446,-0.21620578305965676,True,False,True,False,False,True
AReMActivities,STCG-v1 Weighted Ridge,5,0.1,0.03,4.0,1.0,0.5740616239121783,0.0,0.9117964024219789,0.0,0.8422463320243274,0.0,1.4555053675941378,0.0,-3.8609388474109e-06,0.002680879951417303,-0.21620841311068406,True,False,True,False,False,True
AReMActivities,STCG-v1 Weighted Ridge,5,0.1,0.1,0.5,1.0,0.5740648397180341,0.0,0.9118000904127941,0.0,0.8422505241377862,1.2412670766236366e-16,1.4555074840894702,0.0,-1.729480322287813e-07,0.0026845679422324853,-0.21620472511986888,True,False,True,False,False,True
AReMActivities,STCG-v1 Weighted Ridge,5,0.1,0.1,1.0,1.0,0.5740646580509834,0.0,0.9117998760949073,1.2412670766236366e-16,0.8422502812675076,0.0,1.4555073364584055,0.0,-3.8726591899962415e-07,0.0026843536243457145,-0.21620493943775565,True,False,True,False,False,True
AReMActivities,STCG-v1 Weighted Ridge,5,0.1,0.1,2.0,1.0,0.5740641908111317,0.0,0.9117993294777929,0.0,0.8422496589979109,1.2412670766236366e-16,1.4555069844153572,0.0,-9.338830334604253e-07,0.0026838070072312536,-0.2162054860548701,True,False,True,False,False,True
AReMActivities,STCG-v1 Weighted Ridge,5,0.1,0.1,4.0,1.0,0.57406309743319,0.0,0.911798041012101,0.0,0.8422481566180456,0.0,1.4555061290887406,0.0,-2.2223487252670537e-06,0.002682518541539447,-0.21620677452056192,True,False,True,False,False,True
AReMActivities,STCG-v1 Weighted Ridge,5,0.1,0.3,0.5,1.0,0.5740648795035586,0.0,0.9118001373696496,1.2412670766236366e-16,0.8422505773066025,0.0,1.4555075165594598,0.0,-1.259911767137467e-07,0.0026846148990880003,-0.21620467816301336,True,False,True,False,False,True
AReMActivities,STCG-v1 Weighted Ridge,5,0.1,0.3,1.0,1.0,0.5740647670464173,0.0,0.911800003287642,0.0,0.8422504250672042,1.2412670766236366e-16,1.4555074161296335,0.0,-2.6007318432164084e-07,0.0026844808170803924,-0.21620481224502097,True,False,True,False,False,True
AReMActivities,STCG-v1 Weighted Ridge,5,0.1,0.3,2.0,1.0,0.5740645442352222,0.0,0.9117997365239372,0.0,0.8422501201626073,0.0,1.4555072127000632,0.0,-5.268368891142572e-07,0.0026842140533756,-0.21620507900872576,True,False,True,False,False,True
AReMActivities,STCG-v1 Weighted Ridge,5,0.1,0.3,4.0,1.0,0.5740641795988461,0.0,0.9117992906334289,1.2412670766236366e-16,0.8422496069525135,0.0,1.455506845637091,0.0,-9.727273974080575e-07,0.002683768162867306,-0.21620552489923406,True,False,True,False,False,True
AReMActivities,STCG-v1 Weighted Ridge,5,0.1,0.6,0.5,1.0,0.5740649298687558,0.0,0.9118001972569303,0.0,0.8422506451863839,1.2412670766236366e-16,1.4555075605506773,0.0,-6.610389602368372e-08,0.0026846747863686904,-0.21620461827573267,True,False,True,False,False,True
AReMActivities,STCG-v1 Weighted Ridge,5,0.1,0.6,1.0,1.0,0.5740648802775251,0.0,0.9118001373704402,1.2412670766236366e-16,0.842250577403909,0.0,1.4555075111235183,0.0,-1.2599038612393088e-07,0.00268461489987859,-0.21620467816222277,True,False,True,False,False,True
AReMActivities,STCG-v1 Weighted Ridge,5,0.1,0.6,2.0,1.0,0.5740647993000257,0.0,0.9118000382422278,0.0,0.8422504655023231,1.2412670766236366e-16,1.4555074219274817,0.0,-2.2511859854024152e-07,0.002684515771666174,-0.2162047772904352,True,False,True,False,False,True
AReMActivities,STCG-v1 Weighted Ridge,5,0.1,0.6,4.0,1.0,0.5740646947191397,0.0,0.9117999061126747,0.0,0.8422503198752873,1.2412670766236366e-16,1.455507276395557,0.0,-3.572481516167514e-07,0.0026843836421130973,-0.21620490941998827,True,False,True,False,False,True
AReMActivities,STCG-v1 Weighted Ridge,5,0.3,0.01,0.5,1.0,0.5740598267115105,0.0,0.9117937092500579,0.0,0.8422428704386101,0.0,1.4555042278334087,0.0,-5.893798985523446e-07,0.002678186779496272,-0.2162111062826051,True,False,True,False,False,True
AReMActivities,STCG-v1 Weighted Ridge,5,0.3,0.01,1.0,1.0,0.5740591434166612,0.0,0.9117929076572316,1.2412670766236366e-16,0.8422419650092967,1.2412670766236366e-16,1.4555037005309293,0.0,-1.3909727247796155e-06,0.002677385186670045,-0.21621190787543132,True,False,True,False,False,True
AReMActivities,STCG-v1 Weighted Ridge,5,0.3,0.01,2.0,1.0,0.574056792033241,0.0,0.9117901954515861,0.0,0.8422389340671081,0.0,1.4555021839041566,0.0,-4.103178370296057e-06,0.0026746729810245284,-0.21621462008107684,True,False,True,False,False,True
AReMActivities,STCG-v1 Weighted Ridge,5,0.3,0.01,4.0,1.0,0.574045138135984,0.0,0.9117770922961391,0.0,0.8422243633777846,0.0,1.4554964777190635,0.0,-1.720633381729897e-05,0.0026615698255775255,-0.21622772323652384,True,False,True,False,False,True
AReMActivities,STCG-v1 Weighted Ridge,5,0.3,0.03,0.5,1.0,0.574059840494491,0.0,0.9117937254207809,0.0,0.842242888702239,0.0,1.4555042384765133,0.0,-5.732091755694668e-07,0.002678202950219255,-0.2162110901118821,True,False,True,False,False,True
AReMActivities,STCG-v1 Weighted Ridge,5,0.3,0.03,1.0,1.0,0.5740591916820109,0.0,0.9117929633331119,1.2412670766236366e-16,0.8422420270949269,0.0,1.4555037317830768,0.0,-1.3352968445401459e-06,0.0026774408625502844,-0.21621185219955108,True,False,True,False,False,True
AReMActivities,STCG-v1 Weighted Ridge,5,0.3,0.03,2.0,1.0,0.5740571554427888,0.0,0.9117906077858564,1.2412670766236366e-16,0.8422393763890035,1.2412670766236366e-16,1.455502371261254,0.0,-3.6908441000127468e-06,0.0026750853152948117,-0.21621420774680655,True,False,True,False,False,True
AReMActivities,STCG-v1 Weighted Ridge,5,0.3,0.03,4.0,1.0,0.5740502507859837,0.0,0.9117827279909616,1.2412670766236366e-16,0.8422303864781011,1.2412670766236366e-16,1.4554979365212866,0.0,-1.1570638994817806e-05,0.0026672055204000067,-0.21622208754170136,True,False,True,False,False,True
AReMActivities,STCG-v1 Weighted Ridge,5,0.3,0.1,0.5,1.0,0.5740598869100902,0.0,0.9117937799593692,1.2412670766236366e-16,0.8422429503511489,0.0,1.455504274840561,0.0,-5.186705872572972e-07,0.002678257488807567,-0.2162110355732938,True,False,True,False,False,True
AReMActivities,STCG-v1 Weighted Ridge,5,0.3,0.1,1.0,1.0,0.5740593420324023,0.0,0.911793137251189,1.2412670766236366e-16,0.8422422220211043,0.0,1.455503832124264,0.0,-1.1613787673780962e-06,0.0026776147806274464,-0.21621167828147392,True,False,True,False,False,True
AReMActivities,STCG-v1 Weighted Ridge,5,0.3,0.1,2.0,1.0,0.5740579407050057,0.0,0.9117914982352152,0.0,0.8422403561422305,1.2412670766236366e-16,1.4555027766334545,0.0,-2.800394741209189e-06,0.0026759757646536153,-0.21621331729744775,True,False,True,False,False,True
AReMActivities,STCG-v1 Weighted Ridge,5,0.3,0.1,4.0,1.0,0.5740546633053574,0.0,0.9117876362200217,1.2412670766236366e-16,0.8422358526519304,0.0,1.4555002137763853,0.0,-6.6624099347434296e-06,0.002672113749460081,-0.21621717931264128,True,False,True,False,False,True
AReMActivities,STCG-v1 Weighted Ridge,5,0.3,0.3,0.5,1.0,0.5740600062420242,0.0,0.9117939207822452,1.2412670766236366e-16,0.8422431098022909,1.2412670766236366e-16,1.4555043722174594,0.0,-3.778477112303946e-07,0.002678398311683594,-0.21621089475041777,True,False,True,False,False,True
AReMActivities,STCG-v1 Weighted Ridge,5,0.3,0.3,1.0,1.0,0.574059668948082,0.0,0.9117935186861021,1.2412670766236366e-16,0.8422426532557399,0.0,1.4555040710426235,0.0,-7.799438542788195e-07,0.0026779962155405457,-0.21621129684656082,True,False,True,False,False,True
AReMActivities,STCG-v1 Weighted Ridge,5,0.3,0.3,2.0,1.0,0.5740590006974708,0.0,0.9117927187546859,0.0,0.8422417389480759,1.2412670766236366e-16,1.455503461042653,0.0,-1.5798752704965224e-06,0.002677196284124328,-0.21621209677797704,True,False,True,False,False,True
AReMActivities,STCG-v1 Weighted Ridge,5,0.3,0.3,4.0,1.0,0.574057907192461,0.0,0.9117913818675009,0.0,0.8422402001933321,0.0,1.4555023604959245,0.0,-2.916762455562605e-06,0.002675859396939262,-0.2162134336651621,True,False,True,False,False,True
AReMActivities,STCG-v1 Weighted Ridge,5,0.3,0.6,0.5,1.0,0.5740601573059739,0.0,0.9117941003837652,0.0,0.8422433133717601,1.2412670766236366e-16,1.4555045041470096,0.0,-1.982461912408695e-07,0.0026785779132035836,-0.21621071514889778,True,False,True,False,False,True
AReMActivities,STCG-v1 Weighted Ridge,5,0.3,0.6,1.0,1.0,0.5740600085664447,0.0,0.9117939207888275,1.2412670766236366e-16,0.8422431100980157,1.2412670766236366e-16,1.4555043559187386,0.0,-3.778411289401262e-07,0.0026783983182658844,-0.21621089474383548,True,False,True,False,False,True
AReMActivities,STCG-v1 Weighted Ridge,5,0.3,0.6,2.0,1.0,0.574059765696833,0.0,0.9117936235229053,0.0,0.8422427745267622,1.2412670766236366e-16,1.4555040884367894,0.0,-6.75107051151258e-07,0.0026781010523436732,-0.2162111920097577,True,False,True,False,False,True
AReMActivities,STCG-v1 Weighted Ridge,5,0.3,0.6,4.0,1.0,0.5740594520487896,0.0,0.9117932273120447,0.0,0.8422423378392134,1.2412670766236366e-16,1.4555036520306868,0.0,-1.0713179117161076e-06,0.0026777048414831084,-0.21621158822061826,True,False,True,False,False,True
AReMActivities,STCG-v1 Weighted Ridge,5,1.0,0.01,0.5,1.0,0.5740423661503881,0.0,0.9117714802699257,0.0,0.8422162017054007,1.2412670766236366e-16,1.4554928998253,0.0,-1.9622985552025796e-06,0.002655957799364117,-0.21623333526273725,True,False,True,False,False,True
AReMActivities,STCG-v1 Weighted Ridge,5,1.0,0.01,1.0,1.0,0.5740400939796545,0.0,0.9117688119045532,0.0,0.8422131877280797,0.0,1.455491144647809,0.0,-4.630663927751577e-06,0.002653289433991568,-0.2162360036281098,True,False,True,False,False,True
AReMActivities,STCG-v1 Weighted Ridge,5,1.0,0.01,2.0,1.0,0.574032276664601,0.0,0.9117597903822938,0.0,0.8422031053036694,0.0,1.455486102156904,0.0,-1.3652186187096405e-05,0.002644267911732223,-0.21624502515036914,True,False,True,False,False,True
AReMActivities,STCG-v1 Weighted Ridge,5,1.0,0.01,4.0,1.0,0.5739936556802305,0.0,0.9117164431505185,0.0,0.8421548711974267,1.2412670766236366e-16,1.455467295908337,0.0,-5.6999417962444454e-05,0.002600920679956875,-0.2162883723821445,True,False,True,False,False,True
AReMActivities,STCG-v1 Weighted Ridge,5,1.0,0.03,0.5,1.0,0.5740424119864683,0.0,0.9117715341083554,0.0,0.8422162625099678,1.2412670766236366e-16,1.455492935259995,0.0,-1.908460125488176e-06,0.0026560116377938314,-0.21623328142430753,True,False,True,False,False,True
AReMActivities,STCG-v1 Weighted Ridge,5,1.0,0.03,1.0,1.0,0.5740402545264458,0.0,0.9117689972383953,0.0,0.8422133943937455,1.2412670766236366e-16,1.45549124867376,0.0,-4.4453300855895606e-06,0.00265347476783373,-0.21623581829426763,True,False,True,False,False,True
AReMActivities,STCG-v1 Weighted Ridge,5,1.0,0.03,2.0,1.0,0.5740334849646235,0.0,0.9117611609352917,1.2412670766236366e-16,0.8422045756903497,0.0,1.455486724451972,0.0,-1.2281633189226149e-05,0.0026456384647300935,-0.21624365459737127,True,False,True,False,False,True
AReMActivities,STCG-v1 Weighted Ridge,5,1.0,0.03,4.0,1.0,0.5740105659839204,0.0,0.9117350150161625,0.0,0.8421747328922141,1.2412670766236366e-16,1.455472057492527,0.0,-3.8427552318420766e-05,0.002619492545600899,-0.21626980051650047,True,False,True,False,False,True
AReMActivities,STCG-v1 Weighted Ridge,5,1.0,0.1,0.5,1.0,0.5740425663403846,0.0,0.9117717156879565,0.0,0.8422164677561714,1.2412670766236366e-16,1.4554930563289323,0.0,-1.7268805244663454e-06,0.0026561932173948533,-0.2162330998447065,True,False,True,False,False,True
AReMActivities,STCG-v1 Weighted Ridge,5,1.0,0.1,1.0,1.0,0.57404075460911,0.0,0.9117695761866871,0.0,0.8422140432601587,0.0,1.455491582667763,0.0,-3.866381793837803e-06,0.002654053716125482,-0.21623523934597588,True,False,True,False,False,True
AReMActivities,STCG-v1 Weighted Ridge,5,1.0,0.1,2.0,1.0,0.5740360961438408,0.0,0.911764122525258,0.0,0.8422078344913848,1.2412670766236366e-16,1.4554880717897027,0.0,-9.320043222960095e-06,0.0026486000546963595,-0.216240693007405,True,False,True,False,False,True
AReMActivities,STCG-v1 Weighted Ridge,5,1.0,0.1,4.0,1.0,0.574025211093458,0.0,0.911751288444856,1.2412670766236366e-16,0.8421928652884876,1.2412670766236366e-16,1.4554795651384647,0.0,-2.215412362494007e-05,0.0026357659742943795,-0.21625352708780698,True,False,True,False,False,True
AReMActivities,STCG-v1 Weighted Ridge,5,1.0,0.3,0.5,1.0,0.5740429634757097,0.0,0.9117721845419771,0.0,0.8422169986156769,0.0,1.4554933805333965,0.0,-1.2580265038586447e-06,0.002656662071415461,-0.2162326309906859,True,False,True,False,False,True
AReMActivities,STCG-v1 Weighted Ridge,5,1.0,0.3,1.0,1.0,0.5740418417894454,0.0,0.9117708459674458,0.0,0.8422154787933911,0.0,1.4554923779526159,0.0,-2.596601035076418e-06,0.002655323496884243,-0.21623396956521712,True,False,True,False,False,True
AReMActivities,STCG-v1 Weighted Ridge,5,1.0,0.3,2.0,1.0,0.5740396206447114,0.0,0.9117681837184854,1.2412670766236366e-16,0.8422124358312729,0.0,1.455490347981402,0.0,-5.258849995470882e-06,0.0026526612479238487,-0.21623663181417752,True,False,True,False,False,True
AReMActivities,STCG-v1 Weighted Ridge,5,1.0,0.3,4.0,1.0,0.5740359878073779,0.0,0.9117637365583914,0.0,0.8422073168419736,1.2412670766236366e-16,1.455486686967136,0.0,-9.70601008953853e-06,0.002648214087829781,-0.21624107897427158,True,False,True,False,False,True
AReMActivities,STCG-v1 Weighted Ridge,5,1.0,0.6,0.5,1.0,0.5740434663328028,0.0,0.9117727825109435,0.0,0.842217676366548,1.2412670766236366e-16,1.4554938197849847,0.0,-6.600575374049455e-07,0.0026572600403819147,-0.21623203302171945,True,False,True,False,False,True
AReMActivities,STCG-v1 Weighted Ridge,5,1.0,0.6,1.0,1.0,0.5740429712959718,0.0,0.9117721846129714,0.0,0.8422169996457903,0.0,1.4554933263105856,0.0,-1.257955509537112e-06,0.0026566621424097825,-0.21623263091969158,True,False,True,False,False,True
AReMActivities,STCG-v1 Weighted Ridge,5,1.0,0.6,2.0,1.0,0.5740421638237783,0.0,0.9117711951095127,0.0,0.8422158826301442,1.2412670766236366e-16,1.4554924359407648,0.0,-2.247458968263061e-06,0.0026556726389510565,-0.2162336204231503,True,False,True,False,False,True
AReMActivities,STCG-v1 Weighted Ridge,5,1.0,0.6,4.0,1.0,0.574041121803088,0.0,0.9117698764776636,0.0,0.8422144292596659,1.2412670766236366e-16,1.4554909834637397,0.0,-3.5660908173085204e-06,0.002654354007102011,-0.21623493905499935,True,False,True,False,False,True
AReMActivities,STCG-v1 Weighted Ridge,5,3.0,0.01,0.5,1.0,0.5739926749431432,0.0,0.9117081617389771,0.0,0.8421402270847562,1.2412670766236366e-16,1.455460654018577,0.0,-5.8672555489636125e-06,0.002592639268415464,-0.2162966537936859,True,False,True,False,False,True
AReMActivities,STCG-v1 Weighted Ridge,5,3.0,0.01,1.0,1.0,0.5739858789427614,0.0,0.9117001874385888,0.0,0.8421312203020259,1.2412670766236366e-16,1.4554554097589967,0.0,-1.3841555937199601e-05,0.0025846649680272282,-0.21630462809407414,True,False,True,False,False,True
AReMActivities,STCG-v1 Weighted Ridge,5,3.0,0.01,2.0,1.0,0.5739625387539212,0.0,0.9116732859357312,0.0,0.8421011493920016,1.2412670766236366e-16,1.4554403919250216,0.0,-4.0743058794867615e-05,0.00255776346516956,-0.2163315295969318,True,False,True,False,False,True
AReMActivities,STCG-v1 Weighted Ridge,5,3.0,0.01,4.0,1.0,0.5738488473198938,0.0,0.91154599808664,1.2412670766236366e-16,0.8419592458840451,0.0,1.4553857451035352,0.0,-0.0001680309078859743,0.0024304756160784535,-0.2164588174460229,True,False,True,False,False,True
AReMActivities,STCG-v1 Weighted Ridge,5,3.0,0.03,0.5,1.0,0.5739928120966892,0.0,0.9117083227083432,0.0,0.8421404088652891,1.2412670766236366e-16,1.4554607599618874,0.0,-5.706286182793896e-06,0.002592800237781634,-0.21629649282431973,True,False,True,False,False,True
AReMActivities,STCG-v1 Weighted Ridge,5,3.0,0.03,1.0,1.0,0.573986359195364,0.0,0.9117007412878639,1.2412670766236366e-16,0.8421318378561793,0.0,1.4554557205795742,0.0,-1.328770666209067e-05,0.002585218817302337,-0.21630407424479903,True,False,True,False,False,True
AReMActivities,STCG-v1 Weighted Ridge,5,3.0,0.03,2.0,1.0,0.5739661344524211,0.0,0.9116773644835995,0.0,0.842105526367526,1.2412670766236366e-16,1.4554422399196691,0.0,-3.666451092654288e-05,0.002561842013037885,-0.21632745104906348,True,False,True,False,False,True
AReMActivities,STCG-v1 Weighted Ridge,5,3.0,0.03,4.0,1.0,0.5738982606439716,0.0,0.9115999362955993,0.0,0.8420170397104826,1.2412670766236366e-16,1.455399195944841,0.0,-0.00011409269892670437,0.0024844138250377235,-0.21640487923706364,True,False,True,False,False,True
AReMActivities,STCG-v1 Weighted Ridge,5,3.0,0.1,0.5,1.0,0.5739932739589396,0.0,0.9117088656066482,0.0,0.8421410224690566,0.0,1.4554611219361469,0.0,-5.163387877815673e-06,0.002593343136086612,-0.21629594992601475,True,False,True,False,False,True
AReMActivities,STCG-v1 Weighted Ridge,5,3.0,0.1,1.0,1.0,0.5739878550020157,0.0,0.9117024714934739,1.2412670766236366e-16,0.8421337768858536,0.0,1.455456718507763,0.0,-1.1557501052084085e-05,0.0025869490229123437,-0.21630234403918902,True,False,True,False,False,True
AReMActivities,STCG-v1 Weighted Ridge,5,3.0,0.1,2.0,1.0,0.5739739366691241,0.0,0.9116861933357573,0.0,0.8421152428350757,0.0,1.4554462489337745,0.0,-2.7835658768737837e-05,0.00257067086519569,-0.21631862219690567,True,False,True,False,False,True
AReMActivities,STCG-v1 Weighted Ridge,5,3.0,0.1,4.0,1.0,0.5739415889609251,0.0,0.9116480241341582,0.0,0.8420706952736621,1.2412670766236366e-16,1.4554210335996887,0.0,-6.600486036778541e-05,0.0025325016635966424,-0.21635679139850472,True,False,True,False,False,True
AReMActivities,STCG-v1 Weighted Ridge,5,3.0,0.3,0.5,1.0,0.57399446129049,0.0,0.9117102674276456,0.0,0.8421426095487945,0.0,1.4554620912639875,0.0,-3.7615668804225066e-06,0.0025947449570840053,-0.21629454810501736,True,False,True,False,False,True
AReMActivities,STCG-v1 Weighted Ridge,5,3.0,0.3,1.0,1.0,0.573991106735115,0.0,0.9117062666014653,0.0,0.8421380671447795,0.0,1.4554590949124284,0.0,-7.762393060772865e-06,0.002590744130903655,-0.2162985489311977,True,False,True,False,False,True
AReMActivities,STCG-v1 Weighted Ridge,5,3.0,0.3,2.0,1.0,0.5739844697662765,0.0,0.9116983155721623,1.2412670766236366e-16,0.842128978596444,0.0,1.455453033647144,0.0,-1.5713422363727858e-05,0.0025827931016007,-0.21630649996050066,True,False,True,False,False,True
AReMActivities,STCG-v1 Weighted Ridge,5,3.0,0.3,4.0,1.0,0.5739736351633814,0.0,0.9116850518397845,1.2412670766236366e-16,0.8421137084505992,1.2412670766236366e-16,1.4554421142268406,0.0,-2.897715474148299e-05,0.002569529369222945,-0.21631976369287842,True,False,True,False,False,True
AReMActivities,STCG-v1 Weighted Ridge,5,3.0,0.6,0.5,1.0,0.5739959642048917,0.0,0.9117120553363323,1.2412670766236366e-16,0.8421446358531387,0.0,1.4554634046358126,0.0,-1.973658193765715e-06,0.002596532865770662,-0.2162927601963307,True,False,True,False,False,True
AReMActivities,STCG-v1 Weighted Ridge,5,3.0,0.6,1.0,1.0,0.5739944850008276,0.0,0.911710268059411,0.0,0.8421426130177192,0.0,1.4554619295040154,0.0,-3.7609351150047488e-06,0.002594745588849423,-0.21629454747325194,True,False,True,False,False,True
AReMActivities,STCG-v1 Weighted Ridge,5,3.0,0.6,2.0,1.0,0.5739920708694662,0.0,0.9117073113501124,0.0,0.8421392752421998,1.2412670766236366e-16,1.4554592689505002,0.0,-6.717644413622992e-06,0.002591788879550805,-0.21629750418255056,True,False,True,False,False,True
AReMActivities,STCG-v1 Weighted Ridge,5,3.0,0.6,4.0,1.0,0.5739889570223224,0.0,0.911703373121742,0.0,0.8421349343649371,0.0,1.4554549303833557,0.0,-1.065587278403779e-05,0.00258785065118039,-0.21630144241092097,True,False,True,False,False,True
AReMActivities,STCG-v1 Weighted Ridge,5,10.0,0.01,0.5,1.0,0.5738205761916819,0.0,0.9114887738024832,0.0,0.8418768772396865,1.2412670766236366e-16,1.455349181015332,0.0,-1.9331592919669127e-05,0.0023732513319215665,-0.2165160417301798,True,False,True,False,False,True
AReMActivities,STCG-v1 Weighted Ridge,5,10.0,0.01,1.0,1.0,0.5737981820343752,0.0,0.9114625462230942,0.0,0.8418472582597687,0.0,1.4553319432404765,0.0,-4.555917230864015e-05,0.0023470237525325954,-0.21654226930956877,True,False,True,False,False,True
AReMActivities,STCG-v1 Weighted Ridge,5,10.0,0.01,2.0,1.0,0.5737219609773934,0.0,0.9113747319367519,0.0,0.8417490338614162,1.2412670766236366e-16,1.4552831181150572,0.0,-0.00013337345865094274,0.002259209466190293,-0.21663008359591107,True,False,True,False,False,True
AReMActivities,STCG-v1 Weighted Ridge,5,10.0,0.01,4.0,1.0,0.5733621765549551,0.0,0.910980011935761,0.0,0.8413062079171608,0.0,1.4551194599288844,0.0,-0.0005280934596418874,0.0018644894651993482,-0.21702480359690202,True,False,True,False,False,True
AReMActivities,STCG-v1 Weighted Ridge,5,10.0,0.03,0.5,1.0,0.5738210286013482,0.0,0.9114893040929992,0.0,0.8418774758952715,1.2412670766236366e-16,1.4553495300257082,0.0,-1.8801302403614883e-05,0.0023737816224376207,-0.21651551143966374,True,False,True,False,False,True
AReMActivities,STCG-v1 Weighted Ridge,5,10.0,0.03,1.0,1.0,0.5737997659567992,0.0,0.9114643677126553,1.2412670766236366e-16,0.841849288743691,0.0,1.4553329650306084,0.0,-4.373768274756884e-05,0.0023488452420936667,-0.2165404478200077,True,False,True,False,False,True
AReMActivities,STCG-v1 Weighted Ridge,5,10.0,0.03,2.0,1.0,0.573733642424007,0.0,0.9113879509672923,0.0,0.8417632351022997,0.0,1.4552890654742467,0.0,-0.00012015442811053045,0.002272428496730705,-0.21661686456537066,True,False,True,False,False,True
AReMActivities,STCG-v1 Weighted Ridge,5,10.0,0.03,4.0,1.0,0.5735151029944302,0.0,0.9111409394272098,0.0,0.8414798064079406,1.2412670766236366e-16,1.4551556082230832,0.0,-0.0003671659681930839,0.0020254169566481517,-0.2168638761054532,True,False,True,False,False,True
AReMActivities,STCG-v1 Weighted Ridge,5,10.0,0.1,0.5,1.0,0.5738225519330407,0.0,0.9114910925997453,1.2412670766236366e-16,0.8418794966947871,0.0,1.455350722476339,0.0,-1.7012795657578295e-05,0.0023755701291836573,-0.2165137229329177,True,False,True,False,False,True
AReMActivities,STCG-v1 Weighted Ridge,5,10.0,0.1,1.0,1.0,0.5738046988375085,0.0,0.9114700589326162,1.2412670766236366e-16,0.8418556653046592,0.0,1.4553362453540615,0.0,-3.804646278660062e-05,0.002354536462054635,-0.21653475660004673,True,False,True,False,False,True
AReMActivities,STCG-v1 Weighted Ridge,5,10.0,0.1,2.0,1.0,0.5737590871063801,0.0,0.911416744502926,0.0,0.8417949404521821,0.0,1.455302060658796,0.0,-9.136089247685497e-05,0.0023012220323643806,-0.21658807102973698,True,False,True,False,False,True
AReMActivities,STCG-v1 Weighted Ridge,5,10.0,0.1,4.0,1.0,0.5736541586634953,0.0,0.9112932561957633,0.0,0.8416505125868478,0.0,1.4552213554513436,0.0,-0.00021484919963954408,0.0021777337252016915,-0.21671155933689967,True,False,True,False,False,True
AReMActivities,STCG-v1 Weighted Ridge,5,10.0,0.3,0.5,1.0,0.5738264670489642,0.0,0.9114957108265953,0.0,0.8418847237205499,0.0,1.4553539158574154,0.0,-1.2394568807527762e-05,0.002380188356033708,-0.21650910470606766,True,False,True,False,False,True
AReMActivities,STCG-v1 Weighted Ridge,5,10.0,0.3,1.0,1.0,0.5738154179541887,0.0,0.9114825459427609,0.0,0.841869778521437,0.0,1.45534405880433,0.0,-2.5559452641932268e-05,0.0023670234721993033,-0.21652226958990206,True,False,True,False,False,True
AReMActivities,STCG-v1 Weighted Ridge,5,10.0,0.3,2.0,1.0,0.5737935958289476,0.0,0.9114564519948054,0.0,0.8418399461034489,1.2412670766236366e-16,1.4553241823749326,0.0,-5.1653400597428956e-05,0.0023409295242438066,-0.21654836353785756,True,False,True,False,False,True
AReMActivities,STCG-v1 Weighted Ridge,5,10.0,0.3,4.0,1.0,0.5737581852421474,0.0,0.911413127066783,0.0,0.8417900376639394,1.2412670766236366e-16,1.455288509612991,0.0,-9.497832861982136e-05,0.0022976045962214142,-0.21659168846587995,True,False,True,False,False,True
AReMActivities,STCG-v1 Weighted Ridge,5,10.0,0.6,0.5,1.0,0.5738314216996214,0.0,0.9115016015214845,0.0,0.8418913981245216,0.0,1.455358243370872,0.0,-6.5038739183176375e-06,0.002386079050922918,-0.21650321401117845,True,False,True,False,False,True
AReMActivities,STCG-v1 Weighted Ridge,5,10.0,0.6,1.0,1.0,0.5738265499939667,0.0,0.9114957177539379,0.0,0.8418847396372339,0.0,1.4553533871681328,0.0,-1.2387641464939314e-05,0.0023801952833762963,-0.21650909777872507,True,False,True,False,False,True
AReMActivities,STCG-v1 Weighted Ridge,5,10.0,0.6,2.0,1.0,0.5738186092266353,0.0,0.911485997712213,0.0,0.841873766294926,1.2412670766236366e-16,1.4553446401135786,0.0,-2.2107683189886984e-05,0.0023704752416513486,-0.21651881782045002,True,False,True,False,False,True
AReMActivities,STCG-v1 Weighted Ridge,5,10.0,0.6,4.0,1.0,0.5738083753030074,0.0,0.9114730731679851,0.0,0.8418595175902555,0.0,1.4553303952798142,0.0,-3.50322274177417e-05,0.002357550697423494,-0.21653174236467787,True,False,True,False,False,True
AReMActivities,STCG-v1 Weighted Ridge,5,30.0,0.01,0.5,1.0,0.573342208703196,0.0,0.9108804702132558,0.0,0.8411457599816348,1.2412670766236366e-16,1.4550422816928752,0.0,-5.613755752564842e-05,0.0017649477426942006,-0.21712434531940716,True,False,True,False,False,True
AReMActivities,STCG-v1 Weighted Ridge,5,30.0,0.01,1.0,1.0,0.5732773869781049,0.0,0.910804673267072,0.0,0.8410602045294345,0.0,1.4549925286964798,0.0,-0.00013193450370940774,0.0016891507965104413,-0.21720014226559092,True,False,True,False,False,True
AReMActivities,STCG-v1 Weighted Ridge,5,30.0,0.01,2.0,1.0,0.5730581521335848,0.0,0.9105560867071668,0.0,0.8407816907138832,0.0,1.4548556181731065,0.0,-0.0003805210636146361,0.001440564236605213,-0.21744872882549615,True,False,True,False,False,True
AReMActivities,STCG-v1 Weighted Ridge,5,30.0,0.01,4.0,1.0,0.5721313053294081,0.0,0.9095767313102849,0.0,0.8396643635096582,0.0,1.454485772146349,0.0,-0.001359876460496512,0.00046120883972333715,-0.21842808422237803,True,False,True,True,False,True
AReMActivities,STCG-v1 Weighted Ridge,5,30.0,0.03,0.5,1.0,0.5733435229630803,0.0,0.9108820096483858,1.2412670766236366e-16,0.8411474962006371,1.2412670766236366e-16,1.455043295127135,0.0,-5.459812239561046e-05,0.0017664871778242386,-0.21712280588427713,True,False,True,False,False,True
AReMActivities,STCG-v1 Weighted Ridge,5,30.0,0.03,1.0,1.0,0.573281977709231,0.0,0.9108099368261684,1.2412670766236366e-16,0.8410660672063892,1.2412670766236366e-16,1.4549954809549532,0.0,-0.00012667094461304984,0.0016944143556067992,-0.21719487870649457,True,False,True,False,False,True
AReMActivities,STCG-v1 Weighted Ridge,5,30.0,0.03,2.0,1.0,0.5730915724542798,0.0,0.9105927563580565,0.0,0.8408212005231339,1.2412670766236366e-16,1.4548718076044973,0.0,-0.00034385141272497144,0.0014772338874948776,-0.2174120591746065,True,False,True,False,False,True
AReMActivities,STCG-v1 Weighted Ridge,5,30.0,0.03,4.0,1.0,0.5724934632305002,0.0,0.9099325382058312,1.2412670766236366e-16,0.8400566278448943,0.0,1.4545362269767983,0.0,-0.0010040695649502496,0.0008170157352695995,-0.21807227732683176,True,False,True,True,False,True
AReMActivities,STCG-v1 Weighted Ridge,5,30.0,0.1,0.5,1.0,0.5733479482407703,0.0,0.9108872016860708,1.2412670766236366e-16,0.841153357083838,1.2412670766236366e-16,1.455046757485386,0.0,-4.940608471060148e-05,0.0017716792155092476,-0.21711761384659212,True,False,True,False,False,True
AReMActivities,STCG-v1 Weighted Ridge,5,30.0,0.1,1.0,1.0,0.5732962675065858,0.0,0.9108263902660667,0.0,0.8410844875233316,1.2412670766236366e-16,1.4550049552526396,0.0,-0.00011021750471473801,0.001710867795505111,-0.21717842526659625,True,False,True,False,False,True
AReMActivities,STCG-v1 Weighted Ridge,5,30.0,0.1,2.0,1.0,0.5731649011242279,0.0,0.9106740702114783,0.0,0.8409108505959841,1.2412670766236366e-16,1.4549080096284315,0.0,-0.00026253755930316647,0.0015585477409166826,-0.21733074532118468,True,False,True,False,False,True
AReMActivities,STCG-v1 Weighted Ridge,5,30.0,0.1,4.0,1.0,0.5728700053999146,0.0,0.9103324395021988,0.0,0.8405092570121185,0.0,1.4546901350417616,0.0,-0.0006041682685826721,0.001216917031637177,-0.2176723760304642,True,False,True,False,False,True
AReMActivities,STCG-v1 Weighted Ridge,5,30.0,0.3,0.5,1.0,0.5733593316160169,0.0,0.9109006089375044,0.0,0.841168518627239,0.0,1.4550560296405655,0.0,-3.599883327709552e-05,0.0017850864669427535,-0.2171042065951586,True,False,True,False,False,True
AReMActivities,STCG-v1 Weighted Ridge,5,30.0,0.3,1.0,1.0,0.5733273263256279,0.0,0.9108625177049081,0.0,0.841125292329971,1.2412670766236366e-16,1.4550275276823288,0.0,-7.409006587333344e-05,0.0017469952343465156,-0.21714229782775485,True,False,True,False,False,True
AReMActivities,STCG-v1 Weighted Ridge,5,30.0,0.3,2.0,1.0,0.5732644997296238,0.0,0.9107875691994373,0.0,0.8410395687518616,1.2412670766236366e-16,1.4549705517363924,0.0,-0.0001490385713441844,0.0016720467288756646,-0.2172172463332257,True,False,True,False,False,True
AReMActivities,STCG-v1 Weighted Ridge,5,30.0,0.3,4.0,1.0,0.57316332536325,0.0,0.9106647302561732,0.0,0.8408978414157662,1.2412670766236366e-16,1.4548693458316102,0.0,-0.00027187751460822085,0.0015492077856116282,-0.21734008527648974,True,False,True,False,False,True
AReMActivities,STCG-v1 Weighted Ridge,5,30.0,0.6,0.5,1.0,0.573373741600428,0.0,0.910917713765506,0.0,0.8411878842758836,0.0,1.455068598585024,0.0,-1.8894005275438275e-05,0.0018021912949444108,-0.21708710176715695,True,False,True,False,False,True
AReMActivities,STCG-v1 Weighted Ridge,5,30.0,0.6,1.0,1.0,0.5733596026278662,0.0,0.9109006694509441,1.2412670766236366e-16,0.8411686021304474,0.0,1.455054531447907,0.0,-3.593831983739193e-05,0.0017851469803824571,-0.2171041460817189,True,False,True,False,False,True
AReMActivities,STCG-v1 Weighted Ridge,5,30.0,0.6,2.0,1.0,0.5733366531987548,0.0,0.9108726221962066,1.2412670766236366e-16,0.8411369342170856,0.0,1.4550292894097714,0.0,-6.39855745748763e-05,0.0017570997256449727,-0.2171321933364564,True,False,True,False,False,True
AReMActivities,STCG-v1 Weighted Ridge,5,30.0,0.6,4.0,1.0,0.5733072003678494,0.0,0.9108355080688069,1.2412670766236366e-16,0.8410959950308021,1.2412670766236366e-16,1.454988340682414,0.0,-0.00010109970197458296,0.001719985598245266,-0.2171693074638561,True,False,True,False,False,True
AReMActivities,STCG-v1 Weighted Ridge,5,100.0,0.01,0.5,1.0,0.5718177908113101,0.0,0.9089473541785271,1.2412670766236366e-16,0.8388126889184873,1.2412670766236366e-16,1.4540927810631405,0.0,-0.00016816829203447625,-0.00016816829203447625,-0.21905746135413584,True,True,True,False,False,True
AReMActivities,STCG-v1 Weighted Ridge,5,100.0,0.01,1.0,1.0,0.5716229937657326,0.0,0.9087235866371811,0.0,0.8385607184626496,0.0,1.4539458443645985,0.0,-0.00039193583338048565,-0.00039193583338048565,-0.21928122889548185,True,True,True,False,False,True
AReMActivities,STCG-v1 Weighted Ridge,5,100.0,0.01,2.0,1.0,0.5709993855695586,0.0,0.908035998103626,1.2412670766236366e-16,0.8377872384318381,1.2412670766236366e-16,1.453573733879417,0.0,-0.0010795243669355914,-0.0010795243669355914,-0.21996881742903696,True,True,True,True,True,True
AReMActivities,STCG-v1 Weighted Ridge,5,100.0,0.01,4.0,1.0,0.5690368213435207,0.0,0.9061913454538397,0.0,0.8355537994584898,1.2412670766236366e-16,1.453147177188716,0.0,-0.002924177016721874,-0.002924177016721874,-0.22181347007882324,True,True,True,True,True,True
AReMActivities,STCG-v1 Weighted Ridge,5,100.0,0.03,0.5,1.0,0.5718217928791532,0.0,0.9089519647850516,1.2412670766236366e-16,0.8388178692313613,0.0,1.4540958284377898,0.0,-0.00016355768551001848,-0.00016355768551001848,-0.21905285074761138,True,True,True,False,False,True
AReMActivities,STCG-v1 Weighted Ridge,5,100.0,0.03,1.0,1.0,0.5716368210973439,0.0,0.9087391343965894,1.2412670766236366e-16,0.8385779716194472,1.2412670766236366e-16,1.453954648899781,0.0,-0.0003763880739722225,-0.0003763880739722225,-0.2192656811360736,True,True,True,False,False,True
AReMActivities,STCG-v1 Weighted Ridge,5,100.0,0.03,2.0,1.0,0.5710899786229159,0.0,0.9081303005458354,0.0,0.8378899186941992,0.0,1.4536126371898304,0.0,-0.000985221924726165,-0.000985221924726165,-0.21987451498682753,True,True,True,False,False,True
AReMActivities,STCG-v1 Weighted Ridge,5,100.0,0.03,4.0,1.0,0.5695888132900448,0.0,0.9065598337852061,1.2412670766236366e-16,0.8360348910906208,1.2412670766236366e-16,1.452891602647951,0.0,-0.002555688685355495,-0.002555688685355495,-0.22144498174745686,True,True,True,True,True,True
AReMActivities,STCG-v1 Weighted Ridge,5,100.0,0.1,0.5,1.0,0.5718352682337736,0.0,0.9089675133628157,0.0,0.8388353565869677,1.2412670766236366e-16,1.4541062328696457,0.0,-0.0001480091077459278,-0.0001480091077459278,-0.2190373021698473,True,True,True,False,False,True
AReMActivities,STCG-v1 Weighted Ridge,5,100.0,0.1,1.0,1.0,0.5716798687585745,0.0,0.9087878071902684,0.0,0.8386322677119062,1.2412670766236366e-16,1.4539828367143004,0.0,-0.00032771528029318375,-0.00032771528029318375,-0.21921700834239455,True,True,True,False,False,True
AReMActivities,STCG-v1 Weighted Ridge,5,100.0,0.1,2.0,1.0,0.571297496056619,0.0,0.9083536287961481,0.0,0.8381367447727657,0.0,1.4537102008261271,0.0,-0.000761893674413483,-0.000761893674413483,-0.21965118673651485,True,True,True,False,False,True
AReMActivities,STCG-v1 Weighted Ridge,5,100.0,0.1,4.0,1.0,0.5705061514540961,0.0,0.9074630576474437,0.0,0.8370787261208544,0.0,1.4531644028059134,0.0,-0.0016524648231178718,-0.0016524648231178718,-0.22054175788521924,True,True,True,True,True,True
AReMActivities,STCG-v1 Weighted Ridge,5,100.0,0.3,0.5,1.0,0.5718698673359193,0.0,0.9090076577412999,0.0,0.8388806020339926,0.0,1.4541340623876016,0.0,-0.00010786472926171964,-0.00010786472926171964,-0.21899715779136308,True,True,True,False,False,True
AReMActivities,STCG-v1 Weighted Ridge,5,100.0,0.3,1.0,1.0,0.5717735510489268,0.0,0.9088948904543572,0.0,0.8387528444906772,0.0,1.4540497835658812,0.0,-0.00022063201620436956,-0.00022063201620436956,-0.21910992507830573,True,True,True,False,False,True
AReMActivities,STCG-v1 Weighted Ridge,5,100.0,0.3,2.0,1.0,0.5715886882932127,0.0,0.908678108649242,0.0,0.8385047064998418,1.2412670766236366e-16,1.4538857605927846,0.0,-0.0004374138213195655,-0.0004374138213195655,-0.21932670688342093,True,True,True,False,False,True
AReMActivities,STCG-v1 Weighted Ridge,5,100.0,0.3,4.0,1.0,0.5713031547093821,0.0,0.90833688818959,0.0,0.8381093444007404,1.2412670766236366e-16,1.4536037053316588,0.0,-0.0007786342809715796,-0.0007786342809715796,-0.21966792734307294,True,True,True,False,False,True
AReMActivities,STCG-v1 Weighted Ridge,5,100.0,0.6,0.5,1.0,0.5719136286489533,0.0,0.9090588830584817,1.2412670766236366e-16,0.8389384305428326,0.0,1.4541717622524606,0.0,-5.66394120798952e-05,-5.66394120798952e-05,-0.21894593247418126,True,True,True,False,False,True
AReMActivities,STCG-v1 Weighted Ridge,5,100.0,0.6,1.0,1.0,0.5718710338561844,0.0,0.9090082677921071,1.2412670766236366e-16,0.8388812438360551,0.0,1.4541300131085038,0.0,-0.00010725467845451586,-0.00010725467845451586,-0.21899654774055588,True,True,True,False,False,True
AReMActivities,STCG-v1 Weighted Ridge,5,100.0,0.6,2.0,1.0,0.5718027721017906,0.0,0.9089260641761319,1.2412670766236366e-16,0.8387883969531442,0.0,1.4540560911691183,0.0,-0.00018945829442973405,-0.00018945829442973405,-0.2190787513565311,True,True,True,False,False,True
AReMActivities,STCG-v1 Weighted Ridge,5,100.0,0.6,4.0,1.0,0.5717166572909111,0.0,0.9088190330860757,0.0,0.8386701013398046,0.0,1.453937869694259,0.0,-0.00029648938448589846,-0.00029648938448589846,-0.21918578244658726,True,True,True,False,False,True
BeijingPM25,Persistence,5,nan,,,,0.13322804150080164,0.0,0.26614840724975075,0.0,0.2658437488192171,0.0,0.2886105491944636,0.0,nan,0.03285865223321288,0.0,False,False,False,False,False,False
BeijingPM25,Dense Ridge,5,0.1,,,,0.12173686046266316,0.0,0.23328975501653787,0.0,0.23242785114591086,3.1031676915590914e-17,0.2665532138525368,0.0,0.0,0.0,-0.03285865223321288,False,False,True,False,False,True
BeijingPM25,Dense Ridge,5,0.3,,,,0.12173873000090696,0.0,0.23329220537035167,0.0,0.2324303397561176,0.0,0.2665537468279656,0.0,0.0,2.450353813798767e-06,-0.03285620187939908,False,False,True,False,False,True
BeijingPM25,Dense Ridge,5,1.0,,,,0.12174529654845605,0.0,0.23330082699568075,0.0,0.2324390943300604,0.0,0.2665556857881738,0.0,0.0,1.1071979142879274e-05,-0.03284758025407,False,False,True,False,False,True
BeijingPM25,Dense Ridge,5,3.0,,,,0.12176426920650738,0.0,0.23332584384193628,3.1031676915590914e-17,0.2324644829818255,3.1031676915590914e-17,0.26656184865132987,0.0,0.0,3.6088825398405966e-05,-0.032822563407814476,False,False,True,False,False,True
BeijingPM25,Dense Ridge,5,10.0,,,,0.1218330365063244,1.5515838457795457e-17,0.23341767641651642,0.0,0.23255752617614123,0.0,0.2665904072357534,0.0,0.0,0.00012792139997855334,-0.03273073083323433,False,False,True,False,False,True
BeijingPM25,Dense Ridge,5,30.0,,,,0.12204743032681689,1.5515838457795457e-17,0.23371209585237745,3.1031676915590914e-17,0.23285470118544546,0.0,0.2667254416661553,0.0,0.0,0.00042234083583958526,-0.032436311397373296,False,False,True,False,False,True
BeijingPM25,Dense Ridge,5,100.0,,,,0.12293454262051337,0.0,0.23499071745687913,3.1031676915590914e-17,0.23413690937383286,3.1031676915590914e-17,0.267636901969419,0.0,0.0,0.0017009624403412638,-0.031157689792871618,False,False,True,False,False,True
BeijingPM25,DynVAR-Lasso Weighted Ridge,5,0.1,0.01,0.5,1.0,0.12173673891211698,0.0,0.23328968947932469,0.0,0.23242778362554967,3.1031676915590914e-17,0.26655323003946246,0.0,-6.553721318414141e-08,-6.553721318414141e-08,-0.032858717770426066,True,True,True,False,False,True
BeijingPM25,DynVAR-Lasso Weighted Ridge,5,0.1,0.01,1.0,1.0,0.1217365149583226,0.0,0.23328954717562053,3.1031676915590914e-17,0.23242763825195709,0.0,0.2665531918806951,0.0,-2.078409173378315e-07,-2.078409173378315e-07,-0.03285886007413022,True,True,True,False,False,True
BeijingPM25,DynVAR-Lasso Weighted Ridge,5,0.1,0.01,2.0,1.0,0.12173539377912557,0.0,0.23328870196279922,3.1031676915590914e-17,0.2324267811819256,0.0,0.26655263886760217,0.0,-1.0530537386532757e-06,-1.0530537386532757e-06,-0.032859705286951535,True,True,True,False,False,True
BeijingPM25,DynVAR-Lasso Weighted Ridge,5,0.1,0.01,4.0,1.0,0.12173035183986144,0.0,0.23328673693589116,0.0,0.23242487706118026,3.1031676915590914e-17,0.2665509833109729,0.0,-3.018080646705057e-06,-3.018080646705057e-06,-0.03286167031385959,True,True,True,False,False,True
BeijingPM25,DynVAR-Lasso Weighted Ridge,5,0.1,0.03,0.5,1.0,0.12173674344782617,0.0,0.23328969238240088,0.0,0.23242778659211796,3.1031676915590914e-17,0.26655323083581217,0.0,-6.263413698803788e-08,-6.263413698803788e-08,-0.03285871486734987,True,True,True,False,False,True
BeijingPM25,DynVAR-Lasso Weighted Ridge,5,0.1,0.03,1.0,1.0,0.1217365404790312,0.0,0.2332895685581918,3.1031676915590914e-17,0.23242766011039842,0.0,0.26655320633743756,0.0,-1.8645834606867417e-07,-1.8645834606867417e-07,-0.03285883869155895,True,True,True,False,False,True
BeijingPM25,DynVAR-Lasso Weighted Ridge,5,0.1,0.03,2.0,1.0,0.12173575302638155,0.0,0.2332890861766948,3.1031676915590914e-17,0.2324271740686724,3.1031676915590914e-17,0.26655296855939303,0.0,-6.688398430654274e-07,-6.688398430654274e-07,-0.03285932107305595,True,True,True,False,False,True
BeijingPM25,DynVAR-Lasso Weighted Ridge,5,0.1,0.03,4.0,1.0,0.12173372122489126,1.5515838457795457e-17,0.23328844667690046,0.0,0.23242651269223452,3.1031676915590914e-17,0.2665534540878562,0.0,-1.3083396374069522e-06,-1.3083396374069522e-06,-0.03285996057285029,True,True,True,False,False,True
BeijingPM25,DynVAR-Lasso Weighted Ridge,5,0.1,0.1,0.5,1.0,0.12173675804251731,0.0,0.2332897014150766,0.0,0.23242779582522996,0.0,0.26655323271491005,0.0,-5.36014612695368e-08,-5.36014612695368e-08,-0.03285870583467415,True,True,True,False,False,True
BeijingPM25,DynVAR-Lasso Weighted Ridge,5,0.1,0.1,1.0,1.0,0.12173660857392987,0.0,0.2332896194054414,3.1031676915590914e-17,0.23242771185634967,0.0,0.2665532368516676,0.0,-1.3561109646342828e-07,-1.3561109646342828e-07,-0.032858787844309345,True,True,True,False,False,True
BeijingPM25,DynVAR-Lasso Weighted Ridge,5,0.1,0.1,2.0,1.0,0.12173622961078581,1.5515838457795457e-17,0.23328944617939446,3.1031676915590914e-17,0.23242753488964304,0.0,0.26655328270708745,0.0,-3.0883714341456425e-07,-3.0883714341456425e-07,-0.032858961070356296,True,True,True,False,False,True
BeijingPM25,DynVAR-Lasso Weighted Ridge,5,0.1,0.1,4.0,1.0,0.12173567274235045,1.5515838457795457e-17,0.2332892363555254,3.1031676915590914e-17,0.23242730378506318,3.1031676915590914e-17,0.26655383706485863,0.0,-5.186610124718882e-07,-5.186610124718882e-07,-0.032859170894225354,True,True,True,False,False,True
BeijingPM25,DynVAR-Lasso Weighted Ridge,5,0.1,0.3,0.5,1.0,0.12173679150236574,1.5515838457795457e-17,0.23328972055541614,3.1031676915590914e-17,0.23242781543509436,0.0,0.26655323291940086,0.0,-3.44611217339974e-08,-3.44611217339974e-08,-0.032858686694334616,True,True,True,False,False,True
BeijingPM25,DynVAR-Lasso Weighted Ridge,5,0.1,0.3,1.0,1.0,0.12173671910482964,0.0,0.2332896863539137,0.0,0.23242777994441224,0.0,0.26655325645550243,0.0,-6.866262416971303e-08,-6.866262416971303e-08,-0.03285872089583705,True,True,True,False,False,True
BeijingPM25,DynVAR-Lasso Weighted Ridge,5,0.1,0.3,2.0,1.0,0.12173660287775263,1.5515838457795457e-17,0.23328963966488478,3.1031676915590914e-17,0.23242773024253816,0.0,0.2665533360569634,0.0,-1.1535165309051187e-07,-1.1535165309051187e-07,-0.03285876758486597,True,True,True,False,False,True
BeijingPM25,DynVAR-Lasso Weighted Ridge,5,0.1,0.3,4.0,1.0,0.12173649325153472,0.0,0.2332895952937164,0.0,0.2324276803185862,3.1031676915590914e-17,0.2665535103762373,0.0,-1.597228214689217e-07,-1.597228214689217e-07,-0.03285881195603435,True,True,True,False,False,True
BeijingPM25,DynVAR-Lasso Weighted Ridge,5,0.1,0.6,0.5,1.0,0.12173682737638855,0.0,0.2332897391456233,3.1031676915590914e-17,0.23242783460925032,0.0,0.2665532264053938,0.0,-1.5870914582549744e-08,-1.5870914582549744e-08,-0.032858668104127464,True,True,True,False,False,True
BeijingPM25,DynVAR-Lasso Weighted Ridge,5,0.1,0.6,1.0,1.0,0.12173680189716982,0.0,0.2332897280282204,0.0,0.23242782286631206,0.0,0.26655324174393047,0.0,-2.6988317469722745e-08,-2.6988317469722745e-08,-0.03285867922153035,True,True,True,False,False,True
BeijingPM25,DynVAR-Lasso Weighted Ridge,5,0.1,0.6,2.0,1.0,0.12173677100143407,1.5515838457795457e-17,0.23328971573124968,0.0,0.23242780944614116,0.0,0.26655327416873525,0.0,-3.9285288189194745e-08,-3.9285288189194745e-08,-0.03285869151850107,True,True,True,False,False,True
BeijingPM25,DynVAR-Lasso Weighted Ridge,5,0.1,0.6,4.0,1.0,0.12173674775988279,1.5515838457795457e-17,0.23328970657416753,0.0,0.23242779898267835,3.1031676915590914e-17,0.26655331593830467,0.0,-4.844237033729826e-08,-4.844237033729826e-08,-0.03285870067558322,True,True,True,False,False,True
BeijingPM25,DynVAR-Lasso Weighted Ridge,5,0.3,0.01,0.5,1.0,0.12173836570137944,1.5515838457795457e-17,0.2332920096604628,3.1031676915590914e-17,0.23243013811494598,0.0,0.26655379571125326,0.0,-1.9570988887829266e-07,2.254643924920474e-06,-0.03285639758928796,True,False,True,False,False,True
BeijingPM25,DynVAR-Lasso Weighted Ridge,5,0.3,0.01,1.0,1.0,0.12173769923695495,0.0,0.23329158636194042,3.1031676915590914e-17,0.23242970567552854,0.0,0.26655368376950733,0.0,-6.190084112511762e-07,1.8313454025475906e-06,-0.032856820887810334,True,False,True,False,False,True
BeijingPM25,DynVAR-Lasso Weighted Ridge,5,0.3,0.01,2.0,1.0,0.12173439485536797,0.0,0.23328911777208944,3.1031676915590914e-17,0.23242720289764068,3.1031676915590914e-17,0.266552091228603,0.0,-3.0875982622302622e-06,-6.372444484314954e-07,-0.03285928947766131,True,True,True,False,False,True
BeijingPM25,DynVAR-Lasso Weighted Ridge,5,0.3,0.01,4.0,1.0,0.12172007370885526,0.0,0.2332840378673044,3.1031676915590914e-17,0.23242230296461147,3.1031676915590914e-17,0.2665476584446787,0.0,-8.167503047273872e-06,-5.717149233475105e-06,-0.03286436938244636,True,True,True,False,False,True
BeijingPM25,DynVAR-Lasso Weighted Ridge,5,0.3,0.03,0.5,1.0,0.12173837923041468,0.0,0.23329201832197483,3.1031676915590914e-17,0.23243014696602962,0.0,0.266553798070438,0.0,-1.870483768429132e-07,2.2633054369558536e-06,-0.032856388927775926,True,False,True,False,False,True
BeijingPM25,DynVAR-Lasso Weighted Ridge,5,0.3,0.03,1.0,1.0,0.12173777500697532,0.0,0.2332916498801671,3.1031676915590914e-17,0.2324297706068264,3.1031676915590914e-17,0.26655372649568676,0.0,-5.554901845727933e-07,1.8948636292259735e-06,-0.032856757369583656,True,False,True,False,False,True
BeijingPM25,DynVAR-Lasso Weighted Ridge,5,0.3,0.03,2.0,1.0,0.12173544534972827,0.0,0.23329023323270692,0.0,0.23242834334191445,0.0,0.2665530358868652,0.0,-1.972137644745686e-06,4.782161690530806e-07,-0.03285817401704383,True,False,True,False,False,True
BeijingPM25,DynVAR-Lasso Weighted Ridge,5,0.3,0.03,4.0,1.0,0.12172948503933348,0.0,0.23328847337994837,0.0,0.2324265198236982,3.1031676915590914e-17,0.2665545313738204,0.0,-3.731990403293972e-06,-1.2816365894952053e-06,-0.03285993386980238,True,True,True,False,False,True
BeijingPM25,DynVAR-Lasso Weighted Ridge,5,0.3,0.1,0.5,1.0,0.12173842294107576,0.0,0.23329204527545017,0.0,0.23243017451810263,0.0,0.2665538036249333,0.0,-1.6009490150237227e-07,2.2902589122963946e-06,-0.032856361974300585,True,False,True,False,False,True
BeijingPM25,DynVAR-Lasso Weighted Ridge,5,0.3,0.1,1.0,1.0,0.12173797750210605,0.0,0.23329180106992903,0.0,0.2324299244667923,0.0,0.2665538168735119,0.0,-4.043004226406133e-07,2.0460533911581535e-06,-0.032856606179821723,True,False,True,False,False,True
BeijingPM25,DynVAR-Lasso Weighted Ridge,5,0.3,0.1,2.0,1.0,0.12173685350507361,0.0,0.23329128946795402,0.0,0.2324294017532643,3.1031676915590914e-17,0.26655395731293324,0.0,-9.159023976468283e-07,1.5344514161519385e-06,-0.03285711778179673,True,False,True,False,False,True
BeijingPM25,DynVAR-Lasso Weighted Ridge,5,0.3,0.1,4.0,1.0,0.12173520189533918,1.5515838457795457e-17,0.233290680751384,0.0,0.2324287297992597,3.1031676915590914e-17,0.26655561781775383,0.0,-1.5246189676576538e-06,9.25734846141113e-07,-0.03285772649836674,True,False,True,False,False,True
BeijingPM25,DynVAR-Lasso Weighted Ridge,5,0.3,0.3,0.5,1.0,0.1217385231784204,0.0,0.23329210241096893,0.0,0.23243023305680008,3.1031676915590914e-17,0.26655380411124324,0.0,-1.0295938274174077e-07,2.347394431057026e-06,-0.032856304838781825,True,False,True,False,False,True
BeijingPM25,DynVAR-Lasso Weighted Ridge,5,0.3,0.3,1.0,1.0,0.12173830668344263,1.5515838457795457e-17,0.2332920004336235,0.0,0.23243012722477122,0.0,0.2665538748331959,0.0,-2.0493672817090136e-07,2.2454170856278655e-06,-0.032856406816127254,True,False,True,False,False,True
BeijingPM25,DynVAR-Lasso Weighted Ridge,5,0.3,0.3,2.0,1.0,0.12173796063392406,0.0,0.23329186172612362,0.0,0.23242997951182948,3.1031676915590914e-17,0.2665541135870923,0.0,-3.4364422804578076e-07,2.106709585752986e-06,-0.03285654552362713,True,False,True,False,False,True
BeijingPM25,DynVAR-Lasso Weighted Ridge,5,0.3,0.3,4.0,1.0,0.12173763454468065,1.5515838457795457e-17,0.23329173046062177,0.0,0.2324298316522205,0.0,0.26655463593139017,0.0,-4.749097299028282e-07,1.9754440838959386e-06,-0.032856676789128986,True,False,True,False,False,True
BeijingPM25,DynVAR-Lasso Weighted Ridge,5,0.3,0.6,0.5,1.0,0.12173863075479166,1.5515838457795457e-17,0.23329215793596486,0.0,0.23243029032862567,3.1031676915590914e-17,0.26655378450359274,0.0,-4.743438680732126e-08,2.4029194269914456e-06,-0.03285624931378589,True,False,True,False,False,True
BeijingPM25,DynVAR-Lasso Weighted Ridge,5,0.3,0.6,1.0,1.0,0.12173855435694866,1.5515838457795457e-17,0.2332921247445327,3.1031676915590914e-17,0.23243025526463948,3.1031676915590914e-17,0.2665538305131575,0.0,-8.062581896561838e-08,2.3697279948331484e-06,-0.03285628250521805,True,False,True,False,False,True
BeijingPM25,DynVAR-Lasso Weighted Ridge,5,0.3,0.6,2.0,1.0,0.12173846179344054,1.5515838457795457e-17,0.23329208807804364,3.1031676915590914e-17,0.23243021523554958,3.1031676915590914e-17,0.26655392773024056,0.0,-1.1729230803281254e-07,2.3330615057659543e-06,-0.032856319171707116,True,False,True,False,False,True
BeijingPM25,DynVAR-Lasso Weighted Ridge,5,0.3,0.6,4.0,1.0,0.12173839218695967,0.0,0.2332920608057747,0.0,0.2324301840520338,3.1031676915590914e-17,0.2665540529473538,0.0,-1.4456457697598069e-07,2.305789236822786e-06,-0.03285634644397606,True,False,True,False,False,True
BeijingPM25,DynVAR-Lasso Weighted Ridge,5,1.0,0.01,0.5,1.0,0.12174409724792579,0.0,0.23330018506292688,3.1031676915590914e-17,0.2324384328386488,3.1031676915590914e-17,0.2665558524423747,0.0,-6.419327538698116e-07,1.0430046389009462e-05,-0.03284822218682387,True,False,True,False,False,True
BeijingPM25,DynVAR-Lasso Weighted Ridge,5,1.0,0.01,1.0,1.0,0.12174191123913698,0.0,0.23329881545979134,0.0,0.2324370335666513,3.1031676915590914e-17,0.2665555079958052,0.0,-2.011535889412386e-06,9.060443253466888e-06,-0.032849591789959415,True,False,True,False,False,True
BeijingPM25,DynVAR-Lasso Weighted Ridge,5,1.0,0.01,2.0,1.0,0.1217314700409052,0.0,0.23329131360075706,0.0,0.23242943327275722,0.0,0.2665508830453624,0.0,-9.51339492369363e-06,1.5585842191856436e-06,-0.032857093648993696,True,False,True,False,False,True
BeijingPM25,DynVAR-Lasso Weighted Ridge,5,1.0,0.01,4.0,1.0,0.12169250712957091,0.0,0.2332820001364846,0.0,0.2324207215807133,3.1031676915590914e-17,0.2665409401675737,0.0,-1.882685919615823e-05,-7.754880053278956e-06,-0.03286640711326616,True,True,True,False,False,True
BeijingPM25,DynVAR-Lasso Weighted Ridge,5,1.0,0.03,0.5,1.0,0.12174414184743494,0.0,0.23330021338403834,3.1031676915590914e-17,0.23243846178109603,0.0,0.2665558599634449,0.0,-6.136116424138027e-07,1.045836750046547e-05,-0.032848193865712416,True,False,True,False,False,True
BeijingPM25,DynVAR-Lasso Weighted Ridge,5,1.0,0.03,1.0,1.0,0.12174215822182666,0.0,0.23329902001859093,0.0,0.23243724266739055,0.0,0.2665556431855568,0.0,-1.8069770898188064e-06,9.265002053060467e-06,-0.03284938723115982,True,False,True,False,False,True
BeijingPM25,DynVAR-Lasso Weighted Ridge,5,1.0,0.03,2.0,1.0,0.12173467399752094,1.5515838457795457e-17,0.2332946374269768,0.0,0.2324328289714555,3.1031676915590914e-17,0.2665535883050784,0.0,-6.189568703962589e-06,4.8824104389166845e-06,-0.032853769822773965,True,False,True,False,False,True
BeijingPM25,DynVAR-Lasso Weighted Ridge,5,1.0,0.03,4.0,1.0,0.12171659091388039,0.0,0.23329044625047332,3.1031676915590914e-17,0.23242844966180373,0.0,0.26655896726166384,0.0,-1.0380745207427822e-05,6.912339354514518e-07,-0.03285796099927743,True,False,True,False,False,True
BeijingPM25,DynVAR-Lasso Weighted Ridge,5,1.0,0.1,0.5,1.0,0.12174428541143759,0.0,0.23330030156004616,0.0,0.23243855192076252,3.1031676915590914e-17,0.2665558775270786,0.0,-5.254356345851807e-07,1.0546543508294093e-05,-0.03284810568970459,True,False,True,False,False,True
BeijingPM25,DynVAR-Lasso Weighted Ridge,5,1.0,0.1,1.0,1.0,0.12174281962140895,1.5515838457795457e-17,0.23329950852630194,3.1031676915590914e-17,0.232437739774444,3.1031676915590914e-17,0.26655593126116967,0.0,-1.318469378813747e-06,9.753509764065527e-06,-0.032848898723448816,True,False,True,False,False,True
BeijingPM25,DynVAR-Lasso Weighted Ridge,5,1.0,0.1,2.0,1.0,0.12173915187357602,0.0,0.23329789506909632,0.0,0.23243609057967637,0.0,0.2665564316790729,0.0,-2.9319265844318654e-06,8.140052558447408e-06,-0.032850512180654434,True,False,True,False,False,True
BeijingPM25,DynVAR-Lasso Weighted Ridge,5,1.0,0.1,4.0,1.0,0.12173381662192492,1.5515838457795457e-17,0.23329609932496348,3.1031676915590914e-17,0.2324340910030927,3.1031676915590914e-17,0.26656193651232524,0.0,-4.727670717269428e-06,6.344308425609846e-06,-0.03285230792478727,True,False,True,False,False,True
BeijingPM25,DynVAR-Lasso Weighted Ridge,5,1.0,0.3,0.5,1.0,0.12174461492452093,0.0,0.2333004887113193,0.0,0.23243874368622994,0.0,0.26655587768461336,0.0,-3.38284361439678e-07,1.0733694781439596e-05,-0.03284791853843144,True,False,True,False,False,True
BeijingPM25,DynVAR-Lasso Weighted Ridge,5,1.0,0.3,1.0,1.0,0.1217439022306482,0.0,0.2333001560339137,0.0,0.2324383983100608,3.1031676915590914e-17,0.2665561147254175,0.0,-6.709617670352941e-07,1.040101737584398e-05,-0.03284825121583704,True,False,True,False,False,True
BeijingPM25,DynVAR-Lasso Weighted Ridge,5,1.0,0.3,2.0,1.0,0.12174276153784672,0.0,0.23329970933792593,3.1031676915590914e-17,0.23243792198140625,0.0,0.26655690995894876,0.0,-1.117657754817758e-06,9.954321388061516e-06,-0.03284869791182482,True,False,True,False,False,True
BeijingPM25,DynVAR-Lasso Weighted Ridge,5,1.0,0.3,4.0,1.0,0.12174168829531914,1.5515838457795457e-17,0.23329929303502145,0.0,0.23243745110872824,3.1031676915590914e-17,0.2665586439936763,0.0,-1.5339606593001154e-06,9.538018483579158e-06,-0.0328491142147293,True,False,True,False,False,True
BeijingPM25,DynVAR-Lasso Weighted Ridge,5,1.0,0.6,0.5,1.0,0.12174496910112835,0.0,0.23330067095013138,3.1031676915590914e-17,0.23243893168915605,0.0,0.26655581156949565,0.0,-1.560455493709867e-07,1.0915933593508287e-05,-0.03284773629961937,True,False,True,False,False,True
BeijingPM25,DynVAR-Lasso Weighted Ridge,5,1.0,0.6,1.0,1.0,0.12174471738059486,0.0,0.2333005621752502,0.0,0.23243881671974664,0.0,0.2665559648626662,0.0,-2.6482043055664484e-07,1.0807158712322629e-05,-0.03284784507450056,True,False,True,False,False,True
BeijingPM25,DynVAR-Lasso Weighted Ridge,5,1.0,0.6,2.0,1.0,0.12174441247786198,1.5515838457795457e-17,0.23330044255291763,0.0,0.2324386859703139,0.0,0.26655628825251915,0.0,-3.8444276312388226e-07,1.0687536379755391e-05,-0.032847964696833126,True,False,True,False,False,True
BeijingPM25,DynVAR-Lasso Weighted Ridge,5,1.0,0.6,4.0,1.0,0.12174418326335804,0.0,0.23330035394981855,3.1031676915590914e-17,0.23243858442152207,3.1031676915590914e-17,0.2665567045792997,0.0,-4.730458622037581e-07,1.0598933280675515e-05,-0.032848053299932206,True,False,True,False,False,True
BeijingPM25,DynVAR-Lasso Weighted Ridge,5,3.0,0.01,0.5,1.0,0.12176075121171917,1.5515838457795457e-17,0.23332400529937014,0.0,0.23246258759197583,0.0,0.2665623791048144,0.0,-1.8385425661349153e-06,3.425028283227105e-05,-0.03282440195038061,True,False,True,False,False,True
BeijingPM25,DynVAR-Lasso Weighted Ridge,5,3.0,0.01,1.0,1.0,0.12175448293789573,1.5515838457795457e-17,0.2333202329376219,0.0,0.23245873303548703,0.0,0.26656157098296296,0.0,-5.610904314362619e-06,3.0477921084043347e-05,-0.03282817431212884,True,False,True,False,False,True
BeijingPM25,DynVAR-Lasso Weighted Ridge,5,3.0,0.01,2.0,1.0,0.12172750819383722,0.0,0.23330283122053014,0.0,0.23244115359793174,0.0,0.26655191183335036,0.0,-2.301262140613769e-05,1.3076203992268276e-05,-0.03284557602922061,True,False,True,False,False,True
BeijingPM25,DynVAR-Lasso Weighted Ridge,5,3.0,0.01,4.0,1.0,0.12165677841940777,0.0,0.23331300257502635,0.0,0.2324534130643205,3.1031676915590914e-17,0.2665444694816625,0.0,-1.2841266909924265e-05,2.32475584884817e-05,-0.0328354046747244,True,False,True,False,False,True
BeijingPM25,DynVAR-Lasso Weighted Ridge,5,3.0,0.03,0.5,1.0,0.12176088117421953,0.0,0.23332408569489668,3.1031676915590914e-17,0.23246266976076466,0.0,0.2665623988665181,0.0,-1.7581470395933163e-06,3.433067835881265e-05,-0.03282432155485407,True,False,True,False,False,True
BeijingPM25,DynVAR-Lasso Weighted Ridge,5,3.0,0.03,1.0,1.0,0.12175517540467676,0.0,0.23332078936505476,0.0,0.23245930168254234,0.0,0.2665619211273346,0.0,-5.054476881510839e-06,3.103434851689513e-05,-0.032827617884695987,True,False,True,False,False,True
BeijingPM25,DynVAR-Lasso Weighted Ridge,5,3.0,0.03,2.0,1.0,0.12173516357026384,0.0,0.2333101915374136,0.0,0.2324486476573738,0.0,0.26655749842509613,0.0,-1.5652304522661975e-05,2.043652087574399e-05,-0.03283821571233714,True,False,True,False,False,True
BeijingPM25,DynVAR-Lasso Weighted Ridge,5,3.0,0.03,4.0,1.0,0.12169368881610113,0.0,0.23330858911010646,0.0,0.23244669565856668,0.0,0.2665759116736595,0.0,-1.7254731829813297e-05,1.883409356859267e-05,-0.03283981813964429,True,False,True,False,False,True
BeijingPM25,DynVAR-Lasso Weighted Ridge,5,3.0,0.1,0.5,1.0,0.12176130011874771,0.0,0.2333243363547476,0.0,0.23246292603934995,3.1031676915590914e-17,0.26656244376439236,0.0,-1.5074871886622265e-06,3.458133820974374e-05,-0.03282407089500314,True,False,True,False,False,True
BeijingPM25,DynVAR-Lasso Weighted Ridge,5,3.0,0.1,1.0,1.0,0.12175705788949447,0.0,0.23332213001765867,0.0,0.23246066557749218,3.1031676915590914e-17,0.2665626819559206,0.0,-3.713824277606914e-06,3.237500112079905e-05,-0.03282627723209208,True,False,True,False,False,True
BeijingPM25,DynVAR-Lasso Weighted Ridge,5,3.0,0.1,2.0,1.0,0.12174678508557206,1.5515838457795457e-17,0.23331802152521175,0.0,0.2324564612613341,3.1031676915590914e-17,0.2665644311552104,0.0,-7.822316724526157e-06,2.826650867387981e-05,-0.032830385724539,True,False,True,False,False,True
BeijingPM25,DynVAR-Lasso Weighted Ridge,5,3.0,0.1,4.0,1.0,0.12173249233476595,0.0,0.23331443127226054,3.1031676915590914e-17,0.23245231667445396,0.0,0.26658068383374994,0.0,-1.1412569675739448e-05,2.4676255722666518e-05,-0.032833975977490215,True,False,True,False,False,True
BeijingPM25,DynVAR-Lasso Weighted Ridge,5,3.0,0.3,0.5,1.0,0.12176226463690212,1.5515838457795457e-17,0.23332487027823162,3.1031676915590914e-17,0.23246347326220307,0.0,0.2665624321904205,0.0,-9.735637046537349e-07,3.511526169375223e-05,-0.03282353697151913,True,False,True,False,False,True
BeijingPM25,DynVAR-Lasso Weighted Ridge,5,3.0,0.3,1.0,1.0,0.12176018183782436,1.5515838457795457e-17,0.23332393262221154,0.0,0.23246249880138298,3.1031676915590914e-17,0.2665631538474133,0.0,-1.9112197247317386e-06,3.417760567367423e-05,-0.03282447462753921,True,False,True,False,False,True
BeijingPM25,DynVAR-Lasso Weighted Ridge,5,3.0,0.3,2.0,1.0,0.12175687487582718,1.5515838457795457e-17,0.23332272185168862,0.0,0.23246120241891974,3.1031676915590914e-17,0.26656553372465297,0.0,-3.12199024765647e-06,3.2966835150749496e-05,-0.03282568539806213,True,False,True,False,False,True
BeijingPM25,DynVAR-Lasso Weighted Ridge,5,3.0,0.3,4.0,1.0,0.12175378866828748,0.0,0.23332164742337386,0.0,0.232459970516984,0.0,0.2665706759992395,0.0,-4.196418562418813e-06,3.189240683598715e-05,-0.032826759826376894,True,False,True,False,False,True
BeijingPM25,DynVAR-Lasso Weighted Ridge,5,3.0,0.6,0.5,1.0,0.12176330419357409,0.0,0.23332539314364403,0.0,0.2324640129143308,3.1031676915590914e-17,0.26656222759725295,0.0,-4.506982922425351e-07,3.563812710616343e-05,-0.03282301410610672,True,False,True,False,False,True
BeijingPM25,DynVAR-Lasso Weighted Ridge,5,3.0,0.6,1.0,1.0,0.1217625643383867,1.5515838457795457e-17,0.2333250824752465,3.1031676915590914e-17,0.23246368406893017,0.0,0.26656268682110823,0.0,-7.61366689777665e-07,3.53274587086283e-05,-0.03282332477450425,True,False,True,False,False,True
BeijingPM25,DynVAR-Lasso Weighted Ridge,5,3.0,0.6,2.0,1.0,0.12176166994701276,0.0,0.23332474541206433,3.1031676915590914e-17,0.23246331432099882,3.1031676915590914e-17,0.26656365131923654,0.0,-1.0984298719485253e-06,3.499039552645744e-05,-0.032823661837686424,True,False,True,False,False,True
BeijingPM25,DynVAR-Lasso Weighted Ridge,5,3.0,0.6,4.0,1.0,0.12176099781316116,0.0,0.23332449893050206,3.1031676915590914e-17,0.23246302978125835,3.1031676915590914e-17,0.26656489130973926,0.0,-1.3449114342201085e-06,3.474391396418586e-05,-0.032823908319248696,True,False,True,False,False,True
BeijingPM25,DynVAR-Lasso Weighted Ridge,5,10.0,0.01,0.5,1.0,0.12182221869503132,1.5515838457795457e-17,0.2334124884136385,0.0,0.23255217023497163,0.0,0.2665924857380653,0.0,-5.188002877909437e-06,0.0001227333971006439,-0.03273591883611224,True,False,True,False,False,True
BeijingPM25,DynVAR-Lasso Weighted Ridge,5,10.0,0.01,1.0,1.0,0.12180441360007681,0.0,0.23340324152834357,0.0,0.23254272569743537,0.0,0.2665917985172706,0.0,-1.4434888172848437e-05,0.0001134865118057049,-0.03274516572140718,True,False,True,False,False,True
BeijingPM25,DynVAR-Lasso Weighted Ridge,5,10.0,0.01,2.0,1.0,0.12174715626896908,0.0,0.2333808179089793,3.1031676915590914e-17,0.2325206357735902,3.1031676915590914e-17,0.2665823788010047,0.0,-3.685850753712416e-05,9.106289244142918e-05,-0.03276758934077145,True,False,True,False,False,True
BeijingPM25,DynVAR-Lasso Weighted Ridge,5,10.0,0.01,4.0,1.0,0.12169141413711063,1.5515838457795457e-17,0.2335503163435461,0.0,0.23269908693358582,3.1031676915590914e-17,0.2666307160056978,0.0,0.0001326399270296652,0.00026056132700821855,-0.03259809090620466,False,False,True,False,False,True
BeijingPM25,DynVAR-Lasso Weighted Ridge,5,10.0,0.03,0.5,1.0,0.12182260618996213,1.5515838457795457e-17,0.2334127084051451,3.1031676915590914e-17,0.23255239508179265,3.1031676915590914e-17,0.2665925235889161,0.0,-4.96801137131464e-06,0.0001229533886072387,-0.03273569884460564,True,False,True,False,False,True
BeijingPM25,DynVAR-Lasso Weighted Ridge,5,10.0,0.03,1.0,1.0,0.12180627651795636,0.0,0.2334045590545067,0.0,0.2325440691075283,0.0,0.26659250433180576,0.0,-1.3117362009734679e-05,0.00011480403796881866,-0.03274384819524406,True,False,True,False,False,True
BeijingPM25,DynVAR-Lasso Weighted Ridge,5,10.0,0.03,2.0,1.0,0.12175965737107838,0.0,0.233389687674399,0.0,0.23252940501825278,0.0,0.2665897004091479,0.0,-2.7988742117429632e-05,9.993265786112371e-05,-0.03275871957535176,True,False,True,False,False,True
BeijingPM25,DynVAR-Lasso Weighted Ridge,5,10.0,0.03,4.0,1.0,0.12169734296321133,0.0,0.23344873566521943,3.1031676915590914e-17,0.23258929782487017,0.0,0.2666599790559108,0.0,3.1059248703002584e-05,0.00015898064868155592,-0.032699671584531326,False,False,True,False,False,True
BeijingPM25,DynVAR-Lasso Weighted Ridge,5,10.0,0.1,0.5,1.0,0.12182386546393739,0.0,0.2334133974794031,0.0,0.23255309970415777,3.1031676915590914e-17,0.2665925946909432,0.0,-4.27893711332783e-06,0.0001236424628652255,-0.032735009770347656,True,False,True,False,False,True
BeijingPM25,DynVAR-Lasso Weighted Ridge,5,10.0,0.1,1.0,1.0,0.1218114597861331,1.5515838457795457e-17,0.23340781694833512,0.0,0.23254737620253296,0.0,0.2665941223803672,0.0,-9.859468181300235e-06,0.0001180619317972531,-0.03274059030141563,True,False,True,False,False,True
BeijingPM25,DynVAR-Lasso Weighted Ridge,5,10.0,0.1,2.0,1.0,0.12178437851051185,1.5515838457795457e-17,0.23340094916378568,3.1031676915590914e-17,0.23254032339199196,3.1031676915590914e-17,0.26660201276645745,0.0,-1.6727252730747155e-05,0.00011119414724780619,-0.032747458085965075,True,False,True,False,False,True
BeijingPM25,DynVAR-Lasso Weighted Ridge,5,10.0,0.1,4.0,1.0,0.12175180676273138,0.0,0.23340428476005365,3.1031676915590914e-17,0.23254238535643507,3.1031676915590914e-17,0.2666532063230069,0.0,-1.3391656462774515e-05,0.00011452974351577883,-0.0327441224896971,True,False,True,False,False,True
BeijingPM25,DynVAR-Lasso Weighted Ridge,5,10.0,0.3,0.5,1.0,0.1218267997306379,0.0,0.23341488298522234,3.1031676915590914e-17,0.23255462314807915,0.0,0.2665924328718659,0.0,-2.793431294084714e-06,0.00012512796868446863,-0.03273352426452841,True,False,True,False,False,True
BeijingPM25,DynVAR-Lasso Weighted Ridge,5,10.0,0.3,1.0,1.0,0.12182049403888988,1.5515838457795457e-17,0.2334124004203802,3.1031676915590914e-17,0.23255203302851496,3.1031676915590914e-17,0.26659494019314706,0.0,-5.275996136228089e-06,0.00012264540384232525,-0.032736006829370556,True,False,True,False,False,True
BeijingPM25,DynVAR-Lasso Weighted Ridge,5,10.0,0.3,2.0,1.0,0.12181082810977913,0.0,0.23340970417615825,0.0,0.23254908884973097,3.1031676915590914e-17,0.26660278754060807,0.0,-7.972240358172789e-06,0.00011994915962038055,-0.0327387030735925,True,False,True,False,False,True
BeijingPM25,DynVAR-Lasso Weighted Ridge,5,10.0,0.3,4.0,1.0,0.12180212525347725,1.5515838457795457e-17,0.23340790033157174,3.1031676915590914e-17,0.2325468277114294,3.1031676915590914e-17,0.2666192726610256,0.0,-9.776084944679297e-06,0.00011814531503387404,-0.03274050691817901,True,False,True,False,False,True
BeijingPM25,DynVAR-Lasso Weighted Ridge,5,10.0,0.6,0.5,1.0,0.12183001125158191,1.5515838457795457e-17,0.23341636670830476,0.0,0.2325561568480013,3.1031676915590914e-17,0.26659168631526936,0.0,-1.309708211660876e-06,0.00012661169176689246,-0.03273204054144599,True,False,True,False,False,True
BeijingPM25,DynVAR-Lasso Weighted Ridge,5,10.0,0.6,1.0,1.0,0.1218277147605088,0.0,0.23341550244481352,3.1031676915590914e-17,0.23255523675884415,0.0,0.2665932081104864,0.0,-2.173971702906785e-06,0.00012574742827564656,-0.032732904804937235,True,False,True,False,False,True
BeijingPM25,DynVAR-Lasso Weighted Ridge,5,10.0,0.6,2.0,1.0,0.12182495881875466,0.0,0.2334146161958642,0.0,0.2325542495710425,0.0,0.26659635875452986,0.0,-3.060220652217893e-06,0.00012486117932633545,-0.032733791053886546,True,False,True,False,False,True
BeijingPM25,DynVAR-Lasso Weighted Ridge,5,10.0,0.6,4.0,1.0,0.12182288887396411,0.0,0.23341400485399671,3.1031676915590914e-17,0.2325535201530707,0.0,0.26660039186447004,0.0,-3.671562519708127e-06,0.00012424983745884521,-0.032734402395754036,True,False,True,False,False,True
BeijingPM25,DynVAR-Lasso Weighted Ridge,5,30.0,0.01,0.5,1.0,0.12202096172193302,1.5515838457795457e-17,0.23370302193520026,0.0,0.23284530647697155,0.0,0.26673348370945077,0.0,-9.073917177193636e-06,0.0004132669186623916,-0.03244538531455049,True,False,True,False,False,True
BeijingPM25,DynVAR-Lasso Weighted Ridge,5,30.0,0.01,1.0,1.0,0.12198518259168009,1.5515838457795457e-17,0.23369397640882522,0.0,0.23283621479368682,3.1031676915590914e-17,0.2667401790266568,0.0,-1.8119443552233605e-05,0.00040422139228735166,-0.03245443084092553,True,False,True,False,False,True
BeijingPM25,DynVAR-Lasso Weighted Ridge,5,30.0,0.01,2.0,1.0,0.12191994678598053,0.0,0.23373574055674656,3.1031676915590914e-17,0.23288210040972684,3.1031676915590914e-17,0.26676202540749183,0.0,2.3644704369107927e-05,0.0004459855402086932,-0.03241266669300419,False,False,True,False,False,True
BeijingPM25,DynVAR-Lasso Weighted Ridge,5,30.0,0.01,4.0,1.0,0.12201249002721568,1.5515838457795457e-17,0.23434906312405746,0.0,0.2335212860352492,3.1031676915590914e-17,0.26701343950525475,0.0,0.0006369672716800001,0.0010593081075195854,-0.031799344125693296,False,False,True,False,False,True
BeijingPM25,DynVAR-Lasso Weighted Ridge,5,30.0,0.03,0.5,1.0,0.1220218558896414,1.5515838457795457e-17,0.23370337250114953,0.0,0.23284566306734994,3.1031676915590914e-17,0.2667334398859633,0.0,-8.723351227923892e-06,0.00041361748461166137,-0.03244503474860122,True,False,True,False,False,True
BeijingPM25,DynVAR-Lasso Weighted Ridge,5,30.0,0.03,1.0,1.0,0.1219884156713982,1.5515838457795457e-17,0.2336952622703007,0.0,0.23283748783551897,3.1031676915590914e-17,0.26674054974237976,0.0,-1.6833582076741793e-05,0.00040550725376284347,-0.03245314497945004,True,False,True,False,False,True
BeijingPM25,DynVAR-Lasso Weighted Ridge,5,30.0,0.03,2.0,1.0,0.12192770909253334,1.5515838457795457e-17,0.23372703701673664,3.1031676915590914e-17,0.23287193236556733,3.1031676915590914e-17,0.2667655571643521,0.0,1.4941164359183468e-05,0.00043728200019876873,-0.03242137023301411,False,False,True,False,False,True
BeijingPM25,DynVAR-Lasso Weighted Ridge,5,30.0,0.03,4.0,1.0,0.12193402736308338,0.0,0.2340380666722865,0.0,0.23319202091050345,3.1031676915590914e-17,0.26697878405432857,0.0,0.0003259708199090383,0.0007483116557486236,-0.03211034057746426,False,False,True,False,False,True
BeijingPM25,DynVAR-Lasso Weighted Ridge,5,30.0,0.1,0.5,1.0,0.12202478367731746,0.0,0.23370448309772818,0.0,0.23284679421380763,0.0,0.2667332037115941,0.0,-7.6127546492776865e-06,0.0004147280811903076,-0.032443924152022574,True,False,True,False,False,True
BeijingPM25,DynVAR-Lasso Weighted Ridge,5,30.0,0.1,1.0,1.0,0.12199800807904101,1.5515838457795457e-17,0.23369858099337532,0.0,0.23284076149489313,3.1031676915590914e-17,0.26674142984037347,0.0,-1.3514859002139445e-05,0.0004088259768374458,-0.032449826256375436,True,False,True,False,False,True
BeijingPM25,DynVAR-Lasso Weighted Ridge,5,30.0,0.1,2.0,1.0,0.12195272051247977,0.0,0.23371165712114844,3.1031676915590914e-17,0.2328542578931406,0.0,0.2667724084741673,0.0,-4.387312290132783e-07,0.000421902104610572,-0.03243675012860231,True,False,True,False,False,True
BeijingPM25,DynVAR-Lasso Weighted Ridge,5,30.0,0.1,4.0,1.0,0.1219194758048748,1.5515838457795457e-17,0.23378427363984486,0.0,0.23292619880538915,0.0,0.2669059079787282,0.0,7.217778746740344e-05,0.0004945186233069887,-0.03236413360990589,False,False,True,False,False,True
BeijingPM25,DynVAR-Lasso Weighted Ridge,5,30.0,0.3,0.5,1.0,0.12203177617673575,0.0,0.23370695701471328,0.0,0.23284932816516077,0.0,0.2667319882985045,0.0,-5.138837664175888e-06,0.00041720199817540937,-0.03244145023503747,True,False,True,False,False,True
BeijingPM25,DynVAR-Lasso Weighted Ridge,5,30.0,0.3,1.0,1.0,0.12201689294485829,0.0,0.23370380868414825,0.0,0.2328459831093109,0.0,0.2667400023254757,0.0,-8.287168229204056e-06,0.0004140536676103812,-0.0324445985656025,True,False,True,False,False,True
BeijingPM25,DynVAR-Lasso Weighted Ridge,5,30.0,0.3,2.0,1.0,0.12199619222302201,0.0,0.23370409237254855,0.0,0.2328458130821546,0.0,0.26676258553253596,0.0,-8.003479828905258e-06,0.00041433735601068,-0.0324443148772022,True,False,True,False,False,True
BeijingPM25,DynVAR-Lasso Weighted Ridge,5,30.0,0.3,4.0,1.0,0.1219795476213423,1.5515838457795457e-17,0.23370934627459086,0.0,0.23285016551661783,0.0,0.26680734808096024,0.0,-2.749577786592683e-06,0.0004195912580529926,-0.03243906097515989,True,False,True,False,False,True
BeijingPM25,DynVAR-Lasso Weighted Ridge,5,30.0,0.6,0.5,1.0,0.12203968063696946,0.0,0.2337095838964772,0.0,0.23285205355325198,0.0,0.26672935934838937,0.0,-2.5119559002584335e-06,0.0004198288799393268,-0.032438823353273555,True,False,True,False,False,True
BeijingPM25,DynVAR-Lasso Weighted Ridge,5,30.0,0.6,1.0,1.0,0.1220339686924419,1.5515838457795457e-17,0.2337082206403344,0.0,0.23285056317655348,0.0,0.26673382534886364,0.0,-3.875212043064069e-06,0.0004184656237965212,-0.03244018660941636,True,False,True,False,False,True
BeijingPM25,DynVAR-Lasso Weighted Ridge,5,30.0,0.6,2.0,1.0,0.1220271805081053,0.0,0.23370724301185425,3.1031676915590914e-17,0.23284934766329032,0.0,0.2667427717089595,0.0,-4.8528405232062255e-06,0.00041748799531637903,-0.0324411642378965,True,False,True,False,False,True
BeijingPM25,DynVAR-Lasso Weighted Ridge,5,30.0,0.6,4.0,1.0,0.12202223651704518,0.0,0.23370689774344228,3.1031676915590914e-17,0.23284871618198025,0.0,0.266754116812786,0.0,-5.198108935178247e-06,0.000417142726904407,-0.032441509506308475,True,False,True,False,False,True
BeijingPM25,DynVAR-Lasso Weighted Ridge,5,100.0,0.01,0.5,1.0,0.12289148479316578,1.5515838457795457e-17,0.23500332339807936,3.1031676915590914e-17,0.234150182733395,3.1031676915590914e-17,0.26767050365521416,0.0,1.2605941200227733e-05,0.0017135683815414915,-0.03114508385167139,False,False,True,False,False,True
BeijingPM25,DynVAR-Lasso Weighted Ridge,5,100.0,0.01,1.0,1.0,0.12285578504384109,0.0,0.23505427010047858,3.1031676915590914e-17,0.23420424005468857,3.1031676915590914e-17,0.2677143925788062,0.0,6.355264359944601e-05,0.0017645150839407098,-0.031094137149272172,False,False,True,False,False,True
BeijingPM25,DynVAR-Lasso Weighted Ridge,5,100.0,0.01,2.0,1.0,0.12287144922893485,1.5515838457795457e-17,0.23537912590250185,3.1031676915590914e-17,0.23454659239412218,3.1031676915590914e-17,0.26785887171662914,0.0,0.00038840844562271215,0.002089370885963976,-0.030769281347248906,False,False,True,False,False,True
BeijingPM25,DynVAR-Lasso Weighted Ridge,5,100.0,0.01,4.0,1.0,0.12335349854063742,0.0,0.2370449188365747,0.0,0.2362752186209554,3.1031676915590914e-17,0.26873636867658035,0.0,0.0020542013796955583,0.003755163820036822,-0.02910348841317606,False,False,True,False,False,True
BeijingPM25,DynVAR-Lasso Weighted Ridge,5,100.0,0.03,0.5,1.0,0.12289268910920573,1.5515838457795457e-17,0.23500276372076428,0.0,0.23414957431517833,0.0,0.26766975437645696,0.0,1.2046263885151509e-05,0.0017130087042264153,-0.031145643528986466,False,False,True,False,False,True
BeijingPM25,DynVAR-Lasso Weighted Ridge,5,100.0,0.03,1.0,1.0,0.1228579677769853,1.5515838457795457e-17,0.23504962648358102,3.1031676915590914e-17,0.23419919196617195,3.1031676915590914e-17,0.2677119599696522,0.0,5.890902670188658e-05,0.0017598714670431503,-0.03109878076616973,False,False,True,False,False,True
BeijingPM25,DynVAR-Lasso Weighted Ridge,5,100.0,0.03,2.0,1.0,0.12286299846460011,0.0,0.2353198303206545,0.0,0.2344831215448114,0.0,0.26784687278575914,0.0,0.0003291128637753771,0.002030075304116641,-0.03082857692909624,False,False,True,False,False,True
BeijingPM25,DynVAR-Lasso Weighted Ridge,5,100.0,0.03,4.0,1.0,0.12311676190618684,0.0,0.23634076575531657,0.0,0.23553788085189034,0.0,0.2684751568306147,0.0,0.001350048298437434,0.0030510107387786978,-0.029807641494434184,False,False,True,False,False,True
BeijingPM25,DynVAR-Lasso Weighted Ridge,5,100.0,0.1,0.5,1.0,0.12289673495068645,1.5515838457795457e-17,0.23500096257711278,0.0,0.2341476234667615,3.1031676915590914e-17,0.2676671879863426,0.0,1.024512023364843e-05,0.0017112075605749122,-0.03114744467263797,False,False,True,False,False,True
BeijingPM25,DynVAR-Lasso Weighted Ridge,5,100.0,0.1,1.0,1.0,0.12286570606357979,0.0,0.23503616948305286,0.0,0.23418462541433915,0.0,0.2677046683863757,0.0,4.545202617373123e-05,0.001746414466514995,-0.031112237766697887,False,False,True,False,False,True
BeijingPM25,DynVAR-Lasso Weighted Ridge,5,100.0,0.1,2.0,1.0,0.12285035260725437,1.5515838457795457e-17,0.2351926109555224,3.1031676915590914e-17,0.2343473950527611,3.1031676915590914e-17,0.2678150742445393,0.0,0.0002018934986432741,0.0019028559389845379,-0.030955796294228344,False,False,True,False,False,True
BeijingPM25,DynVAR-Lasso Weighted Ridge,5,100.0,0.1,4.0,1.0,0.12291908447849365,0.0,0.23557243996092975,0.0,0.23473581436084387,0.0,0.26814911758656496,0.0,0.0005817225040506135,0.0022826849443918773,-0.030575967288821004,False,False,True,False,False,True
BeijingPM25,DynVAR-Lasso Weighted Ridge,5,100.0,0.3,0.5,1.0,0.12290707423473686,1.5515838457795457e-17,0.2349969487540918,0.0,0.2341433233074499,0.0,0.2676601023072333,0.0,6.2312972126665755e-06,0.0017071937375539303,-0.03115145849565895,False,False,True,False,False,True
BeijingPM25,DynVAR-Lasso Weighted Ridge,5,100.0,0.3,1.0,1.0,0.12288636235836112,1.5515838457795457e-17,0.23501284454419444,3.1031676915590914e-17,0.234159688455264,3.1031676915590914e-17,0.2676870361011613,0.0,2.212708731530455e-05,0.0017230895276565683,-0.031135562705556313,False,False,True,False,False,True
BeijingPM25,DynVAR-Lasso Weighted Ridge,5,100.0,0.3,2.0,1.0,0.12286528249548648,0.0,0.235058426203178,3.1031676915590914e-17,0.23420597246771396,3.1031676915590914e-17,0.2677516930174423,0.0,6.77087462988557e-05,0.0017686711866401195,-0.031089981046572762,False,False,True,False,False,True
BeijingPM25,DynVAR-Lasso Weighted Ridge,5,100.0,0.3,4.0,1.0,0.12285985980227879,1.5515838457795457e-17,0.23512771702916352,3.1031676915590914e-17,0.23427528591101857,3.1031676915590914e-17,0.2678676527129724,0.0,0.0001369995722843853,0.001837962012625649,-0.031020690220587233,False,False,True,False,False,True
BeijingPM25,DynVAR-Lasso Weighted Ridge,5,100.0,0.6,0.5,1.0,0.12292013762565038,0.0,0.23499318250306672,0.0,0.23413937795572437,0.0,0.2676498248277158,0.0,2.465046187588582e-06,0.0017034274865288523,-0.03115522474668403,False,False,True,False,False,True
BeijingPM25,DynVAR-Lasso Weighted Ridge,5,100.0,0.6,1.0,1.0,0.1229106634826094,0.0,0.23499753863682743,0.0,0.2341437086197265,3.1031676915590914e-17,0.26766334444740364,0.0,6.821179948296452e-06,0.0017077836202895602,-0.03115086861292332,False,False,True,False,False,True
BeijingPM25,DynVAR-Lasso Weighted Ridge,5,100.0,0.6,2.0,1.0,0.12290068134835938,1.5515838457795457e-17,0.2350061412597773,0.0,0.2341521111147177,3.1031676915590914e-17,0.26768873762165246,0.0,1.5423802898179018e-05,0.0017163862432394428,-0.03114226598997344,False,False,True,False,False,True
BeijingPM25,DynVAR-Lasso Weighted Ridge,5,100.0,0.6,4.0,1.0,0.12289423795185775,0.0,0.23501549816157824,3.1031676915590914e-17,0.2341610880260286,3.1031676915590914e-17,0.2677204127570788,0.0,2.4780704699106648e-05,0.0017257431450403704,-0.03113290908817251,False,False,True,False,False,True
BeijingPM25,STCG-v1 Weighted Ridge,5,0.1,0.01,0.5,1.0,0.12173673891211698,0.0,0.23328968947932469,0.0,0.23242778362554967,3.1031676915590914e-17,0.26655323003946246,0.0,-6.553721318414141e-08,-6.553721318414141e-08,-0.032858717770426066,True,True,True,False,False,True
BeijingPM25,STCG-v1 Weighted Ridge,5,0.1,0.01,1.0,1.0,0.1217365149583226,0.0,0.23328954717562053,3.1031676915590914e-17,0.23242763825195709,0.0,0.2665531918806951,0.0,-2.078409173378315e-07,-2.078409173378315e-07,-0.03285886007413022,True,True,True,False,False,True
BeijingPM25,STCG-v1 Weighted Ridge,5,0.1,0.01,2.0,1.0,0.12173539377912557,0.0,0.23328870196279922,3.1031676915590914e-17,0.2324267811819256,0.0,0.26655263886760217,0.0,-1.0530537386532757e-06,-1.0530537386532757e-06,-0.032859705286951535,True,True,True,False,False,True
BeijingPM25,STCG-v1 Weighted Ridge,5,0.1,0.01,4.0,1.0,0.12173035183986144,0.0,0.23328673693589116,0.0,0.23242487706118026,3.1031676915590914e-17,0.2665509833109729,0.0,-3.018080646705057e-06,-3.018080646705057e-06,-0.03286167031385959,True,True,True,False,False,True
BeijingPM25,STCG-v1 Weighted Ridge,5,0.1,0.03,0.5,1.0,0.12173674344782617,0.0,0.23328969238240088,0.0,0.23242778659211796,3.1031676915590914e-17,0.26655323083581217,0.0,-6.263413698803788e-08,-6.263413698803788e-08,-0.03285871486734987,True,True,True,False,False,True
BeijingPM25,STCG-v1 Weighted Ridge,5,0.1,0.03,1.0,1.0,0.1217365404790312,0.0,0.2332895685581918,3.1031676915590914e-17,0.23242766011039842,0.0,0.26655320633743756,0.0,-1.8645834606867417e-07,-1.8645834606867417e-07,-0.03285883869155895,True,True,True,False,False,True
BeijingPM25,STCG-v1 Weighted Ridge,5,0.1,0.03,2.0,1.0,0.12173575302638155,0.0,0.2332890861766948,3.1031676915590914e-17,0.2324271740686724,3.1031676915590914e-17,0.26655296855939303,0.0,-6.688398430654274e-07,-6.688398430654274e-07,-0.03285932107305595,True,True,True,False,False,True
BeijingPM25,STCG-v1 Weighted Ridge,5,0.1,0.03,4.0,1.0,0.12173372122489126,1.5515838457795457e-17,0.23328844667690046,0.0,0.23242651269223452,3.1031676915590914e-17,0.2665534540878562,0.0,-1.3083396374069522e-06,-1.3083396374069522e-06,-0.03285996057285029,True,True,True,False,False,True
BeijingPM25,STCG-v1 Weighted Ridge,5,0.1,0.1,0.5,1.0,0.12173675804251731,0.0,0.2332897014150766,0.0,0.23242779582522996,0.0,0.26655323271491005,0.0,-5.36014612695368e-08,-5.36014612695368e-08,-0.03285870583467415,True,True,True,False,False,True
BeijingPM25,STCG-v1 Weighted Ridge,5,0.1,0.1,1.0,1.0,0.12173660857392987,0.0,0.2332896194054414,3.1031676915590914e-17,0.23242771185634967,0.0,0.2665532368516676,0.0,-1.3561109646342828e-07,-1.3561109646342828e-07,-0.032858787844309345,True,True,True,False,False,True
BeijingPM25,STCG-v1 Weighted Ridge,5,0.1,0.1,2.0,1.0,0.12173622961078581,1.5515838457795457e-17,0.23328944617939446,3.1031676915590914e-17,0.23242753488964304,0.0,0.26655328270708745,0.0,-3.0883714341456425e-07,-3.0883714341456425e-07,-0.032858961070356296,True,True,True,False,False,True
BeijingPM25,STCG-v1 Weighted Ridge,5,0.1,0.1,4.0,1.0,0.12173567274235045,1.5515838457795457e-17,0.2332892363555254,3.1031676915590914e-17,0.23242730378506318,3.1031676915590914e-17,0.26655383706485863,0.0,-5.186610124718882e-07,-5.186610124718882e-07,-0.032859170894225354,True,True,True,False,False,True
BeijingPM25,STCG-v1 Weighted Ridge,5,0.1,0.3,0.5,1.0,0.12173679150236574,1.5515838457795457e-17,0.23328972055541614,3.1031676915590914e-17,0.23242781543509436,0.0,0.26655323291940086,0.0,-3.44611217339974e-08,-3.44611217339974e-08,-0.032858686694334616,True,True,True,False,False,True
BeijingPM25,STCG-v1 Weighted Ridge,5,0.1,0.3,1.0,1.0,0.12173671910482964,0.0,0.2332896863539137,0.0,0.23242777994441224,0.0,0.26655325645550243,0.0,-6.866262416971303e-08,-6.866262416971303e-08,-0.03285872089583705,True,True,True,False,False,True
BeijingPM25,STCG-v1 Weighted Ridge,5,0.1,0.3,2.0,1.0,0.12173660287775263,1.5515838457795457e-17,0.23328963966488478,3.1031676915590914e-17,0.23242773024253816,0.0,0.2665533360569634,0.0,-1.1535165309051187e-07,-1.1535165309051187e-07,-0.03285876758486597,True,True,True,False,False,True
BeijingPM25,STCG-v1 Weighted Ridge,5,0.1,0.3,4.0,1.0,0.12173649325153472,0.0,0.2332895952937164,0.0,0.2324276803185862,3.1031676915590914e-17,0.2665535103762373,0.0,-1.597228214689217e-07,-1.597228214689217e-07,-0.03285881195603435,True,True,True,False,False,True
BeijingPM25,STCG-v1 Weighted Ridge,5,0.1,0.6,0.5,1.0,0.12173682737638855,0.0,0.2332897391456233,3.1031676915590914e-17,0.23242783460925032,0.0,0.2665532264053938,0.0,-1.5870914582549744e-08,-1.5870914582549744e-08,-0.032858668104127464,True,True,True,False,False,True
BeijingPM25,STCG-v1 Weighted Ridge,5,0.1,0.6,1.0,1.0,0.12173680189716982,0.0,0.2332897280282204,0.0,0.23242782286631206,0.0,0.26655324174393047,0.0,-2.6988317469722745e-08,-2.6988317469722745e-08,-0.03285867922153035,True,True,True,False,False,True
BeijingPM25,STCG-v1 Weighted Ridge,5,0.1,0.6,2.0,1.0,0.12173677100143407,1.5515838457795457e-17,0.23328971573124968,0.0,0.23242780944614116,0.0,0.26655327416873525,0.0,-3.9285288189194745e-08,-3.9285288189194745e-08,-0.03285869151850107,True,True,True,False,False,True
BeijingPM25,STCG-v1 Weighted Ridge,5,0.1,0.6,4.0,1.0,0.12173674775988279,1.5515838457795457e-17,0.23328970657416753,0.0,0.23242779898267835,3.1031676915590914e-17,0.26655331593830467,0.0,-4.844237033729826e-08,-4.844237033729826e-08,-0.03285870067558322,True,True,True,False,False,True
BeijingPM25,STCG-v1 Weighted Ridge,5,0.3,0.01,0.5,1.0,0.12173836570137944,1.5515838457795457e-17,0.2332920096604628,3.1031676915590914e-17,0.23243013811494598,0.0,0.26655379571125326,0.0,-1.9570988887829266e-07,2.254643924920474e-06,-0.03285639758928796,True,False,True,False,False,True
BeijingPM25,STCG-v1 Weighted Ridge,5,0.3,0.01,1.0,1.0,0.12173769923695495,0.0,0.23329158636194042,3.1031676915590914e-17,0.23242970567552854,0.0,0.26655368376950733,0.0,-6.190084112511762e-07,1.8313454025475906e-06,-0.032856820887810334,True,False,True,False,False,True
BeijingPM25,STCG-v1 Weighted Ridge,5,0.3,0.01,2.0,1.0,0.12173439485536797,0.0,0.23328911777208944,3.1031676915590914e-17,0.23242720289764068,3.1031676915590914e-17,0.266552091228603,0.0,-3.0875982622302622e-06,-6.372444484314954e-07,-0.03285928947766131,True,True,True,False,False,True
BeijingPM25,STCG-v1 Weighted Ridge,5,0.3,0.01,4.0,1.0,0.12172007370885526,0.0,0.2332840378673044,3.1031676915590914e-17,0.23242230296461147,3.1031676915590914e-17,0.2665476584446787,0.0,-8.167503047273872e-06,-5.717149233475105e-06,-0.03286436938244636,True,True,True,False,False,True
BeijingPM25,STCG-v1 Weighted Ridge,5,0.3,0.03,0.5,1.0,0.12173837923041468,0.0,0.23329201832197483,3.1031676915590914e-17,0.23243014696602962,0.0,0.266553798070438,0.0,-1.870483768429132e-07,2.2633054369558536e-06,-0.032856388927775926,True,False,True,False,False,True
BeijingPM25,STCG-v1 Weighted Ridge,5,0.3,0.03,1.0,1.0,0.12173777500697532,0.0,0.2332916498801671,3.1031676915590914e-17,0.2324297706068264,3.1031676915590914e-17,0.26655372649568676,0.0,-5.554901845727933e-07,1.8948636292259735e-06,-0.032856757369583656,True,False,True,False,False,True
BeijingPM25,STCG-v1 Weighted Ridge,5,0.3,0.03,2.0,1.0,0.12173544534972827,0.0,0.23329023323270692,0.0,0.23242834334191445,0.0,0.2665530358868652,0.0,-1.972137644745686e-06,4.782161690530806e-07,-0.03285817401704383,True,False,True,False,False,True
BeijingPM25,STCG-v1 Weighted Ridge,5,0.3,0.03,4.0,1.0,0.12172948503933348,0.0,0.23328847337994837,0.0,0.2324265198236982,3.1031676915590914e-17,0.2665545313738204,0.0,-3.731990403293972e-06,-1.2816365894952053e-06,-0.03285993386980238,True,True,True,False,False,True
BeijingPM25,STCG-v1 Weighted Ridge,5,0.3,0.1,0.5,1.0,0.12173842294107576,0.0,0.23329204527545017,0.0,0.23243017451810263,0.0,0.2665538036249333,0.0,-1.6009490150237227e-07,2.2902589122963946e-06,-0.032856361974300585,True,False,True,False,False,True
BeijingPM25,STCG-v1 Weighted Ridge,5,0.3,0.1,1.0,1.0,0.12173797750210605,0.0,0.23329180106992903,0.0,0.2324299244667923,0.0,0.2665538168735119,0.0,-4.043004226406133e-07,2.0460533911581535e-06,-0.032856606179821723,True,False,True,False,False,True
BeijingPM25,STCG-v1 Weighted Ridge,5,0.3,0.1,2.0,1.0,0.12173685350507361,0.0,0.23329128946795402,0.0,0.2324294017532643,3.1031676915590914e-17,0.26655395731293324,0.0,-9.159023976468283e-07,1.5344514161519385e-06,-0.03285711778179673,True,False,True,False,False,True
BeijingPM25,STCG-v1 Weighted Ridge,5,0.3,0.1,4.0,1.0,0.12173520189533918,1.5515838457795457e-17,0.233290680751384,0.0,0.2324287297992597,3.1031676915590914e-17,0.26655561781775383,0.0,-1.5246189676576538e-06,9.25734846141113e-07,-0.03285772649836674,True,False,True,False,False,True
BeijingPM25,STCG-v1 Weighted Ridge,5,0.3,0.3,0.5,1.0,0.1217385231784204,0.0,0.23329210241096893,0.0,0.23243023305680008,3.1031676915590914e-17,0.26655380411124324,0.0,-1.0295938274174077e-07,2.347394431057026e-06,-0.032856304838781825,True,False,True,False,False,True
BeijingPM25,STCG-v1 Weighted Ridge,5,0.3,0.3,1.0,1.0,0.12173830668344263,1.5515838457795457e-17,0.2332920004336235,0.0,0.23243012722477122,0.0,0.2665538748331959,0.0,-2.0493672817090136e-07,2.2454170856278655e-06,-0.032856406816127254,True,False,True,False,False,True
BeijingPM25,STCG-v1 Weighted Ridge,5,0.3,0.3,2.0,1.0,0.12173796063392406,0.0,0.23329186172612362,0.0,0.23242997951182948,3.1031676915590914e-17,0.2665541135870923,0.0,-3.4364422804578076e-07,2.106709585752986e-06,-0.03285654552362713,True,False,True,False,False,True
BeijingPM25,STCG-v1 Weighted Ridge,5,0.3,0.3,4.0,1.0,0.12173763454468065,1.5515838457795457e-17,0.23329173046062177,0.0,0.2324298316522205,0.0,0.26655463593139017,0.0,-4.749097299028282e-07,1.9754440838959386e-06,-0.032856676789128986,True,False,True,False,False,True
BeijingPM25,STCG-v1 Weighted Ridge,5,0.3,0.6,0.5,1.0,0.12173863075479166,1.5515838457795457e-17,0.23329215793596486,0.0,0.23243029032862567,3.1031676915590914e-17,0.26655378450359274,0.0,-4.743438680732126e-08,2.4029194269914456e-06,-0.03285624931378589,True,False,True,False,False,True
BeijingPM25,STCG-v1 Weighted Ridge,5,0.3,0.6,1.0,1.0,0.12173855435694866,1.5515838457795457e-17,0.2332921247445327,3.1031676915590914e-17,0.23243025526463948,3.1031676915590914e-17,0.2665538305131575,0.0,-8.062581896561838e-08,2.3697279948331484e-06,-0.03285628250521805,True,False,True,False,False,True
BeijingPM25,STCG-v1 Weighted Ridge,5,0.3,0.6,2.0,1.0,0.12173846179344054,1.5515838457795457e-17,0.23329208807804364,3.1031676915590914e-17,0.23243021523554958,3.1031676915590914e-17,0.26655392773024056,0.0,-1.1729230803281254e-07,2.3330615057659543e-06,-0.032856319171707116,True,False,True,False,False,True
BeijingPM25,STCG-v1 Weighted Ridge,5,0.3,0.6,4.0,1.0,0.12173839218695967,0.0,0.2332920608057747,0.0,0.2324301840520338,3.1031676915590914e-17,0.2665540529473538,0.0,-1.4456457697598069e-07,2.305789236822786e-06,-0.03285634644397606,True,False,True,False,False,True
BeijingPM25,STCG-v1 Weighted Ridge,5,1.0,0.01,0.5,1.0,0.12174409724792579,0.0,0.23330018506292688,3.1031676915590914e-17,0.2324384328386488,3.1031676915590914e-17,0.2665558524423747,0.0,-6.419327538698116e-07,1.0430046389009462e-05,-0.03284822218682387,True,False,True,False,False,True
BeijingPM25,STCG-v1 Weighted Ridge,5,1.0,0.01,1.0,1.0,0.12174191123913698,0.0,0.23329881545979134,0.0,0.2324370335666513,3.1031676915590914e-17,0.2665555079958052,0.0,-2.011535889412386e-06,9.060443253466888e-06,-0.032849591789959415,True,False,True,False,False,True
BeijingPM25,STCG-v1 Weighted Ridge,5,1.0,0.01,2.0,1.0,0.1217314700409052,0.0,0.23329131360075706,0.0,0.23242943327275722,0.0,0.2665508830453624,0.0,-9.51339492369363e-06,1.5585842191856436e-06,-0.032857093648993696,True,False,True,False,False,True
BeijingPM25,STCG-v1 Weighted Ridge,5,1.0,0.01,4.0,1.0,0.12169250712957091,0.0,0.2332820001364846,0.0,0.2324207215807133,3.1031676915590914e-17,0.2665409401675737,0.0,-1.882685919615823e-05,-7.754880053278956e-06,-0.03286640711326616,True,True,True,False,False,True
BeijingPM25,STCG-v1 Weighted Ridge,5,1.0,0.03,0.5,1.0,0.12174414184743494,0.0,0.23330021338403834,3.1031676915590914e-17,0.23243846178109603,0.0,0.2665558599634449,0.0,-6.136116424138027e-07,1.045836750046547e-05,-0.032848193865712416,True,False,True,False,False,True
BeijingPM25,STCG-v1 Weighted Ridge,5,1.0,0.03,1.0,1.0,0.12174215822182666,0.0,0.23329902001859093,0.0,0.23243724266739055,0.0,0.2665556431855568,0.0,-1.8069770898188064e-06,9.265002053060467e-06,-0.03284938723115982,True,False,True,False,False,True
BeijingPM25,STCG-v1 Weighted Ridge,5,1.0,0.03,2.0,1.0,0.12173467399752094,1.5515838457795457e-17,0.2332946374269768,0.0,0.2324328289714555,3.1031676915590914e-17,0.2665535883050784,0.0,-6.189568703962589e-06,4.8824104389166845e-06,-0.032853769822773965,True,False,True,False,False,True
BeijingPM25,STCG-v1 Weighted Ridge,5,1.0,0.03,4.0,1.0,0.12171659091388039,0.0,0.23329044625047332,3.1031676915590914e-17,0.23242844966180373,0.0,0.26655896726166384,0.0,-1.0380745207427822e-05,6.912339354514518e-07,-0.03285796099927743,True,False,True,False,False,True
BeijingPM25,STCG-v1 Weighted Ridge,5,1.0,0.1,0.5,1.0,0.12174428541143759,0.0,0.23330030156004616,0.0,0.23243855192076252,3.1031676915590914e-17,0.2665558775270786,0.0,-5.254356345851807e-07,1.0546543508294093e-05,-0.03284810568970459,True,False,True,False,False,True
BeijingPM25,STCG-v1 Weighted Ridge,5,1.0,0.1,1.0,1.0,0.12174281962140895,1.5515838457795457e-17,0.23329950852630194,3.1031676915590914e-17,0.232437739774444,3.1031676915590914e-17,0.26655593126116967,0.0,-1.318469378813747e-06,9.753509764065527e-06,-0.032848898723448816,True,False,True,False,False,True
BeijingPM25,STCG-v1 Weighted Ridge,5,1.0,0.1,2.0,1.0,0.12173915187357602,0.0,0.23329789506909632,0.0,0.23243609057967637,0.0,0.2665564316790729,0.0,-2.9319265844318654e-06,8.140052558447408e-06,-0.032850512180654434,True,False,True,False,False,True
BeijingPM25,STCG-v1 Weighted Ridge,5,1.0,0.1,4.0,1.0,0.12173381662192492,1.5515838457795457e-17,0.23329609932496348,3.1031676915590914e-17,0.2324340910030927,3.1031676915590914e-17,0.26656193651232524,0.0,-4.727670717269428e-06,6.344308425609846e-06,-0.03285230792478727,True,False,True,False,False,True
BeijingPM25,STCG-v1 Weighted Ridge,5,1.0,0.3,0.5,1.0,0.12174461492452093,0.0,0.2333004887113193,0.0,0.23243874368622994,0.0,0.26655587768461336,0.0,-3.38284361439678e-07,1.0733694781439596e-05,-0.03284791853843144,True,False,True,False,False,True
BeijingPM25,STCG-v1 Weighted Ridge,5,1.0,0.3,1.0,1.0,0.1217439022306482,0.0,0.2333001560339137,0.0,0.2324383983100608,3.1031676915590914e-17,0.2665561147254175,0.0,-6.709617670352941e-07,1.040101737584398e-05,-0.03284825121583704,True,False,True,False,False,True
BeijingPM25,STCG-v1 Weighted Ridge,5,1.0,0.3,2.0,1.0,0.12174276153784672,0.0,0.23329970933792593,3.1031676915590914e-17,0.23243792198140625,0.0,0.26655690995894876,0.0,-1.117657754817758e-06,9.954321388061516e-06,-0.03284869791182482,True,False,True,False,False,True
BeijingPM25,STCG-v1 Weighted Ridge,5,1.0,0.3,4.0,1.0,0.12174168829531914,1.5515838457795457e-17,0.23329929303502145,0.0,0.23243745110872824,3.1031676915590914e-17,0.2665586439936763,0.0,-1.5339606593001154e-06,9.538018483579158e-06,-0.0328491142147293,True,False,True,False,False,True
BeijingPM25,STCG-v1 Weighted Ridge,5,1.0,0.6,0.5,1.0,0.12174496910112835,0.0,0.23330067095013138,3.1031676915590914e-17,0.23243893168915605,0.0,0.26655581156949565,0.0,-1.560455493709867e-07,1.0915933593508287e-05,-0.03284773629961937,True,False,True,False,False,True
BeijingPM25,STCG-v1 Weighted Ridge,5,1.0,0.6,1.0,1.0,0.12174471738059486,0.0,0.2333005621752502,0.0,0.23243881671974664,0.0,0.2665559648626662,0.0,-2.6482043055664484e-07,1.0807158712322629e-05,-0.03284784507450056,True,False,True,False,False,True
BeijingPM25,STCG-v1 Weighted Ridge,5,1.0,0.6,2.0,1.0,0.12174441247786198,1.5515838457795457e-17,0.23330044255291763,0.0,0.2324386859703139,0.0,0.26655628825251915,0.0,-3.8444276312388226e-07,1.0687536379755391e-05,-0.032847964696833126,True,False,True,False,False,True
BeijingPM25,STCG-v1 Weighted Ridge,5,1.0,0.6,4.0,1.0,0.12174418326335804,0.0,0.23330035394981855,3.1031676915590914e-17,0.23243858442152207,3.1031676915590914e-17,0.2665567045792997,0.0,-4.730458622037581e-07,1.0598933280675515e-05,-0.032848053299932206,True,False,True,False,False,True
BeijingPM25,STCG-v1 Weighted Ridge,5,3.0,0.01,0.5,1.0,0.12176075121171917,1.5515838457795457e-17,0.23332400529937014,0.0,0.23246258759197583,0.0,0.2665623791048144,0.0,-1.8385425661349153e-06,3.425028283227105e-05,-0.03282440195038061,True,False,True,False,False,True
BeijingPM25,STCG-v1 Weighted Ridge,5,3.0,0.01,1.0,1.0,0.12175448293789573,1.5515838457795457e-17,0.2333202329376219,0.0,0.23245873303548703,0.0,0.26656157098296296,0.0,-5.610904314362619e-06,3.0477921084043347e-05,-0.03282817431212884,True,False,True,False,False,True
BeijingPM25,STCG-v1 Weighted Ridge,5,3.0,0.01,2.0,1.0,0.12172750819383722,0.0,0.23330283122053014,0.0,0.23244115359793174,0.0,0.26655191183335036,0.0,-2.301262140613769e-05,1.3076203992268276e-05,-0.03284557602922061,True,False,True,False,False,True
BeijingPM25,STCG-v1 Weighted Ridge,5,3.0,0.01,4.0,1.0,0.12165677841940777,0.0,0.23331300257502635,0.0,0.2324534130643205,3.1031676915590914e-17,0.2665444694816625,0.0,-1.2841266909924265e-05,2.32475584884817e-05,-0.0328354046747244,True,False,True,False,False,True
BeijingPM25,STCG-v1 Weighted Ridge,5,3.0,0.03,0.5,1.0,0.12176088117421953,0.0,0.23332408569489668,3.1031676915590914e-17,0.23246266976076466,0.0,0.2665623988665181,0.0,-1.7581470395933163e-06,3.433067835881265e-05,-0.03282432155485407,True,False,True,False,False,True
BeijingPM25,STCG-v1 Weighted Ridge,5,3.0,0.03,1.0,1.0,0.12175517540467676,0.0,0.23332078936505476,0.0,0.23245930168254234,0.0,0.2665619211273346,0.0,-5.054476881510839e-06,3.103434851689513e-05,-0.032827617884695987,True,False,True,False,False,True
BeijingPM25,STCG-v1 Weighted Ridge,5,3.0,0.03,2.0,1.0,0.12173516357026384,0.0,0.2333101915374136,0.0,0.2324486476573738,0.0,0.26655749842509613,0.0,-1.5652304522661975e-05,2.043652087574399e-05,-0.03283821571233714,True,False,True,False,False,True
BeijingPM25,STCG-v1 Weighted Ridge,5,3.0,0.03,4.0,1.0,0.12169368881610113,0.0,0.23330858911010646,0.0,0.23244669565856668,0.0,0.2665759116736595,0.0,-1.7254731829813297e-05,1.883409356859267e-05,-0.03283981813964429,True,False,True,False,False,True
BeijingPM25,STCG-v1 Weighted Ridge,5,3.0,0.1,0.5,1.0,0.12176130011874771,0.0,0.2333243363547476,0.0,0.23246292603934995,3.1031676915590914e-17,0.26656244376439236,0.0,-1.5074871886622265e-06,3.458133820974374e-05,-0.03282407089500314,True,False,True,False,False,True
BeijingPM25,STCG-v1 Weighted Ridge,5,3.0,0.1,1.0,1.0,0.12175705788949447,0.0,0.23332213001765867,0.0,0.23246066557749218,3.1031676915590914e-17,0.2665626819559206,0.0,-3.713824277606914e-06,3.237500112079905e-05,-0.03282627723209208,True,False,True,False,False,True
BeijingPM25,STCG-v1 Weighted Ridge,5,3.0,0.1,2.0,1.0,0.12174678508557206,1.5515838457795457e-17,0.23331802152521175,0.0,0.2324564612613341,3.1031676915590914e-17,0.2665644311552104,0.0,-7.822316724526157e-06,2.826650867387981e-05,-0.032830385724539,True,False,True,False,False,True
BeijingPM25,STCG-v1 Weighted Ridge,5,3.0,0.1,4.0,1.0,0.12173249233476595,0.0,0.23331443127226054,3.1031676915590914e-17,0.23245231667445396,0.0,0.26658068383374994,0.0,-1.1412569675739448e-05,2.4676255722666518e-05,-0.032833975977490215,True,False,True,False,False,True
BeijingPM25,STCG-v1 Weighted Ridge,5,3.0,0.3,0.5,1.0,0.12176226463690212,1.5515838457795457e-17,0.23332487027823162,3.1031676915590914e-17,0.23246347326220307,0.0,0.2665624321904205,0.0,-9.735637046537349e-07,3.511526169375223e-05,-0.03282353697151913,True,False,True,False,False,True
BeijingPM25,STCG-v1 Weighted Ridge,5,3.0,0.3,1.0,1.0,0.12176018183782436,1.5515838457795457e-17,0.23332393262221154,0.0,0.23246249880138298,3.1031676915590914e-17,0.2665631538474133,0.0,-1.9112197247317386e-06,3.417760567367423e-05,-0.03282447462753921,True,False,True,False,False,True
BeijingPM25,STCG-v1 Weighted Ridge,5,3.0,0.3,2.0,1.0,0.12175687487582718,1.5515838457795457e-17,0.23332272185168862,0.0,0.23246120241891974,3.1031676915590914e-17,0.26656553372465297,0.0,-3.12199024765647e-06,3.2966835150749496e-05,-0.03282568539806213,True,False,True,False,False,True
BeijingPM25,STCG-v1 Weighted Ridge,5,3.0,0.3,4.0,1.0,0.12175378866828748,0.0,0.23332164742337386,0.0,0.232459970516984,0.0,0.2665706759992395,0.0,-4.196418562418813e-06,3.189240683598715e-05,-0.032826759826376894,True,False,True,False,False,True
BeijingPM25,STCG-v1 Weighted Ridge,5,3.0,0.6,0.5,1.0,0.12176330419357409,0.0,0.23332539314364403,0.0,0.2324640129143308,3.1031676915590914e-17,0.26656222759725295,0.0,-4.506982922425351e-07,3.563812710616343e-05,-0.03282301410610672,True,False,True,False,False,True
BeijingPM25,STCG-v1 Weighted Ridge,5,3.0,0.6,1.0,1.0,0.1217625643383867,1.5515838457795457e-17,0.2333250824752465,3.1031676915590914e-17,0.23246368406893017,0.0,0.26656268682110823,0.0,-7.61366689777665e-07,3.53274587086283e-05,-0.03282332477450425,True,False,True,False,False,True
BeijingPM25,STCG-v1 Weighted Ridge,5,3.0,0.6,2.0,1.0,0.12176166994701276,0.0,0.23332474541206433,3.1031676915590914e-17,0.23246331432099882,3.1031676915590914e-17,0.26656365131923654,0.0,-1.0984298719485253e-06,3.499039552645744e-05,-0.032823661837686424,True,False,True,False,False,True
BeijingPM25,STCG-v1 Weighted Ridge,5,3.0,0.6,4.0,1.0,0.12176099781316116,0.0,0.23332449893050206,3.1031676915590914e-17,0.23246302978125835,3.1031676915590914e-17,0.26656489130973926,0.0,-1.3449114342201085e-06,3.474391396418586e-05,-0.032823908319248696,True,False,True,False,False,True
BeijingPM25,STCG-v1 Weighted Ridge,5,10.0,0.01,0.5,1.0,0.12182221869503132,1.5515838457795457e-17,0.2334124884136385,0.0,0.23255217023497163,0.0,0.2665924857380653,0.0,-5.188002877909437e-06,0.0001227333971006439,-0.03273591883611224,True,False,True,False,False,True
BeijingPM25,STCG-v1 Weighted Ridge,5,10.0,0.01,1.0,1.0,0.12180441360007681,0.0,0.23340324152834357,0.0,0.23254272569743537,0.0,0.2665917985172706,0.0,-1.4434888172848437e-05,0.0001134865118057049,-0.03274516572140718,True,False,True,False,False,True
BeijingPM25,STCG-v1 Weighted Ridge,5,10.0,0.01,2.0,1.0,0.12174715626896908,0.0,0.2333808179089793,3.1031676915590914e-17,0.2325206357735902,3.1031676915590914e-17,0.2665823788010047,0.0,-3.685850753712416e-05,9.106289244142918e-05,-0.03276758934077145,True,False,True,False,False,True
BeijingPM25,STCG-v1 Weighted Ridge,5,10.0,0.01,4.0,1.0,0.12169141413711063,1.5515838457795457e-17,0.2335503163435461,0.0,0.23269908693358582,3.1031676915590914e-17,0.2666307160056978,0.0,0.0001326399270296652,0.00026056132700821855,-0.03259809090620466,False,False,True,False,False,True
BeijingPM25,STCG-v1 Weighted Ridge,5,10.0,0.03,0.5,1.0,0.12182260618996213,1.5515838457795457e-17,0.2334127084051451,3.1031676915590914e-17,0.23255239508179265,3.1031676915590914e-17,0.2665925235889161,0.0,-4.96801137131464e-06,0.0001229533886072387,-0.03273569884460564,True,False,True,False,False,True
BeijingPM25,STCG-v1 Weighted Ridge,5,10.0,0.03,1.0,1.0,0.12180627651795636,0.0,0.2334045590545067,0.0,0.2325440691075283,0.0,0.26659250433180576,0.0,-1.3117362009734679e-05,0.00011480403796881866,-0.03274384819524406,True,False,True,False,False,True
BeijingPM25,STCG-v1 Weighted Ridge,5,10.0,0.03,2.0,1.0,0.12175965737107838,0.0,0.233389687674399,0.0,0.23252940501825278,0.0,0.2665897004091479,0.0,-2.7988742117429632e-05,9.993265786112371e-05,-0.03275871957535176,True,False,True,False,False,True
BeijingPM25,STCG-v1 Weighted Ridge,5,10.0,0.03,4.0,1.0,0.12169734296321133,0.0,0.23344873566521943,3.1031676915590914e-17,0.23258929782487017,0.0,0.2666599790559108,0.0,3.1059248703002584e-05,0.00015898064868155592,-0.032699671584531326,False,False,True,False,False,True
BeijingPM25,STCG-v1 Weighted Ridge,5,10.0,0.1,0.5,1.0,0.12182386546393739,0.0,0.2334133974794031,0.0,0.23255309970415777,3.1031676915590914e-17,0.2665925946909432,0.0,-4.27893711332783e-06,0.0001236424628652255,-0.032735009770347656,True,False,True,False,False,True
BeijingPM25,STCG-v1 Weighted Ridge,5,10.0,0.1,1.0,1.0,0.1218114597861331,1.5515838457795457e-17,0.23340781694833512,0.0,0.23254737620253296,0.0,0.2665941223803672,0.0,-9.859468181300235e-06,0.0001180619317972531,-0.03274059030141563,True,False,True,False,False,True
BeijingPM25,STCG-v1 Weighted Ridge,5,10.0,0.1,2.0,1.0,0.12178437851051185,1.5515838457795457e-17,0.23340094916378568,3.1031676915590914e-17,0.23254032339199196,3.1031676915590914e-17,0.26660201276645745,0.0,-1.6727252730747155e-05,0.00011119414724780619,-0.032747458085965075,True,False,True,False,False,True
BeijingPM25,STCG-v1 Weighted Ridge,5,10.0,0.1,4.0,1.0,0.12175180676273138,0.0,0.23340428476005365,3.1031676915590914e-17,0.23254238535643507,3.1031676915590914e-17,0.2666532063230069,0.0,-1.3391656462774515e-05,0.00011452974351577883,-0.0327441224896971,True,False,True,False,False,True
BeijingPM25,STCG-v1 Weighted Ridge,5,10.0,0.3,0.5,1.0,0.1218267997306379,0.0,0.23341488298522234,3.1031676915590914e-17,0.23255462314807915,0.0,0.2665924328718659,0.0,-2.793431294084714e-06,0.00012512796868446863,-0.03273352426452841,True,False,True,False,False,True
BeijingPM25,STCG-v1 Weighted Ridge,5,10.0,0.3,1.0,1.0,0.12182049403888988,1.5515838457795457e-17,0.2334124004203802,3.1031676915590914e-17,0.23255203302851496,3.1031676915590914e-17,0.26659494019314706,0.0,-5.275996136228089e-06,0.00012264540384232525,-0.032736006829370556,True,False,True,False,False,True
BeijingPM25,STCG-v1 Weighted Ridge,5,10.0,0.3,2.0,1.0,0.12181082810977913,0.0,0.23340970417615825,0.0,0.23254908884973097,3.1031676915590914e-17,0.26660278754060807,0.0,-7.972240358172789e-06,0.00011994915962038055,-0.0327387030735925,True,False,True,False,False,True
BeijingPM25,STCG-v1 Weighted Ridge,5,10.0,0.3,4.0,1.0,0.12180212525347725,1.5515838457795457e-17,0.23340790033157174,3.1031676915590914e-17,0.2325468277114294,3.1031676915590914e-17,0.2666192726610256,0.0,-9.776084944679297e-06,0.00011814531503387404,-0.03274050691817901,True,False,True,False,False,True
BeijingPM25,STCG-v1 Weighted Ridge,5,10.0,0.6,0.5,1.0,0.12183001125158191,1.5515838457795457e-17,0.23341636670830476,0.0,0.2325561568480013,3.1031676915590914e-17,0.26659168631526936,0.0,-1.309708211660876e-06,0.00012661169176689246,-0.03273204054144599,True,False,True,False,False,True
BeijingPM25,STCG-v1 Weighted Ridge,5,10.0,0.6,1.0,1.0,0.1218277147605088,0.0,0.23341550244481352,3.1031676915590914e-17,0.23255523675884415,0.0,0.2665932081104864,0.0,-2.173971702906785e-06,0.00012574742827564656,-0.032732904804937235,True,False,True,False,False,True
BeijingPM25,STCG-v1 Weighted Ridge,5,10.0,0.6,2.0,1.0,0.12182495881875466,0.0,0.2334146161958642,0.0,0.2325542495710425,0.0,0.26659635875452986,0.0,-3.060220652217893e-06,0.00012486117932633545,-0.032733791053886546,True,False,True,False,False,True
BeijingPM25,STCG-v1 Weighted Ridge,5,10.0,0.6,4.0,1.0,0.12182288887396411,0.0,0.23341400485399671,3.1031676915590914e-17,0.2325535201530707,0.0,0.26660039186447004,0.0,-3.671562519708127e-06,0.00012424983745884521,-0.032734402395754036,True,False,True,False,False,True
BeijingPM25,STCG-v1 Weighted Ridge,5,30.0,0.01,0.5,1.0,0.12202096172193302,1.5515838457795457e-17,0.23370302193520026,0.0,0.23284530647697155,0.0,0.26673348370945077,0.0,-9.073917177193636e-06,0.0004132669186623916,-0.03244538531455049,True,False,True,False,False,True
BeijingPM25,STCG-v1 Weighted Ridge,5,30.0,0.01,1.0,1.0,0.12198518259168009,1.5515838457795457e-17,0.23369397640882522,0.0,0.23283621479368682,3.1031676915590914e-17,0.2667401790266568,0.0,-1.8119443552233605e-05,0.00040422139228735166,-0.03245443084092553,True,False,True,False,False,True
BeijingPM25,STCG-v1 Weighted Ridge,5,30.0,0.01,2.0,1.0,0.12191994678598053,0.0,0.23373574055674656,3.1031676915590914e-17,0.23288210040972684,3.1031676915590914e-17,0.26676202540749183,0.0,2.3644704369107927e-05,0.0004459855402086932,-0.03241266669300419,False,False,True,False,False,True
BeijingPM25,STCG-v1 Weighted Ridge,5,30.0,0.01,4.0,1.0,0.12201249002721568,1.5515838457795457e-17,0.23434906312405746,0.0,0.2335212860352492,3.1031676915590914e-17,0.26701343950525475,0.0,0.0006369672716800001,0.0010593081075195854,-0.031799344125693296,False,False,True,False,False,True
BeijingPM25,STCG-v1 Weighted Ridge,5,30.0,0.03,0.5,1.0,0.1220218558896414,1.5515838457795457e-17,0.23370337250114953,0.0,0.23284566306734994,3.1031676915590914e-17,0.2667334398859633,0.0,-8.723351227923892e-06,0.00041361748461166137,-0.03244503474860122,True,False,True,False,False,True
BeijingPM25,STCG-v1 Weighted Ridge,5,30.0,0.03,1.0,1.0,0.1219884156713982,1.5515838457795457e-17,0.2336952622703007,0.0,0.23283748783551897,3.1031676915590914e-17,0.26674054974237976,0.0,-1.6833582076741793e-05,0.00040550725376284347,-0.03245314497945004,True,False,True,False,False,True
BeijingPM25,STCG-v1 Weighted Ridge,5,30.0,0.03,2.0,1.0,0.12192770909253334,1.5515838457795457e-17,0.23372703701673664,3.1031676915590914e-17,0.23287193236556733,3.1031676915590914e-17,0.2667655571643521,0.0,1.4941164359183468e-05,0.00043728200019876873,-0.03242137023301411,False,False,True,False,False,True
BeijingPM25,STCG-v1 Weighted Ridge,5,30.0,0.03,4.0,1.0,0.12193402736308338,0.0,0.2340380666722865,0.0,0.23319202091050345,3.1031676915590914e-17,0.26697878405432857,0.0,0.0003259708199090383,0.0007483116557486236,-0.03211034057746426,False,False,True,False,False,True
BeijingPM25,STCG-v1 Weighted Ridge,5,30.0,0.1,0.5,1.0,0.12202478367731746,0.0,0.23370448309772818,0.0,0.23284679421380763,0.0,0.2667332037115941,0.0,-7.6127546492776865e-06,0.0004147280811903076,-0.032443924152022574,True,False,True,False,False,True
BeijingPM25,STCG-v1 Weighted Ridge,5,30.0,0.1,1.0,1.0,0.12199800807904101,1.5515838457795457e-17,0.23369858099337532,0.0,0.23284076149489313,3.1031676915590914e-17,0.26674142984037347,0.0,-1.3514859002139445e-05,0.0004088259768374458,-0.032449826256375436,True,False,True,False,False,True
BeijingPM25,STCG-v1 Weighted Ridge,5,30.0,0.1,2.0,1.0,0.12195272051247977,0.0,0.23371165712114844,3.1031676915590914e-17,0.2328542578931406,0.0,0.2667724084741673,0.0,-4.387312290132783e-07,0.000421902104610572,-0.03243675012860231,True,False,True,False,False,True
BeijingPM25,STCG-v1 Weighted Ridge,5,30.0,0.1,4.0,1.0,0.1219194758048748,1.5515838457795457e-17,0.23378427363984486,0.0,0.23292619880538915,0.0,0.2669059079787282,0.0,7.217778746740344e-05,0.0004945186233069887,-0.03236413360990589,False,False,True,False,False,True
BeijingPM25,STCG-v1 Weighted Ridge,5,30.0,0.3,0.5,1.0,0.12203177617673575,0.0,0.23370695701471328,0.0,0.23284932816516077,0.0,0.2667319882985045,0.0,-5.138837664175888e-06,0.00041720199817540937,-0.03244145023503747,True,False,True,False,False,True
BeijingPM25,STCG-v1 Weighted Ridge,5,30.0,0.3,1.0,1.0,0.12201689294485829,0.0,0.23370380868414825,0.0,0.2328459831093109,0.0,0.2667400023254757,0.0,-8.287168229204056e-06,0.0004140536676103812,-0.0324445985656025,True,False,True,False,False,True
BeijingPM25,STCG-v1 Weighted Ridge,5,30.0,0.3,2.0,1.0,0.12199619222302201,0.0,0.23370409237254855,0.0,0.2328458130821546,0.0,0.26676258553253596,0.0,-8.003479828905258e-06,0.00041433735601068,-0.0324443148772022,True,False,True,False,False,True
BeijingPM25,STCG-v1 Weighted Ridge,5,30.0,0.3,4.0,1.0,0.1219795476213423,1.5515838457795457e-17,0.23370934627459086,0.0,0.23285016551661783,0.0,0.26680734808096024,0.0,-2.749577786592683e-06,0.0004195912580529926,-0.03243906097515989,True,False,True,False,False,True
BeijingPM25,STCG-v1 Weighted Ridge,5,30.0,0.6,0.5,1.0,0.12203968063696946,0.0,0.2337095838964772,0.0,0.23285205355325198,0.0,0.26672935934838937,0.0,-2.5119559002584335e-06,0.0004198288799393268,-0.032438823353273555,True,False,True,False,False,True
BeijingPM25,STCG-v1 Weighted Ridge,5,30.0,0.6,1.0,1.0,0.1220339686924419,1.5515838457795457e-17,0.2337082206403344,0.0,0.23285056317655348,0.0,0.26673382534886364,0.0,-3.875212043064069e-06,0.0004184656237965212,-0.03244018660941636,True,False,True,False,False,True
BeijingPM25,STCG-v1 Weighted Ridge,5,30.0,0.6,2.0,1.0,0.1220271805081053,0.0,0.23370724301185425,3.1031676915590914e-17,0.23284934766329032,0.0,0.2667427717089595,0.0,-4.8528405232062255e-06,0.00041748799531637903,-0.0324411642378965,True,False,True,False,False,True
BeijingPM25,STCG-v1 Weighted Ridge,5,30.0,0.6,4.0,1.0,0.12202223651704518,0.0,0.23370689774344228,3.1031676915590914e-17,0.23284871618198025,0.0,0.266754116812786,0.0,-5.198108935178247e-06,0.000417142726904407,-0.032441509506308475,True,False,True,False,False,True
BeijingPM25,STCG-v1 Weighted Ridge,5,100.0,0.01,0.5,1.0,0.12289148479316578,1.5515838457795457e-17,0.23500332339807936,3.1031676915590914e-17,0.234150182733395,3.1031676915590914e-17,0.26767050365521416,0.0,1.2605941200227733e-05,0.0017135683815414915,-0.03114508385167139,False,False,True,False,False,True
BeijingPM25,STCG-v1 Weighted Ridge,5,100.0,0.01,1.0,1.0,0.12285578504384109,0.0,0.23505427010047858,3.1031676915590914e-17,0.23420424005468857,3.1031676915590914e-17,0.2677143925788062,0.0,6.355264359944601e-05,0.0017645150839407098,-0.031094137149272172,False,False,True,False,False,True
BeijingPM25,STCG-v1 Weighted Ridge,5,100.0,0.01,2.0,1.0,0.12287144922893485,1.5515838457795457e-17,0.23537912590250185,3.1031676915590914e-17,0.23454659239412218,3.1031676915590914e-17,0.26785887171662914,0.0,0.00038840844562271215,0.002089370885963976,-0.030769281347248906,False,False,True,False,False,True
BeijingPM25,STCG-v1 Weighted Ridge,5,100.0,0.01,4.0,1.0,0.12335349854063742,0.0,0.2370449188365747,0.0,0.2362752186209554,3.1031676915590914e-17,0.26873636867658035,0.0,0.0020542013796955583,0.003755163820036822,-0.02910348841317606,False,False,True,False,False,True
BeijingPM25,STCG-v1 Weighted Ridge,5,100.0,0.03,0.5,1.0,0.12289268910920573,1.5515838457795457e-17,0.23500276372076428,0.0,0.23414957431517833,0.0,0.26766975437645696,0.0,1.2046263885151509e-05,0.0017130087042264153,-0.031145643528986466,False,False,True,False,False,True
BeijingPM25,STCG-v1 Weighted Ridge,5,100.0,0.03,1.0,1.0,0.1228579677769853,1.5515838457795457e-17,0.23504962648358102,3.1031676915590914e-17,0.23419919196617195,3.1031676915590914e-17,0.2677119599696522,0.0,5.890902670188658e-05,0.0017598714670431503,-0.03109878076616973,False,False,True,False,False,True
BeijingPM25,STCG-v1 Weighted Ridge,5,100.0,0.03,2.0,1.0,0.12286299846460011,0.0,0.2353198303206545,0.0,0.2344831215448114,0.0,0.26784687278575914,0.0,0.0003291128637753771,0.002030075304116641,-0.03082857692909624,False,False,True,False,False,True
BeijingPM25,STCG-v1 Weighted Ridge,5,100.0,0.03,4.0,1.0,0.12311676190618684,0.0,0.23634076575531657,0.0,0.23553788085189034,0.0,0.2684751568306147,0.0,0.001350048298437434,0.0030510107387786978,-0.029807641494434184,False,False,True,False,False,True
BeijingPM25,STCG-v1 Weighted Ridge,5,100.0,0.1,0.5,1.0,0.12289673495068645,1.5515838457795457e-17,0.23500096257711278,0.0,0.2341476234667615,3.1031676915590914e-17,0.2676671879863426,0.0,1.024512023364843e-05,0.0017112075605749122,-0.03114744467263797,False,False,True,False,False,True
BeijingPM25,STCG-v1 Weighted Ridge,5,100.0,0.1,1.0,1.0,0.12286570606357979,0.0,0.23503616948305286,0.0,0.23418462541433915,0.0,0.2677046683863757,0.0,4.545202617373123e-05,0.001746414466514995,-0.031112237766697887,False,False,True,False,False,True
BeijingPM25,STCG-v1 Weighted Ridge,5,100.0,0.1,2.0,1.0,0.12285035260725437,1.5515838457795457e-17,0.2351926109555224,3.1031676915590914e-17,0.2343473950527611,3.1031676915590914e-17,0.2678150742445393,0.0,0.0002018934986432741,0.0019028559389845379,-0.030955796294228344,False,False,True,False,False,True
BeijingPM25,STCG-v1 Weighted Ridge,5,100.0,0.1,4.0,1.0,0.12291908447849365,0.0,0.23557243996092975,0.0,0.23473581436084387,0.0,0.26814911758656496,0.0,0.0005817225040506135,0.0022826849443918773,-0.030575967288821004,False,False,True,False,False,True
BeijingPM25,STCG-v1 Weighted Ridge,5,100.0,0.3,0.5,1.0,0.12290707423473686,1.5515838457795457e-17,0.2349969487540918,0.0,0.2341433233074499,0.0,0.2676601023072333,0.0,6.2312972126665755e-06,0.0017071937375539303,-0.03115145849565895,False,False,True,False,False,True
BeijingPM25,STCG-v1 Weighted Ridge,5,100.0,0.3,1.0,1.0,0.12288636235836112,1.5515838457795457e-17,0.23501284454419444,3.1031676915590914e-17,0.234159688455264,3.1031676915590914e-17,0.2676870361011613,0.0,2.212708731530455e-05,0.0017230895276565683,-0.031135562705556313,False,False,True,False,False,True
BeijingPM25,STCG-v1 Weighted Ridge,5,100.0,0.3,2.0,1.0,0.12286528249548648,0.0,0.235058426203178,3.1031676915590914e-17,0.23420597246771396,3.1031676915590914e-17,0.2677516930174423,0.0,6.77087462988557e-05,0.0017686711866401195,-0.031089981046572762,False,False,True,False,False,True
BeijingPM25,STCG-v1 Weighted Ridge,5,100.0,0.3,4.0,1.0,0.12285985980227879,1.5515838457795457e-17,0.23512771702916352,3.1031676915590914e-17,0.23427528591101857,3.1031676915590914e-17,0.2678676527129724,0.0,0.0001369995722843853,0.001837962012625649,-0.031020690220587233,False,False,True,False,False,True
BeijingPM25,STCG-v1 Weighted Ridge,5,100.0,0.6,0.5,1.0,0.12292013762565038,0.0,0.23499318250306672,0.0,0.23413937795572437,0.0,0.2676498248277158,0.0,2.465046187588582e-06,0.0017034274865288523,-0.03115522474668403,False,False,True,False,False,True
BeijingPM25,STCG-v1 Weighted Ridge,5,100.0,0.6,1.0,1.0,0.1229106634826094,0.0,0.23499753863682743,0.0,0.2341437086197265,3.1031676915590914e-17,0.26766334444740364,0.0,6.821179948296452e-06,0.0017077836202895602,-0.03115086861292332,False,False,True,False,False,True
BeijingPM25,STCG-v1 Weighted Ridge,5,100.0,0.6,2.0,1.0,0.12290068134835938,1.5515838457795457e-17,0.2350061412597773,0.0,0.2341521111147177,3.1031676915590914e-17,0.26768873762165246,0.0,1.5423802898179018e-05,0.0017163862432394428,-0.03114226598997344,False,False,True,False,False,True
BeijingPM25,STCG-v1 Weighted Ridge,5,100.0,0.6,4.0,1.0,0.12289423795185775,0.0,0.23501549816157824,3.1031676915590914e-17,0.2341610880260286,3.1031676915590914e-17,0.2677204127570788,0.0,2.4780704699106648e-05,0.0017257431450403704,-0.03113290908817251,False,False,True,False,False,True
ETTh1,Persistence,5,nan,,,,0.269241262267238,0.0,0.439274730676546,0.0,0.40613374540353686,6.206335383118183e-17,0.573608722921841,0.0,nan,0.03081666638163555,0.0,False,False,False,False,False,False
ETTh1,Dense Ridge,5,0.1,,,,0.2622692078561559,0.0,0.4085533990369977,6.206335383118183e-17,0.38013076250663114,0.0,0.5554970379271592,0.0,0.0,9.533474208728299e-05,-0.030721331639548266,False,False,True,False,False,True
ETTh1,Dense Ridge,5,0.3,,,,0.26226895140431983,0.0,0.40855014404967893,0.0,0.3801285697543682,0.0,0.5554864392724044,0.0,0.0,9.207975476849262e-05,-0.030724586626867056,False,False,True,False,False,True
ETTh1,Dense Ridge,5,1.0,,,,0.26226889010382226,0.0,0.40853965245297824,6.206335383118183e-17,0.3801217388346658,0.0,0.5554508338509985,0.0,0.0,8.15881580678024e-05,-0.030735078223567747,False,False,True,False,False,True
ETTh1,Dense Ridge,5,3.0,,,,0.2622728049116199,0.0,0.40851584062378193,0.0,0.38010807438571886,0.0,0.555359124692707,0.0,0.0,5.7776328871494975e-05,-0.030758890052764054,False,False,True,False,False,True
ETTh1,Dense Ridge,5,10.0,,,,0.26231166314082155,0.0,0.4084718256642509,6.206335383118183e-17,0.3800992908183479,0.0,0.5550990872693508,0.0,0.0,1.3761369340448137e-05,-0.0308029050122951,False,False,True,False,False,True
ETTh1,Dense Ridge,5,30.0,,,,0.26249593479557004,0.0,0.40845806429491044,6.206335383118183e-17,0.38019674379877283,0.0,0.5545202179726773,0.0,0.0,0.0,-0.03081666638163555,False,False,True,False,False,True
ETTh1,Dense Ridge,5,100.0,,,,0.26347523892194147,0.0,0.4087859927331965,0.0,0.38092900605570296,0.0,0.5531679773026213,0.0,0.0,0.00032792843828605145,-0.030488737943349498,False,False,True,False,False,True
ETTh1,DynVAR-Lasso Weighted Ridge,5,0.1,0.01,0.5,1.0,0.2622686886009696,0.0,0.40855313655562053,0.0,0.38013047068028116,0.0,0.555496258072568,0.0,-2.6248137718898334e-07,9.5072260710094e-05,-0.030721594120925455,True,False,True,False,False,True
ETTh1,DynVAR-Lasso Weighted Ridge,5,0.1,0.01,1.0,1.0,0.2622679355867141,0.0,0.40855282639478296,0.0,0.3801300988880147,0.0,0.5554952053570131,0.0,-5.726422147578347e-07,9.476209987252515e-05,-0.030721904281763024,True,False,True,False,False,True
ETTh1,DynVAR-Lasso Weighted Ridge,5,0.1,0.01,2.0,1.0,0.2622653549680151,0.0,0.4085521783171665,0.0,0.3801291110099306,0.0,0.5554918166141039,0.0,-1.2207198312186307e-06,9.411402225606436e-05,-0.030722552359379485,True,False,True,False,False,True
ETTh1,DynVAR-Lasso Weighted Ridge,5,0.1,0.01,4.0,1.0,0.2622502770413933,0.0,0.40854513064647885,0.0,0.38012070405424037,0.0,0.5554757662951447,0.0,-8.268390518872959e-06,8.706635156841003e-05,-0.03072960003006714,True,False,True,False,False,True
ETTh1,DynVAR-Lasso Weighted Ridge,5,0.1,0.03,0.5,1.0,0.26226870382104733,0.0,0.40855314278056465,0.0,0.380130478155996,0.0,0.5554962793824515,0.0,-2.562564330732542e-07,9.507848565420973e-05,-0.03072158789598134,True,False,True,False,False,True
ETTh1,DynVAR-Lasso Weighted Ridge,5,0.1,0.03,1.0,1.0,0.2622679865232548,0.0,0.4085528297489637,0.0,0.38013011107225303,0.0,0.5554952750724761,0.0,-5.692880340468776e-07,9.476545405323611e-05,-0.030721900927582313,True,False,True,False,False,True
ETTh1,DynVAR-Lasso Weighted Ridge,5,0.1,0.03,2.0,1.0,0.26226558138753847,0.0,0.40855183158720115,6.206335383118183e-17,0.3801289053725868,0.0,0.5554922210468576,0.0,-1.567449796568976e-06,9.376729229071401e-05,-0.030722899089344835,True,False,True,False,False,True
ETTh1,DynVAR-Lasso Weighted Ridge,5,0.1,0.03,4.0,1.0,0.2622560111325623,0.0,0.4085469622499259,6.206335383118183e-17,0.38012347657150863,0.0,0.5554811354613248,0.0,-6.43678707179518e-06,8.88979550154878e-05,-0.03072776842662006,True,False,True,False,False,True
ETTh1,DynVAR-Lasso Weighted Ridge,5,0.1,0.1,0.5,1.0,0.26226875500050845,0.0,0.40855316482579057,6.206335383118183e-17,0.38013050412148675,0.0,0.5554963514490842,0.0,-2.342112071507252e-07,9.510053088013226e-05,-0.030721565850755417,True,False,True,False,False,True
ETTh1,DynVAR-Lasso Weighted Ridge,5,0.1,0.1,1.0,1.0,0.2622681569430497,0.0,0.4085528735555711,0.0,0.3801301757455291,0.0,0.5554954982240173,0.0,-5.254814265942542e-07,9.480926066068873e-05,-0.03072185712097486,True,False,True,False,False,True
ETTh1,DynVAR-Lasso Weighted Ridge,5,0.1,0.1,2.0,1.0,0.26226651587449634,0.0,0.4085520212831734,0.0,0.38012923207305865,0.0,0.5554932806298146,0.0,-1.3777538243053833e-06,9.39569882629776e-05,-0.03072270939337257,True,False,True,False,False,True
ETTh1,DynVAR-Lasso Weighted Ridge,5,0.1,0.1,4.0,1.0,0.26226293985174126,0.0,0.40855003677261886,6.206335383118183e-17,0.38012708841307274,0.0,0.5554880727637342,0.0,-3.3622643788588924e-06,9.19724777084241e-05,-0.030724693903927125,True,False,True,False,False,True
ETTh1,DynVAR-Lasso Weighted Ridge,5,0.1,0.3,0.5,1.0,0.2622688848589545,0.0,0.40855322638713104,0.0,0.3801305741753237,0.0,0.5554965383596476,0.0,-1.7264986668097393e-07,9.516209222060201e-05,-0.030721504289414947,True,False,True,False,False,True
ETTh1,DynVAR-Lasso Weighted Ridge,5,0.1,0.3,1.0,1.0,0.26226853550117096,0.0,0.40855303623613004,0.0,0.3801303676822864,0.0,0.5554960042040542,0.0,-3.628008676814787e-07,9.497194121960151e-05,-0.030721694440415948,True,False,True,False,False,True
ETTh1,DynVAR-Lasso Weighted Ridge,5,0.1,0.3,2.0,1.0,0.2622678650703577,0.0,0.4085526497671797,6.206335383118183e-17,0.3801299557966952,0.0,0.5554949394076385,0.0,-7.492698180233681e-07,9.458547226925962e-05,-0.03072208090936629,True,False,True,False,False,True
ETTh1,DynVAR-Lasso Weighted Ridge,5,0.1,0.3,4.0,1.0,0.2622670307293421,0.0,0.4085521001444573,0.0,0.3801293883504421,0.0,0.5554932585256122,0.0,-1.2988925404133767e-06,9.403584954686961e-05,-0.03072263053208868,True,False,True,False,False,True
ETTh1,DynVAR-Lasso Weighted Ridge,5,0.1,0.6,0.5,1.0,0.26226904383340033,0.0,0.4085533085952659,0.0,0.38013066485529834,0.0,0.555496776794136,0.0,-9.044173182592985e-08,9.524430035545706e-05,-0.030721422081280092,True,False,True,False,False,True
ETTh1,DynVAR-Lasso Weighted Ridge,5,0.1,0.6,1.0,1.0,0.26226890280861204,0.0,0.40855322675681566,6.206335383118183e-17,0.3801305778905712,0.0,0.555496541788449,0.0,-1.722801820647213e-07,9.516246190521827e-05,-0.03072150391973033,True,False,True,False,False,True
ETTh1,DynVAR-Lasso Weighted Ridge,5,0.1,0.6,2.0,1.0,0.2622687002902742,0.0,0.40855309956321173,0.0,0.38013044568321586,0.0,0.5554961619486405,0.0,-2.9947378599182173e-07,9.503526830129116e-05,-0.030721631113334258,True,False,True,False,False,True
ETTh1,DynVAR-Lasso Weighted Ridge,5,0.1,0.6,4.0,1.0,0.2622685130542112,0.0,0.4085529612555449,0.0,0.3801303082238038,0.0,0.5554956890280962,0.0,-4.377814528111479e-07,9.489696063447184e-05,-0.030721769421001077,True,False,True,False,False,True
ETTh1,DynVAR-Lasso Weighted Ridge,5,0.3,0.01,0.5,1.0,0.262267449121762,0.0,0.40854939389191774,0.0,0.38012772684089696,0.0,0.5554841946593759,0.0,-7.501577611868093e-07,9.132959700730581e-05,-0.030725336784628243,True,False,True,False,False,True
ETTh1,DynVAR-Lasso Weighted Ridge,5,0.3,0.01,1.0,1.0,0.26226531304205614,0.0,0.40854854180065453,0.0,0.3801266797567876,0.0,0.5554812096957694,0.0,-1.6022490244016474e-06,9.047750574409097e-05,-0.030726188875891458,True,False,True,False,False,True
ETTh1,DynVAR-Lasso Weighted Ridge,5,0.3,0.01,2.0,1.0,0.2622583939445345,0.0,0.40854716355712173,6.206335383118183e-17,0.38012420858628115,0.0,0.5554719848671416,0.0,-2.980492557203007e-06,8.909926221128961e-05,-0.03072756711942426,True,False,True,False,False,True
ETTh1,DynVAR-Lasso Weighted Ridge,5,0.3,0.01,4.0,1.0,0.2622217532812015,0.0,0.4085349343712178,0.0,0.3801068754392568,0.0,0.5554369769856475,0.0,-1.5209678461136633e-05,7.687007630735598e-05,-0.030739796305328193,True,False,True,False,False,True
ETTh1,DynVAR-Lasso Weighted Ridge,5,0.3,0.03,0.5,1.0,0.26226749283127543,0.0,0.40854941123097077,6.206335383118183e-17,0.3801277481073812,0.0,0.5554842555695276,0.0,-7.328187081601101e-07,9.13469360603325e-05,-0.030725319445575217,True,False,True,False,False,True
ETTh1,DynVAR-Lasso Weighted Ridge,5,0.3,0.03,1.0,1.0,0.2622654507274354,0.0,0.4085485441847679,0.0,0.3801267096720344,0.0,0.5554814051758807,0.0,-1.5998649110504637e-06,9.047988985744215e-05,-0.030726186491778107,True,False,True,False,False,True
ETTh1,DynVAR-Lasso Weighted Ridge,5,0.3,0.03,2.0,1.0,0.26225883965451546,0.0,0.40854598302926703,0.0,0.3801234702965072,0.0,0.5554730428363117,0.0,-4.161020411896921e-06,8.79187343565957e-05,-0.030728747647278953,True,False,True,False,False,True
ETTh1,DynVAR-Lasso Weighted Ridge,5,0.3,0.03,4.0,1.0,0.26223361443966603,0.0,0.4085344545559071,0.0,0.38010991335616773,0.0,0.5554465224292173,0.0,-1.5689493771842145e-05,7.639026099665047e-05,-0.0307402761206389,True,False,True,False,False,True
ETTh1,DynVAR-Lasso Weighted Ridge,5,0.3,0.1,0.5,1.0,0.26226763990633684,0.0,0.40854947301999067,6.206335383118183e-17,0.3801278222239887,0.0,0.5554844617465741,0.0,-6.710296882594946e-07,9.140872508023312e-05,-0.030725257656555316,True,False,True,False,False,True
ETTh1,DynVAR-Lasso Weighted Ridge,5,0.3,0.1,1.0,1.0,0.2622659224747849,0.0,0.40854865376411037,0.0,0.38012688477834716,0.0,0.5554820329357362,0.0,-1.4902855685616778e-06,9.058946919993094e-05,-0.030726076912435618,True,False,True,False,False,True
ETTh1,DynVAR-Lasso Weighted Ridge,5,0.3,0.1,2.0,1.0,0.2622612616643198,0.0,0.4085463067346998,0.0,0.3801242380251849,0.0,0.5554758707590761,0.0,-3.837314979104889e-06,8.824243978938773e-05,-0.03072842394184616,True,False,True,False,False,True
ETTh1,DynVAR-Lasso Weighted Ridge,5,0.3,0.1,4.0,1.0,0.26225129398509844,0.0,0.408540990624674,6.206335383118183e-17,0.380118380173252,0.0,0.5554620889499872,0.0,-9.153425004904125e-06,8.292632976358849e-05,-0.03073374005187196,True,False,True,False,False,True
ETTh1,DynVAR-Lasso Weighted Ridge,5,0.3,0.3,0.5,1.0,0.2622680145170878,0.0,0.4085496475174414,0.0,0.38012802350858577,0.0,0.5554849978054672,0.0,-4.965322375483083e-07,9.158322253094431e-05,-0.030725083159104605,True,False,True,False,False,True
ETTh1,DynVAR-Lasso Weighted Ridge,5,0.3,0.3,1.0,1.0,0.2622670059096256,0.0,0.4085491040026642,6.206335383118183e-17,0.38012742769319546,0.0,0.555483467311426,0.0,-1.0400470147331475e-06,9.103970775375947e-05,-0.03072562667388179,True,False,True,False,False,True
ETTh1,DynVAR-Lasso Weighted Ridge,5,0.3,0.3,2.0,1.0,0.2622650724875725,0.0,0.40854800441981054,6.206335383118183e-17,0.38012624513192844,0.0,0.555480445002429,0.0,-2.139629868391779e-06,8.994012490010084e-05,-0.030726726256735448,True,False,True,False,False,True
ETTh1,DynVAR-Lasso Weighted Ridge,5,0.3,0.3,4.0,1.0,0.26226266673252513,0.0,0.4085464518344077,0.0,0.3801246302355269,0.0,0.5554757219814096,0.0,-3.6922152712448586e-06,8.838753949724776e-05,-0.0307282788421383,True,False,True,False,False,True
ETTh1,DynVAR-Lasso Weighted Ridge,5,0.3,0.6,0.5,1.0,0.26226847347181836,0.0,0.4085498830155421,6.206335383118183e-17,0.38012828582252556,0.0,0.5554856842768787,0.0,-2.6103413680589327e-07,9.181872063168672e-05,-0.030724847661003862,True,False,True,False,False,True
ETTh1,DynVAR-Lasso Weighted Ridge,5,0.3,0.6,1.0,1.0,0.2622680657755579,0.0,0.4085496468768306,0.0,0.38012803319879385,0.0,0.5554850064947816,0.0,-4.97172848334948e-07,9.158258192015767e-05,-0.03072508379971539,True,False,True,False,False,True
ETTh1,DynVAR-Lasso Weighted Ridge,5,0.3,0.6,2.0,1.0,0.2622674787908876,0.0,0.4085492798570625,0.0,0.3801276495507336,0.0,0.5554839132519019,0.0,-8.641926164121294e-07,9.121556215208049e-05,-0.03072545081948347,True,False,True,False,False,True
ETTh1,DynVAR-Lasso Weighted Ridge,5,0.3,0.6,4.0,1.0,0.2622669405247833,0.0,0.40854888145937734,6.206335383118183e-17,0.38012725202723235,0.0,0.5554825540317072,0.0,-1.262590301587263e-06,9.081716446690535e-05,-0.030725849217168644,True,False,True,False,False,True
ETTh1,DynVAR-Lasso Weighted Ridge,5,1.0,0.01,0.5,1.0,0.2622642307987993,0.0,0.4085375374223511,0.0,0.38011926577590144,0.0,0.5554443338214445,0.0,-2.1150306271366937e-06,7.94731274406657e-05,-0.030737193254194883,True,False,True,False,False,True
ETTh1,DynVAR-Lasso Weighted Ridge,5,1.0,0.01,1.0,1.0,0.2622579451715492,0.0,0.40853548377781557,6.206335383118183e-17,0.38011646160489754,0.0,0.555436128314811,0.0,-4.168675162674607e-06,7.741948290512779e-05,-0.03073924689873042,True,False,True,False,False,True
ETTh1,DynVAR-Lasso Weighted Ridge,5,1.0,0.01,2.0,1.0,0.2622406502417215,0.0,0.40853568410409535,6.206335383118183e-17,0.3801124376185118,0.0,0.5554141758807417,0.0,-3.968348882887884e-06,7.761980918491451e-05,-0.030739046572450635,True,False,True,False,False,True
ETTh1,DynVAR-Lasso Weighted Ridge,5,1.0,0.01,4.0,1.0,0.26215638725569196,0.0,0.40853913864599106,0.0,0.38009546939740346,0.0,0.5553828484707489,0.0,-5.138069871790663e-07,8.107435108062333e-05,-0.030735592030554926,True,False,True,False,False,True
ETTh1,DynVAR-Lasso Weighted Ridge,5,1.0,0.03,0.5,1.0,0.26226436413937776,0.0,0.4085375815226313,0.0,0.380119324756562,0.0,0.555444505941506,0.0,-2.070930346931288e-06,7.951722772087111e-05,-0.030737149153914678,True,False,True,False,False,True
ETTh1,DynVAR-Lasso Weighted Ridge,5,1.0,0.03,1.0,1.0,0.26225831867947225,0.0,0.4085354167080791,6.206335383118183e-17,0.3801164962726335,0.0,0.5554366442493971,0.0,-4.235744899161453e-06,7.735241316864094e-05,-0.030739313968466908,True,False,True,False,False,True
ETTh1,DynVAR-Lasso Weighted Ridge,5,1.0,0.03,2.0,1.0,0.2622405425226108,0.0,0.40853083649361854,0.0,0.38010916442772286,0.0,0.5554163194135411,0.0,-8.815959359698144e-06,7.277219870810425e-05,-0.030743894182927445,True,False,True,False,False,True
ETTh1,DynVAR-Lasso Weighted Ridge,5,1.0,0.03,4.0,1.0,0.26217611411167324,0.0,0.40851421240939684,6.206335383118183e-17,0.3800835368153412,0.0,0.5553782335592469,0.0,-2.5440043581403948e-05,5.614811448639845e-05,-0.03076051826714915,True,False,True,False,False,True
ETTh1,DynVAR-Lasso Weighted Ridge,5,1.0,0.1,0.5,1.0,0.2622648159335023,0.0,0.4085377428506927,6.206335383118183e-17,0.38011953298018547,0.0,0.5554450904428077,0.0,-1.9096022855213945e-06,7.9678555782281e-05,-0.030736987825853268,True,False,True,False,False,True
ETTh1,DynVAR-Lasso Weighted Ridge,5,1.0,0.1,1.0,1.0,0.2622596614254581,0.0,0.4085355651007874,0.0,0.38011689175637026,0.0,0.5554383208617549,0.0,-4.087352190818017e-06,7.750080587698438e-05,-0.030739165575758565,True,False,True,False,False,True
ETTh1,DynVAR-Lasso Weighted Ridge,5,1.0,0.1,2.0,1.0,0.2622462605882793,0.0,0.4085297658815791,0.0,0.38010984927677116,0.0,0.5554225290282357,0.0,-9.886571399164712e-06,7.170158666863768e-05,-0.03074496479496691,True,False,True,False,False,True
ETTh1,DynVAR-Lasso Weighted Ridge,5,1.0,0.1,4.0,1.0,0.26221830104146127,0.0,0.4085175496306689,6.206335383118183e-17,0.38009526292044427,0.0,0.5553927154317907,0.0,-2.2102822309355563e-05,5.9485335758446833e-05,-0.030757181045877102,True,False,True,False,False,True
ETTh1,DynVAR-Lasso Weighted Ridge,5,1.0,0.3,0.5,1.0,0.2622659718076788,0.0,0.4085382195480765,6.206335383118183e-17,0.3801201124501943,0.0,0.5554466234145042,0.0,-1.4329049017325346e-06,8.015525316606986e-05,-0.03073651112846948,True,False,True,False,False,True
ETTh1,DynVAR-Lasso Weighted Ridge,5,1.0,0.3,1.0,1.0,0.26226284482166284,0.0,0.40853668367509,0.0,0.38011836859626674,0.0,0.5554422589966397,0.0,-2.9687778882458993e-06,7.86193801795565e-05,-0.030738047001455993,True,False,True,False,False,True
ETTh1,DynVAR-Lasso Weighted Ridge,5,1.0,0.3,2.0,1.0,0.2622570084320215,0.0,0.40853361701299945,0.0,0.3801149572570193,0.0,0.5554339103031454,0.0,-6.0354399787909685e-06,7.555271808901143e-05,-0.030741113663546538,True,False,True,False,False,True
ETTh1,DynVAR-Lasso Weighted Ridge,5,1.0,0.3,4.0,1.0,0.26224983969635113,0.0,0.40852936378007987,0.0,0.38011040679910246,0.0,0.5554212700587009,0.0,-1.0288672898373097e-05,7.12994851694293e-05,-0.03074536689646612,True,False,True,False,False,True
ETTh1,DynVAR-Lasso Weighted Ridge,5,1.0,0.6,0.5,1.0,0.26226740087045236,0.0,0.40853888937049393,6.206335383118183e-17,0.3801208861784184,0.0,0.5554486131957757,0.0,-7.630824843118944e-07,8.08250755834905e-05,-0.03073584130605206,True,False,True,False,False,True
ETTh1,DynVAR-Lasso Weighted Ridge,5,1.0,0.6,1.0,1.0,0.26226612103943064,0.0,0.4085381990641187,6.206335383118183e-17,0.3801201294154904,0.0,0.5554466359263338,0.0,-1.4533888595402722e-06,8.013476920826212e-05,-0.030736531612427287,True,False,True,False,False,True
ETTh1,DynVAR-Lasso Weighted Ridge,5,1.0,0.6,2.0,1.0,0.26226428131362234,0.0,0.4085371244551371,0.0,0.38011898288777335,0.0,0.5554434672943289,0.0,-2.5279978411174575e-06,7.906016022668494e-05,-0.030737606221408864,True,False,True,False,False,True
ETTh1,DynVAR-Lasso Weighted Ridge,5,1.0,0.6,4.0,1.0,0.26226261612833474,0.0,0.40853596242773554,0.0,0.38011780633321285,0.0,0.5554395419917962,0.0,-3.690025242697459e-06,7.789813282510494e-05,-0.030738768248810444,True,False,True,False,False,True
ETTh1,DynVAR-Lasso Weighted Ridge,5,3.0,0.01,0.5,1.0,0.2622609733148527,0.0,0.40851186150616037,6.206335383118183e-17,0.3801027233317958,0.0,0.5553456426524342,0.0,-3.9791176215664414e-06,5.3797211249928534e-05,-0.03076286917038562,True,False,True,False,False,True
ETTh1,DynVAR-Lasso Weighted Ridge,5,3.0,0.01,1.0,1.0,0.262246248721431,0.0,0.40851014632689664,6.206335383118183e-17,0.38009821163331686,0.0,0.5553309950567015,0.0,-5.6942968852946585e-06,5.208203198620032e-05,-0.03076458434964935,True,False,True,False,False,True
ETTh1,DynVAR-Lasso Weighted Ridge,5,3.0,0.01,2.0,1.0,0.26220777442757054,0.0,0.4085280549363013,0.0,0.38010202707997404,0.0,0.5553069118910128,0.0,1.221431251935412e-05,6.99906413908491e-05,-0.0307466757402447,False,False,True,False,False,True
ETTh1,DynVAR-Lasso Weighted Ridge,5,3.0,0.01,4.0,1.0,0.26205126258619427,0.0,0.40857785283773806,6.206335383118183e-17,0.380102966632322,0.0,0.5553993541265378,0.0,6.201221395613077e-05,0.00011978854282762574,-0.030696877838807923,False,False,True,False,False,True
ETTh1,DynVAR-Lasso Weighted Ridge,5,3.0,0.03,0.5,1.0,0.2622612920571297,0.0,0.40851191165423006,6.206335383118183e-17,0.38010282861120387,0.0,0.5553459747003867,0.0,-3.92896955186961e-06,5.3847359319625365e-05,-0.030762819022315924,True,False,True,False,False,True
ETTh1,DynVAR-Lasso Weighted Ridge,5,3.0,0.03,1.0,1.0,0.26224692505184494,0.0,0.40850955635883757,0.0,0.38009797387944255,0.0,0.5553317970511964,0.0,-6.2842649443672904e-06,5.1492063927127685e-05,-0.03076517431770842,True,False,True,False,False,True
ETTh1,DynVAR-Lasso Weighted Ridge,5,3.0,0.03,2.0,1.0,0.26220697557387185,0.0,0.4085132606538221,0.0,0.3800916004869122,0.0,0.5553075362380283,0.0,-2.579969959837225e-06,5.519635891165775e-05,-0.03076147002272389,True,False,True,False,False,True
ETTh1,DynVAR-Lasso Weighted Ridge,5,3.0,0.03,4.0,1.0,0.26208207205191947,0.0,0.40851823431448075,6.206335383118183e-17,0.3800678109427783,0.0,0.5553374448889259,0.0,2.393690698820894e-06,6.017001957031587e-05,-0.030756496362065233,False,False,True,False,False,True
ETTh1,DynVAR-Lasso Weighted Ridge,5,3.0,0.1,0.5,1.0,0.2622623794562844,0.0,0.40851212673845244,0.0,0.38010321866286245,0.0,0.555347113298218,0.0,-3.7138853294926832e-06,5.406244354200229e-05,-0.030762603938093547,True,False,True,False,False,True
ETTh1,DynVAR-Lasso Weighted Ridge,5,3.0,0.1,1.0,1.0,0.26224974437850834,0.0,0.4085088156199059,0.0,0.38009812131088083,0.0,0.5553345112132556,0.0,-7.0250038760599764e-06,5.0751324995435e-05,-0.030765915056640114,True,False,True,False,False,True
ETTh1,DynVAR-Lasso Weighted Ridge,5,3.0,0.1,2.0,1.0,0.26221818036808936,0.0,0.40850181188886114,6.206335383118183e-17,0.38008621122341285,0.0,0.5553116717731681,0.0,-1.4028734920790153e-05,4.374759395070482e-05,-0.030772918787684844,True,False,True,False,False,True
ETTh1,DynVAR-Lasso Weighted Ridge,5,3.0,0.1,4.0,1.0,0.2621538982209361,0.0,0.40848710120130266,0.0,0.3800623799780029,0.0,0.5552876090079644,0.0,-2.8739422479273635e-05,2.903690639222134e-05,-0.030787629475243328,True,False,True,False,False,True
ETTh1,DynVAR-Lasso Weighted Ridge,5,3.0,0.3,0.5,1.0,0.2622652344993046,0.0,0.4085129183880534,0.0,0.3801043995951828,0.0,0.5553501776048387,0.0,-2.922235728508582e-06,5.485409314298639e-05,-0.030761812288492563,True,False,True,False,False,True
ETTh1,DynVAR-Lasso Weighted Ridge,5,3.0,0.3,1.0,1.0,0.2622573579720572,0.0,0.408509961981293,0.0,0.3801006183049553,0.0,0.5553414884772885,0.0,-5.878642488910124e-06,5.189768638258485e-05,-0.030764768695252964,True,False,True,False,False,True
ETTh1,DynVAR-Lasso Weighted Ridge,5,3.0,0.3,2.0,1.0,0.26224273177356483,0.0,0.4085041406572394,0.0,0.3800933755214417,0.0,0.5553262006192091,0.0,-1.1699966542544349e-05,4.6076362328950626e-05,-0.0307705900193066,True,False,True,False,False,True
ETTh1,DynVAR-Lasso Weighted Ridge,5,3.0,0.3,4.0,1.0,0.2622246250389984,0.0,0.4084960536807431,6.206335383118183e-17,0.38008389986640345,0.0,0.5553044682979964,0.0,-1.9786943038835325e-05,3.798938583265965e-05,-0.03077867699580289,True,False,True,False,False,True
ETTh1,DynVAR-Lasso Weighted Ridge,5,3.0,0.6,0.5,1.0,0.26226889756278005,0.0,0.4085142186016375,0.0,0.38010610063747513,0.0,0.5553543138827454,0.0,-1.622022144431856e-06,5.615430672706312e-05,-0.030760512074908486,True,False,True,False,False,True
ETTh1,DynVAR-Lasso Weighted Ridge,5,3.0,0.6,1.0,1.0,0.2622655662674049,0.0,0.40851273989252695,0.0,0.38010435127398906,0.0,0.5553501161741687,0.0,-3.1007312549791166e-06,5.467559761651586e-05,-0.030761990784019033,True,False,True,False,False,True
ETTh1,DynVAR-Lasso Weighted Ridge,5,3.0,0.6,2.0,1.0,0.2622607622663333,0.0,0.4085104012954698,6.206335383118183e-17,0.38010169522816667,0.0,0.5553434771469239,0.0,-5.439328312151215e-06,5.233700055934376e-05,-0.030764329381076205,True,False,True,False,False,True
ETTh1,DynVAR-Lasso Weighted Ridge,5,3.0,0.6,4.0,1.0,0.2622564094317198,0.0,0.408507858558553,0.0,0.3800990003443587,0.0,0.5553352570242284,0.0,-7.982065228950841e-06,4.9794263642544134e-05,-0.030766872117993005,True,False,True,False,False,True
ETTh1,DynVAR-Lasso Weighted Ridge,5,10.0,0.01,0.5,1.0,0.2622807365131921,0.0,0.4084700841349852,0.0,0.3800916696303322,0.0,0.5550827585541832,0.0,-1.7415292656863812e-06,1.2019840074761756e-05,-0.030804646541560787,True,False,True,False,False,True
ETTh1,DynVAR-Lasso Weighted Ridge,5,10.0,0.01,1.0,1.0,0.26224559861029156,0.0,0.4084812822535645,6.206335383118183e-17,0.3800921487684254,0.0,0.5550740067859027,0.0,9.456589313616703e-06,2.321795865406484e-05,-0.030793448422981484,False,False,True,False,False,True
ETTh1,DynVAR-Lasso Weighted Ridge,5,10.0,0.01,2.0,1.0,0.26216594132134047,0.0,0.408546135924167,0.0,0.38011957511000355,0.0,0.5551042594182067,0.0,7.431025991611051e-05,8.807162925655865e-05,-0.03072859475237899,False,False,True,False,False,True
ETTh1,DynVAR-Lasso Weighted Ridge,5,10.0,0.01,4.0,1.0,0.2618164314191936,0.0,0.4085400503090698,6.206335383118183e-17,0.38004924289261915,0.0,0.5554015400751066,0.0,6.82246448189261e-05,8.198601415937423e-05,-0.030734680367476175,False,False,True,False,False,True
ETTh1,DynVAR-Lasso Weighted Ridge,5,10.0,0.03,0.5,1.0,0.26228148354608066,0.0,0.40846987877973345,0.0,0.3800916869995104,0.0,0.5550830486163715,0.0,-1.9468845174341887e-06,1.1814484823013949e-05,-0.030804851896812535,True,False,True,False,False,True
ETTh1,DynVAR-Lasso Weighted Ridge,5,10.0,0.03,1.0,1.0,0.2622469276903761,0.0,0.40847836223708434,0.0,0.38009041151846557,0.0,0.5550739677076042,0.0,6.536572833448773e-06,2.029794217389691e-05,-0.030796368439461652,False,False,True,False,False,True
ETTh1,DynVAR-Lasso Weighted Ridge,5,10.0,0.03,2.0,1.0,0.26216518742485595,0.0,0.4085213201097687,6.206335383118183e-17,0.38010250097943316,0.0,0.5550955333556158,0.0,4.949444551782811e-05,6.325581485827625e-05,-0.030753410566777273,False,False,True,False,False,True
ETTh1,DynVAR-Lasso Weighted Ridge,5,10.0,0.03,4.0,1.0,0.2619114384694519,0.0,0.40853937225093884,6.206335383118183e-17,0.38006361922537524,0.0,0.5552871128766332,0.0,6.754658668794988e-05,8.130795602839802e-05,-0.03073535842560715,False,False,True,False,False,True
ETTh1,DynVAR-Lasso Weighted Ridge,5,10.0,0.1,0.5,1.0,0.2622840721552962,0.0,0.40846935687616953,6.206335383118183e-17,0.38009188004379707,0.0,0.5550840936693411,0.0,-2.468788081355644e-06,1.1292581259092493e-05,-0.030805373800376457,True,False,True,False,False,True
ETTh1,DynVAR-Lasso Weighted Ridge,5,10.0,0.1,1.0,1.0,0.2622529303672761,0.0,0.408472005623748,0.0,0.38008725202458715,0.0,0.5550743252987832,0.0,1.7995949713744963e-07,1.3941328837585587e-05,-0.030802725052797963,False,False,True,False,False,True
ETTh1,DynVAR-Lasso Weighted Ridge,5,10.0,0.1,2.0,1.0,0.26218028689230505,0.0,0.40848112243788715,6.206335383118183e-17,0.38007840031519624,0.0,0.555076772111309,0.0,9.296773636258138e-06,2.3058142976706275e-05,-0.030793608238658843,False,False,True,False,False,True
ETTh1,DynVAR-Lasso Weighted Ridge,5,10.0,0.1,4.0,1.0,0.2620389413293546,0.0,0.40847410403160495,0.0,0.3800438221894347,0.0,0.5551196132105838,0.0,2.278367354058286e-06,1.6039736694506423e-05,-0.030800626644941043,False,False,True,False,False,True
ETTh1,DynVAR-Lasso Weighted Ridge,5,10.0,0.3,0.5,1.0,0.2622913799956239,0.0,0.4084689589945144,6.206335383118183e-17,0.38009311393160566,0.0,0.5550872689916474,0.0,-2.8666697364787552e-06,1.0894699603969382e-05,-0.03080577168203158,True,False,True,False,False,True
ETTh1,DynVAR-Lasso Weighted Ridge,5,10.0,0.3,1.0,1.0,0.262270818502072,0.0,0.4084667116222723,0.0,0.38008729825565063,0.0,0.5550780257409317,0.0,-5.114041978560024e-06,8.647327361888113e-06,-0.03080801905427366,True,False,True,False,False,True
ETTh1,DynVAR-Lasso Weighted Ridge,5,10.0,0.3,2.0,1.0,0.26223224221935004,0.0,0.4084610035297839,6.206335383118183e-17,0.38007554220556966,0.0,0.5550656898296608,0.0,-1.0822134467014521e-05,2.939234873433616e-06,-0.030813727146762115,True,False,True,False,False,True
ETTh1,DynVAR-Lasso Weighted Ridge,5,10.0,0.3,4.0,1.0,0.2621842830215886,0.0,0.4084493841536128,6.206335383118183e-17,0.38005786694411997,0.0,0.5550478857595432,0.0,-2.2441510638071538e-05,-8.6801412976234e-06,-0.030825346522933172,True,True,True,False,False,True
ETTh1,DynVAR-Lasso Weighted Ridge,5,10.0,0.6,0.5,1.0,0.2623010571534865,0.0,0.4084698002223625,0.0,0.3800956913984413,0.0,0.5550923030290474,0.0,-2.025441888375834e-06,1.1735927452072303e-05,-0.030804930454183477,True,False,True,False,False,True
ETTh1,DynVAR-Lasso Weighted Ridge,5,10.0,0.6,1.0,1.0,0.2622919026253241,0.0,0.40846774202905306,6.206335383118183e-17,0.38009239923619165,0.0,0.5550866503568478,0.0,-4.08363519782684e-06,9.677734142621297e-06,-0.030806988647492928,True,False,True,False,False,True
ETTh1,DynVAR-Lasso Weighted Ridge,5,10.0,0.6,2.0,1.0,0.26227847680582567,0.0,0.4084639724264295,0.0,0.3800871074699294,0.0,0.5550777491587121,0.0,-7.853237821375814e-06,5.908131519072324e-06,-0.030810758250116477,True,False,True,False,False,True
ETTh1,DynVAR-Lasso Weighted Ridge,5,10.0,0.6,4.0,1.0,0.2622659861562513,0.0,0.40845935805054473,0.0,0.3800814776019142,0.0,0.5550659906434984,0.0,-1.2467613706157454e-05,1.293755634290683e-06,-0.03081537262600126,True,False,True,False,False,True
ETTh1,DynVAR-Lasso Weighted Ridge,5,30.0,0.01,0.5,1.0,0.262430301291533,0.0,0.4084709511486796,0.0,0.3801920596477991,0.0,0.5545106175831347,0.0,1.2886853769156215e-05,1.2886853769156215e-05,-0.030803779527866393,False,False,True,False,False,True
ETTh1,DynVAR-Lasso Weighted Ridge,5,30.0,0.01,1.0,1.0,0.262364059771751,0.0,0.40850891272463413,0.0,0.38020425860166684,0.0,0.5545213693143103,0.0,5.08484297236933e-05,5.08484297236933e-05,-0.030765817951911856,False,False,True,False,False,True
ETTh1,DynVAR-Lasso Weighted Ridge,5,30.0,0.01,2.0,1.0,0.26217665414998154,0.0,0.40856220318839415,0.0,0.3802039404021026,0.0,0.554620787684535,0.0,0.0001041388934837073,0.0001041388934837073,-0.030712527488151842,False,False,True,False,False,True
ETTh1,DynVAR-Lasso Weighted Ridge,5,30.0,0.01,4.0,1.0,0.26148956217275077,0.0,0.4083157880112781,6.206335383118183e-17,0.3799011863171109,0.0,0.5549895637442397,0.0,-0.00014227628363233658,-0.00014227628363233658,-0.030958942665267886,True,True,True,False,False,True
ETTh1,DynVAR-Lasso Weighted Ridge,5,30.0,0.03,0.5,1.0,0.2624317140039948,0.0,0.4084699523704526,0.0,0.38019166892894257,0.0,0.5545105492571623,0.0,1.188807554214355e-05,1.188807554214355e-05,-0.030804778306093406,False,False,True,False,False,True
ETTh1,DynVAR-Lasso Weighted Ridge,5,30.0,0.03,1.0,1.0,0.2623663525749509,0.0,0.4085031143181558,0.0,0.3802007806386501,0.0,0.5545195292221187,0.0,4.505002324534102e-05,4.505002324534102e-05,-0.030771616358390208,False,False,True,False,False,True
ETTh1,DynVAR-Lasso Weighted Ridge,5,30.0,0.03,2.0,1.0,0.26219848432079756,0.0,0.40855665408967445,0.0,0.38020351524454304,0.0,0.554603040083959,0.0,9.858979476401464e-05,9.858979476401464e-05,-0.030718076586871534,False,False,True,False,False,True
ETTh1,DynVAR-Lasso Weighted Ridge,5,30.0,0.03,4.0,1.0,0.261740683886356,0.0,0.40846613534080306,6.206335383118183e-17,0.3800499510672778,0.0,0.5548692600413893,0.0,8.07104589262142e-06,8.07104589262142e-06,-0.030808595335742928,False,False,True,False,False,True
ETTh1,DynVAR-Lasso Weighted Ridge,5,30.0,0.1,0.5,1.0,0.2624367094897658,0.0,0.4084669541289162,6.206335383118183e-17,0.3801906556873956,0.0,0.5545104462763534,0.0,8.889834005765263e-06,8.889834005765263e-06,-0.030807776547629784,False,False,True,False,False,True
ETTh1,DynVAR-Lasso Weighted Ridge,5,30.0,0.1,1.0,1.0,0.2623759760597537,0.0,0.40848755841379186,6.206335383118183e-17,0.38019216269326367,0.0,0.5545143888253916,0.0,2.9494118881423503e-05,2.9494118881423503e-05,-0.030787172262754126,False,False,True,False,False,True
ETTh1,DynVAR-Lasso Weighted Ridge,5,30.0,0.1,2.0,1.0,0.26223796266514815,0.0,0.4085169888197491,6.206335383118183e-17,0.38018402372313503,0.0,0.5545586958547655,0.0,5.8924524838688264e-05,5.8924524838688264e-05,-0.03075774185679686,False,False,True,False,False,True
ETTh1,DynVAR-Lasso Weighted Ridge,5,30.0,0.1,4.0,1.0,0.2619762165367485,0.0,0.40848975507380914,0.0,0.3801114195417537,0.0,0.554651090296098,0.0,3.1690778898696426e-05,3.1690778898696426e-05,-0.030784975602736853,False,False,True,False,False,True
ETTh1,DynVAR-Lasso Weighted Ridge,5,30.0,0.3,0.5,1.0,0.2624510587317641,0.0,0.408461475722204,0.0,0.3801898849018337,0.0,0.5545111310340367,0.0,3.4114272935426015e-06,3.4114272935426015e-06,-0.030813254954342006,False,False,True,False,False,True
ETTh1,DynVAR-Lasso Weighted Ridge,5,30.0,0.3,1.0,1.0,0.2624073716666228,0.0,0.40846567413364426,0.0,0.38018376866842907,0.0,0.5545076004282894,0.0,7.609838733824148e-06,7.609838733824148e-06,-0.030809056542901725,False,False,True,False,False,True
ETTh1,DynVAR-Lasso Weighted Ridge,5,30.0,0.3,2.0,1.0,0.2623262536443235,0.0,0.4084644694913126,0.0,0.3801664391724686,0.0,0.5545079761693982,0.0,6.405196402159419e-06,6.405196402159419e-06,-0.03081026118523339,False,False,True,False,False,True
ETTh1,DynVAR-Lasso Weighted Ridge,5,30.0,0.3,4.0,1.0,0.2622231042725187,0.0,0.4084450450430076,0.0,0.3801319171822057,0.0,0.5544990036638562,0.0,-1.3019251902834927e-05,-1.3019251902834927e-05,-0.030829685633538384,True,True,True,False,False,True
ETTh1,DynVAR-Lasso Weighted Ridge,5,30.0,0.6,0.5,1.0,0.26247158506120283,0.0,0.40845818175938603,0.0,0.3801918552856008,0.0,0.5545141029145432,0.0,1.1746447559080053e-07,1.1746447559080053e-07,-0.030816548917159958,False,False,True,False,False,True
ETTh1,DynVAR-Lasso Weighted Ridge,5,30.0,0.6,1.0,1.0,0.26245057445283587,0.0,0.4084568940001305,0.0,0.3801867073390927,0.0,0.55450922973608,0.0,-1.17029477991748e-06,-1.17029477991748e-06,-0.030817836676415467,True,True,True,False,False,True
ETTh1,DynVAR-Lasso Weighted Ridge,5,30.0,0.6,2.0,1.0,0.2624192493278192,0.0,0.40845188362363516,6.206335383118183e-17,0.38017693896698096,0.0,0.5545008899466886,0.0,-6.180671275279881e-06,-6.180671275279881e-06,-0.03082284705291083,True,True,True,False,False,True
ETTh1,DynVAR-Lasso Weighted Ridge,5,30.0,0.6,4.0,1.0,0.262388598960542,0.0,0.4084433853351408,0.0,0.3801649999175431,0.0,0.5544873877092207,0.0,-1.4678959769642841e-05,-1.4678959769642841e-05,-0.030831345341405192,True,True,True,False,False,True
ETTh1,DynVAR-Lasso Weighted Ridge,5,100.0,0.01,0.5,1.0,0.26336461775324327,0.0,0.4088217374697075,0.0,0.380926281829893,0.0,0.5531455120797757,0.0,3.5744736511023056e-05,0.0003636731747970745,-0.030452993206838475,False,False,True,False,False,True
ETTh1,DynVAR-Lasso Weighted Ridge,5,100.0,0.01,1.0,1.0,0.26324256268528573,0.0,0.4088523062660527,0.0,0.3809175884868848,0.0,0.5531530458679151,0.0,6.631353285618813e-05,0.0003942419711422396,-0.03042242441049331,False,False,True,False,False,True
ETTh1,DynVAR-Lasso Weighted Ridge,5,100.0,0.01,2.0,1.0,0.2628061559928755,0.0,0.40873248560416736,6.206335383118183e-17,0.3807476459594678,0.0,0.5532455500741801,0.0,-5.350712902912891e-05,0.00027442130925692254,-0.030542245072378627,True,False,True,False,False,True
ETTh1,DynVAR-Lasso Weighted Ridge,5,100.0,0.01,4.0,1.0,0.26136940697910155,0.0,0.40803304084002756,6.206335383118183e-17,0.37998820742532785,0.0,0.5534276046093853,0.0,-0.0007529518931689294,-0.00042502345488287796,-0.031241689836518427,True,True,True,False,False,True
ETTh1,DynVAR-Lasso Weighted Ridge,5,100.0,0.03,0.5,1.0,0.2633668507598738,0.0,0.4088200602123096,0.0,0.3809257144918418,0.0,0.5531455121635234,0.0,3.4067479113109034e-05,0.0003619959173991605,-0.03045467046423639,False,False,True,False,False,True
ETTh1,DynVAR-Lasso Weighted Ridge,5,100.0,0.03,1.0,1.0,0.26324970844035406,0.0,0.40884981315515,0.0,0.3809175394259409,0.0,0.5531506282306541,0.0,6.382042195351989e-05,0.00039174886023957134,-0.030424917521395978,False,False,True,False,False,True
ETTh1,DynVAR-Lasso Weighted Ridge,5,100.0,0.03,2.0,1.0,0.26288997692381816,0.0,0.4087768008035949,6.206335383118183e-17,0.3807910776086351,0.0,0.5532260298342768,0.0,-9.191929601581883e-06,0.00031873650868446957,-0.03049792987295108,True,False,True,False,False,True
ETTh1,DynVAR-Lasso Weighted Ridge,5,100.0,0.03,4.0,1.0,0.262044176406541,0.0,0.4084303688968226,0.0,0.38037699246957535,0.0,0.553347634086274,0.0,-0.00035562383637388617,-2.769539808783472e-05,-0.030844361779723384,True,True,True,False,False,True
ETTh1,DynVAR-Lasso Weighted Ridge,5,100.0,0.1,0.5,1.0,0.26337465322464004,0.0,0.40881463590419764,6.206335383118183e-17,0.38092403115074475,0.0,0.5531457404661336,0.0,2.8643171001152545e-05,0.000356571609287204,-0.030460094772348345,False,False,True,False,False,True
ETTh1,DynVAR-Lasso Weighted Ridge,5,100.0,0.1,1.0,1.0,0.2632699470611056,0.0,0.40883924997428683,0.0,0.3809155587128405,0.0,0.5531440127374211,0.0,5.325724109034313e-05,0.0003811856793763946,-0.030435480702259154,False,False,True,False,False,True
ETTh1,DynVAR-Lasso Weighted Ridge,5,100.0,0.1,2.0,1.0,0.26302449859542565,0.0,0.40882034900446185,6.206335383118183e-17,0.3808465031293176,0.0,0.5531763906480356,0.0,3.4356271265356675e-05,0.0003622847095514081,-0.03045438167208414,False,False,True,False,False,True
ETTh1,DynVAR-Lasso Weighted Ridge,5,100.0,0.1,4.0,1.0,0.2625991586817997,0.0,0.408698139743117,6.206335383118183e-17,0.38067113139155007,0.0,0.5531850796599906,0.0,-8.785299007951775e-05,0.0002400754482065337,-0.030576590933429015,True,False,True,False,False,True
ETTh1,DynVAR-Lasso Weighted Ridge,5,100.0,0.3,0.5,1.0,0.2633972934529231,0.0,0.4088025604958113,6.206335383118183e-17,0.38092151865260443,0.0,0.5531480558002548,0.0,1.6567762614827508e-05,0.00034449620090087896,-0.03047217018073467,False,False,True,False,False,True
ETTh1,DynVAR-Lasso Weighted Ridge,5,100.0,0.3,1.0,1.0,0.2633217401173213,0.0,0.4088121780810646,6.206335383118183e-17,0.3809101222999899,0.0,0.5531366901892044,0.0,2.618534786813509e-05,0.00035411378615418654,-0.030462552595481363,False,False,True,False,False,True
ETTh1,DynVAR-Lasso Weighted Ridge,5,100.0,0.3,2.0,1.0,0.2631818167473744,0.0,0.4088025502104814,0.0,0.38087126226912293,0.0,0.5531210168306613,0.0,1.655747728490642e-05,0.00034448591557095787,-0.03047218046606459,False,False,True,False,False,True
ETTh1,DynVAR-Lasso Weighted Ridge,5,100.0,0.3,4.0,1.0,0.263004404216454,0.0,0.40875545021059023,0.0,0.3807995116132501,0.0,0.5530725976134386,0.0,-3.054252260625834e-05,0.0002973859156797931,-0.030519280465955756,True,False,True,False,False,True
ETTh1,DynVAR-Lasso Weighted Ridge,5,100.0,0.6,0.5,1.0,0.2634315948282995,0.0,0.4087917387377361,0.0,0.3809224868760728,0.0,0.5531549197851587,0.0,5.746004539619598e-06,0.00033367444282567105,-0.030482991938809878,False,False,True,False,False,True
ETTh1,DynVAR-Lasso Weighted Ridge,5,100.0,0.6,1.0,1.0,0.2633925189285442,0.0,0.4087914940898802,6.206335383118183e-17,0.38091324510716346,0.0,0.5531439002479582,0.0,5.501356683701442e-06,0.0003334297949697529,-0.030483236586665796,False,False,True,False,False,True
ETTh1,DynVAR-Lasso Weighted Ridge,5,100.0,0.6,2.0,1.0,0.2633320216573433,0.0,0.4087819305148478,6.206335383118183e-17,0.38089292032477673,0.0,0.553124339797121,0.0,-4.0622183486993535e-06,0.0003238662199373521,-0.030492800161698197,True,False,True,False,False,True
ETTh1,DynVAR-Lasso Weighted Ridge,5,100.0,0.6,4.0,1.0,0.2632704811584307,0.0,0.4087632558819351,6.206335383118183e-17,0.38086650316313636,0.0,0.553094978053143,0.0,-2.273685126141789e-05,0.00030519158702463356,-0.030511474794610915,True,False,True,False,False,True
ETTh1,STCG-v1 Weighted Ridge,5,0.1,0.01,0.5,1.0,0.2622686886009696,0.0,0.40855313655562053,0.0,0.38013047068028116,0.0,0.555496258072568,0.0,-2.6248137718898334e-07,9.5072260710094e-05,-0.030721594120925455,True,False,True,False,False,True
ETTh1,STCG-v1 Weighted Ridge,5,0.1,0.01,1.0,1.0,0.2622679355867141,0.0,0.40855282639478296,0.0,0.3801300988880147,0.0,0.5554952053570131,0.0,-5.726422147578347e-07,9.476209987252515e-05,-0.030721904281763024,True,False,True,False,False,True
ETTh1,STCG-v1 Weighted Ridge,5,0.1,0.01,2.0,1.0,0.2622653549680151,0.0,0.4085521783171665,0.0,0.3801291110099306,0.0,0.5554918166141039,0.0,-1.2207198312186307e-06,9.411402225606436e-05,-0.030722552359379485,True,False,True,False,False,True
ETTh1,STCG-v1 Weighted Ridge,5,0.1,0.01,4.0,1.0,0.2622502770413933,0.0,0.40854513064647885,0.0,0.38012070405424037,0.0,0.5554757662951447,0.0,-8.268390518872959e-06,8.706635156841003e-05,-0.03072960003006714,True,False,True,False,False,True
ETTh1,STCG-v1 Weighted Ridge,5,0.1,0.03,0.5,1.0,0.26226870382104733,0.0,0.40855314278056465,0.0,0.380130478155996,0.0,0.5554962793824515,0.0,-2.562564330732542e-07,9.507848565420973e-05,-0.03072158789598134,True,False,True,False,False,True
ETTh1,STCG-v1 Weighted Ridge,5,0.1,0.03,1.0,1.0,0.2622679865232548,0.0,0.4085528297489637,0.0,0.38013011107225303,0.0,0.5554952750724761,0.0,-5.692880340468776e-07,9.476545405323611e-05,-0.030721900927582313,True,False,True,False,False,True
ETTh1,STCG-v1 Weighted Ridge,5,0.1,0.03,2.0,1.0,0.26226558138753847,0.0,0.40855183158720115,6.206335383118183e-17,0.3801289053725868,0.0,0.5554922210468576,0.0,-1.567449796568976e-06,9.376729229071401e-05,-0.030722899089344835,True,False,True,False,False,True
ETTh1,STCG-v1 Weighted Ridge,5,0.1,0.03,4.0,1.0,0.2622560111325623,0.0,0.4085469622499259,6.206335383118183e-17,0.38012347657150863,0.0,0.5554811354613248,0.0,-6.43678707179518e-06,8.88979550154878e-05,-0.03072776842662006,True,False,True,False,False,True
ETTh1,STCG-v1 Weighted Ridge,5,0.1,0.1,0.5,1.0,0.26226875500050845,0.0,0.40855316482579057,6.206335383118183e-17,0.38013050412148675,0.0,0.5554963514490842,0.0,-2.342112071507252e-07,9.510053088013226e-05,-0.030721565850755417,True,False,True,False,False,True
ETTh1,STCG-v1 Weighted Ridge,5,0.1,0.1,1.0,1.0,0.2622681569430497,0.0,0.4085528735555711,0.0,0.3801301757455291,0.0,0.5554954982240173,0.0,-5.254814265942542e-07,9.480926066068873e-05,-0.03072185712097486,True,False,True,False,False,True
ETTh1,STCG-v1 Weighted Ridge,5,0.1,0.1,2.0,1.0,0.26226651587449634,0.0,0.4085520212831734,0.0,0.38012923207305865,0.0,0.5554932806298146,0.0,-1.3777538243053833e-06,9.39569882629776e-05,-0.03072270939337257,True,False,True,False,False,True
ETTh1,STCG-v1 Weighted Ridge,5,0.1,0.1,4.0,1.0,0.26226293985174126,0.0,0.40855003677261886,6.206335383118183e-17,0.38012708841307274,0.0,0.5554880727637342,0.0,-3.3622643788588924e-06,9.19724777084241e-05,-0.030724693903927125,True,False,True,False,False,True
ETTh1,STCG-v1 Weighted Ridge,5,0.1,0.3,0.5,1.0,0.2622688848589545,0.0,0.40855322638713104,0.0,0.3801305741753237,0.0,0.5554965383596476,0.0,-1.7264986668097393e-07,9.516209222060201e-05,-0.030721504289414947,True,False,True,False,False,True
ETTh1,STCG-v1 Weighted Ridge,5,0.1,0.3,1.0,1.0,0.26226853550117096,0.0,0.40855303623613004,0.0,0.3801303676822864,0.0,0.5554960042040542,0.0,-3.628008676814787e-07,9.497194121960151e-05,-0.030721694440415948,True,False,True,False,False,True
ETTh1,STCG-v1 Weighted Ridge,5,0.1,0.3,2.0,1.0,0.2622678650703577,0.0,0.4085526497671797,6.206335383118183e-17,0.3801299557966952,0.0,0.5554949394076385,0.0,-7.492698180233681e-07,9.458547226925962e-05,-0.03072208090936629,True,False,True,False,False,True
ETTh1,STCG-v1 Weighted Ridge,5,0.1,0.3,4.0,1.0,0.2622670307293421,0.0,0.4085521001444573,0.0,0.3801293883504421,0.0,0.5554932585256122,0.0,-1.2988925404133767e-06,9.403584954686961e-05,-0.03072263053208868,True,False,True,False,False,True
ETTh1,STCG-v1 Weighted Ridge,5,0.1,0.6,0.5,1.0,0.26226904383340033,0.0,0.4085533085952659,0.0,0.38013066485529834,0.0,0.555496776794136,0.0,-9.044173182592985e-08,9.524430035545706e-05,-0.030721422081280092,True,False,True,False,False,True
ETTh1,STCG-v1 Weighted Ridge,5,0.1,0.6,1.0,1.0,0.26226890280861204,0.0,0.40855322675681566,6.206335383118183e-17,0.3801305778905712,0.0,0.555496541788449,0.0,-1.722801820647213e-07,9.516246190521827e-05,-0.03072150391973033,True,False,True,False,False,True
ETTh1,STCG-v1 Weighted Ridge,5,0.1,0.6,2.0,1.0,0.2622687002902742,0.0,0.40855309956321173,0.0,0.38013044568321586,0.0,0.5554961619486405,0.0,-2.9947378599182173e-07,9.503526830129116e-05,-0.030721631113334258,True,False,True,False,False,True
ETTh1,STCG-v1 Weighted Ridge,5,0.1,0.6,4.0,1.0,0.2622685130542112,0.0,0.4085529612555449,0.0,0.3801303082238038,0.0,0.5554956890280962,0.0,-4.377814528111479e-07,9.489696063447184e-05,-0.030721769421001077,True,False,True,False,False,True
ETTh1,STCG-v1 Weighted Ridge,5,0.3,0.01,0.5,1.0,0.262267449121762,0.0,0.40854939389191774,0.0,0.38012772684089696,0.0,0.5554841946593759,0.0,-7.501577611868093e-07,9.132959700730581e-05,-0.030725336784628243,True,False,True,False,False,True
ETTh1,STCG-v1 Weighted Ridge,5,0.3,0.01,1.0,1.0,0.26226531304205614,0.0,0.40854854180065453,0.0,0.3801266797567876,0.0,0.5554812096957694,0.0,-1.6022490244016474e-06,9.047750574409097e-05,-0.030726188875891458,True,False,True,False,False,True
ETTh1,STCG-v1 Weighted Ridge,5,0.3,0.01,2.0,1.0,0.2622583939445345,0.0,0.40854716355712173,6.206335383118183e-17,0.38012420858628115,0.0,0.5554719848671416,0.0,-2.980492557203007e-06,8.909926221128961e-05,-0.03072756711942426,True,False,True,False,False,True
ETTh1,STCG-v1 Weighted Ridge,5,0.3,0.01,4.0,1.0,0.2622217532812015,0.0,0.4085349343712178,0.0,0.3801068754392568,0.0,0.5554369769856475,0.0,-1.5209678461136633e-05,7.687007630735598e-05,-0.030739796305328193,True,False,True,False,False,True
ETTh1,STCG-v1 Weighted Ridge,5,0.3,0.03,0.5,1.0,0.26226749283127543,0.0,0.40854941123097077,6.206335383118183e-17,0.3801277481073812,0.0,0.5554842555695276,0.0,-7.328187081601101e-07,9.13469360603325e-05,-0.030725319445575217,True,False,True,False,False,True
ETTh1,STCG-v1 Weighted Ridge,5,0.3,0.03,1.0,1.0,0.2622654507274354,0.0,0.4085485441847679,0.0,0.3801267096720344,0.0,0.5554814051758807,0.0,-1.5998649110504637e-06,9.047988985744215e-05,-0.030726186491778107,True,False,True,False,False,True
ETTh1,STCG-v1 Weighted Ridge,5,0.3,0.03,2.0,1.0,0.26225883965451546,0.0,0.40854598302926703,0.0,0.3801234702965072,0.0,0.5554730428363117,0.0,-4.161020411896921e-06,8.79187343565957e-05,-0.030728747647278953,True,False,True,False,False,True
ETTh1,STCG-v1 Weighted Ridge,5,0.3,0.03,4.0,1.0,0.26223361443966603,0.0,0.4085344545559071,0.0,0.38010991335616773,0.0,0.5554465224292173,0.0,-1.5689493771842145e-05,7.639026099665047e-05,-0.0307402761206389,True,False,True,False,False,True
ETTh1,STCG-v1 Weighted Ridge,5,0.3,0.1,0.5,1.0,0.26226763990633684,0.0,0.40854947301999067,6.206335383118183e-17,0.3801278222239887,0.0,0.5554844617465741,0.0,-6.710296882594946e-07,9.140872508023312e-05,-0.030725257656555316,True,False,True,False,False,True
ETTh1,STCG-v1 Weighted Ridge,5,0.3,0.1,1.0,1.0,0.2622659224747849,0.0,0.40854865376411037,0.0,0.38012688477834716,0.0,0.5554820329357362,0.0,-1.4902855685616778e-06,9.058946919993094e-05,-0.030726076912435618,True,False,True,False,False,True
ETTh1,STCG-v1 Weighted Ridge,5,0.3,0.1,2.0,1.0,0.2622612616643198,0.0,0.4085463067346998,0.0,0.3801242380251849,0.0,0.5554758707590761,0.0,-3.837314979104889e-06,8.824243978938773e-05,-0.03072842394184616,True,False,True,False,False,True
ETTh1,STCG-v1 Weighted Ridge,5,0.3,0.1,4.0,1.0,0.26225129398509844,0.0,0.408540990624674,6.206335383118183e-17,0.380118380173252,0.0,0.5554620889499872,0.0,-9.153425004904125e-06,8.292632976358849e-05,-0.03073374005187196,True,False,True,False,False,True
ETTh1,STCG-v1 Weighted Ridge,5,0.3,0.3,0.5,1.0,0.2622680145170878,0.0,0.4085496475174414,0.0,0.38012802350858577,0.0,0.5554849978054672,0.0,-4.965322375483083e-07,9.158322253094431e-05,-0.030725083159104605,True,False,True,False,False,True
ETTh1,STCG-v1 Weighted Ridge,5,0.3,0.3,1.0,1.0,0.2622670059096256,0.0,0.4085491040026642,6.206335383118183e-17,0.38012742769319546,0.0,0.555483467311426,0.0,-1.0400470147331475e-06,9.103970775375947e-05,-0.03072562667388179,True,False,True,False,False,True
ETTh1,STCG-v1 Weighted Ridge,5,0.3,0.3,2.0,1.0,0.2622650724875725,0.0,0.40854800441981054,6.206335383118183e-17,0.38012624513192844,0.0,0.555480445002429,0.0,-2.139629868391779e-06,8.994012490010084e-05,-0.030726726256735448,True,False,True,False,False,True
ETTh1,STCG-v1 Weighted Ridge,5,0.3,0.3,4.0,1.0,0.26226266673252513,0.0,0.4085464518344077,0.0,0.3801246302355269,0.0,0.5554757219814096,0.0,-3.6922152712448586e-06,8.838753949724776e-05,-0.0307282788421383,True,False,True,False,False,True
ETTh1,STCG-v1 Weighted Ridge,5,0.3,0.6,0.5,1.0,0.26226847347181836,0.0,0.4085498830155421,6.206335383118183e-17,0.38012828582252556,0.0,0.5554856842768787,0.0,-2.6103413680589327e-07,9.181872063168672e-05,-0.030724847661003862,True,False,True,False,False,True
ETTh1,STCG-v1 Weighted Ridge,5,0.3,0.6,1.0,1.0,0.2622680657755579,0.0,0.4085496468768306,0.0,0.38012803319879385,0.0,0.5554850064947816,0.0,-4.97172848334948e-07,9.158258192015767e-05,-0.03072508379971539,True,False,True,False,False,True
ETTh1,STCG-v1 Weighted Ridge,5,0.3,0.6,2.0,1.0,0.2622674787908876,0.0,0.4085492798570625,0.0,0.3801276495507336,0.0,0.5554839132519019,0.0,-8.641926164121294e-07,9.121556215208049e-05,-0.03072545081948347,True,False,True,False,False,True
ETTh1,STCG-v1 Weighted Ridge,5,0.3,0.6,4.0,1.0,0.2622669405247833,0.0,0.40854888145937734,6.206335383118183e-17,0.38012725202723235,0.0,0.5554825540317072,0.0,-1.262590301587263e-06,9.081716446690535e-05,-0.030725849217168644,True,False,True,False,False,True
ETTh1,STCG-v1 Weighted Ridge,5,1.0,0.01,0.5,1.0,0.2622642307987993,0.0,0.4085375374223511,0.0,0.38011926577590144,0.0,0.5554443338214445,0.0,-2.1150306271366937e-06,7.94731274406657e-05,-0.030737193254194883,True,False,True,False,False,True
ETTh1,STCG-v1 Weighted Ridge,5,1.0,0.01,1.0,1.0,0.2622579451715492,0.0,0.40853548377781557,6.206335383118183e-17,0.38011646160489754,0.0,0.555436128314811,0.0,-4.168675162674607e-06,7.741948290512779e-05,-0.03073924689873042,True,False,True,False,False,True
ETTh1,STCG-v1 Weighted Ridge,5,1.0,0.01,2.0,1.0,0.2622406502417215,0.0,0.40853568410409535,6.206335383118183e-17,0.3801124376185118,0.0,0.5554141758807417,0.0,-3.968348882887884e-06,7.761980918491451e-05,-0.030739046572450635,True,False,True,False,False,True
ETTh1,STCG-v1 Weighted Ridge,5,1.0,0.01,4.0,1.0,0.26215638725569196,0.0,0.40853913864599106,0.0,0.38009546939740346,0.0,0.5553828484707489,0.0,-5.138069871790663e-07,8.107435108062333e-05,-0.030735592030554926,True,False,True,False,False,True
ETTh1,STCG-v1 Weighted Ridge,5,1.0,0.03,0.5,1.0,0.26226436413937776,0.0,0.4085375815226313,0.0,0.380119324756562,0.0,0.555444505941506,0.0,-2.070930346931288e-06,7.951722772087111e-05,-0.030737149153914678,True,False,True,False,False,True
ETTh1,STCG-v1 Weighted Ridge,5,1.0,0.03,1.0,1.0,0.26225831867947225,0.0,0.4085354167080791,6.206335383118183e-17,0.3801164962726335,0.0,0.5554366442493971,0.0,-4.235744899161453e-06,7.735241316864094e-05,-0.030739313968466908,True,False,True,False,False,True
ETTh1,STCG-v1 Weighted Ridge,5,1.0,0.03,2.0,1.0,0.2622405425226108,0.0,0.40853083649361854,0.0,0.38010916442772286,0.0,0.5554163194135411,0.0,-8.815959359698144e-06,7.277219870810425e-05,-0.030743894182927445,True,False,True,False,False,True
ETTh1,STCG-v1 Weighted Ridge,5,1.0,0.03,4.0,1.0,0.26217611411167324,0.0,0.40851421240939684,6.206335383118183e-17,0.3800835368153412,0.0,0.5553782335592469,0.0,-2.5440043581403948e-05,5.614811448639845e-05,-0.03076051826714915,True,False,True,False,False,True
ETTh1,STCG-v1 Weighted Ridge,5,1.0,0.1,0.5,1.0,0.2622648159335023,0.0,0.4085377428506927,6.206335383118183e-17,0.38011953298018547,0.0,0.5554450904428077,0.0,-1.9096022855213945e-06,7.9678555782281e-05,-0.030736987825853268,True,False,True,False,False,True
ETTh1,STCG-v1 Weighted Ridge,5,1.0,0.1,1.0,1.0,0.2622596614254581,0.0,0.4085355651007874,0.0,0.38011689175637026,0.0,0.5554383208617549,0.0,-4.087352190818017e-06,7.750080587698438e-05,-0.030739165575758565,True,False,True,False,False,True
ETTh1,STCG-v1 Weighted Ridge,5,1.0,0.1,2.0,1.0,0.2622462605882793,0.0,0.4085297658815791,0.0,0.38010984927677116,0.0,0.5554225290282357,0.0,-9.886571399164712e-06,7.170158666863768e-05,-0.03074496479496691,True,False,True,False,False,True
ETTh1,STCG-v1 Weighted Ridge,5,1.0,0.1,4.0,1.0,0.26221830104146127,0.0,0.4085175496306689,6.206335383118183e-17,0.38009526292044427,0.0,0.5553927154317907,0.0,-2.2102822309355563e-05,5.9485335758446833e-05,-0.030757181045877102,True,False,True,False,False,True
ETTh1,STCG-v1 Weighted Ridge,5,1.0,0.3,0.5,1.0,0.2622659718076788,0.0,0.4085382195480765,6.206335383118183e-17,0.3801201124501943,0.0,0.5554466234145042,0.0,-1.4329049017325346e-06,8.015525316606986e-05,-0.03073651112846948,True,False,True,False,False,True
ETTh1,STCG-v1 Weighted Ridge,5,1.0,0.3,1.0,1.0,0.26226284482166284,0.0,0.40853668367509,0.0,0.38011836859626674,0.0,0.5554422589966397,0.0,-2.9687778882458993e-06,7.86193801795565e-05,-0.030738047001455993,True,False,True,False,False,True
ETTh1,STCG-v1 Weighted Ridge,5,1.0,0.3,2.0,1.0,0.2622570084320215,0.0,0.40853361701299945,0.0,0.3801149572570193,0.0,0.5554339103031454,0.0,-6.0354399787909685e-06,7.555271808901143e-05,-0.030741113663546538,True,False,True,False,False,True
ETTh1,STCG-v1 Weighted Ridge,5,1.0,0.3,4.0,1.0,0.26224983969635113,0.0,0.40852936378007987,0.0,0.38011040679910246,0.0,0.5554212700587009,0.0,-1.0288672898373097e-05,7.12994851694293e-05,-0.03074536689646612,True,False,True,False,False,True
ETTh1,STCG-v1 Weighted Ridge,5,1.0,0.6,0.5,1.0,0.26226740087045236,0.0,0.40853888937049393,6.206335383118183e-17,0.3801208861784184,0.0,0.5554486131957757,0.0,-7.630824843118944e-07,8.08250755834905e-05,-0.03073584130605206,True,False,True,False,False,True
ETTh1,STCG-v1 Weighted Ridge,5,1.0,0.6,1.0,1.0,0.26226612103943064,0.0,0.4085381990641187,6.206335383118183e-17,0.3801201294154904,0.0,0.5554466359263338,0.0,-1.4533888595402722e-06,8.013476920826212e-05,-0.030736531612427287,True,False,True,False,False,True
ETTh1,STCG-v1 Weighted Ridge,5,1.0,0.6,2.0,1.0,0.26226428131362234,0.0,0.4085371244551371,0.0,0.38011898288777335,0.0,0.5554434672943289,0.0,-2.5279978411174575e-06,7.906016022668494e-05,-0.030737606221408864,True,False,True,False,False,True
ETTh1,STCG-v1 Weighted Ridge,5,1.0,0.6,4.0,1.0,0.26226261612833474,0.0,0.40853596242773554,0.0,0.38011780633321285,0.0,0.5554395419917962,0.0,-3.690025242697459e-06,7.789813282510494e-05,-0.030738768248810444,True,False,True,False,False,True
ETTh1,STCG-v1 Weighted Ridge,5,3.0,0.01,0.5,1.0,0.2622609733148527,0.0,0.40851186150616037,6.206335383118183e-17,0.3801027233317958,0.0,0.5553456426524342,0.0,-3.9791176215664414e-06,5.3797211249928534e-05,-0.03076286917038562,True,False,True,False,False,True
ETTh1,STCG-v1 Weighted Ridge,5,3.0,0.01,1.0,1.0,0.262246248721431,0.0,0.40851014632689664,6.206335383118183e-17,0.38009821163331686,0.0,0.5553309950567015,0.0,-5.6942968852946585e-06,5.208203198620032e-05,-0.03076458434964935,True,False,True,False,False,True
ETTh1,STCG-v1 Weighted Ridge,5,3.0,0.01,2.0,1.0,0.26220777442757054,0.0,0.4085280549363013,0.0,0.38010202707997404,0.0,0.5553069118910128,0.0,1.221431251935412e-05,6.99906413908491e-05,-0.0307466757402447,False,False,True,False,False,True
ETTh1,STCG-v1 Weighted Ridge,5,3.0,0.01,4.0,1.0,0.26205126258619427,0.0,0.40857785283773806,6.206335383118183e-17,0.380102966632322,0.0,0.5553993541265378,0.0,6.201221395613077e-05,0.00011978854282762574,-0.030696877838807923,False,False,True,False,False,True
ETTh1,STCG-v1 Weighted Ridge,5,3.0,0.03,0.5,1.0,0.2622612920571297,0.0,0.40851191165423006,6.206335383118183e-17,0.38010282861120387,0.0,0.5553459747003867,0.0,-3.92896955186961e-06,5.3847359319625365e-05,-0.030762819022315924,True,False,True,False,False,True
ETTh1,STCG-v1 Weighted Ridge,5,3.0,0.03,1.0,1.0,0.26224692505184494,0.0,0.40850955635883757,0.0,0.38009797387944255,0.0,0.5553317970511964,0.0,-6.2842649443672904e-06,5.1492063927127685e-05,-0.03076517431770842,True,False,True,False,False,True
ETTh1,STCG-v1 Weighted Ridge,5,3.0,0.03,2.0,1.0,0.26220697557387185,0.0,0.4085132606538221,0.0,0.3800916004869122,0.0,0.5553075362380283,0.0,-2.579969959837225e-06,5.519635891165775e-05,-0.03076147002272389,True,False,True,False,False,True
ETTh1,STCG-v1 Weighted Ridge,5,3.0,0.03,4.0,1.0,0.26208207205191947,0.0,0.40851823431448075,6.206335383118183e-17,0.3800678109427783,0.0,0.5553374448889259,0.0,2.393690698820894e-06,6.017001957031587e-05,-0.030756496362065233,False,False,True,False,False,True
ETTh1,STCG-v1 Weighted Ridge,5,3.0,0.1,0.5,1.0,0.2622623794562844,0.0,0.40851212673845244,0.0,0.38010321866286245,0.0,0.555347113298218,0.0,-3.7138853294926832e-06,5.406244354200229e-05,-0.030762603938093547,True,False,True,False,False,True
ETTh1,STCG-v1 Weighted Ridge,5,3.0,0.1,1.0,1.0,0.26224974437850834,0.0,0.4085088156199059,0.0,0.38009812131088083,0.0,0.5553345112132556,0.0,-7.0250038760599764e-06,5.0751324995435e-05,-0.030765915056640114,True,False,True,False,False,True
ETTh1,STCG-v1 Weighted Ridge,5,3.0,0.1,2.0,1.0,0.26221818036808936,0.0,0.40850181188886114,6.206335383118183e-17,0.38008621122341285,0.0,0.5553116717731681,0.0,-1.4028734920790153e-05,4.374759395070482e-05,-0.030772918787684844,True,False,True,False,False,True
ETTh1,STCG-v1 Weighted Ridge,5,3.0,0.1,4.0,1.0,0.2621538982209361,0.0,0.40848710120130266,0.0,0.3800623799780029,0.0,0.5552876090079644,0.0,-2.8739422479273635e-05,2.903690639222134e-05,-0.030787629475243328,True,False,True,False,False,True
ETTh1,STCG-v1 Weighted Ridge,5,3.0,0.3,0.5,1.0,0.2622652344993046,0.0,0.4085129183880534,0.0,0.3801043995951828,0.0,0.5553501776048387,0.0,-2.922235728508582e-06,5.485409314298639e-05,-0.030761812288492563,True,False,True,False,False,True
ETTh1,STCG-v1 Weighted Ridge,5,3.0,0.3,1.0,1.0,0.2622573579720572,0.0,0.408509961981293,0.0,0.3801006183049553,0.0,0.5553414884772885,0.0,-5.878642488910124e-06,5.189768638258485e-05,-0.030764768695252964,True,False,True,False,False,True
ETTh1,STCG-v1 Weighted Ridge,5,3.0,0.3,2.0,1.0,0.26224273177356483,0.0,0.4085041406572394,0.0,0.3800933755214417,0.0,0.5553262006192091,0.0,-1.1699966542544349e-05,4.6076362328950626e-05,-0.0307705900193066,True,False,True,False,False,True
ETTh1,STCG-v1 Weighted Ridge,5,3.0,0.3,4.0,1.0,0.2622246250389984,0.0,0.4084960536807431,6.206335383118183e-17,0.38008389986640345,0.0,0.5553044682979964,0.0,-1.9786943038835325e-05,3.798938583265965e-05,-0.03077867699580289,True,False,True,False,False,True
ETTh1,STCG-v1 Weighted Ridge,5,3.0,0.6,0.5,1.0,0.26226889756278005,0.0,0.4085142186016375,0.0,0.38010610063747513,0.0,0.5553543138827454,0.0,-1.622022144431856e-06,5.615430672706312e-05,-0.030760512074908486,True,False,True,False,False,True
ETTh1,STCG-v1 Weighted Ridge,5,3.0,0.6,1.0,1.0,0.2622655662674049,0.0,0.40851273989252695,0.0,0.38010435127398906,0.0,0.5553501161741687,0.0,-3.1007312549791166e-06,5.467559761651586e-05,-0.030761990784019033,True,False,True,False,False,True
ETTh1,STCG-v1 Weighted Ridge,5,3.0,0.6,2.0,1.0,0.2622607622663333,0.0,0.4085104012954698,6.206335383118183e-17,0.38010169522816667,0.0,0.5553434771469239,0.0,-5.439328312151215e-06,5.233700055934376e-05,-0.030764329381076205,True,False,True,False,False,True
ETTh1,STCG-v1 Weighted Ridge,5,3.0,0.6,4.0,1.0,0.2622564094317198,0.0,0.408507858558553,0.0,0.3800990003443587,0.0,0.5553352570242284,0.0,-7.982065228950841e-06,4.9794263642544134e-05,-0.030766872117993005,True,False,True,False,False,True
ETTh1,STCG-v1 Weighted Ridge,5,10.0,0.01,0.5,1.0,0.2622807365131921,0.0,0.4084700841349852,0.0,0.3800916696303322,0.0,0.5550827585541832,0.0,-1.7415292656863812e-06,1.2019840074761756e-05,-0.030804646541560787,True,False,True,False,False,True
ETTh1,STCG-v1 Weighted Ridge,5,10.0,0.01,1.0,1.0,0.26224559861029156,0.0,0.4084812822535645,6.206335383118183e-17,0.3800921487684254,0.0,0.5550740067859027,0.0,9.456589313616703e-06,2.321795865406484e-05,-0.030793448422981484,False,False,True,False,False,True
ETTh1,STCG-v1 Weighted Ridge,5,10.0,0.01,2.0,1.0,0.26216594132134047,0.0,0.408546135924167,0.0,0.38011957511000355,0.0,0.5551042594182067,0.0,7.431025991611051e-05,8.807162925655865e-05,-0.03072859475237899,False,False,True,False,False,True
ETTh1,STCG-v1 Weighted Ridge,5,10.0,0.01,4.0,1.0,0.2618164314191936,0.0,0.4085400503090698,6.206335383118183e-17,0.38004924289261915,0.0,0.5554015400751066,0.0,6.82246448189261e-05,8.198601415937423e-05,-0.030734680367476175,False,False,True,False,False,True
ETTh1,STCG-v1 Weighted Ridge,5,10.0,0.03,0.5,1.0,0.26228148354608066,0.0,0.40846987877973345,0.0,0.3800916869995104,0.0,0.5550830486163715,0.0,-1.9468845174341887e-06,1.1814484823013949e-05,-0.030804851896812535,True,False,True,False,False,True
ETTh1,STCG-v1 Weighted Ridge,5,10.0,0.03,1.0,1.0,0.2622469276903761,0.0,0.40847836223708434,0.0,0.38009041151846557,0.0,0.5550739677076042,0.0,6.536572833448773e-06,2.029794217389691e-05,-0.030796368439461652,False,False,True,False,False,True
ETTh1,STCG-v1 Weighted Ridge,5,10.0,0.03,2.0,1.0,0.26216518742485595,0.0,0.4085213201097687,6.206335383118183e-17,0.38010250097943316,0.0,0.5550955333556158,0.0,4.949444551782811e-05,6.325581485827625e-05,-0.030753410566777273,False,False,True,False,False,True
ETTh1,STCG-v1 Weighted Ridge,5,10.0,0.03,4.0,1.0,0.2619114384694519,0.0,0.40853937225093884,6.206335383118183e-17,0.38006361922537524,0.0,0.5552871128766332,0.0,6.754658668794988e-05,8.130795602839802e-05,-0.03073535842560715,False,False,True,False,False,True
ETTh1,STCG-v1 Weighted Ridge,5,10.0,0.1,0.5,1.0,0.2622840721552962,0.0,0.40846935687616953,6.206335383118183e-17,0.38009188004379707,0.0,0.5550840936693411,0.0,-2.468788081355644e-06,1.1292581259092493e-05,-0.030805373800376457,True,False,True,False,False,True
ETTh1,STCG-v1 Weighted Ridge,5,10.0,0.1,1.0,1.0,0.2622529303672761,0.0,0.408472005623748,0.0,0.38008725202458715,0.0,0.5550743252987832,0.0,1.7995949713744963e-07,1.3941328837585587e-05,-0.030802725052797963,False,False,True,False,False,True
ETTh1,STCG-v1 Weighted Ridge,5,10.0,0.1,2.0,1.0,0.26218028689230505,0.0,0.40848112243788715,6.206335383118183e-17,0.38007840031519624,0.0,0.555076772111309,0.0,9.296773636258138e-06,2.3058142976706275e-05,-0.030793608238658843,False,False,True,False,False,True
ETTh1,STCG-v1 Weighted Ridge,5,10.0,0.1,4.0,1.0,0.2620389413293546,0.0,0.40847410403160495,0.0,0.3800438221894347,0.0,0.5551196132105838,0.0,2.278367354058286e-06,1.6039736694506423e-05,-0.030800626644941043,False,False,True,False,False,True
ETTh1,STCG-v1 Weighted Ridge,5,10.0,0.3,0.5,1.0,0.2622913799956239,0.0,0.4084689589945144,6.206335383118183e-17,0.38009311393160566,0.0,0.5550872689916474,0.0,-2.8666697364787552e-06,1.0894699603969382e-05,-0.03080577168203158,True,False,True,False,False,True
ETTh1,STCG-v1 Weighted Ridge,5,10.0,0.3,1.0,1.0,0.262270818502072,0.0,0.4084667116222723,0.0,0.38008729825565063,0.0,0.5550780257409317,0.0,-5.114041978560024e-06,8.647327361888113e-06,-0.03080801905427366,True,False,True,False,False,True
ETTh1,STCG-v1 Weighted Ridge,5,10.0,0.3,2.0,1.0,0.26223224221935004,0.0,0.4084610035297839,6.206335383118183e-17,0.38007554220556966,0.0,0.5550656898296608,0.0,-1.0822134467014521e-05,2.939234873433616e-06,-0.030813727146762115,True,False,True,False,False,True
ETTh1,STCG-v1 Weighted Ridge,5,10.0,0.3,4.0,1.0,0.2621842830215886,0.0,0.4084493841536128,6.206335383118183e-17,0.38005786694411997,0.0,0.5550478857595432,0.0,-2.2441510638071538e-05,-8.6801412976234e-06,-0.030825346522933172,True,True,True,False,False,True
ETTh1,STCG-v1 Weighted Ridge,5,10.0,0.6,0.5,1.0,0.2623010571534865,0.0,0.4084698002223625,0.0,0.3800956913984413,0.0,0.5550923030290474,0.0,-2.025441888375834e-06,1.1735927452072303e-05,-0.030804930454183477,True,False,True,False,False,True
ETTh1,STCG-v1 Weighted Ridge,5,10.0,0.6,1.0,1.0,0.2622919026253241,0.0,0.40846774202905306,6.206335383118183e-17,0.38009239923619165,0.0,0.5550866503568478,0.0,-4.08363519782684e-06,9.677734142621297e-06,-0.030806988647492928,True,False,True,False,False,True
ETTh1,STCG-v1 Weighted Ridge,5,10.0,0.6,2.0,1.0,0.26227847680582567,0.0,0.4084639724264295,0.0,0.3800871074699294,0.0,0.5550777491587121,0.0,-7.853237821375814e-06,5.908131519072324e-06,-0.030810758250116477,True,False,True,False,False,True
ETTh1,STCG-v1 Weighted Ridge,5,10.0,0.6,4.0,1.0,0.2622659861562513,0.0,0.40845935805054473,0.0,0.3800814776019142,0.0,0.5550659906434984,0.0,-1.2467613706157454e-05,1.293755634290683e-06,-0.03081537262600126,True,False,True,False,False,True
ETTh1,STCG-v1 Weighted Ridge,5,30.0,0.01,0.5,1.0,0.262430301291533,0.0,0.4084709511486796,0.0,0.3801920596477991,0.0,0.5545106175831347,0.0,1.2886853769156215e-05,1.2886853769156215e-05,-0.030803779527866393,False,False,True,False,False,True
ETTh1,STCG-v1 Weighted Ridge,5,30.0,0.01,1.0,1.0,0.262364059771751,0.0,0.40850891272463413,0.0,0.38020425860166684,0.0,0.5545213693143103,0.0,5.08484297236933e-05,5.08484297236933e-05,-0.030765817951911856,False,False,True,False,False,True
ETTh1,STCG-v1 Weighted Ridge,5,30.0,0.01,2.0,1.0,0.26217665414998154,0.0,0.40856220318839415,0.0,0.3802039404021026,0.0,0.554620787684535,0.0,0.0001041388934837073,0.0001041388934837073,-0.030712527488151842,False,False,True,False,False,True
ETTh1,STCG-v1 Weighted Ridge,5,30.0,0.01,4.0,1.0,0.26148956217275077,0.0,0.4083157880112781,6.206335383118183e-17,0.3799011863171109,0.0,0.5549895637442397,0.0,-0.00014227628363233658,-0.00014227628363233658,-0.030958942665267886,True,True,True,False,False,True
ETTh1,STCG-v1 Weighted Ridge,5,30.0,0.03,0.5,1.0,0.2624317140039948,0.0,0.4084699523704526,0.0,0.38019166892894257,0.0,0.5545105492571623,0.0,1.188807554214355e-05,1.188807554214355e-05,-0.030804778306093406,False,False,True,False,False,True
ETTh1,STCG-v1 Weighted Ridge,5,30.0,0.03,1.0,1.0,0.2623663525749509,0.0,0.4085031143181558,0.0,0.3802007806386501,0.0,0.5545195292221187,0.0,4.505002324534102e-05,4.505002324534102e-05,-0.030771616358390208,False,False,True,False,False,True
ETTh1,STCG-v1 Weighted Ridge,5,30.0,0.03,2.0,1.0,0.26219848432079756,0.0,0.40855665408967445,0.0,0.38020351524454304,0.0,0.554603040083959,0.0,9.858979476401464e-05,9.858979476401464e-05,-0.030718076586871534,False,False,True,False,False,True
ETTh1,STCG-v1 Weighted Ridge,5,30.0,0.03,4.0,1.0,0.261740683886356,0.0,0.40846613534080306,6.206335383118183e-17,0.3800499510672778,0.0,0.5548692600413893,0.0,8.07104589262142e-06,8.07104589262142e-06,-0.030808595335742928,False,False,True,False,False,True
ETTh1,STCG-v1 Weighted Ridge,5,30.0,0.1,0.5,1.0,0.2624367094897658,0.0,0.4084669541289162,6.206335383118183e-17,0.3801906556873956,0.0,0.5545104462763534,0.0,8.889834005765263e-06,8.889834005765263e-06,-0.030807776547629784,False,False,True,False,False,True
ETTh1,STCG-v1 Weighted Ridge,5,30.0,0.1,1.0,1.0,0.2623759760597537,0.0,0.40848755841379186,6.206335383118183e-17,0.38019216269326367,0.0,0.5545143888253916,0.0,2.9494118881423503e-05,2.9494118881423503e-05,-0.030787172262754126,False,False,True,False,False,True
ETTh1,STCG-v1 Weighted Ridge,5,30.0,0.1,2.0,1.0,0.26223796266514815,0.0,0.4085169888197491,6.206335383118183e-17,0.38018402372313503,0.0,0.5545586958547655,0.0,5.8924524838688264e-05,5.8924524838688264e-05,-0.03075774185679686,False,False,True,False,False,True
ETTh1,STCG-v1 Weighted Ridge,5,30.0,0.1,4.0,1.0,0.2619762165367485,0.0,0.40848975507380914,0.0,0.3801114195417537,0.0,0.554651090296098,0.0,3.1690778898696426e-05,3.1690778898696426e-05,-0.030784975602736853,False,False,True,False,False,True
ETTh1,STCG-v1 Weighted Ridge,5,30.0,0.3,0.5,1.0,0.2624510587317641,0.0,0.408461475722204,0.0,0.3801898849018337,0.0,0.5545111310340367,0.0,3.4114272935426015e-06,3.4114272935426015e-06,-0.030813254954342006,False,False,True,False,False,True
ETTh1,STCG-v1 Weighted Ridge,5,30.0,0.3,1.0,1.0,0.2624073716666228,0.0,0.40846567413364426,0.0,0.38018376866842907,0.0,0.5545076004282894,0.0,7.609838733824148e-06,7.609838733824148e-06,-0.030809056542901725,False,False,True,False,False,True
ETTh1,STCG-v1 Weighted Ridge,5,30.0,0.3,2.0,1.0,0.2623262536443235,0.0,0.4084644694913126,0.0,0.3801664391724686,0.0,0.5545079761693982,0.0,6.405196402159419e-06,6.405196402159419e-06,-0.03081026118523339,False,False,True,False,False,True
ETTh1,STCG-v1 Weighted Ridge,5,30.0,0.3,4.0,1.0,0.2622231042725187,0.0,0.4084450450430076,0.0,0.3801319171822057,0.0,0.5544990036638562,0.0,-1.3019251902834927e-05,-1.3019251902834927e-05,-0.030829685633538384,True,True,True,False,False,True
ETTh1,STCG-v1 Weighted Ridge,5,30.0,0.6,0.5,1.0,0.26247158506120283,0.0,0.40845818175938603,0.0,0.3801918552856008,0.0,0.5545141029145432,0.0,1.1746447559080053e-07,1.1746447559080053e-07,-0.030816548917159958,False,False,True,False,False,True
ETTh1,STCG-v1 Weighted Ridge,5,30.0,0.6,1.0,1.0,0.26245057445283587,0.0,0.4084568940001305,0.0,0.3801867073390927,0.0,0.55450922973608,0.0,-1.17029477991748e-06,-1.17029477991748e-06,-0.030817836676415467,True,True,True,False,False,True
ETTh1,STCG-v1 Weighted Ridge,5,30.0,0.6,2.0,1.0,0.2624192493278192,0.0,0.40845188362363516,6.206335383118183e-17,0.38017693896698096,0.0,0.5545008899466886,0.0,-6.180671275279881e-06,-6.180671275279881e-06,-0.03082284705291083,True,True,True,False,False,True
ETTh1,STCG-v1 Weighted Ridge,5,30.0,0.6,4.0,1.0,0.262388598960542,0.0,0.4084433853351408,0.0,0.3801649999175431,0.0,0.5544873877092207,0.0,-1.4678959769642841e-05,-1.4678959769642841e-05,-0.030831345341405192,True,True,True,False,False,True
ETTh1,STCG-v1 Weighted Ridge,5,100.0,0.01,0.5,1.0,0.26336461775324327,0.0,0.4088217374697075,0.0,0.380926281829893,0.0,0.5531455120797757,0.0,3.5744736511023056e-05,0.0003636731747970745,-0.030452993206838475,False,False,True,False,False,True
ETTh1,STCG-v1 Weighted Ridge,5,100.0,0.01,1.0,1.0,0.26324256268528573,0.0,0.4088523062660527,0.0,0.3809175884868848,0.0,0.5531530458679151,0.0,6.631353285618813e-05,0.0003942419711422396,-0.03042242441049331,False,False,True,False,False,True
ETTh1,STCG-v1 Weighted Ridge,5,100.0,0.01,2.0,1.0,0.2628061559928755,0.0,0.40873248560416736,6.206335383118183e-17,0.3807476459594678,0.0,0.5532455500741801,0.0,-5.350712902912891e-05,0.00027442130925692254,-0.030542245072378627,True,False,True,False,False,True
ETTh1,STCG-v1 Weighted Ridge,5,100.0,0.01,4.0,1.0,0.26136940697910155,0.0,0.40803304084002756,6.206335383118183e-17,0.37998820742532785,0.0,0.5534276046093853,0.0,-0.0007529518931689294,-0.00042502345488287796,-0.031241689836518427,True,True,True,False,False,True
ETTh1,STCG-v1 Weighted Ridge,5,100.0,0.03,0.5,1.0,0.2633668507598738,0.0,0.4088200602123096,0.0,0.3809257144918418,0.0,0.5531455121635234,0.0,3.4067479113109034e-05,0.0003619959173991605,-0.03045467046423639,False,False,True,False,False,True
ETTh1,STCG-v1 Weighted Ridge,5,100.0,0.03,1.0,1.0,0.26324970844035406,0.0,0.40884981315515,0.0,0.3809175394259409,0.0,0.5531506282306541,0.0,6.382042195351989e-05,0.00039174886023957134,-0.030424917521395978,False,False,True,False,False,True
ETTh1,STCG-v1 Weighted Ridge,5,100.0,0.03,2.0,1.0,0.26288997692381816,0.0,0.4087768008035949,6.206335383118183e-17,0.3807910776086351,0.0,0.5532260298342768,0.0,-9.191929601581883e-06,0.00031873650868446957,-0.03049792987295108,True,False,True,False,False,True
ETTh1,STCG-v1 Weighted Ridge,5,100.0,0.03,4.0,1.0,0.262044176406541,0.0,0.4084303688968226,0.0,0.38037699246957535,0.0,0.553347634086274,0.0,-0.00035562383637388617,-2.769539808783472e-05,-0.030844361779723384,True,True,True,False,False,True
ETTh1,STCG-v1 Weighted Ridge,5,100.0,0.1,0.5,1.0,0.26337465322464004,0.0,0.40881463590419764,6.206335383118183e-17,0.38092403115074475,0.0,0.5531457404661336,0.0,2.8643171001152545e-05,0.000356571609287204,-0.030460094772348345,False,False,True,False,False,True
ETTh1,STCG-v1 Weighted Ridge,5,100.0,0.1,1.0,1.0,0.2632699470611056,0.0,0.40883924997428683,0.0,0.3809155587128405,0.0,0.5531440127374211,0.0,5.325724109034313e-05,0.0003811856793763946,-0.030435480702259154,False,False,True,False,False,True
ETTh1,STCG-v1 Weighted Ridge,5,100.0,0.1,2.0,1.0,0.26302449859542565,0.0,0.40882034900446185,6.206335383118183e-17,0.3808465031293176,0.0,0.5531763906480356,0.0,3.4356271265356675e-05,0.0003622847095514081,-0.03045438167208414,False,False,True,False,False,True
ETTh1,STCG-v1 Weighted Ridge,5,100.0,0.1,4.0,1.0,0.2625991586817997,0.0,0.408698139743117,6.206335383118183e-17,0.38067113139155007,0.0,0.5531850796599906,0.0,-8.785299007951775e-05,0.0002400754482065337,-0.030576590933429015,True,False,True,False,False,True
ETTh1,STCG-v1 Weighted Ridge,5,100.0,0.3,0.5,1.0,0.2633972934529231,0.0,0.4088025604958113,6.206335383118183e-17,0.38092151865260443,0.0,0.5531480558002548,0.0,1.6567762614827508e-05,0.00034449620090087896,-0.03047217018073467,False,False,True,False,False,True
ETTh1,STCG-v1 Weighted Ridge,5,100.0,0.3,1.0,1.0,0.2633217401173213,0.0,0.4088121780810646,6.206335383118183e-17,0.3809101222999899,0.0,0.5531366901892044,0.0,2.618534786813509e-05,0.00035411378615418654,-0.030462552595481363,False,False,True,False,False,True
ETTh1,STCG-v1 Weighted Ridge,5,100.0,0.3,2.0,1.0,0.2631818167473744,0.0,0.4088025502104814,0.0,0.38087126226912293,0.0,0.5531210168306613,0.0,1.655747728490642e-05,0.00034448591557095787,-0.03047218046606459,False,False,True,False,False,True
ETTh1,STCG-v1 Weighted Ridge,5,100.0,0.3,4.0,1.0,0.263004404216454,0.0,0.40875545021059023,0.0,0.3807995116132501,0.0,0.5530725976134386,0.0,-3.054252260625834e-05,0.0002973859156797931,-0.030519280465955756,True,False,True,False,False,True
ETTh1,STCG-v1 Weighted Ridge,5,100.0,0.6,0.5,1.0,0.2634315948282995,0.0,0.4087917387377361,0.0,0.3809224868760728,0.0,0.5531549197851587,0.0,5.746004539619598e-06,0.00033367444282567105,-0.030482991938809878,False,False,True,False,False,True
ETTh1,STCG-v1 Weighted Ridge,5,100.0,0.6,1.0,1.0,0.2633925189285442,0.0,0.4087914940898802,6.206335383118183e-17,0.38091324510716346,0.0,0.5531439002479582,0.0,5.501356683701442e-06,0.0003334297949697529,-0.030483236586665796,False,False,True,False,False,True
ETTh1,STCG-v1 Weighted Ridge,5,100.0,0.6,2.0,1.0,0.2633320216573433,0.0,0.4087819305148478,6.206335383118183e-17,0.38089292032477673,0.0,0.553124339797121,0.0,-4.0622183486993535e-06,0.0003238662199373521,-0.030492800161698197,True,False,True,False,False,True
ETTh1,STCG-v1 Weighted Ridge,5,100.0,0.6,4.0,1.0,0.2632704811584307,0.0,0.4087632558819351,6.206335383118183e-17,0.38086650316313636,0.0,0.553094978053143,0.0,-2.273685126141789e-05,0.00030519158702463356,-0.030511474794610915,True,False,True,False,False,True
ETTh2,Persistence,5,nan,,,,0.1499476242483007,0.0,0.24559055458163162,0.0,0.22403598496201044,3.1031676915590914e-17,0.335650508067326,0.0,nan,0.018463313500396872,0.0,False,False,False,False,False,False
ETTh2,Dense Ridge,5,0.1,,,,0.1456117149508729,0.0,0.22712724108123475,3.1031676915590914e-17,0.20425488916274306,0.0,0.3116018671943787,0.0,0.0,0.0,-0.018463313500396872,False,False,True,False,False,True
ETTh2,Dense Ridge,5,0.3,,,,0.1456287026842911,0.0,0.22712939244313696,0.0,0.20426863208046014,0.0,0.3115966797388707,0.0,0.0,2.1513619022084374e-06,-0.018461162138494663,False,False,True,False,False,True
ETTh2,Dense Ridge,5,1.0,,,,0.14568753375326596,0.0,0.2271370912893303,3.1031676915590914e-17,0.20431623768537582,0.0,0.31157904569612505,0.0,0.0,9.850208095546487e-06,-0.018453463292301325,False,False,True,False,False,True
ETTh2,Dense Ridge,5,3.0,,,,0.1458513657155465,0.0,0.227160287895049,3.1031676915590914e-17,0.2044479604435438,0.0,0.31153272148584,0.0,0.0,3.304681381424701e-05,-0.018430266686582625,False,False,True,False,False,True
ETTh2,Dense Ridge,5,10.0,,,,0.14638200151166142,0.0,0.22725149711506418,0.0,0.20486694305686695,0.0,0.3114067893412777,0.0,0.0,0.00012425603382942851,-0.018339057466567443,False,False,True,False,False,True
ETTh2,Dense Ridge,5,30.0,,,,0.14771529726728622,0.0,0.22758426637888576,0.0,0.20591209362764323,0.0,0.3112268475920474,0.0,0.0,0.00045702529765101474,-0.018006288202745857,False,False,True,False,False,True
ETTh2,Dense Ridge,5,100.0,,,,0.15168285408413448,0.0,0.2292506963088327,0.0,0.20935400358435413,3.1031676915590914e-17,0.3113951193193761,0.0,0.0,0.0021234552275979646,-0.016339858272798907,False,False,True,False,False,True
ETTh2,DynVAR-Lasso Weighted Ridge,5,0.1,0.01,0.5,1.0,0.14561124260600417,0.0,0.22712678995262,0.0,0.20425446593209012,0.0,0.3116012464590034,0.0,-4.5112861474239097e-07,-4.5112861474239097e-07,-0.018463764629011614,True,True,True,False,False,True
ETTh2,DynVAR-Lasso Weighted Ridge,5,0.1,0.01,1.0,1.0,0.14561075173093677,0.0,0.2271264226387487,0.0,0.20425402688172506,0.0,0.31160027514588656,0.0,-8.184424860613326e-07,-8.184424860613326e-07,-0.018464131942882933,True,True,True,False,False,True
ETTh2,DynVAR-Lasso Weighted Ridge,5,0.1,0.01,2.0,1.0,0.14560907036671583,0.0,0.22712496103677587,3.1031676915590914e-17,0.20425207291095893,0.0,0.3115961848442237,0.0,-2.2800444588744195e-06,-2.2800444588744195e-06,-0.018465593544855746,True,True,True,False,False,True
ETTh2,DynVAR-Lasso Weighted Ridge,5,0.1,0.01,4.0,1.0,0.1455876067872839,0.0,0.22709934511012114,0.0,0.20422971200219403,3.1031676915590914e-17,0.3115765581952147,0.0,-2.78959711136062e-05,-2.78959711136062e-05,-0.018491209471510478,True,True,True,False,False,True
ETTh2,DynVAR-Lasso Weighted Ridge,5,0.1,0.03,0.5,1.0,0.14561125157632232,0.0,0.22712679599613939,0.0,0.20425447379262024,3.1031676915590914e-17,0.31160126610866257,0.0,-4.45085095363007e-07,-4.45085095363007e-07,-0.018463758585492235,True,True,True,False,False,True
ETTh2,DynVAR-Lasso Weighted Ridge,5,0.1,0.03,1.0,1.0,0.14561069935558313,0.0,0.22712631463486757,0.0,0.20425396562805714,3.1031676915590914e-17,0.311600362405292,0.0,-9.264463671776468e-07,-9.264463671776468e-07,-0.01846423994676405,True,True,True,False,False,True
ETTh2,DynVAR-Lasso Weighted Ridge,5,0.1,0.03,2.0,1.0,0.1456081758684208,0.0,0.22712357470159264,0.0,0.20425132907032198,0.0,0.31159714941174316,0.0,-3.666379642108808e-06,-3.666379642108808e-06,-0.01846697988003898,True,True,True,False,False,True
ETTh2,DynVAR-Lasso Weighted Ridge,5,0.1,0.03,4.0,1.0,0.14559734914445593,0.0,0.22711199549792802,0.0,0.20424149608794667,3.1031676915590914e-17,0.3115885073084917,0.0,-1.5245583306733312e-05,-1.5245583306733312e-05,-0.018478559083703605,True,True,True,False,False,True
ETTh2,DynVAR-Lasso Weighted Ridge,5,0.1,0.1,0.5,1.0,0.14561128689507255,0.0,0.22712682418522795,0.0,0.20425450556522412,0.0,0.31160133092183906,0.0,-4.1689600679961636e-07,-4.1689600679961636e-07,-0.01846373039640367,True,True,True,False,False,True
ETTh2,DynVAR-Lasso Weighted Ridge,5,0.1,0.1,1.0,1.0,0.14561072151288232,0.0,0.22712626571389408,3.1031676915590914e-17,0.20425398109070664,0.0,0.31160061564032654,0.0,-9.753673406720509e-07,-9.753673406720509e-07,-0.018464288867737544,True,True,True,False,False,True
ETTh2,DynVAR-Lasso Weighted Ridge,5,0.1,0.1,2.0,1.0,0.14560889457657447,0.0,0.22712432718570447,0.0,0.2042522717884105,0.0,0.3115988043630127,0.0,-2.9138955302820957e-06,-2.9138955302820957e-06,-0.018466227395927154,True,True,True,False,False,True
ETTh2,DynVAR-Lasso Weighted Ridge,5,0.1,0.1,4.0,1.0,0.14560533917843804,0.0,0.22712074359044682,3.1031676915590914e-17,0.20424926845591512,0.0,0.311595681274541,0.0,-6.49749078793227e-06,-6.49749078793227e-06,-0.018469810991184804,True,True,True,False,False,True
ETTh2,DynVAR-Lasso Weighted Ridge,5,0.1,0.3,0.5,1.0,0.14561139747531265,0.0,0.22712692697777018,3.1031676915590914e-17,0.20425460654460065,0.0,0.3116014891111955,0.0,-3.141034645715024e-07,-3.141034645715024e-07,-0.018463627603861443,True,True,True,False,False,True
ETTh2,DynVAR-Lasso Weighted Ridge,5,0.1,0.3,1.0,1.0,0.14561103611854131,0.0,0.2271265605708245,0.0,0.20425428310125784,0.0,0.3116010904872911,0.0,-6.805104102447501e-07,-6.805104102447501e-07,-0.018463994010807117,True,True,True,False,False,True
ETTh2,DynVAR-Lasso Weighted Ridge,5,0.1,0.3,2.0,1.0,0.14561033231514517,0.0,0.22712585022298928,3.1031676915590914e-17,0.20425367754272067,0.0,0.31160037486585745,0.0,-1.390858245464699e-06,-1.390858245464699e-06,-0.018464704358642337,True,True,True,False,False,True
ETTh2,DynVAR-Lasso Weighted Ridge,5,0.1,0.3,4.0,1.0,0.1456094821289556,0.0,0.2271250414857721,0.0,0.2042530038350437,0.0,0.3115993483174231,0.0,-2.199595462659687e-06,-2.199595462659687e-06,-0.01846551309585953,True,True,True,False,False,True
ETTh2,DynVAR-Lasso Weighted Ridge,5,0.1,0.6,0.5,1.0,0.1456115500781625,0.0,0.22712707731929477,3.1031676915590914e-17,0.20425474412804662,0.0,0.3116016756259239,0.0,-1.637619399807999e-07,-1.637619399807999e-07,-0.018463477262336853,True,True,True,False,False,True
ETTh2,DynVAR-Lasso Weighted Ridge,5,0.1,0.6,1.0,1.0,0.1456114029599751,0.0,0.22712693043967896,0.0,0.20425461750067825,3.1031676915590914e-17,0.3116015124264019,0.0,-3.106415557840858e-07,-3.106415557840858e-07,-0.018463624141952656,True,True,True,False,False,True
ETTh2,DynVAR-Lasso Weighted Ridge,5,0.1,0.6,2.0,1.0,0.14561119017583013,0.0,0.22712672393749692,0.0,0.2042544437713832,0.0,0.3116012662600232,0.0,-5.17143737832626e-07,-5.17143737832626e-07,-0.018463830644134704,True,True,True,False,False,True
ETTh2,DynVAR-Lasso Weighted Ridge,5,0.1,0.6,4.0,1.0,0.1456109841582718,0.0,0.22712653949060332,0.0,0.2042542920656279,0.0,0.31160095621430683,0.0,-7.01590631424498e-07,-7.01590631424498e-07,-0.018464015091028296,True,True,True,False,False,True
ETTh2,DynVAR-Lasso Weighted Ridge,5,0.3,0.01,0.5,1.0,0.14562729141184497,0.0,0.22712803374361443,0.0,0.20426736358509795,0.0,0.3115948353060453,0.0,-1.3586995225300935e-06,7.926623796783439e-07,-0.018462520838017193,True,False,True,False,False,True
ETTh2,DynVAR-Lasso Weighted Ridge,5,0.3,0.01,1.0,1.0,0.14562571918929043,0.0,0.22712671523220127,0.0,0.2042659004299865,0.0,0.3115919646490054,0.0,-2.677210935692065e-06,-5.258490334836274e-07,-0.018463839349430355,True,True,True,False,False,True
ETTh2,DynVAR-Lasso Weighted Ridge,5,0.3,0.01,2.0,1.0,0.14561911817617298,0.0,0.22711853989795788,3.1031676915590914e-17,0.20425742068662064,0.0,0.31158019113729685,0.0,-1.0852545179074191e-05,-8.701183276865754e-06,-0.018472014683673738,True,True,True,False,False,True
ETTh2,DynVAR-Lasso Weighted Ridge,5,0.3,0.01,4.0,1.0,0.14556612341042563,0.0,0.22705334250882148,0.0,0.2042016136927362,3.1031676915590914e-17,0.31153016112978743,0.0,-7.60499343154808e-05,-7.389857241327236e-05,-0.018537212072810144,True,True,True,False,False,True
ETTh2,DynVAR-Lasso Weighted Ridge,5,0.3,0.03,0.5,1.0,0.1456273186859058,0.0,0.22712805390329832,3.1031676915590914e-17,0.20426738844564268,0.0,0.31159489359669673,0.0,-1.3385398386356329e-06,8.128220635728045e-07,-0.0184625006783333,True,False,True,False,False,True
ETTh2,DynVAR-Lasso Weighted Ridge,5,0.3,0.03,1.0,1.0,0.14562561849885733,0.0,0.2271264821475895,0.0,0.2042657825851601,0.0,0.3115922213352691,0.0,-2.910295547470243e-06,-7.589336452618056e-07,-0.018464072434042134,True,True,True,False,False,True
ETTh2,DynVAR-Lasso Weighted Ridge,5,0.3,0.03,2.0,1.0,0.14561793675270318,0.0,0.22711766423670104,3.1031676915590914e-17,0.2042575520736248,0.0,0.3115828988699276,0.0,-1.1728206435912547e-05,-9.57684453370411e-06,-0.018472890344930576,True,True,True,False,False,True
ETTh2,DynVAR-Lasso Weighted Ridge,5,0.3,0.03,4.0,1.0,0.1455885694590154,0.0,0.227085655743709,0.0,0.20423068170918696,0.0,0.3115588040913731,0.0,-4.3736699427948666e-05,-4.158533752574023e-05,-0.018504898837922612,True,True,True,False,False,True
ETTh2,DynVAR-Lasso Weighted Ridge,5,0.3,0.1,0.5,1.0,0.14562742480527968,0.0,0.22712814307917148,0.0,0.20426748646260676,0.0,0.3115950859240014,0.0,-1.24936396547759e-06,9.019979367308473e-07,-0.01846241150246014,True,False,True,False,False,True
ETTh2,DynVAR-Lasso Weighted Ridge,5,0.3,0.1,1.0,1.0,0.1456257458371403,0.0,0.2271264455469606,0.0,0.20426590588631027,0.0,0.31159296783328244,0.0,-2.946896176359015e-06,-7.955342741505778e-07,-0.018464109034671022,True,True,True,False,False,True
ETTh2,DynVAR-Lasso Weighted Ridge,5,0.3,0.1,2.0,1.0,0.14562040139868138,0.0,0.22712069872798465,0.0,0.20426086924154827,0.0,0.31158764821542534,0.0,-8.69371515230255e-06,-6.542353250094113e-06,-0.018469855853646966,True,True,True,False,False,True
ETTh2,DynVAR-Lasso Weighted Ridge,5,0.3,0.1,4.0,1.0,0.1456101966656836,0.0,0.22711035248263473,0.0,0.20425224271377243,0.0,0.311578541054667,0.0,-1.903996050223178e-05,-1.688859860002334e-05,-0.018480202098996895,True,True,True,False,False,True
ETTh2,DynVAR-Lasso Weighted Ridge,5,0.3,0.3,0.5,1.0,0.1456277572586523,0.0,0.22712845500028184,0.0,0.20426779047080318,3.1031676915590914e-17,0.31159555567129477,0.0,-9.374428551200964e-07,1.213919047088341e-06,-0.018462099581349783,True,False,True,False,False,True
ETTh2,DynVAR-Lasso Weighted Ridge,5,0.3,0.3,1.0,1.0,0.14562668787411695,0.0,0.22712736362240657,0.0,0.2042668295638911,0.0,0.31159437281037766,0.0,-2.0288207303875705e-06,1.2254117182086688e-07,-0.01846319095922505,True,False,True,False,False,True
ETTh2,DynVAR-Lasso Weighted Ridge,5,0.3,0.3,2.0,1.0,0.14562462184058653,0.0,0.22712526237421918,0.0,0.20426504219790093,3.1031676915590914e-17,0.311592254437557,0.0,-4.130068917779228e-06,-1.978707015570791e-06,-0.018465292207412443,True,True,True,False,False,True
ETTh2,DynVAR-Lasso Weighted Ridge,5,0.3,0.3,4.0,1.0,0.14562213607440638,0.0,0.22712288231145958,0.0,0.20426306327662108,3.1031676915590914e-17,0.3115892238002966,0.0,-6.510131677378572e-06,-4.358769775170135e-06,-0.018467672270172042,True,True,True,False,False,True
ETTh2,DynVAR-Lasso Weighted Ridge,5,0.3,0.6,0.5,1.0,0.14562821223653874,0.0,0.2271289045016816,0.0,0.2042682006154371,0.0,0.3115961100077715,0.0,-4.879414553515815e-07,1.6634204468568559e-06,-0.018461650079950015,True,False,True,False,False,True
ETTh2,DynVAR-Lasso Weighted Ridge,5,0.3,0.6,1.0,1.0,0.14562777529445195,0.0,0.22712846776923104,0.0,0.2042678246219411,0.0,0.3115956251413886,0.0,-9.24673905916551e-07,1.2266879962918864e-06,-0.01846208681240058,True,False,True,False,False,True
ETTh2,DynVAR-Lasso Weighted Ridge,5,0.3,0.6,2.0,1.0,0.14562714439159383,0.0,0.22712785502328342,0.0,0.2042673097089835,3.1031676915590914e-17,0.31159489463692613,0.0,-1.5374198535367256e-06,6.139420486717118e-07,-0.0184626995583482,True,False,True,False,False,True
ETTh2,DynVAR-Lasso Weighted Ridge,5,0.3,0.6,4.0,1.0,0.14562653447935267,0.0,0.22712730863445435,0.0,0.20426686070283712,3.1031676915590914e-17,0.3115939759945727,0.0,-2.0838086826069357e-06,6.755321960150162e-08,-0.01846324594717727,True,False,True,False,False,True
ETTh2,DynVAR-Lasso Weighted Ridge,5,1.0,0.01,0.5,1.0,0.14568294940593016,0.0,0.22713253414556908,0.0,0.20431204348485527,0.0,0.31157309539014366,0.0,-4.557143761213522e-06,5.293064334332964e-06,-0.01845802043606254,True,False,True,False,False,True
ETTh2,DynVAR-Lasso Weighted Ridge,5,1.0,0.01,1.0,1.0,0.14567722180379405,0.0,0.22712659367380622,0.0,0.2043061775904777,0.0,0.3115639984430216,0.0,-1.0497615524074355e-05,-6.474074285278686e-07,-0.0184639609078254,True,True,True,False,False,True
ETTh2,DynVAR-Lasso Weighted Ridge,5,1.0,0.01,2.0,1.0,0.14565328693126203,0.0,0.22709116474261032,0.0,0.2042737867596613,0.0,0.3115295476573536,0.0,-4.5926546719976535e-05,-3.607633862443005e-05,-0.018499389839021302,True,True,True,False,False,True
ETTh2,DynVAR-Lasso Weighted Ridge,5,1.0,0.01,4.0,1.0,0.14554809614128617,0.0,0.22696797821754439,0.0,0.20417192598840866,3.1031676915590914e-17,0.3114159841947537,0.0,-0.00016911307178590906,-0.00015926286369036258,-0.018622576364087234,True,True,True,False,False,True
ETTh2,DynVAR-Lasso Weighted Ridge,5,1.0,0.03,0.5,1.0,0.1456830493156166,0.0,0.22713261960783723,3.1031676915590914e-17,0.20431213747572455,0.0,0.3115732823912387,0.0,-4.471681493062318e-06,5.378526602484168e-06,-0.018457934973794388,True,False,True,False,False,True
ETTh2,DynVAR-Lasso Weighted Ridge,5,1.0,0.03,1.0,1.0,0.14567717159921587,0.0,0.2271264636146218,3.1031676915590914e-17,0.20430624614173354,0.0,0.31156479938916015,0.0,-1.062767470849657e-05,-7.77466612950084e-07,-0.018464090967009822,True,True,True,False,False,True
ETTh2,DynVAR-Lasso Weighted Ridge,5,1.0,0.03,2.0,1.0,0.1456536967828245,0.0,0.22709652605520286,0.0,0.20427957125625076,0.0,0.31153688181353395,0.0,-4.056523412743207e-05,-3.0715026031885584e-05,-0.018494028526428757,True,True,True,False,False,True
ETTh2,DynVAR-Lasso Weighted Ridge,5,1.0,0.03,4.0,1.0,0.1455789196189659,0.0,0.22701614704954767,0.0,0.20421375747097376,0.0,0.31147142671503214,0.0,-0.00012094423978262214,-0.00011109403168707566,-0.018574407532083947,True,True,True,False,False,True
ETTh2,DynVAR-Lasso Weighted Ridge,5,1.0,0.1,0.5,1.0,0.14568341890118125,0.0,0.2271329580185017,3.1031676915590914e-17,0.20431248703494126,0.0,0.3115739000357049,0.0,-4.133270828599045e-06,5.716937266947442e-06,-0.018457596563129924,True,False,True,False,False,True
ETTh2,DynVAR-Lasso Weighted Ridge,5,1.0,0.1,1.0,1.0,0.14567791686510762,0.0,0.2271271758051326,0.0,0.2043072237606039,0.0,0.3115671447983965,0.0,-9.915484197708935e-06,-6.527610216244817e-08,-0.018463378776499034,True,True,True,False,False,True
ETTh2,DynVAR-Lasso Weighted Ridge,5,1.0,0.1,2.0,1.0,0.1456616624743375,0.0,0.2271090947923266,0.0,0.2042916248703513,0.0,0.3115506177941563,0.0,-2.7996497003690557e-05,-1.814628890814407e-05,-0.018481459789305016,True,True,True,False,False,True
ETTh2,DynVAR-Lasso Weighted Ridge,5,1.0,0.1,4.0,1.0,0.14563183922056952,0.0,0.2270788439557733,0.0,0.204266749204235,0.0,0.31152289613239803,0.0,-5.824733355699885e-05,-4.839712546145236e-05,-0.018511710625858324,True,True,True,False,False,True
ETTh2,DynVAR-Lasso Weighted Ridge,5,1.0,0.3,0.5,1.0,0.14568450437456942,0.0,0.22713402619910736,0.0,0.20431350485492708,0.0,0.31157541224871876,0.0,-3.0650902229367727e-06,6.785117872609714e-06,-0.018456528382524262,True,False,True,False,False,True
ETTh2,DynVAR-Lasso Weighted Ridge,5,1.0,0.3,1.0,1.0,0.14568108442159391,0.0,0.2271304858583511,0.0,0.20431041229445718,0.0,0.311571613431425,0.0,-6.6054309791896415e-06,3.244777116356845e-06,-0.018460068723280515,True,False,True,False,False,True
ETTh2,DynVAR-Lasso Weighted Ridge,5,1.0,0.3,2.0,1.0,0.14567460563148144,0.0,0.22712381928729747,0.0,0.20430477904069724,0.0,0.311564864067993,0.0,-1.3272002032826968e-05,-3.4217939372804818e-06,-0.018466735294334152,True,True,True,False,False,True
ETTh2,DynVAR-Lasso Weighted Ridge,5,1.0,0.3,4.0,1.0,0.1456669070269672,0.0,0.22711639034712636,0.0,0.20429863790531605,3.1031676915590914e-17,0.31155529052271463,0.0,-2.0700942203938366e-05,-1.085073410839188e-05,-0.018474164234505264,True,True,True,False,False,True
ETTh2,DynVAR-Lasso Weighted Ridge,5,1.0,0.6,0.5,1.0,0.14568595954089925,0.0,0.22713550351870487,3.1031676915590914e-17,0.20431484062023095,0.0,0.3115772020284287,0.0,-1.5877706254219248e-06,8.262437470124562e-06,-0.018455051062926747,True,False,True,False,False,True
ETTh2,DynVAR-Lasso Weighted Ridge,5,1.0,0.6,1.0,1.0,0.14568456881872469,0.0,0.22713409226091796,0.0,0.2043136308989554,0.0,0.31157563834135554,0.0,-2.9990284123315725e-06,6.851179683214914e-06,-0.018456462320713657,True,False,True,False,False,True
ETTh2,DynVAR-Lasso Weighted Ridge,5,1.0,0.6,2.0,1.0,0.14568256919146935,0.0,0.2271321255217596,3.1031676915590914e-17,0.2043119840470508,3.1031676915590914e-17,0.3115732915830592,0.0,-4.9657675706971105e-06,4.884440524849376e-06,-0.018458429059872022,True,False,True,False,False,True
ETTh2,DynVAR-Lasso Weighted Ridge,5,1.0,0.6,4.0,1.0,0.1456806481749592,0.0,0.22713038120023823,3.1031676915590914e-17,0.20431055449034888,0.0,0.3115703553891897,0.0,-6.7100890920601675e-06,3.140119003486319e-06,-0.018460173381393385,True,False,True,False,False,True
ETTh2,DynVAR-Lasso Weighted Ridge,5,3.0,0.01,0.5,1.0,0.14583856548088864,0.0,0.22714694283896725,3.1031676915590914e-17,0.2044359988845797,3.1031676915590914e-17,0.3115163582074835,0.0,-1.3345056081748297e-05,1.9701757732498715e-05,-0.018443611742664373,True,False,True,False,False,True
ETTh2,DynVAR-Lasso Weighted Ridge,5,3.0,0.01,1.0,1.0,0.14582162893256714,0.0,0.2271265047193179,3.1031676915590914e-17,0.20441752440367794,0.0,0.31149242444233527,0.0,-3.3783175731105786e-05,-7.363619168587743e-07,-0.01846404986231373,True,True,True,False,False,True
ETTh2,DynVAR-Lasso Weighted Ridge,5,3.0,0.01,2.0,1.0,0.1457775324396976,0.0,0.22705654324654176,3.1031676915590914e-17,0.20435684969528317,0.0,0.31141489299324876,0.0,-0.00010374464850723686,-7.069783469298985e-05,-0.01853401133508986,True,True,True,False,False,True
ETTh2,DynVAR-Lasso Weighted Ridge,5,3.0,0.01,4.0,1.0,0.14565526108682195,0.0,0.22695699343276782,3.1031676915590914e-17,0.2042849775787406,0.0,0.3112200573635995,0.0,-0.0002032944622811783,-0.0001702476484669313,-0.018633561148863803,True,True,True,False,False,True
ETTh2,DynVAR-Lasso Weighted Ridge,5,3.0,0.03,0.5,1.0,0.14583887284879812,0.0,0.22714726842675487,0.0,0.20443631541078017,3.1031676915590914e-17,0.31151686488801644,0.0,-1.30194682941287e-05,2.002734552011831e-05,-0.018443286154876753,True,False,True,False,False,True
ETTh2,DynVAR-Lasso Weighted Ridge,5,3.0,0.03,1.0,1.0,0.14582225919711456,0.0,0.2271276370768239,0.0,0.20441872087229082,0.0,0.3114944540021631,0.0,-3.265081822509397e-05,3.95995589153042e-07,-0.01846291750480772,True,False,True,False,False,True
ETTh2,DynVAR-Lasso Weighted Ridge,5,3.0,0.03,2.0,1.0,0.14577318651916915,0.0,0.22706227684992064,0.0,0.20436285706032567,0.0,0.3114289849203307,0.0,-9.801104512835446e-05,-6.496423131410745e-05,-0.01852827773171098,True,True,True,False,False,True
ETTh2,DynVAR-Lasso Weighted Ridge,5,3.0,0.03,4.0,1.0,0.14564920578857946,0.0,0.2269408143296074,3.1031676915590914e-17,0.20426876388978593,0.0,0.3112939849310068,0.0,-0.000219473565441608,-0.000186426751627361,-0.018649740252024233,True,True,True,False,False,True
ETTh2,DynVAR-Lasso Weighted Ridge,5,3.0,0.1,0.5,1.0,0.145839959841966,0.0,0.22714842798760543,0.0,0.2044374181731245,3.1031676915590914e-17,0.3115185429107544,0.0,-1.1859907443567685e-05,2.1186906370679326e-05,-0.018442126594026192,True,False,True,False,False,True
ETTh2,DynVAR-Lasso Weighted Ridge,5,3.0,0.1,1.0,1.0,0.14582516197991305,0.0,0.2271318278294569,0.0,0.20442282076345902,3.1031676915590914e-17,0.3115004944795391,0.0,-2.846006559209524e-05,4.586748222151771e-06,-0.01845872675217472,True,False,True,False,False,True
ETTh2,DynVAR-Lasso Weighted Ridge,5,3.0,0.1,2.0,1.0,0.14578650490683162,0.0,0.2270881125067973,0.0,0.2043860570160883,3.1031676915590914e-17,0.3114588354238325,0.0,-7.217538825168845e-05,-3.9128574437441443e-05,-0.018502442074834313,True,True,True,False,False,True
ETTh2,DynVAR-Lasso Weighted Ridge,5,3.0,0.1,4.0,1.0,0.1457223024795744,0.0,0.22702388100000004,0.0,0.2043346850648144,3.1031676915590914e-17,0.31139146673577506,0.0,-0.0001364068950489572,-0.00010336008123471019,-0.018566673581631582,True,True,True,False,False,True
ETTh2,DynVAR-Lasso Weighted Ridge,5,3.0,0.3,0.5,1.0,0.1458429795414372,0.0,0.22715165355153483,0.0,0.20444037312543312,3.1031676915590914e-17,0.3115226773947761,0.0,-8.634343514168918e-06,2.4412470300078093e-05,-0.018438901030096794,True,False,True,False,False,True
ETTh2,DynVAR-Lasso Weighted Ridge,5,3.0,0.3,1.0,1.0,0.1458338210799128,0.0,0.22714194655817085,0.0,0.20443202741829086,3.1031676915590914e-17,0.311512349316965,0.0,-1.8341336878141545e-05,1.4705476936105466e-05,-0.018448608023460766,True,False,True,False,False,True
ETTh2,DynVAR-Lasso Weighted Ridge,5,3.0,0.3,2.0,1.0,0.14581691927940554,0.0,0.22712456993848598,3.1031676915590914e-17,0.20441754123230543,0.0,0.31149434748337923,0.0,-3.571795656301391e-05,-2.671142748766897e-06,-0.01846598464314564,True,True,True,False,False,True
ETTh2,DynVAR-Lasso Weighted Ridge,5,3.0,0.3,4.0,1.0,0.14579743819326563,0.0,0.22710590759216792,0.0,0.20440230456202818,3.1031676915590914e-17,0.3114693046392494,0.0,-5.4380302881074094e-05,-2.1333489066827083e-05,-0.0184846469894637,True,True,True,False,False,True
ETTh2,DynVAR-Lasso Weighted Ridge,5,3.0,0.6,0.5,1.0,0.14584700175892085,0.0,0.2271558477995884,0.0,0.20444409538788338,3.1031676915590914e-17,0.31152760932229817,0.0,-4.440095460606086e-06,2.8606718353640925e-05,-0.01843470678204323,True,False,True,False,False,True
ETTh2,DynVAR-Lasso Weighted Ridge,5,3.0,0.6,1.0,1.0,0.1458431957185085,0.0,0.22715197074865037,0.0,0.20444080284078386,0.0,0.3115233110393079,0.0,-8.317146398623132e-06,2.472966741562388e-05,-0.018438583832981248,True,False,True,False,False,True
ETTh2,DynVAR-Lasso Weighted Ridge,5,3.0,0.6,2.0,1.0,0.14583779324151613,0.0,0.22714665177497095,0.0,0.20443638257919985,0.0,0.3115169210983656,0.0,-1.3636120078042158e-05,1.9410693736204854e-05,-0.018443902806660667,True,False,True,False,False,True
ETTh2,DynVAR-Lasso Weighted Ridge,5,3.0,0.6,4.0,1.0,0.14583262691254126,0.0,0.2271419917988286,0.0,0.20443258486296284,0.0,0.3115090231495436,0.0,-1.8296096220393743e-05,1.4750717593853269e-05,-0.01844856278280302,True,False,True,False,False,True
ETTh2,DynVAR-Lasso Weighted Ridge,5,10.0,0.01,0.5,1.0,0.1463524533396385,0.0,0.2272171690834716,3.1031676915590914e-17,0.20483736319094564,3.1031676915590914e-17,0.3113644578011799,0.0,-3.432803159258979e-05,8.992800223683872e-05,-0.018373385498160033,True,False,True,False,False,True
ETTh2,DynVAR-Lasso Weighted Ridge,5,10.0,0.01,1.0,1.0,0.14632121505127701,0.0,0.2271760033444908,0.0,0.2048025509362576,0.0,0.311308715386639,0.0,-7.549377057336493e-05,4.876226325606359e-05,-0.018414551237140808,True,False,True,False,False,True
ETTh2,DynVAR-Lasso Weighted Ridge,5,10.0,0.01,2.0,1.0,0.14630099355279497,0.0,0.22715818942805638,0.0,0.2047923342462775,0.0,0.31116660077587394,0.0,-9.330768700779868e-05,3.0948346821629835e-05,-0.018432365153575242,True,False,True,False,False,True
ETTh2,DynVAR-Lasso Weighted Ridge,5,10.0,0.01,4.0,1.0,0.14627531730970136,0.0,0.22728591709559381,0.0,0.20493721078848443,0.0,0.3108925623572958,0.0,3.441998052963746e-05,0.00015867601435906598,-0.018304637486037806,False,False,True,False,False,True
ETTh2,DynVAR-Lasso Weighted Ridge,5,10.0,0.03,0.5,1.0,0.1463531395037488,0.0,0.22721807032671865,0.0,0.20483816080283934,0.0,0.31136571604923624,0.0,-3.342678834553081e-05,9.08292454838977e-05,-0.018372484254912974,True,False,True,False,False,True
ETTh2,DynVAR-Lasso Weighted Ridge,5,10.0,0.03,1.0,1.0,0.14632183173909222,0.0,0.22717790411797806,0.0,0.2048042815845741,0.0,0.3113130594952004,0.0,-7.359299708611933e-05,5.0663036743309187e-05,-0.018412650463653563,True,False,True,False,False,True
ETTh2,DynVAR-Lasso Weighted Ridge,5,10.0,0.03,2.0,1.0,0.1462712630386799,0.0,0.22712487724479186,0.0,0.20476439015901607,0.0,0.31118656244537396,0.0,-0.0001266198702723209,-2.3638364428923975e-06,-0.018465677336839764,True,True,True,False,False,True
ETTh2,DynVAR-Lasso Weighted Ridge,5,10.0,0.03,4.0,1.0,0.14616234092510239,0.0,0.22708655625745253,0.0,0.20475746292524888,0.0,0.310963123429999,0.0,-0.00016494085761165067,-4.068482378222216e-05,-0.018503998324179094,True,True,True,False,False,True
ETTh2,DynVAR-Lasso Weighted Ridge,5,10.0,0.1,0.5,1.0,0.14635556073021092,0.0,0.2272211721191139,3.1031676915590914e-17,0.2048408892860975,0.0,0.31136991221034555,0.0,-3.0324995950264944e-05,9.393103787916357e-05,-0.018369382462517708,True,False,True,False,False,True
ETTh2,DynVAR-Lasso Weighted Ridge,5,10.0,0.1,1.0,1.0,0.14632593531466231,0.0,0.2271856574798023,3.1031676915590914e-17,0.20481109654133606,0.0,0.31132643536285465,0.0,-6.583963526188286e-05,5.841639856754566e-05,-0.018404897101829326,True,False,True,False,False,True
ETTh2,DynVAR-Lasso Weighted Ridge,5,10.0,0.1,2.0,1.0,0.14626354352386908,0.0,0.22711986548361196,0.0,0.2047590781212954,0.0,0.31123666895936664,0.0,-0.000131631631452217,-7.375597622788499e-06,-0.01847068909801966,True,True,True,False,False,True
ETTh2,DynVAR-Lasso Weighted Ridge,5,10.0,0.1,4.0,1.0,0.14617077533362646,0.0,0.22704348094989327,0.0,0.20470489618580792,0.0,0.31110048024571124,0.0,-0.00020801616517091004,-8.376013134148153e-05,-0.018547073631738353,True,True,True,False,False,True
ETTh2,DynVAR-Lasso Weighted Ridge,5,10.0,0.3,0.5,1.0,0.1463622111421595,0.0,0.22722943615558117,0.0,0.20484807143445333,0.0,0.31138042679838146,0.0,-2.2060959483011233e-05,0.00010219507434641728,-0.018361118426050455,True,False,True,False,False,True
ETTh2,DynVAR-Lasso Weighted Ridge,5,10.0,0.3,1.0,1.0,0.14634203529760553,0.0,0.2272069739019998,0.0,0.2048293261955592,0.0,0.311354474006056,0.0,-4.452321306439022e-05,7.973282076503829e-05,-0.018383580679631834,True,False,True,False,False,True
ETTh2,DynVAR-Lasso Weighted Ridge,5,10.0,0.3,2.0,1.0,0.1463064629836597,0.0,0.22717075150979923,0.0,0.20480003161971308,0.0,0.3113111866458583,0.0,-8.074560526494245e-05,4.351042856448606e-05,-0.018419803071832386,True,False,True,False,False,True
ETTh2,DynVAR-Lasso Weighted Ridge,5,10.0,0.3,4.0,1.0,0.14626689455603012,0.0,0.2271348034649124,0.0,0.20477169956379085,0.0,0.3112534973792919,0.0,-0.0001166936501517668,7.56238367766171e-06,-0.01845575111671921,True,False,True,False,False,True
ETTh2,DynVAR-Lasso Weighted Ridge,5,10.0,0.6,0.5,1.0,0.1463712800312845,0.0,0.2272400654412779,0.0,0.2048571999621292,0.0,0.31139324801560975,0.0,-1.1431673786282959e-05,0.00011282436004314556,-0.018350489140353726,True,False,True,False,False,True
ETTh2,DynVAR-Lasso Weighted Ridge,5,10.0,0.6,1.0,1.0,0.1463623506743282,0.0,0.22723051251860035,0.0,0.2048492384207768,3.1031676915590914e-17,0.3113821168575862,0.0,-2.0984596463824445e-05,0.00010327143736560407,-0.018360042063031268,True,False,True,False,False,True
ETTh2,DynVAR-Lasso Weighted Ridge,5,10.0,0.6,2.0,1.0,0.14634964606280962,0.0,0.22721779875270937,3.1031676915590914e-17,0.20483883734901967,0.0,0.3113659416184043,0.0,-3.3698362354811495e-05,9.055767147461702e-05,-0.018372755828922255,True,False,True,False,False,True
ETTh2,DynVAR-Lasso Weighted Ridge,5,10.0,0.6,4.0,1.0,0.14633733504068383,0.0,0.22720690663937843,3.1031676915590914e-17,0.20483006333020928,0.0,0.31134651259282053,0.0,-4.459047568575181e-05,7.966555814367671e-05,-0.018383647942253195,True,False,True,False,False,True
ETTh2,DynVAR-Lasso Weighted Ridge,5,30.0,0.01,0.5,1.0,0.14768182751468154,0.0,0.22754827094505753,3.1031676915590914e-17,0.20588363666340875,0.0,0.31115106856212177,0.0,-3.5995433828234225e-05,0.0004210298638227805,-0.01804228363657409,True,False,True,False,False,True
ETTh2,DynVAR-Lasso Weighted Ridge,5,30.0,0.01,1.0,1.0,0.14767242641816025,0.0,0.22754843485358087,3.1031676915590914e-17,0.2058885954739628,0.0,0.3110645643945466,0.0,-3.583152530489686e-05,0.0004211937723461179,-0.018042119728050754,True,False,True,False,False,True
ETTh2,DynVAR-Lasso Weighted Ridge,5,30.0,0.01,2.0,1.0,0.14775458364639038,0.0,0.22773928386759143,0.0,0.2060697654838452,3.1031676915590914e-17,0.31088744230451504,0.0,0.00015501748870566656,0.0006120427863566813,-0.01785127071404019,False,False,True,False,False,True
ETTh2,DynVAR-Lasso Weighted Ridge,5,30.0,0.01,4.0,1.0,0.14795330600079307,0.0,0.22818997990933093,0.0,0.20651446357351272,0.0,0.3106185638014675,0.0,0.0006057135304451677,0.0010627388280961825,-0.01740057467230069,False,False,True,False,False,True
ETTh2,DynVAR-Lasso Weighted Ridge,5,30.0,0.03,0.5,1.0,0.14768216211368132,0.0,0.22754863876506642,0.0,0.2058838839330946,0.0,0.31115317785958346,0.0,-3.562761381933899e-05,0.00042139768383167575,-0.018041915816565196,True,False,True,False,False,True
ETTh2,DynVAR-Lasso Weighted Ridge,5,30.0,0.03,1.0,1.0,0.1476683542947501,0.0,0.22754306779962857,3.1031676915590914e-17,0.20588377032614957,0.0,0.3110706627737597,0.0,-4.119857925719006e-05,0.0004158267183938247,-0.018047486782003047,True,False,True,False,False,True
ETTh2,DynVAR-Lasso Weighted Ridge,5,30.0,0.03,2.0,1.0,0.147696773930068,0.0,0.22764846686579943,0.0,0.20599104799632065,0.0,0.3109071062878751,0.0,6.420048691366254e-05,0.0005212257845646773,-0.017942087715832195,False,False,True,False,False,True
ETTh2,DynVAR-Lasso Weighted Ridge,5,30.0,0.03,4.0,1.0,0.14776360533318167,0.0,0.22787026163286406,0.0,0.20622736146838944,3.1031676915590914e-17,0.3106683285747242,0.0,0.00028599525397829395,0.0007430205516293087,-0.017720292948767563,False,False,True,False,False,True
ETTh2,DynVAR-Lasso Weighted Ridge,5,30.0,0.1,0.5,1.0,0.1476836523160407,0.0,0.22755029263895307,0.0,0.20588506633800013,3.1031676915590914e-17,0.31116028279257557,0.0,-3.397373993269115e-05,0.0004230515577183236,-0.018040261942678548,True,False,True,False,False,True
ETTh2,DynVAR-Lasso Weighted Ridge,5,30.0,0.1,1.0,1.0,0.1476618944655904,0.0,0.22753327088808267,0.0,0.20587446508329427,3.1031676915590914e-17,0.31109013450304357,0.0,-5.099549080309074e-05,0.000406029806847924,-0.018057283693548948,True,False,True,False,False,True
ETTh2,DynVAR-Lasso Weighted Ridge,5,30.0,0.1,2.0,1.0,0.14763170628425867,0.0,0.22753612876913828,3.1031676915590914e-17,0.2058893444205308,3.1031676915590914e-17,0.3109631703966379,0.0,-4.813760974747838e-05,0.00040888768790353636,-0.018054425812493335,True,False,True,False,False,True
ETTh2,DynVAR-Lasso Weighted Ridge,5,30.0,0.1,4.0,1.0,0.14759507122924484,0.0,0.22756589585262046,0.0,0.20593926469845253,0.0,0.310792800603544,0.0,-1.8370526265298892e-05,0.00043865477138571585,-0.018024658729011156,True,False,True,False,False,True
ETTh2,DynVAR-Lasso Weighted Ridge,5,30.0,0.3,0.5,1.0,0.14768956665423577,0.0,0.22755691239375436,0.0,0.2058901205731356,0.0,0.31117854265434725,0.0,-2.735398513140086e-05,0.0004296713125196139,-0.018033642187877258,True,False,True,False,False,True
ETTh2,DynVAR-Lasso Weighted Ridge,5,30.0,0.3,1.0,1.0,0.14766688127036542,0.0,0.22753540742488484,0.0,0.20587396727773438,0.0,0.3111342340093916,0.0,-4.8858954000918775e-05,0.00040816634365009596,-0.018055147156746776,True,False,True,False,False,True
ETTh2,DynVAR-Lasso Weighted Ridge,5,30.0,0.3,2.0,1.0,0.14762805086946273,0.0,0.2275052774855507,0.0,0.20585310241962196,0.0,0.3110651749020338,0.0,-7.898889333507464e-05,0.0003780364043159401,-0.01808527709608093,True,False,True,False,False,True
ETTh2,DynVAR-Lasso Weighted Ridge,5,30.0,0.3,4.0,1.0,0.14758666671119702,0.0,0.2274794534495471,3.1031676915590914e-17,0.20583723231211729,0.0,0.3109803071670929,0.0,-0.00010481292933867126,0.0003522123683123435,-0.01811110113208453,True,False,True,False,False,True
ETTh2,DynVAR-Lasso Weighted Ridge,5,30.0,0.6,0.5,1.0,0.14770033558266568,0.0,0.22756869531127372,0.0,0.20589946920681462,0.0,0.31120161964381693,0.0,-1.557106761204685e-05,0.0004414542300389679,-0.018021859270357904,True,False,True,False,False,True
ETTh2,DynVAR-Lasso Weighted Ridge,5,30.0,0.6,1.0,1.0,0.1476877541825962,0.0,0.22755632269660597,0.0,0.20588969862504927,0.0,0.31118166287269183,0.0,-2.7943682279790716e-05,0.000429081615371224,-0.018034231885025648,True,False,True,False,False,True
ETTh2,DynVAR-Lasso Weighted Ridge,5,30.0,0.6,2.0,1.0,0.14766923715720537,0.0,0.22753993849224524,0.0,0.2058769737790233,3.1031676915590914e-17,0.3111537489514804,0.0,-4.4327886640521674e-05,0.00041269741101049306,-0.01805061608938638,True,False,True,False,False,True
ETTh2,DynVAR-Lasso Weighted Ridge,5,30.0,0.6,4.0,1.0,0.14765104674849394,0.0,0.2275259734391765,0.0,0.20586626140897252,3.1031676915590914e-17,0.31112183946294647,0.0,-5.8292939709270186e-05,0.00039873235794174455,-0.018064581142455127,True,False,True,False,False,True
ETTh2,DynVAR-Lasso Weighted Ridge,5,100.0,0.01,0.5,1.0,0.15172212519557163,0.0,0.2293245644358036,3.1031676915590914e-17,0.20943163832294695,0.0,0.31131142020449115,0.0,7.386812697088296e-05,0.0021973233545688475,-0.016265990145828024,False,False,True,False,False,True
ETTh2,DynVAR-Lasso Weighted Ridge,5,100.0,0.01,1.0,1.0,0.15180792893147396,0.0,0.22948881767765728,0.0,0.2095919890425341,0.0,0.3112337632480294,0.0,0.00023812136882456203,0.0023615765964225266,-0.016101736903974345,False,False,True,False,False,True
ETTh2,DynVAR-Lasso Weighted Ridge,5,100.0,0.01,2.0,1.0,0.1520503089539048,0.0,0.22995226593040444,0.0,0.21003364777738492,3.1031676915590914e-17,0.31111559401699335,0.0,0.0007015696215717238,0.0028250248491696883,-0.015638288651227183,False,False,True,False,False,True
ETTh2,DynVAR-Lasso Weighted Ridge,5,100.0,0.01,4.0,1.0,0.1523477804232822,0.0,0.2305533715372357,0.0,0.21058958293497523,0.0,0.31097567724066466,0.0,0.001302675228402994,0.0034261304560009587,-0.015037183044395913,False,False,True,False,False,True
ETTh2,DynVAR-Lasso Weighted Ridge,5,100.0,0.03,0.5,1.0,0.15171978517862927,0.0,0.22932069950728756,3.1031676915590914e-17,0.20942788066954282,0.0,0.3113135601523028,0.0,7.000319845484881e-05,0.0021934584260528134,-0.01626985507434406,False,False,True,False,False,True
ETTh2,DynVAR-Lasso Weighted Ridge,5,100.0,0.03,1.0,1.0,0.1517962517502452,0.0,0.22946821094428455,0.0,0.20957295037151433,0.0,0.3112387942257942,0.0,0.00021751463545183203,0.0023409698630497966,-0.016122343637347075,False,False,True,False,False,True
ETTh2,DynVAR-Lasso Weighted Ridge,5,100.0,0.03,2.0,1.0,0.15198922959890657,0.0,0.22984275544408672,0.0,0.20993574833367798,0.0,0.3111270134678883,0.0,0.0005920591352540083,0.002715514362851973,-0.0157477991375449,False,False,True,False,False,True
ETTh2,DynVAR-Lasso Weighted Ridge,5,100.0,0.03,4.0,1.0,0.15221497571423243,0.0,0.23028220804431218,0.0,0.2103597798160582,0.0,0.31100837543937704,0.0,0.0010315117354794678,0.0031549669630774324,-0.01530834653731944,False,False,True,False,False,True
ETTh2,DynVAR-Lasso Weighted Ridge,5,100.0,0.1,0.5,1.0,0.15171243019259206,0.0,0.2293086407875788,0.0,0.20941605383010037,0.0,0.3113208500991331,0.0,5.794447874607478e-05,0.0021813997063440393,-0.016281913794052832,False,False,True,False,False,True
ETTh2,DynVAR-Lasso Weighted Ridge,5,100.0,0.1,1.0,1.0,0.15176415516412403,0.0,0.22941188025550147,3.1031676915590914e-17,0.2095201188667966,3.1031676915590914e-17,0.31125539478250214,0.0,0.00016118394666875258,0.002284639174266717,-0.016178674326130155,False,False,True,False,False,True
ETTh2,DynVAR-Lasso Weighted Ridge,5,100.0,0.1,2.0,1.0,0.1518634140038339,0.0,0.22962199563871563,0.0,0.20973199255177982,0.0,0.3111623719959129,0.0,0.00037129932988291814,0.0024947545574808827,-0.01596855894291599,False,False,True,False,False,True
ETTh2,DynVAR-Lasso Weighted Ridge,5,100.0,0.1,4.0,1.0,0.1519853614641871,0.0,0.2298561744198659,0.0,0.20997130044626217,0.0,0.3110796088168799,0.0,0.0006054781110331753,0.00272893333863114,-0.015734380161765732,False,False,True,False,False,True
ETTh2,DynVAR-Lasso Weighted Ridge,5,100.0,0.3,0.5,1.0,0.1516977305149977,0.0,0.229283713526547,0.0,0.20939095577512618,3.1031676915590914e-17,0.3113401578415813,0.0,3.301721771428734e-05,0.002156472445312252,-0.01630684105508462,False,False,True,False,False,True
ETTh2,DynVAR-Lasso Weighted Ridge,5,100.0,0.3,1.0,1.0,0.1517143313821566,0.0,0.2293232096784265,3.1031676915590914e-17,0.20943382573466124,0.0,0.3112960201066803,0.0,7.251336959379628e-05,0.002195968597191761,-0.01626734490320511,False,False,True,False,False,True
ETTh2,DynVAR-Lasso Weighted Ridge,5,100.0,0.3,2.0,1.0,0.15173250508190428,0.0,0.2293801381064688,3.1031676915590914e-17,0.20949732437275922,0.0,0.3112382123099639,0.0,0.00012944179763607622,0.002252897025234041,-0.01621041647516283,False,False,True,False,False,True
ETTh2,DynVAR-Lasso Weighted Ridge,5,100.0,0.3,4.0,1.0,0.15174740803674167,0.0,0.2294337315178155,3.1031676915590914e-17,0.2095586373335801,3.1031676915590914e-17,0.31118673865529595,0.0,0.0001830352089827736,0.002306490436580738,-0.016156823063816134,False,False,True,False,False,True
ETTh2,DynVAR-Lasso Weighted Ridge,5,100.0,0.6,0.5,1.0,0.15168641083973325,0.0,0.22926271576081242,0.0,0.20936856445362134,3.1031676915590914e-17,0.311365717841638,0.0,1.2019451979705664e-05,0.0021354746795776702,-0.0163278388208192,False,False,True,False,False,True
ETTh2,DynVAR-Lasso Weighted Ridge,5,100.0,0.6,1.0,1.0,0.1516869568818667,0.0,0.22927047449593543,3.1031676915590914e-17,0.20937867811836472,0.0,0.3113444000277528,0.0,1.977818710272028e-05,0.002143233414700685,-0.016320080085696187,False,False,True,False,False,True
ETTh2,DynVAR-Lasso Weighted Ridge,5,100.0,0.6,2.0,1.0,0.151683240610094,0.0,0.22927684994643674,0.0,0.20938862404624356,0.0,0.3113177553963171,0.0,2.6153637604026114e-05,0.0021496088652019907,-0.01631370463519488,False,False,True,False,False,True
ETTh2,DynVAR-Lasso Weighted Ridge,5,100.0,0.6,4.0,1.0,0.15167514066948135,0.0,0.22928010771210613,0.0,0.2093952244061808,0.0,0.31129193783061637,0.0,2.941140327342162e-05,0.002152866630871386,-0.016310446869525486,False,False,True,False,False,True
ETTh2,STCG-v1 Weighted Ridge,5,0.1,0.01,0.5,1.0,0.14561124260600417,0.0,0.22712678995262,0.0,0.20425446593209012,0.0,0.3116012464590034,0.0,-4.5112861474239097e-07,-4.5112861474239097e-07,-0.018463764629011614,True,True,True,False,False,True
ETTh2,STCG-v1 Weighted Ridge,5,0.1,0.01,1.0,1.0,0.14561075173093677,0.0,0.2271264226387487,0.0,0.20425402688172506,0.0,0.31160027514588656,0.0,-8.184424860613326e-07,-8.184424860613326e-07,-0.018464131942882933,True,True,True,False,False,True
ETTh2,STCG-v1 Weighted Ridge,5,0.1,0.01,2.0,1.0,0.14560907036671583,0.0,0.22712496103677587,3.1031676915590914e-17,0.20425207291095893,0.0,0.3115961848442237,0.0,-2.2800444588744195e-06,-2.2800444588744195e-06,-0.018465593544855746,True,True,True,False,False,True
ETTh2,STCG-v1 Weighted Ridge,5,0.1,0.01,4.0,1.0,0.1455876067872839,0.0,0.22709934511012114,0.0,0.20422971200219403,3.1031676915590914e-17,0.3115765581952147,0.0,-2.78959711136062e-05,-2.78959711136062e-05,-0.018491209471510478,True,True,True,False,False,True
ETTh2,STCG-v1 Weighted Ridge,5,0.1,0.03,0.5,1.0,0.14561125157632232,0.0,0.22712679599613939,0.0,0.20425447379262024,3.1031676915590914e-17,0.31160126610866257,0.0,-4.45085095363007e-07,-4.45085095363007e-07,-0.018463758585492235,True,True,True,False,False,True
ETTh2,STCG-v1 Weighted Ridge,5,0.1,0.03,1.0,1.0,0.14561069935558313,0.0,0.22712631463486757,0.0,0.20425396562805714,3.1031676915590914e-17,0.311600362405292,0.0,-9.264463671776468e-07,-9.264463671776468e-07,-0.01846423994676405,True,True,True,False,False,True
ETTh2,STCG-v1 Weighted Ridge,5,0.1,0.03,2.0,1.0,0.1456081758684208,0.0,0.22712357470159264,0.0,0.20425132907032198,0.0,0.31159714941174316,0.0,-3.666379642108808e-06,-3.666379642108808e-06,-0.01846697988003898,True,True,True,False,False,True
ETTh2,STCG-v1 Weighted Ridge,5,0.1,0.03,4.0,1.0,0.14559734914445593,0.0,0.22711199549792802,0.0,0.20424149608794667,3.1031676915590914e-17,0.3115885073084917,0.0,-1.5245583306733312e-05,-1.5245583306733312e-05,-0.018478559083703605,True,True,True,False,False,True
ETTh2,STCG-v1 Weighted Ridge,5,0.1,0.1,0.5,1.0,0.14561128689507255,0.0,0.22712682418522795,0.0,0.20425450556522412,0.0,0.31160133092183906,0.0,-4.1689600679961636e-07,-4.1689600679961636e-07,-0.01846373039640367,True,True,True,False,False,True
ETTh2,STCG-v1 Weighted Ridge,5,0.1,0.1,1.0,1.0,0.14561072151288232,0.0,0.22712626571389408,3.1031676915590914e-17,0.20425398109070664,0.0,0.31160061564032654,0.0,-9.753673406720509e-07,-9.753673406720509e-07,-0.018464288867737544,True,True,True,False,False,True
ETTh2,STCG-v1 Weighted Ridge,5,0.1,0.1,2.0,1.0,0.14560889457657447,0.0,0.22712432718570447,0.0,0.2042522717884105,0.0,0.3115988043630127,0.0,-2.9138955302820957e-06,-2.9138955302820957e-06,-0.018466227395927154,True,True,True,False,False,True
ETTh2,STCG-v1 Weighted Ridge,5,0.1,0.1,4.0,1.0,0.14560533917843804,0.0,0.22712074359044682,3.1031676915590914e-17,0.20424926845591512,0.0,0.311595681274541,0.0,-6.49749078793227e-06,-6.49749078793227e-06,-0.018469810991184804,True,True,True,False,False,True
ETTh2,STCG-v1 Weighted Ridge,5,0.1,0.3,0.5,1.0,0.14561139747531265,0.0,0.22712692697777018,3.1031676915590914e-17,0.20425460654460065,0.0,0.3116014891111955,0.0,-3.141034645715024e-07,-3.141034645715024e-07,-0.018463627603861443,True,True,True,False,False,True
ETTh2,STCG-v1 Weighted Ridge,5,0.1,0.3,1.0,1.0,0.14561103611854131,0.0,0.2271265605708245,0.0,0.20425428310125784,0.0,0.3116010904872911,0.0,-6.805104102447501e-07,-6.805104102447501e-07,-0.018463994010807117,True,True,True,False,False,True
ETTh2,STCG-v1 Weighted Ridge,5,0.1,0.3,2.0,1.0,0.14561033231514517,0.0,0.22712585022298928,3.1031676915590914e-17,0.20425367754272067,0.0,0.31160037486585745,0.0,-1.390858245464699e-06,-1.390858245464699e-06,-0.018464704358642337,True,True,True,False,False,True
ETTh2,STCG-v1 Weighted Ridge,5,0.1,0.3,4.0,1.0,0.1456094821289556,0.0,0.2271250414857721,0.0,0.2042530038350437,0.0,0.3115993483174231,0.0,-2.199595462659687e-06,-2.199595462659687e-06,-0.01846551309585953,True,True,True,False,False,True
ETTh2,STCG-v1 Weighted Ridge,5,0.1,0.6,0.5,1.0,0.1456115500781625,0.0,0.22712707731929477,3.1031676915590914e-17,0.20425474412804662,0.0,0.3116016756259239,0.0,-1.637619399807999e-07,-1.637619399807999e-07,-0.018463477262336853,True,True,True,False,False,True
ETTh2,STCG-v1 Weighted Ridge,5,0.1,0.6,1.0,1.0,0.1456114029599751,0.0,0.22712693043967896,0.0,0.20425461750067825,3.1031676915590914e-17,0.3116015124264019,0.0,-3.106415557840858e-07,-3.106415557840858e-07,-0.018463624141952656,True,True,True,False,False,True
ETTh2,STCG-v1 Weighted Ridge,5,0.1,0.6,2.0,1.0,0.14561119017583013,0.0,0.22712672393749692,0.0,0.2042544437713832,0.0,0.3116012662600232,0.0,-5.17143737832626e-07,-5.17143737832626e-07,-0.018463830644134704,True,True,True,False,False,True
ETTh2,STCG-v1 Weighted Ridge,5,0.1,0.6,4.0,1.0,0.1456109841582718,0.0,0.22712653949060332,0.0,0.2042542920656279,0.0,0.31160095621430683,0.0,-7.01590631424498e-07,-7.01590631424498e-07,-0.018464015091028296,True,True,True,False,False,True
ETTh2,STCG-v1 Weighted Ridge,5,0.3,0.01,0.5,1.0,0.14562729141184497,0.0,0.22712803374361443,0.0,0.20426736358509795,0.0,0.3115948353060453,0.0,-1.3586995225300935e-06,7.926623796783439e-07,-0.018462520838017193,True,False,True,False,False,True
ETTh2,STCG-v1 Weighted Ridge,5,0.3,0.01,1.0,1.0,0.14562571918929043,0.0,0.22712671523220127,0.0,0.2042659004299865,0.0,0.3115919646490054,0.0,-2.677210935692065e-06,-5.258490334836274e-07,-0.018463839349430355,True,True,True,False,False,True
ETTh2,STCG-v1 Weighted Ridge,5,0.3,0.01,2.0,1.0,0.14561911817617298,0.0,0.22711853989795788,3.1031676915590914e-17,0.20425742068662064,0.0,0.31158019113729685,0.0,-1.0852545179074191e-05,-8.701183276865754e-06,-0.018472014683673738,True,True,True,False,False,True
ETTh2,STCG-v1 Weighted Ridge,5,0.3,0.01,4.0,1.0,0.14556612341042563,0.0,0.22705334250882148,0.0,0.2042016136927362,3.1031676915590914e-17,0.31153016112978743,0.0,-7.60499343154808e-05,-7.389857241327236e-05,-0.018537212072810144,True,True,True,False,False,True
ETTh2,STCG-v1 Weighted Ridge,5,0.3,0.03,0.5,1.0,0.1456273186859058,0.0,0.22712805390329832,3.1031676915590914e-17,0.20426738844564268,0.0,0.31159489359669673,0.0,-1.3385398386356329e-06,8.128220635728045e-07,-0.0184625006783333,True,False,True,False,False,True
ETTh2,STCG-v1 Weighted Ridge,5,0.3,0.03,1.0,1.0,0.14562561849885733,0.0,0.2271264821475895,0.0,0.2042657825851601,0.0,0.3115922213352691,0.0,-2.910295547470243e-06,-7.589336452618056e-07,-0.018464072434042134,True,True,True,False,False,True
ETTh2,STCG-v1 Weighted Ridge,5,0.3,0.03,2.0,1.0,0.14561793675270318,0.0,0.22711766423670104,3.1031676915590914e-17,0.2042575520736248,0.0,0.3115828988699276,0.0,-1.1728206435912547e-05,-9.57684453370411e-06,-0.018472890344930576,True,True,True,False,False,True
ETTh2,STCG-v1 Weighted Ridge,5,0.3,0.03,4.0,1.0,0.1455885694590154,0.0,0.227085655743709,0.0,0.20423068170918696,0.0,0.3115588040913731,0.0,-4.3736699427948666e-05,-4.158533752574023e-05,-0.018504898837922612,True,True,True,False,False,True
ETTh2,STCG-v1 Weighted Ridge,5,0.3,0.1,0.5,1.0,0.14562742480527968,0.0,0.22712814307917148,0.0,0.20426748646260676,0.0,0.3115950859240014,0.0,-1.24936396547759e-06,9.019979367308473e-07,-0.01846241150246014,True,False,True,False,False,True
ETTh2,STCG-v1 Weighted Ridge,5,0.3,0.1,1.0,1.0,0.1456257458371403,0.0,0.2271264455469606,0.0,0.20426590588631027,0.0,0.31159296783328244,0.0,-2.946896176359015e-06,-7.955342741505778e-07,-0.018464109034671022,True,True,True,False,False,True
ETTh2,STCG-v1 Weighted Ridge,5,0.3,0.1,2.0,1.0,0.14562040139868138,0.0,0.22712069872798465,0.0,0.20426086924154827,0.0,0.31158764821542534,0.0,-8.69371515230255e-06,-6.542353250094113e-06,-0.018469855853646966,True,True,True,False,False,True
ETTh2,STCG-v1 Weighted Ridge,5,0.3,0.1,4.0,1.0,0.1456101966656836,0.0,0.22711035248263473,0.0,0.20425224271377243,0.0,0.311578541054667,0.0,-1.903996050223178e-05,-1.688859860002334e-05,-0.018480202098996895,True,True,True,False,False,True
ETTh2,STCG-v1 Weighted Ridge,5,0.3,0.3,0.5,1.0,0.1456277572586523,0.0,0.22712845500028184,0.0,0.20426779047080318,3.1031676915590914e-17,0.31159555567129477,0.0,-9.374428551200964e-07,1.213919047088341e-06,-0.018462099581349783,True,False,True,False,False,True
ETTh2,STCG-v1 Weighted Ridge,5,0.3,0.3,1.0,1.0,0.14562668787411695,0.0,0.22712736362240657,0.0,0.2042668295638911,0.0,0.31159437281037766,0.0,-2.0288207303875705e-06,1.2254117182086688e-07,-0.01846319095922505,True,False,True,False,False,True
ETTh2,STCG-v1 Weighted Ridge,5,0.3,0.3,2.0,1.0,0.14562462184058653,0.0,0.22712526237421918,0.0,0.20426504219790093,3.1031676915590914e-17,0.311592254437557,0.0,-4.130068917779228e-06,-1.978707015570791e-06,-0.018465292207412443,True,True,True,False,False,True
ETTh2,STCG-v1 Weighted Ridge,5,0.3,0.3,4.0,1.0,0.14562213607440638,0.0,0.22712288231145958,0.0,0.20426306327662108,3.1031676915590914e-17,0.3115892238002966,0.0,-6.510131677378572e-06,-4.358769775170135e-06,-0.018467672270172042,True,True,True,False,False,True
ETTh2,STCG-v1 Weighted Ridge,5,0.3,0.6,0.5,1.0,0.14562821223653874,0.0,0.2271289045016816,0.0,0.2042682006154371,0.0,0.3115961100077715,0.0,-4.879414553515815e-07,1.6634204468568559e-06,-0.018461650079950015,True,False,True,False,False,True
ETTh2,STCG-v1 Weighted Ridge,5,0.3,0.6,1.0,1.0,0.14562777529445195,0.0,0.22712846776923104,0.0,0.2042678246219411,0.0,0.3115956251413886,0.0,-9.24673905916551e-07,1.2266879962918864e-06,-0.01846208681240058,True,False,True,False,False,True
ETTh2,STCG-v1 Weighted Ridge,5,0.3,0.6,2.0,1.0,0.14562714439159383,0.0,0.22712785502328342,0.0,0.2042673097089835,3.1031676915590914e-17,0.31159489463692613,0.0,-1.5374198535367256e-06,6.139420486717118e-07,-0.0184626995583482,True,False,True,False,False,True
ETTh2,STCG-v1 Weighted Ridge,5,0.3,0.6,4.0,1.0,0.14562653447935267,0.0,0.22712730863445435,0.0,0.20426686070283712,3.1031676915590914e-17,0.3115939759945727,0.0,-2.0838086826069357e-06,6.755321960150162e-08,-0.01846324594717727,True,False,True,False,False,True
ETTh2,STCG-v1 Weighted Ridge,5,1.0,0.01,0.5,1.0,0.14568294940593016,0.0,0.22713253414556908,0.0,0.20431204348485527,0.0,0.31157309539014366,0.0,-4.557143761213522e-06,5.293064334332964e-06,-0.01845802043606254,True,False,True,False,False,True
ETTh2,STCG-v1 Weighted Ridge,5,1.0,0.01,1.0,1.0,0.14567722180379405,0.0,0.22712659367380622,0.0,0.2043061775904777,0.0,0.3115639984430216,0.0,-1.0497615524074355e-05,-6.474074285278686e-07,-0.0184639609078254,True,True,True,False,False,True
ETTh2,STCG-v1 Weighted Ridge,5,1.0,0.01,2.0,1.0,0.14565328693126203,0.0,0.22709116474261032,0.0,0.2042737867596613,0.0,0.3115295476573536,0.0,-4.5926546719976535e-05,-3.607633862443005e-05,-0.018499389839021302,True,True,True,False,False,True
ETTh2,STCG-v1 Weighted Ridge,5,1.0,0.01,4.0,1.0,0.14554809614128617,0.0,0.22696797821754439,0.0,0.20417192598840866,3.1031676915590914e-17,0.3114159841947537,0.0,-0.00016911307178590906,-0.00015926286369036258,-0.018622576364087234,True,True,True,False,False,True
ETTh2,STCG-v1 Weighted Ridge,5,1.0,0.03,0.5,1.0,0.1456830493156166,0.0,0.22713261960783723,3.1031676915590914e-17,0.20431213747572455,0.0,0.3115732823912387,0.0,-4.471681493062318e-06,5.378526602484168e-06,-0.018457934973794388,True,False,True,False,False,True
ETTh2,STCG-v1 Weighted Ridge,5,1.0,0.03,1.0,1.0,0.14567717159921587,0.0,0.2271264636146218,3.1031676915590914e-17,0.20430624614173354,0.0,0.31156479938916015,0.0,-1.062767470849657e-05,-7.77466612950084e-07,-0.018464090967009822,True,True,True,False,False,True
ETTh2,STCG-v1 Weighted Ridge,5,1.0,0.03,2.0,1.0,0.1456536967828245,0.0,0.22709652605520286,0.0,0.20427957125625076,0.0,0.31153688181353395,0.0,-4.056523412743207e-05,-3.0715026031885584e-05,-0.018494028526428757,True,True,True,False,False,True
ETTh2,STCG-v1 Weighted Ridge,5,1.0,0.03,4.0,1.0,0.1455789196189659,0.0,0.22701614704954767,0.0,0.20421375747097376,0.0,0.31147142671503214,0.0,-0.00012094423978262214,-0.00011109403168707566,-0.018574407532083947,True,True,True,False,False,True
ETTh2,STCG-v1 Weighted Ridge,5,1.0,0.1,0.5,1.0,0.14568341890118125,0.0,0.2271329580185017,3.1031676915590914e-17,0.20431248703494126,0.0,0.3115739000357049,0.0,-4.133270828599045e-06,5.716937266947442e-06,-0.018457596563129924,True,False,True,False,False,True
ETTh2,STCG-v1 Weighted Ridge,5,1.0,0.1,1.0,1.0,0.14567791686510762,0.0,0.2271271758051326,0.0,0.2043072237606039,0.0,0.3115671447983965,0.0,-9.915484197708935e-06,-6.527610216244817e-08,-0.018463378776499034,True,True,True,False,False,True
ETTh2,STCG-v1 Weighted Ridge,5,1.0,0.1,2.0,1.0,0.1456616624743375,0.0,0.2271090947923266,0.0,0.2042916248703513,0.0,0.3115506177941563,0.0,-2.7996497003690557e-05,-1.814628890814407e-05,-0.018481459789305016,True,True,True,False,False,True
ETTh2,STCG-v1 Weighted Ridge,5,1.0,0.1,4.0,1.0,0.14563183922056952,0.0,0.2270788439557733,0.0,0.204266749204235,0.0,0.31152289613239803,0.0,-5.824733355699885e-05,-4.839712546145236e-05,-0.018511710625858324,True,True,True,False,False,True
ETTh2,STCG-v1 Weighted Ridge,5,1.0,0.3,0.5,1.0,0.14568450437456942,0.0,0.22713402619910736,0.0,0.20431350485492708,0.0,0.31157541224871876,0.0,-3.0650902229367727e-06,6.785117872609714e-06,-0.018456528382524262,True,False,True,False,False,True
ETTh2,STCG-v1 Weighted Ridge,5,1.0,0.3,1.0,1.0,0.14568108442159391,0.0,0.2271304858583511,0.0,0.20431041229445718,0.0,0.311571613431425,0.0,-6.6054309791896415e-06,3.244777116356845e-06,-0.018460068723280515,True,False,True,False,False,True
ETTh2,STCG-v1 Weighted Ridge,5,1.0,0.3,2.0,1.0,0.14567460563148144,0.0,0.22712381928729747,0.0,0.20430477904069724,0.0,0.311564864067993,0.0,-1.3272002032826968e-05,-3.4217939372804818e-06,-0.018466735294334152,True,True,True,False,False,True
ETTh2,STCG-v1 Weighted Ridge,5,1.0,0.3,4.0,1.0,0.1456669070269672,0.0,0.22711639034712636,0.0,0.20429863790531605,3.1031676915590914e-17,0.31155529052271463,0.0,-2.0700942203938366e-05,-1.085073410839188e-05,-0.018474164234505264,True,True,True,False,False,True
ETTh2,STCG-v1 Weighted Ridge,5,1.0,0.6,0.5,1.0,0.14568595954089925,0.0,0.22713550351870487,3.1031676915590914e-17,0.20431484062023095,0.0,0.3115772020284287,0.0,-1.5877706254219248e-06,8.262437470124562e-06,-0.018455051062926747,True,False,True,False,False,True
ETTh2,STCG-v1 Weighted Ridge,5,1.0,0.6,1.0,1.0,0.14568456881872469,0.0,0.22713409226091796,0.0,0.2043136308989554,0.0,0.31157563834135554,0.0,-2.9990284123315725e-06,6.851179683214914e-06,-0.018456462320713657,True,False,True,False,False,True
ETTh2,STCG-v1 Weighted Ridge,5,1.0,0.6,2.0,1.0,0.14568256919146935,0.0,0.2271321255217596,3.1031676915590914e-17,0.2043119840470508,3.1031676915590914e-17,0.3115732915830592,0.0,-4.9657675706971105e-06,4.884440524849376e-06,-0.018458429059872022,True,False,True,False,False,True
ETTh2,STCG-v1 Weighted Ridge,5,1.0,0.6,4.0,1.0,0.1456806481749592,0.0,0.22713038120023823,3.1031676915590914e-17,0.20431055449034888,0.0,0.3115703553891897,0.0,-6.7100890920601675e-06,3.140119003486319e-06,-0.018460173381393385,True,False,True,False,False,True
ETTh2,STCG-v1 Weighted Ridge,5,3.0,0.01,0.5,1.0,0.14583856548088864,0.0,0.22714694283896725,3.1031676915590914e-17,0.2044359988845797,3.1031676915590914e-17,0.3115163582074835,0.0,-1.3345056081748297e-05,1.9701757732498715e-05,-0.018443611742664373,True,False,True,False,False,True
ETTh2,STCG-v1 Weighted Ridge,5,3.0,0.01,1.0,1.0,0.14582162893256714,0.0,0.2271265047193179,3.1031676915590914e-17,0.20441752440367794,0.0,0.31149242444233527,0.0,-3.3783175731105786e-05,-7.363619168587743e-07,-0.01846404986231373,True,True,True,False,False,True
ETTh2,STCG-v1 Weighted Ridge,5,3.0,0.01,2.0,1.0,0.1457775324396976,0.0,0.22705654324654176,3.1031676915590914e-17,0.20435684969528317,0.0,0.31141489299324876,0.0,-0.00010374464850723686,-7.069783469298985e-05,-0.01853401133508986,True,True,True,False,False,True
ETTh2,STCG-v1 Weighted Ridge,5,3.0,0.01,4.0,1.0,0.14565526108682195,0.0,0.22695699343276782,3.1031676915590914e-17,0.2042849775787406,0.0,0.3112200573635995,0.0,-0.0002032944622811783,-0.0001702476484669313,-0.018633561148863803,True,True,True,False,False,True
ETTh2,STCG-v1 Weighted Ridge,5,3.0,0.03,0.5,1.0,0.14583887284879812,0.0,0.22714726842675487,0.0,0.20443631541078017,3.1031676915590914e-17,0.31151686488801644,0.0,-1.30194682941287e-05,2.002734552011831e-05,-0.018443286154876753,True,False,True,False,False,True
ETTh2,STCG-v1 Weighted Ridge,5,3.0,0.03,1.0,1.0,0.14582225919711456,0.0,0.2271276370768239,0.0,0.20441872087229082,0.0,0.3114944540021631,0.0,-3.265081822509397e-05,3.95995589153042e-07,-0.01846291750480772,True,False,True,False,False,True
ETTh2,STCG-v1 Weighted Ridge,5,3.0,0.03,2.0,1.0,0.14577318651916915,0.0,0.22706227684992064,0.0,0.20436285706032567,0.0,0.3114289849203307,0.0,-9.801104512835446e-05,-6.496423131410745e-05,-0.01852827773171098,True,True,True,False,False,True
ETTh2,STCG-v1 Weighted Ridge,5,3.0,0.03,4.0,1.0,0.14564920578857946,0.0,0.2269408143296074,3.1031676915590914e-17,0.20426876388978593,0.0,0.3112939849310068,0.0,-0.000219473565441608,-0.000186426751627361,-0.018649740252024233,True,True,True,False,False,True
ETTh2,STCG-v1 Weighted Ridge,5,3.0,0.1,0.5,1.0,0.145839959841966,0.0,0.22714842798760543,0.0,0.2044374181731245,3.1031676915590914e-17,0.3115185429107544,0.0,-1.1859907443567685e-05,2.1186906370679326e-05,-0.018442126594026192,True,False,True,False,False,True
ETTh2,STCG-v1 Weighted Ridge,5,3.0,0.1,1.0,1.0,0.14582516197991305,0.0,0.2271318278294569,0.0,0.20442282076345902,3.1031676915590914e-17,0.3115004944795391,0.0,-2.846006559209524e-05,4.586748222151771e-06,-0.01845872675217472,True,False,True,False,False,True
ETTh2,STCG-v1 Weighted Ridge,5,3.0,0.1,2.0,1.0,0.14578650490683162,0.0,0.2270881125067973,0.0,0.2043860570160883,3.1031676915590914e-17,0.3114588354238325,0.0,-7.217538825168845e-05,-3.9128574437441443e-05,-0.018502442074834313,True,True,True,False,False,True
ETTh2,STCG-v1 Weighted Ridge,5,3.0,0.1,4.0,1.0,0.1457223024795744,0.0,0.22702388100000004,0.0,0.2043346850648144,3.1031676915590914e-17,0.31139146673577506,0.0,-0.0001364068950489572,-0.00010336008123471019,-0.018566673581631582,True,True,True,False,False,True
ETTh2,STCG-v1 Weighted Ridge,5,3.0,0.3,0.5,1.0,0.1458429795414372,0.0,0.22715165355153483,0.0,0.20444037312543312,3.1031676915590914e-17,0.3115226773947761,0.0,-8.634343514168918e-06,2.4412470300078093e-05,-0.018438901030096794,True,False,True,False,False,True
ETTh2,STCG-v1 Weighted Ridge,5,3.0,0.3,1.0,1.0,0.1458338210799128,0.0,0.22714194655817085,0.0,0.20443202741829086,3.1031676915590914e-17,0.311512349316965,0.0,-1.8341336878141545e-05,1.4705476936105466e-05,-0.018448608023460766,True,False,True,False,False,True
ETTh2,STCG-v1 Weighted Ridge,5,3.0,0.3,2.0,1.0,0.14581691927940554,0.0,0.22712456993848598,3.1031676915590914e-17,0.20441754123230543,0.0,0.31149434748337923,0.0,-3.571795656301391e-05,-2.671142748766897e-06,-0.01846598464314564,True,True,True,False,False,True
ETTh2,STCG-v1 Weighted Ridge,5,3.0,0.3,4.0,1.0,0.14579743819326563,0.0,0.22710590759216792,0.0,0.20440230456202818,3.1031676915590914e-17,0.3114693046392494,0.0,-5.4380302881074094e-05,-2.1333489066827083e-05,-0.0184846469894637,True,True,True,False,False,True
ETTh2,STCG-v1 Weighted Ridge,5,3.0,0.6,0.5,1.0,0.14584700175892085,0.0,0.2271558477995884,0.0,0.20444409538788338,3.1031676915590914e-17,0.31152760932229817,0.0,-4.440095460606086e-06,2.8606718353640925e-05,-0.01843470678204323,True,False,True,False,False,True
ETTh2,STCG-v1 Weighted Ridge,5,3.0,0.6,1.0,1.0,0.1458431957185085,0.0,0.22715197074865037,0.0,0.20444080284078386,0.0,0.3115233110393079,0.0,-8.317146398623132e-06,2.472966741562388e-05,-0.018438583832981248,True,False,True,False,False,True
ETTh2,STCG-v1 Weighted Ridge,5,3.0,0.6,2.0,1.0,0.14583779324151613,0.0,0.22714665177497095,0.0,0.20443638257919985,0.0,0.3115169210983656,0.0,-1.3636120078042158e-05,1.9410693736204854e-05,-0.018443902806660667,True,False,True,False,False,True
ETTh2,STCG-v1 Weighted Ridge,5,3.0,0.6,4.0,1.0,0.14583262691254126,0.0,0.2271419917988286,0.0,0.20443258486296284,0.0,0.3115090231495436,0.0,-1.8296096220393743e-05,1.4750717593853269e-05,-0.01844856278280302,True,False,True,False,False,True
ETTh2,STCG-v1 Weighted Ridge,5,10.0,0.01,0.5,1.0,0.1463524533396385,0.0,0.2272171690834716,3.1031676915590914e-17,0.20483736319094564,3.1031676915590914e-17,0.3113644578011799,0.0,-3.432803159258979e-05,8.992800223683872e-05,-0.018373385498160033,True,False,True,False,False,True
ETTh2,STCG-v1 Weighted Ridge,5,10.0,0.01,1.0,1.0,0.14632121505127701,0.0,0.2271760033444908,0.0,0.2048025509362576,0.0,0.311308715386639,0.0,-7.549377057336493e-05,4.876226325606359e-05,-0.018414551237140808,True,False,True,False,False,True
ETTh2,STCG-v1 Weighted Ridge,5,10.0,0.01,2.0,1.0,0.14630099355279497,0.0,0.22715818942805638,0.0,0.2047923342462775,0.0,0.31116660077587394,0.0,-9.330768700779868e-05,3.0948346821629835e-05,-0.018432365153575242,True,False,True,False,False,True
ETTh2,STCG-v1 Weighted Ridge,5,10.0,0.01,4.0,1.0,0.14627531730970136,0.0,0.22728591709559381,0.0,0.20493721078848443,0.0,0.3108925623572958,0.0,3.441998052963746e-05,0.00015867601435906598,-0.018304637486037806,False,False,True,False,False,True
ETTh2,STCG-v1 Weighted Ridge,5,10.0,0.03,0.5,1.0,0.1463531395037488,0.0,0.22721807032671865,0.0,0.20483816080283934,0.0,0.31136571604923624,0.0,-3.342678834553081e-05,9.08292454838977e-05,-0.018372484254912974,True,False,True,False,False,True
ETTh2,STCG-v1 Weighted Ridge,5,10.0,0.03,1.0,1.0,0.14632183173909222,0.0,0.22717790411797806,0.0,0.2048042815845741,0.0,0.3113130594952004,0.0,-7.359299708611933e-05,5.0663036743309187e-05,-0.018412650463653563,True,False,True,False,False,True
ETTh2,STCG-v1 Weighted Ridge,5,10.0,0.03,2.0,1.0,0.1462712630386799,0.0,0.22712487724479186,0.0,0.20476439015901607,0.0,0.31118656244537396,0.0,-0.0001266198702723209,-2.3638364428923975e-06,-0.018465677336839764,True,True,True,False,False,True
ETTh2,STCG-v1 Weighted Ridge,5,10.0,0.03,4.0,1.0,0.14616234092510239,0.0,0.22708655625745253,0.0,0.20475746292524888,0.0,0.310963123429999,0.0,-0.00016494085761165067,-4.068482378222216e-05,-0.018503998324179094,True,True,True,False,False,True
ETTh2,STCG-v1 Weighted Ridge,5,10.0,0.1,0.5,1.0,0.14635556073021092,0.0,0.2272211721191139,3.1031676915590914e-17,0.2048408892860975,0.0,0.31136991221034555,0.0,-3.0324995950264944e-05,9.393103787916357e-05,-0.018369382462517708,True,False,True,False,False,True
ETTh2,STCG-v1 Weighted Ridge,5,10.0,0.1,1.0,1.0,0.14632593531466231,0.0,0.2271856574798023,3.1031676915590914e-17,0.20481109654133606,0.0,0.31132643536285465,0.0,-6.583963526188286e-05,5.841639856754566e-05,-0.018404897101829326,True,False,True,False,False,True
ETTh2,STCG-v1 Weighted Ridge,5,10.0,0.1,2.0,1.0,0.14626354352386908,0.0,0.22711986548361196,0.0,0.2047590781212954,0.0,0.31123666895936664,0.0,-0.000131631631452217,-7.375597622788499e-06,-0.01847068909801966,True,True,True,False,False,True
ETTh2,STCG-v1 Weighted Ridge,5,10.0,0.1,4.0,1.0,0.14617077533362646,0.0,0.22704348094989327,0.0,0.20470489618580792,0.0,0.31110048024571124,0.0,-0.00020801616517091004,-8.376013134148153e-05,-0.018547073631738353,True,True,True,False,False,True
ETTh2,STCG-v1 Weighted Ridge,5,10.0,0.3,0.5,1.0,0.1463622111421595,0.0,0.22722943615558117,0.0,0.20484807143445333,0.0,0.31138042679838146,0.0,-2.2060959483011233e-05,0.00010219507434641728,-0.018361118426050455,True,False,True,False,False,True
ETTh2,STCG-v1 Weighted Ridge,5,10.0,0.3,1.0,1.0,0.14634203529760553,0.0,0.2272069739019998,0.0,0.2048293261955592,0.0,0.311354474006056,0.0,-4.452321306439022e-05,7.973282076503829e-05,-0.018383580679631834,True,False,True,False,False,True
ETTh2,STCG-v1 Weighted Ridge,5,10.0,0.3,2.0,1.0,0.1463064629836597,0.0,0.22717075150979923,0.0,0.20480003161971308,0.0,0.3113111866458583,0.0,-8.074560526494245e-05,4.351042856448606e-05,-0.018419803071832386,True,False,True,False,False,True
ETTh2,STCG-v1 Weighted Ridge,5,10.0,0.3,4.0,1.0,0.14626689455603012,0.0,0.2271348034649124,0.0,0.20477169956379085,0.0,0.3112534973792919,0.0,-0.0001166936501517668,7.56238367766171e-06,-0.01845575111671921,True,False,True,False,False,True
ETTh2,STCG-v1 Weighted Ridge,5,10.0,0.6,0.5,1.0,0.1463712800312845,0.0,0.2272400654412779,0.0,0.2048571999621292,0.0,0.31139324801560975,0.0,-1.1431673786282959e-05,0.00011282436004314556,-0.018350489140353726,True,False,True,False,False,True
ETTh2,STCG-v1 Weighted Ridge,5,10.0,0.6,1.0,1.0,0.1463623506743282,0.0,0.22723051251860035,0.0,0.2048492384207768,3.1031676915590914e-17,0.3113821168575862,0.0,-2.0984596463824445e-05,0.00010327143736560407,-0.018360042063031268,True,False,True,False,False,True
ETTh2,STCG-v1 Weighted Ridge,5,10.0,0.6,2.0,1.0,0.14634964606280962,0.0,0.22721779875270937,3.1031676915590914e-17,0.20483883734901967,0.0,0.3113659416184043,0.0,-3.3698362354811495e-05,9.055767147461702e-05,-0.018372755828922255,True,False,True,False,False,True
ETTh2,STCG-v1 Weighted Ridge,5,10.0,0.6,4.0,1.0,0.14633733504068383,0.0,0.22720690663937843,3.1031676915590914e-17,0.20483006333020928,0.0,0.31134651259282053,0.0,-4.459047568575181e-05,7.966555814367671e-05,-0.018383647942253195,True,False,True,False,False,True
ETTh2,STCG-v1 Weighted Ridge,5,30.0,0.01,0.5,1.0,0.14768182751468154,0.0,0.22754827094505753,3.1031676915590914e-17,0.20588363666340875,0.0,0.31115106856212177,0.0,-3.5995433828234225e-05,0.0004210298638227805,-0.01804228363657409,True,False,True,False,False,True
ETTh2,STCG-v1 Weighted Ridge,5,30.0,0.01,1.0,1.0,0.14767242641816025,0.0,0.22754843485358087,3.1031676915590914e-17,0.2058885954739628,0.0,0.3110645643945466,0.0,-3.583152530489686e-05,0.0004211937723461179,-0.018042119728050754,True,False,True,False,False,True
ETTh2,STCG-v1 Weighted Ridge,5,30.0,0.01,2.0,1.0,0.14775458364639038,0.0,0.22773928386759143,0.0,0.2060697654838452,3.1031676915590914e-17,0.31088744230451504,0.0,0.00015501748870566656,0.0006120427863566813,-0.01785127071404019,False,False,True,False,False,True
ETTh2,STCG-v1 Weighted Ridge,5,30.0,0.01,4.0,1.0,0.14795330600079307,0.0,0.22818997990933093,0.0,0.20651446357351272,0.0,0.3106185638014675,0.0,0.0006057135304451677,0.0010627388280961825,-0.01740057467230069,False,False,True,False,False,True
ETTh2,STCG-v1 Weighted Ridge,5,30.0,0.03,0.5,1.0,0.14768216211368132,0.0,0.22754863876506642,0.0,0.2058838839330946,0.0,0.31115317785958346,0.0,-3.562761381933899e-05,0.00042139768383167575,-0.018041915816565196,True,False,True,False,False,True
ETTh2,STCG-v1 Weighted Ridge,5,30.0,0.03,1.0,1.0,0.1476683542947501,0.0,0.22754306779962857,3.1031676915590914e-17,0.20588377032614957,0.0,0.3110706627737597,0.0,-4.119857925719006e-05,0.0004158267183938247,-0.018047486782003047,True,False,True,False,False,True
ETTh2,STCG-v1 Weighted Ridge,5,30.0,0.03,2.0,1.0,0.147696773930068,0.0,0.22764846686579943,0.0,0.20599104799632065,0.0,0.3109071062878751,0.0,6.420048691366254e-05,0.0005212257845646773,-0.017942087715832195,False,False,True,False,False,True
ETTh2,STCG-v1 Weighted Ridge,5,30.0,0.03,4.0,1.0,0.14776360533318167,0.0,0.22787026163286406,0.0,0.20622736146838944,3.1031676915590914e-17,0.3106683285747242,0.0,0.00028599525397829395,0.0007430205516293087,-0.017720292948767563,False,False,True,False,False,True
ETTh2,STCG-v1 Weighted Ridge,5,30.0,0.1,0.5,1.0,0.1476836523160407,0.0,0.22755029263895307,0.0,0.20588506633800013,3.1031676915590914e-17,0.31116028279257557,0.0,-3.397373993269115e-05,0.0004230515577183236,-0.018040261942678548,True,False,True,False,False,True
ETTh2,STCG-v1 Weighted Ridge,5,30.0,0.1,1.0,1.0,0.1476618944655904,0.0,0.22753327088808267,0.0,0.20587446508329427,3.1031676915590914e-17,0.31109013450304357,0.0,-5.099549080309074e-05,0.000406029806847924,-0.018057283693548948,True,False,True,False,False,True
ETTh2,STCG-v1 Weighted Ridge,5,30.0,0.1,2.0,1.0,0.14763170628425867,0.0,0.22753612876913828,3.1031676915590914e-17,0.2058893444205308,3.1031676915590914e-17,0.3109631703966379,0.0,-4.813760974747838e-05,0.00040888768790353636,-0.018054425812493335,True,False,True,False,False,True
ETTh2,STCG-v1 Weighted Ridge,5,30.0,0.1,4.0,1.0,0.14759507122924484,0.0,0.22756589585262046,0.0,0.20593926469845253,0.0,0.310792800603544,0.0,-1.8370526265298892e-05,0.00043865477138571585,-0.018024658729011156,True,False,True,False,False,True
ETTh2,STCG-v1 Weighted Ridge,5,30.0,0.3,0.5,1.0,0.14768956665423577,0.0,0.22755691239375436,0.0,0.2058901205731356,0.0,0.31117854265434725,0.0,-2.735398513140086e-05,0.0004296713125196139,-0.018033642187877258,True,False,True,False,False,True
ETTh2,STCG-v1 Weighted Ridge,5,30.0,0.3,1.0,1.0,0.14766688127036542,0.0,0.22753540742488484,0.0,0.20587396727773438,0.0,0.3111342340093916,0.0,-4.8858954000918775e-05,0.00040816634365009596,-0.018055147156746776,True,False,True,False,False,True
ETTh2,STCG-v1 Weighted Ridge,5,30.0,0.3,2.0,1.0,0.14762805086946273,0.0,0.2275052774855507,0.0,0.20585310241962196,0.0,0.3110651749020338,0.0,-7.898889333507464e-05,0.0003780364043159401,-0.01808527709608093,True,False,True,False,False,True
ETTh2,STCG-v1 Weighted Ridge,5,30.0,0.3,4.0,1.0,0.14758666671119702,0.0,0.2274794534495471,3.1031676915590914e-17,0.20583723231211729,0.0,0.3109803071670929,0.0,-0.00010481292933867126,0.0003522123683123435,-0.01811110113208453,True,False,True,False,False,True
ETTh2,STCG-v1 Weighted Ridge,5,30.0,0.6,0.5,1.0,0.14770033558266568,0.0,0.22756869531127372,0.0,0.20589946920681462,0.0,0.31120161964381693,0.0,-1.557106761204685e-05,0.0004414542300389679,-0.018021859270357904,True,False,True,False,False,True
ETTh2,STCG-v1 Weighted Ridge,5,30.0,0.6,1.0,1.0,0.1476877541825962,0.0,0.22755632269660597,0.0,0.20588969862504927,0.0,0.31118166287269183,0.0,-2.7943682279790716e-05,0.000429081615371224,-0.018034231885025648,True,False,True,False,False,True
ETTh2,STCG-v1 Weighted Ridge,5,30.0,0.6,2.0,1.0,0.14766923715720537,0.0,0.22753993849224524,0.0,0.2058769737790233,3.1031676915590914e-17,0.3111537489514804,0.0,-4.4327886640521674e-05,0.00041269741101049306,-0.01805061608938638,True,False,True,False,False,True
ETTh2,STCG-v1 Weighted Ridge,5,30.0,0.6,4.0,1.0,0.14765104674849394,0.0,0.2275259734391765,0.0,0.20586626140897252,3.1031676915590914e-17,0.31112183946294647,0.0,-5.8292939709270186e-05,0.00039873235794174455,-0.018064581142455127,True,False,True,False,False,True
ETTh2,STCG-v1 Weighted Ridge,5,100.0,0.01,0.5,1.0,0.15172212519557163,0.0,0.2293245644358036,3.1031676915590914e-17,0.20943163832294695,0.0,0.31131142020449115,0.0,7.386812697088296e-05,0.0021973233545688475,-0.016265990145828024,False,False,True,False,False,True
ETTh2,STCG-v1 Weighted Ridge,5,100.0,0.01,1.0,1.0,0.15180792893147396,0.0,0.22948881767765728,0.0,0.2095919890425341,0.0,0.3112337632480294,0.0,0.00023812136882456203,0.0023615765964225266,-0.016101736903974345,False,False,True,False,False,True
ETTh2,STCG-v1 Weighted Ridge,5,100.0,0.01,2.0,1.0,0.1520503089539048,0.0,0.22995226593040444,0.0,0.21003364777738492,3.1031676915590914e-17,0.31111559401699335,0.0,0.0007015696215717238,0.0028250248491696883,-0.015638288651227183,False,False,True,False,False,True
ETTh2,STCG-v1 Weighted Ridge,5,100.0,0.01,4.0,1.0,0.1523477804232822,0.0,0.2305533715372357,0.0,0.21058958293497523,0.0,0.31097567724066466,0.0,0.001302675228402994,0.0034261304560009587,-0.015037183044395913,False,False,True,False,False,True
ETTh2,STCG-v1 Weighted Ridge,5,100.0,0.03,0.5,1.0,0.15171978517862927,0.0,0.22932069950728756,3.1031676915590914e-17,0.20942788066954282,0.0,0.3113135601523028,0.0,7.000319845484881e-05,0.0021934584260528134,-0.01626985507434406,False,False,True,False,False,True
ETTh2,STCG-v1 Weighted Ridge,5,100.0,0.03,1.0,1.0,0.1517962517502452,0.0,0.22946821094428455,0.0,0.20957295037151433,0.0,0.3112387942257942,0.0,0.00021751463545183203,0.0023409698630497966,-0.016122343637347075,False,False,True,False,False,True
ETTh2,STCG-v1 Weighted Ridge,5,100.0,0.03,2.0,1.0,0.15198922959890657,0.0,0.22984275544408672,0.0,0.20993574833367798,0.0,0.3111270134678883,0.0,0.0005920591352540083,0.002715514362851973,-0.0157477991375449,False,False,True,False,False,True
ETTh2,STCG-v1 Weighted Ridge,5,100.0,0.03,4.0,1.0,0.15221497571423243,0.0,0.23028220804431218,0.0,0.2103597798160582,0.0,0.31100837543937704,0.0,0.0010315117354794678,0.0031549669630774324,-0.01530834653731944,False,False,True,False,False,True
ETTh2,STCG-v1 Weighted Ridge,5,100.0,0.1,0.5,1.0,0.15171243019259206,0.0,0.2293086407875788,0.0,0.20941605383010037,0.0,0.3113208500991331,0.0,5.794447874607478e-05,0.0021813997063440393,-0.016281913794052832,False,False,True,False,False,True
ETTh2,STCG-v1 Weighted Ridge,5,100.0,0.1,1.0,1.0,0.15176415516412403,0.0,0.22941188025550147,3.1031676915590914e-17,0.2095201188667966,3.1031676915590914e-17,0.31125539478250214,0.0,0.00016118394666875258,0.002284639174266717,-0.016178674326130155,False,False,True,False,False,True
ETTh2,STCG-v1 Weighted Ridge,5,100.0,0.1,2.0,1.0,0.1518634140038339,0.0,0.22962199563871563,0.0,0.20973199255177982,0.0,0.3111623719959129,0.0,0.00037129932988291814,0.0024947545574808827,-0.01596855894291599,False,False,True,False,False,True
ETTh2,STCG-v1 Weighted Ridge,5,100.0,0.1,4.0,1.0,0.1519853614641871,0.0,0.2298561744198659,0.0,0.20997130044626217,0.0,0.3110796088168799,0.0,0.0006054781110331753,0.00272893333863114,-0.015734380161765732,False,False,True,False,False,True
ETTh2,STCG-v1 Weighted Ridge,5,100.0,0.3,0.5,1.0,0.1516977305149977,0.0,0.229283713526547,0.0,0.20939095577512618,3.1031676915590914e-17,0.3113401578415813,0.0,3.301721771428734e-05,0.002156472445312252,-0.01630684105508462,False,False,True,False,False,True
ETTh2,STCG-v1 Weighted Ridge,5,100.0,0.3,1.0,1.0,0.1517143313821566,0.0,0.2293232096784265,3.1031676915590914e-17,0.20943382573466124,0.0,0.3112960201066803,0.0,7.251336959379628e-05,0.002195968597191761,-0.01626734490320511,False,False,True,False,False,True
ETTh2,STCG-v1 Weighted Ridge,5,100.0,0.3,2.0,1.0,0.15173250508190428,0.0,0.2293801381064688,3.1031676915590914e-17,0.20949732437275922,0.0,0.3112382123099639,0.0,0.00012944179763607622,0.002252897025234041,-0.01621041647516283,False,False,True,False,False,True
ETTh2,STCG-v1 Weighted Ridge,5,100.0,0.3,4.0,1.0,0.15174740803674167,0.0,0.2294337315178155,3.1031676915590914e-17,0.2095586373335801,3.1031676915590914e-17,0.31118673865529595,0.0,0.0001830352089827736,0.002306490436580738,-0.016156823063816134,False,False,True,False,False,True
ETTh2,STCG-v1 Weighted Ridge,5,100.0,0.6,0.5,1.0,0.15168641083973325,0.0,0.22926271576081242,0.0,0.20936856445362134,3.1031676915590914e-17,0.311365717841638,0.0,1.2019451979705664e-05,0.0021354746795776702,-0.0163278388208192,False,False,True,False,False,True
ETTh2,STCG-v1 Weighted Ridge,5,100.0,0.6,1.0,1.0,0.1516869568818667,0.0,0.22927047449593543,3.1031676915590914e-17,0.20937867811836472,0.0,0.3113444000277528,0.0,1.977818710272028e-05,0.002143233414700685,-0.016320080085696187,False,False,True,False,False,True
ETTh2,STCG-v1 Weighted Ridge,5,100.0,0.6,2.0,1.0,0.151683240610094,0.0,0.22927684994643674,0.0,0.20938862404624356,0.0,0.3113177553963171,0.0,2.6153637604026114e-05,0.0021496088652019907,-0.01631370463519488,False,False,True,False,False,True
ETTh2,STCG-v1 Weighted Ridge,5,100.0,0.6,4.0,1.0,0.15167514066948135,0.0,0.22928010771210613,0.0,0.2093952244061808,0.0,0.31129193783061637,0.0,2.941140327342162e-05,0.002152866630871386,-0.016310446869525486,False,False,True,False,False,True
ETTm1,Persistence,5,nan,,,,0.1442393720254471,0.0,0.25320494839471686,0.0,0.2379529633907925,0.0,0.29301161840344286,0.0,nan,0.010769898555965024,0.0,False,False,False,False,False,False
ETTm1,Dense Ridge,5,0.1,,,,0.14208532047379657,0.0,0.2424359237902835,3.1031676915590914e-17,0.22746797053658555,0.0,0.28945412216306543,0.0,0.0,8.739515316713575e-07,-0.010769024604433353,False,False,True,False,False,True
ETTm1,Dense Ridge,5,0.3,,,,0.14208541167938635,0.0,0.2424358280263627,0.0,0.22746759649826295,0.0,0.28945321102493177,0.0,0.0,7.781876108781116e-07,-0.010769120368354146,False,False,True,False,False,True
ETTm1,Dense Ridge,5,1.0,,,,0.14208589916438036,0.0,0.24243553628427664,0.0,0.22746642229776387,0.0,0.2894500978938867,0.0,0.0,4.864455248054789e-07,-0.010769412110440219,False,False,True,False,False,True
ETTm1,Dense Ridge,5,3.0,,,,0.1420883431611281,0.0,0.24243504983875183,0.0,0.2274641392252434,3.1031676915590914e-17,0.2894418169884083,0.0,0.0,0.0,-0.010769898555965024,False,False,True,False,False,True
ETTm1,Dense Ridge,5,10.0,,,,0.14210762136567018,0.0,0.24243660975722986,0.0,0.22746600920635482,0.0,0.2894188349881883,0.0,0.0,1.559918478027944e-06,-0.010768338637486996,False,False,True,False,False,True
ETTm1,Dense Ridge,5,30.0,,,,0.14221052410877605,0.0,0.24245758687487268,3.1031676915590914e-17,0.22751764660753543,0.0,0.2893870188716759,0.0,0.0,2.2537036120845455e-05,-0.010747361519844179,False,False,True,False,False,True
ETTm1,Dense Ridge,5,100.0,,,,0.14269262865767351,0.0,0.24260090161920736,0.0,0.22783178686363362,0.0,0.2894620836781114,0.0,0.0,0.00016585178045552817,-0.010604046775509496,False,False,True,False,False,True
ETTm1,DynVAR-Lasso Weighted Ridge,5,0.1,0.01,0.5,1.0,0.1420852857305935,0.0,0.2424359271324478,0.0,0.22746796642171713,0.0,0.2894540433385002,0.0,3.342164295316863e-09,8.772936959666744e-07,-0.010769021262269057,False,False,True,False,False,True
ETTm1,DynVAR-Lasso Weighted Ridge,5,0.1,0.01,1.0,1.0,0.14208523255394695,0.0,0.2424359560037972,0.0,0.22746797804115254,3.1031676915590914e-17,0.2894539403879198,0.0,3.2213513689871576e-08,9.061650453612291e-07,-0.010768992390919663,False,False,True,False,False,True
ETTm1,DynVAR-Lasso Weighted Ridge,5,0.1,0.01,2.0,1.0,0.142085011648381,0.0,0.24243621696429765,3.1031676915590914e-17,0.22746813618193698,0.0,0.28945363116104195,0.0,2.931740141487449e-07,1.1671255458201024e-06,-0.010768731430419204,False,False,True,False,False,True
ETTm1,DynVAR-Lasso Weighted Ridge,5,0.1,0.01,4.0,1.0,0.1420840182701439,0.0,0.24243648186931338,0.0,0.22746807022273843,0.0,0.2894522795414864,0.0,5.580790298775895e-07,1.432030561548947e-06,-0.010768466525403475,False,False,True,False,False,True
ETTm1,DynVAR-Lasso Weighted Ridge,5,0.1,0.03,0.5,1.0,0.1420852867994152,0.0,0.24243592653175164,0.0,0.2274679661736747,0.0,0.28945404541739556,0.0,2.7414681358362003e-09,8.766929998071937e-07,-0.010769021862965217,False,False,True,False,False,True
ETTm1,DynVAR-Lasso Weighted Ridge,5,0.1,0.03,1.0,1.0,0.14208523580465707,0.0,0.24243594735066426,3.1031676915590914e-17,0.22746797210962172,0.0,0.28945394666015606,0.0,2.3560380757459143e-08,8.975119124288167e-07,-0.010769001044052595,False,False,True,False,False,True
ETTm1,DynVAR-Lasso Weighted Ridge,5,0.1,0.03,2.0,1.0,0.14208503778781437,0.0,0.24243603217705972,0.0,0.2274679974840006,0.0,0.28945366020681834,0.0,1.0838677622082571e-07,9.823383078921832e-07,-0.010768916217657132,False,False,True,False,False,True
ETTm1,DynVAR-Lasso Weighted Ridge,5,0.1,0.03,4.0,1.0,0.1420845623202347,0.0,0.24243593990747261,3.1031676915590914e-17,0.22746780039052344,0.0,0.2894525716180082,0.0,1.611718911109783e-08,8.900687207824554e-07,-0.010769008487244242,False,False,True,False,False,True
ETTm1,DynVAR-Lasso Weighted Ridge,5,0.1,0.1,0.5,1.0,0.1420852903970258,0.0,0.24243592491662463,3.1031676915590914e-17,0.22746796564738053,0.0,0.28945405248966655,0.0,1.126341131474362e-09,8.750778728028319e-07,-0.010769023478092221,False,False,True,False,False,True
ETTm1,DynVAR-Lasso Weighted Ridge,5,0.1,0.1,1.0,1.0,0.14208524884718698,0.0,0.2424359313031999,3.1031676915590914e-17,0.22746796238781908,0.0,0.28945396721031014,0.0,7.51291640010976e-09,8.814644480714673e-07,-0.010769017091516953,False,False,True,False,False,True
ETTm1,DynVAR-Lasso Weighted Ridge,5,0.1,0.1,2.0,1.0,0.14208513914835982,0.0,0.2424359251534221,0.0,0.2274679346579997,0.0,0.289453745116789,0.0,1.3631386019952174e-09,8.753146702733527e-07,-0.01076902324129475,False,False,True,False,False,True
ETTm1,DynVAR-Lasso Weighted Ridge,5,0.1,0.1,4.0,1.0,0.14208494581601297,0.0,0.24243584624363032,0.0,0.227467839737374,3.1031676915590914e-17,0.28945313830878155,0.0,-7.754665318215892e-08,7.964048784891986e-07,-0.010769102151086535,True,False,True,False,False,True
ETTm1,DynVAR-Lasso Weighted Ridge,5,0.1,0.3,0.5,1.0,0.14208529938950298,0.0,0.2424359227953818,3.1031676915590914e-17,0.22746796578489697,3.1031676915590914e-17,0.2894540711035143,0.0,-9.949017165666874e-10,8.729566299547908e-07,-0.01076902559933507,True,False,True,False,False,True
ETTm1,DynVAR-Lasso Weighted Ridge,5,0.1,0.3,1.0,1.0,0.1420852768236574,0.0,0.24243592022460064,0.0,0.2274679594890427,0.0,0.28945401616824185,0.0,-3.565682860084962e-09,8.703858488112726e-07,-0.010769028170116213,True,False,True,False,False,True
ETTm1,DynVAR-Lasso Weighted Ridge,5,0.1,0.3,2.0,1.0,0.14208523715188984,0.0,0.24243590753525748,0.0,0.2274679424206772,0.0,0.2894539024303167,0.0,-1.6255026019651453e-08,8.576965056517061e-07,-0.010769040859459372,True,False,True,False,False,True
ETTm1,DynVAR-Lasso Weighted Ridge,5,0.1,0.3,4.0,1.0,0.14208518623274738,0.0,0.24243588247691128,0.0,0.2274679166002554,0.0,0.2894537112109419,0.0,-4.13133722232395e-08,8.32638159448118e-07,-0.010769065917805576,True,False,True,False,False,True
ETTm1,DynVAR-Lasso Weighted Ridge,5,0.1,0.6,0.5,1.0,0.1420853099794759,0.0,0.24243592252445656,0.0,0.22746796761084281,0.0,0.2894540953006656,0.0,-1.265826943264159e-09,8.726857047280934e-07,-0.010769025870260296,True,False,True,False,False,True
ETTm1,DynVAR-Lasso Weighted Ridge,5,0.1,0.6,1.0,1.0,0.14208530129575422,0.0,0.24243592028315586,0.0,0.22746796432499566,3.1031676915590914e-17,0.2894540707718641,0.0,-3.507127643853636e-09,8.704444040275039e-07,-0.010769028111560996,True,False,True,False,False,True
ETTm1,DynVAR-Lasso Weighted Ridge,5,0.1,0.6,2.0,1.0,0.14208528933098521,0.0,0.2424359152885907,3.1031676915590914e-17,0.2274679585652039,0.0,0.2894540303597054,0.0,-8.501692794204985e-09,8.654498388771525e-07,-0.010769033106126147,True,False,True,False,False,True
ETTm1,DynVAR-Lasso Weighted Ridge,5,0.1,0.6,4.0,1.0,0.14208527829163042,0.0,0.24243590909052298,0.0,0.22746795243445428,0.0,0.2894539821307726,0.0,-1.4699760519931715e-08,8.592517711514258e-07,-0.010769039304193873,True,False,True,False,False,True
ETTm1,DynVAR-Lasso Weighted Ridge,5,0.3,0.01,0.5,1.0,0.1420853092716808,0.0,0.2424358400981122,0.0,0.22746758621567514,3.1031676915590914e-17,0.2894529787720126,0.0,1.207174948891776e-08,7.902593603670294e-07,-0.010769108296604657,False,False,True,False,False,True
ETTm1,DynVAR-Lasso Weighted Ridge,5,0.3,0.01,1.0,1.0,0.1420851598873753,0.0,0.2424359322883654,0.0,0.22746762700120496,0.0,0.289452677230838,0.0,1.0426200269808561e-07,8.824496135761972e-07,-0.010769016106351448,False,False,True,False,False,True
ETTm1,DynVAR-Lasso Weighted Ridge,5,0.3,0.01,2.0,1.0,0.1420846624585485,0.0,0.24243678052785816,0.0,0.22746817392997737,0.0,0.2894517843685474,0.0,9.525014954547828e-07,1.7306891063328944e-06,-0.010768167866858691,False,False,True,False,False,True
ETTm1,DynVAR-Lasso Weighted Ridge,5,0.3,0.01,4.0,1.0,0.1420831554460848,0.0,0.2424386707613953,0.0,0.22746918915790917,0.0,0.28944813292166044,0.0,2.8427350325932466e-06,3.620922643471358e-06,-0.010766277633321553,False,False,True,False,False,True
ETTm1,DynVAR-Lasso Weighted Ridge,5,0.3,0.03,0.5,1.0,0.1420853123993968,0.0,0.2424358382128124,0.0,0.22746758538449768,0.0,0.2894529848815704,0.0,1.0186449683757814e-08,7.883740605618694e-07,-0.010769110181904462,False,False,True,False,False,True
ETTm1,DynVAR-Lasso Weighted Ridge,5,0.3,0.03,1.0,1.0,0.14208516831387308,0.0,0.2424359057085655,3.1031676915590914e-17,0.2274676085094353,0.0,0.2894526955350789,0.0,7.768220278148164e-08,8.558698136595932e-07,-0.010769042686151364,False,False,True,False,False,True
ETTm1,DynVAR-Lasso Weighted Ridge,5,0.3,0.03,2.0,1.0,0.1420846437149898,0.0,0.24243620328902998,0.0,0.22746773158354244,0.0,0.28945186717667243,0.0,3.752626672737236e-07,1.1534502781518352e-06,-0.010768745105686872,False,False,True,False,False,True
ETTm1,DynVAR-Lasso Weighted Ridge,5,0.3,0.03,4.0,1.0,0.14208358471746085,0.0,0.24243622727156486,3.1031676915590914e-17,0.22746746199714146,3.1031676915590914e-17,0.28944886829573135,0.0,3.9924520214840165e-07,1.1774328130265133e-06,-0.010768721123151997,False,False,True,False,False,True
ETTm1,DynVAR-Lasso Weighted Ridge,5,0.3,0.1,0.5,1.0,0.14208532301755292,0.0,0.24243583310161915,3.1031676915590914e-17,0.22746758352924581,0.0,0.2894530056725733,0.0,5.075256437336861e-09,7.832628673154485e-07,-0.010769115293097709,False,False,True,False,False,True
ETTm1,DynVAR-Lasso Weighted Ridge,5,0.3,0.1,1.0,1.0,0.142085203573627,0.0,0.24243585583704524,0.0,0.22746757745592067,0.0,0.2894527555690187,0.0,2.7810682534656905e-08,8.059982934127685e-07,-0.010769092557671611,False,False,True,False,False,True
ETTm1,DynVAR-Lasso Weighted Ridge,5,0.3,0.1,2.0,1.0,0.14208489550057327,0.0,0.24243585368654624,0.0,0.22746751139849702,0.0,0.2894521106289271,0.0,2.5660183533560144e-08,8.038477944116718e-07,-0.010769094708170612,False,False,True,False,False,True
ETTm1,DynVAR-Lasso Weighted Ridge,5,0.3,0.1,4.0,1.0,0.14208436528589344,0.0,0.24243566353119977,0.0,0.22746727278051612,0.0,0.28945039131544453,0.0,-1.6449516293537414e-07,6.136924479427375e-07,-0.010769284863517081,True,False,True,False,False,True
ETTm1,DynVAR-Lasso Weighted Ridge,5,0.3,0.3,0.5,1.0,0.14208534961135602,0.0,0.24243582614620657,0.0,0.22746758333595296,0.0,0.2894530604418419,0.0,-1.8801561418868573e-09,7.763074547362248e-07,-0.010769122248510288,True,False,True,False,False,True
ETTm1,DynVAR-Lasso Weighted Ridge,5,0.3,0.3,1.0,1.0,0.14208528335665632,0.0,0.24243581997990543,0.0,0.22746756599552292,3.1031676915590914e-17,0.28945289895954723,0.0,-8.046457278254593e-09,7.70141153599857e-07,-0.010769128414811424,True,False,True,False,False,True
ETTm1,DynVAR-Lasso Weighted Ridge,5,0.3,0.3,2.0,1.0,0.14208516876728725,0.0,0.24243578549301298,3.1031676915590914e-17,0.22746751831663764,0.0,0.28945256629858124,0.0,-4.25333497311442e-08,7.356542611469674e-07,-0.010769162901703877,True,False,True,False,False,True
ETTm1,DynVAR-Lasso Weighted Ridge,5,0.3,0.3,4.0,1.0,0.14208502142772905,0.0,0.24243571568874897,0.0,0.2274674458008467,3.1031676915590914e-17,0.28945201174399265,0.0,-1.1233761373907747e-07,6.658499971390341e-07,-0.010769232705967885,True,False,True,False,False,True
ETTm1,DynVAR-Lasso Weighted Ridge,5,0.3,0.6,0.5,1.0,0.14208538076634564,0.0,0.24243582473681938,0.0,0.2274675882168442,0.0,0.2894531317414081,0.0,-3.2895433321744605e-09,7.748980675459372e-07,-0.010769123657897478,True,False,True,False,False,True
ETTm1,DynVAR-Lasso Weighted Ridge,5,0.3,0.6,1.0,1.0,0.14208535530070754,0.0,0.24243581849220286,0.0,0.22746757882290874,3.1031676915590914e-17,0.2894530594564692,0.0,-9.534159850499435e-09,7.686534510276122e-07,-0.010769129902513996,True,False,True,False,False,True
ETTm1,DynVAR-Lasso Weighted Ridge,5,0.3,0.6,2.0,1.0,0.14208532031746257,0.0,0.2424358042478847,0.0,0.22746756223861292,3.1031676915590914e-17,0.2894529405907038,0.0,-2.377847801993127e-08,7.544091328581803e-07,-0.010769144146832166,True,False,True,False,False,True
ETTm1,DynVAR-Lasso Weighted Ridge,5,0.3,0.6,4.0,1.0,0.14208528828906505,0.0,0.24243578643124505,3.1031676915590914e-17,0.22746754454031687,0.0,0.2894527991604026,0.0,-4.159511765577939e-08,7.365924932223322e-07,-0.010769161963471802,True,False,True,False,False,True
ETTm1,DynVAR-Lasso Weighted Ridge,5,1.0,0.01,0.5,1.0,0.14208558723913595,0.0,0.24243559937165937,0.0,0.22746641103835205,0.0,0.2894493711191832,0.0,6.308738273452796e-08,5.495329075400068e-07,-0.010769349023057484,False,False,True,False,False,True
ETTm1,DynVAR-Lasso Weighted Ridge,5,1.0,0.01,1.0,1.0,0.1420851791017276,0.0,0.24243596738468448,0.0,0.22746661125247894,0.0,0.28944844718465473,0.0,4.3110040784388737e-07,9.175459326493662e-07,-0.010768981010032375,False,False,True,False,False,True
ETTm1,DynVAR-Lasso Weighted Ridge,5,1.0,0.01,2.0,1.0,0.1420847366422771,0.0,0.24243941427152388,3.1031676915590914e-17,0.22746911279209078,0.0,0.28944584732230194,0.0,3.877987247241643e-06,4.364432772047122e-06,-0.010765534123192977,False,False,True,False,False,True
ETTm1,DynVAR-Lasso Weighted Ridge,5,1.0,0.01,4.0,1.0,0.14208657516674178,0.0,0.24245156612896696,3.1031676915590914e-17,0.22747882887396126,0.0,0.2894375114234198,0.0,1.602984469031843e-05,1.6516290215123908e-05,-0.0107533822657499,False,False,True,False,False,True
ETTm1,DynVAR-Lasso Weighted Ridge,5,1.0,0.03,0.5,1.0,0.14208559613958757,0.0,0.2424355921652665,0.0,0.22746640730477105,0.0,0.2894493900629012,0.0,5.588098986319956e-08,5.423265146686784e-07,-0.010769356229450355,False,False,True,False,False,True
ETTm1,DynVAR-Lasso Weighted Ridge,5,1.0,0.03,1.0,1.0,0.14208519223173852,0.0,0.24243587207955875,0.0,0.22746654214161777,0.0,0.28944850253862875,0.0,3.3579528210814225e-07,8.222408069136211e-07,-0.01076907631515811,False,False,True,False,False,True
ETTm1,DynVAR-Lasso Weighted Ridge,5,1.0,0.03,2.0,1.0,0.14208416205642818,0.0,0.24243728825101826,0.0,0.22746741016436678,0.0,0.289446077355008,0.0,1.751966741625477e-06,2.238412266430956e-06,-0.010767660143698593,False,False,True,False,False,True
ETTm1,DynVAR-Lasso Weighted Ridge,5,1.0,0.03,4.0,1.0,0.14208303480520046,0.0,0.2424396807488353,0.0,0.22746893582282485,3.1031676915590914e-17,0.28943871230225215,0.0,4.144464558653027e-06,4.630910083458506e-06,-0.010765267645881565,False,False,True,False,False,True
ETTm1,DynVAR-Lasso Weighted Ridge,5,1.0,0.1,0.5,1.0,0.14208562702192318,0.0,0.24243557217877845,0.0,0.22746639805879915,3.1031676915590914e-17,0.28944945460240246,0.0,3.58945018152923e-08,5.223400266207712e-07,-0.010769376215938403,False,False,True,False,False,True
ETTm1,DynVAR-Lasso Weighted Ridge,5,1.0,0.1,1.0,1.0,0.1420852782609257,0.0,0.24243568716380368,3.1031676915590914e-17,0.22746641833876374,0.0,0.2894486847672326,0.0,1.5087952703884966e-07,6.373250518443285e-07,-0.01076926123091318,False,False,True,False,False,True
ETTm1,DynVAR-Lasso Weighted Ridge,5,1.0,0.1,2.0,1.0,0.14208447828746054,0.0,0.24243584991890793,0.0,0.22746637580235568,3.1031676915590914e-17,0.289446768034111,0.0,3.136346312937466e-07,8.000801560992254e-07,-0.010769098475808925,False,False,True,False,False,True
ETTm1,DynVAR-Lasso Weighted Ridge,5,1.0,0.1,4.0,1.0,0.14208322551520036,0.0,0.24243567143129457,0.0,0.22746602793305729,0.0,0.2894420876561398,0.0,1.3514701793782002e-07,6.215925427432989e-07,-0.01076927696342228,False,False,True,False,False,True
ETTm1,DynVAR-Lasso Weighted Ridge,5,1.0,0.3,0.5,1.0,0.1420857068190347,0.0,0.2424355424067896,3.1031676915590914e-17,0.227466390676426,0.0,0.2894496251517752,0.0,6.122512968831373e-09,4.925680377743102e-07,-0.01076940598792725,False,False,True,False,False,True
ETTm1,DynVAR-Lasso Weighted Ridge,5,1.0,0.3,1.0,1.0,0.14208550640887285,0.0,0.24243553900372655,0.0,0.22746635001937215,3.1031676915590914e-17,0.2894491240340788,0.0,2.719449915256078e-09,4.891649747207349e-07,-0.010769409390990303,False,False,True,False,False,True
ETTm1,DynVAR-Lasso Weighted Ridge,5,1.0,0.3,2.0,1.0,0.1420851654489352,0.0,0.24243546317902326,0.0,0.22746622955109236,0.0,0.28944810982376196,0.0,-7.310525337866913e-08,4.1334027142680974e-07,-0.010769485215693597,True,False,True,False,False,True
ETTm1,DynVAR-Lasso Weighted Ridge,5,1.0,0.3,4.0,1.0,0.142084737240779,0.0,0.24243528834910316,3.1031676915590914e-17,0.22746604101755055,0.0,0.2894464690456381,0.0,-2.479351734752111e-07,2.3851035133026777e-07,-0.010769660045613694,True,False,True,False,False,True
ETTm1,DynVAR-Lasso Weighted Ridge,5,1.0,0.6,0.5,1.0,0.14208580254244976,0.0,0.24243553103231727,0.0,0.22746640026915427,0.0,0.28944984830455966,0.0,-5.251959367402748e-09,4.811935654380761e-07,-0.010769417362399586,True,False,True,False,False,True
ETTm1,DynVAR-Lasso Weighted Ridge,5,1.0,0.6,1.0,1.0,0.1420857233392399,0.0,0.24243551558373336,3.1031676915590914e-17,0.22746637414539092,0.0,0.2894496219740246,0.0,-2.0700543279517092e-08,4.657449815259618e-07,-0.010769432810983498,True,False,True,False,False,True
ETTm1,DynVAR-Lasso Weighted Ridge,5,1.0,0.6,2.0,1.0,0.1420856144670657,0.0,0.24243547634600424,0.0,0.22746632661020802,0.0,0.28944925228089813,0.0,-5.993827240091676e-08,4.265072524045621e-07,-0.01076947204871262,True,False,True,False,False,True
ETTm1,DynVAR-Lasso Weighted Ridge,5,1.0,0.6,4.0,1.0,0.14208551547073228,0.0,0.2424354255899716,0.0,0.22746627531785935,0.0,0.289448817082256,0.0,-1.1069430502774757e-07,3.757512197777313e-07,-0.010769522804745246,True,False,True,False,False,True
ETTm1,DynVAR-Lasso Weighted Ridge,5,3.0,0.01,0.5,1.0,0.14208762332993485,0.0,0.24243541158641174,3.1031676915590914e-17,0.2274642787924746,3.1031676915590914e-17,0.28943999993380426,0.0,3.6174765991048297e-07,3.6174765991048297e-07,-0.010769536808305114,False,False,True,False,False,True
ETTm1,DynVAR-Lasso Weighted Ridge,5,3.0,0.01,1.0,1.0,0.1420870567305274,0.0,0.24243693973563024,0.0,0.2274653239654954,3.1031676915590914e-17,0.2894378310698113,0.0,1.8898968784097914e-06,1.8898968784097914e-06,-0.010768008659086614,False,False,True,False,False,True
ETTm1,DynVAR-Lasso Weighted Ridge,5,3.0,0.01,2.0,1.0,0.14209021582439102,0.0,0.24244999565662956,3.1031676915590914e-17,0.22747581524465882,3.1031676915590914e-17,0.2894326217205759,0.0,1.4945817877726197e-05,1.4945817877726197e-05,-0.010754952738087298,False,False,True,False,False,True
ETTm1,DynVAR-Lasso Weighted Ridge,5,3.0,0.01,4.0,1.0,0.14210942842838112,0.0,0.24249503133155562,0.0,0.22751443925873543,0.0,0.2894269450327548,0.0,5.998149280378451e-05,5.998149280378451e-05,-0.01070991706316124,False,False,True,False,False,True
ETTm1,DynVAR-Lasso Weighted Ridge,5,3.0,0.03,0.5,1.0,0.14208764063526555,0.0,0.24243538317018903,3.1031676915590914e-17,0.22746426052502727,0.0,0.2894400460081685,0.0,3.3333143720226666e-07,3.3333143720226666e-07,-0.010769565224527822,False,False,True,False,False,True
ETTm1,DynVAR-Lasso Weighted Ridge,5,3.0,0.03,1.0,1.0,0.14208701098123044,0.0,0.24243660882537524,0.0,0.22746506728401283,0.0,0.2894379557784352,0.0,1.5589866234066996e-06,1.5589866234066996e-06,-0.010768339569341617,False,False,True,False,False,True
ETTm1,DynVAR-Lasso Weighted Ridge,5,3.0,0.03,2.0,1.0,0.14208707537017307,0.0,0.24244311279037287,0.0,0.22747006676742715,3.1031676915590914e-17,0.28943300994071547,0.0,8.062951621035097e-06,8.062951621035097e-06,-0.010761835604343989,False,False,True,False,False,True
ETTm1,DynVAR-Lasso Weighted Ridge,5,3.0,0.03,4.0,1.0,0.1420911591178561,0.0,0.24245795327743508,3.1031676915590914e-17,0.22748237307925745,0.0,0.28942521593174186,0.0,2.290343868324718e-05,2.290343868324718e-05,-0.010746995117281777,False,False,True,False,False,True
ETTm1,DynVAR-Lasso Weighted Ridge,5,3.0,0.1,0.5,1.0,0.14208770218890646,0.0,0.24243530138737407,0.0,0.22746421022039537,3.1031676915590914e-17,0.2894402035196187,0.0,2.5154862223764063e-07,2.5154862223764063e-07,-0.010769647007342786,False,False,True,False,False,True
ETTm1,DynVAR-Lasso Weighted Ridge,5,3.0,0.1,1.0,1.0,0.14208704275355075,0.0,0.24243592685486873,3.1031676915590914e-17,0.227464559216481,0.0,0.28943837117106347,0.0,8.770161168958346e-07,8.770161168958346e-07,-0.010769021539848128,False,False,True,False,False,True
ETTm1,DynVAR-Lasso Weighted Ridge,5,3.0,0.1,2.0,1.0,0.14208595183804607,0.0,0.24243748060835477,3.1031676915590914e-17,0.2274655306091214,3.1031676915590914e-17,0.2894342709045423,0.0,2.430769602934646e-06,2.430769602934646e-06,-0.01076746778636209,False,False,True,False,False,True
ETTm1,DynVAR-Lasso Weighted Ridge,5,3.0,0.1,4.0,1.0,0.14208468320198364,0.0,0.24243938578512952,3.1031676915590914e-17,0.2274668401554349,0.0,0.2894267209809297,0.0,4.335946377692634e-06,4.335946377692634e-06,-0.010765562609587331,False,False,True,False,False,True
ETTm1,DynVAR-Lasso Weighted Ridge,5,3.0,0.3,0.5,1.0,0.14208787418417199,0.0,0.2424351628353862,3.1031676915590914e-17,0.22746413785206748,0.0,0.28944062369904683,0.0,1.1299663435493379e-07,1.1299663435493379e-07,-0.010769785559330669,False,False,True,False,False,True
ETTm1,DynVAR-Lasso Weighted Ridge,5,3.0,0.3,1.0,1.0,0.14208742782412362,0.0,0.24243527955394129,0.0,0.22746414236751558,0.0,0.2894394013951424,0.0,2.2971518945369418e-07,2.2971518945369418e-07,-0.01076966884077557,False,False,True,False,False,True
ETTm1,DynVAR-Lasso Weighted Ridge,5,3.0,0.3,2.0,1.0,0.1420867242711991,0.0,0.24243532970302928,0.0,0.22746405247936524,0.0,0.28943705436242884,0.0,2.7986427744708386e-07,2.7986427744708386e-07,-0.010769618691687577,False,False,True,False,False,True
ETTm1,DynVAR-Lasso Weighted Ridge,5,3.0,0.3,4.0,1.0,0.1420858966163488,0.0,0.24243519933904797,3.1031676915590914e-17,0.2274638477150192,0.0,0.28943358401193053,0.0,1.4950029614269056e-07,1.4950029614269056e-07,-0.010769749055668881,False,False,True,False,False,True
ETTm1,DynVAR-Lasso Weighted Ridge,5,3.0,0.6,0.5,1.0,0.14208810254316873,0.0,0.24243507806300463,3.1031676915590914e-17,0.22746411605026914,0.0,0.28944118186032175,0.0,2.822425279602747e-08,2.822425279602747e-08,-0.010769870331712228,False,False,True,False,False,True
ETTm1,DynVAR-Lasso Weighted Ridge,5,3.0,0.6,1.0,1.0,0.14208790942112348,0.0,0.24243507249820745,3.1031676915590914e-17,0.22746407707085964,0.0,0.28944061496481177,0.0,2.2659455617413116e-08,2.2659455617413116e-08,-0.010769875896509407,False,False,True,False,False,True
ETTm1,DynVAR-Lasso Weighted Ridge,5,3.0,0.6,2.0,1.0,0.1420876525167914,0.0,0.24243501664313402,3.1031676915590914e-17,0.22746399251253333,0.0,0.28943970699098076,0.0,-3.319561781012226e-08,-3.319561781012226e-08,-0.010769931751582834,True,True,True,False,False,True
ETTm1,DynVAR-Lasso Weighted Ridge,5,3.0,0.6,4.0,1.0,0.14208742665222787,0.0,0.2424349283696799,0.0,0.22746389567793823,0.0,0.2894386717412237,0.0,-1.2146907193977263e-07,-1.2146907193977263e-07,-0.010770020025036964,True,True,True,False,False,True
ETTm1,DynVAR-Lasso Weighted Ridge,5,10.0,0.01,0.5,1.0,0.14210696189903652,0.0,0.24243917720069003,3.1031676915590914e-17,0.2274678348437678,0.0,0.2894157713423105,0.0,2.567443460166352e-06,4.127361938194296e-06,-0.01076577119402683,False,False,True,False,False,True
ETTm1,DynVAR-Lasso Weighted Ridge,5,10.0,0.01,1.0,1.0,0.1421087211911397,0.0,0.24244689139087985,3.1031676915590914e-17,0.2274740252130365,0.0,0.28941307601195687,0.0,1.028163364999446e-05,1.1841552128022403e-05,-0.010758057003837002,False,False,True,False,False,True
ETTm1,DynVAR-Lasso Weighted Ridge,5,10.0,0.01,2.0,1.0,0.14213058494034528,0.0,0.2424924580384577,0.0,0.2275126022464836,0.0,0.28941161264568716,0.0,5.58482812278438e-05,5.740819970587174e-05,-0.010712490356259152,False,False,True,False,False,True
ETTm1,DynVAR-Lasso Weighted Ridge,5,10.0,0.01,4.0,1.0,0.14218851354825165,0.0,0.24261072555363844,0.0,0.22761653499316686,3.1031676915590914e-17,0.2894517579724618,0.0,0.00017411579640858044,0.00017567571488660838,-0.010594222841078416,False,False,True,False,False,True
ETTm1,DynVAR-Lasso Weighted Ridge,5,10.0,0.03,0.5,1.0,0.1421069451236252,0.0,0.24243903267087602,0.0,0.22746772269307108,3.1031676915590914e-17,0.28941583953809863,0.0,2.4229136461606515e-06,3.9828321241885956e-06,-0.010765915723840835,False,False,True,False,False,True
ETTm1,DynVAR-Lasso Weighted Ridge,5,10.0,0.03,1.0,1.0,0.14210817284375707,0.0,0.2424455691381057,0.0,0.22747292819737294,0.0,0.2894131946962918,0.0,8.9593808758337e-06,1.0519299353861644e-05,-0.010759379256611162,False,False,True,False,False,True
ETTm1,DynVAR-Lasso Weighted Ridge,5,10.0,0.03,2.0,1.0,0.1421193213894589,0.0,0.24247397315395341,0.0,0.22749681514527537,0.0,0.2894112708982979,0.0,3.7363396723555375e-05,3.892331520158332e-05,-0.01073097524076344,False,False,True,False,False,True
ETTm1,DynVAR-Lasso Weighted Ridge,5,10.0,0.03,4.0,1.0,0.14214648672180452,0.0,0.2425313720953947,0.0,0.22754624610064847,0.0,0.28943551335539347,0.0,9.476233816482771e-05,9.632225664285565e-05,-0.010673576299322168,False,False,True,False,False,True
ETTm1,DynVAR-Lasso Weighted Ridge,5,10.0,0.1,0.5,1.0,0.14210692701012967,0.0,0.24243859805138185,3.1031676915590914e-17,0.22746738904495417,0.0,0.28941607664386954,0.0,1.9882941519888675e-06,3.5482126300168115e-06,-0.010766350343335007,False,False,True,False,False,True
ETTm1,DynVAR-Lasso Weighted Ridge,5,10.0,0.1,1.0,1.0,0.1421071925600882,0.0,0.24244258361073595,0.0,0.2274704779294729,3.1031676915590914e-17,0.2894136236919445,0.0,5.9738535060915865e-06,7.5337719841195305e-06,-0.010762364783980904,False,False,True,False,False,True
ETTm1,DynVAR-Lasso Weighted Ridge,5,10.0,0.1,2.0,1.0,0.14210942626276088,0.0,0.24245301229049637,0.0,0.22747899557533974,0.0,0.28941083174980914,0.0,1.6402533266512975e-05,1.796245174454092e-05,-0.010751936104220483,False,False,True,False,False,True
ETTm1,DynVAR-Lasso Weighted Ridge,5,10.0,0.1,4.0,1.0,0.14211464135487042,0.0,0.2424678431163115,3.1031676915590914e-17,0.22749130768084078,0.0,0.2894157258619624,0.0,3.123335908164493e-05,3.279327755967287e-05,-0.010737105278405351,False,False,True,False,False,True
ETTm1,DynVAR-Lasso Weighted Ridge,5,10.0,0.3,0.5,1.0,0.14210702181527166,0.0,0.24243775906742449,0.0,0.22746676586733106,0.0,0.28941673838532,0.0,1.14931019462583e-06,2.709228672653774e-06,-0.01076718932729237,False,False,True,False,False,True
ETTm1,DynVAR-Lasso Weighted Ridge,5,10.0,0.3,1.0,1.0,0.1421066814893025,0.0,0.24243909486976323,0.0,0.22746771691556672,3.1031676915590914e-17,0.28941489171084656,0.0,2.485112533368028e-06,4.045031011395972e-06,-0.010765853524953628,False,False,True,False,False,True
ETTm1,DynVAR-Lasso Weighted Ridge,5,10.0,0.3,2.0,1.0,0.14210642834726017,0.0,0.24244110933471505,3.1031676915590914e-17,0.2274692023442114,0.0,0.28941214238017665,0.0,4.499577485189699e-06,6.059495963217643e-06,-0.010763839060001806,False,False,True,False,False,True
ETTm1,DynVAR-Lasso Weighted Ridge,5,10.0,0.3,4.0,1.0,0.14210627933857103,0.0,0.24244301495493686,3.1031676915590914e-17,0.22747064278180895,0.0,0.28940977463191453,0.0,6.40519770700454e-06,7.965116185032484e-06,-0.010761933439779992,False,False,True,False,False,True
ETTm1,DynVAR-Lasso Weighted Ridge,5,10.0,0.6,0.5,1.0,0.14210727655082372,0.0,0.24243707118183896,3.1031676915590914e-17,0.22746629000495094,3.1031676915590914e-17,0.2894176803406652,0.0,4.6142460910503225e-07,2.0213430871329763e-06,-0.010767877212877891,False,False,True,False,False,True
ETTm1,DynVAR-Lasso Weighted Ridge,5,10.0,0.6,1.0,1.0,0.14210702051197738,0.0,0.24243738035848547,0.0,0.22746647572018572,0.0,0.2894167151800913,0.0,7.706012556119024e-07,2.3305197336398464e-06,-0.010767568036231384,False,False,True,False,False,True
ETTm1,DynVAR-Lasso Weighted Ridge,5,10.0,0.6,2.0,1.0,0.14210672137634456,0.0,0.24243767316766002,3.1031676915590914e-17,0.22746664171462125,0.0,0.28941529253988185,0.0,1.0634104301576741e-06,2.623328908185618e-06,-0.010767275227056838,False,False,True,False,False,True
ETTm1,DynVAR-Lasso Weighted Ridge,5,10.0,0.6,4.0,1.0,0.14210655374466333,0.0,0.2424378565656749,0.0,0.22746674365373926,0.0,0.2894138977869267,0.0,1.2468084450434347e-06,2.8067269230713787e-06,-0.010767091829041953,False,False,True,False,False,True
ETTm1,DynVAR-Lasso Weighted Ridge,5,30.0,0.01,0.5,1.0,0.14221331089106148,0.0,0.2424695574754942,3.1031676915590914e-17,0.22752735555884582,0.0,0.289388285983418,0.0,1.1970600621524774e-05,3.450763674237023e-05,-0.010735390919222654,False,False,True,False,False,True
ETTm1,DynVAR-Lasso Weighted Ridge,5,30.0,0.01,1.0,1.0,0.14222488651776233,0.0,0.24249601314700214,3.1031676915590914e-17,0.2275495796247236,0.0,0.2893929960293021,0.0,3.842627212946592e-05,6.0963308250311377e-05,-0.010708935247714713,False,False,True,False,False,True
ETTm1,DynVAR-Lasso Weighted Ridge,5,30.0,0.01,2.0,1.0,0.14227115889387393,0.0,0.24259105921284743,3.1031676915590914e-17,0.2276312507049711,0.0,0.28941714724909934,0.0,0.00013347233797475488,0.00015600937409560034,-0.010613889181869424,False,False,True,False,False,True
ETTm1,DynVAR-Lasso Weighted Ridge,5,30.0,0.01,4.0,1.0,0.1423435072083213,0.0,0.24277748592691634,0.0,0.22779960900092674,0.0,0.28953199626452597,0.0,0.00031989905204365954,0.000342436088164505,-0.010427462467800519,False,False,True,False,False,True
ETTm1,DynVAR-Lasso Weighted Ridge,5,30.0,0.03,0.5,1.0,0.14221310024092762,0.0,0.24246900252999298,0.0,0.22752689420382902,0.0,0.2893882178080288,0.0,1.1415655120305956e-05,3.395269124115141e-05,-0.010735945864723873,False,False,True,False,False,True
ETTm1,DynVAR-Lasso Weighted Ridge,5,30.0,0.03,1.0,1.0,0.14222283213299608,0.0,0.2424923215309902,0.0,0.22754644652924813,0.0,0.28939259829387626,0.0,3.4734656117529905e-05,5.727169223837536e-05,-0.010712626863726649,False,False,True,False,False,True
ETTm1,DynVAR-Lasso Weighted Ridge,5,30.0,0.03,2.0,1.0,0.14225822616408912,0.0,0.24256431577901494,0.0,0.2276080719696198,0.0,0.2894139637902125,0.0,0.00010672890414226144,0.0001292659402631069,-0.010640632615701917,False,False,True,False,False,True
ETTm1,DynVAR-Lasso Weighted Ridge,5,30.0,0.03,4.0,1.0,0.14231231266534533,0.0,0.24268386926945024,3.1031676915590914e-17,0.22771303827333225,0.0,0.2894979343681966,0.0,0.0002262823945775594,0.00024881943069840484,-0.01052107912526662,False,False,True,False,False,True
ETTm1,DynVAR-Lasso Weighted Ridge,5,30.0,0.1,0.5,1.0,0.14221251179944477,0.0,0.2424672818179549,0.0,0.22752546784188543,0.0,0.28938799947084604,0.0,9.694943082227958e-06,3.223197920307341e-05,-0.01073766657676195,False,False,True,False,False,True
ETTm1,DynVAR-Lasso Weighted Ridge,5,30.0,0.1,1.0,1.0,0.1422182680082083,0.0,0.24248312965035942,3.1031676915590914e-17,0.2275386653876291,0.0,0.28939138656530394,0.0,2.554277548674766e-05,4.8079811607593115e-05,-0.010721818744357431,False,False,True,False,False,True
ETTm1,DynVAR-Lasso Weighted Ridge,5,30.0,0.1,2.0,1.0,0.14223328409132252,0.0,0.2425183560020961,0.0,0.22756845041755985,0.0,0.2894056986602337,0.0,6.076912722341454e-05,8.330616334426e-05,-0.010686592392620764,False,False,True,False,False,True
ETTm1,DynVAR-Lasso Weighted Ridge,5,30.0,0.1,4.0,1.0,0.14225236184403467,0.0,0.24256169617340156,0.0,0.22760499112936267,0.0,0.2894453357530917,0.0,0.00010410929852888717,0.00012664633464973263,-0.010643252221315291,False,False,True,False,False,True
ETTm1,DynVAR-Lasso Weighted Ridge,5,30.0,0.3,0.5,1.0,0.14221150358277024,0.0,0.24246368206804494,3.1031676915590914e-17,0.22752251029305132,0.0,0.28938752633750386,0.0,6.095193172267477e-06,2.8632229293112932e-05,-0.010741266326671911,False,False,True,False,False,True
ETTm1,DynVAR-Lasso Weighted Ridge,5,30.0,0.3,1.0,1.0,0.1422131836196768,0.0,0.24247028182554825,0.0,0.22752789702716641,3.1031676915590914e-17,0.28938906733211384,0.0,1.269495067557358e-05,3.5231986796419035e-05,-0.010734666569168605,False,False,True,False,False,True
ETTm1,DynVAR-Lasso Weighted Ridge,5,30.0,0.3,2.0,1.0,0.14221648026013273,0.0,0.2424801973335396,0.0,0.22753604144584974,0.0,0.28939407623348645,0.0,2.2610458666916244e-05,4.51474947877617e-05,-0.010724751061177262,False,False,True,False,False,True
ETTm1,DynVAR-Lasso Weighted Ridge,5,30.0,0.3,4.0,1.0,0.14222032257797856,0.0,0.24248950741829658,0.0,0.2275436024890498,0.0,0.28940401629086193,0.0,3.192054342390782e-05,5.4457579544753276e-05,-0.01071544097642027,False,False,True,False,False,True
ETTm1,DynVAR-Lasso Weighted Ridge,5,30.0,0.6,0.5,1.0,0.14221081918945017,0.0,0.24246030110555455,0.0,0.22751978132774736,3.1031676915590914e-17,0.2893871370538816,0.0,2.714230681877261e-06,2.5251266802722716e-05,-0.010744647289162301,False,False,True,False,False,True
ETTm1,DynVAR-Lasso Weighted Ridge,5,30.0,0.6,1.0,1.0,0.14221113414435754,0.0,0.2424623052360221,0.0,0.22752136898801617,3.1031676915590914e-17,0.2893874661248791,0.0,4.718361149430583e-06,2.725539727027604e-05,-0.010742643158694748,False,False,True,False,False,True
ETTm1,DynVAR-Lasso Weighted Ridge,5,30.0,0.6,2.0,1.0,0.142211635591942,0.0,0.24246461581923778,3.1031676915590914e-17,0.22752319657885378,0.0,0.289388351476098,0.0,7.028944365106149e-06,2.9565980485951604e-05,-0.010740332575479072,False,False,True,False,False,True
ETTm1,DynVAR-Lasso Weighted Ridge,5,30.0,0.6,4.0,1.0,0.1422124306562378,0.0,0.2424664589725372,0.0,0.227524647184574,0.0,0.28939002326367214,0.0,8.872097664536227e-06,3.140913378538168e-05,-0.010738489422179642,False,False,True,False,False,True
ETTm1,DynVAR-Lasso Weighted Ridge,5,100.0,0.01,0.5,1.0,0.14271047577583298,0.0,0.24264244334526244,0.0,0.22786615874767963,3.1031676915590914e-17,0.28947963142877975,0.0,4.154172605508322e-05,0.0002073935065106114,-0.010562505049454413,False,False,True,False,False,True
ETTm1,DynVAR-Lasso Weighted Ridge,5,100.0,0.01,1.0,1.0,0.14274116876952145,0.0,0.24270640025940698,0.0,0.2279201261848201,3.1031676915590914e-17,0.28950305096266055,0.0,0.00010549864019962496,0.00027135042065515314,-0.01049854813530987,False,False,True,False,False,True
ETTm1,DynVAR-Lasso Weighted Ridge,5,100.0,0.01,2.0,1.0,0.1427679890926387,0.0,0.24283914726678701,0.0,0.22803655713630205,3.1031676915590914e-17,0.2895671511267827,0.0,0.0002382456475796546,0.0004040974280351828,-0.010365801127929841,False,False,True,False,False,True
ETTm1,DynVAR-Lasso Weighted Ridge,5,100.0,0.01,4.0,1.0,0.14279566118892664,0.0,0.24306663965882533,3.1031676915590914e-17,0.2282457481165014,3.1031676915590914e-17,0.28971822833483113,0.0,0.0004657380396179689,0.0006315898200734971,-0.010138308735891527,False,False,True,False,False,True
ETTm1,DynVAR-Lasso Weighted Ridge,5,100.0,0.03,0.5,1.0,0.14270964656626348,0.0,0.24264082305314155,3.1031676915590914e-17,0.22786479950265487,3.1031676915590914e-17,0.2894791394759659,0.0,3.992143393419245e-05,0.00020577321438972063,-0.010564125341575303,False,False,True,False,False,True
ETTm1,DynVAR-Lasso Weighted Ridge,5,100.0,0.03,1.0,1.0,0.14273774406929712,0.0,0.24269959604197008,0.0,0.22791431153390213,0.0,0.28950148644629176,0.0,9.8694422762724e-05,0.0002645462032182522,-0.010505352352746772,False,False,True,False,False,True
ETTm1,DynVAR-Lasso Weighted Ridge,5,100.0,0.03,2.0,1.0,0.1427805679047741,0.0,0.2428221444911985,3.1031676915590914e-17,0.22802073863484865,0.0,0.2895600957811777,0.0,0.00022124287199112858,0.00038709465244665675,-0.010382803903518367,False,False,True,False,False,True
ETTm1,DynVAR-Lasso Weighted Ridge,5,100.0,0.03,4.0,1.0,0.14284541116242244,0.0,0.24300434373307925,0.0,0.22818387613613772,0.0,0.28968169724649406,0.0,0.000403442113871888,0.0005692938943274162,-0.010200604661637608,False,False,True,False,False,True
ETTm1,DynVAR-Lasso Weighted Ridge,5,100.0,0.1,0.5,1.0,0.1427070363667322,0.0,0.24263563715520223,3.1031676915590914e-17,0.22786045662577287,3.1031676915590914e-17,0.28947747883729374,0.0,3.473553599486756e-05,0.00020058731645039574,-0.010569311239514628,False,False,True,False,False,True
ETTm1,DynVAR-Lasso Weighted Ridge,5,100.0,0.1,1.0,1.0,0.1427277782830968,0.0,0.24268011537486456,0.0,0.22789772373556572,0.0,0.2894964562680891,0.0,7.921375565719813e-05,0.0002450655361127263,-0.010524833019852298,False,False,True,False,False,True
ETTm1,DynVAR-Lasso Weighted Ridge,5,100.0,0.1,2.0,1.0,0.14276147751230478,0.0,0.2427606733039524,0.0,0.2279663061371701,0.0,0.28954040769063893,0.0,0.00015977168474504144,0.0003256234652005696,-0.010444275090764454,False,False,True,False,False,True
ETTm1,DynVAR-Lasso Weighted Ridge,5,100.0,0.1,4.0,1.0,0.14279288128118336,0.0,0.2428491111398073,3.1031676915590914e-17,0.22804183473742942,0.0,0.2896096974972647,0.0,0.00024820952059995127,0.00041406130105547945,-0.010355837254909545,False,False,True,False,False,True
ETTm1,DynVAR-Lasso Weighted Ridge,5,100.0,0.3,0.5,1.0,0.14270155212859278,0.0,0.2426239429862685,0.0,0.22785071234690527,0.0,0.289473199836856,0.0,2.304136706113291e-05,0.00018889314751666109,-0.010581005408448363,False,False,True,False,False,True
ETTm1,DynVAR-Lasso Weighted Ridge,5,100.0,0.3,1.0,1.0,0.1427109233922332,0.0,0.242645888791399,0.0,0.22786885932428108,0.0,0.2894849929009911,0.0,4.498717219164616e-05,0.00021083895264717434,-0.01055905960331785,False,False,True,False,False,True
ETTm1,DynVAR-Lasso Weighted Ridge,5,100.0,0.3,2.0,1.0,0.14272314352592871,0.0,0.24267590709856218,0.0,0.22789364100978565,0.0,0.2895067384053973,0.0,7.500547935482271e-05,0.0002408572598103509,-0.010529041296154673,False,False,True,False,False,True
ETTm1,DynVAR-Lasso Weighted Ridge,5,100.0,0.3,4.0,1.0,0.14273288999399525,0.0,0.24270139539391095,0.0,0.2279143424969549,3.1031676915590914e-17,0.28953280104809576,0.0,0.00010049377470358611,0.0002663455551591143,-0.01050355300080591,False,False,True,False,False,True
ETTm1,DynVAR-Lasso Weighted Ridge,5,100.0,0.6,0.5,1.0,0.14269649196403703,0.0,0.24261176488950822,3.1031676915590914e-17,0.22784065547395943,3.1031676915590914e-17,0.2894678230366346,0.0,1.0863270300864869e-05,0.00017671505075639304,-0.010593183505208631,False,False,True,False,False,True
ETTm1,DynVAR-Lasso Weighted Ridge,5,100.0,0.6,1.0,1.0,0.1426993897075372,0.0,0.2426194637699745,0.0,0.2278469254329663,0.0,0.28947290938521164,0.0,1.856215076714851e-05,0.00018441393122267669,-0.010585484624742347,False,False,True,False,False,True
ETTm1,DynVAR-Lasso Weighted Ridge,5,100.0,0.6,2.0,1.0,0.14270289111488985,0.0,0.2426280617346746,0.0,0.22785386081566586,0.0,0.2894807100105276,0.0,2.716011546724517e-05,0.00019301189592277335,-0.01057688666004225,False,False,True,False,False,True
ETTm1,DynVAR-Lasso Weighted Ridge,5,100.0,0.6,4.0,1.0,0.14270625430239692,0.0,0.24263455778279966,0.0,0.22785903199909852,0.0,0.2894893294329918,0.0,3.365616359229939e-05,0.00019950794404782757,-0.010570390611917196,False,False,True,False,False,True
ETTm1,STCG-v1 Weighted Ridge,5,0.1,0.01,0.5,1.0,0.1420852857305935,0.0,0.2424359271324478,0.0,0.22746796642171713,0.0,0.2894540433385002,0.0,3.342164295316863e-09,8.772936959666744e-07,-0.010769021262269057,False,False,True,False,False,True
ETTm1,STCG-v1 Weighted Ridge,5,0.1,0.01,1.0,1.0,0.14208523255394695,0.0,0.2424359560037972,0.0,0.22746797804115254,3.1031676915590914e-17,0.2894539403879198,0.0,3.2213513689871576e-08,9.061650453612291e-07,-0.010768992390919663,False,False,True,False,False,True
ETTm1,STCG-v1 Weighted Ridge,5,0.1,0.01,2.0,1.0,0.142085011648381,0.0,0.24243621696429765,3.1031676915590914e-17,0.22746813618193698,0.0,0.28945363116104195,0.0,2.931740141487449e-07,1.1671255458201024e-06,-0.010768731430419204,False,False,True,False,False,True
ETTm1,STCG-v1 Weighted Ridge,5,0.1,0.01,4.0,1.0,0.1420840182701439,0.0,0.24243648186931338,0.0,0.22746807022273843,0.0,0.2894522795414864,0.0,5.580790298775895e-07,1.432030561548947e-06,-0.010768466525403475,False,False,True,False,False,True
ETTm1,STCG-v1 Weighted Ridge,5,0.1,0.03,0.5,1.0,0.1420852867994152,0.0,0.24243592653175164,0.0,0.2274679661736747,0.0,0.28945404541739556,0.0,2.7414681358362003e-09,8.766929998071937e-07,-0.010769021862965217,False,False,True,False,False,True
ETTm1,STCG-v1 Weighted Ridge,5,0.1,0.03,1.0,1.0,0.14208523580465707,0.0,0.24243594735066426,3.1031676915590914e-17,0.22746797210962172,0.0,0.28945394666015606,0.0,2.3560380757459143e-08,8.975119124288167e-07,-0.010769001044052595,False,False,True,False,False,True
ETTm1,STCG-v1 Weighted Ridge,5,0.1,0.03,2.0,1.0,0.14208503778781437,0.0,0.24243603217705972,0.0,0.2274679974840006,0.0,0.28945366020681834,0.0,1.0838677622082571e-07,9.823383078921832e-07,-0.010768916217657132,False,False,True,False,False,True
ETTm1,STCG-v1 Weighted Ridge,5,0.1,0.03,4.0,1.0,0.1420845623202347,0.0,0.24243593990747261,3.1031676915590914e-17,0.22746780039052344,0.0,0.2894525716180082,0.0,1.611718911109783e-08,8.900687207824554e-07,-0.010769008487244242,False,False,True,False,False,True
ETTm1,STCG-v1 Weighted Ridge,5,0.1,0.1,0.5,1.0,0.1420852903970258,0.0,0.24243592491662463,3.1031676915590914e-17,0.22746796564738053,0.0,0.28945405248966655,0.0,1.126341131474362e-09,8.750778728028319e-07,-0.010769023478092221,False,False,True,False,False,True
ETTm1,STCG-v1 Weighted Ridge,5,0.1,0.1,1.0,1.0,0.14208524884718698,0.0,0.2424359313031999,3.1031676915590914e-17,0.22746796238781908,0.0,0.28945396721031014,0.0,7.51291640010976e-09,8.814644480714673e-07,-0.010769017091516953,False,False,True,False,False,True
ETTm1,STCG-v1 Weighted Ridge,5,0.1,0.1,2.0,1.0,0.14208513914835982,0.0,0.2424359251534221,0.0,0.2274679346579997,0.0,0.289453745116789,0.0,1.3631386019952174e-09,8.753146702733527e-07,-0.01076902324129475,False,False,True,False,False,True
ETTm1,STCG-v1 Weighted Ridge,5,0.1,0.1,4.0,1.0,0.14208494581601297,0.0,0.24243584624363032,0.0,0.227467839737374,3.1031676915590914e-17,0.28945313830878155,0.0,-7.754665318215892e-08,7.964048784891986e-07,-0.010769102151086535,True,False,True,False,False,True
ETTm1,STCG-v1 Weighted Ridge,5,0.1,0.3,0.5,1.0,0.14208529938950298,0.0,0.2424359227953818,3.1031676915590914e-17,0.22746796578489697,3.1031676915590914e-17,0.2894540711035143,0.0,-9.949017165666874e-10,8.729566299547908e-07,-0.01076902559933507,True,False,True,False,False,True
ETTm1,STCG-v1 Weighted Ridge,5,0.1,0.3,1.0,1.0,0.1420852768236574,0.0,0.24243592022460064,0.0,0.2274679594890427,0.0,0.28945401616824185,0.0,-3.565682860084962e-09,8.703858488112726e-07,-0.010769028170116213,True,False,True,False,False,True
ETTm1,STCG-v1 Weighted Ridge,5,0.1,0.3,2.0,1.0,0.14208523715188984,0.0,0.24243590753525748,0.0,0.2274679424206772,0.0,0.2894539024303167,0.0,-1.6255026019651453e-08,8.576965056517061e-07,-0.010769040859459372,True,False,True,False,False,True
ETTm1,STCG-v1 Weighted Ridge,5,0.1,0.3,4.0,1.0,0.14208518623274738,0.0,0.24243588247691128,0.0,0.2274679166002554,0.0,0.2894537112109419,0.0,-4.13133722232395e-08,8.32638159448118e-07,-0.010769065917805576,True,False,True,False,False,True
ETTm1,STCG-v1 Weighted Ridge,5,0.1,0.6,0.5,1.0,0.1420853099794759,0.0,0.24243592252445656,0.0,0.22746796761084281,0.0,0.2894540953006656,0.0,-1.265826943264159e-09,8.726857047280934e-07,-0.010769025870260296,True,False,True,False,False,True
ETTm1,STCG-v1 Weighted Ridge,5,0.1,0.6,1.0,1.0,0.14208530129575422,0.0,0.24243592028315586,0.0,0.22746796432499566,3.1031676915590914e-17,0.2894540707718641,0.0,-3.507127643853636e-09,8.704444040275039e-07,-0.010769028111560996,True,False,True,False,False,True
ETTm1,STCG-v1 Weighted Ridge,5,0.1,0.6,2.0,1.0,0.14208528933098521,0.0,0.2424359152885907,3.1031676915590914e-17,0.2274679585652039,0.0,0.2894540303597054,0.0,-8.501692794204985e-09,8.654498388771525e-07,-0.010769033106126147,True,False,True,False,False,True
ETTm1,STCG-v1 Weighted Ridge,5,0.1,0.6,4.0,1.0,0.14208527829163042,0.0,0.24243590909052298,0.0,0.22746795243445428,0.0,0.2894539821307726,0.0,-1.4699760519931715e-08,8.592517711514258e-07,-0.010769039304193873,True,False,True,False,False,True
ETTm1,STCG-v1 Weighted Ridge,5,0.3,0.01,0.5,1.0,0.1420853092716808,0.0,0.2424358400981122,0.0,0.22746758621567514,3.1031676915590914e-17,0.2894529787720126,0.0,1.207174948891776e-08,7.902593603670294e-07,-0.010769108296604657,False,False,True,False,False,True
ETTm1,STCG-v1 Weighted Ridge,5,0.3,0.01,1.0,1.0,0.1420851598873753,0.0,0.2424359322883654,0.0,0.22746762700120496,0.0,0.289452677230838,0.0,1.0426200269808561e-07,8.824496135761972e-07,-0.010769016106351448,False,False,True,False,False,True
ETTm1,STCG-v1 Weighted Ridge,5,0.3,0.01,2.0,1.0,0.1420846624585485,0.0,0.24243678052785816,0.0,0.22746817392997737,0.0,0.2894517843685474,0.0,9.525014954547828e-07,1.7306891063328944e-06,-0.010768167866858691,False,False,True,False,False,True
ETTm1,STCG-v1 Weighted Ridge,5,0.3,0.01,4.0,1.0,0.1420831554460848,0.0,0.2424386707613953,0.0,0.22746918915790917,0.0,0.28944813292166044,0.0,2.8427350325932466e-06,3.620922643471358e-06,-0.010766277633321553,False,False,True,False,False,True
ETTm1,STCG-v1 Weighted Ridge,5,0.3,0.03,0.5,1.0,0.1420853123993968,0.0,0.2424358382128124,0.0,0.22746758538449768,0.0,0.2894529848815704,0.0,1.0186449683757814e-08,7.883740605618694e-07,-0.010769110181904462,False,False,True,False,False,True
ETTm1,STCG-v1 Weighted Ridge,5,0.3,0.03,1.0,1.0,0.14208516831387308,0.0,0.2424359057085655,3.1031676915590914e-17,0.2274676085094353,0.0,0.2894526955350789,0.0,7.768220278148164e-08,8.558698136595932e-07,-0.010769042686151364,False,False,True,False,False,True
ETTm1,STCG-v1 Weighted Ridge,5,0.3,0.03,2.0,1.0,0.1420846437149898,0.0,0.24243620328902998,0.0,0.22746773158354244,0.0,0.28945186717667243,0.0,3.752626672737236e-07,1.1534502781518352e-06,-0.010768745105686872,False,False,True,False,False,True
ETTm1,STCG-v1 Weighted Ridge,5,0.3,0.03,4.0,1.0,0.14208358471746085,0.0,0.24243622727156486,3.1031676915590914e-17,0.22746746199714146,3.1031676915590914e-17,0.28944886829573135,0.0,3.9924520214840165e-07,1.1774328130265133e-06,-0.010768721123151997,False,False,True,False,False,True
ETTm1,STCG-v1 Weighted Ridge,5,0.3,0.1,0.5,1.0,0.14208532301755292,0.0,0.24243583310161915,3.1031676915590914e-17,0.22746758352924581,0.0,0.2894530056725733,0.0,5.075256437336861e-09,7.832628673154485e-07,-0.010769115293097709,False,False,True,False,False,True
ETTm1,STCG-v1 Weighted Ridge,5,0.3,0.1,1.0,1.0,0.142085203573627,0.0,0.24243585583704524,0.0,0.22746757745592067,0.0,0.2894527555690187,0.0,2.7810682534656905e-08,8.059982934127685e-07,-0.010769092557671611,False,False,True,False,False,True
ETTm1,STCG-v1 Weighted Ridge,5,0.3,0.1,2.0,1.0,0.14208489550057327,0.0,0.24243585368654624,0.0,0.22746751139849702,0.0,0.2894521106289271,0.0,2.5660183533560144e-08,8.038477944116718e-07,-0.010769094708170612,False,False,True,False,False,True
ETTm1,STCG-v1 Weighted Ridge,5,0.3,0.1,4.0,1.0,0.14208436528589344,0.0,0.24243566353119977,0.0,0.22746727278051612,0.0,0.28945039131544453,0.0,-1.6449516293537414e-07,6.136924479427375e-07,-0.010769284863517081,True,False,True,False,False,True
ETTm1,STCG-v1 Weighted Ridge,5,0.3,0.3,0.5,1.0,0.14208534961135602,0.0,0.24243582614620657,0.0,0.22746758333595296,0.0,0.2894530604418419,0.0,-1.8801561418868573e-09,7.763074547362248e-07,-0.010769122248510288,True,False,True,False,False,True
ETTm1,STCG-v1 Weighted Ridge,5,0.3,0.3,1.0,1.0,0.14208528335665632,0.0,0.24243581997990543,0.0,0.22746756599552292,3.1031676915590914e-17,0.28945289895954723,0.0,-8.046457278254593e-09,7.70141153599857e-07,-0.010769128414811424,True,False,True,False,False,True
ETTm1,STCG-v1 Weighted Ridge,5,0.3,0.3,2.0,1.0,0.14208516876728725,0.0,0.24243578549301298,3.1031676915590914e-17,0.22746751831663764,0.0,0.28945256629858124,0.0,-4.25333497311442e-08,7.356542611469674e-07,-0.010769162901703877,True,False,True,False,False,True
ETTm1,STCG-v1 Weighted Ridge,5,0.3,0.3,4.0,1.0,0.14208502142772905,0.0,0.24243571568874897,0.0,0.2274674458008467,3.1031676915590914e-17,0.28945201174399265,0.0,-1.1233761373907747e-07,6.658499971390341e-07,-0.010769232705967885,True,False,True,False,False,True
ETTm1,STCG-v1 Weighted Ridge,5,0.3,0.6,0.5,1.0,0.14208538076634564,0.0,0.24243582473681938,0.0,0.2274675882168442,0.0,0.2894531317414081,0.0,-3.2895433321744605e-09,7.748980675459372e-07,-0.010769123657897478,True,False,True,False,False,True
ETTm1,STCG-v1 Weighted Ridge,5,0.3,0.6,1.0,1.0,0.14208535530070754,0.0,0.24243581849220286,0.0,0.22746757882290874,3.1031676915590914e-17,0.2894530594564692,0.0,-9.534159850499435e-09,7.686534510276122e-07,-0.010769129902513996,True,False,True,False,False,True
ETTm1,STCG-v1 Weighted Ridge,5,0.3,0.6,2.0,1.0,0.14208532031746257,0.0,0.2424358042478847,0.0,0.22746756223861292,3.1031676915590914e-17,0.2894529405907038,0.0,-2.377847801993127e-08,7.544091328581803e-07,-0.010769144146832166,True,False,True,False,False,True
ETTm1,STCG-v1 Weighted Ridge,5,0.3,0.6,4.0,1.0,0.14208528828906505,0.0,0.24243578643124505,3.1031676915590914e-17,0.22746754454031687,0.0,0.2894527991604026,0.0,-4.159511765577939e-08,7.365924932223322e-07,-0.010769161963471802,True,False,True,False,False,True
ETTm1,STCG-v1 Weighted Ridge,5,1.0,0.01,0.5,1.0,0.14208558723913595,0.0,0.24243559937165937,0.0,0.22746641103835205,0.0,0.2894493711191832,0.0,6.308738273452796e-08,5.495329075400068e-07,-0.010769349023057484,False,False,True,False,False,True
ETTm1,STCG-v1 Weighted Ridge,5,1.0,0.01,1.0,1.0,0.1420851791017276,0.0,0.24243596738468448,0.0,0.22746661125247894,0.0,0.28944844718465473,0.0,4.3110040784388737e-07,9.175459326493662e-07,-0.010768981010032375,False,False,True,False,False,True
ETTm1,STCG-v1 Weighted Ridge,5,1.0,0.01,2.0,1.0,0.1420847366422771,0.0,0.24243941427152388,3.1031676915590914e-17,0.22746911279209078,0.0,0.28944584732230194,0.0,3.877987247241643e-06,4.364432772047122e-06,-0.010765534123192977,False,False,True,False,False,True
ETTm1,STCG-v1 Weighted Ridge,5,1.0,0.01,4.0,1.0,0.14208657516674178,0.0,0.24245156612896696,3.1031676915590914e-17,0.22747882887396126,0.0,0.2894375114234198,0.0,1.602984469031843e-05,1.6516290215123908e-05,-0.0107533822657499,False,False,True,False,False,True
ETTm1,STCG-v1 Weighted Ridge,5,1.0,0.03,0.5,1.0,0.14208559613958757,0.0,0.2424355921652665,0.0,0.22746640730477105,0.0,0.2894493900629012,0.0,5.588098986319956e-08,5.423265146686784e-07,-0.010769356229450355,False,False,True,False,False,True
ETTm1,STCG-v1 Weighted Ridge,5,1.0,0.03,1.0,1.0,0.14208519223173852,0.0,0.24243587207955875,0.0,0.22746654214161777,0.0,0.28944850253862875,0.0,3.3579528210814225e-07,8.222408069136211e-07,-0.01076907631515811,False,False,True,False,False,True
ETTm1,STCG-v1 Weighted Ridge,5,1.0,0.03,2.0,1.0,0.14208416205642818,0.0,0.24243728825101826,0.0,0.22746741016436678,0.0,0.289446077355008,0.0,1.751966741625477e-06,2.238412266430956e-06,-0.010767660143698593,False,False,True,False,False,True
ETTm1,STCG-v1 Weighted Ridge,5,1.0,0.03,4.0,1.0,0.14208303480520046,0.0,0.2424396807488353,0.0,0.22746893582282485,3.1031676915590914e-17,0.28943871230225215,0.0,4.144464558653027e-06,4.630910083458506e-06,-0.010765267645881565,False,False,True,False,False,True
ETTm1,STCG-v1 Weighted Ridge,5,1.0,0.1,0.5,1.0,0.14208562702192318,0.0,0.24243557217877845,0.0,0.22746639805879915,3.1031676915590914e-17,0.28944945460240246,0.0,3.58945018152923e-08,5.223400266207712e-07,-0.010769376215938403,False,False,True,False,False,True
ETTm1,STCG-v1 Weighted Ridge,5,1.0,0.1,1.0,1.0,0.1420852782609257,0.0,0.24243568716380368,3.1031676915590914e-17,0.22746641833876374,0.0,0.2894486847672326,0.0,1.5087952703884966e-07,6.373250518443285e-07,-0.01076926123091318,False,False,True,False,False,True
ETTm1,STCG-v1 Weighted Ridge,5,1.0,0.1,2.0,1.0,0.14208447828746054,0.0,0.24243584991890793,0.0,0.22746637580235568,3.1031676915590914e-17,0.289446768034111,0.0,3.136346312937466e-07,8.000801560992254e-07,-0.010769098475808925,False,False,True,False,False,True
ETTm1,STCG-v1 Weighted Ridge,5,1.0,0.1,4.0,1.0,0.14208322551520036,0.0,0.24243567143129457,0.0,0.22746602793305729,0.0,0.2894420876561398,0.0,1.3514701793782002e-07,6.215925427432989e-07,-0.01076927696342228,False,False,True,False,False,True
ETTm1,STCG-v1 Weighted Ridge,5,1.0,0.3,0.5,1.0,0.1420857068190347,0.0,0.2424355424067896,3.1031676915590914e-17,0.227466390676426,0.0,0.2894496251517752,0.0,6.122512968831373e-09,4.925680377743102e-07,-0.01076940598792725,False,False,True,False,False,True
ETTm1,STCG-v1 Weighted Ridge,5,1.0,0.3,1.0,1.0,0.14208550640887285,0.0,0.24243553900372655,0.0,0.22746635001937215,3.1031676915590914e-17,0.2894491240340788,0.0,2.719449915256078e-09,4.891649747207349e-07,-0.010769409390990303,False,False,True,False,False,True
ETTm1,STCG-v1 Weighted Ridge,5,1.0,0.3,2.0,1.0,0.1420851654489352,0.0,0.24243546317902326,0.0,0.22746622955109236,0.0,0.28944810982376196,0.0,-7.310525337866913e-08,4.1334027142680974e-07,-0.010769485215693597,True,False,True,False,False,True
ETTm1,STCG-v1 Weighted Ridge,5,1.0,0.3,4.0,1.0,0.142084737240779,0.0,0.24243528834910316,3.1031676915590914e-17,0.22746604101755055,0.0,0.2894464690456381,0.0,-2.479351734752111e-07,2.3851035133026777e-07,-0.010769660045613694,True,False,True,False,False,True
ETTm1,STCG-v1 Weighted Ridge,5,1.0,0.6,0.5,1.0,0.14208580254244976,0.0,0.24243553103231727,0.0,0.22746640026915427,0.0,0.28944984830455966,0.0,-5.251959367402748e-09,4.811935654380761e-07,-0.010769417362399586,True,False,True,False,False,True
ETTm1,STCG-v1 Weighted Ridge,5,1.0,0.6,1.0,1.0,0.1420857233392399,0.0,0.24243551558373336,3.1031676915590914e-17,0.22746637414539092,0.0,0.2894496219740246,0.0,-2.0700543279517092e-08,4.657449815259618e-07,-0.010769432810983498,True,False,True,False,False,True
ETTm1,STCG-v1 Weighted Ridge,5,1.0,0.6,2.0,1.0,0.1420856144670657,0.0,0.24243547634600424,0.0,0.22746632661020802,0.0,0.28944925228089813,0.0,-5.993827240091676e-08,4.265072524045621e-07,-0.01076947204871262,True,False,True,False,False,True
ETTm1,STCG-v1 Weighted Ridge,5,1.0,0.6,4.0,1.0,0.14208551547073228,0.0,0.2424354255899716,0.0,0.22746627531785935,0.0,0.289448817082256,0.0,-1.1069430502774757e-07,3.757512197777313e-07,-0.010769522804745246,True,False,True,False,False,True
ETTm1,STCG-v1 Weighted Ridge,5,3.0,0.01,0.5,1.0,0.14208762332993485,0.0,0.24243541158641174,3.1031676915590914e-17,0.2274642787924746,3.1031676915590914e-17,0.28943999993380426,0.0,3.6174765991048297e-07,3.6174765991048297e-07,-0.010769536808305114,False,False,True,False,False,True
ETTm1,STCG-v1 Weighted Ridge,5,3.0,0.01,1.0,1.0,0.1420870567305274,0.0,0.24243693973563024,0.0,0.2274653239654954,3.1031676915590914e-17,0.2894378310698113,0.0,1.8898968784097914e-06,1.8898968784097914e-06,-0.010768008659086614,False,False,True,False,False,True
ETTm1,STCG-v1 Weighted Ridge,5,3.0,0.01,2.0,1.0,0.14209021582439102,0.0,0.24244999565662956,3.1031676915590914e-17,0.22747581524465882,3.1031676915590914e-17,0.2894326217205759,0.0,1.4945817877726197e-05,1.4945817877726197e-05,-0.010754952738087298,False,False,True,False,False,True
ETTm1,STCG-v1 Weighted Ridge,5,3.0,0.01,4.0,1.0,0.14210942842838112,0.0,0.24249503133155562,0.0,0.22751443925873543,0.0,0.2894269450327548,0.0,5.998149280378451e-05,5.998149280378451e-05,-0.01070991706316124,False,False,True,False,False,True
ETTm1,STCG-v1 Weighted Ridge,5,3.0,0.03,0.5,1.0,0.14208764063526555,0.0,0.24243538317018903,3.1031676915590914e-17,0.22746426052502727,0.0,0.2894400460081685,0.0,3.3333143720226666e-07,3.3333143720226666e-07,-0.010769565224527822,False,False,True,False,False,True
ETTm1,STCG-v1 Weighted Ridge,5,3.0,0.03,1.0,1.0,0.14208701098123044,0.0,0.24243660882537524,0.0,0.22746506728401283,0.0,0.2894379557784352,0.0,1.5589866234066996e-06,1.5589866234066996e-06,-0.010768339569341617,False,False,True,False,False,True
ETTm1,STCG-v1 Weighted Ridge,5,3.0,0.03,2.0,1.0,0.14208707537017307,0.0,0.24244311279037287,0.0,0.22747006676742715,3.1031676915590914e-17,0.28943300994071547,0.0,8.062951621035097e-06,8.062951621035097e-06,-0.010761835604343989,False,False,True,False,False,True
ETTm1,STCG-v1 Weighted Ridge,5,3.0,0.03,4.0,1.0,0.1420911591178561,0.0,0.24245795327743508,3.1031676915590914e-17,0.22748237307925745,0.0,0.28942521593174186,0.0,2.290343868324718e-05,2.290343868324718e-05,-0.010746995117281777,False,False,True,False,False,True
ETTm1,STCG-v1 Weighted Ridge,5,3.0,0.1,0.5,1.0,0.14208770218890646,0.0,0.24243530138737407,0.0,0.22746421022039537,3.1031676915590914e-17,0.2894402035196187,0.0,2.5154862223764063e-07,2.5154862223764063e-07,-0.010769647007342786,False,False,True,False,False,True
ETTm1,STCG-v1 Weighted Ridge,5,3.0,0.1,1.0,1.0,0.14208704275355075,0.0,0.24243592685486873,3.1031676915590914e-17,0.227464559216481,0.0,0.28943837117106347,0.0,8.770161168958346e-07,8.770161168958346e-07,-0.010769021539848128,False,False,True,False,False,True
ETTm1,STCG-v1 Weighted Ridge,5,3.0,0.1,2.0,1.0,0.14208595183804607,0.0,0.24243748060835477,3.1031676915590914e-17,0.2274655306091214,3.1031676915590914e-17,0.2894342709045423,0.0,2.430769602934646e-06,2.430769602934646e-06,-0.01076746778636209,False,False,True,False,False,True
ETTm1,STCG-v1 Weighted Ridge,5,3.0,0.1,4.0,1.0,0.14208468320198364,0.0,0.24243938578512952,3.1031676915590914e-17,0.2274668401554349,0.0,0.2894267209809297,0.0,4.335946377692634e-06,4.335946377692634e-06,-0.010765562609587331,False,False,True,False,False,True
ETTm1,STCG-v1 Weighted Ridge,5,3.0,0.3,0.5,1.0,0.14208787418417199,0.0,0.2424351628353862,3.1031676915590914e-17,0.22746413785206748,0.0,0.28944062369904683,0.0,1.1299663435493379e-07,1.1299663435493379e-07,-0.010769785559330669,False,False,True,False,False,True
ETTm1,STCG-v1 Weighted Ridge,5,3.0,0.3,1.0,1.0,0.14208742782412362,0.0,0.24243527955394129,0.0,0.22746414236751558,0.0,0.2894394013951424,0.0,2.2971518945369418e-07,2.2971518945369418e-07,-0.01076966884077557,False,False,True,False,False,True
ETTm1,STCG-v1 Weighted Ridge,5,3.0,0.3,2.0,1.0,0.1420867242711991,0.0,0.24243532970302928,0.0,0.22746405247936524,0.0,0.28943705436242884,0.0,2.7986427744708386e-07,2.7986427744708386e-07,-0.010769618691687577,False,False,True,False,False,True
ETTm1,STCG-v1 Weighted Ridge,5,3.0,0.3,4.0,1.0,0.1420858966163488,0.0,0.24243519933904797,3.1031676915590914e-17,0.2274638477150192,0.0,0.28943358401193053,0.0,1.4950029614269056e-07,1.4950029614269056e-07,-0.010769749055668881,False,False,True,False,False,True
ETTm1,STCG-v1 Weighted Ridge,5,3.0,0.6,0.5,1.0,0.14208810254316873,0.0,0.24243507806300463,3.1031676915590914e-17,0.22746411605026914,0.0,0.28944118186032175,0.0,2.822425279602747e-08,2.822425279602747e-08,-0.010769870331712228,False,False,True,False,False,True
ETTm1,STCG-v1 Weighted Ridge,5,3.0,0.6,1.0,1.0,0.14208790942112348,0.0,0.24243507249820745,3.1031676915590914e-17,0.22746407707085964,0.0,0.28944061496481177,0.0,2.2659455617413116e-08,2.2659455617413116e-08,-0.010769875896509407,False,False,True,False,False,True
ETTm1,STCG-v1 Weighted Ridge,5,3.0,0.6,2.0,1.0,0.1420876525167914,0.0,0.24243501664313402,3.1031676915590914e-17,0.22746399251253333,0.0,0.28943970699098076,0.0,-3.319561781012226e-08,-3.319561781012226e-08,-0.010769931751582834,True,True,True,False,False,True
ETTm1,STCG-v1 Weighted Ridge,5,3.0,0.6,4.0,1.0,0.14208742665222787,0.0,0.2424349283696799,0.0,0.22746389567793823,0.0,0.2894386717412237,0.0,-1.2146907193977263e-07,-1.2146907193977263e-07,-0.010770020025036964,True,True,True,False,False,True
ETTm1,STCG-v1 Weighted Ridge,5,10.0,0.01,0.5,1.0,0.14210696189903652,0.0,0.24243917720069003,3.1031676915590914e-17,0.2274678348437678,0.0,0.2894157713423105,0.0,2.567443460166352e-06,4.127361938194296e-06,-0.01076577119402683,False,False,True,False,False,True
ETTm1,STCG-v1 Weighted Ridge,5,10.0,0.01,1.0,1.0,0.1421087211911397,0.0,0.24244689139087985,3.1031676915590914e-17,0.2274740252130365,0.0,0.28941307601195687,0.0,1.028163364999446e-05,1.1841552128022403e-05,-0.010758057003837002,False,False,True,False,False,True
ETTm1,STCG-v1 Weighted Ridge,5,10.0,0.01,2.0,1.0,0.14213058494034528,0.0,0.2424924580384577,0.0,0.2275126022464836,0.0,0.28941161264568716,0.0,5.58482812278438e-05,5.740819970587174e-05,-0.010712490356259152,False,False,True,False,False,True
ETTm1,STCG-v1 Weighted Ridge,5,10.0,0.01,4.0,1.0,0.14218851354825165,0.0,0.24261072555363844,0.0,0.22761653499316686,3.1031676915590914e-17,0.2894517579724618,0.0,0.00017411579640858044,0.00017567571488660838,-0.010594222841078416,False,False,True,False,False,True
ETTm1,STCG-v1 Weighted Ridge,5,10.0,0.03,0.5,1.0,0.1421069451236252,0.0,0.24243903267087602,0.0,0.22746772269307108,3.1031676915590914e-17,0.28941583953809863,0.0,2.4229136461606515e-06,3.9828321241885956e-06,-0.010765915723840835,False,False,True,False,False,True
ETTm1,STCG-v1 Weighted Ridge,5,10.0,0.03,1.0,1.0,0.14210817284375707,0.0,0.2424455691381057,0.0,0.22747292819737294,0.0,0.2894131946962918,0.0,8.9593808758337e-06,1.0519299353861644e-05,-0.010759379256611162,False,False,True,False,False,True
ETTm1,STCG-v1 Weighted Ridge,5,10.0,0.03,2.0,1.0,0.1421193213894589,0.0,0.24247397315395341,0.0,0.22749681514527537,0.0,0.2894112708982979,0.0,3.7363396723555375e-05,3.892331520158332e-05,-0.01073097524076344,False,False,True,False,False,True
ETTm1,STCG-v1 Weighted Ridge,5,10.0,0.03,4.0,1.0,0.14214648672180452,0.0,0.2425313720953947,0.0,0.22754624610064847,0.0,0.28943551335539347,0.0,9.476233816482771e-05,9.632225664285565e-05,-0.010673576299322168,False,False,True,False,False,True
ETTm1,STCG-v1 Weighted Ridge,5,10.0,0.1,0.5,1.0,0.14210692701012967,0.0,0.24243859805138185,3.1031676915590914e-17,0.22746738904495417,0.0,0.28941607664386954,0.0,1.9882941519888675e-06,3.5482126300168115e-06,-0.010766350343335007,False,False,True,False,False,True
ETTm1,STCG-v1 Weighted Ridge,5,10.0,0.1,1.0,1.0,0.1421071925600882,0.0,0.24244258361073595,0.0,0.2274704779294729,3.1031676915590914e-17,0.2894136236919445,0.0,5.9738535060915865e-06,7.5337719841195305e-06,-0.010762364783980904,False,False,True,False,False,True
ETTm1,STCG-v1 Weighted Ridge,5,10.0,0.1,2.0,1.0,0.14210942626276088,0.0,0.24245301229049637,0.0,0.22747899557533974,0.0,0.28941083174980914,0.0,1.6402533266512975e-05,1.796245174454092e-05,-0.010751936104220483,False,False,True,False,False,True
ETTm1,STCG-v1 Weighted Ridge,5,10.0,0.1,4.0,1.0,0.14211464135487042,0.0,0.2424678431163115,3.1031676915590914e-17,0.22749130768084078,0.0,0.2894157258619624,0.0,3.123335908164493e-05,3.279327755967287e-05,-0.010737105278405351,False,False,True,False,False,True
ETTm1,STCG-v1 Weighted Ridge,5,10.0,0.3,0.5,1.0,0.14210702181527166,0.0,0.24243775906742449,0.0,0.22746676586733106,0.0,0.28941673838532,0.0,1.14931019462583e-06,2.709228672653774e-06,-0.01076718932729237,False,False,True,False,False,True
ETTm1,STCG-v1 Weighted Ridge,5,10.0,0.3,1.0,1.0,0.1421066814893025,0.0,0.24243909486976323,0.0,0.22746771691556672,3.1031676915590914e-17,0.28941489171084656,0.0,2.485112533368028e-06,4.045031011395972e-06,-0.010765853524953628,False,False,True,False,False,True
ETTm1,STCG-v1 Weighted Ridge,5,10.0,0.3,2.0,1.0,0.14210642834726017,0.0,0.24244110933471505,3.1031676915590914e-17,0.2274692023442114,0.0,0.28941214238017665,0.0,4.499577485189699e-06,6.059495963217643e-06,-0.010763839060001806,False,False,True,False,False,True
ETTm1,STCG-v1 Weighted Ridge,5,10.0,0.3,4.0,1.0,0.14210627933857103,0.0,0.24244301495493686,3.1031676915590914e-17,0.22747064278180895,0.0,0.28940977463191453,0.0,6.40519770700454e-06,7.965116185032484e-06,-0.010761933439779992,False,False,True,False,False,True
ETTm1,STCG-v1 Weighted Ridge,5,10.0,0.6,0.5,1.0,0.14210727655082372,0.0,0.24243707118183896,3.1031676915590914e-17,0.22746629000495094,3.1031676915590914e-17,0.2894176803406652,0.0,4.6142460910503225e-07,2.0213430871329763e-06,-0.010767877212877891,False,False,True,False,False,True
ETTm1,STCG-v1 Weighted Ridge,5,10.0,0.6,1.0,1.0,0.14210702051197738,0.0,0.24243738035848547,0.0,0.22746647572018572,0.0,0.2894167151800913,0.0,7.706012556119024e-07,2.3305197336398464e-06,-0.010767568036231384,False,False,True,False,False,True
ETTm1,STCG-v1 Weighted Ridge,5,10.0,0.6,2.0,1.0,0.14210672137634456,0.0,0.24243767316766002,3.1031676915590914e-17,0.22746664171462125,0.0,0.28941529253988185,0.0,1.0634104301576741e-06,2.623328908185618e-06,-0.010767275227056838,False,False,True,False,False,True
ETTm1,STCG-v1 Weighted Ridge,5,10.0,0.6,4.0,1.0,0.14210655374466333,0.0,0.2424378565656749,0.0,0.22746674365373926,0.0,0.2894138977869267,0.0,1.2468084450434347e-06,2.8067269230713787e-06,-0.010767091829041953,False,False,True,False,False,True
ETTm1,STCG-v1 Weighted Ridge,5,30.0,0.01,0.5,1.0,0.14221331089106148,0.0,0.2424695574754942,3.1031676915590914e-17,0.22752735555884582,0.0,0.289388285983418,0.0,1.1970600621524774e-05,3.450763674237023e-05,-0.010735390919222654,False,False,True,False,False,True
ETTm1,STCG-v1 Weighted Ridge,5,30.0,0.01,1.0,1.0,0.14222488651776233,0.0,0.24249601314700214,3.1031676915590914e-17,0.2275495796247236,0.0,0.2893929960293021,0.0,3.842627212946592e-05,6.0963308250311377e-05,-0.010708935247714713,False,False,True,False,False,True
ETTm1,STCG-v1 Weighted Ridge,5,30.0,0.01,2.0,1.0,0.14227115889387393,0.0,0.24259105921284743,3.1031676915590914e-17,0.2276312507049711,0.0,0.28941714724909934,0.0,0.00013347233797475488,0.00015600937409560034,-0.010613889181869424,False,False,True,False,False,True
ETTm1,STCG-v1 Weighted Ridge,5,30.0,0.01,4.0,1.0,0.1423435072083213,0.0,0.24277748592691634,0.0,0.22779960900092674,0.0,0.28953199626452597,0.0,0.00031989905204365954,0.000342436088164505,-0.010427462467800519,False,False,True,False,False,True
ETTm1,STCG-v1 Weighted Ridge,5,30.0,0.03,0.5,1.0,0.14221310024092762,0.0,0.24246900252999298,0.0,0.22752689420382902,0.0,0.2893882178080288,0.0,1.1415655120305956e-05,3.395269124115141e-05,-0.010735945864723873,False,False,True,False,False,True
ETTm1,STCG-v1 Weighted Ridge,5,30.0,0.03,1.0,1.0,0.14222283213299608,0.0,0.2424923215309902,0.0,0.22754644652924813,0.0,0.28939259829387626,0.0,3.4734656117529905e-05,5.727169223837536e-05,-0.010712626863726649,False,False,True,False,False,True
ETTm1,STCG-v1 Weighted Ridge,5,30.0,0.03,2.0,1.0,0.14225822616408912,0.0,0.24256431577901494,0.0,0.2276080719696198,0.0,0.2894139637902125,0.0,0.00010672890414226144,0.0001292659402631069,-0.010640632615701917,False,False,True,False,False,True
ETTm1,STCG-v1 Weighted Ridge,5,30.0,0.03,4.0,1.0,0.14231231266534533,0.0,0.24268386926945024,3.1031676915590914e-17,0.22771303827333225,0.0,0.2894979343681966,0.0,0.0002262823945775594,0.00024881943069840484,-0.01052107912526662,False,False,True,False,False,True
ETTm1,STCG-v1 Weighted Ridge,5,30.0,0.1,0.5,1.0,0.14221251179944477,0.0,0.2424672818179549,0.0,0.22752546784188543,0.0,0.28938799947084604,0.0,9.694943082227958e-06,3.223197920307341e-05,-0.01073766657676195,False,False,True,False,False,True
ETTm1,STCG-v1 Weighted Ridge,5,30.0,0.1,1.0,1.0,0.1422182680082083,0.0,0.24248312965035942,3.1031676915590914e-17,0.2275386653876291,0.0,0.28939138656530394,0.0,2.554277548674766e-05,4.8079811607593115e-05,-0.010721818744357431,False,False,True,False,False,True
ETTm1,STCG-v1 Weighted Ridge,5,30.0,0.1,2.0,1.0,0.14223328409132252,0.0,0.2425183560020961,0.0,0.22756845041755985,0.0,0.2894056986602337,0.0,6.076912722341454e-05,8.330616334426e-05,-0.010686592392620764,False,False,True,False,False,True
ETTm1,STCG-v1 Weighted Ridge,5,30.0,0.1,4.0,1.0,0.14225236184403467,0.0,0.24256169617340156,0.0,0.22760499112936267,0.0,0.2894453357530917,0.0,0.00010410929852888717,0.00012664633464973263,-0.010643252221315291,False,False,True,False,False,True
ETTm1,STCG-v1 Weighted Ridge,5,30.0,0.3,0.5,1.0,0.14221150358277024,0.0,0.24246368206804494,3.1031676915590914e-17,0.22752251029305132,0.0,0.28938752633750386,0.0,6.095193172267477e-06,2.8632229293112932e-05,-0.010741266326671911,False,False,True,False,False,True
ETTm1,STCG-v1 Weighted Ridge,5,30.0,0.3,1.0,1.0,0.1422131836196768,0.0,0.24247028182554825,0.0,0.22752789702716641,3.1031676915590914e-17,0.28938906733211384,0.0,1.269495067557358e-05,3.5231986796419035e-05,-0.010734666569168605,False,False,True,False,False,True
ETTm1,STCG-v1 Weighted Ridge,5,30.0,0.3,2.0,1.0,0.14221648026013273,0.0,0.2424801973335396,0.0,0.22753604144584974,0.0,0.28939407623348645,0.0,2.2610458666916244e-05,4.51474947877617e-05,-0.010724751061177262,False,False,True,False,False,True
ETTm1,STCG-v1 Weighted Ridge,5,30.0,0.3,4.0,1.0,0.14222032257797856,0.0,0.24248950741829658,0.0,0.2275436024890498,0.0,0.28940401629086193,0.0,3.192054342390782e-05,5.4457579544753276e-05,-0.01071544097642027,False,False,True,False,False,True
ETTm1,STCG-v1 Weighted Ridge,5,30.0,0.6,0.5,1.0,0.14221081918945017,0.0,0.24246030110555455,0.0,0.22751978132774736,3.1031676915590914e-17,0.2893871370538816,0.0,2.714230681877261e-06,2.5251266802722716e-05,-0.010744647289162301,False,False,True,False,False,True
ETTm1,STCG-v1 Weighted Ridge,5,30.0,0.6,1.0,1.0,0.14221113414435754,0.0,0.2424623052360221,0.0,0.22752136898801617,3.1031676915590914e-17,0.2893874661248791,0.0,4.718361149430583e-06,2.725539727027604e-05,-0.010742643158694748,False,False,True,False,False,True
ETTm1,STCG-v1 Weighted Ridge,5,30.0,0.6,2.0,1.0,0.142211635591942,0.0,0.24246461581923778,3.1031676915590914e-17,0.22752319657885378,0.0,0.289388351476098,0.0,7.028944365106149e-06,2.9565980485951604e-05,-0.010740332575479072,False,False,True,False,False,True
ETTm1,STCG-v1 Weighted Ridge,5,30.0,0.6,4.0,1.0,0.1422124306562378,0.0,0.2424664589725372,0.0,0.227524647184574,0.0,0.28939002326367214,0.0,8.872097664536227e-06,3.140913378538168e-05,-0.010738489422179642,False,False,True,False,False,True
ETTm1,STCG-v1 Weighted Ridge,5,100.0,0.01,0.5,1.0,0.14271047577583298,0.0,0.24264244334526244,0.0,0.22786615874767963,3.1031676915590914e-17,0.28947963142877975,0.0,4.154172605508322e-05,0.0002073935065106114,-0.010562505049454413,False,False,True,False,False,True
ETTm1,STCG-v1 Weighted Ridge,5,100.0,0.01,1.0,1.0,0.14274116876952145,0.0,0.24270640025940698,0.0,0.2279201261848201,3.1031676915590914e-17,0.28950305096266055,0.0,0.00010549864019962496,0.00027135042065515314,-0.01049854813530987,False,False,True,False,False,True
ETTm1,STCG-v1 Weighted Ridge,5,100.0,0.01,2.0,1.0,0.1427679890926387,0.0,0.24283914726678701,0.0,0.22803655713630205,3.1031676915590914e-17,0.2895671511267827,0.0,0.0002382456475796546,0.0004040974280351828,-0.010365801127929841,False,False,True,False,False,True
ETTm1,STCG-v1 Weighted Ridge,5,100.0,0.01,4.0,1.0,0.14279566118892664,0.0,0.24306663965882533,3.1031676915590914e-17,0.2282457481165014,3.1031676915590914e-17,0.28971822833483113,0.0,0.0004657380396179689,0.0006315898200734971,-0.010138308735891527,False,False,True,False,False,True
ETTm1,STCG-v1 Weighted Ridge,5,100.0,0.03,0.5,1.0,0.14270964656626348,0.0,0.24264082305314155,3.1031676915590914e-17,0.22786479950265487,3.1031676915590914e-17,0.2894791394759659,0.0,3.992143393419245e-05,0.00020577321438972063,-0.010564125341575303,False,False,True,False,False,True
ETTm1,STCG-v1 Weighted Ridge,5,100.0,0.03,1.0,1.0,0.14273774406929712,0.0,0.24269959604197008,0.0,0.22791431153390213,0.0,0.28950148644629176,0.0,9.8694422762724e-05,0.0002645462032182522,-0.010505352352746772,False,False,True,False,False,True
ETTm1,STCG-v1 Weighted Ridge,5,100.0,0.03,2.0,1.0,0.1427805679047741,0.0,0.2428221444911985,3.1031676915590914e-17,0.22802073863484865,0.0,0.2895600957811777,0.0,0.00022124287199112858,0.00038709465244665675,-0.010382803903518367,False,False,True,False,False,True
ETTm1,STCG-v1 Weighted Ridge,5,100.0,0.03,4.0,1.0,0.14284541116242244,0.0,0.24300434373307925,0.0,0.22818387613613772,0.0,0.28968169724649406,0.0,0.000403442113871888,0.0005692938943274162,-0.010200604661637608,False,False,True,False,False,True
ETTm1,STCG-v1 Weighted Ridge,5,100.0,0.1,0.5,1.0,0.1427070363667322,0.0,0.24263563715520223,3.1031676915590914e-17,0.22786045662577287,3.1031676915590914e-17,0.28947747883729374,0.0,3.473553599486756e-05,0.00020058731645039574,-0.010569311239514628,False,False,True,False,False,True
ETTm1,STCG-v1 Weighted Ridge,5,100.0,0.1,1.0,1.0,0.1427277782830968,0.0,0.24268011537486456,0.0,0.22789772373556572,0.0,0.2894964562680891,0.0,7.921375565719813e-05,0.0002450655361127263,-0.010524833019852298,False,False,True,False,False,True
ETTm1,STCG-v1 Weighted Ridge,5,100.0,0.1,2.0,1.0,0.14276147751230478,0.0,0.2427606733039524,0.0,0.2279663061371701,0.0,0.28954040769063893,0.0,0.00015977168474504144,0.0003256234652005696,-0.010444275090764454,False,False,True,False,False,True
ETTm1,STCG-v1 Weighted Ridge,5,100.0,0.1,4.0,1.0,0.14279288128118336,0.0,0.2428491111398073,3.1031676915590914e-17,0.22804183473742942,0.0,0.2896096974972647,0.0,0.00024820952059995127,0.00041406130105547945,-0.010355837254909545,False,False,True,False,False,True
ETTm1,STCG-v1 Weighted Ridge,5,100.0,0.3,0.5,1.0,0.14270155212859278,0.0,0.2426239429862685,0.0,0.22785071234690527,0.0,0.289473199836856,0.0,2.304136706113291e-05,0.00018889314751666109,-0.010581005408448363,False,False,True,False,False,True
ETTm1,STCG-v1 Weighted Ridge,5,100.0,0.3,1.0,1.0,0.1427109233922332,0.0,0.242645888791399,0.0,0.22786885932428108,0.0,0.2894849929009911,0.0,4.498717219164616e-05,0.00021083895264717434,-0.01055905960331785,False,False,True,False,False,True
ETTm1,STCG-v1 Weighted Ridge,5,100.0,0.3,2.0,1.0,0.14272314352592871,0.0,0.24267590709856218,0.0,0.22789364100978565,0.0,0.2895067384053973,0.0,7.500547935482271e-05,0.0002408572598103509,-0.010529041296154673,False,False,True,False,False,True
ETTm1,STCG-v1 Weighted Ridge,5,100.0,0.3,4.0,1.0,0.14273288999399525,0.0,0.24270139539391095,0.0,0.2279143424969549,3.1031676915590914e-17,0.28953280104809576,0.0,0.00010049377470358611,0.0002663455551591143,-0.01050355300080591,False,False,True,False,False,True
ETTm1,STCG-v1 Weighted Ridge,5,100.0,0.6,0.5,1.0,0.14269649196403703,0.0,0.24261176488950822,3.1031676915590914e-17,0.22784065547395943,3.1031676915590914e-17,0.2894678230366346,0.0,1.0863270300864869e-05,0.00017671505075639304,-0.010593183505208631,False,False,True,False,False,True
ETTm1,STCG-v1 Weighted Ridge,5,100.0,0.6,1.0,1.0,0.1426993897075372,0.0,0.2426194637699745,0.0,0.2278469254329663,0.0,0.28947290938521164,0.0,1.856215076714851e-05,0.00018441393122267669,-0.010585484624742347,False,False,True,False,False,True
ETTm1,STCG-v1 Weighted Ridge,5,100.0,0.6,2.0,1.0,0.14270289111488985,0.0,0.2426280617346746,0.0,0.22785386081566586,0.0,0.2894807100105276,0.0,2.716011546724517e-05,0.00019301189592277335,-0.01057688666004225,False,False,True,False,False,True
ETTm1,STCG-v1 Weighted Ridge,5,100.0,0.6,4.0,1.0,0.14270625430239692,0.0,0.24263455778279966,0.0,0.22785903199909852,0.0,0.2894893294329918,0.0,3.365616359229939e-05,0.00019950794404782757,-0.010570390611917196,False,False,True,False,False,True
ETTm2,Persistence,5,nan,,,,0.08528230369485797,0.0,0.1561058147423411,0.0,0.13914176608904757,0.0,0.22638103993847292,0.0,nan,0.006699612932754395,0.0,False,False,False,False,False,False
ETTm2,Dense Ridge,5,0.1,,,,0.08766274345783254,0.0,0.14940788690786705,0.0,0.13187548465897656,0.0,0.21424959906419158,0.0,0.0,1.6850982803573444e-06,-0.006697927834474038,False,False,True,False,False,True
ETTm2,Dense Ridge,5,0.3,,,,0.08766866229488554,0.0,0.1494076353286036,0.0,0.1318806907717496,0.0,0.21424720281506052,3.1031676915590914e-17,0.0,1.4335190169079137e-06,-0.006698179413737487,False,False,True,False,False,True
ETTm2,Dense Ridge,5,1.0,,,,0.0876896792950837,0.0,0.14940692473000697,0.0,0.13189928731618125,0.0,0.21423893629551957,0.0,0.0,7.229204202763295e-07,-0.006698890012334119,False,False,True,False,False,True
ETTm2,Dense Ridge,5,3.0,,,,0.08775164697144547,0.0,0.1494062018095867,0.0,0.13195524098329242,0.0,0.2142162232616483,0.0,0.0,0.0,-0.006699612932754395,False,False,True,False,False,True
ETTm2,Dense Ridge,5,10.0,,,,0.08798739736925996,0.0,0.14941501619976408,0.0,0.1321722879415011,0.0,0.2141443732914167,0.0,0.0,8.814390177386278e-06,-0.006690798542577009,False,False,True,False,False,True
ETTm2,Dense Ridge,5,30.0,,,,0.08868790239965824,0.0,0.14949044589855515,0.0,0.132821207556783,0.0,0.21397793091909062,3.1031676915590914e-17,0.0,8.424408896845481e-05,-0.00661536884378594,False,False,True,False,False,True
ETTm2,Dense Ridge,5,100.0,,,,0.09054910300384215,0.0,0.1498631585254018,0.0,0.13444515539779647,0.0,0.21362475208048556,0.0,0.0,0.00045695671581511,-0.006242656216939285,False,False,True,False,False,True
ETTm2,DynVAR-Lasso Weighted Ridge,5,0.1,0.01,0.5,1.0,0.0876624229116953,0.0,0.14940775090741962,0.0,0.13187537445676717,0.0,0.2142493418228842,3.1031676915590914e-17,-1.3600044743156126e-07,1.5490978329257832e-06,-0.006698063834921469,True,False,True,False,False,True
ETTm2,DynVAR-Lasso Weighted Ridge,5,0.1,0.01,1.0,1.0,0.0876618204026646,0.0,0.14940750040043693,0.0,0.13187517434973742,0.0,0.21424877161390024,0.0,-3.8650743011681143e-07,1.298590850240533e-06,-0.006698314341904155,True,False,True,False,False,True
ETTm2,DynVAR-Lasso Weighted Ridge,5,0.1,0.01,2.0,1.0,0.08765885936792378,0.0,0.1494063277101895,0.0,0.13187425449235876,0.0,0.21424560433243464,0.0,-1.5591976775530814e-06,1.2590060280426307e-07,-0.006699487032151591,True,False,True,False,False,True
ETTm2,DynVAR-Lasso Weighted Ridge,5,0.1,0.01,4.0,1.0,0.08764697793394871,0.0,0.14940161867307153,0.0,0.13187032025076614,0.0,0.2142370301477098,0.0,-6.268234795520078e-06,-4.5831365151627335e-06,-0.006704196069269558,True,True,True,False,False,True
ETTm2,DynVAR-Lasso Weighted Ridge,5,0.1,0.03,0.5,1.0,0.08766243521416114,0.0,0.1494077560365927,0.0,0.13187537854976197,0.0,0.214249353595762,0.0,-1.308712743453011e-07,1.5542270060120433e-06,-0.006698058705748383,True,False,True,False,False,True
ETTm2,DynVAR-Lasso Weighted Ridge,5,0.1,0.03,1.0,1.0,0.08766189146716162,0.0,0.14940752815337438,0.0,0.13187519583207594,0.0,0.21424885319808412,3.1031676915590914e-17,-3.587544926686448e-07,1.3263437876886996e-06,-0.0066982865889667065,True,False,True,False,False,True
ETTm2,DynVAR-Lasso Weighted Ridge,5,0.1,0.03,2.0,1.0,0.08765981366671856,0.0,0.1494066598534308,0.0,0.13187450020959562,0.0,0.21424684807099661,3.1031676915590914e-17,-1.227054436253594e-06,4.5804384410375043e-07,-0.006699154888910291,True,False,True,False,False,True
ETTm2,DynVAR-Lasso Weighted Ridge,5,0.1,0.03,4.0,1.0,0.08765484652187441,0.0,0.14940447432278825,0.0,0.13187263916414407,0.0,0.21424416431247179,3.1031676915590914e-17,-3.4125850787991574e-06,-1.727486798441813e-06,-0.006701340419552837,True,True,True,False,False,True
ETTm2,DynVAR-Lasso Weighted Ridge,5,0.1,0.1,0.5,1.0,0.08766247462502022,0.0,0.14940777256464258,0.0,0.1318753917809531,0.0,0.21424939034734405,0.0,-1.143432244721243e-07,1.5707550558852201e-06,-0.00669804217769851,True,False,True,False,False,True
ETTm2,DynVAR-Lasso Weighted Ridge,5,0.1,0.1,1.0,1.0,0.08766207904609283,0.0,0.14940760412499254,0.0,0.13187525543629638,0.0,0.21424905741259542,0.0,-2.827828745055605e-07,1.402315405851784e-06,-0.006698210617348543,True,False,True,False,False,True
ETTm2,DynVAR-Lasso Weighted Ridge,5,0.1,0.1,2.0,1.0,0.08766110005259063,0.0,0.14940717523169428,0.0,0.13187490247797717,0.0,0.2142483270559135,3.1031676915590914e-17,-7.116761727710141e-07,9.734221075863303e-07,-0.006698639510646809,True,False,True,False,False,True
ETTm2,DynVAR-Lasso Weighted Ridge,5,0.1,0.1,4.0,1.0,0.08765973130705434,0.0,0.14940659765181677,0.0,0.1318744082133733,0.0,0.21424792603103454,3.1031676915590914e-17,-1.2892560502797412e-06,3.958422300776032e-07,-0.006699217090524318,True,False,True,False,False,True
ETTm2,DynVAR-Lasso Weighted Ridge,5,0.1,0.3,0.5,1.0,0.08766256399739634,0.0,0.14940781043973916,0.0,0.13187542232053168,0.0,0.21424946798926428,0.0,-7.646812788530966e-08,1.6086301524720348e-06,-0.006698004302601923,True,False,True,False,False,True
ETTm2,DynVAR-Lasso Weighted Ridge,5,0.1,0.3,1.0,1.0,0.08766237692043298,0.0,0.14940773019838202,0.0,0.13187535654902643,0.0,0.2142493384609608,0.0,-1.5670948502743975e-07,1.5283887953299047e-06,-0.006698084543959065,True,False,True,False,False,True
ETTm2,DynVAR-Lasso Weighted Ridge,5,0.1,0.3,2.0,1.0,0.08766208622637119,0.0,0.1494076059184928,0.0,0.13187525300562228,0.0,0.21424919399212933,3.1031676915590914e-17,-2.8098937424059223e-07,1.4041089061167522e-06,-0.006698208823848278,True,False,True,False,False,True
ETTm2,DynVAR-Lasso Weighted Ridge,5,0.1,0.3,4.0,1.0,0.08766183338398098,0.0,0.1494075131734282,0.0,0.13187517608226515,0.0,0.21424916456187454,3.1031676915590914e-17,-3.737344388410335e-07,1.311363841516311e-06,-0.006698301568912879,True,False,True,False,False,True
ETTm2,DynVAR-Lasso Weighted Ridge,5,0.1,0.6,0.5,1.0,0.08766265819083381,0.0,0.14940785064375872,0.0,0.13187545501076334,0.0,0.21424954097284502,0.0,-3.626410832735516e-08,1.6488341720299893e-06,-0.006697964098582365,True,False,True,False,False,True
ETTm2,DynVAR-Lasso Weighted Ridge,5,0.1,0.6,1.0,1.0,0.08766259398414271,0.0,0.14940782352436424,0.0,0.13187543267733293,0.0,0.2142495045876839,0.0,-6.338350280743477e-08,1.6217147775499097e-06,-0.006697991217976845,True,False,True,False,False,True
ETTm2,DynVAR-Lasso Weighted Ridge,5,0.1,0.6,2.0,1.0,0.08766251958153295,0.0,0.14940779356386763,0.0,0.1318754078978435,0.0,0.21424947802059746,0.0,-9.334399941884897e-08,1.5917542809384955e-06,-0.006698021178473457,True,False,True,False,False,True
ETTm2,DynVAR-Lasso Weighted Ridge,5,0.1,0.6,4.0,1.0,0.0876624703455207,0.0,0.14940777803778066,0.0,0.13187539579794388,0.0,0.21424947576590778,0.0,-1.0887008639048901e-07,1.5762281939668554e-06,-0.006698036704560428,True,False,True,False,False,True
ETTm2,DynVAR-Lasso Weighted Ridge,5,0.3,0.01,0.5,1.0,0.08766772011397089,0.0,0.14940724191197655,0.0,0.13188037163463331,0.0,0.21424646119885674,0.0,-3.93416627053611e-07,1.0401023898543027e-06,-0.006698572830364541,True,False,True,False,False,True
ETTm2,DynVAR-Lasso Weighted Ridge,5,0.3,0.01,1.0,1.0,0.08766598750607797,0.0,0.14940654213880208,0.0,0.13187981136298835,0.0,0.2142448852485468,0.0,-1.093189801515404e-06,3.403292153925097e-07,-0.006699272603539003,True,False,True,False,False,True
ETTm2,DynVAR-Lasso Weighted Ridge,5,0.3,0.01,2.0,1.0,0.08765800873729189,0.0,0.14940367356961923,0.0,0.13187754448898698,0.0,0.21423740233467736,0.0,-3.961758984372121e-06,-2.5282399674642075e-06,-0.006702141172721859,True,True,True,False,False,True
ETTm2,DynVAR-Lasso Weighted Ridge,5,0.3,0.01,4.0,1.0,0.08762830338336593,0.0,0.14939476986634848,0.0,0.13186986586165655,0.0,0.21422294360588542,3.1031676915590914e-17,-1.286546225512386e-05,-1.1431943238215947e-05,-0.006711044875992611,True,True,True,False,False,True
ETTm2,DynVAR-Lasso Weighted Ridge,5,0.3,0.03,0.5,1.0,0.08766775594033195,0.0,0.1494072565634187,0.0,0.13188038334123195,0.0,0.21424649472237203,3.1031676915590914e-17,-3.787651849107565e-07,1.0547538319971572e-06,-0.006698558178922398,True,False,True,False,False,True
ETTm2,DynVAR-Lasso Weighted Ridge,5,0.3,0.03,1.0,1.0,0.08766618714419437,0.0,0.14940661729978963,0.0,0.1318798696127223,0.0,0.21424510529642093,0.0,-1.0180288139705063e-06,4.1549020293740746e-07,-0.006699197442551458,True,False,True,False,False,True
ETTm2,DynVAR-Lasso Weighted Ridge,5,0.3,0.03,2.0,1.0,0.08766040942827424,0.0,0.14940438599139336,0.0,0.1318780700864239,0.0,0.21424010914097544,0.0,-3.2493372102426754e-06,-1.8158181933347617e-06,-0.00670142875094773,True,True,True,False,False,True
ETTm2,DynVAR-Lasso Weighted Ridge,5,0.3,0.03,4.0,1.0,0.08764707342864352,0.0,0.14939937342151444,0.0,0.13187372054072738,0.0,0.21423484112587127,0.0,-8.26190708916319e-06,-6.828388072255276e-06,-0.0067064413208266505,True,True,True,False,False,True
ETTm2,DynVAR-Lasso Weighted Ridge,5,0.3,0.1,0.5,1.0,0.08766787086083955,0.0,0.14940730389063778,0.0,0.1318804212764967,0.0,0.21424659963319578,3.1031676915590914e-17,-3.3143796582257856e-07,1.1020810510853352e-06,-0.00669851085170331,True,False,True,False,False,True
ETTm2,DynVAR-Lasso Weighted Ridge,5,0.3,0.1,1.0,1.0,0.0876667211049935,0.0,0.14940682640255878,0.0,0.13188003396446596,0.0,0.2142456643895602,0.0,-8.089260448151947e-07,6.24592972092719e-07,-0.0066989883397823025,True,False,True,False,False,True
ETTm2,DynVAR-Lasso Weighted Ridge,5,0.3,0.1,2.0,1.0,0.08766391425871806,0.0,0.14940565498189548,0.0,0.1318790653756054,0.0,0.21424372043298248,0.0,-1.980346708119196e-06,-5.468276912112824e-07,-0.0067001597604456065,True,True,True,False,False,True
ETTm2,DynVAR-Lasso Weighted Ridge,5,0.3,0.1,4.0,1.0,0.08766001263950296,0.0,0.14940413103694827,0.0,0.1318777502035353,0.0,0.21424283237265535,0.0,-3.504291655326286e-06,-2.0707726384183722e-06,-0.0067016837053928136,True,True,True,False,False,True
ETTm2,DynVAR-Lasso Weighted Ridge,5,0.3,0.3,0.5,1.0,0.08766813279430216,0.0,0.14940741295149482,0.0,0.13188050932155987,0.0,0.21424682254936206,0.0,-2.2237710878281192e-07,1.2111419081251018e-06,-0.00669840179084627,True,False,True,False,False,True
ETTm2,DynVAR-Lasso Weighted Ridge,5,0.3,0.3,1.0,1.0,0.08766758441279554,0.0,0.14940718205621953,0.0,0.13188031977032919,0.0,0.21424645257534433,0.0,-4.532723840711128e-07,9.80246632836801e-07,-0.006698632686121558,True,False,True,False,False,True
ETTm2,DynVAR-Lasso Weighted Ridge,5,0.3,0.3,2.0,1.0,0.08766673485191828,0.0,0.14940682814986625,0.0,0.1318800242127721,0.0,0.21424605002483946,0.0,-8.071787373498118e-07,6.263402795581019e-07,-0.006698986592474837,True,False,True,False,False,True
ETTm2,DynVAR-Lasso Weighted Ridge,5,0.3,0.3,4.0,1.0,0.0876659950236134,0.0,0.14940656755193368,0.0,0.13187980764952392,0.0,0.2142459822844379,3.1031676915590914e-17,-1.0677766699163094e-06,3.6574234699160435e-07,-0.006699247190407404,True,False,True,False,False,True
ETTm2,DynVAR-Lasso Weighted Ridge,5,0.3,0.6,0.5,1.0,0.08766841029641562,0.0,0.14940752953612643,0.0,0.13188060421436915,0.0,0.21424703366567904,3.1031676915590914e-17,-1.0579247716746565e-07,1.327726539740448e-06,-0.006698285206214655,True,False,True,False,False,True
ETTm2,DynVAR-Lasso Weighted Ridge,5,0.3,0.6,1.0,1.0,0.08766822076043612,0.0,0.14940745072397005,0.0,0.1318805392468695,0.0,0.21424692856192645,3.1031676915590914e-17,-1.8460463355185475e-07,1.248914383356059e-06,-0.006698364018371039,True,False,True,False,False,True
ETTm2,DynVAR-Lasso Weighted Ridge,5,0.3,0.6,2.0,1.0,0.087668001322326,0.0,0.14940736395042553,0.0,0.13188046741030188,0.0,0.21424685296959795,0.0,-2.7137817806832665e-07,1.162140838839587e-06,-0.006698450791915556,True,False,True,False,False,True
ETTm2,DynVAR-Lasso Weighted Ridge,5,0.3,0.6,4.0,1.0,0.08766785623000162,0.0,0.14940731946038482,0.0,0.13188043279960435,0.0,0.21424684810934075,0.0,-3.158682187753836e-07,1.11765079813253e-06,-0.006698495281956263,True,False,True,False,False,True
ETTm2,DynVAR-Lasso Weighted Ridge,5,1.0,0.01,0.5,1.0,0.08768670773489726,0.0,0.14940576192524482,0.0,0.13189834072779308,0.0,0.2142367672632015,0.0,-1.162804762144809e-06,-4.3988434186847947e-07,-0.006700052817096264,True,True,True,False,False,True
ETTm2,DynVAR-Lasso Weighted Ridge,5,1.0,0.01,1.0,1.0,0.08768149571339022,0.0,0.14940389148309005,0.0,0.13189683198324847,0.0,0.2142326773244087,3.1031676915590914e-17,-3.0332469169169762e-06,-2.3103264966406467e-06,-0.006701923259251036,True,True,True,False,False,True
ETTm2,DynVAR-Lasso Weighted Ridge,5,1.0,0.01,2.0,1.0,0.08766002013419447,0.0,0.14939808614291708,0.0,0.1318921421831345,0.0,0.21421844830188883,3.1031676915590914e-17,-8.838587089887717e-06,-8.115666669611388e-06,-0.0067077285994240066,True,True,True,False,False,True
ETTm2,DynVAR-Lasso Weighted Ridge,5,1.0,0.01,4.0,1.0,0.08758765953027095,0.0,0.14938712170014343,0.0,0.13188195359397523,0.0,0.21421078957218773,3.1031676915590914e-17,-1.980302986354099e-05,-1.908010944326466e-05,-0.00671869304219766,True,True,True,False,False,True
ETTm2,DynVAR-Lasso Weighted Ridge,5,1.0,0.03,0.5,1.0,0.08768681848761004,0.0,0.1494058035634596,0.0,0.13189837413624825,0.0,0.2142368617089055,3.1031676915590914e-17,-1.121166547379815e-06,-3.982461271034854e-07,-0.006700011178881499,True,True,True,False,False,True
ETTm2,DynVAR-Lasso Weighted Ridge,5,1.0,0.03,1.0,1.0,0.08768206842365905,0.0,0.14940407586940108,0.0,0.131896975597582,0.0,0.21423321378664234,0.0,-2.8488606058918453e-06,-2.1259401856155158e-06,-0.006701738872940011,True,True,True,False,False,True
ETTm2,DynVAR-Lasso Weighted Ridge,5,1.0,0.03,2.0,1.0,0.08766588597602236,0.0,0.1493991598114096,0.0,0.13189293324324097,0.0,0.2142229425454279,0.0,-7.764918597358283e-06,-7.041998177081954e-06,-0.006706654930931477,True,True,True,False,False,True
ETTm2,DynVAR-Lasso Weighted Ridge,5,1.0,0.03,4.0,1.0,0.0876306075714077,0.0,0.1493904199695779,0.0,0.13188501999245275,0.0,0.21421894506753297,3.1031676915590914e-17,-1.6504760429081333e-05,-1.5781840008805004e-05,-0.0067153947727632,True,True,True,False,False,True
ETTm2,DynVAR-Lasso Weighted Ridge,5,1.0,0.1,0.5,1.0,0.08768717553754928,0.0,0.14940593905379085,0.0,0.1318984831903646,0.0,0.21423715942153435,0.0,-9.856762161197796e-07,-2.627557958434501e-07,-0.006699875688550239,True,True,True,False,False,True
ETTm2,DynVAR-Lasso Weighted Ridge,5,1.0,0.1,1.0,1.0,0.08768363886465057,0.0,0.14940461088965518,0.0,0.13189739871514675,0.0,0.21423462841668656,0.0,-2.3138403517919404e-06,-1.5909199315156108e-06,-0.006701203852685911,True,True,True,False,False,True
ETTm2,DynVAR-Lasso Weighted Ridge,5,1.0,0.1,2.0,1.0,0.08767529470158372,0.0,0.14940166231869387,0.0,0.1318949260605899,0.0,0.21423010695290273,3.1031676915590914e-17,-5.262411313100568e-06,-4.539490892824238e-06,-0.006704152423647219,True,True,True,False,False,True
ETTm2,DynVAR-Lasso Weighted Ridge,5,1.0,0.1,4.0,1.0,0.0876639089751455,0.0,0.14939815804690776,0.0,0.1318918331639925,0.0,0.21422941062968354,3.1031676915590914e-17,-8.766683099209471e-06,-8.043762678933142e-06,-0.006707656695433328,True,True,True,False,False,True
ETTm2,DynVAR-Lasso Weighted Ridge,5,1.0,0.3,0.5,1.0,0.08768799537014062,0.0,0.14940625666402024,0.0,0.13189874060633758,0.0,0.21423780290825473,0.0,-6.68065986725308e-07,5.4854433551021486e-08,-0.006699558078320844,True,False,True,False,False,True
ETTm2,DynVAR-Lasso Weighted Ridge,5,1.0,0.3,1.0,1.0,0.08768627078481923,0.0,0.14940558554304936,0.0,0.13189818692731045,0.0,0.21423675366119416,3.1031676915590914e-17,-1.339186957605154e-06,-6.162665373288245e-07,-0.006700229199291724,True,True,True,False,False,True
ETTm2,DynVAR-Lasso Weighted Ridge,5,1.0,0.3,2.0,1.0,0.08768361864961571,0.0,0.1494045888021186,0.0,0.13189734835350034,0.0,0.21423570459932856,3.1031676915590914e-17,-2.335927888369449e-06,-1.6130074680931195e-06,-0.006701225940222488,True,True,True,False,False,True
ETTm2,DynVAR-Lasso Weighted Ridge,5,1.0,0.3,4.0,1.0,0.08768131503305984,0.0,0.14940388667199594,0.0,0.13189676180197446,0.0,0.21423566974641636,0.0,-3.0380580110234146e-06,-2.315137590747085e-06,-0.006701928070345142,True,True,True,False,False,True
ETTm2,DynVAR-Lasso Weighted Ridge,5,1.0,0.6,0.5,1.0,0.08768887363648431,0.0,0.14940660372328157,0.0,0.13189902402832226,0.0,0.21423842635685547,3.1031676915590914e-17,-3.210067253955895e-07,4.0191369488074e-07,-0.0066992110190595144,True,False,True,False,False,True
ETTm2,DynVAR-Lasso Weighted Ridge,5,1.0,0.6,1.0,1.0,0.08768826965437161,0.0,0.14940636751509356,0.0,0.1318988286973298,0.0,0.21423811793770392,3.1031676915590914e-17,-5.572149134047688e-07,1.6570550687156071e-07,-0.006699447227247524,True,False,True,False,False,True
ETTm2,DynVAR-Lasso Weighted Ridge,5,1.0,0.6,2.0,1.0,0.08768757066418827,0.0,0.14940611034858997,0.0,0.13189861516938545,0.0,0.21423790809784168,0.0,-8.143814169969676e-07,-9.146099672063812e-08,-0.006699704393751116,True,True,True,False,False,True
ETTm2,DynVAR-Lasso Weighted Ridge,5,1.0,0.6,4.0,1.0,0.08768710848396907,0.0,0.14940598346464087,0.0,0.1318985171839633,0.0,0.21423791134741293,3.1031676915590914e-17,-9.412653660945125e-07,-2.1834494581818298e-07,-0.006699831277700213,True,True,True,False,False,True
ETTm2,DynVAR-Lasso Weighted Ridge,5,3.0,0.01,0.5,1.0,0.08774372361932631,0.0,0.14940360826463223,0.0,0.13195311350481007,0.0,0.21421148931765882,3.1031676915590914e-17,-2.593544954465621e-06,-2.593544954465621e-06,-0.006702206477708861,True,True,True,False,False,True
ETTm2,DynVAR-Lasso Weighted Ridge,5,3.0,0.01,1.0,1.0,0.0877307577246128,0.0,0.14940014819531247,0.0,0.13195028058228936,0.0,0.21420427137898237,0.0,-6.053614274220687e-06,-6.053614274220687e-06,-0.006705666547028616,True,True,True,False,False,True
ETTm2,DynVAR-Lasso Weighted Ridge,5,3.0,0.01,2.0,1.0,0.08768202851008812,0.0,0.14939307645174144,0.0,0.13194432690921415,0.0,0.214189057087037,3.1031676915590914e-17,-1.3125357845256147e-05,-1.3125357845256147e-05,-0.006712738290599651,True,True,True,False,False,True
ETTm2,DynVAR-Lasso Weighted Ridge,5,3.0,0.01,4.0,1.0,0.08754148167975999,0.0,0.14939827109768808,0.0,0.13194681571038094,0.0,0.21424967897293237,0.0,-7.930711898612719e-06,-7.930711898612719e-06,-0.006707543644653008,True,True,True,False,False,True
ETTm2,DynVAR-Lasso Weighted Ridge,5,3.0,0.03,0.5,1.0,0.08774400818147571,0.0,0.14940369371978152,0.0,0.13195318268439554,0.0,0.21421168114182895,3.1031676915590914e-17,-2.508089805175473e-06,-2.508089805175473e-06,-0.006702121022559571,True,True,True,False,False,True
ETTm2,DynVAR-Lasso Weighted Ridge,5,3.0,0.03,1.0,1.0,0.0877320989887139,0.0,0.1494004413290402,0.0,0.13195051120855708,0.0,0.2142051469980481,3.1031676915590914e-17,-5.760480546485036e-06,-5.760480546485036e-06,-0.00670537341330088,True,True,True,False,False,True
ETTm2,DynVAR-Lasso Weighted Ridge,5,3.0,0.03,2.0,1.0,0.0876945241159799,0.0,0.1493936994931308,0.0,0.131944775615317,0.0,0.2141930682773044,3.1031676915590914e-17,-1.2502316455886842e-05,-1.2502316455886842e-05,-0.006712115249210282,True,True,True,False,False,True
ETTm2,DynVAR-Lasso Weighted Ridge,5,3.0,0.03,4.0,1.0,0.08762046754189337,0.0,0.14938828139573598,0.0,0.1319391926564025,0.0,0.21421479907594793,3.1031676915590914e-17,-1.7920413850708306e-05,-1.7920413850708306e-05,-0.0067175333466051035,True,True,True,False,False,True
ETTm2,DynVAR-Lasso Weighted Ridge,5,3.0,0.1,0.5,1.0,0.08774493210012903,0.0,0.14940397585658885,0.0,0.1319534117993582,0.0,0.2142122935120087,3.1031676915590914e-17,-2.2259529978418957e-06,-2.2259529978418957e-06,-0.006701838885752237,True,True,True,False,False,True
ETTm2,DynVAR-Lasso Weighted Ridge,5,3.0,0.1,1.0,1.0,0.08773588076776244,0.0,0.14940135084005007,0.0,0.13195123928467486,0.0,0.21420756626319754,3.1031676915590914e-17,-4.850969536618344e-06,-4.850969536618344e-06,-0.0067044639022910135,True,True,True,False,False,True
ETTm2,DynVAR-Lasso Weighted Ridge,5,3.0,0.1,2.0,1.0,0.08771547585211327,0.0,0.14939645511305405,0.0,0.13194702759804797,0.0,0.21420153942376402,0.0,-9.74669653264204e-06,-9.74669653264204e-06,-0.006709359629287037,True,True,True,False,False,True
ETTm2,DynVAR-Lasso Weighted Ridge,5,3.0,0.1,4.0,1.0,0.08768865500167115,0.0,0.1493918894102536,0.0,0.13194283441672833,0.0,0.21420733246262094,0.0,-1.4312399333082926e-05,-1.4312399333082926e-05,-0.006713925332087478,True,True,True,False,False,True
ETTm2,DynVAR-Lasso Weighted Ridge,5,3.0,0.3,0.5,1.0,0.08774708842485618,0.0,0.14940466075332634,0.0,0.1319539716367884,0.0,0.2142136590014208,0.0,-1.5410562603512812e-06,-1.5410562603512812e-06,-0.0067011539890147465,True,True,True,False,False,True
ETTm2,DynVAR-Lasso Weighted Ridge,5,3.0,0.3,1.0,1.0,0.08774251891988818,0.0,0.14940321918373434,0.0,0.13195276976602846,0.0,0.21421154477814786,0.0,-2.982625852354648e-06,-2.982625852354648e-06,-0.00670259555860675,True,True,True,False,False,True
ETTm2,DynVAR-Lasso Weighted Ridge,5,3.0,0.3,2.0,1.0,0.08773558235774076,0.0,0.14940121630253228,0.0,0.13195105974501015,0.0,0.21420991584878174,0.0,-4.9855070544113644e-06,-4.9855070544113644e-06,-0.0067045984398088065,True,True,True,False,False,True
ETTm2,DynVAR-Lasso Weighted Ridge,5,3.0,0.3,4.0,1.0,0.08772960688697484,0.0,0.1493999776577375,0.0,0.1319500202175248,0.0,0.214210769927527,0.0,-6.224151849199e-06,-6.224151849199e-06,-0.006705837084603594,True,True,True,False,False,True
ETTm2,DynVAR-Lasso Weighted Ridge,5,3.0,0.6,0.5,1.0,0.0877494446730037,0.0,0.1494054449477789,0.0,0.13195461675358292,0.0,0.21421504180399306,3.1031676915590914e-17,-7.568618077824496e-07,-7.568618077824496e-07,-0.006700369794562178,True,True,True,False,False,True
ETTm2,DynVAR-Lasso Weighted Ridge,5,3.0,0.6,1.0,1.0,0.08774780326532261,0.0,0.1494049038100465,0.0,0.13195416617407524,0.0,0.21421437744372093,3.1031676915590914e-17,-1.2979995401840583e-06,-1.2979995401840583e-06,-0.006700910932294579,True,True,True,False,False,True
ETTm2,DynVAR-Lasso Weighted Ridge,5,3.0,0.6,2.0,1.0,0.08774590138527025,0.0,0.14940433154614496,0.0,0.13195368834915835,0.0,0.21421400505133503,0.0,-1.8702634417278041e-06,-1.8702634417278041e-06,-0.006701483196196123,True,True,True,False,False,True
ETTm2,DynVAR-Lasso Weighted Ridge,5,3.0,0.6,4.0,1.0,0.08774464234982476,0.0,0.14940408204465247,0.0,0.13195350173180384,0.0,0.2142141326212641,0.0,-2.119764934221946e-06,-2.119764934221946e-06,-0.006701732697688617,True,True,True,False,False,True
ETTm2,DynVAR-Lasso Weighted Ridge,5,10.0,0.01,0.5,1.0,0.08796678180970156,0.0,0.1494109821180195,0.0,0.13216895346755092,0.0,0.21413725039718962,3.1031676915590914e-17,-4.034081744569429e-06,4.780308432816849e-06,-0.006694832624321578,True,False,True,False,False,True
ETTm2,DynVAR-Lasso Weighted Ridge,5,10.0,0.01,1.0,1.0,0.08793554583158938,0.0,0.1494074294533411,0.0,0.13216602243649497,0.0,0.2141305879516036,0.0,-7.5867464229828485e-06,1.227643754403429e-06,-0.006698385288999992,True,False,True,False,False,True
ETTm2,DynVAR-Lasso Weighted Ridge,5,10.0,0.01,2.0,1.0,0.08783046118236526,0.0,0.14941103040839168,0.0,0.13216850223829973,0.0,0.2141533559062157,3.1031676915590914e-17,-3.985791372396186e-06,4.828598804990092e-06,-0.006694784333949405,True,False,True,False,False,True
ETTm2,DynVAR-Lasso Weighted Ridge,5,10.0,0.01,4.0,1.0,0.0876046464993327,0.0,0.1494962361883579,0.0,0.13223457832792862,0.0,0.21446465699038483,0.0,8.121998859381141e-05,9.003437877119769e-05,-0.0066095785539831975,False,False,True,False,False,True
ETTm2,DynVAR-Lasso Weighted Ridge,5,10.0,0.03,0.5,1.0,0.08796748832346075,0.0,0.14941109365805433,0.0,0.13216904397020077,0.0,0.21413751078969417,3.1031676915590914e-17,-3.922541709749927e-06,4.8918484676363505e-06,-0.006694721084286759,True,False,True,False,False,True
ETTm2,DynVAR-Lasso Weighted Ridge,5,10.0,0.03,1.0,1.0,0.0879386151334111,0.0,0.1494076265162932,0.0,0.1321661712026037,0.0,0.2141313579981338,0.0,-7.389683470887531e-06,1.4247067064987462e-06,-0.006698188226047896,True,False,True,False,False,True
ETTm2,DynVAR-Lasso Weighted Ridge,5,10.0,0.03,2.0,1.0,0.08785572219576981,0.0,0.14940780322825123,0.0,0.1321659755832651,0.0,0.21414399497990438,0.0,-7.2129715128488314e-06,1.6014186645374462e-06,-0.006698011514089858,True,False,True,False,False,True
ETTm2,DynVAR-Lasso Weighted Ridge,5,10.0,0.03,4.0,1.0,0.08772283558163321,0.0,0.14944156701368402,0.0,0.1321922790891672,0.0,0.2142856331099642,3.1031676915590914e-17,2.6550813919945515e-05,3.536520409733179e-05,-0.006664247728657063,False,False,True,False,False,True
ETTm2,DynVAR-Lasso Weighted Ridge,5,10.0,0.1,0.5,1.0,0.08796979427017462,0.0,0.14941147259910276,0.0,0.13216935286836684,0.0,0.21413835468012823,0.0,-3.543600661320978e-06,5.2707895160652996e-06,-0.00669434214323833,True,False,True,False,False,True
ETTm2,DynVAR-Lasso Weighted Ridge,5,10.0,0.1,1.0,1.0,0.08794742443983465,0.0,0.14940837552286082,0.0,0.13216676097461227,0.0,0.21413366783270202,3.1031676915590914e-17,-6.640676903257869e-06,2.173713274128408e-06,-0.006697439219480267,True,False,True,False,False,True
ETTm2,DynVAR-Lasso Weighted Ridge,5,10.0,0.1,2.0,1.0,0.08790013080880714,0.0,0.1494055762967982,0.0,0.13216419699147422,0.0,0.2141379542326772,0.0,-9.439902965868718e-06,-6.255127884824407e-07,-0.006700238445542878,True,True,True,False,False,True
ETTm2,DynVAR-Lasso Weighted Ridge,5,10.0,0.1,4.0,1.0,0.0878441003121612,0.0,0.14941060360198577,0.0,0.13216789720793598,0.0,0.214179736406208,0.0,-4.412597778308269e-06,4.401792399078008e-06,-0.006695211140355317,True,False,True,False,False,True
ETTm2,DynVAR-Lasso Weighted Ridge,5,10.0,0.3,0.5,1.0,0.08797528337060251,0.0,0.1494124591937171,0.0,0.1321701646546937,0.0,0.21414031241486803,3.1031676915590914e-17,-2.557006046982613e-06,6.257384130403665e-06,-0.0066933555486239915,True,False,True,False,False,True
ETTm2,DynVAR-Lasso Weighted Ridge,5,10.0,0.3,1.0,1.0,0.08796355647095191,0.0,0.14941044115409224,0.0,0.13216846127474866,0.0,0.21413800361386928,0.0,-4.575045671834088e-06,4.2393445055521894e-06,-0.006695373588248843,True,False,True,False,False,True
ETTm2,DynVAR-Lasso Weighted Ridge,5,10.0,0.3,2.0,1.0,0.08794620774233528,0.0,0.14940822935451617,0.0,0.13216652966244727,0.0,0.21413895314399292,0.0,-6.786845247908069e-06,2.027544929478209e-06,-0.006697585387824917,True,False,True,False,False,True
ETTm2,DynVAR-Lasso Weighted Ridge,5,10.0,0.3,4.0,1.0,0.08793168458921642,0.0,0.14940797643549572,0.0,0.13216635159999152,0.0,0.21414568412937146,3.1031676915590914e-17,-7.039764268357285e-06,1.7746259090289929e-06,-0.006697838306845366,True,False,True,False,False,True
ETTm2,DynVAR-Lasso Weighted Ridge,5,10.0,0.6,0.5,1.0,0.08798146278178987,0.0,0.14941370230570922,0.0,0.13217119587248688,0.0,0.21414242554143564,3.1031676915590914e-17,-1.3138940548607092e-06,7.500496122525568e-06,-0.00669211243663187,True,False,True,False,False,True
ETTm2,DynVAR-Lasso Weighted Ridge,5,10.0,0.6,1.0,1.0,0.0879770803156121,0.0,0.14941283421134072,0.0,0.13217046639069377,0.0,0.21414160959670053,0.0,-2.1819884233609255e-06,6.632401754025352e-06,-0.00669298053100037,True,False,True,False,False,True
ETTm2,DynVAR-Lasso Weighted Ridge,5,10.0,0.6,2.0,1.0,0.08797203029567492,0.0,0.14941201897122894,0.0,0.13216978384205152,0.0,0.2141417102743212,0.0,-2.9972285351398398e-06,5.817161642246438e-06,-0.006693795771112149,True,False,True,False,False,True
ETTm2,DynVAR-Lasso Weighted Ridge,5,10.0,0.6,4.0,1.0,0.08796874162073945,0.0,0.14941188773479427,0.0,0.13216973789988654,0.0,0.21414274051855547,0.0,-3.1284649698037903e-06,5.685925207582487e-06,-0.006693927007546813,True,False,True,False,False,True
ETTm2,DynVAR-Lasso Weighted Ridge,5,30.0,0.01,0.5,1.0,0.08864356218762089,0.0,0.14948847670489274,0.0,0.13281957926974985,0.0,0.21397434483964886,0.0,-1.969193662409996e-06,8.227489530604482e-05,-0.00661733803744835,True,False,True,False,False,True
ETTm2,DynVAR-Lasso Weighted Ridge,5,30.0,0.01,1.0,1.0,0.08858090353683722,0.0,0.14949190845096813,0.0,0.1328223364838797,0.0,0.21398457180947533,3.1031676915590914e-17,1.4625524129840972e-06,8.570664138143891e-05,-0.006613906291372956,False,False,True,False,False,True
ETTm2,DynVAR-Lasso Weighted Ridge,5,30.0,0.01,2.0,1.0,0.08840245263590205,0.0,0.14953711883967954,0.0,0.13285742714182905,0.0,0.2141325972783299,0.0,4.667294112439824e-05,0.00013091703009285305,-0.006568695902661542,False,False,True,False,False,True
ETTm2,DynVAR-Lasso Weighted Ridge,5,30.0,0.01,4.0,1.0,0.08813463071728211,0.0,0.1497484206725317,0.0,0.13301908209913357,0.0,0.21481458413531004,0.0,0.00025797477397654367,0.0003422188629449985,-0.006357394069809397,False,False,True,False,False,True
ETTm2,DynVAR-Lasso Weighted Ridge,5,30.0,0.03,0.5,1.0,0.0886450341119775,0.0,0.14948848280254362,0.0,0.13281958090968954,0.0,0.21397442698034058,3.1031676915590914e-17,-1.963096011525778e-06,8.228099295692903e-05,-0.006617331939797466,True,False,True,False,False,True
ETTm2,DynVAR-Lasso Weighted Ridge,5,30.0,0.03,1.0,1.0,0.08858684570181566,0.0,0.14949132899331963,0.0,0.13282185629214222,0.0,0.21398336787190902,0.0,8.830947644811182e-07,8.512718373293593e-05,-0.006614485749021459,False,False,True,False,False,True
ETTm2,DynVAR-Lasso Weighted Ridge,5,30.0,0.03,2.0,1.0,0.08844136780140878,0.0,0.1495239617821067,0.0,0.13284730472689832,0.0,0.21408891430257274,0.0,3.351588355154922e-05,0.00011775997252000403,-0.006581852960234391,False,False,True,False,False,True
ETTm2,DynVAR-Lasso Weighted Ridge,5,30.0,0.03,4.0,1.0,0.08825691323005717,0.0,0.14964695186936453,0.0,0.1329422277050228,0.0,0.2144783939222114,3.1031676915590914e-17,0.00015650597080937856,0.00024075005977783337,-0.006458862872976562,False,False,True,False,False,True
ETTm2,DynVAR-Lasso Weighted Ridge,5,30.0,0.1,0.5,1.0,0.08864985899013014,0.0,0.14948853097394862,0.0,0.13281961124366953,0.0,0.2139747178336882,0.0,-1.914924606521984e-06,8.232916436193283e-05,-0.006617283768392462,True,False,True,False,False,True
ETTm2,DynVAR-Lasso Weighted Ridge,5,30.0,0.1,1.0,1.0,0.08860410164898126,0.0,0.14948996544657775,0.0,0.13282071886890098,0.0,0.21398066036655855,0.0,-4.804519773971005e-07,8.376363699105771e-05,-0.0066158492957633375,True,False,True,False,False,True
ETTm2,DynVAR-Lasso Weighted Ridge,5,30.0,0.1,2.0,1.0,0.08851606127082136,0.0,0.14950428509196037,0.0,0.13283183515092153,0.0,0.21403064805329225,3.1031676915590914e-17,1.3839193405223993e-05,9.80832823736788e-05,-0.006601529650380716,False,False,True,False,False,True
ETTm2,DynVAR-Lasso Weighted Ridge,5,30.0,0.1,4.0,1.0,0.0884256452452183,0.0,0.1495450151585994,0.0,0.13286339070966688,0.0,0.2141678950807147,3.1031676915590914e-17,5.456926004424045e-05,0.00013881334901269526,-0.0065607995837417,False,False,True,False,False,True
ETTm2,DynVAR-Lasso Weighted Ridge,5,30.0,0.3,0.5,1.0,0.0886614476120542,0.0,0.14948882543490172,0.0,0.13281984297249153,0.0,0.21397553139184916,3.1031676915590914e-17,-1.6204636534289385e-06,8.262362531502587e-05,-0.006616989307439369,True,False,True,False,False,True
ETTm2,DynVAR-Lasso Weighted Ridge,5,30.0,0.3,1.0,1.0,0.08863669709654326,0.0,0.14948871259068694,0.0,0.13281967938653103,0.0,0.21397785452410917,3.1031676915590914e-17,-1.7333078682069125e-06,8.25107811002479e-05,-0.006617102151654147,True,False,True,False,False,True
ETTm2,DynVAR-Lasso Weighted Ridge,5,30.0,0.3,2.0,1.0,0.0886017040333813,0.0,0.14949130104287744,0.0,0.13282157575741235,0.0,0.2139920278884629,0.0,8.551443222981625e-07,8.509923329075297e-05,-0.006614513699463642,False,False,True,False,False,True
ETTm2,DynVAR-Lasso Weighted Ridge,5,30.0,0.3,4.0,1.0,0.08857411445839491,0.0,0.14949798283526025,0.0,0.13282693030822254,0.0,0.21401737065268076,3.1031676915590914e-17,7.536936705104802e-06,9.178102567355961e-05,-0.0066078319070808356,False,False,True,False,False,True
ETTm2,DynVAR-Lasso Weighted Ridge,5,30.0,0.6,0.5,1.0,0.08867475657662546,0.0,0.14948947708436477,0.0,0.13282038701736332,0.0,0.213976638925124,3.1031676915590914e-17,-9.688141903718694e-07,8.327527477808294e-05,-0.006616337657976312,True,False,True,False,False,True
ETTm2,DynVAR-Lasso Weighted Ridge,5,30.0,0.6,1.0,1.0,0.08866520490797743,0.0,0.149489104126206,0.0,0.1328200466703789,0.0,0.2139772048809599,3.1031676915590914e-17,-1.3417723491448985e-06,8.290231661930991e-05,-0.006616710616135085,True,False,True,False,False,True
ETTm2,DynVAR-Lasso Weighted Ridge,5,30.0,0.6,2.0,1.0,0.08865433007779235,0.0,0.14948924970164088,0.0,0.13282012569455182,0.0,0.2139802495944621,0.0,-1.19619691427153e-06,8.304789205418328e-05,-0.006616565040700212,True,False,True,False,False,True
ETTm2,DynVAR-Lasso Weighted Ridge,5,30.0,0.6,4.0,1.0,0.08864728343495551,0.0,0.14949036010167507,0.0,0.13282112590765754,0.0,0.213984394757572,3.1031676915590914e-17,-8.579688007270825e-08,8.41582920883821e-05,-0.006615454640666013,True,False,True,False,False,True
ETTm2,DynVAR-Lasso Weighted Ridge,5,100.0,0.01,0.5,1.0,0.09045561531122631,0.0,0.14986930957957306,0.0,0.13445016562075207,0.0,0.21363282092815136,3.1031676915590914e-17,6.151054171260606e-06,0.0004631077699863706,-0.006236505162768025,False,False,True,False,False,True
ETTm2,DynVAR-Lasso Weighted Ridge,5,100.0,0.01,1.0,1.0,0.09033850634142451,0.0,0.14989179236698036,0.0,0.13446840473211324,0.0,0.21368686102179651,0.0,2.8633841578556973e-05,0.00048559055739366697,-0.006214022375360728,False,False,True,False,False,True
ETTm2,DynVAR-Lasso Weighted Ridge,5,100.0,0.01,2.0,1.0,0.09008180524729677,0.0,0.1500057273053519,0.0,0.13455835869211394,0.0,0.21403118982779482,0.0,0.00014256877995008632,0.0005995254957651963,-0.006100087436989199,False,False,True,False,False,True
ETTm2,DynVAR-Lasso Weighted Ridge,5,100.0,0.01,4.0,1.0,0.08986581745827947,0.0,0.15032774784930794,0.0,0.1348036161473616,0.0,0.2150063241643645,0.0,0.0004645893239061394,0.0009215460397212494,-0.005778066893033146,False,False,True,False,False,True
ETTm2,DynVAR-Lasso Weighted Ridge,5,100.0,0.03,0.5,1.0,0.09045855606333428,0.0,0.14986898215347613,0.0,0.13444988989281328,0.0,0.2136323059233197,0.0,5.823628074330678e-06,0.00046278034388944067,-0.0062368325888649545,False,False,True,False,False,True
ETTm2,DynVAR-Lasso Weighted Ridge,5,100.0,0.03,1.0,1.0,0.09034881503607543,0.0,0.14988940839602605,0.0,0.1344664385926707,0.0,0.21368107976096912,0.0,2.624987062424533e-05,0.0004832065864393553,-0.00621640634631504,False,False,True,False,False,True
ETTm2,DynVAR-Lasso Weighted Ridge,5,100.0,0.03,2.0,1.0,0.09012631451812668,0.0,0.14998190133876396,0.0,0.13453973020636545,0.0,0.21395183712852367,3.1031676915590914e-17,0.00011874281336216042,0.0005756995291772704,-0.006123913403577125,False,False,True,False,False,True
ETTm2,DynVAR-Lasso Weighted Ridge,5,100.0,0.03,4.0,1.0,0.08993614539277021,0.0,0.15021046886897646,0.0,0.13471581901656215,0.0,0.21464156518773597,3.1031676915590914e-17,0.0003473103435746583,0.0008042670593897683,-0.005895345873364627,False,False,True,False,False,True
ETTm2,DynVAR-Lasso Weighted Ridge,5,100.0,0.1,0.5,1.0,0.09046828510304322,0.0,0.14986795654825671,0.0,0.13444902832166472,0.0,0.2136307312977826,3.1031676915590914e-17,4.798022854912709e-06,0.0004617547386700227,-0.0062378581940843725,False,False,True,False,False,True
ETTm2,DynVAR-Lasso Weighted Ridge,5,100.0,0.1,1.0,1.0,0.09037969043475438,0.0,0.14988281987112637,0.0,0.13446099593911826,0.0,0.2136658140166209,0.0,1.966134572456424e-05,0.00047661806153967423,-0.006222994871214721,False,False,True,False,False,True
ETTm2,DynVAR-Lasso Weighted Ridge,5,100.0,0.1,2.0,1.0,0.09022980025706658,0.0,0.14993592194212849,0.0,0.13450303255154927,0.0,0.213815660513125,0.0,7.27634167266844e-05,0.0005297201325417944,-0.006169892800212601,False,False,True,False,False,True
ETTm2,DynVAR-Lasso Weighted Ridge,5,100.0,0.1,4.0,1.0,0.09010028708851567,0.0,0.15003864391333946,0.0,0.1345825407927967,0.0,0.2141292547194301,0.0,0.00017548538793765722,0.0006324421037527672,-0.006067170829001628,False,False,True,False,False,True
ETTm2,DynVAR-Lasso Weighted Ridge,5,100.0,0.3,0.5,1.0,0.09049219712474607,0.0,0.14986582484651534,0.0,0.13444725423429432,0.0,0.21362766213511417,0.0,2.666321113536929e-06,0.0004596230369286469,-0.006239989895825748,False,False,True,False,False,True
ETTm2,DynVAR-Lasso Weighted Ridge,5,100.0,0.3,1.0,1.0,0.09044167478489684,0.0,0.149872197756661,0.0,0.1344522597328642,0.0,0.21364295778781034,0.0,9.039231259194702e-06,0.0004659959470743047,-0.0062336169856800905,False,False,True,False,False,True
ETTm2,DynVAR-Lasso Weighted Ridge,5,100.0,0.3,2.0,1.0,0.09037444323825919,0.0,0.14988855648951752,0.0,0.13446493562531395,0.0,0.2136900935701845,0.0,2.5397964115714267e-05,0.00048235467993082426,-0.006217258252823571,False,False,True,False,False,True
ETTm2,DynVAR-Lasso Weighted Ridge,5,100.0,0.3,4.0,1.0,0.09032381854292759,0.0,0.14991107363024528,0.0,0.1344824053563656,0.0,0.213758232314904,0.0,4.791510484347672e-05,0.0005048718206585867,-0.0061947411120958085,False,False,True,False,False,True
ETTm2,DynVAR-Lasso Weighted Ridge,5,100.0,0.6,0.5,1.0,0.09052040085480592,0.0,0.14986405568703698,0.0,0.1344458211527212,0.0,0.21362543347478416,0.0,8.971616351771683e-07,0.00045785387745028716,-0.006241759055304108,False,False,True,False,False,True
ETTm2,DynVAR-Lasso Weighted Ridge,5,100.0,0.6,1.0,1.0,0.09049996030272012,0.0,0.14986568395875358,0.0,0.13444703173530212,0.0,0.2136296832419357,0.0,2.5254333517743532e-06,0.00045948214916688435,-0.006240130783587511,False,False,True,False,False,True
ETTm2,DynVAR-Lasso Weighted Ridge,5,100.0,0.6,2.0,1.0,0.0904770181893334,0.0,0.14986899164478304,0.0,0.1344495077082167,0.0,0.21364002210631386,0.0,5.833119381237761e-06,0.00046278983519634775,-0.006236823097558047,False,False,True,False,False,True
ETTm2,DynVAR-Lasso Weighted Ridge,5,100.0,0.6,4.0,1.0,0.09046185794243651,0.0,0.14987283946445884,0.0,0.13445257702505065,0.0,0.21365148156592356,0.0,9.680939057038485e-06,0.0004666376548721485,-0.006232975277882247,False,False,True,False,False,True
ETTm2,STCG-v1 Weighted Ridge,5,0.1,0.01,0.5,1.0,0.0876624229116953,0.0,0.14940775090741962,0.0,0.13187537445676717,0.0,0.2142493418228842,3.1031676915590914e-17,-1.3600044743156126e-07,1.5490978329257832e-06,-0.006698063834921469,True,False,True,False,False,True
ETTm2,STCG-v1 Weighted Ridge,5,0.1,0.01,1.0,1.0,0.0876618204026646,0.0,0.14940750040043693,0.0,0.13187517434973742,0.0,0.21424877161390024,0.0,-3.8650743011681143e-07,1.298590850240533e-06,-0.006698314341904155,True,False,True,False,False,True
ETTm2,STCG-v1 Weighted Ridge,5,0.1,0.01,2.0,1.0,0.08765885936792378,0.0,0.1494063277101895,0.0,0.13187425449235876,0.0,0.21424560433243464,0.0,-1.5591976775530814e-06,1.2590060280426307e-07,-0.006699487032151591,True,False,True,False,False,True
ETTm2,STCG-v1 Weighted Ridge,5,0.1,0.01,4.0,1.0,0.08764697793394871,0.0,0.14940161867307153,0.0,0.13187032025076614,0.0,0.2142370301477098,0.0,-6.268234795520078e-06,-4.5831365151627335e-06,-0.006704196069269558,True,True,True,False,False,True
ETTm2,STCG-v1 Weighted Ridge,5,0.1,0.03,0.5,1.0,0.08766243521416114,0.0,0.1494077560365927,0.0,0.13187537854976197,0.0,0.214249353595762,0.0,-1.308712743453011e-07,1.5542270060120433e-06,-0.006698058705748383,True,False,True,False,False,True
ETTm2,STCG-v1 Weighted Ridge,5,0.1,0.03,1.0,1.0,0.08766189146716162,0.0,0.14940752815337438,0.0,0.13187519583207594,0.0,0.21424885319808412,3.1031676915590914e-17,-3.587544926686448e-07,1.3263437876886996e-06,-0.0066982865889667065,True,False,True,False,False,True
ETTm2,STCG-v1 Weighted Ridge,5,0.1,0.03,2.0,1.0,0.08765981366671856,0.0,0.1494066598534308,0.0,0.13187450020959562,0.0,0.21424684807099661,3.1031676915590914e-17,-1.227054436253594e-06,4.5804384410375043e-07,-0.006699154888910291,True,False,True,False,False,True
ETTm2,STCG-v1 Weighted Ridge,5,0.1,0.03,4.0,1.0,0.08765484652187441,0.0,0.14940447432278825,0.0,0.13187263916414407,0.0,0.21424416431247179,3.1031676915590914e-17,-3.4125850787991574e-06,-1.727486798441813e-06,-0.006701340419552837,True,True,True,False,False,True
ETTm2,STCG-v1 Weighted Ridge,5,0.1,0.1,0.5,1.0,0.08766247462502022,0.0,0.14940777256464258,0.0,0.1318753917809531,0.0,0.21424939034734405,0.0,-1.143432244721243e-07,1.5707550558852201e-06,-0.00669804217769851,True,False,True,False,False,True
ETTm2,STCG-v1 Weighted Ridge,5,0.1,0.1,1.0,1.0,0.08766207904609283,0.0,0.14940760412499254,0.0,0.13187525543629638,0.0,0.21424905741259542,0.0,-2.827828745055605e-07,1.402315405851784e-06,-0.006698210617348543,True,False,True,False,False,True
ETTm2,STCG-v1 Weighted Ridge,5,0.1,0.1,2.0,1.0,0.08766110005259063,0.0,0.14940717523169428,0.0,0.13187490247797717,0.0,0.2142483270559135,3.1031676915590914e-17,-7.116761727710141e-07,9.734221075863303e-07,-0.006698639510646809,True,False,True,False,False,True
ETTm2,STCG-v1 Weighted Ridge,5,0.1,0.1,4.0,1.0,0.08765973130705434,0.0,0.14940659765181677,0.0,0.1318744082133733,0.0,0.21424792603103454,3.1031676915590914e-17,-1.2892560502797412e-06,3.958422300776032e-07,-0.006699217090524318,True,False,True,False,False,True
ETTm2,STCG-v1 Weighted Ridge,5,0.1,0.3,0.5,1.0,0.08766256399739634,0.0,0.14940781043973916,0.0,0.13187542232053168,0.0,0.21424946798926428,0.0,-7.646812788530966e-08,1.6086301524720348e-06,-0.006698004302601923,True,False,True,False,False,True
ETTm2,STCG-v1 Weighted Ridge,5,0.1,0.3,1.0,1.0,0.08766237692043298,0.0,0.14940773019838202,0.0,0.13187535654902643,0.0,0.2142493384609608,0.0,-1.5670948502743975e-07,1.5283887953299047e-06,-0.006698084543959065,True,False,True,False,False,True
ETTm2,STCG-v1 Weighted Ridge,5,0.1,0.3,2.0,1.0,0.08766208622637119,0.0,0.1494076059184928,0.0,0.13187525300562228,0.0,0.21424919399212933,3.1031676915590914e-17,-2.8098937424059223e-07,1.4041089061167522e-06,-0.006698208823848278,True,False,True,False,False,True
ETTm2,STCG-v1 Weighted Ridge,5,0.1,0.3,4.0,1.0,0.08766183338398098,0.0,0.1494075131734282,0.0,0.13187517608226515,0.0,0.21424916456187454,3.1031676915590914e-17,-3.737344388410335e-07,1.311363841516311e-06,-0.006698301568912879,True,False,True,False,False,True
ETTm2,STCG-v1 Weighted Ridge,5,0.1,0.6,0.5,1.0,0.08766265819083381,0.0,0.14940785064375872,0.0,0.13187545501076334,0.0,0.21424954097284502,0.0,-3.626410832735516e-08,1.6488341720299893e-06,-0.006697964098582365,True,False,True,False,False,True
ETTm2,STCG-v1 Weighted Ridge,5,0.1,0.6,1.0,1.0,0.08766259398414271,0.0,0.14940782352436424,0.0,0.13187543267733293,0.0,0.2142495045876839,0.0,-6.338350280743477e-08,1.6217147775499097e-06,-0.006697991217976845,True,False,True,False,False,True
ETTm2,STCG-v1 Weighted Ridge,5,0.1,0.6,2.0,1.0,0.08766251958153295,0.0,0.14940779356386763,0.0,0.1318754078978435,0.0,0.21424947802059746,0.0,-9.334399941884897e-08,1.5917542809384955e-06,-0.006698021178473457,True,False,True,False,False,True
ETTm2,STCG-v1 Weighted Ridge,5,0.1,0.6,4.0,1.0,0.0876624703455207,0.0,0.14940777803778066,0.0,0.13187539579794388,0.0,0.21424947576590778,0.0,-1.0887008639048901e-07,1.5762281939668554e-06,-0.006698036704560428,True,False,True,False,False,True
ETTm2,STCG-v1 Weighted Ridge,5,0.3,0.01,0.5,1.0,0.08766772011397089,0.0,0.14940724191197655,0.0,0.13188037163463331,0.0,0.21424646119885674,0.0,-3.93416627053611e-07,1.0401023898543027e-06,-0.006698572830364541,True,False,True,False,False,True
ETTm2,STCG-v1 Weighted Ridge,5,0.3,0.01,1.0,1.0,0.08766598750607797,0.0,0.14940654213880208,0.0,0.13187981136298835,0.0,0.2142448852485468,0.0,-1.093189801515404e-06,3.403292153925097e-07,-0.006699272603539003,True,False,True,False,False,True
ETTm2,STCG-v1 Weighted Ridge,5,0.3,0.01,2.0,1.0,0.08765800873729189,0.0,0.14940367356961923,0.0,0.13187754448898698,0.0,0.21423740233467736,0.0,-3.961758984372121e-06,-2.5282399674642075e-06,-0.006702141172721859,True,True,True,False,False,True
ETTm2,STCG-v1 Weighted Ridge,5,0.3,0.01,4.0,1.0,0.08762830338336593,0.0,0.14939476986634848,0.0,0.13186986586165655,0.0,0.21422294360588542,3.1031676915590914e-17,-1.286546225512386e-05,-1.1431943238215947e-05,-0.006711044875992611,True,True,True,False,False,True
ETTm2,STCG-v1 Weighted Ridge,5,0.3,0.03,0.5,1.0,0.08766775594033195,0.0,0.1494072565634187,0.0,0.13188038334123195,0.0,0.21424649472237203,3.1031676915590914e-17,-3.787651849107565e-07,1.0547538319971572e-06,-0.006698558178922398,True,False,True,False,False,True
ETTm2,STCG-v1 Weighted Ridge,5,0.3,0.03,1.0,1.0,0.08766618714419437,0.0,0.14940661729978963,0.0,0.1318798696127223,0.0,0.21424510529642093,0.0,-1.0180288139705063e-06,4.1549020293740746e-07,-0.006699197442551458,True,False,True,False,False,True
ETTm2,STCG-v1 Weighted Ridge,5,0.3,0.03,2.0,1.0,0.08766040942827424,0.0,0.14940438599139336,0.0,0.1318780700864239,0.0,0.21424010914097544,0.0,-3.2493372102426754e-06,-1.8158181933347617e-06,-0.00670142875094773,True,True,True,False,False,True
ETTm2,STCG-v1 Weighted Ridge,5,0.3,0.03,4.0,1.0,0.08764707342864352,0.0,0.14939937342151444,0.0,0.13187372054072738,0.0,0.21423484112587127,0.0,-8.26190708916319e-06,-6.828388072255276e-06,-0.0067064413208266505,True,True,True,False,False,True
ETTm2,STCG-v1 Weighted Ridge,5,0.3,0.1,0.5,1.0,0.08766787086083955,0.0,0.14940730389063778,0.0,0.1318804212764967,0.0,0.21424659963319578,3.1031676915590914e-17,-3.3143796582257856e-07,1.1020810510853352e-06,-0.00669851085170331,True,False,True,False,False,True
ETTm2,STCG-v1 Weighted Ridge,5,0.3,0.1,1.0,1.0,0.0876667211049935,0.0,0.14940682640255878,0.0,0.13188003396446596,0.0,0.2142456643895602,0.0,-8.089260448151947e-07,6.24592972092719e-07,-0.0066989883397823025,True,False,True,False,False,True
ETTm2,STCG-v1 Weighted Ridge,5,0.3,0.1,2.0,1.0,0.08766391425871806,0.0,0.14940565498189548,0.0,0.1318790653756054,0.0,0.21424372043298248,0.0,-1.980346708119196e-06,-5.468276912112824e-07,-0.0067001597604456065,True,True,True,False,False,True
ETTm2,STCG-v1 Weighted Ridge,5,0.3,0.1,4.0,1.0,0.08766001263950296,0.0,0.14940413103694827,0.0,0.1318777502035353,0.0,0.21424283237265535,0.0,-3.504291655326286e-06,-2.0707726384183722e-06,-0.0067016837053928136,True,True,True,False,False,True
ETTm2,STCG-v1 Weighted Ridge,5,0.3,0.3,0.5,1.0,0.08766813279430216,0.0,0.14940741295149482,0.0,0.13188050932155987,0.0,0.21424682254936206,0.0,-2.2237710878281192e-07,1.2111419081251018e-06,-0.00669840179084627,True,False,True,False,False,True
ETTm2,STCG-v1 Weighted Ridge,5,0.3,0.3,1.0,1.0,0.08766758441279554,0.0,0.14940718205621953,0.0,0.13188031977032919,0.0,0.21424645257534433,0.0,-4.532723840711128e-07,9.80246632836801e-07,-0.006698632686121558,True,False,True,False,False,True
ETTm2,STCG-v1 Weighted Ridge,5,0.3,0.3,2.0,1.0,0.08766673485191828,0.0,0.14940682814986625,0.0,0.1318800242127721,0.0,0.21424605002483946,0.0,-8.071787373498118e-07,6.263402795581019e-07,-0.006698986592474837,True,False,True,False,False,True
ETTm2,STCG-v1 Weighted Ridge,5,0.3,0.3,4.0,1.0,0.0876659950236134,0.0,0.14940656755193368,0.0,0.13187980764952392,0.0,0.2142459822844379,3.1031676915590914e-17,-1.0677766699163094e-06,3.6574234699160435e-07,-0.006699247190407404,True,False,True,False,False,True
ETTm2,STCG-v1 Weighted Ridge,5,0.3,0.6,0.5,1.0,0.08766841029641562,0.0,0.14940752953612643,0.0,0.13188060421436915,0.0,0.21424703366567904,3.1031676915590914e-17,-1.0579247716746565e-07,1.327726539740448e-06,-0.006698285206214655,True,False,True,False,False,True
ETTm2,STCG-v1 Weighted Ridge,5,0.3,0.6,1.0,1.0,0.08766822076043612,0.0,0.14940745072397005,0.0,0.1318805392468695,0.0,0.21424692856192645,3.1031676915590914e-17,-1.8460463355185475e-07,1.248914383356059e-06,-0.006698364018371039,True,False,True,False,False,True
ETTm2,STCG-v1 Weighted Ridge,5,0.3,0.6,2.0,1.0,0.087668001322326,0.0,0.14940736395042553,0.0,0.13188046741030188,0.0,0.21424685296959795,0.0,-2.7137817806832665e-07,1.162140838839587e-06,-0.006698450791915556,True,False,True,False,False,True
ETTm2,STCG-v1 Weighted Ridge,5,0.3,0.6,4.0,1.0,0.08766785623000162,0.0,0.14940731946038482,0.0,0.13188043279960435,0.0,0.21424684810934075,0.0,-3.158682187753836e-07,1.11765079813253e-06,-0.006698495281956263,True,False,True,False,False,True
ETTm2,STCG-v1 Weighted Ridge,5,1.0,0.01,0.5,1.0,0.08768670773489726,0.0,0.14940576192524482,0.0,0.13189834072779308,0.0,0.2142367672632015,0.0,-1.162804762144809e-06,-4.3988434186847947e-07,-0.006700052817096264,True,True,True,False,False,True
ETTm2,STCG-v1 Weighted Ridge,5,1.0,0.01,1.0,1.0,0.08768149571339022,0.0,0.14940389148309005,0.0,0.13189683198324847,0.0,0.2142326773244087,3.1031676915590914e-17,-3.0332469169169762e-06,-2.3103264966406467e-06,-0.006701923259251036,True,True,True,False,False,True
ETTm2,STCG-v1 Weighted Ridge,5,1.0,0.01,2.0,1.0,0.08766002013419447,0.0,0.14939808614291708,0.0,0.1318921421831345,0.0,0.21421844830188883,3.1031676915590914e-17,-8.838587089887717e-06,-8.115666669611388e-06,-0.0067077285994240066,True,True,True,False,False,True
ETTm2,STCG-v1 Weighted Ridge,5,1.0,0.01,4.0,1.0,0.08758765953027095,0.0,0.14938712170014343,0.0,0.13188195359397523,0.0,0.21421078957218773,3.1031676915590914e-17,-1.980302986354099e-05,-1.908010944326466e-05,-0.00671869304219766,True,True,True,False,False,True
ETTm2,STCG-v1 Weighted Ridge,5,1.0,0.03,0.5,1.0,0.08768681848761004,0.0,0.1494058035634596,0.0,0.13189837413624825,0.0,0.2142368617089055,3.1031676915590914e-17,-1.121166547379815e-06,-3.982461271034854e-07,-0.006700011178881499,True,True,True,False,False,True
ETTm2,STCG-v1 Weighted Ridge,5,1.0,0.03,1.0,1.0,0.08768206842365905,0.0,0.14940407586940108,0.0,0.131896975597582,0.0,0.21423321378664234,0.0,-2.8488606058918453e-06,-2.1259401856155158e-06,-0.006701738872940011,True,True,True,False,False,True
ETTm2,STCG-v1 Weighted Ridge,5,1.0,0.03,2.0,1.0,0.08766588597602236,0.0,0.1493991598114096,0.0,0.13189293324324097,0.0,0.2142229425454279,0.0,-7.764918597358283e-06,-7.041998177081954e-06,-0.006706654930931477,True,True,True,False,False,True
ETTm2,STCG-v1 Weighted Ridge,5,1.0,0.03,4.0,1.0,0.0876306075714077,0.0,0.1493904199695779,0.0,0.13188501999245275,0.0,0.21421894506753297,3.1031676915590914e-17,-1.6504760429081333e-05,-1.5781840008805004e-05,-0.0067153947727632,True,True,True,False,False,True
ETTm2,STCG-v1 Weighted Ridge,5,1.0,0.1,0.5,1.0,0.08768717553754928,0.0,0.14940593905379085,0.0,0.1318984831903646,0.0,0.21423715942153435,0.0,-9.856762161197796e-07,-2.627557958434501e-07,-0.006699875688550239,True,True,True,False,False,True
ETTm2,STCG-v1 Weighted Ridge,5,1.0,0.1,1.0,1.0,0.08768363886465057,0.0,0.14940461088965518,0.0,0.13189739871514675,0.0,0.21423462841668656,0.0,-2.3138403517919404e-06,-1.5909199315156108e-06,-0.006701203852685911,True,True,True,False,False,True
ETTm2,STCG-v1 Weighted Ridge,5,1.0,0.1,2.0,1.0,0.08767529470158372,0.0,0.14940166231869387,0.0,0.1318949260605899,0.0,0.21423010695290273,3.1031676915590914e-17,-5.262411313100568e-06,-4.539490892824238e-06,-0.006704152423647219,True,True,True,False,False,True
ETTm2,STCG-v1 Weighted Ridge,5,1.0,0.1,4.0,1.0,0.0876639089751455,0.0,0.14939815804690776,0.0,0.1318918331639925,0.0,0.21422941062968354,3.1031676915590914e-17,-8.766683099209471e-06,-8.043762678933142e-06,-0.006707656695433328,True,True,True,False,False,True
ETTm2,STCG-v1 Weighted Ridge,5,1.0,0.3,0.5,1.0,0.08768799537014062,0.0,0.14940625666402024,0.0,0.13189874060633758,0.0,0.21423780290825473,0.0,-6.68065986725308e-07,5.4854433551021486e-08,-0.006699558078320844,True,False,True,False,False,True
ETTm2,STCG-v1 Weighted Ridge,5,1.0,0.3,1.0,1.0,0.08768627078481923,0.0,0.14940558554304936,0.0,0.13189818692731045,0.0,0.21423675366119416,3.1031676915590914e-17,-1.339186957605154e-06,-6.162665373288245e-07,-0.006700229199291724,True,True,True,False,False,True
ETTm2,STCG-v1 Weighted Ridge,5,1.0,0.3,2.0,1.0,0.08768361864961571,0.0,0.1494045888021186,0.0,0.13189734835350034,0.0,0.21423570459932856,3.1031676915590914e-17,-2.335927888369449e-06,-1.6130074680931195e-06,-0.006701225940222488,True,True,True,False,False,True
ETTm2,STCG-v1 Weighted Ridge,5,1.0,0.3,4.0,1.0,0.08768131503305984,0.0,0.14940388667199594,0.0,0.13189676180197446,0.0,0.21423566974641636,0.0,-3.0380580110234146e-06,-2.315137590747085e-06,-0.006701928070345142,True,True,True,False,False,True
ETTm2,STCG-v1 Weighted Ridge,5,1.0,0.6,0.5,1.0,0.08768887363648431,0.0,0.14940660372328157,0.0,0.13189902402832226,0.0,0.21423842635685547,3.1031676915590914e-17,-3.210067253955895e-07,4.0191369488074e-07,-0.0066992110190595144,True,False,True,False,False,True
ETTm2,STCG-v1 Weighted Ridge,5,1.0,0.6,1.0,1.0,0.08768826965437161,0.0,0.14940636751509356,0.0,0.1318988286973298,0.0,0.21423811793770392,3.1031676915590914e-17,-5.572149134047688e-07,1.6570550687156071e-07,-0.006699447227247524,True,False,True,False,False,True
ETTm2,STCG-v1 Weighted Ridge,5,1.0,0.6,2.0,1.0,0.08768757066418827,0.0,0.14940611034858997,0.0,0.13189861516938545,0.0,0.21423790809784168,0.0,-8.143814169969676e-07,-9.146099672063812e-08,-0.006699704393751116,True,True,True,False,False,True
ETTm2,STCG-v1 Weighted Ridge,5,1.0,0.6,4.0,1.0,0.08768710848396907,0.0,0.14940598346464087,0.0,0.1318985171839633,0.0,0.21423791134741293,3.1031676915590914e-17,-9.412653660945125e-07,-2.1834494581818298e-07,-0.006699831277700213,True,True,True,False,False,True
ETTm2,STCG-v1 Weighted Ridge,5,3.0,0.01,0.5,1.0,0.08774372361932631,0.0,0.14940360826463223,0.0,0.13195311350481007,0.0,0.21421148931765882,3.1031676915590914e-17,-2.593544954465621e-06,-2.593544954465621e-06,-0.006702206477708861,True,True,True,False,False,True
ETTm2,STCG-v1 Weighted Ridge,5,3.0,0.01,1.0,1.0,0.0877307577246128,0.0,0.14940014819531247,0.0,0.13195028058228936,0.0,0.21420427137898237,0.0,-6.053614274220687e-06,-6.053614274220687e-06,-0.006705666547028616,True,True,True,False,False,True
ETTm2,STCG-v1 Weighted Ridge,5,3.0,0.01,2.0,1.0,0.08768202851008812,0.0,0.14939307645174144,0.0,0.13194432690921415,0.0,0.214189057087037,3.1031676915590914e-17,-1.3125357845256147e-05,-1.3125357845256147e-05,-0.006712738290599651,True,True,True,False,False,True
ETTm2,STCG-v1 Weighted Ridge,5,3.0,0.01,4.0,1.0,0.08754148167975999,0.0,0.14939827109768808,0.0,0.13194681571038094,0.0,0.21424967897293237,0.0,-7.930711898612719e-06,-7.930711898612719e-06,-0.006707543644653008,True,True,True,False,False,True
ETTm2,STCG-v1 Weighted Ridge,5,3.0,0.03,0.5,1.0,0.08774400818147571,0.0,0.14940369371978152,0.0,0.13195318268439554,0.0,0.21421168114182895,3.1031676915590914e-17,-2.508089805175473e-06,-2.508089805175473e-06,-0.006702121022559571,True,True,True,False,False,True
ETTm2,STCG-v1 Weighted Ridge,5,3.0,0.03,1.0,1.0,0.0877320989887139,0.0,0.1494004413290402,0.0,0.13195051120855708,0.0,0.2142051469980481,3.1031676915590914e-17,-5.760480546485036e-06,-5.760480546485036e-06,-0.00670537341330088,True,True,True,False,False,True
ETTm2,STCG-v1 Weighted Ridge,5,3.0,0.03,2.0,1.0,0.0876945241159799,0.0,0.1493936994931308,0.0,0.131944775615317,0.0,0.2141930682773044,3.1031676915590914e-17,-1.2502316455886842e-05,-1.2502316455886842e-05,-0.006712115249210282,True,True,True,False,False,True
ETTm2,STCG-v1 Weighted Ridge,5,3.0,0.03,4.0,1.0,0.08762046754189337,0.0,0.14938828139573598,0.0,0.1319391926564025,0.0,0.21421479907594793,3.1031676915590914e-17,-1.7920413850708306e-05,-1.7920413850708306e-05,-0.0067175333466051035,True,True,True,False,False,True
ETTm2,STCG-v1 Weighted Ridge,5,3.0,0.1,0.5,1.0,0.08774493210012903,0.0,0.14940397585658885,0.0,0.1319534117993582,0.0,0.2142122935120087,3.1031676915590914e-17,-2.2259529978418957e-06,-2.2259529978418957e-06,-0.006701838885752237,True,True,True,False,False,True
ETTm2,STCG-v1 Weighted Ridge,5,3.0,0.1,1.0,1.0,0.08773588076776244,0.0,0.14940135084005007,0.0,0.13195123928467486,0.0,0.21420756626319754,3.1031676915590914e-17,-4.850969536618344e-06,-4.850969536618344e-06,-0.0067044639022910135,True,True,True,False,False,True
ETTm2,STCG-v1 Weighted Ridge,5,3.0,0.1,2.0,1.0,0.08771547585211327,0.0,0.14939645511305405,0.0,0.13194702759804797,0.0,0.21420153942376402,0.0,-9.74669653264204e-06,-9.74669653264204e-06,-0.006709359629287037,True,True,True,False,False,True
ETTm2,STCG-v1 Weighted Ridge,5,3.0,0.1,4.0,1.0,0.08768865500167115,0.0,0.1493918894102536,0.0,0.13194283441672833,0.0,0.21420733246262094,0.0,-1.4312399333082926e-05,-1.4312399333082926e-05,-0.006713925332087478,True,True,True,False,False,True
ETTm2,STCG-v1 Weighted Ridge,5,3.0,0.3,0.5,1.0,0.08774708842485618,0.0,0.14940466075332634,0.0,0.1319539716367884,0.0,0.2142136590014208,0.0,-1.5410562603512812e-06,-1.5410562603512812e-06,-0.0067011539890147465,True,True,True,False,False,True
ETTm2,STCG-v1 Weighted Ridge,5,3.0,0.3,1.0,1.0,0.08774251891988818,0.0,0.14940321918373434,0.0,0.13195276976602846,0.0,0.21421154477814786,0.0,-2.982625852354648e-06,-2.982625852354648e-06,-0.00670259555860675,True,True,True,False,False,True
ETTm2,STCG-v1 Weighted Ridge,5,3.0,0.3,2.0,1.0,0.08773558235774076,0.0,0.14940121630253228,0.0,0.13195105974501015,0.0,0.21420991584878174,0.0,-4.9855070544113644e-06,-4.9855070544113644e-06,-0.0067045984398088065,True,True,True,False,False,True
ETTm2,STCG-v1 Weighted Ridge,5,3.0,0.3,4.0,1.0,0.08772960688697484,0.0,0.1493999776577375,0.0,0.1319500202175248,0.0,0.214210769927527,0.0,-6.224151849199e-06,-6.224151849199e-06,-0.006705837084603594,True,True,True,False,False,True
ETTm2,STCG-v1 Weighted Ridge,5,3.0,0.6,0.5,1.0,0.0877494446730037,0.0,0.1494054449477789,0.0,0.13195461675358292,0.0,0.21421504180399306,3.1031676915590914e-17,-7.568618077824496e-07,-7.568618077824496e-07,-0.006700369794562178,True,True,True,False,False,True
ETTm2,STCG-v1 Weighted Ridge,5,3.0,0.6,1.0,1.0,0.08774780326532261,0.0,0.1494049038100465,0.0,0.13195416617407524,0.0,0.21421437744372093,3.1031676915590914e-17,-1.2979995401840583e-06,-1.2979995401840583e-06,-0.006700910932294579,True,True,True,False,False,True
ETTm2,STCG-v1 Weighted Ridge,5,3.0,0.6,2.0,1.0,0.08774590138527025,0.0,0.14940433154614496,0.0,0.13195368834915835,0.0,0.21421400505133503,0.0,-1.8702634417278041e-06,-1.8702634417278041e-06,-0.006701483196196123,True,True,True,False,False,True
ETTm2,STCG-v1 Weighted Ridge,5,3.0,0.6,4.0,1.0,0.08774464234982476,0.0,0.14940408204465247,0.0,0.13195350173180384,0.0,0.2142141326212641,0.0,-2.119764934221946e-06,-2.119764934221946e-06,-0.006701732697688617,True,True,True,False,False,True
ETTm2,STCG-v1 Weighted Ridge,5,10.0,0.01,0.5,1.0,0.08796678180970156,0.0,0.1494109821180195,0.0,0.13216895346755092,0.0,0.21413725039718962,3.1031676915590914e-17,-4.034081744569429e-06,4.780308432816849e-06,-0.006694832624321578,True,False,True,False,False,True
ETTm2,STCG-v1 Weighted Ridge,5,10.0,0.01,1.0,1.0,0.08793554583158938,0.0,0.1494074294533411,0.0,0.13216602243649497,0.0,0.2141305879516036,0.0,-7.5867464229828485e-06,1.227643754403429e-06,-0.006698385288999992,True,False,True,False,False,True
ETTm2,STCG-v1 Weighted Ridge,5,10.0,0.01,2.0,1.0,0.08783046118236526,0.0,0.14941103040839168,0.0,0.13216850223829973,0.0,0.2141533559062157,3.1031676915590914e-17,-3.985791372396186e-06,4.828598804990092e-06,-0.006694784333949405,True,False,True,False,False,True
ETTm2,STCG-v1 Weighted Ridge,5,10.0,0.01,4.0,1.0,0.0876046464993327,0.0,0.1494962361883579,0.0,0.13223457832792862,0.0,0.21446465699038483,0.0,8.121998859381141e-05,9.003437877119769e-05,-0.0066095785539831975,False,False,True,False,False,True
ETTm2,STCG-v1 Weighted Ridge,5,10.0,0.03,0.5,1.0,0.08796748832346075,0.0,0.14941109365805433,0.0,0.13216904397020077,0.0,0.21413751078969417,3.1031676915590914e-17,-3.922541709749927e-06,4.8918484676363505e-06,-0.006694721084286759,True,False,True,False,False,True
ETTm2,STCG-v1 Weighted Ridge,5,10.0,0.03,1.0,1.0,0.0879386151334111,0.0,0.1494076265162932,0.0,0.1321661712026037,0.0,0.2141313579981338,0.0,-7.389683470887531e-06,1.4247067064987462e-06,-0.006698188226047896,True,False,True,False,False,True
ETTm2,STCG-v1 Weighted Ridge,5,10.0,0.03,2.0,1.0,0.08785572219576981,0.0,0.14940780322825123,0.0,0.1321659755832651,0.0,0.21414399497990438,0.0,-7.2129715128488314e-06,1.6014186645374462e-06,-0.006698011514089858,True,False,True,False,False,True
ETTm2,STCG-v1 Weighted Ridge,5,10.0,0.03,4.0,1.0,0.08772283558163321,0.0,0.14944156701368402,0.0,0.1321922790891672,0.0,0.2142856331099642,3.1031676915590914e-17,2.6550813919945515e-05,3.536520409733179e-05,-0.006664247728657063,False,False,True,False,False,True
ETTm2,STCG-v1 Weighted Ridge,5,10.0,0.1,0.5,1.0,0.08796979427017462,0.0,0.14941147259910276,0.0,0.13216935286836684,0.0,0.21413835468012823,0.0,-3.543600661320978e-06,5.2707895160652996e-06,-0.00669434214323833,True,False,True,False,False,True
ETTm2,STCG-v1 Weighted Ridge,5,10.0,0.1,1.0,1.0,0.08794742443983465,0.0,0.14940837552286082,0.0,0.13216676097461227,0.0,0.21413366783270202,3.1031676915590914e-17,-6.640676903257869e-06,2.173713274128408e-06,-0.006697439219480267,True,False,True,False,False,True
ETTm2,STCG-v1 Weighted Ridge,5,10.0,0.1,2.0,1.0,0.08790013080880714,0.0,0.1494055762967982,0.0,0.13216419699147422,0.0,0.2141379542326772,0.0,-9.439902965868718e-06,-6.255127884824407e-07,-0.006700238445542878,True,True,True,False,False,True
ETTm2,STCG-v1 Weighted Ridge,5,10.0,0.1,4.0,1.0,0.0878441003121612,0.0,0.14941060360198577,0.0,0.13216789720793598,0.0,0.214179736406208,0.0,-4.412597778308269e-06,4.401792399078008e-06,-0.006695211140355317,True,False,True,False,False,True
ETTm2,STCG-v1 Weighted Ridge,5,10.0,0.3,0.5,1.0,0.08797528337060251,0.0,0.1494124591937171,0.0,0.1321701646546937,0.0,0.21414031241486803,3.1031676915590914e-17,-2.557006046982613e-06,6.257384130403665e-06,-0.0066933555486239915,True,False,True,False,False,True
ETTm2,STCG-v1 Weighted Ridge,5,10.0,0.3,1.0,1.0,0.08796355647095191,0.0,0.14941044115409224,0.0,0.13216846127474866,0.0,0.21413800361386928,0.0,-4.575045671834088e-06,4.2393445055521894e-06,-0.006695373588248843,True,False,True,False,False,True
ETTm2,STCG-v1 Weighted Ridge,5,10.0,0.3,2.0,1.0,0.08794620774233528,0.0,0.14940822935451617,0.0,0.13216652966244727,0.0,0.21413895314399292,0.0,-6.786845247908069e-06,2.027544929478209e-06,-0.006697585387824917,True,False,True,False,False,True
ETTm2,STCG-v1 Weighted Ridge,5,10.0,0.3,4.0,1.0,0.08793168458921642,0.0,0.14940797643549572,0.0,0.13216635159999152,0.0,0.21414568412937146,3.1031676915590914e-17,-7.039764268357285e-06,1.7746259090289929e-06,-0.006697838306845366,True,False,True,False,False,True
ETTm2,STCG-v1 Weighted Ridge,5,10.0,0.6,0.5,1.0,0.08798146278178987,0.0,0.14941370230570922,0.0,0.13217119587248688,0.0,0.21414242554143564,3.1031676915590914e-17,-1.3138940548607092e-06,7.500496122525568e-06,-0.00669211243663187,True,False,True,False,False,True
ETTm2,STCG-v1 Weighted Ridge,5,10.0,0.6,1.0,1.0,0.0879770803156121,0.0,0.14941283421134072,0.0,0.13217046639069377,0.0,0.21414160959670053,0.0,-2.1819884233609255e-06,6.632401754025352e-06,-0.00669298053100037,True,False,True,False,False,True
ETTm2,STCG-v1 Weighted Ridge,5,10.0,0.6,2.0,1.0,0.08797203029567492,0.0,0.14941201897122894,0.0,0.13216978384205152,0.0,0.2141417102743212,0.0,-2.9972285351398398e-06,5.817161642246438e-06,-0.006693795771112149,True,False,True,False,False,True
ETTm2,STCG-v1 Weighted Ridge,5,10.0,0.6,4.0,1.0,0.08796874162073945,0.0,0.14941188773479427,0.0,0.13216973789988654,0.0,0.21414274051855547,0.0,-3.1284649698037903e-06,5.685925207582487e-06,-0.006693927007546813,True,False,True,False,False,True
ETTm2,STCG-v1 Weighted Ridge,5,30.0,0.01,0.5,1.0,0.08864356218762089,0.0,0.14948847670489274,0.0,0.13281957926974985,0.0,0.21397434483964886,0.0,-1.969193662409996e-06,8.227489530604482e-05,-0.00661733803744835,True,False,True,False,False,True
ETTm2,STCG-v1 Weighted Ridge,5,30.0,0.01,1.0,1.0,0.08858090353683722,0.0,0.14949190845096813,0.0,0.1328223364838797,0.0,0.21398457180947533,3.1031676915590914e-17,1.4625524129840972e-06,8.570664138143891e-05,-0.006613906291372956,False,False,True,False,False,True
ETTm2,STCG-v1 Weighted Ridge,5,30.0,0.01,2.0,1.0,0.08840245263590205,0.0,0.14953711883967954,0.0,0.13285742714182905,0.0,0.2141325972783299,0.0,4.667294112439824e-05,0.00013091703009285305,-0.006568695902661542,False,False,True,False,False,True
ETTm2,STCG-v1 Weighted Ridge,5,30.0,0.01,4.0,1.0,0.08813463071728211,0.0,0.1497484206725317,0.0,0.13301908209913357,0.0,0.21481458413531004,0.0,0.00025797477397654367,0.0003422188629449985,-0.006357394069809397,False,False,True,False,False,True
ETTm2,STCG-v1 Weighted Ridge,5,30.0,0.03,0.5,1.0,0.0886450341119775,0.0,0.14948848280254362,0.0,0.13281958090968954,0.0,0.21397442698034058,3.1031676915590914e-17,-1.963096011525778e-06,8.228099295692903e-05,-0.006617331939797466,True,False,True,False,False,True
ETTm2,STCG-v1 Weighted Ridge,5,30.0,0.03,1.0,1.0,0.08858684570181566,0.0,0.14949132899331963,0.0,0.13282185629214222,0.0,0.21398336787190902,0.0,8.830947644811182e-07,8.512718373293593e-05,-0.006614485749021459,False,False,True,False,False,True
ETTm2,STCG-v1 Weighted Ridge,5,30.0,0.03,2.0,1.0,0.08844136780140878,0.0,0.1495239617821067,0.0,0.13284730472689832,0.0,0.21408891430257274,0.0,3.351588355154922e-05,0.00011775997252000403,-0.006581852960234391,False,False,True,False,False,True
ETTm2,STCG-v1 Weighted Ridge,5,30.0,0.03,4.0,1.0,0.08825691323005717,0.0,0.14964695186936453,0.0,0.1329422277050228,0.0,0.2144783939222114,3.1031676915590914e-17,0.00015650597080937856,0.00024075005977783337,-0.006458862872976562,False,False,True,False,False,True
ETTm2,STCG-v1 Weighted Ridge,5,30.0,0.1,0.5,1.0,0.08864985899013014,0.0,0.14948853097394862,0.0,0.13281961124366953,0.0,0.2139747178336882,0.0,-1.914924606521984e-06,8.232916436193283e-05,-0.006617283768392462,True,False,True,False,False,True
ETTm2,STCG-v1 Weighted Ridge,5,30.0,0.1,1.0,1.0,0.08860410164898126,0.0,0.14948996544657775,0.0,0.13282071886890098,0.0,0.21398066036655855,0.0,-4.804519773971005e-07,8.376363699105771e-05,-0.0066158492957633375,True,False,True,False,False,True
ETTm2,STCG-v1 Weighted Ridge,5,30.0,0.1,2.0,1.0,0.08851606127082136,0.0,0.14950428509196037,0.0,0.13283183515092153,0.0,0.21403064805329225,3.1031676915590914e-17,1.3839193405223993e-05,9.80832823736788e-05,-0.006601529650380716,False,False,True,False,False,True
ETTm2,STCG-v1 Weighted Ridge,5,30.0,0.1,4.0,1.0,0.0884256452452183,0.0,0.1495450151585994,0.0,0.13286339070966688,0.0,0.2141678950807147,3.1031676915590914e-17,5.456926004424045e-05,0.00013881334901269526,-0.0065607995837417,False,False,True,False,False,True
ETTm2,STCG-v1 Weighted Ridge,5,30.0,0.3,0.5,1.0,0.0886614476120542,0.0,0.14948882543490172,0.0,0.13281984297249153,0.0,0.21397553139184916,3.1031676915590914e-17,-1.6204636534289385e-06,8.262362531502587e-05,-0.006616989307439369,True,False,True,False,False,True
ETTm2,STCG-v1 Weighted Ridge,5,30.0,0.3,1.0,1.0,0.08863669709654326,0.0,0.14948871259068694,0.0,0.13281967938653103,0.0,0.21397785452410917,3.1031676915590914e-17,-1.7333078682069125e-06,8.25107811002479e-05,-0.006617102151654147,True,False,True,False,False,True
ETTm2,STCG-v1 Weighted Ridge,5,30.0,0.3,2.0,1.0,0.0886017040333813,0.0,0.14949130104287744,0.0,0.13282157575741235,0.0,0.2139920278884629,0.0,8.551443222981625e-07,8.509923329075297e-05,-0.006614513699463642,False,False,True,False,False,True
ETTm2,STCG-v1 Weighted Ridge,5,30.0,0.3,4.0,1.0,0.08857411445839491,0.0,0.14949798283526025,0.0,0.13282693030822254,0.0,0.21401737065268076,3.1031676915590914e-17,7.536936705104802e-06,9.178102567355961e-05,-0.0066078319070808356,False,False,True,False,False,True
ETTm2,STCG-v1 Weighted Ridge,5,30.0,0.6,0.5,1.0,0.08867475657662546,0.0,0.14948947708436477,0.0,0.13282038701736332,0.0,0.213976638925124,3.1031676915590914e-17,-9.688141903718694e-07,8.327527477808294e-05,-0.006616337657976312,True,False,True,False,False,True
ETTm2,STCG-v1 Weighted Ridge,5,30.0,0.6,1.0,1.0,0.08866520490797743,0.0,0.149489104126206,0.0,0.1328200466703789,0.0,0.2139772048809599,3.1031676915590914e-17,-1.3417723491448985e-06,8.290231661930991e-05,-0.006616710616135085,True,False,True,False,False,True
ETTm2,STCG-v1 Weighted Ridge,5,30.0,0.6,2.0,1.0,0.08865433007779235,0.0,0.14948924970164088,0.0,0.13282012569455182,0.0,0.2139802495944621,0.0,-1.19619691427153e-06,8.304789205418328e-05,-0.006616565040700212,True,False,True,False,False,True
ETTm2,STCG-v1 Weighted Ridge,5,30.0,0.6,4.0,1.0,0.08864728343495551,0.0,0.14949036010167507,0.0,0.13282112590765754,0.0,0.213984394757572,3.1031676915590914e-17,-8.579688007270825e-08,8.41582920883821e-05,-0.006615454640666013,True,False,True,False,False,True
ETTm2,STCG-v1 Weighted Ridge,5,100.0,0.01,0.5,1.0,0.09045561531122631,0.0,0.14986930957957306,0.0,0.13445016562075207,0.0,0.21363282092815136,3.1031676915590914e-17,6.151054171260606e-06,0.0004631077699863706,-0.006236505162768025,False,False,True,False,False,True
ETTm2,STCG-v1 Weighted Ridge,5,100.0,0.01,1.0,1.0,0.09033850634142451,0.0,0.14989179236698036,0.0,0.13446840473211324,0.0,0.21368686102179651,0.0,2.8633841578556973e-05,0.00048559055739366697,-0.006214022375360728,False,False,True,False,False,True
ETTm2,STCG-v1 Weighted Ridge,5,100.0,0.01,2.0,1.0,0.09008180524729677,0.0,0.1500057273053519,0.0,0.13455835869211394,0.0,0.21403118982779482,0.0,0.00014256877995008632,0.0005995254957651963,-0.006100087436989199,False,False,True,False,False,True
ETTm2,STCG-v1 Weighted Ridge,5,100.0,0.01,4.0,1.0,0.08986581745827947,0.0,0.15032774784930794,0.0,0.1348036161473616,0.0,0.2150063241643645,0.0,0.0004645893239061394,0.0009215460397212494,-0.005778066893033146,False,False,True,False,False,True
ETTm2,STCG-v1 Weighted Ridge,5,100.0,0.03,0.5,1.0,0.09045855606333428,0.0,0.14986898215347613,0.0,0.13444988989281328,0.0,0.2136323059233197,0.0,5.823628074330678e-06,0.00046278034388944067,-0.0062368325888649545,False,False,True,False,False,True
ETTm2,STCG-v1 Weighted Ridge,5,100.0,0.03,1.0,1.0,0.09034881503607543,0.0,0.14988940839602605,0.0,0.1344664385926707,0.0,0.21368107976096912,0.0,2.624987062424533e-05,0.0004832065864393553,-0.00621640634631504,False,False,True,False,False,True
ETTm2,STCG-v1 Weighted Ridge,5,100.0,0.03,2.0,1.0,0.09012631451812668,0.0,0.14998190133876396,0.0,0.13453973020636545,0.0,0.21395183712852367,3.1031676915590914e-17,0.00011874281336216042,0.0005756995291772704,-0.006123913403577125,False,False,True,False,False,True
ETTm2,STCG-v1 Weighted Ridge,5,100.0,0.03,4.0,1.0,0.08993614539277021,0.0,0.15021046886897646,0.0,0.13471581901656215,0.0,0.21464156518773597,3.1031676915590914e-17,0.0003473103435746583,0.0008042670593897683,-0.005895345873364627,False,False,True,False,False,True
ETTm2,STCG-v1 Weighted Ridge,5,100.0,0.1,0.5,1.0,0.09046828510304322,0.0,0.14986795654825671,0.0,0.13444902832166472,0.0,0.2136307312977826,3.1031676915590914e-17,4.798022854912709e-06,0.0004617547386700227,-0.0062378581940843725,False,False,True,False,False,True
ETTm2,STCG-v1 Weighted Ridge,5,100.0,0.1,1.0,1.0,0.09037969043475438,0.0,0.14988281987112637,0.0,0.13446099593911826,0.0,0.2136658140166209,0.0,1.966134572456424e-05,0.00047661806153967423,-0.006222994871214721,False,False,True,False,False,True
ETTm2,STCG-v1 Weighted Ridge,5,100.0,0.1,2.0,1.0,0.09022980025706658,0.0,0.14993592194212849,0.0,0.13450303255154927,0.0,0.213815660513125,0.0,7.27634167266844e-05,0.0005297201325417944,-0.006169892800212601,False,False,True,False,False,True
ETTm2,STCG-v1 Weighted Ridge,5,100.0,0.1,4.0,1.0,0.09010028708851567,0.0,0.15003864391333946,0.0,0.1345825407927967,0.0,0.2141292547194301,0.0,0.00017548538793765722,0.0006324421037527672,-0.006067170829001628,False,False,True,False,False,True
ETTm2,STCG-v1 Weighted Ridge,5,100.0,0.3,0.5,1.0,0.09049219712474607,0.0,0.14986582484651534,0.0,0.13444725423429432,0.0,0.21362766213511417,0.0,2.666321113536929e-06,0.0004596230369286469,-0.006239989895825748,False,False,True,False,False,True
ETTm2,STCG-v1 Weighted Ridge,5,100.0,0.3,1.0,1.0,0.09044167478489684,0.0,0.149872197756661,0.0,0.1344522597328642,0.0,0.21364295778781034,0.0,9.039231259194702e-06,0.0004659959470743047,-0.0062336169856800905,False,False,True,False,False,True
ETTm2,STCG-v1 Weighted Ridge,5,100.0,0.3,2.0,1.0,0.09037444323825919,0.0,0.14988855648951752,0.0,0.13446493562531395,0.0,0.2136900935701845,0.0,2.5397964115714267e-05,0.00048235467993082426,-0.006217258252823571,False,False,True,False,False,True
ETTm2,STCG-v1 Weighted Ridge,5,100.0,0.3,4.0,1.0,0.09032381854292759,0.0,0.14991107363024528,0.0,0.1344824053563656,0.0,0.213758232314904,0.0,4.791510484347672e-05,0.0005048718206585867,-0.0061947411120958085,False,False,True,False,False,True
ETTm2,STCG-v1 Weighted Ridge,5,100.0,0.6,0.5,1.0,0.09052040085480592,0.0,0.14986405568703698,0.0,0.1344458211527212,0.0,0.21362543347478416,0.0,8.971616351771683e-07,0.00045785387745028716,-0.006241759055304108,False,False,True,False,False,True
ETTm2,STCG-v1 Weighted Ridge,5,100.0,0.6,1.0,1.0,0.09049996030272012,0.0,0.14986568395875358,0.0,0.13444703173530212,0.0,0.2136296832419357,0.0,2.5254333517743532e-06,0.00045948214916688435,-0.006240130783587511,False,False,True,False,False,True
ETTm2,STCG-v1 Weighted Ridge,5,100.0,0.6,2.0,1.0,0.0904770181893334,0.0,0.14986899164478304,0.0,0.1344495077082167,0.0,0.21364002210631386,0.0,5.833119381237761e-06,0.00046278983519634775,-0.006236823097558047,False,False,True,False,False,True
ETTm2,STCG-v1 Weighted Ridge,5,100.0,0.6,4.0,1.0,0.09046185794243651,0.0,0.14987283946445884,0.0,0.13445257702505065,0.0,0.21365148156592356,0.0,9.680939057038485e-06,0.0004666376548721485,-0.006232975277882247,False,False,True,False,False,True
OccupancySensors,Persistence,5,nan,,,,0.014191317093134998,0.0,0.045817172765740315,0.0,0.03916419416811633,0.0,0.06845691357922302,0.0,nan,-0.00011894747596610106,0.0,False,True,False,False,False,False
OccupancySensors,Dense Ridge,5,0.1,,,,0.0164047652725871,0.0,0.0460498650032917,0.0,0.03877657542228211,0.0,0.06893813512446396,0.0,0.0,0.00011374476158528685,0.0002326922375513879,False,False,False,False,False,False
OccupancySensors,Dense Ridge,5,0.3,,,,0.01640207781696677,0.0,0.04603311454383632,0.0,0.03876343067362703,0.0,0.0689333255327414,0.0,0.0,9.699430212990745e-05,0.0002159417780960085,False,False,False,False,False,False
OccupancySensors,Dense Ridge,5,1.0,,,,0.016431561561657912,0.0,0.04599294443199524,0.0,0.0387435232233309,0.0,0.06893047245458872,0.0,0.0,5.682419028882335e-05,0.0001757716662549244,False,False,False,False,False,False
OccupancySensors,Dense Ridge,5,3.0,,,,0.016573972432057507,0.0,0.045936120241706416,0.0,0.03876018545691662,0.0,0.06898235745977647,0.0,0.0,0.0,0.00011894747596610106,False,False,False,False,False,False
OccupancySensors,Dense Ridge,5,10.0,,,,0.01725550003432753,0.0,0.04608088098556524,0.0,0.03921961430063363,0.0,0.06952095531132388,0.0,0.0,0.00014476074385882248,0.00026370821982492354,False,False,False,False,False,False
OccupancySensors,Dense Ridge,5,30.0,,,,0.01932698593299563,0.0,0.04735065325829816,0.0,0.04128536646232055,0.0,0.07160246940221049,0.0,0.0,0.0014145330165917444,0.0015334804925578455,False,False,False,False,False,False
OccupancySensors,Dense Ridge,5,100.0,,,,0.023629712957355366,0.0,0.05135099064527219,0.0,0.04627660734726304,0.0,0.07651938326601719,0.0,0.0,0.005414870403565773,0.005533817879531874,False,False,False,False,False,False
OccupancySensors,DynVAR-Lasso Weighted Ridge,5,0.1,0.01,0.5,1.0,0.016398200930506524,0.0,0.046047520770173045,0.0,0.0387744630517571,0.0,0.06893750505458776,0.0,-2.344233118657668e-06,0.00011140052846662918,0.00023034800443273024,True,False,False,False,False,False
OccupancySensors,DynVAR-Lasso Weighted Ridge,5,0.1,0.01,1.0,1.0,0.01639315988172687,0.0,0.04604566463125671,0.0,0.03877267958076672,0.0,0.06893721243436322,0.0,-4.200372034995903e-06,0.00010954438955029094,0.000228491865516392,True,False,False,False,False,False
OccupancySensors,DynVAR-Lasso Weighted Ridge,5,0.1,0.01,2.0,1.0,0.016381790369447046,0.0,0.04604182838287376,0.0,0.038769171869498624,0.0,0.06893739716175558,0.0,-8.036620417942175e-06,0.00010570814116734467,0.00022465561713344573,True,False,False,False,False,False
OccupancySensors,DynVAR-Lasso Weighted Ridge,5,0.1,0.01,4.0,1.0,0.016344826352218268,0.0,0.04603137364783934,0.0,0.03876242293056729,0.0,0.06893964121209174,0.0,-1.849135545236441e-05,9.525340613292244e-05,0.0002142008820990235,True,False,False,False,False,False
OccupancySensors,DynVAR-Lasso Weighted Ridge,5,0.1,0.03,0.5,1.0,0.016398355558124383,0.0,0.0460475784101781,0.0,0.03877451479701111,0.0,0.06893751523039174,0.0,-2.2865931136040185e-06,0.00011145816847168283,0.00023040564443778389,True,False,False,False,False,False
OccupancySensors,DynVAR-Lasso Weighted Ridge,5,0.1,0.03,1.0,1.0,0.016393528254448734,0.0,0.046045806317127645,0.0,0.03877280767652996,0.0,0.0689372173112623,0.0,-4.058686164057357e-06,0.00010968607542122949,0.00022863355138733055,True,False,False,False,False,False
OccupancySensors,DynVAR-Lasso Weighted Ridge,5,0.1,0.03,2.0,1.0,0.016383888896461012,0.0,0.04604255726756313,0.0,0.038769785345242946,0.0,0.0689373146066766,0.0,-7.30773572857335e-06,0.0001064370258567135,0.00022538450182281455,True,False,False,False,False,False
OccupancySensors,DynVAR-Lasso Weighted Ridge,5,0.1,0.03,4.0,1.0,0.016362710605622756,0.0,0.04603662742237787,0.0,0.03876541030257192,0.0,0.06893866078810422,0.0,-1.3237580913830205e-05,0.00010050718067145664,0.0002194546566375577,True,False,False,False,False,False
OccupancySensors,DynVAR-Lasso Weighted Ridge,5,0.1,0.1,0.5,1.0,0.01639888876607037,0.0,0.04604777497803991,0.0,0.03877469140884278,0.0,0.06893755199658293,0.0,-2.090025251789973e-06,0.00011165473633349687,0.00023060221229959793,True,False,False,False,False,False
OccupancySensors,DynVAR-Lasso Weighted Ridge,5,0.1,0.1,1.0,1.0,0.016394698302266104,0.0,0.04604625369811246,0.0,0.03877321272112101,0.0,0.06893724299482182,0.0,-3.6113051792435735e-06,0.00011013345640604327,0.00022908093237214433,True,False,False,False,False,False
OccupancySensors,DynVAR-Lasso Weighted Ridge,5,0.1,0.1,2.0,1.0,0.016388244731318415,0.0,0.046044097368094804,0.0,0.038771033506698506,0.0,0.06893714072173755,0.0,-5.767635196898824e-06,0.00010797712638838802,0.00022692460235448908,True,False,False,False,False,False
OccupancySensors,DynVAR-Lasso Weighted Ridge,5,0.1,0.1,4.0,1.0,0.01638003866161525,0.0,0.04604186560314395,0.0,0.03876869648803681,0.0,0.06893743301751858,0.0,-7.999400147749858e-06,0.00010574536143753699,0.00022469283740363805,True,False,False,False,False,False
OccupancySensors,DynVAR-Lasso Weighted Ridge,5,0.1,0.3,0.5,1.0,0.0164003366733818,0.0,0.0460482997787549,0.0,0.03877516395619485,0.0,0.0689376657415463,0.0,-1.5652245368008577e-06,0.00011217953704848599,0.00023112701301458705,True,False,False,False,False,False
OccupancySensors,DynVAR-Lasso Weighted Ridge,5,0.1,0.3,1.0,1.0,0.01639745128380554,0.0,0.04604728567158271,0.0,0.03877416223601553,0.0,0.06893737085980214,0.0,-2.5793317089892187e-06,0.00011116542987629763,0.00023011290584239869,True,False,False,False,False,False
OccupancySensors,DynVAR-Lasso Weighted Ridge,5,0.1,0.3,2.0,1.0,0.016394128448903714,0.0,0.046046195885864186,0.0,0.03877292696806306,0.0,0.0689370746034445,0.0,-3.6691174275169103e-06,0.00011007564415776994,0.000229023120123871,True,False,False,False,False,False
OccupancySensors,DynVAR-Lasso Weighted Ridge,5,0.1,0.3,4.0,1.0,0.016391234683456615,0.0,0.04604541473057445,0.0,0.03877180322835103,0.0,0.06893683103768738,0.0,-4.450272717254622e-06,0.00010929448886803222,0.00022824196483413328,True,False,False,False,False,False
OccupancySensors,DynVAR-Lasso Weighted Ridge,5,0.1,0.6,0.5,1.0,0.01640232880149872,0.0,0.046049011730179217,0.0,0.03877580631248224,0.0,0.06893785565540528,0.0,-8.532731124860637e-07,0.00011289148847280078,0.00023183896443890184,True,False,False,False,False,False
OccupancySensors,DynVAR-Lasso Weighted Ridge,5,0.1,0.6,1.0,1.0,0.016400854829377247,0.0,0.04604850912895283,0.0,0.03877530735984514,0.0,0.06893765658114938,0.0,-1.3558743388736305e-06,0.00011238888724641322,0.00023133636321251427,True,False,False,False,False,False
OccupancySensors,DynVAR-Lasso Weighted Ridge,5,0.1,0.6,2.0,1.0,0.016399320072611204,0.0,0.046048023534391795,0.0,0.03877474310546425,0.0,0.06893740316100573,0.0,-1.8414688999074391e-06,0.00011190329268537941,0.00023085076865148046,True,False,False,False,False,False
OccupancySensors,DynVAR-Lasso Weighted Ridge,5,0.1,0.6,4.0,1.0,0.016398182021288493,0.0,0.04604771152155286,0.0,0.03877426721110133,0.0,0.06893715829780249,0.0,-2.1534817388410565e-06,0.00011159127984644579,0.00023053875581254685,True,False,False,False,False,False
OccupancySensors,DynVAR-Lasso Weighted Ridge,5,0.3,0.01,0.5,1.0,0.0163966119546617,0.0,0.04603115514907027,0.0,0.03876212336924795,0.0,0.06893348248177189,0.0,-1.959394766055944e-06,9.50349073638515e-05,0.00021398238332995256,True,False,False,False,False,False
OccupancySensors,DynVAR-Lasso Weighted Ridge,5,0.3,0.01,1.0,1.0,0.016389902451717855,0.0,0.04602890231737426,0.0,0.038760774354691094,0.0,0.06893377991447101,0.0,-4.212226462060875e-06,9.278207566784658e-05,0.00021172955163394763,True,False,False,False,False,False
OccupancySensors,DynVAR-Lasso Weighted Ridge,5,0.3,0.01,2.0,1.0,0.01636905430241565,0.0,0.046022567039374504,0.0,0.038757518808327264,0.0,0.06893487620144616,0.0,-1.054750446181918e-05,8.644679766808827e-05,0.00020539427363418933,True,False,False,False,False,False
OccupancySensors,DynVAR-Lasso Weighted Ridge,5,0.3,0.01,4.0,1.0,0.016324310688784642,0.0,0.04601173800680822,0.0,0.038756150375253796,0.0,0.06893927368835405,0.0,-2.1376537028106046e-05,7.56177651018014e-05,0.00019456524106790246,True,False,False,False,False,False
OccupancySensors,DynVAR-Lasso Weighted Ridge,5,0.3,0.03,0.5,1.0,0.016396775113880265,0.0,0.046031212557560264,0.0,0.038762159222008555,0.0,0.06893347616259043,0.0,-1.9019862760594197e-06,9.509231585384803e-05,0.0002140397918199491,True,False,False,False,False,False
OccupancySensors,DynVAR-Lasso Weighted Ridge,5,0.3,0.03,1.0,1.0,0.01639050930266795,0.0,0.04602910363317047,0.0,0.03876089314875666,0.0,0.06893375394869178,0.0,-4.010910665853962e-06,9.298339146405349e-05,0.00021193086743015455,True,False,False,False,False,False
OccupancySensors,DynVAR-Lasso Weighted Ridge,5,0.3,0.03,2.0,1.0,0.016373193316802395,0.0,0.046023810999756165,0.0,0.03875824016728968,0.0,0.06893470676789346,0.0,-9.3035440801581e-06,8.769075804974935e-05,0.0002066382340158504,True,False,False,False,False,False
OccupancySensors,DynVAR-Lasso Weighted Ridge,5,0.3,0.03,4.0,1.0,0.016343110579866326,0.0,0.04601623788249628,0.0,0.03875650286866714,0.0,0.06893778574476615,0.0,-1.687666134004423e-05,8.011764078986322e-05,0.00019906511675596428,True,False,False,False,False,False
OccupancySensors,DynVAR-Lasso Weighted Ridge,5,0.3,0.1,0.5,1.0,0.016397316875815564,0.0,0.046031403761716265,0.0,0.038762279273461694,0.0,0.06893345542978255,0.0,-1.7107821200582074e-06,9.528352000984924e-05,0.0002142309959759503,True,False,False,False,False,False
OccupancySensors,DynVAR-Lasso Weighted Ridge,5,0.3,0.1,1.0,1.0,0.016392314553007596,0.0,0.046029705581477835,0.0,0.03876124067674905,0.0,0.06893367344402819,0.0,-3.4089623584879214e-06,9.358533977141953e-05,0.00021253281573752059,True,False,False,False,False,False
OccupancySensors,DynVAR-Lasso Weighted Ridge,5,0.3,0.1,2.0,1.0,0.016381811942196553,0.0,0.04602645165573857,0.0,0.03875952987903066,0.0,0.06893427773989215,0.0,-6.662888097752617e-06,9.033141403215483e-05,0.0002092788899982559,True,False,False,False,False,False
OccupancySensors,DynVAR-Lasso Weighted Ridge,5,0.3,0.1,4.0,1.0,0.016368624250227743,0.0,0.046023030464492264,0.0,0.038757984782310344,0.0,0.06893531028887684,0.0,-1.0084079344059582e-05,8.691022278584787e-05,0.00020585769875194893,True,False,False,False,False,False
OccupancySensors,DynVAR-Lasso Weighted Ridge,5,0.3,0.3,0.5,1.0,0.016398665662833486,0.0,0.046031882913585384,0.0,0.03876258615531461,0.0,0.06893340677153191,0.0,-1.2316302509390864e-06,9.576267187896836e-05,0.00021471014784506942,True,False,False,False,False,False
OccupancySensors,DynVAR-Lasso Weighted Ridge,5,0.3,0.3,1.0,1.0,0.01639585262519026,0.0,0.046030908456500645,0.0,0.03876194576453182,0.0,0.06893350987753988,0.0,-2.2060873356780086e-06,9.478821479422944e-05,0.0002137356907603305,True,False,False,False,False,False
OccupancySensors,DynVAR-Lasso Weighted Ridge,5,0.3,0.3,2.0,1.0,0.016391822125075662,0.0,0.04602962402984815,0.0,0.038761113461859,0.0,0.06893368478510066,0.0,-3.490513988173294e-06,9.350378814173416e-05,0.00021245126410783521,True,False,False,False,False,False
OccupancySensors,DynVAR-Lasso Weighted Ridge,5,0.3,0.3,4.0,1.0,0.01638798189192492,0.0,0.04602855538385378,0.0,0.038760287896467634,0.0,0.06893367457789262,0.0,-4.559159982542305e-06,9.243514214736515e-05,0.0002113826181134662,True,False,False,False,False,False
OccupancySensors,DynVAR-Lasso Weighted Ridge,5,0.3,0.6,0.5,1.0,0.016400307177291008,0.0,0.04603247317283803,0.0,0.0387629799676279,0.0,0.06893335767422062,0.0,-6.413709982902582e-07,9.635293113161719e-05,0.00021530040709771825,True,False,False,False,False,False
OccupancySensors,DynVAR-Lasso Weighted Ridge,5,0.3,0.6,1.0,1.0,0.01639913992715277,0.0,0.04603206036480669,0.0,0.03876268197290348,0.0,0.06893337973976822,0.0,-1.05417902963173e-06,9.594012310027572e-05,0.00021488759906637678,True,False,False,False,False,False
OccupancySensors,DynVAR-Lasso Weighted Ridge,5,0.3,0.6,2.0,1.0,0.01639781825293937,0.0,0.046031621439209386,0.0,0.038762332566425764,0.0,0.06893338154066292,0.0,-1.4931046269373027e-06,9.550119750297015e-05,0.0002144486734690712,True,False,False,False,False,False
OccupancySensors,DynVAR-Lasso Weighted Ridge,5,0.3,0.6,4.0,1.0,0.01639672038700874,0.0,0.04603129189252889,0.0,0.0387619938367192,0.0,0.0689332753482435,0.0,-1.8226513074301454e-06,9.51716508224773e-05,0.00021411912678857836,True,False,False,False,False,False
OccupancySensors,DynVAR-Lasso Weighted Ridge,5,1.0,0.01,0.5,1.0,0.016423080029143954,0.0,0.04599006568480218,0.0,0.0387433396541969,0.0,0.06893110309828575,0.0,-2.878747193062192e-06,5.394544309576116e-05,0.00017289291906186222,True,False,False,False,False,False
OccupancySensors,DynVAR-Lasso Weighted Ridge,5,1.0,0.01,1.0,1.0,0.016411705676980533,0.0,0.04598650176612133,0.0,0.03874337611445243,0.0,0.06893200828747632,0.0,-6.442665873906961e-06,5.038152441491639e-05,0.00016932900038101745,True,False,False,False,False,False
OccupancySensors,DynVAR-Lasso Weighted Ridge,5,1.0,0.01,2.0,1.0,0.01638579756388562,0.0,0.045979351605162325,0.0,0.03874554964149192,0.0,0.06893475117755564,0.0,-1.3592826832914406e-05,4.3231363455908944e-05,0.00016217883942201,True,False,False,False,False,False
OccupancySensors,DynVAR-Lasso Weighted Ridge,5,1.0,0.01,4.0,1.0,0.016361732330760357,0.0,0.04597726017041248,0.0,0.03875959873706459,0.0,0.06894046835419614,0.0,-1.5684261582757375e-05,4.1139928706065976e-05,0.00016008740467216703,True,False,False,False,False,False
OccupancySensors,DynVAR-Lasso Weighted Ridge,5,1.0,0.03,0.5,1.0,0.01642336703531198,0.0,0.045990157633030215,0.0,0.038743347185037844,0.0,0.06893108307115788,0.0,-2.7867989650237623e-06,5.403739132379959e-05,0.00017298486728990065,True,False,False,False,False,False
OccupancySensors,DynVAR-Lasso Weighted Ridge,5,1.0,0.03,1.0,1.0,0.016412764996750945,0.0,0.04598682142248198,0.0,0.03874340581128229,0.0,0.06893193566288507,0.0,-6.1230095132619455e-06,5.0701180775561405e-05,0.00016964865674166246,True,False,False,False,False,False
OccupancySensors,DynVAR-Lasso Weighted Ridge,5,1.0,0.03,2.0,1.0,0.016390576153487997,0.0,0.045980543662281145,0.0,0.03874539752032579,0.0,0.06893439112022612,0.0,-1.2400769714093762e-05,4.442342057472959e-05,0.00016337089654083065,True,False,False,False,False,False
OccupancySensors,DynVAR-Lasso Weighted Ridge,5,1.0,0.03,4.0,1.0,0.016373138541475037,0.0,0.04597821732839543,0.0,0.038755118439470715,0.0,0.06893951903194367,0.0,-1.4727103599808389e-05,4.209708668901496e-05,0.00016104456265511602,True,False,False,False,False,False
OccupancySensors,DynVAR-Lasso Weighted Ridge,5,1.0,0.1,0.5,1.0,0.01642430407769266,0.0,0.04599046140624889,0.0,0.038743370101942017,0.0,0.06893101635375506,0.0,-2.4830257463470673e-06,5.4341164542476283e-05,0.00017328864050857734,True,False,False,False,False,False
OccupancySensors,DynVAR-Lasso Weighted Ridge,5,1.0,0.1,1.0,1.0,0.01641591828970399,0.0,0.04598778357245086,0.0,0.038743456957313994,0.0,0.06893170819896884,0.0,-5.160859544377228e-06,5.166333074444612e-05,0.00017061080671054718,True,False,False,False,False,False
OccupancySensors,DynVAR-Lasso Weighted Ridge,5,1.0,0.1,2.0,1.0,0.016401469965381436,0.0,0.04598348918320142,0.0,0.038744762897032194,0.0,0.06893337817498912,0.0,-9.455248793817372e-06,4.736894149500598e-05,0.00016631641746110704,True,False,False,False,False,False
OccupancySensors,DynVAR-Lasso Weighted Ridge,5,1.0,0.1,4.0,1.0,0.016390771363621475,0.0,0.04598114063232012,0.0,0.03874837244145719,0.0,0.06893572018253746,0.0,-1.1803799675122462e-05,4.502039061370089e-05,0.00016396786657980195,True,False,False,False,False,False
OccupancySensors,DynVAR-Lasso Weighted Ridge,5,1.0,0.3,0.5,1.0,0.016426539075415466,0.0,0.04599120341525514,0.0,0.0387434172920226,0.0,0.06893085101760309,0.0,-1.7410167401019083e-06,5.508317354872144e-05,0.0001740306495148225,True,False,False,False,False,False
OccupancySensors,DynVAR-Lasso Weighted Ridge,5,1.0,0.3,1.0,1.0,0.016422057472767197,0.0,0.04598970864517539,0.0,0.0387434744056852,0.0,0.06893122816867278,0.0,-3.2357868198495954e-06,5.3588403468973755e-05,0.0001725358794350748,True,False,False,False,False,False
OccupancySensors,DynVAR-Lasso Weighted Ridge,5,1.0,0.3,2.0,1.0,0.01641616851148142,0.0,0.045987832517282154,0.0,0.038743870327548,0.0,0.06893181957714539,0.0,-5.111914713085142e-06,5.171227557573821e-05,0.00017065975154183927,True,False,False,False,False,False
OccupancySensors,DynVAR-Lasso Weighted Ridge,5,1.0,0.3,4.0,1.0,0.016411434813010536,0.0,0.04598652398495311,0.0,0.0387442574920725,0.0,0.06893199241687097,0.0,-6.4204470421325155e-06,5.0403743246690835e-05,0.0001693512192127919,True,False,False,False,False,False
OccupancySensors,DynVAR-Lasso Weighted Ridge,5,1.0,0.6,0.5,1.0,0.016429075193358837,0.0,0.04599207116871854,0.0,0.038743466659160335,0.0,0.06893065789691252,0.0,-8.732632766975112e-07,5.595092701212584e-05,0.0001748984029782269,True,False,False,False,False,False
OccupancySensors,DynVAR-Lasso Weighted Ridge,5,1.0,0.6,1.0,1.0,0.01642738859895492,0.0,0.04599147813782402,0.0,0.03874347560806659,0.0,0.06893079010334166,0.0,-1.4662941712206834e-06,5.535789611760267e-05,0.00017430537208370372,True,False,False,False,False,False
OccupancySensors,DynVAR-Lasso Weighted Ridge,5,1.0,0.6,2.0,1.0,0.016425553798916446,0.0,0.04599084585459667,0.0,0.03874352557791464,0.0,0.06893090107150444,0.0,-2.0985773985723877e-06,5.472561289025096e-05,0.00017367308885635202,True,False,False,False,False,False
OccupancySensors,DynVAR-Lasso Weighted Ridge,5,1.0,0.6,4.0,1.0,0.016424022490533718,0.0,0.04599037334626922,0.0,0.03874345213321989,0.0,0.0689307652375446,0.0,-2.5710857260163866e-06,5.4253104562806964e-05,0.00017320058052890802,True,False,False,False,False,False
OccupancySensors,DynVAR-Lasso Weighted Ridge,5,3.0,0.01,0.5,1.0,0.016566903695304527,0.0,0.04593371260583886,0.0,0.03876630658814402,0.0,0.06898377648553684,0.0,-2.407635867555935e-06,-2.407635867555935e-06,0.00011653984009854512,True,True,False,False,False,False
OccupancySensors,DynVAR-Lasso Weighted Ridge,5,3.0,0.01,1.0,1.0,0.016559570402728308,0.0,0.045931707281160236,0.0,0.03877402230387448,0.0,0.06898542112057512,0.0,-4.412960546179567e-06,-4.412960546179567e-06,0.00011453451541992149,True,True,False,False,False,False
OccupancySensors,DynVAR-Lasso Weighted Ridge,5,3.0,0.01,2.0,1.0,0.016550554766215503,0.0,0.045931294414302104,0.0,0.03879242880820451,0.0,0.06898826159667937,0.0,-4.8258274043117e-06,-4.8258274043117e-06,0.00011412164856178936,True,True,False,False,False,False
OccupancySensors,DynVAR-Lasso Weighted Ridge,5,3.0,0.01,4.0,1.0,0.016536003759554788,0.0,0.045933562289275164,0.0,0.03881569560213643,0.0,0.06898632415531498,0.0,-2.557952431252175e-06,-2.557952431252175e-06,0.00011638952353484888,True,True,False,False,False,False
OccupancySensors,DynVAR-Lasso Weighted Ridge,5,3.0,0.03,0.5,1.0,0.0165671554471383,0.0,0.045933787985283435,0.0,0.03876613558545474,0.0,0.06898373435037573,0.0,-2.332256422980794e-06,-2.332256422980794e-06,0.00011661521954312026,True,True,False,False,False,False
OccupancySensors,DynVAR-Lasso Weighted Ridge,5,3.0,0.03,1.0,1.0,0.016560432986746462,0.0,0.04593189830831101,0.0,0.03877350289288818,0.0,0.06898530163609932,0.0,-4.221933395408273e-06,-4.221933395408273e-06,0.00011472554257069278,True,True,False,False,False,False
OccupancySensors,DynVAR-Lasso Weighted Ridge,5,3.0,0.03,2.0,1.0,0.016553268684805757,0.0,0.04593148760542532,0.0,0.03879035194519838,0.0,0.06898804401155871,0.0,-4.632636281094726e-06,-4.632636281094726e-06,0.00011431483968500633,True,True,False,False,False,False
OccupancySensors,DynVAR-Lasso Weighted Ridge,5,3.0,0.03,4.0,1.0,0.016549678113453068,0.0,0.04593441791550029,0.0,0.03881115983763747,0.0,0.06898840670230329,0.0,-1.702326206123872e-06,-1.702326206123872e-06,0.00011724514975997719,True,True,False,False,False,False
OccupancySensors,DynVAR-Lasso Weighted Ridge,5,3.0,0.1,0.5,1.0,0.01656796481526255,0.0,0.04593403768001399,0.0,0.03876555670465633,0.0,0.06898359264238516,0.0,-2.0825616924291523e-06,-2.0825616924291523e-06,0.0001168649142736719,True,True,False,False,False,False
OccupancySensors,DynVAR-Lasso Weighted Ridge,5,3.0,0.1,1.0,1.0,0.01656291509249417,0.0,0.04593248658148822,0.0,0.03877180552084617,0.0,0.06898491074102404,0.0,-3.6336602181955002e-06,-3.6336602181955002e-06,0.00011531381574790556,True,True,False,False,False,False
OccupancySensors,DynVAR-Lasso Weighted Ridge,5,3.0,0.1,2.0,1.0,0.01655928380870991,0.0,0.04593203901123293,0.0,0.03878442061522754,0.0,0.06898710859911401,0.0,-4.081230473483577e-06,-4.081230473483577e-06,0.00011486624549261748,True,True,False,False,False,False
OccupancySensors,DynVAR-Lasso Weighted Ridge,5,3.0,0.1,4.0,1.0,0.016561045016585358,0.0,0.045933683454441786,0.0,0.03879757445582129,0.0,0.06898769178240945,0.0,-2.4367872646299804e-06,-2.4367872646299804e-06,0.00011651068870147108,True,True,False,False,False,False
OccupancySensors,DynVAR-Lasso Weighted Ridge,5,3.0,0.3,0.5,1.0,0.01656987155967359,0.0,0.045934652195326914,0.0,0.03876405956906256,0.0,0.0689832326585823,0.0,-1.4680463795019305e-06,-1.4680463795019305e-06,0.00011747942958659913,True,True,False,False,False,False
OccupancySensors,DynVAR-Lasso Weighted Ridge,5,3.0,0.3,1.0,1.0,0.016567396222876465,0.0,0.04593373554026364,0.0,0.03876788625127702,0.0,0.06898400732171406,0.0,-2.3847014427730295e-06,-2.3847014427730295e-06,0.00011656277452332803,True,True,False,False,False,False
OccupancySensors,DynVAR-Lasso Weighted Ridge,5,3.0,0.3,2.0,1.0,0.016566462704649607,0.0,0.0459332895972757,0.0,0.038773918967409324,0.0,0.06898497140799616,0.0,-2.830644430712459e-06,-2.830644430712459e-06,0.0001161168315353886,True,True,False,False,False,False
OccupancySensors,DynVAR-Lasso Weighted Ridge,5,3.0,0.3,4.0,1.0,0.016566172882037697,0.0,0.04593325435468591,0.0,0.03877841267759578,0.0,0.0689846720447805,0.0,-2.865887020503388e-06,-2.865887020503388e-06,0.00011608158894559767,True,True,False,False,False,False
OccupancySensors,DynVAR-Lasso Weighted Ridge,5,3.0,0.6,0.5,1.0,0.016571984520229302,0.0,0.04593537952232706,0.0,0.03876218010570424,0.0,0.06898279591012221,0.0,-7.407193793537714e-07,-7.407193793537714e-07,0.00011820675658674729,True,True,False,False,False,False
OccupancySensors,DynVAR-Lasso Weighted Ridge,5,3.0,0.6,1.0,1.0,0.016571075791508617,0.0,0.04593499024928721,0.0,0.03876378700945459,0.0,0.06898309102769223,0.0,-1.1299924192048616e-06,-1.1299924192048616e-06,0.0001178174835468962,True,True,False,False,False,False
OccupancySensors,DynVAR-Lasso Weighted Ridge,5,3.0,0.6,2.0,1.0,0.016570665050798485,0.0,0.04593472713225699,0.0,0.03876578907665722,0.0,0.0689833121016739,0.0,-1.393109449424057e-06,-1.393109449424057e-06,0.000117554366516677,True,True,False,False,False,False
OccupancySensors,DynVAR-Lasso Weighted Ridge,5,3.0,0.6,4.0,1.0,0.016569959873095487,0.0,0.04593448867269736,0.0,0.03876685710230465,0.0,0.06898299953925902,0.0,-1.6315690090570878e-06,-1.6315690090570878e-06,0.00011731590695704397,True,True,False,False,False,False
OccupancySensors,DynVAR-Lasso Weighted Ridge,5,10.0,0.01,0.5,1.0,0.01724385510300129,0.0,0.04607911946818518,0.0,0.039230103024062865,0.0,0.06952041103764828,0.0,-1.7615173800583639e-06,0.00014299922647876412,0.0002619467024448652,True,False,False,False,False,False
OccupancySensors,DynVAR-Lasso Weighted Ridge,5,10.0,0.01,1.0,1.0,0.017231960827538306,0.0,0.04607779207871217,0.0,0.03923919875504175,0.0,0.06951889474202268,0.0,-3.088906853070117e-06,0.00014167183700575237,0.0002606193129718534,True,False,False,False,False,False
OccupancySensors,DynVAR-Lasso Weighted Ridge,5,10.0,0.01,2.0,1.0,0.017206395066492835,0.0,0.046073726153338414,0.0,0.03924690901047726,0.0,0.06951165429563941,0.0,-7.154832226824448e-06,0.00013760591163199803,0.0002565533875980991,True,False,False,False,False,False
OccupancySensors,DynVAR-Lasso Weighted Ridge,5,10.0,0.01,4.0,1.0,0.01711526537368632,0.0,0.04604798574771746,0.0,0.03921155389981555,0.0,0.06948522234708311,0.0,-3.28952378477812e-05,0.00011186550601104128,0.00023081298197714234,True,False,False,False,False,False
OccupancySensors,DynVAR-Lasso Weighted Ridge,5,10.0,0.03,0.5,1.0,0.017244260602672576,0.0,0.04607917567107878,0.0,0.03922984232505905,0.0,0.06952042867498792,0.0,-1.7053144864553893e-06,0.0001430554293723671,0.00026200290533846815,True,False,False,False,False,False
OccupancySensors,DynVAR-Lasso Weighted Ridge,5,10.0,0.03,1.0,1.0,0.017233143590584286,0.0,0.04607793549253286,0.0,0.039238636426572014,0.0,0.0695190021416276,0.0,-2.9454930323760675e-06,0.00014181525082644642,0.00026076272679254747,True,False,False,False,False,False
OccupancySensors,DynVAR-Lasso Weighted Ridge,5,10.0,0.03,2.0,1.0,0.01721170723291142,0.0,0.04607469844444956,0.0,0.03924673981609593,0.0,0.06951270462512553,0.0,-6.182541115680451e-06,0.00013857820274314203,0.0002575256787092431,True,False,False,False,False,False
OccupancySensors,DynVAR-Lasso Weighted Ridge,5,10.0,0.03,4.0,1.0,0.017151677508354893,0.0,0.04605718904300023,0.0,0.03922416250397835,0.0,0.06949253231861449,0.0,-2.3691942565011448e-05,0.00012106880129381103,0.0002400162772599121,True,False,False,False,False,False
OccupancySensors,DynVAR-Lasso Weighted Ridge,5,10.0,0.1,0.5,1.0,0.017245590789078415,0.0,0.04607936179226631,0.0,0.03922894824516325,0.0,0.06952048613732763,0.0,-1.5191932989308543e-06,0.00014324155055989163,0.0002621890265259927,True,False,False,False,False,False
OccupancySensors,DynVAR-Lasso Weighted Ridge,5,10.0,0.1,1.0,1.0,0.017236807427728904,0.0,0.0460783742762914,0.0,0.03923673260507608,0.0,0.06951931741378264,0.0,-2.5067092738403907e-06,0.0001422540345849821,0.00026120151055108315,True,False,False,False,False,False
OccupancySensors,DynVAR-Lasso Weighted Ridge,5,10.0,0.1,2.0,1.0,0.017223282805814113,0.0,0.046076507461756955,0.0,0.039244506646623115,0.0,0.06951494718413744,0.0,-4.3735238082834305e-06,0.00014038722005053905,0.0002593346960166401,True,False,False,False,False,False
OccupancySensors,DynVAR-Lasso Weighted Ridge,5,10.0,0.1,4.0,1.0,0.017193770866588045,0.0,0.04606794437998621,0.0,0.03923514751214402,0.0,0.0695024347221784,0.0,-1.2936605579029481e-05,0.000131824138279793,0.00025077161424589406,True,False,False,False,False,False
OccupancySensors,DynVAR-Lasso Weighted Ridge,5,10.0,0.3,0.5,1.0,0.017248763720799188,0.0,0.04607981791059841,0.0,0.039226544697756646,0.0,0.06952062257639646,0.0,-1.063074966826949e-06,0.00014369766889199553,0.0002626451448580966,True,False,False,False,False,False
OccupancySensors,DynVAR-Lasso Weighted Ridge,5,10.0,0.3,1.0,1.0,0.017244264388017794,0.0,0.04607927816873089,0.0,0.03923184326950312,0.0,0.06951991244478925,0.0,-1.6028168343465432e-06,0.00014315792702447594,0.000262105402990577,True,False,False,False,False,False
OccupancySensors,DynVAR-Lasso Weighted Ridge,5,10.0,0.3,2.0,1.0,0.01723937139552463,0.0,0.04607858706808844,0.0,0.03923704555941064,0.0,0.06951767222326999,0.0,-2.293917476796359e-06,0.00014246682638202612,0.0002614143023481272,True,False,False,False,False,False
OccupancySensors,DynVAR-Lasso Weighted Ridge,5,10.0,0.3,4.0,1.0,0.017229352372507556,0.0,0.04607549070123982,0.0,0.03923427955194793,0.0,0.0695118653788047,0.0,-5.390284325418326e-06,0.00013937045953340416,0.0002583179354995052,True,False,False,False,False,False
OccupancySensors,DynVAR-Lasso Weighted Ridge,5,10.0,0.6,0.5,1.0,0.017252283698744347,0.0,0.046080350357707515,0.0,0.03922331915966498,0.0,0.06952078147026648,0.0,-5.306278577227319e-07,0.00014423011600109975,0.0002631775919672008,True,False,False,False,False,False
OccupancySensors,DynVAR-Lasso Weighted Ridge,5,10.0,0.6,1.0,1.0,0.017250727090734205,0.0,0.04608013696614425,0.0,0.03922582398454369,0.0,0.06952045060897433,0.0,-7.440194209895612e-07,0.00014401672443783292,0.000262964200403934,True,False,False,False,False,False
OccupancySensors,DynVAR-Lasso Weighted Ridge,5,10.0,0.6,2.0,1.0,0.017249415773082602,0.0,0.046079877872091855,0.0,0.03922802743614004,0.0,0.06951951250902537,0.0,-1.0031134733828884e-06,0.0001437576303854396,0.00026270510635154065,True,False,False,False,False,False
OccupancySensors,DynVAR-Lasso Weighted Ridge,5,10.0,0.6,4.0,1.0,0.017246082443297315,0.0,0.046078794104788524,0.0,0.03922702083908469,0.0,0.06951745029109449,0.0,-2.0868807767138176e-06,0.00014267386308210867,0.0002616213390482097,True,False,False,False,False,False
OccupancySensors,DynVAR-Lasso Weighted Ridge,5,30.0,0.01,0.5,1.0,0.019147222712374574,0.0,0.047277881238100325,0.0,0.04113538326657968,0.0,0.07159220985395882,0.0,-7.277202019783519e-05,0.0013417609963939092,0.0014607084723600103,True,False,False,False,False,False
OccupancySensors,DynVAR-Lasso Weighted Ridge,5,30.0,0.01,1.0,1.0,0.01897592705959384,0.0,0.04720802382676031,0.0,0.040986804144063076,0.0,0.07158022743288496,0.0,-0.00014262943153785235,0.001271903585053892,0.0013908510610199931,True,False,False,False,False,False
OccupancySensors,DynVAR-Lasso Weighted Ridge,5,30.0,0.01,2.0,1.0,0.01866776147327901,0.0,0.04708466757308503,0.0,0.04071878142276369,0.0,0.07155174441164569,0.0,-0.0002659856852131326,0.0011485473313786118,0.0012674948073447129,True,False,False,False,False,False
OccupancySensors,DynVAR-Lasso Weighted Ridge,5,30.0,0.01,4.0,1.0,0.018181573117429538,0.0,0.04690431589477557,0.0,0.04031788087158712,0.0,0.07150418834024602,0.0,-0.000446337363522592,0.0009681956530691524,0.0010871431290352535,True,False,False,False,False,False
OccupancySensors,DynVAR-Lasso Weighted Ridge,5,30.0,0.03,0.5,1.0,0.01915181923754011,0.0,0.04727972897310136,0.0,0.04113920681699535,0.0,0.07159247414988915,0.0,-7.092428519679672e-05,0.0013436087313949477,0.0014625562073610487,True,False,False,False,False,False
OccupancySensors,DynVAR-Lasso Weighted Ridge,5,30.0,0.03,1.0,1.0,0.018987001528216214,0.0,0.04721243240798317,0.0,0.04099606660805684,0.0,0.07158099177114143,0.0,-0.00013822085031499343,0.001276312166276751,0.001395259642242852,True,False,False,False,False,False
OccupancySensors,DynVAR-Lasso Weighted Ridge,5,30.0,0.03,2.0,1.0,0.018701383066954916,0.0,0.047097219579223484,0.0,0.04074469511160745,0.0,0.07155497767283366,0.0,-0.0002534336790746758,0.0011610993375170686,0.0012800468134831697,True,False,False,False,False,False
OccupancySensors,DynVAR-Lasso Weighted Ridge,5,30.0,0.03,4.0,1.0,0.01830534674874568,0.0,0.04694394741789505,0.0,0.040400014305221735,0.0,0.07151386379569698,0.0,-0.0004067058404031085,0.001007827176188636,0.001126774652154737,True,False,False,False,False,False
OccupancySensors,DynVAR-Lasso Weighted Ridge,5,30.0,0.1,0.5,1.0,0.019167498656769394,0.0,0.047286040780289126,0.0,0.041152264716876163,0.0,0.07159337237903583,0.0,-6.461247800903375e-05,0.0013499205385827107,0.0014688680145488117,True,False,False,False,False,False
OccupancySensors,DynVAR-Lasso Weighted Ridge,5,30.0,0.1,1.0,1.0,0.019023512404620052,0.0,0.047227035162969694,0.0,0.04102679006207363,0.0,0.07158344250948649,0.0,-0.0001236180953284663,0.0012909149212632781,0.0014098623972293792,True,False,False,False,False,False
OccupancySensors,DynVAR-Lasso Weighted Ridge,5,30.0,0.1,2.0,1.0,0.018793235635315472,0.0,0.047132837678872275,0.0,0.040820267427766455,0.0,0.07156332205134121,0.0,-0.00021781557942588542,0.001196717437165859,0.00131566491313196,True,False,False,False,False,False
OccupancySensors,DynVAR-Lasso Weighted Ridge,5,30.0,0.1,4.0,1.0,0.01852327203412503,0.0,0.047024492372977594,0.0,0.04057436665248364,0.0,0.07153373897301976,0.0,-0.0003261608853205658,0.0010883721312711786,0.0012073196072372797,True,False,False,False,False,False
OccupancySensors,DynVAR-Lasso Weighted Ridge,5,30.0,0.3,0.5,1.0,0.019209209464207306,0.0,0.047302855822951496,0.0,0.04118701747649478,0.0,0.07159574112852808,0.0,-4.77974353466637e-05,0.0013667355812450807,0.0014856830572111818,True,False,False,False,False,False
OccupancySensors,DynVAR-Lasso Weighted Ridge,5,30.0,0.3,1.0,1.0,0.019113252706233548,0.0,0.04726321533780648,0.0,0.0411029298074916,0.0,0.07158915266530179,0.0,-8.743792049167864e-05,0.0013270950961000658,0.0014460425720661668,True,False,False,False,False,False
OccupancySensors,DynVAR-Lasso Weighted Ridge,5,30.0,0.3,2.0,1.0,0.01897923784413011,0.0,0.0472072130984194,0.0,0.04098044753386617,0.0,0.07157752550354483,0.0,-0.0001434401598787577,0.0012710928567129867,0.0013900403326790878,True,False,False,False,False,False
OccupancySensors,DynVAR-Lasso Weighted Ridge,5,30.0,0.3,4.0,1.0,0.018847942575613234,0.0,0.04715206110649049,0.0,0.040856061168228534,0.0,0.07156124853383072,0.0,-0.00019859215180766804,0.0012159408647840764,0.0013348883407501774,True,False,False,False,False,False
OccupancySensors,DynVAR-Lasso Weighted Ridge,5,30.0,0.6,0.5,1.0,0.019264468170336863,0.0,0.04732518739632657,0.0,0.04123306224683263,0.0,0.07159886918362483,0.0,-2.546586197158668e-05,0.0013890671546201577,0.0015080146305862588,True,False,False,False,False,False
OccupancySensors,DynVAR-Lasso Weighted Ridge,5,30.0,0.6,1.0,1.0,0.019219591550001427,0.0,0.04730651237739656,0.0,0.0411936537253007,0.0,0.07159571572559713,0.0,-4.414088090159973e-05,0.0013703921356901447,0.0014893396116562457,True,False,False,False,False,False
OccupancySensors,DynVAR-Lasso Weighted Ridge,5,30.0,0.6,2.0,1.0,0.019164740812845717,0.0,0.04728311844702685,0.0,0.04114300012226817,0.0,0.07159064299443084,0.0,-6.753481127130812e-05,0.0013469982053204363,0.0014659456812865373,True,False,False,False,False,False
OccupancySensors,DynVAR-Lasso Weighted Ridge,5,30.0,0.6,4.0,1.0,0.01911724896785526,0.0,0.047262442219497706,0.0,0.04109712870570822,0.0,0.0715840237332257,0.0,-8.821103880045367e-05,0.0013263219777912907,0.0014452694537573918,True,False,False,False,False,False
OccupancySensors,DynVAR-Lasso Weighted Ridge,5,100.0,0.01,0.5,1.0,0.022847822959026588,0.0,0.050910267044962286,7.757919228897728e-18,0.045465945394053006,0.0,0.07648767148183708,0.0,-0.000440723600309903,0.00497414680325587,0.005093094279221971,True,False,False,False,False,False
OccupancySensors,DynVAR-Lasso Weighted Ridge,5,100.0,0.01,1.0,1.0,0.022181783487753286,0.0,0.05055637915239765,7.757919228897728e-18,0.04478243868390524,0.0,0.076455826580937,0.0,-0.0007946114928745404,0.004620258910691233,0.004739206386657334,True,False,False,False,False,False
OccupancySensors,DynVAR-Lasso Weighted Ridge,5,100.0,0.01,2.0,1.0,0.021171205419036474,0.0,0.050067603248965066,7.757919228897728e-18,0.043784191788337645,0.0,0.07639776435066935,0.0,-0.001283387396307123,0.00413148300725865,0.004250430483224751,True,False,False,True,False,False
OccupancySensors,DynVAR-Lasso Weighted Ridge,5,100.0,0.01,4.0,1.0,0.019988530576277214,0.0,0.04958747792927606,0.0,0.042733103424357,0.0,0.0763359643901916,0.0,-0.0017635127159961322,0.003651357687569641,0.003770305163535742,True,False,False,True,False,False
OccupancySensors,DynVAR-Lasso Weighted Ridge,5,100.0,0.03,0.5,1.0,0.022866443712529324,0.0,0.05092040702850663,7.757919228897728e-18,0.0454850319094673,0.0,0.07648845349715155,0.0,-0.0004305836167655605,0.004984286786800213,0.005103234262766314,True,False,False,False,False,False
OccupancySensors,DynVAR-Lasso Weighted Ridge,5,100.0,0.03,1.0,1.0,0.02222176452571232,0.0,0.05057677461313809,0.0,0.04482243502558865,0.0,0.07645783883194958,0.0,-0.0007742160321341021,0.004640654371431671,0.004759601847397772,True,False,False,False,False,False
OccupancySensors,DynVAR-Lasso Weighted Ridge,5,100.0,0.03,2.0,1.0,0.021270349987149176,0.0,0.0501092616781602,0.0,0.04386950838865515,0.0,0.07640366264938772,0.0,-0.0012417289671119922,0.004173141436453781,0.004292088912419882,True,False,False,True,False,False
OccupancySensors,DynVAR-Lasso Weighted Ridge,5,100.0,0.03,4.0,1.0,0.020265282465036498,0.0,0.04967001454428219,0.0,0.04290781403146635,0.0,0.07634674206994639,0.0,-0.0016809761009900018,0.0037338943025757715,0.0038528417785418725,True,False,False,True,False,False
OccupancySensors,DynVAR-Lasso Weighted Ridge,5,100.0,0.1,0.5,1.0,0.022930472013247563,0.0,0.05095542623739606,7.757919228897728e-18,0.045550788305137556,0.0,0.07649112208393628,0.0,-0.00039556440787612973,0.0050193059956896435,0.005138253471655745,True,False,False,False,False,False
OccupancySensors,DynVAR-Lasso Weighted Ridge,5,100.0,0.1,1.0,1.0,0.022355838152680132,0.0,0.05064599283803796,7.757919228897728e-18,0.04495760022138513,0.0,0.0764643697216831,0.0,-0.0007049978072342297,0.0047098725963315435,0.004828820072297645,True,False,False,False,False,False
OccupancySensors,DynVAR-Lasso Weighted Ridge,5,100.0,0.1,2.0,1.0,0.021551772386690694,0.0,0.05023887313075477,0.0,0.044135926155256605,0.0,0.07642053898965234,0.0,-0.0011121175145174175,0.004302752889048356,0.004421700365014457,True,False,False,True,False,False
OccupancySensors,DynVAR-Lasso Weighted Ridge,5,100.0,0.1,4.0,1.0,0.020795397212791777,0.0,0.04988559507423135,0.0,0.04337175919590446,0.0,0.07637521275683613,0.0,-0.001465395571040841,0.003949474832524932,0.004068422308491033,True,False,False,True,False,False
OccupancySensors,DynVAR-Lasso Weighted Ridge,5,100.0,0.3,0.5,1.0,0.023104506644532542,0.0,0.05105169251043575,0.0,0.04573026898658019,0.0,0.07649824748916534,0.0,-0.0002992981348364371,0.005115572268729336,0.005234519744695437,True,False,False,False,False,False
OccupancySensors,DynVAR-Lasso Weighted Ridge,5,100.0,0.3,1.0,1.0,0.02270120871817919,0.0,0.05082909708704646,7.757919228897728e-18,0.04531034738166812,0.0,0.07648000422269237,0.0,-0.000521893558225732,0.004892976845340041,0.005011924321306142,True,False,False,False,False,False
OccupancySensors,DynVAR-Lasso Weighted Ridge,5,100.0,0.3,2.0,1.0,0.022180852649544718,0.0,0.05055186659514753,0.0,0.04476781189871055,0.0,0.0764530284544076,0.0,-0.0007991240501246596,0.004615746353441114,0.004734693829407215,True,False,False,False,False,False
OccupancySensors,DynVAR-Lasso Weighted Ridge,5,100.0,0.3,4.0,1.0,0.021739362162132375,0.0,0.05032658309866043,7.757919228897728e-18,0.0443056470114314,0.0,0.07642466854364066,0.0,-0.0010244075466117608,0.0043904628569540124,0.0045094103329201135,True,False,False,True,False,False
OccupancySensors,DynVAR-Lasso Weighted Ridge,5,100.0,0.6,0.5,1.0,0.023344111437612114,0.0,0.051186597536397815,0.0,0.04597866847110696,0.0,0.076507887483004,0.0,-0.00016439310887437358,0.0052504772946914,0.005369424770657501,True,False,False,False,False,False
OccupancySensors,DynVAR-Lasso Weighted Ridge,5,100.0,0.6,1.0,1.0,0.023143164716941993,0.0,0.051072319554197,0.0,0.04576767501614323,0.0,0.07649878186373107,0.0,-0.0002786710910751902,0.005136199312490583,0.005255146788456684,True,False,False,False,False,False
OccupancySensors,DynVAR-Lasso Weighted Ridge,5,100.0,0.6,2.0,1.0,0.022904721121431416,0.0,0.05093824771576279,0.0,0.04551548344815139,0.0,0.07648601689740328,0.0,-0.00041274292950940067,0.005002127474056373,0.005121074950022474,True,False,False,False,False,False
OccupancySensors,DynVAR-Lasso Weighted Ridge,5,100.0,0.6,4.0,1.0,0.022718574379679342,0.0,0.05083482895975242,7.757919228897728e-18,0.04531662166540947,0.0,0.0764724521651852,0.0,-0.000516161685519767,0.004898708718046006,0.005017656194012107,True,False,False,False,False,False
OccupancySensors,STCG-v1 Weighted Ridge,5,0.1,0.01,0.5,1.0,0.016398200930506524,0.0,0.046047520770173045,0.0,0.0387744630517571,0.0,0.06893750505458776,0.0,-2.344233118657668e-06,0.00011140052846662918,0.00023034800443273024,True,False,False,False,False,False
OccupancySensors,STCG-v1 Weighted Ridge,5,0.1,0.01,1.0,1.0,0.01639315988172687,0.0,0.04604566463125671,0.0,0.03877267958076672,0.0,0.06893721243436322,0.0,-4.200372034995903e-06,0.00010954438955029094,0.000228491865516392,True,False,False,False,False,False
OccupancySensors,STCG-v1 Weighted Ridge,5,0.1,0.01,2.0,1.0,0.016381790369447046,0.0,0.04604182838287376,0.0,0.038769171869498624,0.0,0.06893739716175558,0.0,-8.036620417942175e-06,0.00010570814116734467,0.00022465561713344573,True,False,False,False,False,False
OccupancySensors,STCG-v1 Weighted Ridge,5,0.1,0.01,4.0,1.0,0.016344826352218268,0.0,0.04603137364783934,0.0,0.03876242293056729,0.0,0.06893964121209174,0.0,-1.849135545236441e-05,9.525340613292244e-05,0.0002142008820990235,True,False,False,False,False,False
OccupancySensors,STCG-v1 Weighted Ridge,5,0.1,0.03,0.5,1.0,0.016398355558124383,0.0,0.0460475784101781,0.0,0.03877451479701111,0.0,0.06893751523039174,0.0,-2.2865931136040185e-06,0.00011145816847168283,0.00023040564443778389,True,False,False,False,False,False
OccupancySensors,STCG-v1 Weighted Ridge,5,0.1,0.03,1.0,1.0,0.016393528254448734,0.0,0.046045806317127645,0.0,0.03877280767652996,0.0,0.0689372173112623,0.0,-4.058686164057357e-06,0.00010968607542122949,0.00022863355138733055,True,False,False,False,False,False
OccupancySensors,STCG-v1 Weighted Ridge,5,0.1,0.03,2.0,1.0,0.016383888896461012,0.0,0.04604255726756313,0.0,0.038769785345242946,0.0,0.0689373146066766,0.0,-7.30773572857335e-06,0.0001064370258567135,0.00022538450182281455,True,False,False,False,False,False
OccupancySensors,STCG-v1 Weighted Ridge,5,0.1,0.03,4.0,1.0,0.016362710605622756,0.0,0.04603662742237787,0.0,0.03876541030257192,0.0,0.06893866078810422,0.0,-1.3237580913830205e-05,0.00010050718067145664,0.0002194546566375577,True,False,False,False,False,False
OccupancySensors,STCG-v1 Weighted Ridge,5,0.1,0.1,0.5,1.0,0.01639888876607037,0.0,0.04604777497803991,0.0,0.03877469140884278,0.0,0.06893755199658293,0.0,-2.090025251789973e-06,0.00011165473633349687,0.00023060221229959793,True,False,False,False,False,False
OccupancySensors,STCG-v1 Weighted Ridge,5,0.1,0.1,1.0,1.0,0.016394698302266104,0.0,0.04604625369811246,0.0,0.03877321272112101,0.0,0.06893724299482182,0.0,-3.6113051792435735e-06,0.00011013345640604327,0.00022908093237214433,True,False,False,False,False,False
OccupancySensors,STCG-v1 Weighted Ridge,5,0.1,0.1,2.0,1.0,0.016388244731318415,0.0,0.046044097368094804,0.0,0.038771033506698506,0.0,0.06893714072173755,0.0,-5.767635196898824e-06,0.00010797712638838802,0.00022692460235448908,True,False,False,False,False,False
OccupancySensors,STCG-v1 Weighted Ridge,5,0.1,0.1,4.0,1.0,0.01638003866161525,0.0,0.04604186560314395,0.0,0.03876869648803681,0.0,0.06893743301751858,0.0,-7.999400147749858e-06,0.00010574536143753699,0.00022469283740363805,True,False,False,False,False,False
OccupancySensors,STCG-v1 Weighted Ridge,5,0.1,0.3,0.5,1.0,0.0164003366733818,0.0,0.0460482997787549,0.0,0.03877516395619485,0.0,0.0689376657415463,0.0,-1.5652245368008577e-06,0.00011217953704848599,0.00023112701301458705,True,False,False,False,False,False
OccupancySensors,STCG-v1 Weighted Ridge,5,0.1,0.3,1.0,1.0,0.01639745128380554,0.0,0.04604728567158271,0.0,0.03877416223601553,0.0,0.06893737085980214,0.0,-2.5793317089892187e-06,0.00011116542987629763,0.00023011290584239869,True,False,False,False,False,False
OccupancySensors,STCG-v1 Weighted Ridge,5,0.1,0.3,2.0,1.0,0.016394128448903714,0.0,0.046046195885864186,0.0,0.03877292696806306,0.0,0.0689370746034445,0.0,-3.6691174275169103e-06,0.00011007564415776994,0.000229023120123871,True,False,False,False,False,False
OccupancySensors,STCG-v1 Weighted Ridge,5,0.1,0.3,4.0,1.0,0.016391234683456615,0.0,0.04604541473057445,0.0,0.03877180322835103,0.0,0.06893683103768738,0.0,-4.450272717254622e-06,0.00010929448886803222,0.00022824196483413328,True,False,False,False,False,False
OccupancySensors,STCG-v1 Weighted Ridge,5,0.1,0.6,0.5,1.0,0.01640232880149872,0.0,0.046049011730179217,0.0,0.03877580631248224,0.0,0.06893785565540528,0.0,-8.532731124860637e-07,0.00011289148847280078,0.00023183896443890184,True,False,False,False,False,False
OccupancySensors,STCG-v1 Weighted Ridge,5,0.1,0.6,1.0,1.0,0.016400854829377247,0.0,0.04604850912895283,0.0,0.03877530735984514,0.0,0.06893765658114938,0.0,-1.3558743388736305e-06,0.00011238888724641322,0.00023133636321251427,True,False,False,False,False,False
OccupancySensors,STCG-v1 Weighted Ridge,5,0.1,0.6,2.0,1.0,0.016399320072611204,0.0,0.046048023534391795,0.0,0.03877474310546425,0.0,0.06893740316100573,0.0,-1.8414688999074391e-06,0.00011190329268537941,0.00023085076865148046,True,False,False,False,False,False
OccupancySensors,STCG-v1 Weighted Ridge,5,0.1,0.6,4.0,1.0,0.016398182021288493,0.0,0.04604771152155286,0.0,0.03877426721110133,0.0,0.06893715829780249,0.0,-2.1534817388410565e-06,0.00011159127984644579,0.00023053875581254685,True,False,False,False,False,False
OccupancySensors,STCG-v1 Weighted Ridge,5,0.3,0.01,0.5,1.0,0.0163966119546617,0.0,0.04603115514907027,0.0,0.03876212336924795,0.0,0.06893348248177189,0.0,-1.959394766055944e-06,9.50349073638515e-05,0.00021398238332995256,True,False,False,False,False,False
OccupancySensors,STCG-v1 Weighted Ridge,5,0.3,0.01,1.0,1.0,0.016389902451717855,0.0,0.04602890231737426,0.0,0.038760774354691094,0.0,0.06893377991447101,0.0,-4.212226462060875e-06,9.278207566784658e-05,0.00021172955163394763,True,False,False,False,False,False
OccupancySensors,STCG-v1 Weighted Ridge,5,0.3,0.01,2.0,1.0,0.01636905430241565,0.0,0.046022567039374504,0.0,0.038757518808327264,0.0,0.06893487620144616,0.0,-1.054750446181918e-05,8.644679766808827e-05,0.00020539427363418933,True,False,False,False,False,False
OccupancySensors,STCG-v1 Weighted Ridge,5,0.3,0.01,4.0,1.0,0.016324310688784642,0.0,0.04601173800680822,0.0,0.038756150375253796,0.0,0.06893927368835405,0.0,-2.1376537028106046e-05,7.56177651018014e-05,0.00019456524106790246,True,False,False,False,False,False
OccupancySensors,STCG-v1 Weighted Ridge,5,0.3,0.03,0.5,1.0,0.016396775113880265,0.0,0.046031212557560264,0.0,0.038762159222008555,0.0,0.06893347616259043,0.0,-1.9019862760594197e-06,9.509231585384803e-05,0.0002140397918199491,True,False,False,False,False,False
OccupancySensors,STCG-v1 Weighted Ridge,5,0.3,0.03,1.0,1.0,0.01639050930266795,0.0,0.04602910363317047,0.0,0.03876089314875666,0.0,0.06893375394869178,0.0,-4.010910665853962e-06,9.298339146405349e-05,0.00021193086743015455,True,False,False,False,False,False
OccupancySensors,STCG-v1 Weighted Ridge,5,0.3,0.03,2.0,1.0,0.016373193316802395,0.0,0.046023810999756165,0.0,0.03875824016728968,0.0,0.06893470676789346,0.0,-9.3035440801581e-06,8.769075804974935e-05,0.0002066382340158504,True,False,False,False,False,False
OccupancySensors,STCG-v1 Weighted Ridge,5,0.3,0.03,4.0,1.0,0.016343110579866326,0.0,0.04601623788249628,0.0,0.03875650286866714,0.0,0.06893778574476615,0.0,-1.687666134004423e-05,8.011764078986322e-05,0.00019906511675596428,True,False,False,False,False,False
OccupancySensors,STCG-v1 Weighted Ridge,5,0.3,0.1,0.5,1.0,0.016397316875815564,0.0,0.046031403761716265,0.0,0.038762279273461694,0.0,0.06893345542978255,0.0,-1.7107821200582074e-06,9.528352000984924e-05,0.0002142309959759503,True,False,False,False,False,False
OccupancySensors,STCG-v1 Weighted Ridge,5,0.3,0.1,1.0,1.0,0.016392314553007596,0.0,0.046029705581477835,0.0,0.03876124067674905,0.0,0.06893367344402819,0.0,-3.4089623584879214e-06,9.358533977141953e-05,0.00021253281573752059,True,False,False,False,False,False
OccupancySensors,STCG-v1 Weighted Ridge,5,0.3,0.1,2.0,1.0,0.016381811942196553,0.0,0.04602645165573857,0.0,0.03875952987903066,0.0,0.06893427773989215,0.0,-6.662888097752617e-06,9.033141403215483e-05,0.0002092788899982559,True,False,False,False,False,False
OccupancySensors,STCG-v1 Weighted Ridge,5,0.3,0.1,4.0,1.0,0.016368624250227743,0.0,0.046023030464492264,0.0,0.038757984782310344,0.0,0.06893531028887684,0.0,-1.0084079344059582e-05,8.691022278584787e-05,0.00020585769875194893,True,False,False,False,False,False
OccupancySensors,STCG-v1 Weighted Ridge,5,0.3,0.3,0.5,1.0,0.016398665662833486,0.0,0.046031882913585384,0.0,0.03876258615531461,0.0,0.06893340677153191,0.0,-1.2316302509390864e-06,9.576267187896836e-05,0.00021471014784506942,True,False,False,False,False,False
OccupancySensors,STCG-v1 Weighted Ridge,5,0.3,0.3,1.0,1.0,0.01639585262519026,0.0,0.046030908456500645,0.0,0.03876194576453182,0.0,0.06893350987753988,0.0,-2.2060873356780086e-06,9.478821479422944e-05,0.0002137356907603305,True,False,False,False,False,False
OccupancySensors,STCG-v1 Weighted Ridge,5,0.3,0.3,2.0,1.0,0.016391822125075662,0.0,0.04602962402984815,0.0,0.038761113461859,0.0,0.06893368478510066,0.0,-3.490513988173294e-06,9.350378814173416e-05,0.00021245126410783521,True,False,False,False,False,False
OccupancySensors,STCG-v1 Weighted Ridge,5,0.3,0.3,4.0,1.0,0.01638798189192492,0.0,0.04602855538385378,0.0,0.038760287896467634,0.0,0.06893367457789262,0.0,-4.559159982542305e-06,9.243514214736515e-05,0.0002113826181134662,True,False,False,False,False,False
OccupancySensors,STCG-v1 Weighted Ridge,5,0.3,0.6,0.5,1.0,0.016400307177291008,0.0,0.04603247317283803,0.0,0.0387629799676279,0.0,0.06893335767422062,0.0,-6.413709982902582e-07,9.635293113161719e-05,0.00021530040709771825,True,False,False,False,False,False
OccupancySensors,STCG-v1 Weighted Ridge,5,0.3,0.6,1.0,1.0,0.01639913992715277,0.0,0.04603206036480669,0.0,0.03876268197290348,0.0,0.06893337973976822,0.0,-1.05417902963173e-06,9.594012310027572e-05,0.00021488759906637678,True,False,False,False,False,False
OccupancySensors,STCG-v1 Weighted Ridge,5,0.3,0.6,2.0,1.0,0.01639781825293937,0.0,0.046031621439209386,0.0,0.038762332566425764,0.0,0.06893338154066292,0.0,-1.4931046269373027e-06,9.550119750297015e-05,0.0002144486734690712,True,False,False,False,False,False
OccupancySensors,STCG-v1 Weighted Ridge,5,0.3,0.6,4.0,1.0,0.01639672038700874,0.0,0.04603129189252889,0.0,0.0387619938367192,0.0,0.0689332753482435,0.0,-1.8226513074301454e-06,9.51716508224773e-05,0.00021411912678857836,True,False,False,False,False,False
OccupancySensors,STCG-v1 Weighted Ridge,5,1.0,0.01,0.5,1.0,0.016423080029143954,0.0,0.04599006568480218,0.0,0.0387433396541969,0.0,0.06893110309828575,0.0,-2.878747193062192e-06,5.394544309576116e-05,0.00017289291906186222,True,False,False,False,False,False
OccupancySensors,STCG-v1 Weighted Ridge,5,1.0,0.01,1.0,1.0,0.016411705676980533,0.0,0.04598650176612133,0.0,0.03874337611445243,0.0,0.06893200828747632,0.0,-6.442665873906961e-06,5.038152441491639e-05,0.00016932900038101745,True,False,False,False,False,False
OccupancySensors,STCG-v1 Weighted Ridge,5,1.0,0.01,2.0,1.0,0.01638579756388562,0.0,0.045979351605162325,0.0,0.03874554964149192,0.0,0.06893475117755564,0.0,-1.3592826832914406e-05,4.3231363455908944e-05,0.00016217883942201,True,False,False,False,False,False
OccupancySensors,STCG-v1 Weighted Ridge,5,1.0,0.01,4.0,1.0,0.016361732330760357,0.0,0.04597726017041248,0.0,0.03875959873706459,0.0,0.06894046835419614,0.0,-1.5684261582757375e-05,4.1139928706065976e-05,0.00016008740467216703,True,False,False,False,False,False
OccupancySensors,STCG-v1 Weighted Ridge,5,1.0,0.03,0.5,1.0,0.01642336703531198,0.0,0.045990157633030215,0.0,0.038743347185037844,0.0,0.06893108307115788,0.0,-2.7867989650237623e-06,5.403739132379959e-05,0.00017298486728990065,True,False,False,False,False,False
OccupancySensors,STCG-v1 Weighted Ridge,5,1.0,0.03,1.0,1.0,0.016412764996750945,0.0,0.04598682142248198,0.0,0.03874340581128229,0.0,0.06893193566288507,0.0,-6.1230095132619455e-06,5.0701180775561405e-05,0.00016964865674166246,True,False,False,False,False,False
OccupancySensors,STCG-v1 Weighted Ridge,5,1.0,0.03,2.0,1.0,0.016390576153487997,0.0,0.045980543662281145,0.0,0.03874539752032579,0.0,0.06893439112022612,0.0,-1.2400769714093762e-05,4.442342057472959e-05,0.00016337089654083065,True,False,False,False,False,False
OccupancySensors,STCG-v1 Weighted Ridge,5,1.0,0.03,4.0,1.0,0.016373138541475037,0.0,0.04597821732839543,0.0,0.038755118439470715,0.0,0.06893951903194367,0.0,-1.4727103599808389e-05,4.209708668901496e-05,0.00016104456265511602,True,False,False,False,False,False
OccupancySensors,STCG-v1 Weighted Ridge,5,1.0,0.1,0.5,1.0,0.01642430407769266,0.0,0.04599046140624889,0.0,0.038743370101942017,0.0,0.06893101635375506,0.0,-2.4830257463470673e-06,5.4341164542476283e-05,0.00017328864050857734,True,False,False,False,False,False
OccupancySensors,STCG-v1 Weighted Ridge,5,1.0,0.1,1.0,1.0,0.01641591828970399,0.0,0.04598778357245086,0.0,0.038743456957313994,0.0,0.06893170819896884,0.0,-5.160859544377228e-06,5.166333074444612e-05,0.00017061080671054718,True,False,False,False,False,False
OccupancySensors,STCG-v1 Weighted Ridge,5,1.0,0.1,2.0,1.0,0.016401469965381436,0.0,0.04598348918320142,0.0,0.038744762897032194,0.0,0.06893337817498912,0.0,-9.455248793817372e-06,4.736894149500598e-05,0.00016631641746110704,True,False,False,False,False,False
OccupancySensors,STCG-v1 Weighted Ridge,5,1.0,0.1,4.0,1.0,0.016390771363621475,0.0,0.04598114063232012,0.0,0.03874837244145719,0.0,0.06893572018253746,0.0,-1.1803799675122462e-05,4.502039061370089e-05,0.00016396786657980195,True,False,False,False,False,False
OccupancySensors,STCG-v1 Weighted Ridge,5,1.0,0.3,0.5,1.0,0.016426539075415466,0.0,0.04599120341525514,0.0,0.0387434172920226,0.0,0.06893085101760309,0.0,-1.7410167401019083e-06,5.508317354872144e-05,0.0001740306495148225,True,False,False,False,False,False
OccupancySensors,STCG-v1 Weighted Ridge,5,1.0,0.3,1.0,1.0,0.016422057472767197,0.0,0.04598970864517539,0.0,0.0387434744056852,0.0,0.06893122816867278,0.0,-3.2357868198495954e-06,5.3588403468973755e-05,0.0001725358794350748,True,False,False,False,False,False
OccupancySensors,STCG-v1 Weighted Ridge,5,1.0,0.3,2.0,1.0,0.01641616851148142,0.0,0.045987832517282154,0.0,0.038743870327548,0.0,0.06893181957714539,0.0,-5.111914713085142e-06,5.171227557573821e-05,0.00017065975154183927,True,False,False,False,False,False
OccupancySensors,STCG-v1 Weighted Ridge,5,1.0,0.3,4.0,1.0,0.016411434813010536,0.0,0.04598652398495311,0.0,0.0387442574920725,0.0,0.06893199241687097,0.0,-6.4204470421325155e-06,5.0403743246690835e-05,0.0001693512192127919,True,False,False,False,False,False
OccupancySensors,STCG-v1 Weighted Ridge,5,1.0,0.6,0.5,1.0,0.016429075193358837,0.0,0.04599207116871854,0.0,0.038743466659160335,0.0,0.06893065789691252,0.0,-8.732632766975112e-07,5.595092701212584e-05,0.0001748984029782269,True,False,False,False,False,False
OccupancySensors,STCG-v1 Weighted Ridge,5,1.0,0.6,1.0,1.0,0.01642738859895492,0.0,0.04599147813782402,0.0,0.03874347560806659,0.0,0.06893079010334166,0.0,-1.4662941712206834e-06,5.535789611760267e-05,0.00017430537208370372,True,False,False,False,False,False
OccupancySensors,STCG-v1 Weighted Ridge,5,1.0,0.6,2.0,1.0,0.016425553798916446,0.0,0.04599084585459667,0.0,0.03874352557791464,0.0,0.06893090107150444,0.0,-2.0985773985723877e-06,5.472561289025096e-05,0.00017367308885635202,True,False,False,False,False,False
OccupancySensors,STCG-v1 Weighted Ridge,5,1.0,0.6,4.0,1.0,0.016424022490533718,0.0,0.04599037334626922,0.0,0.03874345213321989,0.0,0.0689307652375446,0.0,-2.5710857260163866e-06,5.4253104562806964e-05,0.00017320058052890802,True,False,False,False,False,False
OccupancySensors,STCG-v1 Weighted Ridge,5,3.0,0.01,0.5,1.0,0.016566903695304527,0.0,0.04593371260583886,0.0,0.03876630658814402,0.0,0.06898377648553684,0.0,-2.407635867555935e-06,-2.407635867555935e-06,0.00011653984009854512,True,True,False,False,False,False
OccupancySensors,STCG-v1 Weighted Ridge,5,3.0,0.01,1.0,1.0,0.016559570402728308,0.0,0.045931707281160236,0.0,0.03877402230387448,0.0,0.06898542112057512,0.0,-4.412960546179567e-06,-4.412960546179567e-06,0.00011453451541992149,True,True,False,False,False,False
OccupancySensors,STCG-v1 Weighted Ridge,5,3.0,0.01,2.0,1.0,0.016550554766215503,0.0,0.045931294414302104,0.0,0.03879242880820451,0.0,0.06898826159667937,0.0,-4.8258274043117e-06,-4.8258274043117e-06,0.00011412164856178936,True,True,False,False,False,False
OccupancySensors,STCG-v1 Weighted Ridge,5,3.0,0.01,4.0,1.0,0.016536003759554788,0.0,0.045933562289275164,0.0,0.03881569560213643,0.0,0.06898632415531498,0.0,-2.557952431252175e-06,-2.557952431252175e-06,0.00011638952353484888,True,True,False,False,False,False
OccupancySensors,STCG-v1 Weighted Ridge,5,3.0,0.03,0.5,1.0,0.0165671554471383,0.0,0.045933787985283435,0.0,0.03876613558545474,0.0,0.06898373435037573,0.0,-2.332256422980794e-06,-2.332256422980794e-06,0.00011661521954312026,True,True,False,False,False,False
OccupancySensors,STCG-v1 Weighted Ridge,5,3.0,0.03,1.0,1.0,0.016560432986746462,0.0,0.04593189830831101,0.0,0.03877350289288818,0.0,0.06898530163609932,0.0,-4.221933395408273e-06,-4.221933395408273e-06,0.00011472554257069278,True,True,False,False,False,False
OccupancySensors,STCG-v1 Weighted Ridge,5,3.0,0.03,2.0,1.0,0.016553268684805757,0.0,0.04593148760542532,0.0,0.03879035194519838,0.0,0.06898804401155871,0.0,-4.632636281094726e-06,-4.632636281094726e-06,0.00011431483968500633,True,True,False,False,False,False
OccupancySensors,STCG-v1 Weighted Ridge,5,3.0,0.03,4.0,1.0,0.016549678113453068,0.0,0.04593441791550029,0.0,0.03881115983763747,0.0,0.06898840670230329,0.0,-1.702326206123872e-06,-1.702326206123872e-06,0.00011724514975997719,True,True,False,False,False,False
OccupancySensors,STCG-v1 Weighted Ridge,5,3.0,0.1,0.5,1.0,0.01656796481526255,0.0,0.04593403768001399,0.0,0.03876555670465633,0.0,0.06898359264238516,0.0,-2.0825616924291523e-06,-2.0825616924291523e-06,0.0001168649142736719,True,True,False,False,False,False
OccupancySensors,STCG-v1 Weighted Ridge,5,3.0,0.1,1.0,1.0,0.01656291509249417,0.0,0.04593248658148822,0.0,0.03877180552084617,0.0,0.06898491074102404,0.0,-3.6336602181955002e-06,-3.6336602181955002e-06,0.00011531381574790556,True,True,False,False,False,False
OccupancySensors,STCG-v1 Weighted Ridge,5,3.0,0.1,2.0,1.0,0.01655928380870991,0.0,0.04593203901123293,0.0,0.03878442061522754,0.0,0.06898710859911401,0.0,-4.081230473483577e-06,-4.081230473483577e-06,0.00011486624549261748,True,True,False,False,False,False
OccupancySensors,STCG-v1 Weighted Ridge,5,3.0,0.1,4.0,1.0,0.016561045016585358,0.0,0.045933683454441786,0.0,0.03879757445582129,0.0,0.06898769178240945,0.0,-2.4367872646299804e-06,-2.4367872646299804e-06,0.00011651068870147108,True,True,False,False,False,False
OccupancySensors,STCG-v1 Weighted Ridge,5,3.0,0.3,0.5,1.0,0.01656987155967359,0.0,0.045934652195326914,0.0,0.03876405956906256,0.0,0.0689832326585823,0.0,-1.4680463795019305e-06,-1.4680463795019305e-06,0.00011747942958659913,True,True,False,False,False,False
OccupancySensors,STCG-v1 Weighted Ridge,5,3.0,0.3,1.0,1.0,0.016567396222876465,0.0,0.04593373554026364,0.0,0.03876788625127702,0.0,0.06898400732171406,0.0,-2.3847014427730295e-06,-2.3847014427730295e-06,0.00011656277452332803,True,True,False,False,False,False
OccupancySensors,STCG-v1 Weighted Ridge,5,3.0,0.3,2.0,1.0,0.016566462704649607,0.0,0.0459332895972757,0.0,0.038773918967409324,0.0,0.06898497140799616,0.0,-2.830644430712459e-06,-2.830644430712459e-06,0.0001161168315353886,True,True,False,False,False,False
OccupancySensors,STCG-v1 Weighted Ridge,5,3.0,0.3,4.0,1.0,0.016566172882037697,0.0,0.04593325435468591,0.0,0.03877841267759578,0.0,0.0689846720447805,0.0,-2.865887020503388e-06,-2.865887020503388e-06,0.00011608158894559767,True,True,False,False,False,False
OccupancySensors,STCG-v1 Weighted Ridge,5,3.0,0.6,0.5,1.0,0.016571984520229302,0.0,0.04593537952232706,0.0,0.03876218010570424,0.0,0.06898279591012221,0.0,-7.407193793537714e-07,-7.407193793537714e-07,0.00011820675658674729,True,True,False,False,False,False
OccupancySensors,STCG-v1 Weighted Ridge,5,3.0,0.6,1.0,1.0,0.016571075791508617,0.0,0.04593499024928721,0.0,0.03876378700945459,0.0,0.06898309102769223,0.0,-1.1299924192048616e-06,-1.1299924192048616e-06,0.0001178174835468962,True,True,False,False,False,False
OccupancySensors,STCG-v1 Weighted Ridge,5,3.0,0.6,2.0,1.0,0.016570665050798485,0.0,0.04593472713225699,0.0,0.03876578907665722,0.0,0.0689833121016739,0.0,-1.393109449424057e-06,-1.393109449424057e-06,0.000117554366516677,True,True,False,False,False,False
OccupancySensors,STCG-v1 Weighted Ridge,5,3.0,0.6,4.0,1.0,0.016569959873095487,0.0,0.04593448867269736,0.0,0.03876685710230465,0.0,0.06898299953925902,0.0,-1.6315690090570878e-06,-1.6315690090570878e-06,0.00011731590695704397,True,True,False,False,False,False
OccupancySensors,STCG-v1 Weighted Ridge,5,10.0,0.01,0.5,1.0,0.01724385510300129,0.0,0.04607911946818518,0.0,0.039230103024062865,0.0,0.06952041103764828,0.0,-1.7615173800583639e-06,0.00014299922647876412,0.0002619467024448652,True,False,False,False,False,False
OccupancySensors,STCG-v1 Weighted Ridge,5,10.0,0.01,1.0,1.0,0.017231960827538306,0.0,0.04607779207871217,0.0,0.03923919875504175,0.0,0.06951889474202268,0.0,-3.088906853070117e-06,0.00014167183700575237,0.0002606193129718534,True,False,False,False,False,False
OccupancySensors,STCG-v1 Weighted Ridge,5,10.0,0.01,2.0,1.0,0.017206395066492835,0.0,0.046073726153338414,0.0,0.03924690901047726,0.0,0.06951165429563941,0.0,-7.154832226824448e-06,0.00013760591163199803,0.0002565533875980991,True,False,False,False,False,False
OccupancySensors,STCG-v1 Weighted Ridge,5,10.0,0.01,4.0,1.0,0.01711526537368632,0.0,0.04604798574771746,0.0,0.03921155389981555,0.0,0.06948522234708311,0.0,-3.28952378477812e-05,0.00011186550601104128,0.00023081298197714234,True,False,False,False,False,False
OccupancySensors,STCG-v1 Weighted Ridge,5,10.0,0.03,0.5,1.0,0.017244260602672576,0.0,0.04607917567107878,0.0,0.03922984232505905,0.0,0.06952042867498792,0.0,-1.7053144864553893e-06,0.0001430554293723671,0.00026200290533846815,True,False,False,False,False,False
OccupancySensors,STCG-v1 Weighted Ridge,5,10.0,0.03,1.0,1.0,0.017233143590584286,0.0,0.04607793549253286,0.0,0.039238636426572014,0.0,0.0695190021416276,0.0,-2.9454930323760675e-06,0.00014181525082644642,0.00026076272679254747,True,False,False,False,False,False
OccupancySensors,STCG-v1 Weighted Ridge,5,10.0,0.03,2.0,1.0,0.01721170723291142,0.0,0.04607469844444956,0.0,0.03924673981609593,0.0,0.06951270462512553,0.0,-6.182541115680451e-06,0.00013857820274314203,0.0002575256787092431,True,False,False,False,False,False
OccupancySensors,STCG-v1 Weighted Ridge,5,10.0,0.03,4.0,1.0,0.017151677508354893,0.0,0.04605718904300023,0.0,0.03922416250397835,0.0,0.06949253231861449,0.0,-2.3691942565011448e-05,0.00012106880129381103,0.0002400162772599121,True,False,False,False,False,False
OccupancySensors,STCG-v1 Weighted Ridge,5,10.0,0.1,0.5,1.0,0.017245590789078415,0.0,0.04607936179226631,0.0,0.03922894824516325,0.0,0.06952048613732763,0.0,-1.5191932989308543e-06,0.00014324155055989163,0.0002621890265259927,True,False,False,False,False,False
OccupancySensors,STCG-v1 Weighted Ridge,5,10.0,0.1,1.0,1.0,0.017236807427728904,0.0,0.0460783742762914,0.0,0.03923673260507608,0.0,0.06951931741378264,0.0,-2.5067092738403907e-06,0.0001422540345849821,0.00026120151055108315,True,False,False,False,False,False
OccupancySensors,STCG-v1 Weighted Ridge,5,10.0,0.1,2.0,1.0,0.017223282805814113,0.0,0.046076507461756955,0.0,0.039244506646623115,0.0,0.06951494718413744,0.0,-4.3735238082834305e-06,0.00014038722005053905,0.0002593346960166401,True,False,False,False,False,False
OccupancySensors,STCG-v1 Weighted Ridge,5,10.0,0.1,4.0,1.0,0.017193770866588045,0.0,0.04606794437998621,0.0,0.03923514751214402,0.0,0.0695024347221784,0.0,-1.2936605579029481e-05,0.000131824138279793,0.00025077161424589406,True,False,False,False,False,False
OccupancySensors,STCG-v1 Weighted Ridge,5,10.0,0.3,0.5,1.0,0.017248763720799188,0.0,0.04607981791059841,0.0,0.039226544697756646,0.0,0.06952062257639646,0.0,-1.063074966826949e-06,0.00014369766889199553,0.0002626451448580966,True,False,False,False,False,False
OccupancySensors,STCG-v1 Weighted Ridge,5,10.0,0.3,1.0,1.0,0.017244264388017794,0.0,0.04607927816873089,0.0,0.03923184326950312,0.0,0.06951991244478925,0.0,-1.6028168343465432e-06,0.00014315792702447594,0.000262105402990577,True,False,False,False,False,False
OccupancySensors,STCG-v1 Weighted Ridge,5,10.0,0.3,2.0,1.0,0.01723937139552463,0.0,0.04607858706808844,0.0,0.03923704555941064,0.0,0.06951767222326999,0.0,-2.293917476796359e-06,0.00014246682638202612,0.0002614143023481272,True,False,False,False,False,False
OccupancySensors,STCG-v1 Weighted Ridge,5,10.0,0.3,4.0,1.0,0.017229352372507556,0.0,0.04607549070123982,0.0,0.03923427955194793,0.0,0.0695118653788047,0.0,-5.390284325418326e-06,0.00013937045953340416,0.0002583179354995052,True,False,False,False,False,False
OccupancySensors,STCG-v1 Weighted Ridge,5,10.0,0.6,0.5,1.0,0.017252283698744347,0.0,0.046080350357707515,0.0,0.03922331915966498,0.0,0.06952078147026648,0.0,-5.306278577227319e-07,0.00014423011600109975,0.0002631775919672008,True,False,False,False,False,False
OccupancySensors,STCG-v1 Weighted Ridge,5,10.0,0.6,1.0,1.0,0.017250727090734205,0.0,0.04608013696614425,0.0,0.03922582398454369,0.0,0.06952045060897433,0.0,-7.440194209895612e-07,0.00014401672443783292,0.000262964200403934,True,False,False,False,False,False
OccupancySensors,STCG-v1 Weighted Ridge,5,10.0,0.6,2.0,1.0,0.017249415773082602,0.0,0.046079877872091855,0.0,0.03922802743614004,0.0,0.06951951250902537,0.0,-1.0031134733828884e-06,0.0001437576303854396,0.00026270510635154065,True,False,False,False,False,False
OccupancySensors,STCG-v1 Weighted Ridge,5,10.0,0.6,4.0,1.0,0.017246082443297315,0.0,0.046078794104788524,0.0,0.03922702083908469,0.0,0.06951745029109449,0.0,-2.0868807767138176e-06,0.00014267386308210867,0.0002616213390482097,True,False,False,False,False,False
OccupancySensors,STCG-v1 Weighted Ridge,5,30.0,0.01,0.5,1.0,0.019147222712374574,0.0,0.047277881238100325,0.0,0.04113538326657968,0.0,0.07159220985395882,0.0,-7.277202019783519e-05,0.0013417609963939092,0.0014607084723600103,True,False,False,False,False,False
OccupancySensors,STCG-v1 Weighted Ridge,5,30.0,0.01,1.0,1.0,0.01897592705959384,0.0,0.04720802382676031,0.0,0.040986804144063076,0.0,0.07158022743288496,0.0,-0.00014262943153785235,0.001271903585053892,0.0013908510610199931,True,False,False,False,False,False
OccupancySensors,STCG-v1 Weighted Ridge,5,30.0,0.01,2.0,1.0,0.01866776147327901,0.0,0.04708466757308503,0.0,0.04071878142276369,0.0,0.07155174441164569,0.0,-0.0002659856852131326,0.0011485473313786118,0.0012674948073447129,True,False,False,False,False,False
OccupancySensors,STCG-v1 Weighted Ridge,5,30.0,0.01,4.0,1.0,0.018181573117429538,0.0,0.04690431589477557,0.0,0.04031788087158712,0.0,0.07150418834024602,0.0,-0.000446337363522592,0.0009681956530691524,0.0010871431290352535,True,False,False,False,False,False
OccupancySensors,STCG-v1 Weighted Ridge,5,30.0,0.03,0.5,1.0,0.01915181923754011,0.0,0.04727972897310136,0.0,0.04113920681699535,0.0,0.07159247414988915,0.0,-7.092428519679672e-05,0.0013436087313949477,0.0014625562073610487,True,False,False,False,False,False
OccupancySensors,STCG-v1 Weighted Ridge,5,30.0,0.03,1.0,1.0,0.018987001528216214,0.0,0.04721243240798317,0.0,0.04099606660805684,0.0,0.07158099177114143,0.0,-0.00013822085031499343,0.001276312166276751,0.001395259642242852,True,False,False,False,False,False
OccupancySensors,STCG-v1 Weighted Ridge,5,30.0,0.03,2.0,1.0,0.018701383066954916,0.0,0.047097219579223484,0.0,0.04074469511160745,0.0,0.07155497767283366,0.0,-0.0002534336790746758,0.0011610993375170686,0.0012800468134831697,True,False,False,False,False,False
OccupancySensors,STCG-v1 Weighted Ridge,5,30.0,0.03,4.0,1.0,0.01830534674874568,0.0,0.04694394741789505,0.0,0.040400014305221735,0.0,0.07151386379569698,0.0,-0.0004067058404031085,0.001007827176188636,0.001126774652154737,True,False,False,False,False,False
OccupancySensors,STCG-v1 Weighted Ridge,5,30.0,0.1,0.5,1.0,0.019167498656769394,0.0,0.047286040780289126,0.0,0.041152264716876163,0.0,0.07159337237903583,0.0,-6.461247800903375e-05,0.0013499205385827107,0.0014688680145488117,True,False,False,False,False,False
OccupancySensors,STCG-v1 Weighted Ridge,5,30.0,0.1,1.0,1.0,0.019023512404620052,0.0,0.047227035162969694,0.0,0.04102679006207363,0.0,0.07158344250948649,0.0,-0.0001236180953284663,0.0012909149212632781,0.0014098623972293792,True,False,False,False,False,False
OccupancySensors,STCG-v1 Weighted Ridge,5,30.0,0.1,2.0,1.0,0.018793235635315472,0.0,0.047132837678872275,0.0,0.040820267427766455,0.0,0.07156332205134121,0.0,-0.00021781557942588542,0.001196717437165859,0.00131566491313196,True,False,False,False,False,False
OccupancySensors,STCG-v1 Weighted Ridge,5,30.0,0.1,4.0,1.0,0.01852327203412503,0.0,0.047024492372977594,0.0,0.04057436665248364,0.0,0.07153373897301976,0.0,-0.0003261608853205658,0.0010883721312711786,0.0012073196072372797,True,False,False,False,False,False
OccupancySensors,STCG-v1 Weighted Ridge,5,30.0,0.3,0.5,1.0,0.019209209464207306,0.0,0.047302855822951496,0.0,0.04118701747649478,0.0,0.07159574112852808,0.0,-4.77974353466637e-05,0.0013667355812450807,0.0014856830572111818,True,False,False,False,False,False
OccupancySensors,STCG-v1 Weighted Ridge,5,30.0,0.3,1.0,1.0,0.019113252706233548,0.0,0.04726321533780648,0.0,0.0411029298074916,0.0,0.07158915266530179,0.0,-8.743792049167864e-05,0.0013270950961000658,0.0014460425720661668,True,False,False,False,False,False
OccupancySensors,STCG-v1 Weighted Ridge,5,30.0,0.3,2.0,1.0,0.01897923784413011,0.0,0.0472072130984194,0.0,0.04098044753386617,0.0,0.07157752550354483,0.0,-0.0001434401598787577,0.0012710928567129867,0.0013900403326790878,True,False,False,False,False,False
OccupancySensors,STCG-v1 Weighted Ridge,5,30.0,0.3,4.0,1.0,0.018847942575613234,0.0,0.04715206110649049,0.0,0.040856061168228534,0.0,0.07156124853383072,0.0,-0.00019859215180766804,0.0012159408647840764,0.0013348883407501774,True,False,False,False,False,False
OccupancySensors,STCG-v1 Weighted Ridge,5,30.0,0.6,0.5,1.0,0.019264468170336863,0.0,0.04732518739632657,0.0,0.04123306224683263,0.0,0.07159886918362483,0.0,-2.546586197158668e-05,0.0013890671546201577,0.0015080146305862588,True,False,False,False,False,False
OccupancySensors,STCG-v1 Weighted Ridge,5,30.0,0.6,1.0,1.0,0.019219591550001427,0.0,0.04730651237739656,0.0,0.0411936537253007,0.0,0.07159571572559713,0.0,-4.414088090159973e-05,0.0013703921356901447,0.0014893396116562457,True,False,False,False,False,False
OccupancySensors,STCG-v1 Weighted Ridge,5,30.0,0.6,2.0,1.0,0.019164740812845717,0.0,0.04728311844702685,0.0,0.04114300012226817,0.0,0.07159064299443084,0.0,-6.753481127130812e-05,0.0013469982053204363,0.0014659456812865373,True,False,False,False,False,False
OccupancySensors,STCG-v1 Weighted Ridge,5,30.0,0.6,4.0,1.0,0.01911724896785526,0.0,0.047262442219497706,0.0,0.04109712870570822,0.0,0.0715840237332257,0.0,-8.821103880045367e-05,0.0013263219777912907,0.0014452694537573918,True,False,False,False,False,False
OccupancySensors,STCG-v1 Weighted Ridge,5,100.0,0.01,0.5,1.0,0.022847822959026588,0.0,0.050910267044962286,7.757919228897728e-18,0.045465945394053006,0.0,0.07648767148183708,0.0,-0.000440723600309903,0.00497414680325587,0.005093094279221971,True,False,False,False,False,False
OccupancySensors,STCG-v1 Weighted Ridge,5,100.0,0.01,1.0,1.0,0.022181783487753286,0.0,0.05055637915239765,7.757919228897728e-18,0.04478243868390524,0.0,0.076455826580937,0.0,-0.0007946114928745404,0.004620258910691233,0.004739206386657334,True,False,False,False,False,False
OccupancySensors,STCG-v1 Weighted Ridge,5,100.0,0.01,2.0,1.0,0.021171205419036474,0.0,0.050067603248965066,7.757919228897728e-18,0.043784191788337645,0.0,0.07639776435066935,0.0,-0.001283387396307123,0.00413148300725865,0.004250430483224751,True,False,False,True,False,False
OccupancySensors,STCG-v1 Weighted Ridge,5,100.0,0.01,4.0,1.0,0.019988530576277214,0.0,0.04958747792927606,0.0,0.042733103424357,0.0,0.0763359643901916,0.0,-0.0017635127159961322,0.003651357687569641,0.003770305163535742,True,False,False,True,False,False
OccupancySensors,STCG-v1 Weighted Ridge,5,100.0,0.03,0.5,1.0,0.022866443712529324,0.0,0.05092040702850663,7.757919228897728e-18,0.0454850319094673,0.0,0.07648845349715155,0.0,-0.0004305836167655605,0.004984286786800213,0.005103234262766314,True,False,False,False,False,False
OccupancySensors,STCG-v1 Weighted Ridge,5,100.0,0.03,1.0,1.0,0.02222176452571232,0.0,0.05057677461313809,0.0,0.04482243502558865,0.0,0.07645783883194958,0.0,-0.0007742160321341021,0.004640654371431671,0.004759601847397772,True,False,False,False,False,False
OccupancySensors,STCG-v1 Weighted Ridge,5,100.0,0.03,2.0,1.0,0.021270349987149176,0.0,0.0501092616781602,0.0,0.04386950838865515,0.0,0.07640366264938772,0.0,-0.0012417289671119922,0.004173141436453781,0.004292088912419882,True,False,False,True,False,False
OccupancySensors,STCG-v1 Weighted Ridge,5,100.0,0.03,4.0,1.0,0.020265282465036498,0.0,0.04967001454428219,0.0,0.04290781403146635,0.0,0.07634674206994639,0.0,-0.0016809761009900018,0.0037338943025757715,0.0038528417785418725,True,False,False,True,False,False
OccupancySensors,STCG-v1 Weighted Ridge,5,100.0,0.1,0.5,1.0,0.022930472013247563,0.0,0.05095542623739606,7.757919228897728e-18,0.045550788305137556,0.0,0.07649112208393628,0.0,-0.00039556440787612973,0.0050193059956896435,0.005138253471655745,True,False,False,False,False,False
OccupancySensors,STCG-v1 Weighted Ridge,5,100.0,0.1,1.0,1.0,0.022355838152680132,0.0,0.05064599283803796,7.757919228897728e-18,0.04495760022138513,0.0,0.0764643697216831,0.0,-0.0007049978072342297,0.0047098725963315435,0.004828820072297645,True,False,False,False,False,False
OccupancySensors,STCG-v1 Weighted Ridge,5,100.0,0.1,2.0,1.0,0.021551772386690694,0.0,0.05023887313075477,0.0,0.044135926155256605,0.0,0.07642053898965234,0.0,-0.0011121175145174175,0.004302752889048356,0.004421700365014457,True,False,False,True,False,False
OccupancySensors,STCG-v1 Weighted Ridge,5,100.0,0.1,4.0,1.0,0.020795397212791777,0.0,0.04988559507423135,0.0,0.04337175919590446,0.0,0.07637521275683613,0.0,-0.001465395571040841,0.003949474832524932,0.004068422308491033,True,False,False,True,False,False
OccupancySensors,STCG-v1 Weighted Ridge,5,100.0,0.3,0.5,1.0,0.023104506644532542,0.0,0.05105169251043575,0.0,0.04573026898658019,0.0,0.07649824748916534,0.0,-0.0002992981348364371,0.005115572268729336,0.005234519744695437,True,False,False,False,False,False
OccupancySensors,STCG-v1 Weighted Ridge,5,100.0,0.3,1.0,1.0,0.02270120871817919,0.0,0.05082909708704646,7.757919228897728e-18,0.04531034738166812,0.0,0.07648000422269237,0.0,-0.000521893558225732,0.004892976845340041,0.005011924321306142,True,False,False,False,False,False
OccupancySensors,STCG-v1 Weighted Ridge,5,100.0,0.3,2.0,1.0,0.022180852649544718,0.0,0.05055186659514753,0.0,0.04476781189871055,0.0,0.0764530284544076,0.0,-0.0007991240501246596,0.004615746353441114,0.004734693829407215,True,False,False,False,False,False
OccupancySensors,STCG-v1 Weighted Ridge,5,100.0,0.3,4.0,1.0,0.021739362162132375,0.0,0.05032658309866043,7.757919228897728e-18,0.0443056470114314,0.0,0.07642466854364066,0.0,-0.0010244075466117608,0.0043904628569540124,0.0045094103329201135,True,False,False,True,False,False
OccupancySensors,STCG-v1 Weighted Ridge,5,100.0,0.6,0.5,1.0,0.023344111437612114,0.0,0.051186597536397815,0.0,0.04597866847110696,0.0,0.076507887483004,0.0,-0.00016439310887437358,0.0052504772946914,0.005369424770657501,True,False,False,False,False,False
OccupancySensors,STCG-v1 Weighted Ridge,5,100.0,0.6,1.0,1.0,0.023143164716941993,0.0,0.051072319554197,0.0,0.04576767501614323,0.0,0.07649878186373107,0.0,-0.0002786710910751902,0.005136199312490583,0.005255146788456684,True,False,False,False,False,False
OccupancySensors,STCG-v1 Weighted Ridge,5,100.0,0.6,2.0,1.0,0.022904721121431416,0.0,0.05093824771576279,0.0,0.04551548344815139,0.0,0.07648601689740328,0.0,-0.00041274292950940067,0.005002127474056373,0.005121074950022474,True,False,False,False,False,False
OccupancySensors,STCG-v1 Weighted Ridge,5,100.0,0.6,4.0,1.0,0.022718574379679342,0.0,0.05083482895975242,7.757919228897728e-18,0.04531662166540947,0.0,0.0764724521651852,0.0,-0.000516161685519767,0.004898708718046006,0.005017656194012107,True,False,False,False,False,False
UCIHARWindowSignals,Persistence,5,nan,,,,0.401647537154689,0.0,0.8515181437120226,0.0,0.7711615916979975,0.0,1.1647045793121962,0.0,nan,0.1718630521113369,0.0,False,False,False,False,False,False
UCIHARWindowSignals,Dense Ridge,5,0.1,,,,0.3220686346485437,0.0,0.680139876714592,0.0,0.6289120387230029,0.0,0.9151869983324413,0.0,0.0,0.0004847851139062609,-0.17137826699743064,False,False,True,False,False,True
UCIHARWindowSignals,Dense Ridge,5,0.3,,,,0.32206784171564085,0.0,0.6801352798920728,0.0,0.6289077164171937,0.0,0.9151825069364012,0.0,0.0,0.00048018829138707364,-0.17138286381994983,False,False,True,False,False,True
UCIHARWindowSignals,Dense Ridge,5,1.0,,,,0.32206815885524887,0.0,0.6801196445875917,0.0,0.6288932516109216,0.0,0.9151669511277308,0.0,0.0,0.0004645529869059528,-0.17139849912443095,False,False,True,False,False,True
UCIHARWindowSignals,Dense Ridge,5,3.0,,,,0.322078481620468,0.0,0.6800785276598714,0.0,0.6288571226255593,0.0,0.9151238476931824,0.0,0.0,0.00042343605918571114,-0.1714396160521512,False,False,True,False,False,True
UCIHARWindowSignals,Dense Ridge,5,10.0,,,,0.32220995973886535,0.0,0.6799663643424597,0.0,0.628777065920763,0.0,0.9149865262518777,1.2412670766236366e-16,0.0,0.00031127274177400466,-0.1715517793695629,False,False,True,False,False,True
UCIHARWindowSignals,Dense Ridge,5,30.0,,,,0.3228103533621915,0.0,0.6797916270352214,0.0,0.6287594191997212,0.0,0.914675771350242,1.2412670766236366e-16,0.0,0.0001365354345357339,-0.17172651667680117,False,False,True,False,False,True
UCIHARWindowSignals,Dense Ridge,5,100.0,,,,0.3248607761418505,0.0,0.6796550916006857,0.0,0.6293166483385894,0.0,0.9140601928068259,1.2412670766236366e-16,0.0,0.0,-0.1718630521113369,False,False,True,False,False,True
UCIHARWindowSignals,DynVAR-Lasso Weighted Ridge,5,0.1,0.01,0.5,1.0,0.32206742101391583,0.0,0.6801388192317266,0.0,0.6289110624849775,0.0,0.9151867010358667,0.0,-1.0574828653853174e-06,0.00048372763104087557,-0.17137932448029602,True,False,True,False,False,True
UCIHARWindowSignals,DynVAR-Lasso Weighted Ridge,5,0.1,0.01,1.0,1.0,0.3220649471478074,0.0,0.6801368152528107,0.0,0.6289091818425419,0.0,0.9151862461269793,0.0,-3.061461781306285e-06,0.0004817236521249546,-0.17138132845921195,True,False,True,False,False,True
UCIHARWindowSignals,DynVAR-Lasso Weighted Ridge,5,0.1,0.01,2.0,1.0,0.32205291467902136,0.0,0.6801268116019101,0.0,0.6288998296095998,0.0,0.9151844745931014,0.0,-1.3065112681842628e-05,0.00047172000122441826,-0.17139133211011248,True,False,True,False,False,True
UCIHARWindowSignals,DynVAR-Lasso Weighted Ridge,5,0.1,0.01,4.0,1.0,0.3220084008172946,0.0,0.6800844739165197,0.0,0.6288613731669604,0.0,0.9151742421150171,1.2412670766236366e-16,-5.540279807225712e-05,0.00042938231583400377,-0.1714336697955029,True,False,True,False,False,True
UCIHARWindowSignals,DynVAR-Lasso Weighted Ridge,5,0.1,0.03,0.5,1.0,0.32206747209185266,0.0,0.6801388600739816,0.0,0.6289111009480332,0.0,0.915186710226042,1.2412670766236366e-16,-1.0166406103628844e-06,0.000483768473295898,-0.171379283638041,True,False,True,False,False,True
UCIHARWindowSignals,DynVAR-Lasso Weighted Ridge,5,0.1,0.03,1.0,1.0,0.32206531491948825,0.0,0.6801370491973022,0.0,0.6289094144195171,0.0,0.9151862827288294,0.0,-2.827517289749615e-06,0.0004819575966165113,-0.1713810945147204,True,False,True,False,False,True
UCIHARWindowSignals,DynVAR-Lasso Weighted Ridge,5,0.1,0.03,2.0,1.0,0.32205738366700304,0.0,0.6801298810693114,0.0,0.6289028231516403,0.0,0.9151847807096584,1.2412670766236366e-16,-9.995645280591603e-06,0.0004747894686256693,-0.17138826264271123,True,False,True,False,False,True
UCIHARWindowSignals,DynVAR-Lasso Weighted Ridge,5,0.1,0.03,4.0,1.0,0.3220398970295414,0.0,0.6801134799615628,0.0,0.6288879457192914,0.0,0.9151793010528108,0.0,-2.6396753029178655e-05,0.00045838836087708223,-0.17140466375045982,True,False,True,False,False,True
UCIHARWindowSignals,DynVAR-Lasso Weighted Ridge,5,0.1,0.1,0.5,1.0,0.3220676314164609,0.0,0.6801389909870135,0.0,0.6289112234911485,0.0,0.9151867407939027,1.2412670766236366e-16,-8.857275785034702e-07,0.0004838993863277574,-0.17137915272500914,True,False,True,False,False,True
UCIHARWindowSignals,DynVAR-Lasso Weighted Ridge,5,0.1,0.1,1.0,1.0,0.3220661398492387,0.0,0.6801376719985431,0.0,0.6289100088787977,0.0,0.9151863943787596,1.2412670766236366e-16,-2.2047160488369855e-06,0.0004825803978574239,-0.17138047171347948,True,False,True,False,False,True
UCIHARWindowSignals,DynVAR-Lasso Weighted Ridge,5,0.1,0.1,2.0,1.0,0.3220625454847391,0.0,0.6801343399933628,0.0,0.6289069729386622,0.0,0.9151854532215322,0.0,-5.5367212291601575e-06,0.00047924839267710073,-0.1713838037186598,True,False,True,False,False,True
UCIHARWindowSignals,DynVAR-Lasso Weighted Ridge,5,0.1,0.1,4.0,1.0,0.32205824389439863,0.0,0.6801304995615269,0.0,0.6289034874743409,0.0,0.9151835831227928,1.2412670766236366e-16,-9.377153065037724e-06,0.00047540796084122317,-0.17138764415049568,True,False,True,False,False,True
UCIHARWindowSignals,DynVAR-Lasso Weighted Ridge,5,0.1,0.3,0.5,1.0,0.3220679767201064,0.0,0.6801392876575774,0.0,0.6289114984273855,0.0,0.9151868166168539,0.0,-5.890570146105389e-07,0.00048419605689165035,-0.17137885605444525,True,False,True,False,False,True
UCIHARWindowSignals,DynVAR-Lasso Weighted Ridge,5,0.1,0.3,1.0,1.0,0.3220673026848558,0.0,0.6801386732039759,0.0,0.6289109372050111,0.0,0.9151866209950457,1.2412670766236366e-16,-1.203510616054615e-06,0.0004835816032902063,-0.1713794705080467,True,False,True,False,False,True
UCIHARWindowSignals,DynVAR-Lasso Weighted Ridge,5,0.1,0.3,2.0,1.0,0.3220663031262208,0.0,0.68013775624393,0.0,0.6289101043484568,0.0,0.9151862584072641,0.0,-2.120470661948204e-06,0.0004826646432443127,-0.1713803874680926,True,False,True,False,False,True
UCIHARWindowSignals,DynVAR-Lasso Weighted Ridge,5,0.1,0.3,4.0,1.0,0.32206552266717653,0.0,0.6801370684523024,0.0,0.6289094808005465,0.0,0.9151858222500214,0.0,-2.808262289599739e-06,0.00048197685161666115,-0.17138107525972024,True,False,True,False,False,True
UCIHARWindowSignals,DynVAR-Lasso Weighted Ridge,5,0.1,0.6,0.5,1.0,0.3220683264272387,0.0,0.680139598507047,0.0,0.6289117841572193,0.0,0.9151869068265441,0.0,-2.7820754500140765e-07,0.0004845069063612595,-0.17137854520497564,True,False,True,False,False,True
UCIHARWindowSignals,DynVAR-Lasso Weighted Ridge,5,0.1,0.6,1.0,1.0,0.32206810147660314,0.0,0.6801393924457322,0.0,0.628911596550213,0.0,0.9151868293622357,0.0,-4.84268859790582e-07,0.0004843008450464703,-0.17137875126629043,True,False,True,False,False,True
UCIHARWindowSignals,DynVAR-Lasso Weighted Ridge,5,0.1,0.6,2.0,1.0,0.32206785248737996,0.0,0.6801391651990497,0.0,0.6289113904355852,0.0,0.9151867194336105,0.0,-7.1151554226212e-07,0.00048407359836399877,-0.1713789785129729,True,False,True,False,False,True
UCIHARWindowSignals,DynVAR-Lasso Weighted Ridge,5,0.1,0.6,4.0,1.0,0.32206768980007877,0.0,0.6801390160159235,0.0,0.6289112556660271,0.0,0.9151866134555957,0.0,-8.606986684478457e-07,0.00048392441523781304,-0.1713791276960991,True,False,True,False,False,True
UCIHARWindowSignals,DynVAR-Lasso Weighted Ridge,5,0.3,0.01,0.5,1.0,0.3220642454327349,0.0,0.6801321685595648,0.0,0.6289048448305757,0.0,0.9151816268665464,1.2412670766236366e-16,-3.1113325079656917e-06,0.00047707695887910795,-0.1713859751524578,True,False,True,False,False,True
UCIHARWindowSignals,DynVAR-Lasso Weighted Ridge,5,0.3,0.01,1.0,1.0,0.3220571348447164,0.0,0.6801263771309992,0.0,0.6288994209357606,0.0,0.9151802882776231,0.0,-8.902761073570353e-06,0.0004712855303135033,-0.1713917665810234,True,False,True,False,False,True
UCIHARWindowSignals,DynVAR-Lasso Weighted Ridge,5,0.3,0.01,2.0,1.0,0.3220252539471211,0.0,0.6800993234435281,0.0,0.6288742710435454,0.0,0.9151751684796888,1.2412670766236366e-16,-3.595644854470503e-05,0.0004442318428423686,-0.17141882026849453,True,False,True,False,False,True
UCIHARWindowSignals,DynVAR-Lasso Weighted Ridge,5,0.3,0.01,4.0,1.0,0.3219284238600226,0.0,0.6800116948085729,0.0,0.6287945873540476,0.0,0.9151483082557543,1.2412670766236366e-16,-0.0001235850834998553,0.00035660320788721833,-0.17150644890344968,True,False,True,False,False,True
UCIHARWindowSignals,DynVAR-Lasso Weighted Ridge,5,0.3,0.03,0.5,1.0,0.32206439643506196,0.0,0.6801322880169082,0.0,0.6289049572438009,0.0,0.9151816540119755,0.0,-2.9918751646151875e-06,0.00047719641622245845,-0.17138585569511444,True,False,True,False,False,True
UCIHARWindowSignals,DynVAR-Lasso Weighted Ridge,5,0.3,0.03,1.0,1.0,0.32205817429996575,0.0,0.6801270453465671,0.0,0.628900080559793,0.0,0.9151803956570138,1.2412670766236366e-16,-8.234545505692026e-06,0.0004719537458813816,-0.17139109836545552,True,False,True,False,False,True
UCIHARWindowSignals,DynVAR-Lasso Weighted Ridge,5,0.3,0.03,2.0,1.0,0.32203649745491186,0.0,0.6801073409674052,0.0,0.628881981583802,0.0,0.9151760440692758,1.2412670766236366e-16,-2.7938924667569864e-05,0.0004522493667195038,-0.1714108027446174,True,False,True,False,False,True
UCIHARWindowSignals,DynVAR-Lasso Weighted Ridge,5,0.3,0.03,4.0,1.0,0.3219927513696494,0.0,0.6800677220153867,0.0,0.6288459999509451,0.0,0.9151611365276816,0.0,-6.755787668610846e-05,0.0004126304147009652,-0.17145042169663594,True,False,True,False,False,True
UCIHARWindowSignals,DynVAR-Lasso Weighted Ridge,5,0.3,0.1,0.5,1.0,0.3220648675459151,0.0,0.6801326712984136,0.0,0.6289053158146722,0.0,0.9151817443280026,1.2412670766236366e-16,-2.6085936591924153e-06,0.0004775796977278812,-0.17138547241360902,True,False,True,False,False,True
UCIHARWindowSignals,DynVAR-Lasso Weighted Ridge,5,0.3,0.1,1.0,1.0,0.3220605395141286,0.0,0.6801288354657762,0.0,0.6289017847804803,0.0,0.91518072354684,1.2412670766236366e-16,-6.444426296603467e-06,0.0004737438650904702,-0.17138930824624643,True,False,True,False,False,True
UCIHARWindowSignals,DynVAR-Lasso Weighted Ridge,5,0.3,0.1,2.0,1.0,0.3220504656148658,0.0,0.680119403916307,0.0,0.6288931905267529,0.0,0.9151779806644553,0.0,-1.587597576580002e-05,0.0004643123156212736,-0.17139873979571563,True,False,True,False,False,True
UCIHARWindowSignals,DynVAR-Lasso Weighted Ridge,5,0.3,0.1,4.0,1.0,0.32203856075914133,0.0,0.6801088651769319,0.0,0.6288836164310537,0.0,0.9151726711834047,0.0,-2.6414715140865574e-05,0.00045377357624620807,-0.1714092785350907,True,False,True,False,False,True
UCIHARWindowSignals,DynVAR-Lasso Weighted Ridge,5,0.3,0.3,0.5,1.0,0.32206588937327124,0.0,0.6801335420378407,0.0,0.6289061225277581,0.0,0.915181968533483,0.0,-1.7378542320756196e-06,0.000478450437154998,-0.1713846016741819,True,False,True,False,False,True
UCIHARWindowSignals,DynVAR-Lasso Weighted Ridge,5,0.3,0.3,1.0,1.0,0.3220639003873804,0.0,0.6801317411932842,0.0,0.6289044776954225,0.0,0.9151813907181646,0.0,-3.538698788552175e-06,0.00047664959259852147,-0.17138640251873838,True,False,True,False,False,True
UCIHARWindowSignals,DynVAR-Lasso Weighted Ridge,5,0.3,0.3,2.0,1.0,0.32206101347585314,0.0,0.6801290735902745,0.0,0.6289020542410094,0.0,0.9151803247831148,0.0,-6.206301798261649e-06,0.000473981989588812,-0.1713890701217481,True,False,True,False,False,True
UCIHARWindowSignals,DynVAR-Lasso Weighted Ridge,5,0.3,0.3,4.0,1.0,0.32205878263221244,0.0,0.6801270739887596,0.0,0.6289002404223197,0.0,0.9151790490106123,0.0,-8.205903313185381e-06,0.00047198238807388826,-0.171391069723263,True,False,True,False,False,True
UCIHARWindowSignals,DynVAR-Lasso Weighted Ridge,5,0.3,0.6,0.5,1.0,0.32206692573364254,0.0,0.6801344576335315,0.0,0.628906964049532,0.0,0.9151822356210791,0.0,-8.22258541255394e-07,0.00047936603284581825,-0.17138368607849108,True,False,True,False,False,True
UCIHARWindowSignals,DynVAR-Lasso Weighted Ridge,5,0.3,0.6,1.0,1.0,0.32206625953166157,0.0,0.6801338499906697,0.0,0.6289064107863742,0.0,0.9151820062479556,0.0,-1.4299014030605406e-06,0.0004787583899840131,-0.1713842937213529,True,False,True,False,False,True
UCIHARWindowSignals,DynVAR-Lasso Weighted Ridge,5,0.3,0.6,2.0,1.0,0.32206552310084413,0.0,0.6801331805131292,0.0,0.628905803443674,0.0,0.9151816811565399,1.2412670766236366e-16,-2.0993789435763688e-06,0.00047808891244349727,-0.1713849631988934,True,False,True,False,False,True
UCIHARWindowSignals,DynVAR-Lasso Weighted Ridge,5,0.3,0.6,4.0,1.0,0.3220650413312202,0.0,0.680132739709197,0.0,0.6289054050964177,0.0,0.9151813677167961,0.0,-2.5401828758209177e-06,0.0004776481085112527,-0.17138540400282565,True,False,True,False,False,True
UCIHARWindowSignals,DynVAR-Lasso Weighted Ridge,5,1.0,0.01,0.5,1.0,0.32205711780835367,0.0,0.6801099342586495,0.0,0.6288842929866308,0.0,0.9151641501107426,1.2412670766236366e-16,-9.710328942147406e-06,0.0004548426579638054,-0.1714082094533731,True,False,True,False,False,True
UCIHARWindowSignals,DynVAR-Lasso Weighted Ridge,5,1.0,0.01,1.0,1.0,0.3220364602937935,0.0,0.6800928493873801,0.0,0.6288683690321097,0.0,0.9151599749121754,0.0,-2.6795200211537917e-05,0.0004377577866944149,-0.17142529432464249,True,False,True,False,False,True
UCIHARWindowSignals,DynVAR-Lasso Weighted Ridge,5,1.0,0.01,2.0,1.0,0.3219551918670587,0.0,0.6800256230176905,0.0,0.6288063010502256,0.0,0.9151448997387547,1.2412670766236366e-16,-9.402156990112598e-05,0.00037053141700482684,-0.17149252069433207,True,False,True,False,False,True
UCIHARWindowSignals,DynVAR-Lasso Weighted Ridge,5,1.0,0.01,4.0,1.0,0.3217858884460768,0.0,0.6798823215743814,0.0,0.6286752406057446,0.0,0.9150837525000529,0.0,-0.0002373230132102222,0.00022722997369573061,-0.17163582213764117,True,False,True,False,False,True
UCIHARWindowSignals,DynVAR-Lasso Weighted Ridge,5,1.0,0.03,0.5,1.0,0.322057566199753,0.0,0.6801103000241738,0.0,0.6288846366504788,0.0,0.9151642358655041,0.0,-9.344563417834628e-06,0.0004552084234881182,-0.17140784368784878,True,False,True,False,False,True
UCIHARWindowSignals,DynVAR-Lasso Weighted Ridge,5,1.0,0.03,1.0,1.0,0.32203927608079996,0.0,0.6800947562804365,0.0,0.6288702206248201,0.0,0.9151603065426265,0.0,-2.488830715519086e-05,0.00043966467975076196,-0.17142338743158614,True,False,True,False,False,True
UCIHARWindowSignals,DynVAR-Lasso Weighted Ridge,5,1.0,0.03,2.0,1.0,0.32198179216710354,0.0,0.6800441977500674,0.0,0.6288238573236256,0.0,0.9151473982510863,1.2412670766236366e-16,-7.544683752425119e-05,0.0003891061493817016,-0.1714739459619552,True,False,True,False,False,True
UCIHARWindowSignals,DynVAR-Lasso Weighted Ridge,5,1.0,0.03,4.0,1.0,0.32189207112190354,0.0,0.6799674865475839,0.0,0.6287538402072086,0.0,0.9151106061024132,0.0,-0.0001521580400077882,0.0003123949468981646,-0.17155065716443874,True,False,True,False,False,True
UCIHARWindowSignals,DynVAR-Lasso Weighted Ridge,5,1.0,0.1,0.5,1.0,0.32205897952320883,0.0,0.6801114771997572,0.0,0.6288857366677558,0.0,0.9151645214618263,0.0,-8.167387834490114e-06,0.0004563855990714627,-0.17140666651226544,True,False,True,False,False,True
UCIHARWindowSignals,DynVAR-Lasso Weighted Ridge,5,1.0,0.1,1.0,1.0,0.32204598572922294,0.0,0.6800999489281285,0.0,0.6288751327658987,0.0,0.9151613226327473,1.2412670766236366e-16,-1.9695659463137005e-05,0.0004448573274428158,-0.17141819478389408,True,False,True,False,False,True
UCIHARWindowSignals,DynVAR-Lasso Weighted Ridge,5,1.0,0.1,2.0,1.0,0.3220170679847815,0.0,0.6800738341828801,0.0,0.6288513226192012,0.0,0.9151530347705702,1.2412670766236366e-16,-4.5810404711521535e-05,0.0004187425821944313,-0.17144430952914247,True,False,True,False,False,True
UCIHARWindowSignals,DynVAR-Lasso Weighted Ridge,5,1.0,0.1,4.0,1.0,0.32198601994168496,0.0,0.6800470138381981,0.0,0.6288268662431572,0.0,0.915138277454116,0.0,-7.263074939356517e-05,0.00039192223751238764,-0.1714711298738245,True,False,True,False,False,True
UCIHARWindowSignals,DynVAR-Lasso Weighted Ridge,5,1.0,0.3,0.5,1.0,0.32206208546912024,0.0,0.6801141727204918,0.0,0.628888232741886,0.0,0.9151652323484832,0.0,-5.4718670998710195e-06,0.0004590811198060818,-0.17140397099153082,True,False,True,False,False,True
UCIHARWindowSignals,DynVAR-Lasso Weighted Ridge,5,1.0,0.3,1.0,1.0,0.3220560165652876,0.0,0.6801086250519105,0.0,0.6288831646160988,0.0,0.915163407102772,0.0,-1.1019535681167092e-05,0.0004535334512247857,-0.17140951866011211,True,False,True,False,False,True
UCIHARWindowSignals,DynVAR-Lasso Weighted Ridge,5,1.0,0.3,2.0,1.0,0.32204723239059907,0.0,0.6801006003941259,0.0,0.6288758676442234,0.0,0.915160093383343,0.0,-1.9044193465767023e-05,0.0004455087934401858,-0.17141754331789671,True,False,True,False,False,True
UCIHARWindowSignals,DynVAR-Lasso Weighted Ridge,5,1.0,0.3,4.0,1.0,0.3220403790583381,0.0,0.6800945896409579,0.0,0.6288704039375749,0.0,0.9151561931052836,0.0,-2.5054946633740194e-05,0.0004394980402722126,-0.1714235540710647,True,False,True,False,False,True
UCIHARWindowSignals,DynVAR-Lasso Weighted Ridge,5,1.0,0.6,0.5,1.0,0.3220652889014155,0.0,0.680117040081861,0.0,0.6288908680577351,0.0,0.9151660828799721,0.0,-2.6045057306411934e-06,0.0004619484811753116,-0.1714011036301616,True,False,True,False,False,True
UCIHARWindowSignals,DynVAR-Lasso Weighted Ridge,5,1.0,0.6,1.0,1.0,0.3220632100956924,0.0,0.6801151299810531,0.0,0.6288891281474036,0.0,0.9151653522345466,1.2412670766236366e-16,-4.514606538608135e-06,0.0004600383803673447,-0.17140301373096956,True,False,True,False,False,True
UCIHARWindowSignals,DynVAR-Lasso Weighted Ridge,5,1.0,0.6,2.0,1.0,0.3220609174201527,0.0,0.680113031875242,0.0,0.6288872231210163,0.0,0.9151643211255049,0.0,-6.6127123496961815e-06,0.00045794027455625663,-0.17140511183678064,True,False,True,False,False,True
UCIHARWindowSignals,DynVAR-Lasso Weighted Ridge,5,1.0,0.6,4.0,1.0,0.32205940084811646,0.0,0.6801116361292624,0.0,0.6288859601329156,0.0,0.9151633265202989,0.0,-8.00845832926722e-06,0.0004565445285766856,-0.17140650758276021,True,False,True,False,False,True
UCIHARWindowSignals,DynVAR-Lasso Weighted Ridge,5,3.0,0.01,0.5,1.0,0.3220492201477755,0.0,0.6800539695668968,0.0,0.6288344133407295,0.0,0.9151164575290899,1.2412670766236366e-16,-2.4558092974635848e-05,0.0003988779662110753,-0.17146417414512582,True,False,True,False,False,True
UCIHARWindowSignals,DynVAR-Lasso Weighted Ridge,5,3.0,0.01,1.0,1.0,0.32200159611934603,0.0,0.6800156512721274,0.0,0.6287988237476992,0.0,0.9151059975333171,0.0,-6.287638774404858e-05,0.00036055967144166257,-0.17150249243989524,True,False,True,False,False,True
UCIHARWindowSignals,DynVAR-Lasso Weighted Ridge,5,3.0,0.01,2.0,1.0,0.3218478687124435,0.0,0.679895924028655,0.0,0.6286882977308322,0.0,0.9150728871025674,0.0,-0.00018260363121647138,0.00024083242796923976,-0.17162221968336766,True,False,True,False,False,True
UCIHARWindowSignals,DynVAR-Lasso Weighted Ridge,5,3.0,0.01,4.0,1.0,0.3215760526555934,0.0,0.6796876659276333,0.0,0.62849509405546,0.0,0.9149871885820818,0.0,-0.0003908617322381236,3.257432694758755e-05,-0.1718304777843893,True,False,True,False,False,True
UCIHARWindowSignals,DynVAR-Lasso Weighted Ridge,5,3.0,0.03,0.5,1.0,0.32205036016687255,0.0,0.68005485547571,0.0,0.62883524773349,0.0,0.9151166794230873,0.0,-2.367218416143846e-05,0.0003997638750242727,-0.17146328823631263,True,False,True,False,False,True
UCIHARWindowSignals,DynVAR-Lasso Weighted Ridge,5,3.0,0.03,1.0,1.0,0.322007747957448,0.0,0.6800197053363116,0.0,0.6288027012396723,0.0,0.9151068088253398,0.0,-5.882232355980399e-05,0.00036461373562590715,-0.171498438375711,True,False,True,False,False,True
UCIHARWindowSignals,DynVAR-Lasso Weighted Ridge,5,3.0,0.03,2.0,1.0,0.3218970926880883,0.0,0.6799284402680874,0.0,0.6287188367881584,0.0,0.915078040450384,1.2412670766236366e-16,-0.0001500873917840151,0.00027334866740169605,-0.1715897034439352,True,False,True,False,False,True
UCIHARWindowSignals,DynVAR-Lasso Weighted Ridge,5,3.0,0.03,4.0,1.0,0.3217677644408631,0.0,0.6798204062318957,0.0,0.628618735780774,0.0,0.915020346772326,0.0,-0.000258121427975766,0.00016531463120994516,-0.17169773748012696,True,False,True,False,False,True
UCIHARWindowSignals,DynVAR-Lasso Weighted Ridge,5,3.0,0.1,0.5,1.0,0.32205400237912785,0.0,0.6800577243404704,0.0,0.628837935005275,0.0,0.9151174202617398,0.0,-2.0803319401019316e-05,0.00040263273978469183,-0.1714604193715522,True,False,True,False,False,True
UCIHARWindowSignals,DynVAR-Lasso Weighted Ridge,5,3.0,0.1,1.0,1.0,0.322022852711118,0.0,0.6800309780667243,0.0,0.628813311014162,0.0,0.9151093143278215,1.2412670766236366e-16,-4.754959314712259e-05,0.00037588646603858855,-0.1714871656452983,True,False,True,False,False,True
UCIHARWindowSignals,DynVAR-Lasso Weighted Ridge,5,3.0,0.1,2.0,1.0,0.3219625237772673,0.0,0.679979178015915,0.0,0.6287659062364589,0.0,0.9150901043297678,0.0,-9.934964395641455e-05,0.0003240864152292966,-0.1715389656961076,True,False,True,False,False,True
UCIHARWindowSignals,DynVAR-Lasso Weighted Ridge,5,3.0,0.1,4.0,1.0,0.3219079751806329,0.0,0.6799319387833447,0.0,0.6287223017619874,0.0,0.9150617688323692,0.0,-0.00014658887652674313,0.000276847182658968,-0.17158620492867793,True,False,True,False,False,True
UCIHARWindowSignals,DynVAR-Lasso Weighted Ridge,5,3.0,0.3,0.5,1.0,0.3220621173608718,0.0,0.6800644066556151,0.0,0.6288441379741627,0.0,0.9151192770755381,0.0,-1.41210042563511e-05,0.00040931505492936004,-0.17145373705640754,True,False,True,False,False,True
UCIHARWindowSignals,DynVAR-Lasso Weighted Ridge,5,3.0,0.3,1.0,1.0,0.32204671160026965,0.0,0.6800508271893289,0.0,0.6288317028632561,0.0,0.9151145572248016,0.0,-2.7700470542568745e-05,0.0003957355886431424,-0.17146731652269376,True,False,True,False,False,True
UCIHARWindowSignals,DynVAR-Lasso Weighted Ridge,5,3.0,0.3,2.0,1.0,0.3220260034567329,0.0,0.6800321966101447,0.0,0.6288146915149551,0.0,0.9151063369916649,1.2412670766236366e-16,-4.63310497267333e-05,0.00037710500945897785,-0.17148594710187792,True,False,True,False,False,True
UCIHARWindowSignals,DynVAR-Lasso Weighted Ridge,5,3.0,0.3,4.0,1.0,0.32201023877295776,0.0,0.6800181425441048,0.0,0.6288018214502002,0.0,0.9150970507873911,0.0,-6.038511576667016e-05,0.000363050943419041,-0.17150000116791786,True,False,True,False,False,True
UCIHARWindowSignals,DynVAR-Lasso Weighted Ridge,5,3.0,0.6,0.5,1.0,0.32207067352559343,0.0,0.680071708232376,0.0,0.6288508656298941,0.0,0.9151215239145076,0.0,-6.819427495474706e-06,0.00041661663169023644,-0.17144643547964666,True,False,True,False,False,True
UCIHARWindowSignals,DynVAR-Lasso Weighted Ridge,5,3.0,0.6,1.0,1.0,0.3220650839932279,0.0,0.6800668018966357,0.0,0.6288463841331423,0.0,0.9151195926462489,0.0,-1.1725763235714837e-05,0.0004117102959499963,-0.1714513418153869,True,False,True,False,False,True
UCIHARWindowSignals,DynVAR-Lasso Weighted Ridge,5,3.0,0.6,2.0,1.0,0.32205901379232704,0.0,0.6800614473585157,0.0,0.6288415034602638,0.0,0.9151168981569928,0.0,-1.7080301355720806e-05,0.00040635575782999034,-0.1714566963535069,True,False,True,False,False,True
UCIHARWindowSignals,DynVAR-Lasso Weighted Ridge,5,3.0,0.6,4.0,1.0,0.32205490227845696,0.0,0.6800577825418515,0.0,0.6288381702151398,0.0,0.9151142934993415,0.0,-2.0745118019971365e-05,0.0004026909411657398,-0.17146036117017116,True,False,True,False,False,True
UCIHARWindowSignals,DynVAR-Lasso Weighted Ridge,5,10.0,0.01,0.5,1.0,0.3221381336886249,0.0,0.679914026038678,0.0,0.6287270117458548,0.0,0.9149702532638988,1.2412670766236366e-16,-5.233830378170712e-05,0.00025893443799229754,-0.1716041176733446,True,False,True,False,False,True
UCIHARWindowSignals,DynVAR-Lasso Weighted Ridge,5,10.0,0.01,1.0,1.0,0.322042730202634,0.0,0.6798453730086328,0.0,0.6286614329827179,0.0,0.9149501029006031,1.2412670766236366e-16,-0.00012099133382692528,0.00019028140794707937,-0.17167277070338982,True,False,True,False,False,True
UCIHARWindowSignals,DynVAR-Lasso Weighted Ridge,5,10.0,0.01,2.0,1.0,0.32176129084697574,0.0,0.6796492819462866,0.0,0.6284759472059347,0.0,0.9149016225359394,0.0,-0.0003170823961731184,-5.8096543991137395e-06,-0.17186886176573601,True,True,True,False,False,True
UCIHARWindowSignals,DynVAR-Lasso Weighted Ridge,5,10.0,0.01,4.0,1.0,0.3212036807194444,0.0,0.6793343048532524,0.0,0.6281767010133599,0.0,0.9148409282488844,0.0,-0.0006320594892073039,-0.00032078674743329927,-0.1721838388587702,True,True,True,False,False,True
UCIHARWindowSignals,DynVAR-Lasso Weighted Ridge,5,10.0,0.03,0.5,1.0,0.32214086752050375,0.0,0.679915788303982,0.0,0.6287287491611475,0.0,0.9149707172360595,0.0,-5.057603847768988e-05,0.0002606967032963148,-0.17160235540804059,True,False,True,False,False,True
UCIHARWindowSignals,DynVAR-Lasso Weighted Ridge,5,10.0,0.03,1.0,1.0,0.32205510873372256,0.0,0.6798526335073236,0.0,0.628668621287421,0.0,0.914951589790648,1.2412670766236366e-16,-0.00011373083513610549,0.00019754190663789917,-0.171665510204699,True,False,True,False,False,True
UCIHARWindowSignals,DynVAR-Lasso Weighted Ridge,5,10.0,0.03,2.0,1.0,0.3218615054984914,0.0,0.6797094328679403,0.0,0.6285333808132807,0.0,0.9149084422749596,1.2412670766236366e-16,-0.00025693147451943954,5.434126725456512e-05,-0.17180871084408234,True,False,True,False,False,True
UCIHARWindowSignals,DynVAR-Lasso Weighted Ridge,5,10.0,0.03,4.0,1.0,0.321604945700905,0.0,0.6795439659315403,0.0,0.6283751689477632,0.0,0.9148557633932881,1.2412670766236366e-16,-0.0004223984109194001,-0.00011112566914539546,-0.1719741777804823,True,True,True,False,False,True
UCIHARWindowSignals,DynVAR-Lasso Weighted Ridge,5,10.0,0.1,0.5,1.0,0.32214959051073294,0.0,0.6799215306641273,0.0,0.6287343654962279,0.0,0.9149722758179184,0.0,-4.483367833241214e-05,0.0002664390634415925,-0.1715966130478953,True,False,True,False,False,True
UCIHARWindowSignals,DynVAR-Lasso Weighted Ridge,5,10.0,0.1,1.0,1.0,0.3220858099990165,0.0,0.6798725114662709,0.0,0.6286880040843593,0.0,0.9149562545369264,1.2412670766236366e-16,-9.385287618879357e-05,0.0002174198655852111,-0.1716456322457517,True,False,True,False,False,True
UCIHARWindowSignals,DynVAR-Lasso Weighted Ridge,5,10.0,0.1,2.0,1.0,0.3219841379397414,0.0,0.6797923498437565,0.0,0.6286124398586764,0.0,0.9149254117810568,1.2412670766236366e-16,-0.00017401449870324548,0.00013725824307075918,-0.17172579386826614,True,False,True,False,False,True
UCIHARWindowSignals,DynVAR-Lasso Weighted Ridge,5,10.0,0.1,4.0,1.0,0.3218911298268383,0.0,0.6797223679871076,0.0,0.6285449774944543,0.0,0.9148927174671627,0.0,-0.00024399635535210518,6.727638642189948e-05,-0.171795775724915,True,False,True,False,False,True
UCIHARWindowSignals,DynVAR-Lasso Weighted Ridge,5,10.0,0.3,0.5,1.0,0.3221690619707685,0.0,0.6799352112305359,0.0,0.6287475502113608,0.0,0.9149762510686642,1.2412670766236366e-16,-3.115311192380954e-05,0.0002801196298501951,-0.1715829324814867,True,False,True,False,False,True
UCIHARWindowSignals,DynVAR-Lasso Weighted Ridge,5,10.0,0.3,1.0,1.0,0.32213454001985886,0.0,0.6799083699712225,0.0,0.628722331526228,0.0,0.9149664452590456,0.0,-5.7994371237213294e-05,0.00025327837053679136,-0.1716097737408001,True,False,True,False,False,True
UCIHARWindowSignals,DynVAR-Lasso Weighted Ridge,5,10.0,0.3,2.0,1.0,0.3220934721188245,0.0,0.6798745789994641,0.0,0.6286905441820567,0.0,0.9149511604693302,1.2412670766236366e-16,-9.178534299558727e-05,0.00021948739877841739,-0.17164356471255848,True,False,True,False,False,True
UCIHARWindowSignals,DynVAR-Lasso Weighted Ridge,5,10.0,0.3,4.0,1.0,0.32206129664438565,0.0,0.679847666230471,0.0,0.6286649547680088,0.0,0.9149353293837965,0.0,-0.00011869811198872426,0.0001925746297852804,-0.17167047748155162,True,False,True,False,False,True
UCIHARWindowSignals,DynVAR-Lasso Weighted Ridge,5,10.0,0.6,0.5,1.0,0.3221900356654501,0.0,0.6799508662935007,0.0,0.6287624400391753,0.0,0.9149812080604051,0.0,-1.5498048959061705e-05,0.00029577469281494295,-0.17156727741852196,True,False,True,False,False,True
UCIHARWindowSignals,DynVAR-Lasso Weighted Ridge,5,10.0,0.6,1.0,1.0,0.32217665028191067,0.0,0.6799402089993315,0.0,0.6287524612694673,0.0,0.9149769490057829,0.0,-2.615534312822021e-05,0.00028511739864578445,-0.17157793471269112,True,False,True,False,False,True
UCIHARWindowSignals,DynVAR-Lasso Weighted Ridge,5,10.0,0.6,2.0,1.0,0.3221621513857571,0.0,0.6799286612907698,0.0,0.6287416407288835,0.0,0.9149711960236313,1.2412670766236366e-16,-3.7703051689930156e-05,0.0002735696900840745,-0.17158948242125283,True,False,True,False,False,True
UCIHARWindowSignals,DynVAR-Lasso Weighted Ridge,5,10.0,0.6,4.0,1.0,0.32215223907962043,0.0,0.6799200681127088,0.0,0.6287335902080792,0.0,0.9149655462106695,0.0,-4.629622975094172e-05,0.00026497651202306294,-0.17159807559931384,True,False,True,False,False,True
UCIHARWindowSignals,DynVAR-Lasso Weighted Ridge,5,30.0,0.01,0.5,1.0,0.3226891832206099,0.0,0.679707383711515,0.0,0.628665671806139,0.0,0.9146577446958192,0.0,-8.42433237064899e-05,5.229211082924401e-05,-0.17181076000050766,True,False,True,False,False,True
UCIHARWindowSignals,DynVAR-Lasso Weighted Ridge,5,30.0,0.01,1.0,1.0,0.32251265651787475,0.0,0.6795962985836812,0.0,0.6285450463217025,0.0,0.9146391920045746,0.0,-0.00019532845154024425,-5.879301700451034e-05,-0.1719218451283414,True,True,True,False,False,True
UCIHARWindowSignals,DynVAR-Lasso Weighted Ridge,5,30.0,0.01,2.0,1.0,0.3219483348326288,0.0,0.6792961927430144,0.0,0.6282396463406559,0.0,0.9146075934765834,1.2412670766236366e-16,-0.0004954342922069976,-0.0003588988576712637,-0.17222195096900816,True,True,True,False,False,True
UCIHARWindowSignals,DynVAR-Lasso Weighted Ridge,5,30.0,0.01,4.0,1.0,0.32106217151114275,0.0,0.679025020697718,0.0,0.6279621623419499,0.0,0.9146502217810444,0.0,-0.0007666063375034726,-0.0006300709029677387,-0.17249312301430464,True,True,True,False,False,True
UCIHARWindowSignals,DynVAR-Lasso Weighted Ridge,5,30.0,0.03,0.5,1.0,0.3226935625781467,0.0,0.6797103025242998,0.0,0.6286690623287994,0.0,0.9146582261931476,0.0,-8.132451092168758e-05,5.521092361404634e-05,-0.17180784118772285,True,False,True,False,False,True
UCIHARWindowSignals,DynVAR-Lasso Weighted Ridge,5,30.0,0.03,1.0,1.0,0.3225357821100274,0.0,0.6796095323296512,0.0,0.6285599066083282,0.0,0.9146405297506746,1.2412670766236366e-16,-0.0001820947055702904,-4.555927103455648e-05,-0.17190861138237146,True,True,True,False,False,True
UCIHARWindowSignals,DynVAR-Lasso Weighted Ridge,5,30.0,0.03,2.0,1.0,0.32213546469267484,0.0,0.6793802137227604,0.0,0.6283247832567226,0.0,0.9146110950060304,0.0,-0.00041141331246108415,-0.00027487787792535023,-0.17213792998926225,True,True,True,False,False,True
UCIHARWindowSignals,DynVAR-Lasso Weighted Ridge,5,30.0,0.03,4.0,1.0,0.3216081261758263,0.0,0.6791525174300066,0.0,0.6280946596139434,0.0,0.9146027670272912,0.0,-0.0006391096052148493,-0.0005025741706791154,-0.17236562628201602,True,True,True,False,False,True
UCIHARWindowSignals,DynVAR-Lasso Weighted Ridge,5,30.0,0.1,0.5,1.0,0.3227074353875614,0.0,0.6797196994371297,0.0,0.6286798814410628,0.0,0.914659852998685,0.0,-7.192759809171445e-05,6.460783644401946e-05,-0.17179844427489288,True,False,True,False,False,True
UCIHARWindowSignals,DynVAR-Lasso Weighted Ridge,5,30.0,0.1,1.0,1.0,0.32259373360061955,0.0,0.6796442058295572,0.0,0.6285986016824636,0.0,0.9146447728202197,0.0,-0.00014742120566424433,-1.0885771128510413e-05,-0.1718739378824654,True,True,True,False,False,True
UCIHARWindowSignals,DynVAR-Lasso Weighted Ridge,5,30.0,0.1,2.0,1.0,0.3223949074767078,0.0,0.6795213016479019,0.0,0.6284705368481541,0.0,0.9146220589918255,1.2412670766236366e-16,-0.0002703253873195255,-0.00013378995278379158,-0.1719968420641207,True,True,True,False,False,True
UCIHARWindowSignals,DynVAR-Lasso Weighted Ridge,5,30.0,0.1,4.0,1.0,0.32219791261601044,0.0,0.6794138309578107,0.0,0.6283584486951411,0.0,0.9146004600191523,0.0,-0.0003777960774107303,-0.00024126064287499638,-0.1721043127542119,True,True,True,False,False,True
UCIHARWindowSignals,DynVAR-Lasso Weighted Ridge,5,30.0,0.3,0.5,1.0,0.3227399059324666,0.0,0.6797415950072996,0.0,0.6287046065692383,0.0,0.9146640796272308,1.2412670766236366e-16,-5.0032027921864675e-05,8.650340661386924e-05,-0.17177654870472303,True,False,True,False,False,True
UCIHARWindowSignals,DynVAR-Lasso Weighted Ridge,5,30.0,0.3,1.0,1.0,0.3226826228156557,0.0,0.6797013605962983,0.0,0.6286615869612563,0.0,0.9146543368516189,0.0,-9.026643892318109e-05,4.626899561255282e-05,-0.17181678311572435,True,False,True,False,False,True
UCIHARWindowSignals,DynVAR-Lasso Weighted Ridge,5,30.0,0.3,2.0,1.0,0.32260902944260333,0.0,0.6796522298447085,0.0,0.6286092686025304,0.0,0.9146414930900605,1.2412670766236366e-16,-0.00013939719051292432,-2.8617559771904055e-06,-0.1718659138673141,True,True,True,False,False,True
UCIHARWindowSignals,DynVAR-Lasso Weighted Ridge,5,30.0,0.3,4.0,1.0,0.322544086551143,0.0,0.6796101280342332,0.0,0.6285643789996107,0.0,0.9146281337482416,1.2412670766236366e-16,-0.0001814990009882944,-4.49635664525605e-05,-0.17190801567778946,True,True,True,False,False,True
UCIHARWindowSignals,DynVAR-Lasso Weighted Ridge,5,30.0,0.6,0.5,1.0,0.3227754931087619,0.0,0.6797664433803033,0.0,0.6287320578772694,0.0,0.9146695545063587,0.0,-2.5183654918103926e-05,0.00011135177961762999,-0.17175170033171927,True,False,True,False,False,True
UCIHARWindowSignals,DynVAR-Lasso Weighted Ridge,5,30.0,0.6,1.0,1.0,0.3227528015874101,0.0,0.679749908206205,0.0,0.62871447194051,0.0,0.9146649353513674,1.2412670766236366e-16,-4.171882901649049e-05,9.481660551924342e-05,-0.17176823550581766,True,False,True,False,False,True
UCIHARWindowSignals,DynVAR-Lasso Weighted Ridge,5,30.0,0.6,2.0,1.0,0.32272790531560347,0.0,0.6797318316912642,0.0,0.6286952345263543,0.0,0.9146590303524947,0.0,-5.97953439572807e-05,7.674009057845321e-05,-0.17178631202075845,True,False,True,False,False,True
UCIHARWindowSignals,DynVAR-Lasso Weighted Ridge,5,30.0,0.6,4.0,1.0,0.32270760745680127,0.0,0.6797167183437018,0.0,0.6286793724762717,0.0,0.9146526492230915,0.0,-7.4908691519604e-05,6.162674301612991e-05,-0.17180142536832077,True,False,True,False,False,True
UCIHARWindowSignals,DynVAR-Lasso Weighted Ridge,5,100.0,0.01,0.5,1.0,0.3246421204060264,0.0,0.6794974456587085,0.0,0.6291027104847969,0.0,0.9140617474869085,0.0,-0.0001576459419772025,-0.0001576459419772025,-0.1720206980533141,True,True,True,False,False,True
UCIHARWindowSignals,DynVAR-Lasso Weighted Ridge,5,100.0,0.01,1.0,1.0,0.3242833181471157,0.0,0.6792972193369088,0.0,0.6288515798230316,0.0,0.914067454045916,0.0,-0.00035787226377692605,-0.00035787226377692605,-0.17222092437511383,True,True,True,False,False,True
UCIHARWindowSignals,DynVAR-Lasso Weighted Ridge,5,100.0,0.01,2.0,1.0,0.3233790259047981,0.0,0.679021897610491,0.0,0.6285216751321528,0.0,0.9141198684911849,0.0,-0.0006331939901946804,-0.0006331939901946804,-0.17249624610153158,True,True,True,False,False,True
UCIHARWindowSignals,DynVAR-Lasso Weighted Ridge,5,100.0,0.01,4.0,1.0,0.32234608985049834,0.0,0.6792405285225102,0.0,0.6286584416051142,0.0,0.9145655699997587,1.2412670766236366e-16,-0.00041456307817555604,-0.00041456307817555604,-0.17227761518951246,True,True,True,False,False,True
UCIHARWindowSignals,DynVAR-Lasso Weighted Ridge,5,100.0,0.03,0.5,1.0,0.32465001736362714,0.0,0.6795031392161988,0.0,0.6291103409164618,0.0,0.9140617097157996,0.0,-0.00015195238448695303,-0.00015195238448695303,-0.17201500449582385,True,True,True,False,False,True
UCIHARWindowSignals,DynVAR-Lasso Weighted Ridge,5,100.0,0.03,1.0,1.0,0.3243234757495916,0.0,0.6793189796160017,0.0,0.6288783318507757,0.0,0.9140670147120182,1.2412670766236366e-16,-0.0003361119846839733,-0.0003361119846839733,-0.17219916409602087,True,True,True,False,False,True
UCIHARWindowSignals,DynVAR-Lasso Weighted Ridge,5,100.0,0.03,2.0,1.0,0.32356365783757296,0.0,0.6790433952898054,0.0,0.6285519293351604,0.0,0.9141087492561922,1.2412670766236366e-16,-0.0006116963108803164,-0.0006116963108803164,-0.17247474842221722,True,True,True,False,False,True
UCIHARWindowSignals,DynVAR-Lasso Weighted Ridge,5,100.0,0.03,4.0,1.0,0.3227115362174527,0.0,0.6789840201268744,0.0,0.62844341362789,0.0,0.9143735030438032,0.0,-0.0006710714738112911,-0.0006710714738112911,-0.1725341235851482,True,True,True,False,False,True
UCIHARWindowSignals,DynVAR-Lasso Weighted Ridge,5,100.0,0.1,0.5,1.0,0.3246754319294152,0.0,0.6795214590823629,0.0,0.629134937222741,0.0,0.9140615804749913,0.0,-0.00013363251832276823,-0.00013363251832276823,-0.17199668462965967,True,True,True,False,False,True
UCIHARWindowSignals,DynVAR-Lasso Weighted Ridge,5,100.0,0.1,1.0,1.0,0.32443375773766936,0.0,0.6793809751865847,0.0,0.6289560350489736,0.0,0.9140657948762708,0.0,-0.00027411641410102217,-0.00027411641410102217,-0.17213716852543792,True,True,True,False,False,True
UCIHARWindowSignals,DynVAR-Lasso Weighted Ridge,5,100.0,0.1,2.0,1.0,0.32398729415848726,0.0,0.6791854319313049,0.0,0.6287222605828565,0.0,0.9140883429443265,0.0,-0.0004696596693808397,-0.0004696596693808397,-0.17233271178071774,True,True,True,False,False,True
UCIHARWindowSignals,DynVAR-Lasso Weighted Ridge,5,100.0,0.1,4.0,1.0,0.32352627100188835,0.0,0.6790597256594286,0.0,0.6285701876543246,0.0,0.9141685608627954,0.0,-0.0005953659412570866,-0.0005953659412570866,-0.172458418052594,True,True,True,False,False,True
UCIHARWindowSignals,DynVAR-Lasso Weighted Ridge,5,100.0,0.3,0.5,1.0,0.3247325709737334,0.0,0.6795636078129856,0.0,0.6291917477272996,0.0,0.9140612271927416,1.2412670766236366e-16,-9.148378770007515e-05,-9.148378770007515e-05,-0.17195453589903698,True,True,True,False,False,True
UCIHARWindowSignals,DynVAR-Lasso Weighted Ridge,5,100.0,0.3,1.0,1.0,0.3246125708066449,0.0,0.6794902148648536,0.0,0.6290960428717602,0.0,0.9140636390210665,0.0,-0.00016487673583209794,-0.00016487673583209794,-0.172027928847169,True,True,True,False,False,True
UCIHARWindowSignals,DynVAR-Lasso Weighted Ridge,5,100.0,0.3,2.0,1.0,0.32444767179227174,0.0,0.679405388966014,0.0,0.6289886182996661,0.0,0.914070992136318,0.0,-0.0002497026346717224,-0.0002497026346717224,-0.17211275474600862,True,True,True,False,False,True
UCIHARWindowSignals,DynVAR-Lasso Weighted Ridge,5,100.0,0.3,4.0,1.0,0.3242966465189168,0.0,0.6793385609259108,0.0,0.6289056554647993,0.0,0.914082120972801,1.2412670766236366e-16,-0.00031653067477488417,-0.00031653067477488417,-0.17217958278611178,True,True,True,False,False,True
UCIHARWindowSignals,DynVAR-Lasso Weighted Ridge,5,100.0,0.6,0.5,1.0,0.3247973001653918,0.0,0.679609869781873,0.0,0.6292545746336287,0.0,0.9140607351863876,1.2412670766236366e-16,-4.5221818812724024e-05,-4.5221818812724024e-05,-0.17190827393014962,True,True,True,False,False,True
UCIHARWindowSignals,DynVAR-Lasso Weighted Ridge,5,100.0,0.6,1.0,1.0,0.3247507046307042,0.0,0.6795807940812651,0.0,0.6292156248657556,0.0,0.9140616949333955,0.0,-7.429751942056306e-05,-7.429751942056306e-05,-0.17193734963075746,True,True,True,False,False,True
UCIHARWindowSignals,DynVAR-Lasso Weighted Ridge,5,100.0,0.6,2.0,1.0,0.32469743658329975,0.0,0.6795497643391331,0.0,0.629174378894011,0.0,0.9140635549786091,0.0,-0.00010532726155265681,-0.00010532726155265681,-0.17196837937288956,True,True,True,False,False,True
UCIHARWindowSignals,DynVAR-Lasso Weighted Ridge,5,100.0,0.6,4.0,1.0,0.32465316985071524,0.0,0.679523657881202,0.0,0.6291410186636722,0.0,0.9140643645074974,0.0,-0.00013143371948376448,-0.00013143371948376448,-0.17199448583082066,True,True,True,False,False,True
UCIHARWindowSignals,STCG-v1 Weighted Ridge,5,0.1,0.01,0.5,1.0,0.32206742101391583,0.0,0.6801388192317266,0.0,0.6289110624849775,0.0,0.9151867010358667,0.0,-1.0574828653853174e-06,0.00048372763104087557,-0.17137932448029602,True,False,True,False,False,True
UCIHARWindowSignals,STCG-v1 Weighted Ridge,5,0.1,0.01,1.0,1.0,0.3220649471478074,0.0,0.6801368152528107,0.0,0.6289091818425419,0.0,0.9151862461269793,0.0,-3.061461781306285e-06,0.0004817236521249546,-0.17138132845921195,True,False,True,False,False,True
UCIHARWindowSignals,STCG-v1 Weighted Ridge,5,0.1,0.01,2.0,1.0,0.32205291467902136,0.0,0.6801268116019101,0.0,0.6288998296095998,0.0,0.9151844745931014,0.0,-1.3065112681842628e-05,0.00047172000122441826,-0.17139133211011248,True,False,True,False,False,True
UCIHARWindowSignals,STCG-v1 Weighted Ridge,5,0.1,0.01,4.0,1.0,0.3220084008172946,0.0,0.6800844739165197,0.0,0.6288613731669604,0.0,0.9151742421150171,1.2412670766236366e-16,-5.540279807225712e-05,0.00042938231583400377,-0.1714336697955029,True,False,True,False,False,True
UCIHARWindowSignals,STCG-v1 Weighted Ridge,5,0.1,0.03,0.5,1.0,0.32206747209185266,0.0,0.6801388600739816,0.0,0.6289111009480332,0.0,0.915186710226042,1.2412670766236366e-16,-1.0166406103628844e-06,0.000483768473295898,-0.171379283638041,True,False,True,False,False,True
UCIHARWindowSignals,STCG-v1 Weighted Ridge,5,0.1,0.03,1.0,1.0,0.32206531491948825,0.0,0.6801370491973022,0.0,0.6289094144195171,0.0,0.9151862827288294,0.0,-2.827517289749615e-06,0.0004819575966165113,-0.1713810945147204,True,False,True,False,False,True
UCIHARWindowSignals,STCG-v1 Weighted Ridge,5,0.1,0.03,2.0,1.0,0.32205738366700304,0.0,0.6801298810693114,0.0,0.6289028231516403,0.0,0.9151847807096584,1.2412670766236366e-16,-9.995645280591603e-06,0.0004747894686256693,-0.17138826264271123,True,False,True,False,False,True
UCIHARWindowSignals,STCG-v1 Weighted Ridge,5,0.1,0.03,4.0,1.0,0.3220398970295414,0.0,0.6801134799615628,0.0,0.6288879457192914,0.0,0.9151793010528108,0.0,-2.6396753029178655e-05,0.00045838836087708223,-0.17140466375045982,True,False,True,False,False,True
UCIHARWindowSignals,STCG-v1 Weighted Ridge,5,0.1,0.1,0.5,1.0,0.3220676314164609,0.0,0.6801389909870135,0.0,0.6289112234911485,0.0,0.9151867407939027,1.2412670766236366e-16,-8.857275785034702e-07,0.0004838993863277574,-0.17137915272500914,True,False,True,False,False,True
UCIHARWindowSignals,STCG-v1 Weighted Ridge,5,0.1,0.1,1.0,1.0,0.3220661398492387,0.0,0.6801376719985431,0.0,0.6289100088787977,0.0,0.9151863943787596,1.2412670766236366e-16,-2.2047160488369855e-06,0.0004825803978574239,-0.17138047171347948,True,False,True,False,False,True
UCIHARWindowSignals,STCG-v1 Weighted Ridge,5,0.1,0.1,2.0,1.0,0.3220625454847391,0.0,0.6801343399933628,0.0,0.6289069729386622,0.0,0.9151854532215322,0.0,-5.5367212291601575e-06,0.00047924839267710073,-0.1713838037186598,True,False,True,False,False,True
UCIHARWindowSignals,STCG-v1 Weighted Ridge,5,0.1,0.1,4.0,1.0,0.32205824389439863,0.0,0.6801304995615269,0.0,0.6289034874743409,0.0,0.9151835831227928,1.2412670766236366e-16,-9.377153065037724e-06,0.00047540796084122317,-0.17138764415049568,True,False,True,False,False,True
UCIHARWindowSignals,STCG-v1 Weighted Ridge,5,0.1,0.3,0.5,1.0,0.3220679767201064,0.0,0.6801392876575774,0.0,0.6289114984273855,0.0,0.9151868166168539,0.0,-5.890570146105389e-07,0.00048419605689165035,-0.17137885605444525,True,False,True,False,False,True
UCIHARWindowSignals,STCG-v1 Weighted Ridge,5,0.1,0.3,1.0,1.0,0.3220673026848558,0.0,0.6801386732039759,0.0,0.6289109372050111,0.0,0.9151866209950457,1.2412670766236366e-16,-1.203510616054615e-06,0.0004835816032902063,-0.1713794705080467,True,False,True,False,False,True
UCIHARWindowSignals,STCG-v1 Weighted Ridge,5,0.1,0.3,2.0,1.0,0.3220663031262208,0.0,0.68013775624393,0.0,0.6289101043484568,0.0,0.9151862584072641,0.0,-2.120470661948204e-06,0.0004826646432443127,-0.1713803874680926,True,False,True,False,False,True
UCIHARWindowSignals,STCG-v1 Weighted Ridge,5,0.1,0.3,4.0,1.0,0.32206552266717653,0.0,0.6801370684523024,0.0,0.6289094808005465,0.0,0.9151858222500214,0.0,-2.808262289599739e-06,0.00048197685161666115,-0.17138107525972024,True,False,True,False,False,True
UCIHARWindowSignals,STCG-v1 Weighted Ridge,5,0.1,0.6,0.5,1.0,0.3220683264272387,0.0,0.680139598507047,0.0,0.6289117841572193,0.0,0.9151869068265441,0.0,-2.7820754500140765e-07,0.0004845069063612595,-0.17137854520497564,True,False,True,False,False,True
UCIHARWindowSignals,STCG-v1 Weighted Ridge,5,0.1,0.6,1.0,1.0,0.32206810147660314,0.0,0.6801393924457322,0.0,0.628911596550213,0.0,0.9151868293622357,0.0,-4.84268859790582e-07,0.0004843008450464703,-0.17137875126629043,True,False,True,False,False,True
UCIHARWindowSignals,STCG-v1 Weighted Ridge,5,0.1,0.6,2.0,1.0,0.32206785248737996,0.0,0.6801391651990497,0.0,0.6289113904355852,0.0,0.9151867194336105,0.0,-7.1151554226212e-07,0.00048407359836399877,-0.1713789785129729,True,False,True,False,False,True
UCIHARWindowSignals,STCG-v1 Weighted Ridge,5,0.1,0.6,4.0,1.0,0.32206768980007877,0.0,0.6801390160159235,0.0,0.6289112556660271,0.0,0.9151866134555957,0.0,-8.606986684478457e-07,0.00048392441523781304,-0.1713791276960991,True,False,True,False,False,True
UCIHARWindowSignals,STCG-v1 Weighted Ridge,5,0.3,0.01,0.5,1.0,0.3220642454327349,0.0,0.6801321685595648,0.0,0.6289048448305757,0.0,0.9151816268665464,1.2412670766236366e-16,-3.1113325079656917e-06,0.00047707695887910795,-0.1713859751524578,True,False,True,False,False,True
UCIHARWindowSignals,STCG-v1 Weighted Ridge,5,0.3,0.01,1.0,1.0,0.3220571348447164,0.0,0.6801263771309992,0.0,0.6288994209357606,0.0,0.9151802882776231,0.0,-8.902761073570353e-06,0.0004712855303135033,-0.1713917665810234,True,False,True,False,False,True
UCIHARWindowSignals,STCG-v1 Weighted Ridge,5,0.3,0.01,2.0,1.0,0.3220252539471211,0.0,0.6800993234435281,0.0,0.6288742710435454,0.0,0.9151751684796888,1.2412670766236366e-16,-3.595644854470503e-05,0.0004442318428423686,-0.17141882026849453,True,False,True,False,False,True
UCIHARWindowSignals,STCG-v1 Weighted Ridge,5,0.3,0.01,4.0,1.0,0.3219284238600226,0.0,0.6800116948085729,0.0,0.6287945873540476,0.0,0.9151483082557543,1.2412670766236366e-16,-0.0001235850834998553,0.00035660320788721833,-0.17150644890344968,True,False,True,False,False,True
UCIHARWindowSignals,STCG-v1 Weighted Ridge,5,0.3,0.03,0.5,1.0,0.32206439643506196,0.0,0.6801322880169082,0.0,0.6289049572438009,0.0,0.9151816540119755,0.0,-2.9918751646151875e-06,0.00047719641622245845,-0.17138585569511444,True,False,True,False,False,True
UCIHARWindowSignals,STCG-v1 Weighted Ridge,5,0.3,0.03,1.0,1.0,0.32205817429996575,0.0,0.6801270453465671,0.0,0.628900080559793,0.0,0.9151803956570138,1.2412670766236366e-16,-8.234545505692026e-06,0.0004719537458813816,-0.17139109836545552,True,False,True,False,False,True
UCIHARWindowSignals,STCG-v1 Weighted Ridge,5,0.3,0.03,2.0,1.0,0.32203649745491186,0.0,0.6801073409674052,0.0,0.628881981583802,0.0,0.9151760440692758,1.2412670766236366e-16,-2.7938924667569864e-05,0.0004522493667195038,-0.1714108027446174,True,False,True,False,False,True
UCIHARWindowSignals,STCG-v1 Weighted Ridge,5,0.3,0.03,4.0,1.0,0.3219927513696494,0.0,0.6800677220153867,0.0,0.6288459999509451,0.0,0.9151611365276816,0.0,-6.755787668610846e-05,0.0004126304147009652,-0.17145042169663594,True,False,True,False,False,True
UCIHARWindowSignals,STCG-v1 Weighted Ridge,5,0.3,0.1,0.5,1.0,0.3220648675459151,0.0,0.6801326712984136,0.0,0.6289053158146722,0.0,0.9151817443280026,1.2412670766236366e-16,-2.6085936591924153e-06,0.0004775796977278812,-0.17138547241360902,True,False,True,False,False,True
UCIHARWindowSignals,STCG-v1 Weighted Ridge,5,0.3,0.1,1.0,1.0,0.3220605395141286,0.0,0.6801288354657762,0.0,0.6289017847804803,0.0,0.91518072354684,1.2412670766236366e-16,-6.444426296603467e-06,0.0004737438650904702,-0.17138930824624643,True,False,True,False,False,True
UCIHARWindowSignals,STCG-v1 Weighted Ridge,5,0.3,0.1,2.0,1.0,0.3220504656148658,0.0,0.680119403916307,0.0,0.6288931905267529,0.0,0.9151779806644553,0.0,-1.587597576580002e-05,0.0004643123156212736,-0.17139873979571563,True,False,True,False,False,True
UCIHARWindowSignals,STCG-v1 Weighted Ridge,5,0.3,0.1,4.0,1.0,0.32203856075914133,0.0,0.6801088651769319,0.0,0.6288836164310537,0.0,0.9151726711834047,0.0,-2.6414715140865574e-05,0.00045377357624620807,-0.1714092785350907,True,False,True,False,False,True
UCIHARWindowSignals,STCG-v1 Weighted Ridge,5,0.3,0.3,0.5,1.0,0.32206588937327124,0.0,0.6801335420378407,0.0,0.6289061225277581,0.0,0.915181968533483,0.0,-1.7378542320756196e-06,0.000478450437154998,-0.1713846016741819,True,False,True,False,False,True
UCIHARWindowSignals,STCG-v1 Weighted Ridge,5,0.3,0.3,1.0,1.0,0.3220639003873804,0.0,0.6801317411932842,0.0,0.6289044776954225,0.0,0.9151813907181646,0.0,-3.538698788552175e-06,0.00047664959259852147,-0.17138640251873838,True,False,True,False,False,True
UCIHARWindowSignals,STCG-v1 Weighted Ridge,5,0.3,0.3,2.0,1.0,0.32206101347585314,0.0,0.6801290735902745,0.0,0.6289020542410094,0.0,0.9151803247831148,0.0,-6.206301798261649e-06,0.000473981989588812,-0.1713890701217481,True,False,True,False,False,True
UCIHARWindowSignals,STCG-v1 Weighted Ridge,5,0.3,0.3,4.0,1.0,0.32205878263221244,0.0,0.6801270739887596,0.0,0.6289002404223197,0.0,0.9151790490106123,0.0,-8.205903313185381e-06,0.00047198238807388826,-0.171391069723263,True,False,True,False,False,True
UCIHARWindowSignals,STCG-v1 Weighted Ridge,5,0.3,0.6,0.5,1.0,0.32206692573364254,0.0,0.6801344576335315,0.0,0.628906964049532,0.0,0.9151822356210791,0.0,-8.22258541255394e-07,0.00047936603284581825,-0.17138368607849108,True,False,True,False,False,True
UCIHARWindowSignals,STCG-v1 Weighted Ridge,5,0.3,0.6,1.0,1.0,0.32206625953166157,0.0,0.6801338499906697,0.0,0.6289064107863742,0.0,0.9151820062479556,0.0,-1.4299014030605406e-06,0.0004787583899840131,-0.1713842937213529,True,False,True,False,False,True
UCIHARWindowSignals,STCG-v1 Weighted Ridge,5,0.3,0.6,2.0,1.0,0.32206552310084413,0.0,0.6801331805131292,0.0,0.628905803443674,0.0,0.9151816811565399,1.2412670766236366e-16,-2.0993789435763688e-06,0.00047808891244349727,-0.1713849631988934,True,False,True,False,False,True
UCIHARWindowSignals,STCG-v1 Weighted Ridge,5,0.3,0.6,4.0,1.0,0.3220650413312202,0.0,0.680132739709197,0.0,0.6289054050964177,0.0,0.9151813677167961,0.0,-2.5401828758209177e-06,0.0004776481085112527,-0.17138540400282565,True,False,True,False,False,True
UCIHARWindowSignals,STCG-v1 Weighted Ridge,5,1.0,0.01,0.5,1.0,0.32205711780835367,0.0,0.6801099342586495,0.0,0.6288842929866308,0.0,0.9151641501107426,1.2412670766236366e-16,-9.710328942147406e-06,0.0004548426579638054,-0.1714082094533731,True,False,True,False,False,True
UCIHARWindowSignals,STCG-v1 Weighted Ridge,5,1.0,0.01,1.0,1.0,0.3220364602937935,0.0,0.6800928493873801,0.0,0.6288683690321097,0.0,0.9151599749121754,0.0,-2.6795200211537917e-05,0.0004377577866944149,-0.17142529432464249,True,False,True,False,False,True
UCIHARWindowSignals,STCG-v1 Weighted Ridge,5,1.0,0.01,2.0,1.0,0.3219551918670587,0.0,0.6800256230176905,0.0,0.6288063010502256,0.0,0.9151448997387547,1.2412670766236366e-16,-9.402156990112598e-05,0.00037053141700482684,-0.17149252069433207,True,False,True,False,False,True
UCIHARWindowSignals,STCG-v1 Weighted Ridge,5,1.0,0.01,4.0,1.0,0.3217858884460768,0.0,0.6798823215743814,0.0,0.6286752406057446,0.0,0.9150837525000529,0.0,-0.0002373230132102222,0.00022722997369573061,-0.17163582213764117,True,False,True,False,False,True
UCIHARWindowSignals,STCG-v1 Weighted Ridge,5,1.0,0.03,0.5,1.0,0.322057566199753,0.0,0.6801103000241738,0.0,0.6288846366504788,0.0,0.9151642358655041,0.0,-9.344563417834628e-06,0.0004552084234881182,-0.17140784368784878,True,False,True,False,False,True
UCIHARWindowSignals,STCG-v1 Weighted Ridge,5,1.0,0.03,1.0,1.0,0.32203927608079996,0.0,0.6800947562804365,0.0,0.6288702206248201,0.0,0.9151603065426265,0.0,-2.488830715519086e-05,0.00043966467975076196,-0.17142338743158614,True,False,True,False,False,True
UCIHARWindowSignals,STCG-v1 Weighted Ridge,5,1.0,0.03,2.0,1.0,0.32198179216710354,0.0,0.6800441977500674,0.0,0.6288238573236256,0.0,0.9151473982510863,1.2412670766236366e-16,-7.544683752425119e-05,0.0003891061493817016,-0.1714739459619552,True,False,True,False,False,True
UCIHARWindowSignals,STCG-v1 Weighted Ridge,5,1.0,0.03,4.0,1.0,0.32189207112190354,0.0,0.6799674865475839,0.0,0.6287538402072086,0.0,0.9151106061024132,0.0,-0.0001521580400077882,0.0003123949468981646,-0.17155065716443874,True,False,True,False,False,True
UCIHARWindowSignals,STCG-v1 Weighted Ridge,5,1.0,0.1,0.5,1.0,0.32205897952320883,0.0,0.6801114771997572,0.0,0.6288857366677558,0.0,0.9151645214618263,0.0,-8.167387834490114e-06,0.0004563855990714627,-0.17140666651226544,True,False,True,False,False,True
UCIHARWindowSignals,STCG-v1 Weighted Ridge,5,1.0,0.1,1.0,1.0,0.32204598572922294,0.0,0.6800999489281285,0.0,0.6288751327658987,0.0,0.9151613226327473,1.2412670766236366e-16,-1.9695659463137005e-05,0.0004448573274428158,-0.17141819478389408,True,False,True,False,False,True
UCIHARWindowSignals,STCG-v1 Weighted Ridge,5,1.0,0.1,2.0,1.0,0.3220170679847815,0.0,0.6800738341828801,0.0,0.6288513226192012,0.0,0.9151530347705702,1.2412670766236366e-16,-4.5810404711521535e-05,0.0004187425821944313,-0.17144430952914247,True,False,True,False,False,True
UCIHARWindowSignals,STCG-v1 Weighted Ridge,5,1.0,0.1,4.0,1.0,0.32198601994168496,0.0,0.6800470138381981,0.0,0.6288268662431572,0.0,0.915138277454116,0.0,-7.263074939356517e-05,0.00039192223751238764,-0.1714711298738245,True,False,True,False,False,True
UCIHARWindowSignals,STCG-v1 Weighted Ridge,5,1.0,0.3,0.5,1.0,0.32206208546912024,0.0,0.6801141727204918,0.0,0.628888232741886,0.0,0.9151652323484832,0.0,-5.4718670998710195e-06,0.0004590811198060818,-0.17140397099153082,True,False,True,False,False,True
UCIHARWindowSignals,STCG-v1 Weighted Ridge,5,1.0,0.3,1.0,1.0,0.3220560165652876,0.0,0.6801086250519105,0.0,0.6288831646160988,0.0,0.915163407102772,0.0,-1.1019535681167092e-05,0.0004535334512247857,-0.17140951866011211,True,False,True,False,False,True
UCIHARWindowSignals,STCG-v1 Weighted Ridge,5,1.0,0.3,2.0,1.0,0.32204723239059907,0.0,0.6801006003941259,0.0,0.6288758676442234,0.0,0.915160093383343,0.0,-1.9044193465767023e-05,0.0004455087934401858,-0.17141754331789671,True,False,True,False,False,True
UCIHARWindowSignals,STCG-v1 Weighted Ridge,5,1.0,0.3,4.0,1.0,0.3220403790583381,0.0,0.6800945896409579,0.0,0.6288704039375749,0.0,0.9151561931052836,0.0,-2.5054946633740194e-05,0.0004394980402722126,-0.1714235540710647,True,False,True,False,False,True
UCIHARWindowSignals,STCG-v1 Weighted Ridge,5,1.0,0.6,0.5,1.0,0.3220652889014155,0.0,0.680117040081861,0.0,0.6288908680577351,0.0,0.9151660828799721,0.0,-2.6045057306411934e-06,0.0004619484811753116,-0.1714011036301616,True,False,True,False,False,True
UCIHARWindowSignals,STCG-v1 Weighted Ridge,5,1.0,0.6,1.0,1.0,0.3220632100956924,0.0,0.6801151299810531,0.0,0.6288891281474036,0.0,0.9151653522345466,1.2412670766236366e-16,-4.514606538608135e-06,0.0004600383803673447,-0.17140301373096956,True,False,True,False,False,True
UCIHARWindowSignals,STCG-v1 Weighted Ridge,5,1.0,0.6,2.0,1.0,0.3220609174201527,0.0,0.680113031875242,0.0,0.6288872231210163,0.0,0.9151643211255049,0.0,-6.6127123496961815e-06,0.00045794027455625663,-0.17140511183678064,True,False,True,False,False,True
UCIHARWindowSignals,STCG-v1 Weighted Ridge,5,1.0,0.6,4.0,1.0,0.32205940084811646,0.0,0.6801116361292624,0.0,0.6288859601329156,0.0,0.9151633265202989,0.0,-8.00845832926722e-06,0.0004565445285766856,-0.17140650758276021,True,False,True,False,False,True
UCIHARWindowSignals,STCG-v1 Weighted Ridge,5,3.0,0.01,0.5,1.0,0.3220492201477755,0.0,0.6800539695668968,0.0,0.6288344133407295,0.0,0.9151164575290899,1.2412670766236366e-16,-2.4558092974635848e-05,0.0003988779662110753,-0.17146417414512582,True,False,True,False,False,True
UCIHARWindowSignals,STCG-v1 Weighted Ridge,5,3.0,0.01,1.0,1.0,0.32200159611934603,0.0,0.6800156512721274,0.0,0.6287988237476992,0.0,0.9151059975333171,0.0,-6.287638774404858e-05,0.00036055967144166257,-0.17150249243989524,True,False,True,False,False,True
UCIHARWindowSignals,STCG-v1 Weighted Ridge,5,3.0,0.01,2.0,1.0,0.3218478687124435,0.0,0.679895924028655,0.0,0.6286882977308322,0.0,0.9150728871025674,0.0,-0.00018260363121647138,0.00024083242796923976,-0.17162221968336766,True,False,True,False,False,True
UCIHARWindowSignals,STCG-v1 Weighted Ridge,5,3.0,0.01,4.0,1.0,0.3215760526555934,0.0,0.6796876659276333,0.0,0.62849509405546,0.0,0.9149871885820818,0.0,-0.0003908617322381236,3.257432694758755e-05,-0.1718304777843893,True,False,True,False,False,True
UCIHARWindowSignals,STCG-v1 Weighted Ridge,5,3.0,0.03,0.5,1.0,0.32205036016687255,0.0,0.68005485547571,0.0,0.62883524773349,0.0,0.9151166794230873,0.0,-2.367218416143846e-05,0.0003997638750242727,-0.17146328823631263,True,False,True,False,False,True
UCIHARWindowSignals,STCG-v1 Weighted Ridge,5,3.0,0.03,1.0,1.0,0.322007747957448,0.0,0.6800197053363116,0.0,0.6288027012396723,0.0,0.9151068088253398,0.0,-5.882232355980399e-05,0.00036461373562590715,-0.171498438375711,True,False,True,False,False,True
UCIHARWindowSignals,STCG-v1 Weighted Ridge,5,3.0,0.03,2.0,1.0,0.3218970926880883,0.0,0.6799284402680874,0.0,0.6287188367881584,0.0,0.915078040450384,1.2412670766236366e-16,-0.0001500873917840151,0.00027334866740169605,-0.1715897034439352,True,False,True,False,False,True
UCIHARWindowSignals,STCG-v1 Weighted Ridge,5,3.0,0.03,4.0,1.0,0.3217677644408631,0.0,0.6798204062318957,0.0,0.628618735780774,0.0,0.915020346772326,0.0,-0.000258121427975766,0.00016531463120994516,-0.17169773748012696,True,False,True,False,False,True
UCIHARWindowSignals,STCG-v1 Weighted Ridge,5,3.0,0.1,0.5,1.0,0.32205400237912785,0.0,0.6800577243404704,0.0,0.628837935005275,0.0,0.9151174202617398,0.0,-2.0803319401019316e-05,0.00040263273978469183,-0.1714604193715522,True,False,True,False,False,True
UCIHARWindowSignals,STCG-v1 Weighted Ridge,5,3.0,0.1,1.0,1.0,0.322022852711118,0.0,0.6800309780667243,0.0,0.628813311014162,0.0,0.9151093143278215,1.2412670766236366e-16,-4.754959314712259e-05,0.00037588646603858855,-0.1714871656452983,True,False,True,False,False,True
UCIHARWindowSignals,STCG-v1 Weighted Ridge,5,3.0,0.1,2.0,1.0,0.3219625237772673,0.0,0.679979178015915,0.0,0.6287659062364589,0.0,0.9150901043297678,0.0,-9.934964395641455e-05,0.0003240864152292966,-0.1715389656961076,True,False,True,False,False,True
UCIHARWindowSignals,STCG-v1 Weighted Ridge,5,3.0,0.1,4.0,1.0,0.3219079751806329,0.0,0.6799319387833447,0.0,0.6287223017619874,0.0,0.9150617688323692,0.0,-0.00014658887652674313,0.000276847182658968,-0.17158620492867793,True,False,True,False,False,True
UCIHARWindowSignals,STCG-v1 Weighted Ridge,5,3.0,0.3,0.5,1.0,0.3220621173608718,0.0,0.6800644066556151,0.0,0.6288441379741627,0.0,0.9151192770755381,0.0,-1.41210042563511e-05,0.00040931505492936004,-0.17145373705640754,True,False,True,False,False,True
UCIHARWindowSignals,STCG-v1 Weighted Ridge,5,3.0,0.3,1.0,1.0,0.32204671160026965,0.0,0.6800508271893289,0.0,0.6288317028632561,0.0,0.9151145572248016,0.0,-2.7700470542568745e-05,0.0003957355886431424,-0.17146731652269376,True,False,True,False,False,True
UCIHARWindowSignals,STCG-v1 Weighted Ridge,5,3.0,0.3,2.0,1.0,0.3220260034567329,0.0,0.6800321966101447,0.0,0.6288146915149551,0.0,0.9151063369916649,1.2412670766236366e-16,-4.63310497267333e-05,0.00037710500945897785,-0.17148594710187792,True,False,True,False,False,True
UCIHARWindowSignals,STCG-v1 Weighted Ridge,5,3.0,0.3,4.0,1.0,0.32201023877295776,0.0,0.6800181425441048,0.0,0.6288018214502002,0.0,0.9150970507873911,0.0,-6.038511576667016e-05,0.000363050943419041,-0.17150000116791786,True,False,True,False,False,True
UCIHARWindowSignals,STCG-v1 Weighted Ridge,5,3.0,0.6,0.5,1.0,0.32207067352559343,0.0,0.680071708232376,0.0,0.6288508656298941,0.0,0.9151215239145076,0.0,-6.819427495474706e-06,0.00041661663169023644,-0.17144643547964666,True,False,True,False,False,True
UCIHARWindowSignals,STCG-v1 Weighted Ridge,5,3.0,0.6,1.0,1.0,0.3220650839932279,0.0,0.6800668018966357,0.0,0.6288463841331423,0.0,0.9151195926462489,0.0,-1.1725763235714837e-05,0.0004117102959499963,-0.1714513418153869,True,False,True,False,False,True
UCIHARWindowSignals,STCG-v1 Weighted Ridge,5,3.0,0.6,2.0,1.0,0.32205901379232704,0.0,0.6800614473585157,0.0,0.6288415034602638,0.0,0.9151168981569928,0.0,-1.7080301355720806e-05,0.00040635575782999034,-0.1714566963535069,True,False,True,False,False,True
UCIHARWindowSignals,STCG-v1 Weighted Ridge,5,3.0,0.6,4.0,1.0,0.32205490227845696,0.0,0.6800577825418515,0.0,0.6288381702151398,0.0,0.9151142934993415,0.0,-2.0745118019971365e-05,0.0004026909411657398,-0.17146036117017116,True,False,True,False,False,True
UCIHARWindowSignals,STCG-v1 Weighted Ridge,5,10.0,0.01,0.5,1.0,0.3221381336886249,0.0,0.679914026038678,0.0,0.6287270117458548,0.0,0.9149702532638988,1.2412670766236366e-16,-5.233830378170712e-05,0.00025893443799229754,-0.1716041176733446,True,False,True,False,False,True
UCIHARWindowSignals,STCG-v1 Weighted Ridge,5,10.0,0.01,1.0,1.0,0.322042730202634,0.0,0.6798453730086328,0.0,0.6286614329827179,0.0,0.9149501029006031,1.2412670766236366e-16,-0.00012099133382692528,0.00019028140794707937,-0.17167277070338982,True,False,True,False,False,True
UCIHARWindowSignals,STCG-v1 Weighted Ridge,5,10.0,0.01,2.0,1.0,0.32176129084697574,0.0,0.6796492819462866,0.0,0.6284759472059347,0.0,0.9149016225359394,0.0,-0.0003170823961731184,-5.8096543991137395e-06,-0.17186886176573601,True,True,True,False,False,True
UCIHARWindowSignals,STCG-v1 Weighted Ridge,5,10.0,0.01,4.0,1.0,0.3212036807194444,0.0,0.6793343048532524,0.0,0.6281767010133599,0.0,0.9148409282488844,0.0,-0.0006320594892073039,-0.00032078674743329927,-0.1721838388587702,True,True,True,False,False,True
UCIHARWindowSignals,STCG-v1 Weighted Ridge,5,10.0,0.03,0.5,1.0,0.32214086752050375,0.0,0.679915788303982,0.0,0.6287287491611475,0.0,0.9149707172360595,0.0,-5.057603847768988e-05,0.0002606967032963148,-0.17160235540804059,True,False,True,False,False,True
UCIHARWindowSignals,STCG-v1 Weighted Ridge,5,10.0,0.03,1.0,1.0,0.32205510873372256,0.0,0.6798526335073236,0.0,0.628668621287421,0.0,0.914951589790648,1.2412670766236366e-16,-0.00011373083513610549,0.00019754190663789917,-0.171665510204699,True,False,True,False,False,True
UCIHARWindowSignals,STCG-v1 Weighted Ridge,5,10.0,0.03,2.0,1.0,0.3218615054984914,0.0,0.6797094328679403,0.0,0.6285333808132807,0.0,0.9149084422749596,1.2412670766236366e-16,-0.00025693147451943954,5.434126725456512e-05,-0.17180871084408234,True,False,True,False,False,True
UCIHARWindowSignals,STCG-v1 Weighted Ridge,5,10.0,0.03,4.0,1.0,0.321604945700905,0.0,0.6795439659315403,0.0,0.6283751689477632,0.0,0.9148557633932881,1.2412670766236366e-16,-0.0004223984109194001,-0.00011112566914539546,-0.1719741777804823,True,True,True,False,False,True
UCIHARWindowSignals,STCG-v1 Weighted Ridge,5,10.0,0.1,0.5,1.0,0.32214959051073294,0.0,0.6799215306641273,0.0,0.6287343654962279,0.0,0.9149722758179184,0.0,-4.483367833241214e-05,0.0002664390634415925,-0.1715966130478953,True,False,True,False,False,True
UCIHARWindowSignals,STCG-v1 Weighted Ridge,5,10.0,0.1,1.0,1.0,0.3220858099990165,0.0,0.6798725114662709,0.0,0.6286880040843593,0.0,0.9149562545369264,1.2412670766236366e-16,-9.385287618879357e-05,0.0002174198655852111,-0.1716456322457517,True,False,True,False,False,True
UCIHARWindowSignals,STCG-v1 Weighted Ridge,5,10.0,0.1,2.0,1.0,0.3219841379397414,0.0,0.6797923498437565,0.0,0.6286124398586764,0.0,0.9149254117810568,1.2412670766236366e-16,-0.00017401449870324548,0.00013725824307075918,-0.17172579386826614,True,False,True,False,False,True
UCIHARWindowSignals,STCG-v1 Weighted Ridge,5,10.0,0.1,4.0,1.0,0.3218911298268383,0.0,0.6797223679871076,0.0,0.6285449774944543,0.0,0.9148927174671627,0.0,-0.00024399635535210518,6.727638642189948e-05,-0.171795775724915,True,False,True,False,False,True
UCIHARWindowSignals,STCG-v1 Weighted Ridge,5,10.0,0.3,0.5,1.0,0.3221690619707685,0.0,0.6799352112305359,0.0,0.6287475502113608,0.0,0.9149762510686642,1.2412670766236366e-16,-3.115311192380954e-05,0.0002801196298501951,-0.1715829324814867,True,False,True,False,False,True
UCIHARWindowSignals,STCG-v1 Weighted Ridge,5,10.0,0.3,1.0,1.0,0.32213454001985886,0.0,0.6799083699712225,0.0,0.628722331526228,0.0,0.9149664452590456,0.0,-5.7994371237213294e-05,0.00025327837053679136,-0.1716097737408001,True,False,True,False,False,True
UCIHARWindowSignals,STCG-v1 Weighted Ridge,5,10.0,0.3,2.0,1.0,0.3220934721188245,0.0,0.6798745789994641,0.0,0.6286905441820567,0.0,0.9149511604693302,1.2412670766236366e-16,-9.178534299558727e-05,0.00021948739877841739,-0.17164356471255848,True,False,True,False,False,True
UCIHARWindowSignals,STCG-v1 Weighted Ridge,5,10.0,0.3,4.0,1.0,0.32206129664438565,0.0,0.679847666230471,0.0,0.6286649547680088,0.0,0.9149353293837965,0.0,-0.00011869811198872426,0.0001925746297852804,-0.17167047748155162,True,False,True,False,False,True
UCIHARWindowSignals,STCG-v1 Weighted Ridge,5,10.0,0.6,0.5,1.0,0.3221900356654501,0.0,0.6799508662935007,0.0,0.6287624400391753,0.0,0.9149812080604051,0.0,-1.5498048959061705e-05,0.00029577469281494295,-0.17156727741852196,True,False,True,False,False,True
UCIHARWindowSignals,STCG-v1 Weighted Ridge,5,10.0,0.6,1.0,1.0,0.32217665028191067,0.0,0.6799402089993315,0.0,0.6287524612694673,0.0,0.9149769490057829,0.0,-2.615534312822021e-05,0.00028511739864578445,-0.17157793471269112,True,False,True,False,False,True
UCIHARWindowSignals,STCG-v1 Weighted Ridge,5,10.0,0.6,2.0,1.0,0.3221621513857571,0.0,0.6799286612907698,0.0,0.6287416407288835,0.0,0.9149711960236313,1.2412670766236366e-16,-3.7703051689930156e-05,0.0002735696900840745,-0.17158948242125283,True,False,True,False,False,True
UCIHARWindowSignals,STCG-v1 Weighted Ridge,5,10.0,0.6,4.0,1.0,0.32215223907962043,0.0,0.6799200681127088,0.0,0.6287335902080792,0.0,0.9149655462106695,0.0,-4.629622975094172e-05,0.00026497651202306294,-0.17159807559931384,True,False,True,False,False,True
UCIHARWindowSignals,STCG-v1 Weighted Ridge,5,30.0,0.01,0.5,1.0,0.3226891832206099,0.0,0.679707383711515,0.0,0.628665671806139,0.0,0.9146577446958192,0.0,-8.42433237064899e-05,5.229211082924401e-05,-0.17181076000050766,True,False,True,False,False,True
UCIHARWindowSignals,STCG-v1 Weighted Ridge,5,30.0,0.01,1.0,1.0,0.32251265651787475,0.0,0.6795962985836812,0.0,0.6285450463217025,0.0,0.9146391920045746,0.0,-0.00019532845154024425,-5.879301700451034e-05,-0.1719218451283414,True,True,True,False,False,True
UCIHARWindowSignals,STCG-v1 Weighted Ridge,5,30.0,0.01,2.0,1.0,0.3219483348326288,0.0,0.6792961927430144,0.0,0.6282396463406559,0.0,0.9146075934765834,1.2412670766236366e-16,-0.0004954342922069976,-0.0003588988576712637,-0.17222195096900816,True,True,True,False,False,True
UCIHARWindowSignals,STCG-v1 Weighted Ridge,5,30.0,0.01,4.0,1.0,0.32106217151114275,0.0,0.679025020697718,0.0,0.6279621623419499,0.0,0.9146502217810444,0.0,-0.0007666063375034726,-0.0006300709029677387,-0.17249312301430464,True,True,True,False,False,True
UCIHARWindowSignals,STCG-v1 Weighted Ridge,5,30.0,0.03,0.5,1.0,0.3226935625781467,0.0,0.6797103025242998,0.0,0.6286690623287994,0.0,0.9146582261931476,0.0,-8.132451092168758e-05,5.521092361404634e-05,-0.17180784118772285,True,False,True,False,False,True
UCIHARWindowSignals,STCG-v1 Weighted Ridge,5,30.0,0.03,1.0,1.0,0.3225357821100274,0.0,0.6796095323296512,0.0,0.6285599066083282,0.0,0.9146405297506746,1.2412670766236366e-16,-0.0001820947055702904,-4.555927103455648e-05,-0.17190861138237146,True,True,True,False,False,True
UCIHARWindowSignals,STCG-v1 Weighted Ridge,5,30.0,0.03,2.0,1.0,0.32213546469267484,0.0,0.6793802137227604,0.0,0.6283247832567226,0.0,0.9146110950060304,0.0,-0.00041141331246108415,-0.00027487787792535023,-0.17213792998926225,True,True,True,False,False,True
UCIHARWindowSignals,STCG-v1 Weighted Ridge,5,30.0,0.03,4.0,1.0,0.3216081261758263,0.0,0.6791525174300066,0.0,0.6280946596139434,0.0,0.9146027670272912,0.0,-0.0006391096052148493,-0.0005025741706791154,-0.17236562628201602,True,True,True,False,False,True
UCIHARWindowSignals,STCG-v1 Weighted Ridge,5,30.0,0.1,0.5,1.0,0.3227074353875614,0.0,0.6797196994371297,0.0,0.6286798814410628,0.0,0.914659852998685,0.0,-7.192759809171445e-05,6.460783644401946e-05,-0.17179844427489288,True,False,True,False,False,True
UCIHARWindowSignals,STCG-v1 Weighted Ridge,5,30.0,0.1,1.0,1.0,0.32259373360061955,0.0,0.6796442058295572,0.0,0.6285986016824636,0.0,0.9146447728202197,0.0,-0.00014742120566424433,-1.0885771128510413e-05,-0.1718739378824654,True,True,True,False,False,True
UCIHARWindowSignals,STCG-v1 Weighted Ridge,5,30.0,0.1,2.0,1.0,0.3223949074767078,0.0,0.6795213016479019,0.0,0.6284705368481541,0.0,0.9146220589918255,1.2412670766236366e-16,-0.0002703253873195255,-0.00013378995278379158,-0.1719968420641207,True,True,True,False,False,True
UCIHARWindowSignals,STCG-v1 Weighted Ridge,5,30.0,0.1,4.0,1.0,0.32219791261601044,0.0,0.6794138309578107,0.0,0.6283584486951411,0.0,0.9146004600191523,0.0,-0.0003777960774107303,-0.00024126064287499638,-0.1721043127542119,True,True,True,False,False,True
UCIHARWindowSignals,STCG-v1 Weighted Ridge,5,30.0,0.3,0.5,1.0,0.3227399059324666,0.0,0.6797415950072996,0.0,0.6287046065692383,0.0,0.9146640796272308,1.2412670766236366e-16,-5.0032027921864675e-05,8.650340661386924e-05,-0.17177654870472303,True,False,True,False,False,True
UCIHARWindowSignals,STCG-v1 Weighted Ridge,5,30.0,0.3,1.0,1.0,0.3226826228156557,0.0,0.6797013605962983,0.0,0.6286615869612563,0.0,0.9146543368516189,0.0,-9.026643892318109e-05,4.626899561255282e-05,-0.17181678311572435,True,False,True,False,False,True
UCIHARWindowSignals,STCG-v1 Weighted Ridge,5,30.0,0.3,2.0,1.0,0.32260902944260333,0.0,0.6796522298447085,0.0,0.6286092686025304,0.0,0.9146414930900605,1.2412670766236366e-16,-0.00013939719051292432,-2.8617559771904055e-06,-0.1718659138673141,True,True,True,False,False,True
UCIHARWindowSignals,STCG-v1 Weighted Ridge,5,30.0,0.3,4.0,1.0,0.322544086551143,0.0,0.6796101280342332,0.0,0.6285643789996107,0.0,0.9146281337482416,1.2412670766236366e-16,-0.0001814990009882944,-4.49635664525605e-05,-0.17190801567778946,True,True,True,False,False,True
UCIHARWindowSignals,STCG-v1 Weighted Ridge,5,30.0,0.6,0.5,1.0,0.3227754931087619,0.0,0.6797664433803033,0.0,0.6287320578772694,0.0,0.9146695545063587,0.0,-2.5183654918103926e-05,0.00011135177961762999,-0.17175170033171927,True,False,True,False,False,True
UCIHARWindowSignals,STCG-v1 Weighted Ridge,5,30.0,0.6,1.0,1.0,0.3227528015874101,0.0,0.679749908206205,0.0,0.62871447194051,0.0,0.9146649353513674,1.2412670766236366e-16,-4.171882901649049e-05,9.481660551924342e-05,-0.17176823550581766,True,False,True,False,False,True
UCIHARWindowSignals,STCG-v1 Weighted Ridge,5,30.0,0.6,2.0,1.0,0.32272790531560347,0.0,0.6797318316912642,0.0,0.6286952345263543,0.0,0.9146590303524947,0.0,-5.97953439572807e-05,7.674009057845321e-05,-0.17178631202075845,True,False,True,False,False,True
UCIHARWindowSignals,STCG-v1 Weighted Ridge,5,30.0,0.6,4.0,1.0,0.32270760745680127,0.0,0.6797167183437018,0.0,0.6286793724762717,0.0,0.9146526492230915,0.0,-7.4908691519604e-05,6.162674301612991e-05,-0.17180142536832077,True,False,True,False,False,True
UCIHARWindowSignals,STCG-v1 Weighted Ridge,5,100.0,0.01,0.5,1.0,0.3246421204060264,0.0,0.6794974456587085,0.0,0.6291027104847969,0.0,0.9140617474869085,0.0,-0.0001576459419772025,-0.0001576459419772025,-0.1720206980533141,True,True,True,False,False,True
UCIHARWindowSignals,STCG-v1 Weighted Ridge,5,100.0,0.01,1.0,1.0,0.3242833181471157,0.0,0.6792972193369088,0.0,0.6288515798230316,0.0,0.914067454045916,0.0,-0.00035787226377692605,-0.00035787226377692605,-0.17222092437511383,True,True,True,False,False,True
UCIHARWindowSignals,STCG-v1 Weighted Ridge,5,100.0,0.01,2.0,1.0,0.3233790259047981,0.0,0.679021897610491,0.0,0.6285216751321528,0.0,0.9141198684911849,0.0,-0.0006331939901946804,-0.0006331939901946804,-0.17249624610153158,True,True,True,False,False,True
UCIHARWindowSignals,STCG-v1 Weighted Ridge,5,100.0,0.01,4.0,1.0,0.32234608985049834,0.0,0.6792405285225102,0.0,0.6286584416051142,0.0,0.9145655699997587,1.2412670766236366e-16,-0.00041456307817555604,-0.00041456307817555604,-0.17227761518951246,True,True,True,False,False,True
UCIHARWindowSignals,STCG-v1 Weighted Ridge,5,100.0,0.03,0.5,1.0,0.32465001736362714,0.0,0.6795031392161988,0.0,0.6291103409164618,0.0,0.9140617097157996,0.0,-0.00015195238448695303,-0.00015195238448695303,-0.17201500449582385,True,True,True,False,False,True
UCIHARWindowSignals,STCG-v1 Weighted Ridge,5,100.0,0.03,1.0,1.0,0.3243234757495916,0.0,0.6793189796160017,0.0,0.6288783318507757,0.0,0.9140670147120182,1.2412670766236366e-16,-0.0003361119846839733,-0.0003361119846839733,-0.17219916409602087,True,True,True,False,False,True
UCIHARWindowSignals,STCG-v1 Weighted Ridge,5,100.0,0.03,2.0,1.0,0.32356365783757296,0.0,0.6790433952898054,0.0,0.6285519293351604,0.0,0.9141087492561922,1.2412670766236366e-16,-0.0006116963108803164,-0.0006116963108803164,-0.17247474842221722,True,True,True,False,False,True
UCIHARWindowSignals,STCG-v1 Weighted Ridge,5,100.0,0.03,4.0,1.0,0.3227115362174527,0.0,0.6789840201268744,0.0,0.62844341362789,0.0,0.9143735030438032,0.0,-0.0006710714738112911,-0.0006710714738112911,-0.1725341235851482,True,True,True,False,False,True
UCIHARWindowSignals,STCG-v1 Weighted Ridge,5,100.0,0.1,0.5,1.0,0.3246754319294152,0.0,0.6795214590823629,0.0,0.629134937222741,0.0,0.9140615804749913,0.0,-0.00013363251832276823,-0.00013363251832276823,-0.17199668462965967,True,True,True,False,False,True
UCIHARWindowSignals,STCG-v1 Weighted Ridge,5,100.0,0.1,1.0,1.0,0.32443375773766936,0.0,0.6793809751865847,0.0,0.6289560350489736,0.0,0.9140657948762708,0.0,-0.00027411641410102217,-0.00027411641410102217,-0.17213716852543792,True,True,True,False,False,True
UCIHARWindowSignals,STCG-v1 Weighted Ridge,5,100.0,0.1,2.0,1.0,0.32398729415848726,0.0,0.6791854319313049,0.0,0.6287222605828565,0.0,0.9140883429443265,0.0,-0.0004696596693808397,-0.0004696596693808397,-0.17233271178071774,True,True,True,False,False,True
UCIHARWindowSignals,STCG-v1 Weighted Ridge,5,100.0,0.1,4.0,1.0,0.32352627100188835,0.0,0.6790597256594286,0.0,0.6285701876543246,0.0,0.9141685608627954,0.0,-0.0005953659412570866,-0.0005953659412570866,-0.172458418052594,True,True,True,False,False,True
UCIHARWindowSignals,STCG-v1 Weighted Ridge,5,100.0,0.3,0.5,1.0,0.3247325709737334,0.0,0.6795636078129856,0.0,0.6291917477272996,0.0,0.9140612271927416,1.2412670766236366e-16,-9.148378770007515e-05,-9.148378770007515e-05,-0.17195453589903698,True,True,True,False,False,True
UCIHARWindowSignals,STCG-v1 Weighted Ridge,5,100.0,0.3,1.0,1.0,0.3246125708066449,0.0,0.6794902148648536,0.0,0.6290960428717602,0.0,0.9140636390210665,0.0,-0.00016487673583209794,-0.00016487673583209794,-0.172027928847169,True,True,True,False,False,True
UCIHARWindowSignals,STCG-v1 Weighted Ridge,5,100.0,0.3,2.0,1.0,0.32444767179227174,0.0,0.679405388966014,0.0,0.6289886182996661,0.0,0.914070992136318,0.0,-0.0002497026346717224,-0.0002497026346717224,-0.17211275474600862,True,True,True,False,False,True
UCIHARWindowSignals,STCG-v1 Weighted Ridge,5,100.0,0.3,4.0,1.0,0.3242966465189168,0.0,0.6793385609259108,0.0,0.6289056554647993,0.0,0.914082120972801,1.2412670766236366e-16,-0.00031653067477488417,-0.00031653067477488417,-0.17217958278611178,True,True,True,False,False,True
UCIHARWindowSignals,STCG-v1 Weighted Ridge,5,100.0,0.6,0.5,1.0,0.3247973001653918,0.0,0.679609869781873,0.0,0.6292545746336287,0.0,0.9140607351863876,1.2412670766236366e-16,-4.5221818812724024e-05,-4.5221818812724024e-05,-0.17190827393014962,True,True,True,False,False,True
UCIHARWindowSignals,STCG-v1 Weighted Ridge,5,100.0,0.6,1.0,1.0,0.3247507046307042,0.0,0.6795807940812651,0.0,0.6292156248657556,0.0,0.9140616949333955,0.0,-7.429751942056306e-05,-7.429751942056306e-05,-0.17193734963075746,True,True,True,False,False,True
UCIHARWindowSignals,STCG-v1 Weighted Ridge,5,100.0,0.6,2.0,1.0,0.32469743658329975,0.0,0.6795497643391331,0.0,0.629174378894011,0.0,0.9140635549786091,0.0,-0.00010532726155265681,-0.00010532726155265681,-0.17196837937288956,True,True,True,False,False,True
UCIHARWindowSignals,STCG-v1 Weighted Ridge,5,100.0,0.6,4.0,1.0,0.32465316985071524,0.0,0.679523657881202,0.0,0.6291410186636722,0.0,0.9140643645074974,0.0,-0.00013143371948376448,-0.00013143371948376448,-0.17199448583082066,True,True,True,False,False,True
