axis,value,seed,method,timesteps,noise_scale,observation_noise,edge_prob,edge_auc,pair_auc,precision_at_k,shd,lag_accuracy,true_edges,edge_density
obs_noise,0.0,0,VAR-Lasso,1000,0.1,0.0,0.18,0.8278168410221232,0.8375,0.6326530612244898,36.0,0.7777777777777778,49.0,0.2916666666666667
obs_noise,0.0,0,DynVAR-Lasso,1000,0.1,0.0,0.18,0.8626307665923513,0.8875,0.6938775510204082,30.0,0.8333333333333334,49.0,0.2916666666666667
obs_noise,0.0,0,STCG-v1,1000,0.1,0.0,0.18,0.9037900874635568,0.9305555555555556,0.7346938775510204,26.0,0.8888888888888888,49.0,0.2916666666666667
obs_noise,0.0,1,VAR-Lasso,1000,0.1,0.0,0.18,0.7774528914879792,0.8536585365853658,0.6296296296296297,40.0,0.7560975609756098,54.0,0.32142857142857145
obs_noise,0.0,1,DynVAR-Lasso,1000,0.1,0.0,0.18,0.7691682910981157,0.8390243902439024,0.6111111111111112,42.0,0.7804878048780488,54.0,0.32142857142857145
obs_noise,0.0,1,STCG-v1,1000,0.1,0.0,0.18,0.7941845354126056,0.8845528455284553,0.6851851851851852,34.0,0.7804878048780488,54.0,0.32142857142857145
obs_noise,0.0,2,VAR-Lasso,1000,0.1,0.0,0.18,0.8242705570291777,0.8703125,0.6923076923076923,32.0,0.725,52.0,0.30952380952380953
obs_noise,0.0,2,DynVAR-Lasso,1000,0.1,0.0,0.18,0.8433355437665783,0.9203125,0.6923076923076923,32.0,0.825,52.0,0.30952380952380953
obs_noise,0.0,2,STCG-v1,1000,0.1,0.0,0.18,0.8575928381962865,0.9,0.7692307692307693,24.0,0.85,52.0,0.30952380952380953
obs_noise,0.0,3,VAR-Lasso,1000,0.1,0.0,0.18,0.7003217404626935,0.79421768707483,0.5901639344262295,50.0,0.6904761904761905,61.0,0.3630952380952381
obs_noise,0.0,3,DynVAR-Lasso,1000,0.1,0.0,0.18,0.770185383790409,0.8486394557823129,0.639344262295082,44.0,0.7857142857142857,61.0,0.3630952380952381
obs_noise,0.0,3,STCG-v1,1000,0.1,0.0,0.18,0.7884173433430366,0.8860544217687075,0.6721311475409836,40.0,0.7619047619047619,61.0,0.3630952380952381
obs_noise,0.0,4,VAR-Lasso,1000,0.1,0.0,0.18,0.8531777956556718,0.8617886178861789,0.7090909090909091,32.0,0.8292682926829268,55.0,0.3273809523809524
obs_noise,0.0,4,DynVAR-Lasso,1000,0.1,0.0,0.18,0.8344328238133548,0.8845528455284553,0.7090909090909091,32.0,0.8780487804878049,55.0,0.3273809523809524
obs_noise,0.0,4,STCG-v1,1000,0.1,0.0,0.18,0.8577634754625905,0.8943089430894309,0.7090909090909091,32.0,0.8292682926829268,55.0,0.3273809523809524
obs_noise,0.0,5,VAR-Lasso,1000,0.1,0.0,0.18,0.8292042657916325,0.8713450292397661,0.6981132075471698,32.0,0.7894736842105263,53.0,0.31547619047619047
obs_noise,0.0,5,DynVAR-Lasso,1000,0.1,0.0,0.18,0.8251025430680886,0.881578947368421,0.6792452830188679,34.0,0.7631578947368421,53.0,0.31547619047619047
obs_noise,0.0,5,STCG-v1,1000,0.1,0.0,0.18,0.8528301886792453,0.8757309941520468,0.7169811320754716,30.0,0.7894736842105263,53.0,0.31547619047619047
obs_noise,0.0,6,VAR-Lasso,1000,0.1,0.0,0.18,0.7845687811831789,0.7351778656126482,0.6086956521739131,36.0,0.7575757575757576,46.0,0.27380952380952384
obs_noise,0.0,6,DynVAR-Lasso,1000,0.1,0.0,0.18,0.7908054169636494,0.8168642951251647,0.6739130434782609,30.0,0.8484848484848485,46.0,0.27380952380952384
obs_noise,0.0,6,STCG-v1,1000,0.1,0.0,0.18,0.8130791161796151,0.7957839262187089,0.6739130434782609,30.0,0.8484848484848485,46.0,0.27380952380952384
obs_noise,0.0,7,VAR-Lasso,1000,0.1,0.0,0.18,0.7699011228422993,0.8263888888888888,0.5686274509803921,44.0,0.6944444444444444,51.0,0.30357142857142855
obs_noise,0.0,7,DynVAR-Lasso,1000,0.1,0.0,0.18,0.7161052455170103,0.7694444444444445,0.5098039215686274,50.0,0.6944444444444444,51.0,0.30357142857142855
obs_noise,0.0,7,STCG-v1,1000,0.1,0.0,0.18,0.6924752807105748,0.7597222222222222,0.49019607843137253,52.0,0.6666666666666666,51.0,0.30357142857142855
obs_noise,0.0,8,VAR-Lasso,1000,0.1,0.0,0.18,0.7123824451410659,0.6998491704374057,0.5172413793103449,56.0,0.717948717948718,58.0,0.34523809523809523
obs_noise,0.0,8,DynVAR-Lasso,1000,0.1,0.0,0.18,0.752037617554859,0.7677224736048266,0.6379310344827587,42.0,0.7692307692307693,58.0,0.34523809523809523
obs_noise,0.0,8,STCG-v1,1000,0.1,0.0,0.18,0.7647335423197492,0.803921568627451,0.6379310344827587,42.0,0.7948717948717948,58.0,0.34523809523809523
obs_noise,0.0,9,VAR-Lasso,1000,0.1,0.0,0.18,0.7142633228840125,0.7573099415204678,0.5689655172413793,50.0,0.6842105263157895,58.0,0.34523809523809523
obs_noise,0.0,9,DynVAR-Lasso,1000,0.1,0.0,0.18,0.7421630094043887,0.7602339181286549,0.603448275862069,46.0,0.7105263157894737,58.0,0.34523809523809523
obs_noise,0.0,9,STCG-v1,1000,0.1,0.0,0.18,0.7540752351097179,0.7880116959064327,0.6206896551724138,44.0,0.7105263157894737,58.0,0.34523809523809523
obs_noise,0.0,10,VAR-Lasso,1000,0.1,0.0,0.18,0.8017227235438884,0.8187134502923976,0.660377358490566,36.0,0.8421052631578947,53.0,0.31547619047619047
obs_noise,0.0,10,DynVAR-Lasso,1000,0.1,0.0,0.18,0.7998359310910582,0.8026315789473685,0.6415094339622641,38.0,0.8157894736842105,53.0,0.31547619047619047
obs_noise,0.0,10,STCG-v1,1000,0.1,0.0,0.18,0.8180475799835931,0.8611111111111112,0.660377358490566,36.0,0.8157894736842105,53.0,0.31547619047619047
obs_noise,0.0,11,VAR-Lasso,1000,0.1,0.0,0.18,0.8193885760257442,0.7789115646258503,0.6545454545454545,38.0,0.7857142857142857,55.0,0.3273809523809524
obs_noise,0.0,11,DynVAR-Lasso,1000,0.1,0.0,0.18,0.8038616251005631,0.7210884353741497,0.6545454545454545,38.0,0.7857142857142857,55.0,0.3273809523809524
obs_noise,0.0,11,STCG-v1,1000,0.1,0.0,0.18,0.829444891391794,0.8163265306122449,0.7090909090909091,32.0,0.7857142857142857,55.0,0.3273809523809524
obs_noise,0.0,12,VAR-Lasso,1000,0.1,0.0,0.18,0.8091293047433399,0.8583333333333333,0.6666666666666666,36.0,0.9166666666666666,54.0,0.32142857142857145
obs_noise,0.0,12,DynVAR-Lasso,1000,0.1,0.0,0.18,0.8248862897985705,0.8666666666666667,0.6296296296296297,40.0,0.8888888888888888,54.0,0.32142857142857145
obs_noise,0.0,12,STCG-v1,1000,0.1,0.0,0.18,0.8042560103963613,0.8583333333333333,0.6666666666666666,36.0,0.8333333333333334,54.0,0.32142857142857145
obs_noise,0.0,13,VAR-Lasso,1000,0.1,0.0,0.18,0.7819749216300941,0.7853658536585366,0.6379310344827587,42.0,0.7804878048780488,58.0,0.34523809523809523
obs_noise,0.0,13,DynVAR-Lasso,1000,0.1,0.0,0.18,0.8032915360501567,0.8341463414634146,0.6379310344827587,42.0,0.8536585365853658,58.0,0.34523809523809523
obs_noise,0.0,13,STCG-v1,1000,0.1,0.0,0.18,0.8147335423197493,0.7934959349593496,0.6551724137931034,40.0,0.8536585365853658,58.0,0.34523809523809523
obs_noise,0.0,14,VAR-Lasso,1000,0.1,0.0,0.18,0.7494654312188168,0.7129251700680272,0.5434782608695652,42.0,0.7142857142857143,46.0,0.27380952380952384
obs_noise,0.0,14,DynVAR-Lasso,1000,0.1,0.0,0.18,0.8455096222380613,0.7782312925170068,0.6086956521739131,36.0,0.8285714285714286,46.0,0.27380952380952384
obs_noise,0.0,14,STCG-v1,1000,0.1,0.0,0.18,0.8337491090520314,0.7387755102040816,0.6304347826086957,34.0,0.8571428571428571,46.0,0.27380952380952384
obs_noise,0.0,15,VAR-Lasso,1000,0.1,0.0,0.18,0.7638987883107626,0.7799479166666666,0.5869565217391305,38.0,0.78125,46.0,0.27380952380952384
obs_noise,0.0,15,DynVAR-Lasso,1000,0.1,0.0,0.18,0.7795794725588026,0.8255208333333334,0.6304347826086957,34.0,0.6875,46.0,0.27380952380952384
obs_noise,0.0,15,STCG-v1,1000,0.1,0.0,0.18,0.7927655024946543,0.7877604166666666,0.6304347826086957,34.0,0.84375,46.0,0.27380952380952384
obs_noise,0.0,16,VAR-Lasso,1000,0.1,0.0,0.18,0.7127153891859774,0.8050089445438283,0.6212121212121212,50.0,0.6744186046511628,66.0,0.39285714285714285
obs_noise,0.0,16,DynVAR-Lasso,1000,0.1,0.0,0.18,0.7412358882947119,0.7549194991055456,0.6212121212121212,50.0,0.7209302325581395,66.0,0.39285714285714285
obs_noise,0.0,16,STCG-v1,1000,0.1,0.0,0.18,0.7746583481877599,0.7906976744186046,0.696969696969697,40.0,0.7209302325581395,66.0,0.39285714285714285
obs_noise,0.0,17,VAR-Lasso,1000,0.1,0.0,0.18,0.7678683385579937,0.85,0.603448275862069,46.0,0.8,58.0,0.34523809523809523
obs_noise,0.0,17,DynVAR-Lasso,1000,0.1,0.0,0.18,0.8018808777429467,0.9265625,0.6724137931034483,38.0,0.825,58.0,0.34523809523809523
obs_noise,0.0,17,STCG-v1,1000,0.1,0.0,0.18,0.8302507836990596,0.865625,0.7241379310344828,32.0,0.85,58.0,0.34523809523809523
obs_noise,0.0,18,VAR-Lasso,1000,0.1,0.0,0.18,0.8352826510721247,0.8523391812865497,0.6666666666666666,36.0,0.8421052631578947,54.0,0.32142857142857145
obs_noise,0.0,18,DynVAR-Lasso,1000,0.1,0.0,0.18,0.847953216374269,0.881578947368421,0.7222222222222222,30.0,0.8157894736842105,54.0,0.32142857142857145
obs_noise,0.0,18,STCG-v1,1000,0.1,0.0,0.18,0.8786549707602339,0.9312865497076024,0.7222222222222222,30.0,0.9210526315789473,54.0,0.32142857142857145
obs_noise,0.0,19,VAR-Lasso,1000,0.1,0.0,0.18,0.757303712720633,0.8146341463414634,0.6451612903225806,44.0,0.7804878048780488,62.0,0.36904761904761907
obs_noise,0.0,19,DynVAR-Lasso,1000,0.1,0.0,0.18,0.8084297017650639,0.8260162601626017,0.6451612903225806,44.0,0.8292682926829268,62.0,0.36904761904761907
obs_noise,0.0,19,STCG-v1,1000,0.1,0.0,0.18,0.8101034692635423,0.8373983739837398,0.6774193548387096,40.0,0.8536585365853658,62.0,0.36904761904761907
obs_noise,0.05,0,VAR-Lasso,1000,0.1,0.05,0.18,0.8312467844280569,0.8208333333333333,0.6122448979591837,38.0,0.7777777777777778,49.0,0.2916666666666667
obs_noise,0.05,0,DynVAR-Lasso,1000,0.1,0.05,0.18,0.8564568684616704,0.8888888888888888,0.6938775510204082,30.0,0.8333333333333334,49.0,0.2916666666666667
obs_noise,0.05,0,STCG-v1,1000,0.1,0.05,0.18,0.9041330818041502,0.925,0.7346938775510204,26.0,0.8888888888888888,49.0,0.2916666666666667
obs_noise,0.05,1,VAR-Lasso,1000,0.1,0.05,0.18,0.7811890838206628,0.8471544715447155,0.6111111111111112,42.0,0.7317073170731707,54.0,0.32142857142857145
obs_noise,0.05,1,DynVAR-Lasso,1000,0.1,0.05,0.18,0.7629954515919428,0.8471544715447155,0.5555555555555556,48.0,0.7560975609756098,54.0,0.32142857142857145
obs_noise,0.05,1,STCG-v1,1000,0.1,0.05,0.18,0.7906107862248213,0.8764227642276423,0.7037037037037037,32.0,0.7804878048780488,54.0,0.32142857142857145
obs_noise,0.05,2,VAR-Lasso,1000,0.1,0.05,0.18,0.8229442970822282,0.8734375,0.6538461538461539,36.0,0.725,52.0,0.30952380952380953
obs_noise,0.05,2,DynVAR-Lasso,1000,0.1,0.05,0.18,0.8380305039787799,0.9203125,0.6923076923076923,32.0,0.825,52.0,0.30952380952380953
obs_noise,0.05,2,STCG-v1,1000,0.1,0.05,0.18,0.8602453580901857,0.8984375,0.75,26.0,0.85,52.0,0.30952380952380953
obs_noise,0.05,3,VAR-Lasso,1000,0.1,0.05,0.18,0.698866247893366,0.7806122448979592,0.5737704918032787,52.0,0.7142857142857143,61.0,0.3630952380952381
obs_noise,0.05,3,DynVAR-Lasso,1000,0.1,0.05,0.18,0.7695725448138502,0.8469387755102041,0.6557377049180327,42.0,0.7857142857142857,61.0,0.3630952380952381
obs_noise,0.05,3,STCG-v1,1000,0.1,0.05,0.18,0.7787651294622338,0.8673469387755102,0.6557377049180327,42.0,0.7857142857142857,61.0,0.3630952380952381
obs_noise,0.05,4,VAR-Lasso,1000,0.1,0.05,0.18,0.8608205953338697,0.8715447154471545,0.7090909090909091,32.0,0.8292682926829268,55.0,0.3273809523809524
obs_noise,0.05,4,DynVAR-Lasso,1000,0.1,0.05,0.18,0.8328238133547868,0.8845528455284553,0.7272727272727273,30.0,0.8780487804878049,55.0,0.3273809523809524
obs_noise,0.05,4,STCG-v1,1000,0.1,0.05,0.18,0.8627514078841513,0.8878048780487805,0.7272727272727273,30.0,0.8536585365853658,55.0,0.3273809523809524
obs_noise,0.05,5,VAR-Lasso,1000,0.1,0.05,0.18,0.8219852337981952,0.8830409356725146,0.660377358490566,36.0,0.7631578947368421,53.0,0.31547619047619047
obs_noise,0.05,5,DynVAR-Lasso,1000,0.1,0.05,0.18,0.8236259228876128,0.8757309941520468,0.6792452830188679,34.0,0.7631578947368421,53.0,0.31547619047619047
obs_noise,0.05,5,STCG-v1,1000,0.1,0.05,0.18,0.8538146021328958,0.881578947368421,0.6981132075471698,32.0,0.7631578947368421,53.0,0.31547619047619047
obs_noise,0.05,6,VAR-Lasso,1000,0.1,0.05,0.18,0.7827868852459017,0.7325428194993412,0.6086956521739131,36.0,0.7575757575757576,46.0,0.27380952380952384
obs_noise,0.05,6,DynVAR-Lasso,1000,0.1,0.05,0.18,0.7820741268709908,0.8036890645586298,0.6521739130434783,32.0,0.8484848484848485,46.0,0.27380952380952384
obs_noise,0.05,6,STCG-v1,1000,0.1,0.05,0.18,0.8123663578047042,0.7931488801054019,0.6521739130434783,32.0,0.8484848484848485,46.0,0.27380952380952384
obs_noise,0.05,7,VAR-Lasso,1000,0.1,0.05,0.18,0.7653762359644712,0.8375,0.6078431372549019,40.0,0.7222222222222222,51.0,0.30357142857142855
obs_noise,0.05,7,DynVAR-Lasso,1000,0.1,0.05,0.18,0.7114127702362997,0.7708333333333334,0.5098039215686274,50.0,0.6388888888888888,51.0,0.30357142857142855
obs_noise,0.05,7,STCG-v1,1000,0.1,0.05,0.18,0.6971677559912854,0.7791666666666667,0.49019607843137253,52.0,0.6388888888888888,51.0,0.30357142857142855
obs_noise,0.05,8,VAR-Lasso,1000,0.1,0.05,0.18,0.7103448275862069,0.7104072398190046,0.5172413793103449,56.0,0.7435897435897436,58.0,0.34523809523809523
obs_noise,0.05,8,DynVAR-Lasso,1000,0.1,0.05,0.18,0.7468652037617555,0.770739064856712,0.6206896551724138,44.0,0.7692307692307693,58.0,0.34523809523809523
obs_noise,0.05,8,STCG-v1,1000,0.1,0.05,0.18,0.7575235109717868,0.8099547511312217,0.6379310344827587,42.0,0.7948717948717948,58.0,0.34523809523809523
obs_noise,0.05,9,VAR-Lasso,1000,0.1,0.05,0.18,0.711755485893417,0.7602339181286549,0.5689655172413793,50.0,0.6842105263157895,58.0,0.34523809523809523
obs_noise,0.05,9,DynVAR-Lasso,1000,0.1,0.05,0.18,0.7324451410658307,0.7792397660818714,0.603448275862069,46.0,0.7368421052631579,58.0,0.34523809523809523
obs_noise,0.05,9,STCG-v1,1000,0.1,0.05,0.18,0.7507836990595611,0.804093567251462,0.603448275862069,46.0,0.7105263157894737,58.0,0.34523809523809523
obs_noise,0.05,10,VAR-Lasso,1000,0.1,0.05,0.18,0.8083675143560295,0.8245614035087719,0.6792452830188679,34.0,0.868421052631579,53.0,0.31547619047619047
obs_noise,0.05,10,DynVAR-Lasso,1000,0.1,0.05,0.18,0.8016406890894175,0.814327485380117,0.6415094339622641,38.0,0.8421052631578947,53.0,0.31547619047619047
obs_noise,0.05,10,STCG-v1,1000,0.1,0.05,0.18,0.8260869565217391,0.868421052631579,0.6792452830188679,34.0,0.8157894736842105,53.0,0.31547619047619047
obs_noise,0.05,11,VAR-Lasso,1000,0.1,0.05,0.18,0.8178600160901046,0.7789115646258503,0.6727272727272727,36.0,0.7857142857142857,55.0,0.3273809523809524
obs_noise,0.05,11,DynVAR-Lasso,1000,0.1,0.05,0.18,0.802413515687852,0.7091836734693877,0.6363636363636364,40.0,0.7619047619047619,55.0,0.3273809523809524
obs_noise,0.05,11,STCG-v1,1000,0.1,0.05,0.18,0.8234915526950926,0.8129251700680272,0.7272727272727273,30.0,0.7857142857142857,55.0,0.3273809523809524
obs_noise,0.05,12,VAR-Lasso,1000,0.1,0.05,0.18,0.8066926575698505,0.8611111111111112,0.6481481481481481,38.0,0.8888888888888888,54.0,0.32142857142857145
obs_noise,0.05,12,DynVAR-Lasso,1000,0.1,0.05,0.18,0.8230994152046783,0.8666666666666667,0.6481481481481481,38.0,0.8611111111111112,54.0,0.32142857142857145
obs_noise,0.05,12,STCG-v1,1000,0.1,0.05,0.18,0.8071799870045484,0.8652777777777778,0.6666666666666666,36.0,0.8333333333333334,54.0,0.32142857142857145
obs_noise,0.05,13,VAR-Lasso,1000,0.1,0.05,0.18,0.7799373040752351,0.7837398373983739,0.6379310344827587,42.0,0.7804878048780488,58.0,0.34523809523809523
obs_noise,0.05,13,DynVAR-Lasso,1000,0.1,0.05,0.18,0.8054858934169279,0.848780487804878,0.6379310344827587,42.0,0.8536585365853658,58.0,0.34523809523809523
obs_noise,0.05,13,STCG-v1,1000,0.1,0.05,0.18,0.8186520376175549,0.7967479674796748,0.6551724137931034,40.0,0.8536585365853658,58.0,0.34523809523809523
obs_noise,0.05,14,VAR-Lasso,1000,0.1,0.05,0.18,0.7507127583749109,0.7074829931972789,0.5652173913043478,40.0,0.7142857142857143,46.0,0.27380952380952384
obs_noise,0.05,14,DynVAR-Lasso,1000,0.1,0.05,0.18,0.8480042765502495,0.763265306122449,0.6086956521739131,36.0,0.8571428571428571,46.0,0.27380952380952384
obs_noise,0.05,14,STCG-v1,1000,0.1,0.05,0.18,0.8351746258018532,0.7387755102040816,0.6304347826086957,34.0,0.8571428571428571,46.0,0.27380952380952384
obs_noise,0.05,15,VAR-Lasso,1000,0.1,0.05,0.18,0.7683535281539559,0.7916666666666666,0.6086956521739131,36.0,0.78125,46.0,0.27380952380952384
obs_noise,0.05,15,DynVAR-Lasso,1000,0.1,0.05,0.18,0.7761938702779758,0.8268229166666666,0.6521739130434783,32.0,0.6875,46.0,0.27380952380952384
obs_noise,0.05,15,STCG-v1,1000,0.1,0.05,0.18,0.7883107626514612,0.7942708333333334,0.6304347826086957,34.0,0.8125,46.0,0.27380952380952384
obs_noise,0.05,16,VAR-Lasso,1000,0.1,0.05,0.18,0.7167260843731432,0.8085867620751341,0.6212121212121212,50.0,0.6511627906976745,66.0,0.39285714285714285
obs_noise,0.05,16,DynVAR-Lasso,1000,0.1,0.05,0.18,0.7367795603089721,0.738819320214669,0.6060606060606061,52.0,0.7441860465116279,66.0,0.39285714285714285
obs_noise,0.05,16,STCG-v1,1000,0.1,0.05,0.18,0.7734699940582294,0.7728085867620751,0.6818181818181818,42.0,0.7674418604651163,66.0,0.39285714285714285
obs_noise,0.05,17,VAR-Lasso,1000,0.1,0.05,0.18,0.7688087774294671,0.8515625,0.603448275862069,46.0,0.8,58.0,0.34523809523809523
obs_noise,0.05,17,DynVAR-Lasso,1000,0.1,0.05,0.18,0.8061128526645768,0.9140625,0.6724137931034483,38.0,0.825,58.0,0.34523809523809523
obs_noise,0.05,17,STCG-v1,1000,0.1,0.05,0.18,0.8266457680250784,0.865625,0.7241379310344828,32.0,0.825,58.0,0.34523809523809523
obs_noise,0.05,18,VAR-Lasso,1000,0.1,0.05,0.18,0.8335769980506823,0.8596491228070176,0.6481481481481481,38.0,0.8421052631578947,54.0,0.32142857142857145
obs_noise,0.05,18,DynVAR-Lasso,1000,0.1,0.05,0.18,0.8460038986354775,0.8757309941520468,0.7037037037037037,32.0,0.7894736842105263,54.0,0.32142857142857145
obs_noise,0.05,18,STCG-v1,1000,0.1,0.05,0.18,0.8760558804418453,0.9298245614035088,0.7407407407407407,28.0,0.8947368421052632,54.0,0.32142857142857145
obs_noise,0.05,19,VAR-Lasso,1000,0.1,0.05,0.18,0.7589774802191114,0.8048780487804879,0.6290322580645161,46.0,0.7804878048780488,62.0,0.36904761904761907
obs_noise,0.05,19,DynVAR-Lasso,1000,0.1,0.05,0.18,0.8105599513085818,0.8,0.6451612903225806,44.0,0.8292682926829268,62.0,0.36904761904761907
obs_noise,0.05,19,STCG-v1,1000,0.1,0.05,0.18,0.8107121119902617,0.8130081300813008,0.6774193548387096,40.0,0.8536585365853658,62.0,0.36904761904761907
obs_noise,0.1,0,VAR-Lasso,1000,0.1,0.1,0.18,0.8345052306636941,0.8152777777777778,0.5918367346938775,40.0,0.7777777777777778,49.0,0.2916666666666667
obs_noise,0.1,0,DynVAR-Lasso,1000,0.1,0.1,0.18,0.8528554278854399,0.8972222222222223,0.6938775510204082,30.0,0.8333333333333334,49.0,0.2916666666666667
obs_noise,0.1,0,STCG-v1,1000,0.1,0.1,0.18,0.8974446921625793,0.9125,0.7142857142857143,28.0,0.8888888888888888,49.0,0.2916666666666667
obs_noise,0.1,1,VAR-Lasso,1000,0.1,0.1,0.18,0.7784275503573749,0.8406504065040651,0.6111111111111112,42.0,0.7804878048780488,54.0,0.32142857142857145
obs_noise,0.1,1,DynVAR-Lasso,1000,0.1,0.1,0.18,0.7577972709551657,0.8373983739837398,0.5555555555555556,48.0,0.7560975609756098,54.0,0.32142857142857145
obs_noise,0.1,1,STCG-v1,1000,0.1,0.1,0.18,0.7889863547758285,0.8666666666666667,0.6481481481481481,38.0,0.7804878048780488,54.0,0.32142857142857145
obs_noise,0.1,2,VAR-Lasso,1000,0.1,0.1,0.18,0.817473474801061,0.8828125,0.6346153846153846,38.0,0.75,52.0,0.30952380952380953
obs_noise,0.1,2,DynVAR-Lasso,1000,0.1,0.1,0.18,0.8300729442970822,0.9015625,0.6730769230769231,34.0,0.8,52.0,0.30952380952380953
obs_noise,0.1,2,STCG-v1,1000,0.1,0.1,0.18,0.8579244031830239,0.8859375,0.7307692307692307,28.0,0.8,52.0,0.30952380952380953
obs_noise,0.1,3,VAR-Lasso,1000,0.1,0.1,0.18,0.6918952045350084,0.7772108843537415,0.5737704918032787,52.0,0.7142857142857143,61.0,0.3630952380952381
obs_noise,0.1,3,DynVAR-Lasso,1000,0.1,0.1,0.18,0.7665083499310557,0.8367346938775511,0.6557377049180327,42.0,0.7619047619047619,61.0,0.3630952380952381
obs_noise,0.1,3,STCG-v1,1000,0.1,0.1,0.18,0.7666615596751953,0.8605442176870748,0.6557377049180327,42.0,0.7857142857142857,61.0,0.3630952380952381
obs_noise,0.1,4,VAR-Lasso,1000,0.1,0.1,0.18,0.865728077232502,0.8796747967479674,0.7272727272727273,30.0,0.8536585365853658,55.0,0.3273809523809524
obs_noise,0.1,4,DynVAR-Lasso,1000,0.1,0.1,0.18,0.8358809332260659,0.8878048780487805,0.7272727272727273,30.0,0.8536585365853658,55.0,0.3273809523809524
obs_noise,0.1,4,STCG-v1,1000,0.1,0.1,0.18,0.86532582461786,0.8845528455284553,0.7272727272727273,30.0,0.8536585365853658,55.0,0.3273809523809524
obs_noise,0.1,5,VAR-Lasso,1000,0.1,0.1,0.18,0.8196062346185398,0.881578947368421,0.6415094339622641,38.0,0.7631578947368421,53.0,0.31547619047619047
obs_noise,0.1,5,DynVAR-Lasso,1000,0.1,0.1,0.18,0.8206726825266611,0.8786549707602339,0.6981132075471698,32.0,0.7894736842105263,53.0,0.31547619047619047
obs_noise,0.1,5,STCG-v1,1000,0.1,0.1,0.18,0.8552912223133716,0.8991228070175439,0.6792452830188679,34.0,0.7894736842105263,53.0,0.31547619047619047
obs_noise,0.1,6,VAR-Lasso,1000,0.1,0.1,0.18,0.7863506771204561,0.7351778656126482,0.6304347826086957,34.0,0.7272727272727273,46.0,0.27380952380952384
obs_noise,0.1,6,DynVAR-Lasso,1000,0.1,0.1,0.18,0.7829650748396294,0.8010540184453228,0.6304347826086957,34.0,0.8484848484848485,46.0,0.27380952380952384
obs_noise,0.1,6,STCG-v1,1000,0.1,0.1,0.18,0.785103349964362,0.7602108036890646,0.6304347826086957,34.0,0.8181818181818182,46.0,0.27380952380952384
obs_noise,0.1,7,VAR-Lasso,1000,0.1,0.1,0.18,0.7644544997486173,0.8513888888888889,0.6666666666666666,34.0,0.6944444444444444,51.0,0.30357142857142855
obs_noise,0.1,7,DynVAR-Lasso,1000,0.1,0.1,0.18,0.7016926428691135,0.7722222222222223,0.5294117647058824,48.0,0.6388888888888888,51.0,0.30357142857142855
obs_noise,0.1,7,STCG-v1,1000,0.1,0.1,0.18,0.7001843472431708,0.7986111111111112,0.49019607843137253,52.0,0.6388888888888888,51.0,0.30357142857142855
obs_noise,0.1,8,VAR-Lasso,1000,0.1,0.1,0.18,0.7070532915360501,0.717948717948718,0.5344827586206896,54.0,0.7435897435897436,58.0,0.34523809523809523
obs_noise,0.1,8,DynVAR-Lasso,1000,0.1,0.1,0.18,0.7343260188087775,0.770739064856712,0.603448275862069,46.0,0.7692307692307693,58.0,0.34523809523809523
obs_noise,0.1,8,STCG-v1,1000,0.1,0.1,0.18,0.7493730407523511,0.8250377073906485,0.603448275862069,46.0,0.7692307692307693,58.0,0.34523809523809523
obs_noise,0.1,9,VAR-Lasso,1000,0.1,0.1,0.18,0.7056426332288401,0.7660818713450293,0.5344827586206896,54.0,0.6842105263157895,58.0,0.34523809523809523
obs_noise,0.1,9,DynVAR-Lasso,1000,0.1,0.1,0.18,0.7249216300940439,0.8011695906432749,0.603448275862069,46.0,0.7368421052631579,58.0,0.34523809523809523
obs_noise,0.1,9,STCG-v1,1000,0.1,0.1,0.18,0.7443573667711598,0.8128654970760234,0.603448275862069,46.0,0.7105263157894737,58.0,0.34523809523809523
obs_noise,0.1,10,VAR-Lasso,1000,0.1,0.1,0.18,0.8124692370795734,0.8245614035087719,0.6981132075471698,32.0,0.868421052631579,53.0,0.31547619047619047
obs_noise,0.1,10,DynVAR-Lasso,1000,0.1,0.1,0.18,0.7998359310910582,0.8216374269005848,0.660377358490566,36.0,0.8421052631578947,53.0,0.31547619047619047
obs_noise,0.1,10,STCG-v1,1000,0.1,0.1,0.18,0.8301886792452831,0.8596491228070176,0.6981132075471698,32.0,0.8421052631578947,53.0,0.31547619047619047
obs_noise,0.1,11,VAR-Lasso,1000,0.1,0.1,0.18,0.8176991150442477,0.7585034013605442,0.6727272727272727,36.0,0.8095238095238095,55.0,0.3273809523809524
obs_noise,0.1,11,DynVAR-Lasso,1000,0.1,0.1,0.18,0.7966210780370072,0.6904761904761905,0.6363636363636364,40.0,0.7619047619047619,55.0,0.3273809523809524
obs_noise,0.1,11,STCG-v1,1000,0.1,0.1,0.18,0.8194690265486726,0.8061224489795918,0.7090909090909091,32.0,0.7619047619047619,55.0,0.3273809523809524
obs_noise,0.1,12,VAR-Lasso,1000,0.1,0.1,0.18,0.799545159194282,0.8638888888888889,0.6481481481481481,38.0,0.8888888888888888,54.0,0.32142857142857145
obs_noise,0.1,12,DynVAR-Lasso,1000,0.1,0.1,0.18,0.821150097465887,0.8583333333333333,0.6666666666666666,36.0,0.8611111111111112,54.0,0.32142857142857145
obs_noise,0.1,12,STCG-v1,1000,0.1,0.1,0.18,0.8130279402209227,0.8708333333333333,0.6666666666666666,36.0,0.8333333333333334,54.0,0.32142857142857145
obs_noise,0.1,13,VAR-Lasso,1000,0.1,0.1,0.18,0.7741379310344828,0.7821138211382114,0.6379310344827587,42.0,0.7804878048780488,58.0,0.34523809523809523
obs_noise,0.1,13,DynVAR-Lasso,1000,0.1,0.1,0.18,0.8084639498432602,0.8406504065040651,0.6551724137931034,40.0,0.8536585365853658,58.0,0.34523809523809523
obs_noise,0.1,13,STCG-v1,1000,0.1,0.1,0.18,0.8238244514106583,0.8,0.6551724137931034,40.0,0.8536585365853658,58.0,0.34523809523809523
obs_noise,0.1,14,VAR-Lasso,1000,0.1,0.1,0.18,0.7528510334996437,0.710204081632653,0.5434782608695652,42.0,0.7142857142857143,46.0,0.27380952380952384
obs_noise,0.1,14,DynVAR-Lasso,1000,0.1,0.1,0.18,0.8474697077690663,0.746938775510204,0.6304347826086957,34.0,0.8571428571428571,46.0,0.27380952380952384
obs_noise,0.1,14,STCG-v1,1000,0.1,0.1,0.18,0.8373129009265858,0.7374149659863946,0.6304347826086957,34.0,0.8571428571428571,46.0,0.27380952380952384
obs_noise,0.1,15,VAR-Lasso,1000,0.1,0.1,0.18,0.7711154668567356,0.7955729166666666,0.6086956521739131,36.0,0.78125,46.0,0.27380952380952384
obs_noise,0.1,15,DynVAR-Lasso,1000,0.1,0.1,0.18,0.7710263720598717,0.8359375,0.6304347826086957,34.0,0.71875,46.0,0.27380952380952384
obs_noise,0.1,15,STCG-v1,1000,0.1,0.1,0.18,0.7794012829650748,0.79296875,0.6304347826086957,34.0,0.8125,46.0,0.27380952380952384
obs_noise,0.1,16,VAR-Lasso,1000,0.1,0.1,0.18,0.7186571598336304,0.8050089445438283,0.6212121212121212,50.0,0.6744186046511628,66.0,0.39285714285714285
obs_noise,0.1,16,DynVAR-Lasso,1000,0.1,0.1,0.18,0.732174688057041,0.7245080500894454,0.5909090909090909,54.0,0.7441860465116279,66.0,0.39285714285714285
obs_noise,0.1,16,STCG-v1,1000,0.1,0.1,0.18,0.7694592988710636,0.7620751341681574,0.6666666666666666,44.0,0.7674418604651163,66.0,0.39285714285714285
obs_noise,0.1,17,VAR-Lasso,1000,0.1,0.1,0.18,0.7717868338557994,0.846875,0.603448275862069,46.0,0.8,58.0,0.34523809523809523
obs_noise,0.1,17,DynVAR-Lasso,1000,0.1,0.1,0.18,0.8068965517241379,0.909375,0.6551724137931034,40.0,0.825,58.0,0.34523809523809523
obs_noise,0.1,17,STCG-v1,1000,0.1,0.1,0.18,0.8214733542319749,0.871875,0.7413793103448276,30.0,0.825,58.0,0.34523809523809523
obs_noise,0.1,18,VAR-Lasso,1000,0.1,0.1,0.18,0.8256985055230669,0.8625730994152047,0.6666666666666666,36.0,0.8157894736842105,54.0,0.32142857142857145
obs_noise,0.1,18,DynVAR-Lasso,1000,0.1,0.1,0.18,0.839993502274204,0.8698830409356725,0.6851851851851852,34.0,0.7894736842105263,54.0,0.32142857142857145
obs_noise,0.1,18,STCG-v1,1000,0.1,0.1,0.18,0.8654970760233918,0.9181286549707602,0.7222222222222222,30.0,0.8947368421052632,54.0,0.32142857142857145
obs_noise,0.1,19,VAR-Lasso,1000,0.1,0.1,0.18,0.7582927571515521,0.8065040650406504,0.6290322580645161,46.0,0.8048780487804879,62.0,0.36904761904761907
obs_noise,0.1,19,DynVAR-Lasso,1000,0.1,0.1,0.18,0.8066037735849056,0.7804878048780488,0.6451612903225806,44.0,0.8292682926829268,62.0,0.36904761904761907
obs_noise,0.1,19,STCG-v1,1000,0.1,0.1,0.18,0.8139074863055387,0.791869918699187,0.6935483870967742,38.0,0.8536585365853658,62.0,0.36904761904761907
obs_noise,0.2,0,VAR-Lasso,1000,0.1,0.2,0.18,0.8310752872577603,0.7944444444444444,0.6122448979591837,38.0,0.8888888888888888,49.0,0.2916666666666667
obs_noise,0.2,0,DynVAR-Lasso,1000,0.1,0.2,0.18,0.8406791287943749,0.8930555555555556,0.6530612244897959,34.0,0.8333333333333334,49.0,0.2916666666666667
obs_noise,0.2,0,STCG-v1,1000,0.1,0.2,0.18,0.8669181958497685,0.8680555555555556,0.673469387755102,32.0,0.8611111111111112,49.0,0.2916666666666667
obs_noise,0.2,1,VAR-Lasso,1000,0.1,0.2,0.18,0.7730669265756985,0.8439024390243902,0.5555555555555556,48.0,0.7804878048780488,54.0,0.32142857142857145
obs_noise,0.2,1,DynVAR-Lasso,1000,0.1,0.2,0.18,0.7524366471734892,0.8227642276422764,0.5555555555555556,48.0,0.7317073170731707,54.0,0.32142857142857145
obs_noise,0.2,1,STCG-v1,1000,0.1,0.2,0.18,0.785899935022742,0.8699186991869918,0.6481481481481481,38.0,0.7560975609756098,54.0,0.32142857142857145
obs_noise,0.2,2,VAR-Lasso,1000,0.1,0.2,0.18,0.7960875331564987,0.871875,0.6346153846153846,38.0,0.75,52.0,0.30952380952380953
obs_noise,0.2,2,DynVAR-Lasso,1000,0.1,0.2,0.18,0.8143236074270557,0.8578125,0.6538461538461539,36.0,0.775,52.0,0.30952380952380953
obs_noise,0.2,2,STCG-v1,1000,0.1,0.2,0.18,0.8446618037135278,0.8765625,0.6923076923076923,32.0,0.75,52.0,0.30952380952380953
obs_noise,0.2,3,VAR-Lasso,1000,0.1,0.2,0.18,0.6745825034472193,0.7653061224489796,0.5573770491803278,54.0,0.7142857142857143,61.0,0.3630952380952381
obs_noise,0.2,3,DynVAR-Lasso,1000,0.1,0.2,0.18,0.7553240386088556,0.8010204081632653,0.6229508196721312,46.0,0.7857142857142857,61.0,0.3630952380952381
obs_noise,0.2,3,STCG-v1,1000,0.1,0.2,0.18,0.7781522904856749,0.8401360544217688,0.6557377049180327,42.0,0.7857142857142857,61.0,0.3630952380952381
obs_noise,0.2,4,VAR-Lasso,1000,0.1,0.2,0.18,0.8720836685438456,0.8845528455284553,0.7272727272727273,30.0,0.8536585365853658,55.0,0.3273809523809524
obs_noise,0.2,4,DynVAR-Lasso,1000,0.1,0.2,0.18,0.8337892196299276,0.8666666666666667,0.7090909090909091,32.0,0.8048780487804879,55.0,0.3273809523809524
obs_noise,0.2,4,STCG-v1,1000,0.1,0.2,0.18,0.8640386162510056,0.8715447154471545,0.7272727272727273,30.0,0.9024390243902439,55.0,0.3273809523809524
obs_noise,0.2,5,VAR-Lasso,1000,0.1,0.2,0.18,0.8098441345365053,0.8830409356725146,0.660377358490566,36.0,0.7631578947368421,53.0,0.31547619047619047
obs_noise,0.2,5,DynVAR-Lasso,1000,0.1,0.2,0.18,0.8152584085315833,0.8801169590643275,0.6792452830188679,34.0,0.7894736842105263,53.0,0.31547619047619047
obs_noise,0.2,5,STCG-v1,1000,0.1,0.2,0.18,0.8515176374077112,0.9078947368421053,0.660377358490566,36.0,0.7894736842105263,53.0,0.31547619047619047
obs_noise,0.2,6,VAR-Lasso,1000,0.1,0.2,0.18,0.7888453314326443,0.7444005270092227,0.6086956521739131,36.0,0.7272727272727273,46.0,0.27380952380952384
obs_noise,0.2,6,DynVAR-Lasso,1000,0.1,0.2,0.18,0.7712045616535994,0.782608695652174,0.6304347826086957,34.0,0.8181818181818182,46.0,0.27380952380952384
obs_noise,0.2,6,STCG-v1,1000,0.1,0.2,0.18,0.7817177476835353,0.7747035573122529,0.6304347826086957,34.0,0.8181818181818182,46.0,0.27380952380952384
obs_noise,0.2,7,VAR-Lasso,1000,0.1,0.2,0.18,0.7515501927266633,0.8708333333333333,0.6666666666666666,34.0,0.6944444444444444,51.0,0.30357142857142855
obs_noise,0.2,7,DynVAR-Lasso,1000,0.1,0.2,0.18,0.6988436400201106,0.7597222222222222,0.5294117647058824,48.0,0.6388888888888888,51.0,0.30357142857142855
obs_noise,0.2,7,STCG-v1,1000,0.1,0.2,0.18,0.7077258253728842,0.8222222222222222,0.5098039215686274,50.0,0.6388888888888888,51.0,0.30357142857142855
obs_noise,0.2,8,VAR-Lasso,1000,0.1,0.2,0.18,0.6971003134796239,0.7073906485671192,0.5344827586206896,54.0,0.7692307692307693,58.0,0.34523809523809523
obs_noise,0.2,8,DynVAR-Lasso,1000,0.1,0.2,0.18,0.7170846394984326,0.7616892911010558,0.6206896551724138,44.0,0.7435897435897436,58.0,0.34523809523809523
obs_noise,0.2,8,STCG-v1,1000,0.1,0.2,0.18,0.7537617554858934,0.7918552036199095,0.6206896551724138,44.0,0.7948717948717948,58.0,0.34523809523809523
obs_noise,0.2,9,VAR-Lasso,1000,0.1,0.2,0.18,0.7004702194357367,0.7719298245614035,0.5689655172413793,50.0,0.631578947368421,58.0,0.34523809523809523
obs_noise,0.2,9,DynVAR-Lasso,1000,0.1,0.2,0.18,0.7018808777429467,0.8011695906432749,0.5517241379310345,52.0,0.7105263157894737,58.0,0.34523809523809523
obs_noise,0.2,9,STCG-v1,1000,0.1,0.2,0.18,0.7330721003134796,0.8084795321637427,0.603448275862069,46.0,0.7105263157894737,58.0,0.34523809523809523
obs_noise,0.2,10,VAR-Lasso,1000,0.1,0.2,0.18,0.8113207547169812,0.8347953216374269,0.6981132075471698,32.0,0.8421052631578947,53.0,0.31547619047619047
obs_noise,0.2,10,DynVAR-Lasso,1000,0.1,0.2,0.18,0.8045939294503691,0.8377192982456141,0.660377358490566,36.0,0.8947368421052632,53.0,0.31547619047619047
obs_noise,0.2,10,STCG-v1,1000,0.1,0.2,0.18,0.8244462674323215,0.8567251461988304,0.660377358490566,36.0,0.8421052631578947,53.0,0.31547619047619047
obs_noise,0.2,11,VAR-Lasso,1000,0.1,0.2,0.18,0.8108608205953338,0.7261904761904762,0.6909090909090909,34.0,0.8095238095238095,55.0,0.3273809523809524
obs_noise,0.2,11,DynVAR-Lasso,1000,0.1,0.2,0.18,0.7882542236524538,0.6870748299319728,0.6909090909090909,34.0,0.7380952380952381,55.0,0.3273809523809524
obs_noise,0.2,11,STCG-v1,1000,0.1,0.2,0.18,0.8096540627514078,0.7857142857142857,0.6909090909090909,34.0,0.7380952380952381,55.0,0.3273809523809524
obs_noise,0.2,12,VAR-Lasso,1000,0.1,0.2,0.18,0.7857374918778428,0.8625,0.6481481481481481,38.0,0.8611111111111112,54.0,0.32142857142857145
obs_noise,0.2,12,DynVAR-Lasso,1000,0.1,0.2,0.18,0.8200129954515919,0.8708333333333333,0.6851851851851852,34.0,0.8888888888888888,54.0,0.32142857142857145
obs_noise,0.2,12,STCG-v1,1000,0.1,0.2,0.18,0.8117283950617284,0.8569444444444444,0.6666666666666666,36.0,0.8611111111111112,54.0,0.32142857142857145
obs_noise,0.2,13,VAR-Lasso,1000,0.1,0.2,0.18,0.7633228840125392,0.7626016260162601,0.6206896551724138,44.0,0.7317073170731707,58.0,0.34523809523809523
obs_noise,0.2,13,DynVAR-Lasso,1000,0.1,0.2,0.18,0.8084639498432602,0.816260162601626,0.6379310344827587,42.0,0.8536585365853658,58.0,0.34523809523809523
obs_noise,0.2,13,STCG-v1,1000,0.1,0.2,0.18,0.8286833855799373,0.8016260162601626,0.6551724137931034,40.0,0.8536585365853658,58.0,0.34523809523809523
obs_noise,0.2,14,VAR-Lasso,1000,0.1,0.2,0.18,0.7542765502494654,0.708843537414966,0.5434782608695652,42.0,0.7714285714285715,46.0,0.27380952380952384
obs_noise,0.2,14,DynVAR-Lasso,1000,0.1,0.2,0.18,0.844440484675695,0.7414965986394558,0.5869565217391305,38.0,0.8285714285714286,46.0,0.27380952380952384
obs_noise,0.2,14,STCG-v1,1000,0.1,0.2,0.18,0.8385602280826799,0.745578231292517,0.6521739130434783,32.0,0.8,46.0,0.27380952380952384
obs_noise,0.2,15,VAR-Lasso,1000,0.1,0.2,0.18,0.7608695652173914,0.77734375,0.5869565217391305,38.0,0.71875,46.0,0.27380952380952384
obs_noise,0.2,15,DynVAR-Lasso,1000,0.1,0.2,0.18,0.7548111190306486,0.8385416666666666,0.5869565217391305,38.0,0.71875,46.0,0.27380952380952384
obs_noise,0.2,15,STCG-v1,1000,0.1,0.2,0.18,0.7617605131860299,0.79296875,0.6086956521739131,36.0,0.75,46.0,0.27380952380952384
obs_noise,0.2,16,VAR-Lasso,1000,0.1,0.2,0.18,0.7096702317290553,0.7656529516994633,0.5909090909090909,54.0,0.6744186046511628,66.0,0.39285714285714285
obs_noise,0.2,16,DynVAR-Lasso,1000,0.1,0.2,0.18,0.7263814616755794,0.6976744186046512,0.6212121212121212,50.0,0.7441860465116279,66.0,0.39285714285714285
obs_noise,0.2,16,STCG-v1,1000,0.1,0.2,0.18,0.7572786690433749,0.7352415026833632,0.6060606060606061,52.0,0.7674418604651163,66.0,0.39285714285714285
obs_noise,0.2,17,VAR-Lasso,1000,0.1,0.2,0.18,0.7669278996865204,0.821875,0.603448275862069,46.0,0.8,58.0,0.34523809523809523
obs_noise,0.2,17,DynVAR-Lasso,1000,0.1,0.2,0.18,0.8068965517241379,0.90625,0.6551724137931034,40.0,0.8,58.0,0.34523809523809523
obs_noise,0.2,17,STCG-v1,1000,0.1,0.2,0.18,0.8219435736677116,0.9296875,0.7068965517241379,34.0,0.8,58.0,0.34523809523809523
obs_noise,0.2,18,VAR-Lasso,1000,0.1,0.2,0.18,0.8027128005198181,0.8698830409356725,0.6666666666666666,36.0,0.8157894736842105,54.0,0.32142857142857145
obs_noise,0.2,18,DynVAR-Lasso,1000,0.1,0.2,0.18,0.825211176088369,0.8391812865497076,0.6666666666666666,36.0,0.8157894736842105,54.0,0.32142857142857145
obs_noise,0.2,18,STCG-v1,1000,0.1,0.2,0.18,0.8505523066926576,0.9064327485380117,0.7037037037037037,32.0,0.8421052631578947,54.0,0.32142857142857145
obs_noise,0.2,19,VAR-Lasso,1000,0.1,0.2,0.18,0.7548691418137553,0.7983739837398374,0.6451612903225806,44.0,0.8048780487804879,62.0,0.36904761904761907
obs_noise,0.2,19,DynVAR-Lasso,1000,0.1,0.2,0.18,0.7973219720024346,0.7479674796747967,0.6935483870967742,38.0,0.7804878048780488,62.0,0.36904761904761907
obs_noise,0.2,19,STCG-v1,1000,0.1,0.2,0.18,0.8081253804017042,0.7804878048780488,0.6935483870967742,38.0,0.8292682926829268,62.0,0.36904761904761907
timesteps,300,0,VAR-Lasso,300,0.1,0.0,0.18,0.6755273537986624,0.8055555555555556,0.40816326530612246,58.0,0.5833333333333334,49.0,0.2916666666666667
timesteps,300,0,DynVAR-Lasso,300,0.1,0.0,0.18,0.6674669867947179,0.5833333333333334,0.4897959183673469,50.0,0.6111111111111112,49.0,0.2916666666666667
timesteps,300,0,STCG-v1,300,0.1,0.0,0.18,0.6708969302006517,0.6083333333333333,0.42857142857142855,56.0,0.5833333333333334,49.0,0.2916666666666667
timesteps,300,1,VAR-Lasso,300,0.1,0.0,0.18,0.6400259909031839,0.5414634146341464,0.4074074074074074,64.0,0.5609756097560976,54.0,0.32142857142857145
timesteps,300,1,DynVAR-Lasso,300,0.1,0.0,0.18,0.6757634827810266,0.6520325203252032,0.5370370370370371,50.0,0.6341463414634146,54.0,0.32142857142857145
timesteps,300,1,STCG-v1,300,0.1,0.0,0.18,0.6642300194931774,0.6699186991869919,0.5,54.0,0.6585365853658537,54.0,0.32142857142857145
timesteps,300,2,VAR-Lasso,300,0.1,0.0,0.18,0.687251326259947,0.7828125,0.4423076923076923,58.0,0.575,52.0,0.30952380952380953
timesteps,300,2,DynVAR-Lasso,300,0.1,0.0,0.18,0.684184350132626,0.696875,0.46153846153846156,56.0,0.6,52.0,0.30952380952380953
timesteps,300,2,STCG-v1,300,0.1,0.0,0.18,0.6647877984084881,0.6578125,0.46153846153846156,56.0,0.55,52.0,0.30952380952380953
timesteps,300,3,VAR-Lasso,300,0.1,0.0,0.18,0.5183851692967673,0.5102040816326531,0.4098360655737705,72.0,0.5952380952380952,61.0,0.3630952380952381
timesteps,300,3,DynVAR-Lasso,300,0.1,0.0,0.18,0.610694040140953,0.5782312925170068,0.47540983606557374,64.0,0.5952380952380952,61.0,0.3630952380952381
timesteps,300,3,STCG-v1,300,0.1,0.0,0.18,0.610694040140953,0.6054421768707483,0.4918032786885246,62.0,0.6428571428571429,61.0,0.3630952380952381
timesteps,300,4,VAR-Lasso,300,0.1,0.0,0.18,0.7090909090909091,0.7268292682926829,0.4909090909090909,56.0,0.7073170731707317,55.0,0.3273809523809524
timesteps,300,4,DynVAR-Lasso,300,0.1,0.0,0.18,0.6596942880128721,0.6308943089430894,0.4909090909090909,56.0,0.6585365853658537,55.0,0.3273809523809524
timesteps,300,4,STCG-v1,300,0.1,0.0,0.18,0.6300884955752213,0.6455284552845528,0.43636363636363634,62.0,0.6341463414634146,55.0,0.3273809523809524
timesteps,300,5,VAR-Lasso,300,0.1,0.0,0.18,0.6735028712059065,0.7456140350877193,0.5283018867924528,50.0,0.6578947368421053,53.0,0.31547619047619047
timesteps,300,5,DynVAR-Lasso,300,0.1,0.0,0.18,0.6579163248564397,0.6915204678362573,0.5094339622641509,52.0,0.7105263157894737,53.0,0.31547619047619047
timesteps,300,5,STCG-v1,300,0.1,0.0,0.18,0.6498769483182937,0.6622807017543859,0.5094339622641509,52.0,0.6842105263157895,53.0,0.31547619047619047
timesteps,300,6,VAR-Lasso,300,0.1,0.0,0.18,0.6519066286528866,0.6179183135704874,0.391304347826087,56.0,0.696969696969697,46.0,0.27380952380952384
timesteps,300,6,DynVAR-Lasso,300,0.1,0.0,0.18,0.6519957234497505,0.6310935441370223,0.4782608695652174,48.0,0.696969696969697,46.0,0.27380952380952384
timesteps,300,6,STCG-v1,300,0.1,0.0,0.18,0.6715965787598004,0.5704874835309618,0.43478260869565216,52.0,0.6363636363636364,46.0,0.27380952380952384
timesteps,300,7,VAR-Lasso,300,0.1,0.0,0.18,0.5751633986928104,0.4652777777777778,0.37254901960784315,64.0,0.6111111111111112,51.0,0.30357142857142855
timesteps,300,7,DynVAR-Lasso,300,0.1,0.0,0.18,0.587229763700352,0.6583333333333333,0.37254901960784315,64.0,0.5277777777777778,51.0,0.30357142857142855
timesteps,300,7,STCG-v1,300,0.1,0.0,0.18,0.57181163063516,0.5875,0.37254901960784315,64.0,0.5,51.0,0.30357142857142855
timesteps,300,8,VAR-Lasso,300,0.1,0.0,0.18,0.7100313479623824,0.5852187028657617,0.5344827586206896,54.0,0.7948717948717948,58.0,0.34523809523809523
timesteps,300,8,DynVAR-Lasso,300,0.1,0.0,0.18,0.664576802507837,0.6289592760180995,0.46551724137931033,62.0,0.6666666666666666,58.0,0.34523809523809523
timesteps,300,8,STCG-v1,300,0.1,0.0,0.18,0.6926332288401253,0.6485671191553545,0.5172413793103449,56.0,0.7435897435897436,58.0,0.34523809523809523
timesteps,300,9,VAR-Lasso,300,0.1,0.0,0.18,0.6615987460815047,0.6403508771929824,0.5172413793103449,56.0,0.631578947368421,58.0,0.34523809523809523
timesteps,300,9,DynVAR-Lasso,300,0.1,0.0,0.18,0.6012539184952979,0.6739766081871345,0.43103448275862066,66.0,0.5263157894736842,58.0,0.34523809523809523
timesteps,300,9,STCG-v1,300,0.1,0.0,0.18,0.6158307210031349,0.6067251461988304,0.46551724137931033,62.0,0.631578947368421,58.0,0.34523809523809523
timesteps,300,10,VAR-Lasso,300,0.1,0.0,0.18,0.6800656275635767,0.6578947368421053,0.4716981132075472,56.0,0.631578947368421,53.0,0.31547619047619047
timesteps,300,10,DynVAR-Lasso,300,0.1,0.0,0.18,0.6067268252666119,0.7236842105263158,0.4528301886792453,58.0,0.5526315789473685,53.0,0.31547619047619047
timesteps,300,10,STCG-v1,300,0.1,0.0,0.18,0.6121410992616899,0.6739766081871345,0.4528301886792453,58.0,0.631578947368421,53.0,0.31547619047619047
timesteps,300,11,VAR-Lasso,300,0.1,0.0,0.18,0.7021721641190668,0.6870748299319728,0.5636363636363636,48.0,0.5952380952380952,55.0,0.3273809523809524
timesteps,300,11,DynVAR-Lasso,300,0.1,0.0,0.18,0.7420756234915526,0.5952380952380952,0.5636363636363636,48.0,0.7619047619047619,55.0,0.3273809523809524
timesteps,300,11,STCG-v1,300,0.1,0.0,0.18,0.7255028157683024,0.5952380952380952,0.5272727272727272,52.0,0.7857142857142857,55.0,0.3273809523809524
timesteps,300,12,VAR-Lasso,300,0.1,0.0,0.18,0.7063027940220923,0.7638888888888888,0.5370370370370371,50.0,0.75,54.0,0.32142857142857145
timesteps,300,12,DynVAR-Lasso,300,0.1,0.0,0.18,0.6933073424301495,0.8069444444444445,0.5370370370370371,50.0,0.6944444444444444,54.0,0.32142857142857145
timesteps,300,12,STCG-v1,300,0.1,0.0,0.18,0.6684535412605588,0.7916666666666666,0.5185185185185185,52.0,0.6666666666666666,54.0,0.32142857142857145
timesteps,300,13,VAR-Lasso,300,0.1,0.0,0.18,0.6761755485893417,0.5934959349593496,0.5172413793103449,56.0,0.6829268292682927,58.0,0.34523809523809523
timesteps,300,13,DynVAR-Lasso,300,0.1,0.0,0.18,0.6802507836990596,0.6715447154471544,0.5689655172413793,50.0,0.7317073170731707,58.0,0.34523809523809523
timesteps,300,13,STCG-v1,300,0.1,0.0,0.18,0.6910658307210031,0.6829268292682927,0.5517241379310345,52.0,0.6829268292682927,58.0,0.34523809523809523
timesteps,300,14,VAR-Lasso,300,0.1,0.0,0.18,0.6331076265146115,0.6448979591836734,0.391304347826087,56.0,0.5714285714285714,46.0,0.27380952380952384
timesteps,300,14,DynVAR-Lasso,300,0.1,0.0,0.18,0.6439771917320029,0.6530612244897959,0.43478260869565216,52.0,0.5714285714285714,46.0,0.27380952380952384
timesteps,300,14,STCG-v1,300,0.1,0.0,0.18,0.6589451176051319,0.5972789115646259,0.43478260869565216,52.0,0.5428571428571428,46.0,0.27380952380952384
timesteps,300,15,VAR-Lasso,300,0.1,0.0,0.18,0.7032252316464719,0.77734375,0.5,46.0,0.6875,46.0,0.27380952380952384
timesteps,300,15,DynVAR-Lasso,300,0.1,0.0,0.18,0.7166785459729151,0.7565104166666666,0.4782608695652174,48.0,0.8125,46.0,0.27380952380952384
timesteps,300,15,STCG-v1,300,0.1,0.0,0.18,0.7047398431931575,0.69921875,0.45652173913043476,50.0,0.78125,46.0,0.27380952380952384
timesteps,300,16,VAR-Lasso,300,0.1,0.0,0.18,0.6216577540106952,0.6762075134168157,0.5151515151515151,64.0,0.6976744186046512,66.0,0.39285714285714285
timesteps,300,16,DynVAR-Lasso,300,0.1,0.0,0.18,0.6203208556149733,0.5617173524150268,0.48484848484848486,68.0,0.5116279069767442,66.0,0.39285714285714285
timesteps,300,16,STCG-v1,300,0.1,0.0,0.18,0.6221033868092691,0.5992844364937389,0.5151515151515151,64.0,0.627906976744186,66.0,0.39285714285714285
timesteps,300,17,VAR-Lasso,300,0.1,0.0,0.18,0.6233542319749217,0.7125,0.4482758620689655,64.0,0.55,58.0,0.34523809523809523
timesteps,300,17,DynVAR-Lasso,300,0.1,0.0,0.18,0.6658307210031348,0.6796875,0.5,58.0,0.6,58.0,0.34523809523809523
timesteps,300,17,STCG-v1,300,0.1,0.0,0.18,0.658307210031348,0.6921875,0.43103448275862066,66.0,0.55,58.0,0.34523809523809523
timesteps,300,18,VAR-Lasso,300,0.1,0.0,0.18,0.7079272254710851,0.7529239766081871,0.5370370370370371,50.0,0.6578947368421053,54.0,0.32142857142857145
timesteps,300,18,DynVAR-Lasso,300,0.1,0.0,0.18,0.7293697205977908,0.7280701754385965,0.5740740740740741,46.0,0.6578947368421053,54.0,0.32142857142857145
timesteps,300,18,STCG-v1,300,0.1,0.0,0.18,0.74545159194282,0.7923976608187134,0.5555555555555556,48.0,0.6842105263157895,54.0,0.32142857142857145
timesteps,300,19,VAR-Lasso,300,0.1,0.0,0.18,0.6579427875836884,0.6195121951219512,0.5,62.0,0.6829268292682927,62.0,0.36904761904761907
timesteps,300,19,DynVAR-Lasso,300,0.1,0.0,0.18,0.6692026780279976,0.591869918699187,0.532258064516129,58.0,0.7073170731707317,62.0,0.36904761904761907
timesteps,300,19,STCG-v1,300,0.1,0.0,0.18,0.6806147291539866,0.5804878048780487,0.5483870967741935,56.0,0.7317073170731707,62.0,0.36904761904761907
timesteps,600,0,VAR-Lasso,600,0.1,0.0,0.18,0.7581889898816669,0.7486111111111111,0.5918367346938775,40.0,0.7777777777777778,49.0,0.2916666666666667
timesteps,600,0,DynVAR-Lasso,600,0.1,0.0,0.18,0.811867604184531,0.75,0.6530612244897959,34.0,0.8055555555555556,49.0,0.2916666666666667
timesteps,600,0,STCG-v1,600,0.1,0.0,0.18,0.7695078031212484,0.6888888888888889,0.5306122448979592,46.0,0.7777777777777778,49.0,0.2916666666666667
timesteps,600,1,VAR-Lasso,600,0.1,0.0,0.18,0.6957439896036387,0.8048780487804879,0.5555555555555556,48.0,0.7317073170731707,54.0,0.32142857142857145
timesteps,600,1,DynVAR-Lasso,600,0.1,0.0,0.18,0.7551981806367771,0.8943089430894309,0.6111111111111112,42.0,0.7560975609756098,54.0,0.32142857142857145
timesteps,600,1,STCG-v1,600,0.1,0.0,0.18,0.7564977257959714,0.8747967479674796,0.6111111111111112,42.0,0.6585365853658537,54.0,0.32142857142857145
timesteps,600,2,VAR-Lasso,600,0.1,0.0,0.18,0.7522380636604774,0.784375,0.5576923076923077,46.0,0.7,52.0,0.30952380952380953
timesteps,600,2,DynVAR-Lasso,600,0.1,0.0,0.18,0.8194628647214854,0.7640625,0.5961538461538461,42.0,0.75,52.0,0.30952380952380953
timesteps,600,2,STCG-v1,600,0.1,0.0,0.18,0.8322281167108754,0.809375,0.6346153846153846,38.0,0.8,52.0,0.30952380952380953
timesteps,600,3,VAR-Lasso,600,0.1,0.0,0.18,0.5985904703539145,0.7840136054421769,0.47540983606557374,64.0,0.5,61.0,0.3630952380952381
timesteps,600,3,DynVAR-Lasso,600,0.1,0.0,0.18,0.7029263061130688,0.8163265306122449,0.5409836065573771,56.0,0.6666666666666666,61.0,0.3630952380952381
timesteps,600,3,STCG-v1,600,0.1,0.0,0.18,0.6915887850467289,0.8095238095238095,0.5081967213114754,60.0,0.6666666666666666,61.0,0.3630952380952381
timesteps,600,4,VAR-Lasso,600,0.1,0.0,0.18,0.7279967819790829,0.6292682926829268,0.6,44.0,0.7560975609756098,55.0,0.3273809523809524
timesteps,600,4,DynVAR-Lasso,600,0.1,0.0,0.18,0.7145615446500402,0.7284552845528456,0.6,44.0,0.8048780487804879,55.0,0.3273809523809524
timesteps,600,4,STCG-v1,600,0.1,0.0,0.18,0.7105390185036202,0.6764227642276422,0.5454545454545454,50.0,0.7560975609756098,55.0,0.3273809523809524
timesteps,600,5,VAR-Lasso,600,0.1,0.0,0.18,0.7515996718621821,0.8494152046783626,0.5849056603773585,44.0,0.8157894736842105,53.0,0.31547619047619047
timesteps,600,5,DynVAR-Lasso,600,0.1,0.0,0.18,0.7794913863822805,0.8435672514619883,0.5660377358490566,46.0,0.8421052631578947,53.0,0.31547619047619047
timesteps,600,5,STCG-v1,600,0.1,0.0,0.18,0.7794913863822805,0.8640350877192983,0.6226415094339622,40.0,0.7894736842105263,53.0,0.31547619047619047
timesteps,600,6,VAR-Lasso,600,0.1,0.0,0.18,0.724607982893799,0.6574440052700923,0.5217391304347826,44.0,0.6363636363636364,46.0,0.27380952380952384
timesteps,600,6,DynVAR-Lasso,600,0.1,0.0,0.18,0.7018888096935139,0.766798418972332,0.5217391304347826,44.0,0.6060606060606061,46.0,0.27380952380952384
timesteps,600,6,STCG-v1,600,0.1,0.0,0.18,0.7017106200997861,0.6548089591567853,0.4782608695652174,48.0,0.6060606060606061,46.0,0.27380952380952384
timesteps,600,7,VAR-Lasso,600,0.1,0.0,0.18,0.6618903971845148,0.6736111111111112,0.45098039215686275,56.0,0.5833333333333334,51.0,0.30357142857142855
timesteps,600,7,DynVAR-Lasso,600,0.1,0.0,0.18,0.6864420982068041,0.6125,0.47058823529411764,54.0,0.8055555555555556,51.0,0.30357142857142855
timesteps,600,7,STCG-v1,600,0.1,0.0,0.18,0.6783978548684431,0.6444444444444445,0.45098039215686275,56.0,0.75,51.0,0.30357142857142855
timesteps,600,8,VAR-Lasso,600,0.1,0.0,0.18,0.6836990595611285,0.6862745098039216,0.5172413793103449,56.0,0.7692307692307693,58.0,0.34523809523809523
timesteps,600,8,DynVAR-Lasso,600,0.1,0.0,0.18,0.7532915360501568,0.6546003016591252,0.5689655172413793,50.0,0.717948717948718,58.0,0.34523809523809523
timesteps,600,8,STCG-v1,600,0.1,0.0,0.18,0.7816614420062696,0.6772247360482655,0.6379310344827587,42.0,0.8205128205128205,58.0,0.34523809523809523
timesteps,600,9,VAR-Lasso,600,0.1,0.0,0.18,0.6917711598746081,0.7967836257309941,0.5344827586206896,54.0,0.7368421052631579,58.0,0.34523809523809523
timesteps,600,9,DynVAR-Lasso,600,0.1,0.0,0.18,0.7217868338557993,0.8157894736842105,0.6206896551724138,44.0,0.7894736842105263,58.0,0.34523809523809523
timesteps,600,9,STCG-v1,600,0.1,0.0,0.18,0.7087774294670847,0.7777777777777778,0.5862068965517241,48.0,0.7368421052631579,58.0,0.34523809523809523
timesteps,600,10,VAR-Lasso,600,0.1,0.0,0.18,0.6641509433962264,0.7982456140350878,0.5094339622641509,52.0,0.7105263157894737,53.0,0.31547619047619047
timesteps,600,10,DynVAR-Lasso,600,0.1,0.0,0.18,0.7199343724364233,0.7953216374269005,0.5471698113207547,48.0,0.7105263157894737,53.0,0.31547619047619047
timesteps,600,10,STCG-v1,600,0.1,0.0,0.18,0.7243642329778507,0.8581871345029239,0.5283018867924528,50.0,0.7368421052631579,53.0,0.31547619047619047
timesteps,600,11,VAR-Lasso,600,0.1,0.0,0.18,0.7115044247787611,0.6751700680272109,0.509090909090909,54.0,0.6190476190476191,55.0,0.3273809523809524
timesteps,600,11,DynVAR-Lasso,600,0.1,0.0,0.18,0.7367658889782783,0.7023809523809523,0.5454545454545454,50.0,0.8095238095238095,55.0,0.3273809523809524
timesteps,600,11,STCG-v1,600,0.1,0.0,0.18,0.731456154465004,0.7363945578231292,0.5636363636363636,48.0,0.7380952380952381,55.0,0.3273809523809524
timesteps,600,12,VAR-Lasso,600,0.1,0.0,0.18,0.7826510721247564,0.7972222222222223,0.5555555555555556,48.0,0.8055555555555556,54.0,0.32142857142857145
timesteps,600,12,DynVAR-Lasso,600,0.1,0.0,0.18,0.7714424951267057,0.8291666666666667,0.6111111111111112,42.0,0.8333333333333334,54.0,0.32142857142857145
timesteps,600,12,STCG-v1,600,0.1,0.0,0.18,0.7732293697205977,0.8208333333333333,0.6111111111111112,42.0,0.75,54.0,0.32142857142857145
timesteps,600,13,VAR-Lasso,600,0.1,0.0,0.18,0.7191222570532916,0.6308943089430894,0.5689655172413793,50.0,0.6585365853658537,58.0,0.34523809523809523
timesteps,600,13,DynVAR-Lasso,600,0.1,0.0,0.18,0.7601880877742947,0.7495934959349594,0.5862068965517241,48.0,0.7560975609756098,58.0,0.34523809523809523
timesteps,600,13,STCG-v1,600,0.1,0.0,0.18,0.7452978056426333,0.7073170731707317,0.5862068965517241,48.0,0.7560975609756098,58.0,0.34523809523809523
timesteps,600,14,VAR-Lasso,600,0.1,0.0,0.18,0.6769422665716323,0.6843537414965987,0.391304347826087,56.0,0.6,46.0,0.27380952380952384
timesteps,600,14,DynVAR-Lasso,600,0.1,0.0,0.18,0.740199572344975,0.8272108843537415,0.5652173913043478,40.0,0.6571428571428571,46.0,0.27380952380952384
timesteps,600,14,STCG-v1,600,0.1,0.0,0.18,0.7432287954383464,0.8625850340136054,0.5,46.0,0.6,46.0,0.27380952380952384
timesteps,600,15,VAR-Lasso,600,0.1,0.0,0.18,0.7159657875980042,0.7591145833333334,0.5434782608695652,42.0,0.71875,46.0,0.27380952380952384
timesteps,600,15,DynVAR-Lasso,600,0.1,0.0,0.18,0.7501781895937277,0.73828125,0.5652173913043478,40.0,0.78125,46.0,0.27380952380952384
timesteps,600,15,STCG-v1,600,0.1,0.0,0.18,0.7409123307198859,0.7291666666666666,0.5434782608695652,42.0,0.78125,46.0,0.27380952380952384
timesteps,600,16,VAR-Lasso,600,0.1,0.0,0.18,0.6773618538324421,0.7191413237924866,0.5454545454545454,60.0,0.7209302325581395,66.0,0.39285714285714285
timesteps,600,16,DynVAR-Lasso,600,0.1,0.0,0.18,0.7685680332739157,0.7871198568872988,0.696969696969697,40.0,0.7906976744186046,66.0,0.39285714285714285
timesteps,600,16,STCG-v1,600,0.1,0.0,0.18,0.7415329768270945,0.7978533094812165,0.6363636363636364,48.0,0.7674418604651163,66.0,0.39285714285714285
timesteps,600,17,VAR-Lasso,600,0.1,0.0,0.18,0.6957680250783699,0.8515625,0.5517241379310345,52.0,0.75,58.0,0.34523809523809523
timesteps,600,17,DynVAR-Lasso,600,0.1,0.0,0.18,0.7664576802507836,0.8171875,0.5862068965517241,48.0,0.8,58.0,0.34523809523809523
timesteps,600,17,STCG-v1,600,0.1,0.0,0.18,0.7811912225705329,0.859375,0.6379310344827587,42.0,0.825,58.0,0.34523809523809523
timesteps,600,18,VAR-Lasso,600,0.1,0.0,0.18,0.789311241065627,0.7909356725146199,0.5740740740740741,46.0,0.8421052631578947,54.0,0.32142857142857145
timesteps,600,18,DynVAR-Lasso,600,0.1,0.0,0.18,0.7425276153346329,0.7441520467836257,0.5740740740740741,46.0,0.7631578947368421,54.0,0.32142857142857145
timesteps,600,18,STCG-v1,600,0.1,0.0,0.18,0.7698180636777128,0.7236842105263158,0.5925925925925926,44.0,0.7631578947368421,54.0,0.32142857142857145
timesteps,600,19,VAR-Lasso,600,0.1,0.0,0.18,0.7096013390139988,0.6585365853658537,0.5645161290322581,54.0,0.7317073170731707,62.0,0.36904761904761907
timesteps,600,19,DynVAR-Lasso,600,0.1,0.0,0.18,0.7560864272671941,0.7707317073170732,0.5967741935483871,50.0,0.7317073170731707,62.0,0.36904761904761907
timesteps,600,19,STCG-v1,600,0.1,0.0,0.18,0.7554777845404748,0.7528455284552845,0.5806451612903226,52.0,0.7804878048780488,62.0,0.36904761904761907
timesteps,1000,0,VAR-Lasso,1000,0.1,0.0,0.18,0.8278168410221232,0.8375,0.6326530612244898,36.0,0.7777777777777778,49.0,0.2916666666666667
timesteps,1000,0,DynVAR-Lasso,1000,0.1,0.0,0.18,0.8626307665923513,0.8875,0.6938775510204082,30.0,0.8333333333333334,49.0,0.2916666666666667
timesteps,1000,0,STCG-v1,1000,0.1,0.0,0.18,0.9037900874635568,0.9305555555555556,0.7346938775510204,26.0,0.8888888888888888,49.0,0.2916666666666667
timesteps,1000,1,VAR-Lasso,1000,0.1,0.0,0.18,0.7774528914879792,0.8536585365853658,0.6296296296296297,40.0,0.7560975609756098,54.0,0.32142857142857145
timesteps,1000,1,DynVAR-Lasso,1000,0.1,0.0,0.18,0.7691682910981157,0.8390243902439024,0.6111111111111112,42.0,0.7804878048780488,54.0,0.32142857142857145
timesteps,1000,1,STCG-v1,1000,0.1,0.0,0.18,0.7941845354126056,0.8845528455284553,0.6851851851851852,34.0,0.7804878048780488,54.0,0.32142857142857145
timesteps,1000,2,VAR-Lasso,1000,0.1,0.0,0.18,0.8242705570291777,0.8703125,0.6923076923076923,32.0,0.725,52.0,0.30952380952380953
timesteps,1000,2,DynVAR-Lasso,1000,0.1,0.0,0.18,0.8433355437665783,0.9203125,0.6923076923076923,32.0,0.825,52.0,0.30952380952380953
timesteps,1000,2,STCG-v1,1000,0.1,0.0,0.18,0.8575928381962865,0.9,0.7692307692307693,24.0,0.85,52.0,0.30952380952380953
timesteps,1000,3,VAR-Lasso,1000,0.1,0.0,0.18,0.7003217404626935,0.79421768707483,0.5901639344262295,50.0,0.6904761904761905,61.0,0.3630952380952381
timesteps,1000,3,DynVAR-Lasso,1000,0.1,0.0,0.18,0.770185383790409,0.8486394557823129,0.639344262295082,44.0,0.7857142857142857,61.0,0.3630952380952381
timesteps,1000,3,STCG-v1,1000,0.1,0.0,0.18,0.7884173433430366,0.8860544217687075,0.6721311475409836,40.0,0.7619047619047619,61.0,0.3630952380952381
timesteps,1000,4,VAR-Lasso,1000,0.1,0.0,0.18,0.8531777956556718,0.8617886178861789,0.7090909090909091,32.0,0.8292682926829268,55.0,0.3273809523809524
timesteps,1000,4,DynVAR-Lasso,1000,0.1,0.0,0.18,0.8344328238133548,0.8845528455284553,0.7090909090909091,32.0,0.8780487804878049,55.0,0.3273809523809524
timesteps,1000,4,STCG-v1,1000,0.1,0.0,0.18,0.8577634754625905,0.8943089430894309,0.7090909090909091,32.0,0.8292682926829268,55.0,0.3273809523809524
timesteps,1000,5,VAR-Lasso,1000,0.1,0.0,0.18,0.8292042657916325,0.8713450292397661,0.6981132075471698,32.0,0.7894736842105263,53.0,0.31547619047619047
timesteps,1000,5,DynVAR-Lasso,1000,0.1,0.0,0.18,0.8251025430680886,0.881578947368421,0.6792452830188679,34.0,0.7631578947368421,53.0,0.31547619047619047
timesteps,1000,5,STCG-v1,1000,0.1,0.0,0.18,0.8528301886792453,0.8757309941520468,0.7169811320754716,30.0,0.7894736842105263,53.0,0.31547619047619047
timesteps,1000,6,VAR-Lasso,1000,0.1,0.0,0.18,0.7845687811831789,0.7351778656126482,0.6086956521739131,36.0,0.7575757575757576,46.0,0.27380952380952384
timesteps,1000,6,DynVAR-Lasso,1000,0.1,0.0,0.18,0.7908054169636494,0.8168642951251647,0.6739130434782609,30.0,0.8484848484848485,46.0,0.27380952380952384
timesteps,1000,6,STCG-v1,1000,0.1,0.0,0.18,0.8130791161796151,0.7957839262187089,0.6739130434782609,30.0,0.8484848484848485,46.0,0.27380952380952384
timesteps,1000,7,VAR-Lasso,1000,0.1,0.0,0.18,0.7699011228422993,0.8263888888888888,0.5686274509803921,44.0,0.6944444444444444,51.0,0.30357142857142855
timesteps,1000,7,DynVAR-Lasso,1000,0.1,0.0,0.18,0.7161052455170103,0.7694444444444445,0.5098039215686274,50.0,0.6944444444444444,51.0,0.30357142857142855
timesteps,1000,7,STCG-v1,1000,0.1,0.0,0.18,0.6924752807105748,0.7597222222222222,0.49019607843137253,52.0,0.6666666666666666,51.0,0.30357142857142855
timesteps,1000,8,VAR-Lasso,1000,0.1,0.0,0.18,0.7123824451410659,0.6998491704374057,0.5172413793103449,56.0,0.717948717948718,58.0,0.34523809523809523
timesteps,1000,8,DynVAR-Lasso,1000,0.1,0.0,0.18,0.752037617554859,0.7677224736048266,0.6379310344827587,42.0,0.7692307692307693,58.0,0.34523809523809523
timesteps,1000,8,STCG-v1,1000,0.1,0.0,0.18,0.7647335423197492,0.803921568627451,0.6379310344827587,42.0,0.7948717948717948,58.0,0.34523809523809523
timesteps,1000,9,VAR-Lasso,1000,0.1,0.0,0.18,0.7142633228840125,0.7573099415204678,0.5689655172413793,50.0,0.6842105263157895,58.0,0.34523809523809523
timesteps,1000,9,DynVAR-Lasso,1000,0.1,0.0,0.18,0.7421630094043887,0.7602339181286549,0.603448275862069,46.0,0.7105263157894737,58.0,0.34523809523809523
timesteps,1000,9,STCG-v1,1000,0.1,0.0,0.18,0.7540752351097179,0.7880116959064327,0.6206896551724138,44.0,0.7105263157894737,58.0,0.34523809523809523
timesteps,1000,10,VAR-Lasso,1000,0.1,0.0,0.18,0.8017227235438884,0.8187134502923976,0.660377358490566,36.0,0.8421052631578947,53.0,0.31547619047619047
timesteps,1000,10,DynVAR-Lasso,1000,0.1,0.0,0.18,0.7998359310910582,0.8026315789473685,0.6415094339622641,38.0,0.8157894736842105,53.0,0.31547619047619047
timesteps,1000,10,STCG-v1,1000,0.1,0.0,0.18,0.8180475799835931,0.8611111111111112,0.660377358490566,36.0,0.8157894736842105,53.0,0.31547619047619047
timesteps,1000,11,VAR-Lasso,1000,0.1,0.0,0.18,0.8193885760257442,0.7789115646258503,0.6545454545454545,38.0,0.7857142857142857,55.0,0.3273809523809524
timesteps,1000,11,DynVAR-Lasso,1000,0.1,0.0,0.18,0.8038616251005631,0.7210884353741497,0.6545454545454545,38.0,0.7857142857142857,55.0,0.3273809523809524
timesteps,1000,11,STCG-v1,1000,0.1,0.0,0.18,0.829444891391794,0.8163265306122449,0.7090909090909091,32.0,0.7857142857142857,55.0,0.3273809523809524
timesteps,1000,12,VAR-Lasso,1000,0.1,0.0,0.18,0.8091293047433399,0.8583333333333333,0.6666666666666666,36.0,0.9166666666666666,54.0,0.32142857142857145
timesteps,1000,12,DynVAR-Lasso,1000,0.1,0.0,0.18,0.8248862897985705,0.8666666666666667,0.6296296296296297,40.0,0.8888888888888888,54.0,0.32142857142857145
timesteps,1000,12,STCG-v1,1000,0.1,0.0,0.18,0.8042560103963613,0.8583333333333333,0.6666666666666666,36.0,0.8333333333333334,54.0,0.32142857142857145
timesteps,1000,13,VAR-Lasso,1000,0.1,0.0,0.18,0.7819749216300941,0.7853658536585366,0.6379310344827587,42.0,0.7804878048780488,58.0,0.34523809523809523
timesteps,1000,13,DynVAR-Lasso,1000,0.1,0.0,0.18,0.8032915360501567,0.8341463414634146,0.6379310344827587,42.0,0.8536585365853658,58.0,0.34523809523809523
timesteps,1000,13,STCG-v1,1000,0.1,0.0,0.18,0.8147335423197493,0.7934959349593496,0.6551724137931034,40.0,0.8536585365853658,58.0,0.34523809523809523
timesteps,1000,14,VAR-Lasso,1000,0.1,0.0,0.18,0.7494654312188168,0.7129251700680272,0.5434782608695652,42.0,0.7142857142857143,46.0,0.27380952380952384
timesteps,1000,14,DynVAR-Lasso,1000,0.1,0.0,0.18,0.8455096222380613,0.7782312925170068,0.6086956521739131,36.0,0.8285714285714286,46.0,0.27380952380952384
timesteps,1000,14,STCG-v1,1000,0.1,0.0,0.18,0.8337491090520314,0.7387755102040816,0.6304347826086957,34.0,0.8571428571428571,46.0,0.27380952380952384
timesteps,1000,15,VAR-Lasso,1000,0.1,0.0,0.18,0.7638987883107626,0.7799479166666666,0.5869565217391305,38.0,0.78125,46.0,0.27380952380952384
timesteps,1000,15,DynVAR-Lasso,1000,0.1,0.0,0.18,0.7795794725588026,0.8255208333333334,0.6304347826086957,34.0,0.6875,46.0,0.27380952380952384
timesteps,1000,15,STCG-v1,1000,0.1,0.0,0.18,0.7927655024946543,0.7877604166666666,0.6304347826086957,34.0,0.84375,46.0,0.27380952380952384
timesteps,1000,16,VAR-Lasso,1000,0.1,0.0,0.18,0.7127153891859774,0.8050089445438283,0.6212121212121212,50.0,0.6744186046511628,66.0,0.39285714285714285
timesteps,1000,16,DynVAR-Lasso,1000,0.1,0.0,0.18,0.7412358882947119,0.7549194991055456,0.6212121212121212,50.0,0.7209302325581395,66.0,0.39285714285714285
timesteps,1000,16,STCG-v1,1000,0.1,0.0,0.18,0.7746583481877599,0.7906976744186046,0.696969696969697,40.0,0.7209302325581395,66.0,0.39285714285714285
timesteps,1000,17,VAR-Lasso,1000,0.1,0.0,0.18,0.7678683385579937,0.85,0.603448275862069,46.0,0.8,58.0,0.34523809523809523
timesteps,1000,17,DynVAR-Lasso,1000,0.1,0.0,0.18,0.8018808777429467,0.9265625,0.6724137931034483,38.0,0.825,58.0,0.34523809523809523
timesteps,1000,17,STCG-v1,1000,0.1,0.0,0.18,0.8302507836990596,0.865625,0.7241379310344828,32.0,0.85,58.0,0.34523809523809523
timesteps,1000,18,VAR-Lasso,1000,0.1,0.0,0.18,0.8352826510721247,0.8523391812865497,0.6666666666666666,36.0,0.8421052631578947,54.0,0.32142857142857145
timesteps,1000,18,DynVAR-Lasso,1000,0.1,0.0,0.18,0.847953216374269,0.881578947368421,0.7222222222222222,30.0,0.8157894736842105,54.0,0.32142857142857145
timesteps,1000,18,STCG-v1,1000,0.1,0.0,0.18,0.8786549707602339,0.9312865497076024,0.7222222222222222,30.0,0.9210526315789473,54.0,0.32142857142857145
timesteps,1000,19,VAR-Lasso,1000,0.1,0.0,0.18,0.757303712720633,0.8146341463414634,0.6451612903225806,44.0,0.7804878048780488,62.0,0.36904761904761907
timesteps,1000,19,DynVAR-Lasso,1000,0.1,0.0,0.18,0.8084297017650639,0.8260162601626017,0.6451612903225806,44.0,0.8292682926829268,62.0,0.36904761904761907
timesteps,1000,19,STCG-v1,1000,0.1,0.0,0.18,0.8101034692635423,0.8373983739837398,0.6774193548387096,40.0,0.8536585365853658,62.0,0.36904761904761907
timesteps,1500,0,VAR-Lasso,1500,0.1,0.0,0.18,0.855599382610187,0.8861111111111111,0.6530612244897959,34.0,0.7777777777777778,49.0,0.2916666666666667
timesteps,1500,0,DynVAR-Lasso,1500,0.1,0.0,0.18,0.8297033098953868,0.8361111111111111,0.6530612244897959,34.0,0.8055555555555556,49.0,0.2916666666666667
timesteps,1500,0,STCG-v1,1500,0.1,0.0,0.18,0.8648602298062082,0.8722222222222222,0.673469387755102,32.0,0.8333333333333334,49.0,0.2916666666666667
timesteps,1500,1,VAR-Lasso,1500,0.1,0.0,0.18,0.8170077972709552,0.8634146341463415,0.7037037037037037,32.0,0.8292682926829268,54.0,0.32142857142857145
timesteps,1500,1,DynVAR-Lasso,1500,0.1,0.0,0.18,0.844541910331384,0.9008130081300812,0.6666666666666666,36.0,0.8048780487804879,54.0,0.32142857142857145
timesteps,1500,1,STCG-v1,1500,0.1,0.0,0.18,0.8555880441845354,0.9300813008130081,0.7222222222222222,30.0,0.8048780487804879,54.0,0.32142857142857145
timesteps,1500,2,VAR-Lasso,1500,0.1,0.0,0.18,0.8689489389920424,0.86875,0.6730769230769231,34.0,0.85,52.0,0.30952380952380953
timesteps,1500,2,DynVAR-Lasso,1500,0.1,0.0,0.18,0.8292440318302388,0.8515625,0.6346153846153846,38.0,0.7,52.0,0.30952380952380953
timesteps,1500,2,STCG-v1,1500,0.1,0.0,0.18,0.8798076923076923,0.9171875,0.6923076923076923,32.0,0.8,52.0,0.30952380952380953
timesteps,1500,3,VAR-Lasso,1500,0.1,0.0,0.18,0.8233491650068945,0.8894557823129252,0.6721311475409836,40.0,0.8333333333333334,61.0,0.3630952380952381
timesteps,1500,3,DynVAR-Lasso,1500,0.1,0.0,0.18,0.7433736785659568,0.7755102040816326,0.639344262295082,44.0,0.7857142857142857,61.0,0.3630952380952381
timesteps,1500,3,STCG-v1,1500,0.1,0.0,0.18,0.7991420254328175,0.9166666666666666,0.6721311475409836,40.0,0.8809523809523809,61.0,0.3630952380952381
timesteps,1500,4,VAR-Lasso,1500,0.1,0.0,0.18,0.8720836685438456,0.9024390243902439,0.7636363636363637,26.0,0.8780487804878049,55.0,0.3273809523809524
timesteps,1500,4,DynVAR-Lasso,1500,0.1,0.0,0.18,0.9226065969428802,0.9073170731707317,0.7818181818181819,24.0,0.9024390243902439,55.0,0.3273809523809524
timesteps,1500,4,STCG-v1,1500,0.1,0.0,0.18,0.9386967015285599,0.9772357723577236,0.8545454545454545,16.0,0.9512195121951219,55.0,0.3273809523809524
timesteps,1500,5,VAR-Lasso,1500,0.1,0.0,0.18,0.8346185397867104,0.8157894736842105,0.660377358490566,36.0,0.8947368421052632,53.0,0.31547619047619047
timesteps,1500,5,DynVAR-Lasso,1500,0.1,0.0,0.18,0.8552912223133716,0.8918128654970761,0.6792452830188679,34.0,0.8421052631578947,53.0,0.31547619047619047
timesteps,1500,5,STCG-v1,1500,0.1,0.0,0.18,0.8631665299425759,0.9269005847953217,0.7169811320754716,30.0,0.8421052631578947,53.0,0.31547619047619047
timesteps,1500,6,VAR-Lasso,1500,0.1,0.0,0.18,0.8529935851746258,0.8695652173913043,0.6739130434782609,30.0,0.8181818181818182,46.0,0.27380952380952384
timesteps,1500,6,DynVAR-Lasso,1500,0.1,0.0,0.18,0.8592302209550963,0.8089591567852438,0.6956521739130435,28.0,0.8787878787878788,46.0,0.27380952380952384
timesteps,1500,6,STCG-v1,1500,0.1,0.0,0.18,0.9128652886671419,0.8603425559947299,0.717391304347826,26.0,0.9393939393939394,46.0,0.27380952380952384
timesteps,1500,7,VAR-Lasso,1500,0.1,0.0,0.18,0.7611865258924082,0.8236111111111111,0.6274509803921569,38.0,0.8333333333333334,51.0,0.30357142857142855
timesteps,1500,7,DynVAR-Lasso,1500,0.1,0.0,0.18,0.8205128205128205,0.775,0.6274509803921569,38.0,0.8333333333333334,51.0,0.30357142857142855
timesteps,1500,7,STCG-v1,1500,0.1,0.0,0.18,0.8387799564270153,0.8694444444444445,0.6666666666666666,34.0,0.8333333333333334,51.0,0.30357142857142855
timesteps,1500,8,VAR-Lasso,1500,0.1,0.0,0.18,0.811755485893417,0.7647058823529411,0.6896551724137931,36.0,0.8717948717948718,58.0,0.34523809523809523
timesteps,1500,8,DynVAR-Lasso,1500,0.1,0.0,0.18,0.8144200626959248,0.779788838612368,0.6551724137931034,40.0,0.8717948717948718,58.0,0.34523809523809523
timesteps,1500,8,STCG-v1,1500,0.1,0.0,0.18,0.8587774294670847,0.8386123680241327,0.7413793103448276,30.0,0.8717948717948718,58.0,0.34523809523809523
timesteps,1500,9,VAR-Lasso,1500,0.1,0.0,0.18,0.7880877742946708,0.8698830409356725,0.6379310344827587,42.0,0.7368421052631579,58.0,0.34523809523809523
timesteps,1500,9,DynVAR-Lasso,1500,0.1,0.0,0.18,0.7581504702194357,0.7923976608187134,0.5862068965517241,48.0,0.7368421052631579,58.0,0.34523809523809523
timesteps,1500,9,STCG-v1,1500,0.1,0.0,0.18,0.8092476489028213,0.8654970760233918,0.6896551724137931,36.0,0.7894736842105263,58.0,0.34523809523809523
timesteps,1500,10,VAR-Lasso,1500,0.1,0.0,0.18,0.8707136997538967,0.8932748538011696,0.7358490566037735,28.0,0.9210526315789473,53.0,0.31547619047619047
timesteps,1500,10,DynVAR-Lasso,1500,0.1,0.0,0.18,0.8567678424938474,0.9078947368421053,0.6981132075471698,32.0,0.8947368421052632,53.0,0.31547619047619047
timesteps,1500,10,STCG-v1,1500,0.1,0.0,0.18,0.8730106644790813,0.9342105263157895,0.7358490566037735,28.0,0.8947368421052632,53.0,0.31547619047619047
timesteps,1500,11,VAR-Lasso,1500,0.1,0.0,0.18,0.8366854384553499,0.79421768707483,0.7090909090909091,32.0,0.8095238095238095,55.0,0.3273809523809524
timesteps,1500,11,DynVAR-Lasso,1500,0.1,0.0,0.18,0.8503620273531778,0.8418367346938775,0.6727272727272727,36.0,0.8095238095238095,55.0,0.3273809523809524
timesteps,1500,11,STCG-v1,1500,0.1,0.0,0.18,0.8553499597747385,0.8724489795918368,0.7454545454545455,28.0,0.7619047619047619,55.0,0.3273809523809524
timesteps,1500,12,VAR-Lasso,1500,0.1,0.0,0.18,0.836582196231319,0.8569444444444444,0.7037037037037037,32.0,0.8888888888888888,54.0,0.32142857142857145
timesteps,1500,12,DynVAR-Lasso,1500,0.1,0.0,0.18,0.7946718648473035,0.8736111111111111,0.6481481481481481,38.0,0.8888888888888888,54.0,0.32142857142857145
timesteps,1500,12,STCG-v1,1500,0.1,0.0,0.18,0.794996751137102,0.8611111111111112,0.6296296296296297,40.0,0.8611111111111112,54.0,0.32142857142857145
timesteps,1500,13,VAR-Lasso,1500,0.1,0.0,0.18,0.8017241379310345,0.8373983739837398,0.6724137931034483,38.0,0.7804878048780488,58.0,0.34523809523809523
timesteps,1500,13,DynVAR-Lasso,1500,0.1,0.0,0.18,0.8067398119122257,0.7983739837398374,0.6551724137931034,40.0,0.8536585365853658,58.0,0.34523809523809523
timesteps,1500,13,STCG-v1,1500,0.1,0.0,0.18,0.8468652037617554,0.8308943089430895,0.6724137931034483,38.0,0.8780487804878049,58.0,0.34523809523809523
timesteps,1500,14,VAR-Lasso,1500,0.1,0.0,0.18,0.7677298645759087,0.7741496598639456,0.6086956521739131,36.0,0.8,46.0,0.27380952380952384
timesteps,1500,14,DynVAR-Lasso,1500,0.1,0.0,0.18,0.7592658588738418,0.7945578231292517,0.5869565217391305,38.0,0.8,46.0,0.27380952380952384
timesteps,1500,14,STCG-v1,1500,0.1,0.0,0.18,0.7817177476835353,0.8312925170068027,0.6086956521739131,36.0,0.8,46.0,0.27380952380952384
timesteps,1500,15,VAR-Lasso,1500,0.1,0.0,0.18,0.8325017818959373,0.8802083333333334,0.6956521739130435,28.0,0.875,46.0,0.27380952380952384
timesteps,1500,15,DynVAR-Lasso,1500,0.1,0.0,0.18,0.8382038488952245,0.9088541666666666,0.6739130434782609,30.0,0.875,46.0,0.27380952380952384
timesteps,1500,15,STCG-v1,1500,0.1,0.0,0.18,0.8371347113328581,0.8684895833333334,0.6521739130434783,32.0,0.84375,46.0,0.27380952380952384
timesteps,1500,16,VAR-Lasso,1500,0.1,0.0,0.18,0.7390819964349377,0.7960644007155635,0.5909090909090909,54.0,0.7674418604651163,66.0,0.39285714285714285
timesteps,1500,16,DynVAR-Lasso,1500,0.1,0.0,0.18,0.7403446226975638,0.7531305903398927,0.6212121212121212,50.0,0.813953488372093,66.0,0.39285714285714285
timesteps,1500,16,STCG-v1,1500,0.1,0.0,0.18,0.7603980986333928,0.8568872987477638,0.6515151515151515,46.0,0.813953488372093,66.0,0.39285714285714285
timesteps,1500,17,VAR-Lasso,1500,0.1,0.0,0.18,0.8460031347962382,0.9375,0.7068965517241379,34.0,0.825,58.0,0.34523809523809523
timesteps,1500,17,DynVAR-Lasso,1500,0.1,0.0,0.18,0.8163009404388715,0.859375,0.6206896551724138,44.0,0.85,58.0,0.34523809523809523
timesteps,1500,17,STCG-v1,1500,0.1,0.0,0.18,0.8622257053291537,0.896875,0.6896551724137931,36.0,0.925,58.0,0.34523809523809523
timesteps,1500,18,VAR-Lasso,1500,0.1,0.0,0.18,0.8507147498375569,0.8391812865497076,0.6851851851851852,34.0,0.868421052631579,54.0,0.32142857142857145
timesteps,1500,18,DynVAR-Lasso,1500,0.1,0.0,0.18,0.8378817413905133,0.793859649122807,0.6481481481481481,38.0,0.7368421052631579,54.0,0.32142857142857145
timesteps,1500,18,STCG-v1,1500,0.1,0.0,0.18,0.8620857699805068,0.7923976608187134,0.7037037037037037,32.0,0.7894736842105263,54.0,0.32142857142857145
timesteps,1500,19,VAR-Lasso,1500,0.1,0.0,0.18,0.8269172245891662,0.8211382113821138,0.7096774193548387,36.0,0.9024390243902439,62.0,0.36904761904761907
timesteps,1500,19,DynVAR-Lasso,1500,0.1,0.0,0.18,0.8268411442483262,0.816260162601626,0.7258064516129032,34.0,0.8292682926829268,62.0,0.36904761904761907
timesteps,1500,19,STCG-v1,1500,0.1,0.0,0.18,0.8563603164942178,0.8731707317073171,0.7580645161290323,30.0,0.9024390243902439,62.0,0.36904761904761907
edge_prob,0.1,0,VAR-Lasso,1000,0.1,0.0,0.1,0.8644301470588235,0.776500638569604,0.5625,28.0,0.8148148148148148,32.0,0.19047619047619047
edge_prob,0.1,0,DynVAR-Lasso,1000,0.1,0.0,0.1,0.8419117647058824,0.7879948914431673,0.625,24.0,0.7777777777777778,32.0,0.19047619047619047
edge_prob,0.1,0,STCG-v1,1000,0.1,0.0,0.1,0.8998161764705882,0.8467432950191571,0.6875,20.0,0.8518518518518519,32.0,0.19047619047619047
edge_prob,0.1,1,VAR-Lasso,1000,0.1,0.0,0.1,0.800765306122449,0.7942708333333334,0.5357142857142857,26.0,0.625,28.0,0.16666666666666666
edge_prob,0.1,1,DynVAR-Lasso,1000,0.1,0.0,0.1,0.7461734693877551,0.7747395833333334,0.42857142857142855,32.0,0.7083333333333334,28.0,0.16666666666666666
edge_prob,0.1,1,STCG-v1,1000,0.1,0.0,0.1,0.7698979591836734,0.8567708333333334,0.5357142857142857,26.0,0.75,28.0,0.16666666666666666
edge_prob,0.1,2,VAR-Lasso,1000,0.1,0.0,0.1,0.9016491754122938,0.9118065433854907,0.6521739130434783,16.0,0.8947368421052632,23.0,0.13690476190476192
edge_prob,0.1,2,DynVAR-Lasso,1000,0.1,0.0,0.1,0.8137931034482758,0.8776671408250356,0.5652173913043478,20.0,0.7894736842105263,23.0,0.13690476190476192
edge_prob,0.1,2,STCG-v1,1000,0.1,0.0,0.1,0.8407796101949025,0.8591749644381224,0.6521739130434783,16.0,0.7894736842105263,23.0,0.13690476190476192
edge_prob,0.1,3,VAR-Lasso,1000,0.1,0.0,0.1,0.7464410975861357,0.7611749680715197,0.5405405405405406,34.0,0.6206896551724138,37.0,0.22023809523809523
edge_prob,0.1,3,DynVAR-Lasso,1000,0.1,0.0,0.1,0.755931504023107,0.8045977011494253,0.5405405405405406,34.0,0.7586206896551724,37.0,0.22023809523809523
edge_prob,0.1,3,STCG-v1,1000,0.1,0.0,0.1,0.7650092840932535,0.7841634738186463,0.6216216216216216,28.0,0.7586206896551724,37.0,0.22023809523809523
edge_prob,0.1,4,VAR-Lasso,1000,0.1,0.0,0.1,0.8250529785731104,0.8038709677419354,0.6451612903225806,22.0,0.8,31.0,0.18452380952380953
edge_prob,0.1,4,DynVAR-Lasso,1000,0.1,0.0,0.1,0.7996232634801036,0.7883870967741935,0.5806451612903226,26.0,0.8,31.0,0.18452380952380953
edge_prob,0.1,4,STCG-v1,1000,0.1,0.0,0.1,0.8064516129032258,0.792258064516129,0.6451612903225806,22.0,0.8,31.0,0.18452380952380953
edge_prob,0.1,5,VAR-Lasso,1000,0.1,0.0,0.1,0.9062774363476734,0.8897435897435897,0.6470588235294118,24.0,0.8076923076923077,34.0,0.20238095238095238
edge_prob,0.1,5,DynVAR-Lasso,1000,0.1,0.0,0.1,0.8639157155399473,0.9141025641025641,0.7058823529411765,20.0,0.7692307692307693,34.0,0.20238095238095238
edge_prob,0.1,5,STCG-v1,1000,0.1,0.0,0.1,0.8926690079016681,0.9166666666666666,0.7647058823529411,16.0,0.8076923076923077,34.0,0.20238095238095238
edge_prob,0.1,6,VAR-Lasso,1000,0.1,0.0,0.1,0.7663867822318526,0.7005347593582888,0.5,26.0,0.7727272727272727,26.0,0.15476190476190477
edge_prob,0.1,6,DynVAR-Lasso,1000,0.1,0.0,0.1,0.7727518959913326,0.7005347593582888,0.5769230769230769,22.0,0.7272727272727273,26.0,0.15476190476190477
edge_prob,0.1,6,STCG-v1,1000,0.1,0.0,0.1,0.7819609967497292,0.6270053475935828,0.5,26.0,0.7272727272727273,26.0,0.15476190476190477
edge_prob,0.1,7,VAR-Lasso,1000,0.1,0.0,0.1,0.8080998351777725,0.8542780748663101,0.5806451612903226,26.0,0.6363636363636364,31.0,0.18452380952380953
edge_prob,0.1,7,DynVAR-Lasso,1000,0.1,0.0,0.1,0.7442900871203202,0.7740641711229946,0.5161290322580645,30.0,0.7272727272727273,31.0,0.18452380952380953
edge_prob,0.1,7,STCG-v1,1000,0.1,0.0,0.1,0.7501765952437014,0.8435828877005348,0.4838709677419355,32.0,0.6818181818181818,31.0,0.18452380952380953
edge_prob,0.1,8,VAR-Lasso,1000,0.1,0.0,0.1,0.6967452300785634,0.658974358974359,0.42424242424242425,38.0,0.8076923076923077,33.0,0.19642857142857142
edge_prob,0.1,8,DynVAR-Lasso,1000,0.1,0.0,0.1,0.7194163860830527,0.7115384615384616,0.5757575757575758,28.0,0.7692307692307693,33.0,0.19642857142857142
edge_prob,0.1,8,STCG-v1,1000,0.1,0.0,0.1,0.7414141414141414,0.7294871794871794,0.5454545454545454,30.0,0.8076923076923077,33.0,0.19642857142857142
edge_prob,0.1,9,VAR-Lasso,1000,0.1,0.0,0.1,0.7376811594202899,0.6670967741935484,0.4,36.0,0.64,30.0,0.17857142857142858
edge_prob,0.1,9,DynVAR-Lasso,1000,0.1,0.0,0.1,0.7342995169082126,0.7316129032258064,0.5,30.0,0.68,30.0,0.17857142857142858
edge_prob,0.1,9,STCG-v1,1000,0.1,0.0,0.1,0.7330917874396136,0.7870967741935484,0.5666666666666667,26.0,0.72,30.0,0.17857142857142858
edge_prob,0.1,10,VAR-Lasso,1000,0.1,0.0,0.1,0.7983976884686105,0.743225806451613,0.48148148148148145,28.0,0.76,27.0,0.16071428571428573
edge_prob,0.1,10,DynVAR-Lasso,1000,0.1,0.0,0.1,0.727344365642238,0.7006451612903226,0.4074074074074074,32.0,0.64,27.0,0.16071428571428573
edge_prob,0.1,10,STCG-v1,1000,0.1,0.0,0.1,0.7325978460730234,0.6864516129032258,0.48148148148148145,28.0,0.64,27.0,0.16071428571428573
edge_prob,0.1,11,VAR-Lasso,1000,0.1,0.0,0.1,0.8543677890275488,0.8756410256410256,0.6451612903225806,22.0,0.7307692307692307,31.0,0.18452380952380953
edge_prob,0.1,11,DynVAR-Lasso,1000,0.1,0.0,0.1,0.8740287261596421,0.8012820512820513,0.6129032258064516,24.0,0.8461538461538461,31.0,0.18452380952380953
edge_prob,0.1,11,STCG-v1,1000,0.1,0.0,0.1,0.9095832352248646,0.8551282051282051,0.6774193548387096,20.0,0.8846153846153846,31.0,0.18452380952380953
edge_prob,0.1,12,VAR-Lasso,1000,0.1,0.0,0.1,0.8085048754062839,0.8340136054421768,0.5769230769230769,22.0,0.7619047619047619,26.0,0.15476190476190477
edge_prob,0.1,12,DynVAR-Lasso,1000,0.1,0.0,0.1,0.7803358613217768,0.8612244897959184,0.6153846153846154,20.0,0.6190476190476191,26.0,0.15476190476190477
edge_prob,0.1,12,STCG-v1,1000,0.1,0.0,0.1,0.8022751895991332,0.8666666666666667,0.6153846153846154,20.0,0.6666666666666666,26.0,0.15476190476190477
edge_prob,0.1,13,VAR-Lasso,1000,0.1,0.0,0.1,0.804296455424275,0.7982120051085568,0.5428571428571428,32.0,0.6896551724137931,35.0,0.20833333333333334
edge_prob,0.1,13,DynVAR-Lasso,1000,0.1,0.0,0.1,0.8090225563909774,0.8339719029374202,0.6857142857142857,22.0,0.7931034482758621,35.0,0.20833333333333334
edge_prob,0.1,13,STCG-v1,1000,0.1,0.0,0.1,0.8266380236305049,0.855683269476373,0.6857142857142857,22.0,0.7586206896551724,35.0,0.20833333333333334
edge_prob,0.1,14,VAR-Lasso,1000,0.1,0.0,0.1,0.7420918367346939,0.6809895833333334,0.4642857142857143,30.0,0.7083333333333334,28.0,0.16666666666666666
edge_prob,0.1,14,DynVAR-Lasso,1000,0.1,0.0,0.1,0.8237244897959184,0.7213541666666666,0.4642857142857143,30.0,0.75,28.0,0.16666666666666666
edge_prob,0.1,14,STCG-v1,1000,0.1,0.0,0.1,0.8165816326530613,0.7005208333333334,0.5,28.0,0.8333333333333334,28.0,0.16666666666666666
edge_prob,0.1,15,VAR-Lasso,1000,0.1,0.0,0.1,0.7452245100471347,0.7378129117259552,0.4827586206896552,30.0,0.7391304347826086,29.0,0.17261904761904762
edge_prob,0.1,15,DynVAR-Lasso,1000,0.1,0.0,0.1,0.7080129000248078,0.7167325428194994,0.4827586206896552,30.0,0.6086956521739131,29.0,0.17261904761904762
edge_prob,0.1,15,STCG-v1,1000,0.1,0.0,0.1,0.7097494418258496,0.6996047430830039,0.4482758620689655,32.0,0.6086956521739131,29.0,0.17261904761904762
edge_prob,0.1,16,VAR-Lasso,1000,0.1,0.0,0.1,0.7876518218623482,0.8219354838709677,0.5,38.0,0.5806451612903226,38.0,0.2261904761904762
edge_prob,0.1,16,DynVAR-Lasso,1000,0.1,0.0,0.1,0.7896761133603238,0.8012903225806451,0.6052631578947368,30.0,0.7096774193548387,38.0,0.2261904761904762
edge_prob,0.1,16,STCG-v1,1000,0.1,0.0,0.1,0.7621457489878543,0.704516129032258,0.5263157894736842,36.0,0.6451612903225806,38.0,0.2261904761904762
edge_prob,0.1,17,VAR-Lasso,1000,0.1,0.0,0.1,0.7714857546503414,0.7807692307692308,0.5161290322580645,30.0,0.7692307692307693,31.0,0.18452380952380953
edge_prob,0.1,17,DynVAR-Lasso,1000,0.1,0.0,0.1,0.8106898987520603,0.8615384615384616,0.5806451612903226,26.0,0.7307692307692307,31.0,0.18452380952380953
edge_prob,0.1,17,STCG-v1,1000,0.1,0.0,0.1,0.8292912644219449,0.8987179487179487,0.5806451612903226,26.0,0.7692307692307693,31.0,0.18452380952380953
edge_prob,0.1,18,VAR-Lasso,1000,0.1,0.0,0.1,0.763768115942029,0.7435897435897436,0.4666666666666667,32.0,0.7307692307692307,30.0,0.17857142857142858
edge_prob,0.1,18,DynVAR-Lasso,1000,0.1,0.0,0.1,0.8140096618357487,0.7935897435897435,0.5666666666666667,26.0,0.6538461538461539,30.0,0.17857142857142858
edge_prob,0.1,18,STCG-v1,1000,0.1,0.0,0.1,0.8198067632850241,0.8,0.5333333333333333,28.0,0.7307692307692307,30.0,0.17857142857142858
edge_prob,0.1,19,VAR-Lasso,1000,0.1,0.0,0.1,0.6906828703703703,0.6535087719298246,0.4583333333333333,26.0,0.6111111111111112,24.0,0.14285714285714285
edge_prob,0.1,19,DynVAR-Lasso,1000,0.1,0.0,0.1,0.8148148148148148,0.7733918128654971,0.5,24.0,0.7777777777777778,24.0,0.14285714285714285
edge_prob,0.1,19,STCG-v1,1000,0.1,0.0,0.1,0.8136574074074074,0.7631578947368421,0.625,18.0,0.7777777777777778,24.0,0.14285714285714285
edge_prob,0.18,0,VAR-Lasso,1000,0.1,0.0,0.18,0.8278168410221232,0.8375,0.6326530612244898,36.0,0.7777777777777778,49.0,0.2916666666666667
edge_prob,0.18,0,DynVAR-Lasso,1000,0.1,0.0,0.18,0.8626307665923513,0.8875,0.6938775510204082,30.0,0.8333333333333334,49.0,0.2916666666666667
edge_prob,0.18,0,STCG-v1,1000,0.1,0.0,0.18,0.9037900874635568,0.9305555555555556,0.7346938775510204,26.0,0.8888888888888888,49.0,0.2916666666666667
edge_prob,0.18,1,VAR-Lasso,1000,0.1,0.0,0.18,0.7774528914879792,0.8536585365853658,0.6296296296296297,40.0,0.7560975609756098,54.0,0.32142857142857145
edge_prob,0.18,1,DynVAR-Lasso,1000,0.1,0.0,0.18,0.7691682910981157,0.8390243902439024,0.6111111111111112,42.0,0.7804878048780488,54.0,0.32142857142857145
edge_prob,0.18,1,STCG-v1,1000,0.1,0.0,0.18,0.7941845354126056,0.8845528455284553,0.6851851851851852,34.0,0.7804878048780488,54.0,0.32142857142857145
edge_prob,0.18,2,VAR-Lasso,1000,0.1,0.0,0.18,0.8242705570291777,0.8703125,0.6923076923076923,32.0,0.725,52.0,0.30952380952380953
edge_prob,0.18,2,DynVAR-Lasso,1000,0.1,0.0,0.18,0.8433355437665783,0.9203125,0.6923076923076923,32.0,0.825,52.0,0.30952380952380953
edge_prob,0.18,2,STCG-v1,1000,0.1,0.0,0.18,0.8575928381962865,0.9,0.7692307692307693,24.0,0.85,52.0,0.30952380952380953
edge_prob,0.18,3,VAR-Lasso,1000,0.1,0.0,0.18,0.7003217404626935,0.79421768707483,0.5901639344262295,50.0,0.6904761904761905,61.0,0.3630952380952381
edge_prob,0.18,3,DynVAR-Lasso,1000,0.1,0.0,0.18,0.770185383790409,0.8486394557823129,0.639344262295082,44.0,0.7857142857142857,61.0,0.3630952380952381
edge_prob,0.18,3,STCG-v1,1000,0.1,0.0,0.18,0.7884173433430366,0.8860544217687075,0.6721311475409836,40.0,0.7619047619047619,61.0,0.3630952380952381
edge_prob,0.18,4,VAR-Lasso,1000,0.1,0.0,0.18,0.8531777956556718,0.8617886178861789,0.7090909090909091,32.0,0.8292682926829268,55.0,0.3273809523809524
edge_prob,0.18,4,DynVAR-Lasso,1000,0.1,0.0,0.18,0.8344328238133548,0.8845528455284553,0.7090909090909091,32.0,0.8780487804878049,55.0,0.3273809523809524
edge_prob,0.18,4,STCG-v1,1000,0.1,0.0,0.18,0.8577634754625905,0.8943089430894309,0.7090909090909091,32.0,0.8292682926829268,55.0,0.3273809523809524
edge_prob,0.18,5,VAR-Lasso,1000,0.1,0.0,0.18,0.8292042657916325,0.8713450292397661,0.6981132075471698,32.0,0.7894736842105263,53.0,0.31547619047619047
edge_prob,0.18,5,DynVAR-Lasso,1000,0.1,0.0,0.18,0.8251025430680886,0.881578947368421,0.6792452830188679,34.0,0.7631578947368421,53.0,0.31547619047619047
edge_prob,0.18,5,STCG-v1,1000,0.1,0.0,0.18,0.8528301886792453,0.8757309941520468,0.7169811320754716,30.0,0.7894736842105263,53.0,0.31547619047619047
edge_prob,0.18,6,VAR-Lasso,1000,0.1,0.0,0.18,0.7845687811831789,0.7351778656126482,0.6086956521739131,36.0,0.7575757575757576,46.0,0.27380952380952384
edge_prob,0.18,6,DynVAR-Lasso,1000,0.1,0.0,0.18,0.7908054169636494,0.8168642951251647,0.6739130434782609,30.0,0.8484848484848485,46.0,0.27380952380952384
edge_prob,0.18,6,STCG-v1,1000,0.1,0.0,0.18,0.8130791161796151,0.7957839262187089,0.6739130434782609,30.0,0.8484848484848485,46.0,0.27380952380952384
edge_prob,0.18,7,VAR-Lasso,1000,0.1,0.0,0.18,0.7699011228422993,0.8263888888888888,0.5686274509803921,44.0,0.6944444444444444,51.0,0.30357142857142855
edge_prob,0.18,7,DynVAR-Lasso,1000,0.1,0.0,0.18,0.7161052455170103,0.7694444444444445,0.5098039215686274,50.0,0.6944444444444444,51.0,0.30357142857142855
edge_prob,0.18,7,STCG-v1,1000,0.1,0.0,0.18,0.6924752807105748,0.7597222222222222,0.49019607843137253,52.0,0.6666666666666666,51.0,0.30357142857142855
edge_prob,0.18,8,VAR-Lasso,1000,0.1,0.0,0.18,0.7123824451410659,0.6998491704374057,0.5172413793103449,56.0,0.717948717948718,58.0,0.34523809523809523
edge_prob,0.18,8,DynVAR-Lasso,1000,0.1,0.0,0.18,0.752037617554859,0.7677224736048266,0.6379310344827587,42.0,0.7692307692307693,58.0,0.34523809523809523
edge_prob,0.18,8,STCG-v1,1000,0.1,0.0,0.18,0.7647335423197492,0.803921568627451,0.6379310344827587,42.0,0.7948717948717948,58.0,0.34523809523809523
edge_prob,0.18,9,VAR-Lasso,1000,0.1,0.0,0.18,0.7142633228840125,0.7573099415204678,0.5689655172413793,50.0,0.6842105263157895,58.0,0.34523809523809523
edge_prob,0.18,9,DynVAR-Lasso,1000,0.1,0.0,0.18,0.7421630094043887,0.7602339181286549,0.603448275862069,46.0,0.7105263157894737,58.0,0.34523809523809523
edge_prob,0.18,9,STCG-v1,1000,0.1,0.0,0.18,0.7540752351097179,0.7880116959064327,0.6206896551724138,44.0,0.7105263157894737,58.0,0.34523809523809523
edge_prob,0.18,10,VAR-Lasso,1000,0.1,0.0,0.18,0.8017227235438884,0.8187134502923976,0.660377358490566,36.0,0.8421052631578947,53.0,0.31547619047619047
edge_prob,0.18,10,DynVAR-Lasso,1000,0.1,0.0,0.18,0.7998359310910582,0.8026315789473685,0.6415094339622641,38.0,0.8157894736842105,53.0,0.31547619047619047
edge_prob,0.18,10,STCG-v1,1000,0.1,0.0,0.18,0.8180475799835931,0.8611111111111112,0.660377358490566,36.0,0.8157894736842105,53.0,0.31547619047619047
edge_prob,0.18,11,VAR-Lasso,1000,0.1,0.0,0.18,0.8193885760257442,0.7789115646258503,0.6545454545454545,38.0,0.7857142857142857,55.0,0.3273809523809524
edge_prob,0.18,11,DynVAR-Lasso,1000,0.1,0.0,0.18,0.8038616251005631,0.7210884353741497,0.6545454545454545,38.0,0.7857142857142857,55.0,0.3273809523809524
edge_prob,0.18,11,STCG-v1,1000,0.1,0.0,0.18,0.829444891391794,0.8163265306122449,0.7090909090909091,32.0,0.7857142857142857,55.0,0.3273809523809524
edge_prob,0.18,12,VAR-Lasso,1000,0.1,0.0,0.18,0.8091293047433399,0.8583333333333333,0.6666666666666666,36.0,0.9166666666666666,54.0,0.32142857142857145
edge_prob,0.18,12,DynVAR-Lasso,1000,0.1,0.0,0.18,0.8248862897985705,0.8666666666666667,0.6296296296296297,40.0,0.8888888888888888,54.0,0.32142857142857145
edge_prob,0.18,12,STCG-v1,1000,0.1,0.0,0.18,0.8042560103963613,0.8583333333333333,0.6666666666666666,36.0,0.8333333333333334,54.0,0.32142857142857145
edge_prob,0.18,13,VAR-Lasso,1000,0.1,0.0,0.18,0.7819749216300941,0.7853658536585366,0.6379310344827587,42.0,0.7804878048780488,58.0,0.34523809523809523
edge_prob,0.18,13,DynVAR-Lasso,1000,0.1,0.0,0.18,0.8032915360501567,0.8341463414634146,0.6379310344827587,42.0,0.8536585365853658,58.0,0.34523809523809523
edge_prob,0.18,13,STCG-v1,1000,0.1,0.0,0.18,0.8147335423197493,0.7934959349593496,0.6551724137931034,40.0,0.8536585365853658,58.0,0.34523809523809523
edge_prob,0.18,14,VAR-Lasso,1000,0.1,0.0,0.18,0.7494654312188168,0.7129251700680272,0.5434782608695652,42.0,0.7142857142857143,46.0,0.27380952380952384
edge_prob,0.18,14,DynVAR-Lasso,1000,0.1,0.0,0.18,0.8455096222380613,0.7782312925170068,0.6086956521739131,36.0,0.8285714285714286,46.0,0.27380952380952384
edge_prob,0.18,14,STCG-v1,1000,0.1,0.0,0.18,0.8337491090520314,0.7387755102040816,0.6304347826086957,34.0,0.8571428571428571,46.0,0.27380952380952384
edge_prob,0.18,15,VAR-Lasso,1000,0.1,0.0,0.18,0.7638987883107626,0.7799479166666666,0.5869565217391305,38.0,0.78125,46.0,0.27380952380952384
edge_prob,0.18,15,DynVAR-Lasso,1000,0.1,0.0,0.18,0.7795794725588026,0.8255208333333334,0.6304347826086957,34.0,0.6875,46.0,0.27380952380952384
edge_prob,0.18,15,STCG-v1,1000,0.1,0.0,0.18,0.7927655024946543,0.7877604166666666,0.6304347826086957,34.0,0.84375,46.0,0.27380952380952384
edge_prob,0.18,16,VAR-Lasso,1000,0.1,0.0,0.18,0.7127153891859774,0.8050089445438283,0.6212121212121212,50.0,0.6744186046511628,66.0,0.39285714285714285
edge_prob,0.18,16,DynVAR-Lasso,1000,0.1,0.0,0.18,0.7412358882947119,0.7549194991055456,0.6212121212121212,50.0,0.7209302325581395,66.0,0.39285714285714285
edge_prob,0.18,16,STCG-v1,1000,0.1,0.0,0.18,0.7746583481877599,0.7906976744186046,0.696969696969697,40.0,0.7209302325581395,66.0,0.39285714285714285
edge_prob,0.18,17,VAR-Lasso,1000,0.1,0.0,0.18,0.7678683385579937,0.85,0.603448275862069,46.0,0.8,58.0,0.34523809523809523
edge_prob,0.18,17,DynVAR-Lasso,1000,0.1,0.0,0.18,0.8018808777429467,0.9265625,0.6724137931034483,38.0,0.825,58.0,0.34523809523809523
edge_prob,0.18,17,STCG-v1,1000,0.1,0.0,0.18,0.8302507836990596,0.865625,0.7241379310344828,32.0,0.85,58.0,0.34523809523809523
edge_prob,0.18,18,VAR-Lasso,1000,0.1,0.0,0.18,0.8352826510721247,0.8523391812865497,0.6666666666666666,36.0,0.8421052631578947,54.0,0.32142857142857145
edge_prob,0.18,18,DynVAR-Lasso,1000,0.1,0.0,0.18,0.847953216374269,0.881578947368421,0.7222222222222222,30.0,0.8157894736842105,54.0,0.32142857142857145
edge_prob,0.18,18,STCG-v1,1000,0.1,0.0,0.18,0.8786549707602339,0.9312865497076024,0.7222222222222222,30.0,0.9210526315789473,54.0,0.32142857142857145
edge_prob,0.18,19,VAR-Lasso,1000,0.1,0.0,0.18,0.757303712720633,0.8146341463414634,0.6451612903225806,44.0,0.7804878048780488,62.0,0.36904761904761907
edge_prob,0.18,19,DynVAR-Lasso,1000,0.1,0.0,0.18,0.8084297017650639,0.8260162601626017,0.6451612903225806,44.0,0.8292682926829268,62.0,0.36904761904761907
edge_prob,0.18,19,STCG-v1,1000,0.1,0.0,0.18,0.8101034692635423,0.8373983739837398,0.6774193548387096,40.0,0.8536585365853658,62.0,0.36904761904761907
edge_prob,0.3,0,VAR-Lasso,1000,0.1,0.0,0.3,0.7657402155416903,0.8766666666666667,0.6707317073170732,54.0,0.76,82.0,0.4880952380952381
edge_prob,0.3,0,DynVAR-Lasso,1000,0.1,0.0,0.3,0.7809132161089053,0.9233333333333333,0.6585365853658537,56.0,0.8,82.0,0.4880952380952381
edge_prob,0.3,0,STCG-v1,1000,0.1,0.0,0.3,0.8220363017583664,0.9,0.7317073170731707,44.0,0.84,82.0,0.4880952380952381
edge_prob,0.3,1,VAR-Lasso,1000,0.1,0.0,0.3,0.7414599574769667,0.9308176100628931,0.6470588235294118,60.0,0.7924528301886793,85.0,0.5059523809523809
edge_prob,0.3,1,DynVAR-Lasso,1000,0.1,0.0,0.3,0.7611622962437987,0.8553459119496856,0.6941176470588235,52.0,0.7735849056603774,85.0,0.5059523809523809
edge_prob,0.3,1,STCG-v1,1000,0.1,0.0,0.3,0.7917788802267895,0.8427672955974843,0.7058823529411765,50.0,0.8490566037735849,85.0,0.5059523809523809
edge_prob,0.3,2,VAR-Lasso,1000,0.1,0.0,0.3,0.7773526077097506,0.81,0.7142857142857143,48.0,0.84,84.0,0.5
edge_prob,0.3,2,DynVAR-Lasso,1000,0.1,0.0,0.3,0.7840136054421769,0.84,0.6904761904761905,52.0,0.86,84.0,0.5
edge_prob,0.3,2,STCG-v1,1000,0.1,0.0,0.3,0.8197278911564626,0.8333333333333334,0.7738095238095238,38.0,0.88,84.0,0.5
edge_prob,0.3,3,VAR-Lasso,1000,0.1,0.0,0.3,0.748394462680177,0.4779874213836478,0.7362637362637363,48.0,0.8113207547169812,91.0,0.5416666666666666
edge_prob,0.3,3,DynVAR-Lasso,1000,0.1,0.0,0.3,0.7091479948622805,0.8050314465408805,0.6483516483516484,64.0,0.8113207547169812,91.0,0.5416666666666666
edge_prob,0.3,3,STCG-v1,1000,0.1,0.0,0.3,0.7415441701155987,0.9433962264150944,0.6703296703296703,60.0,0.8301886792452831,91.0,0.5416666666666666
edge_prob,0.3,4,VAR-Lasso,1000,0.1,0.0,0.3,0.8362007168458782,0.8983451536643026,0.7466666666666667,38.0,0.9148936170212766,75.0,0.44642857142857145
edge_prob,0.3,4,DynVAR-Lasso,1000,0.1,0.0,0.3,0.8275268817204301,0.8557919621749409,0.7333333333333333,40.0,0.8936170212765957,75.0,0.44642857142857145
edge_prob,0.3,4,STCG-v1,1000,0.1,0.0,0.3,0.850179211469534,0.8936170212765957,0.7466666666666667,38.0,0.9148936170212766,75.0,0.44642857142857145
edge_prob,0.3,5,VAR-Lasso,1000,0.1,0.0,0.3,0.7734767025089606,0.8746355685131195,0.7204301075268817,52.0,0.9183673469387755,93.0,0.5535714285714286
edge_prob,0.3,5,DynVAR-Lasso,1000,0.1,0.0,0.3,0.8050179211469534,0.8717201166180758,0.7419354838709677,48.0,0.8979591836734694,93.0,0.5535714285714286
edge_prob,0.3,5,STCG-v1,1000,0.1,0.0,0.3,0.8313978494623656,0.8600583090379009,0.7741935483870968,42.0,0.9183673469387755,93.0,0.5535714285714286
edge_prob,0.3,6,VAR-Lasso,1000,0.1,0.0,0.3,0.7715541690300624,0.701010101010101,0.6707317073170732,54.0,0.8888888888888888,82.0,0.4880952380952381
edge_prob,0.3,6,DynVAR-Lasso,1000,0.1,0.0,0.3,0.7721213840045377,0.8707070707070707,0.6951219512195121,50.0,0.8444444444444444,82.0,0.4880952380952381
edge_prob,0.3,6,STCG-v1,1000,0.1,0.0,0.3,0.7590754395916052,0.8545454545454545,0.6707317073170732,54.0,0.8444444444444444,82.0,0.4880952380952381
edge_prob,0.3,7,VAR-Lasso,1000,0.1,0.0,0.3,0.748044374911108,0.8513119533527697,0.7191011235955056,50.0,0.8367346938775511,89.0,0.5297619047619048
edge_prob,0.3,7,DynVAR-Lasso,1000,0.1,0.0,0.3,0.7037405774427535,0.7317784256559767,0.651685393258427,62.0,0.8775510204081632,89.0,0.5297619047619048
edge_prob,0.3,7,STCG-v1,1000,0.1,0.0,0.3,0.6950647134120325,0.7142857142857143,0.6292134831460674,66.0,0.8775510204081632,89.0,0.5297619047619048
edge_prob,0.3,8,VAR-Lasso,1000,0.1,0.0,0.3,0.71328125,0.7019230769230769,0.6477272727272727,62.0,0.8076923076923077,88.0,0.5238095238095238
edge_prob,0.3,8,DynVAR-Lasso,1000,0.1,0.0,0.3,0.7943181818181818,0.7788461538461539,0.7159090909090909,50.0,0.8076923076923077,88.0,0.5238095238095238
edge_prob,0.3,8,STCG-v1,1000,0.1,0.0,0.3,0.8008522727272728,0.875,0.7386363636363636,46.0,0.8461538461538461,88.0,0.5238095238095238
edge_prob,0.3,9,VAR-Lasso,1000,0.1,0.0,0.3,0.6819727891156463,0.79,0.6428571428571429,60.0,0.72,84.0,0.5
edge_prob,0.3,9,DynVAR-Lasso,1000,0.1,0.0,0.3,0.7413548752834467,0.88,0.6785714285714286,54.0,0.82,84.0,0.5
edge_prob,0.3,9,STCG-v1,1000,0.1,0.0,0.3,0.7617630385487528,0.8733333333333333,0.6785714285714286,54.0,0.78,84.0,0.5
edge_prob,0.3,10,VAR-Lasso,1000,0.1,0.0,0.3,0.7940300623936472,0.8983451536643026,0.7195121951219512,46.0,0.851063829787234,82.0,0.4880952380952381
edge_prob,0.3,10,DynVAR-Lasso,1000,0.1,0.0,0.3,0.7912648893930799,0.7801418439716312,0.7317073170731707,44.0,0.851063829787234,82.0,0.4880952380952381
edge_prob,0.3,10,STCG-v1,1000,0.1,0.0,0.3,0.8160805445263755,0.8605200945626478,0.7073170731707317,48.0,0.8723404255319149,82.0,0.4880952380952381
edge_prob,0.3,11,VAR-Lasso,1000,0.1,0.0,0.3,0.7575865002836075,0.79,0.7209302325581395,48.0,0.86,86.0,0.5119047619047619
edge_prob,0.3,11,DynVAR-Lasso,1000,0.1,0.0,0.3,0.7576574021554169,0.76,0.6976744186046512,52.0,0.82,86.0,0.5119047619047619
edge_prob,0.3,11,STCG-v1,1000,0.1,0.0,0.3,0.797078842881452,0.8366666666666667,0.6976744186046512,52.0,0.84,86.0,0.5119047619047619
edge_prob,0.3,12,VAR-Lasso,1000,0.1,0.0,0.3,0.7572940503432495,0.892128279883382,0.7282608695652174,50.0,0.8979591836734694,92.0,0.5476190476190477
edge_prob,0.3,12,DynVAR-Lasso,1000,0.1,0.0,0.3,0.7690217391304348,0.8250728862973761,0.7282608695652174,50.0,0.8775510204081632,92.0,0.5476190476190477
edge_prob,0.3,12,STCG-v1,1000,0.1,0.0,0.3,0.7810354691075515,0.8746355685131195,0.7282608695652174,50.0,0.8979591836734694,92.0,0.5476190476190477
edge_prob,0.3,13,VAR-Lasso,1000,0.1,0.0,0.3,0.740625,0.6875,0.6931818181818182,54.0,0.8269230769230769,88.0,0.5238095238095238
edge_prob,0.3,13,DynVAR-Lasso,1000,0.1,0.0,0.3,0.8143465909090909,0.8846153846153846,0.7727272727272727,40.0,0.8653846153846154,88.0,0.5238095238095238
edge_prob,0.3,13,STCG-v1,1000,0.1,0.0,0.3,0.8318181818181818,0.8990384615384616,0.7613636363636364,42.0,0.8846153846153846,88.0,0.5238095238095238
edge_prob,0.3,14,VAR-Lasso,1000,0.1,0.0,0.3,0.7815428983417447,0.7115839243498818,0.6575342465753424,50.0,0.7872340425531915,73.0,0.43452380952380953
edge_prob,0.3,14,DynVAR-Lasso,1000,0.1,0.0,0.3,0.8462869502523432,0.8321513002364066,0.7397260273972602,38.0,0.8723404255319149,73.0,0.43452380952380953
edge_prob,0.3,14,STCG-v1,1000,0.1,0.0,0.3,0.8696467195385724,0.7848699763593381,0.7945205479452054,30.0,0.851063829787234,73.0,0.43452380952380953
edge_prob,0.3,15,VAR-Lasso,1000,0.1,0.0,0.3,0.6740150760915944,0.7395833333333334,0.620253164556962,60.0,0.7916666666666666,79.0,0.47023809523809523
edge_prob,0.3,15,DynVAR-Lasso,1000,0.1,0.0,0.3,0.7464087612003982,0.7916666666666666,0.6708860759493671,52.0,0.7291666666666666,79.0,0.47023809523809523
edge_prob,0.3,15,STCG-v1,1000,0.1,0.0,0.3,0.7610581709571896,0.75,0.6708860759493671,52.0,0.7916666666666666,79.0,0.47023809523809523
edge_prob,0.3,16,VAR-Lasso,1000,0.1,0.0,0.3,0.6761146008886165,0.8509615384615384,0.7289719626168224,58.0,0.7692307692307693,107.0,0.6369047619047619
edge_prob,0.3,16,DynVAR-Lasso,1000,0.1,0.0,0.3,0.7387773862417649,0.7884615384615384,0.7570093457943925,52.0,0.8269230769230769,107.0,0.6369047619047619
edge_prob,0.3,16,STCG-v1,1000,0.1,0.0,0.3,0.7187069097594607,0.7932692307692307,0.7289719626168224,58.0,0.7884615384615384,107.0,0.6369047619047619
edge_prob,0.3,17,VAR-Lasso,1000,0.1,0.0,0.3,0.7344104308390023,0.7994791666666666,0.6785714285714286,54.0,0.7916666666666666,84.0,0.5
edge_prob,0.3,17,DynVAR-Lasso,1000,0.1,0.0,0.3,0.8295068027210885,0.9322916666666666,0.7380952380952381,44.0,0.8541666666666666,84.0,0.5
edge_prob,0.3,17,STCG-v1,1000,0.1,0.0,0.3,0.8438208616780045,0.8489583333333334,0.7738095238095238,38.0,0.875,84.0,0.5
edge_prob,0.3,18,VAR-Lasso,1000,0.1,0.0,0.3,0.7713920817369093,0.8745098039215686,0.7011494252873564,52.0,0.7647058823529411,87.0,0.5178571428571429
edge_prob,0.3,18,DynVAR-Lasso,1000,0.1,0.0,0.3,0.8142471973889598,0.8156862745098039,0.7471264367816092,44.0,0.8627450980392157,87.0,0.5178571428571429
edge_prob,0.3,18,STCG-v1,1000,0.1,0.0,0.3,0.8441890166028098,0.8862745098039215,0.8045977011494253,34.0,0.9215686274509803,87.0,0.5178571428571429
edge_prob,0.3,19,VAR-Lasso,1000,0.1,0.0,0.3,0.6736121021835307,0.7766666666666666,0.6813186813186813,58.0,0.76,91.0,0.5416666666666666
edge_prob,0.3,19,DynVAR-Lasso,1000,0.1,0.0,0.3,0.7207078635650064,0.7366666666666667,0.7032967032967034,54.0,0.84,91.0,0.5416666666666666
edge_prob,0.3,19,STCG-v1,1000,0.1,0.0,0.3,0.7281290138432995,0.7633333333333333,0.6593406593406593,62.0,0.82,91.0,0.5416666666666666
edge_prob,0.45,0,VAR-Lasso,1000,0.1,0.0,0.45,0.7020792722547109,0.9272727272727272,0.7719298245614035,52.0,0.8181818181818182,114.0,0.6785714285714286
edge_prob,0.45,0,DynVAR-Lasso,1000,0.1,0.0,0.45,0.7205977907732294,0.9636363636363636,0.7543859649122807,56.0,0.8909090909090909,114.0,0.6785714285714286
edge_prob,0.45,0,STCG-v1,1000,0.1,0.0,0.45,0.7433398310591293,1.0,0.7894736842105263,48.0,0.8363636363636363,114.0,0.6785714285714286
edge_prob,0.45,1,VAR-Lasso,1000,0.1,0.0,0.45,0.7196882690730106,nan,0.7565217391304347,56.0,0.875,115.0,0.6845238095238095
edge_prob,0.45,1,DynVAR-Lasso,1000,0.1,0.0,0.45,0.7583264971287941,nan,0.8,46.0,0.875,115.0,0.6845238095238095
edge_prob,0.45,1,STCG-v1,1000,0.1,0.0,0.45,0.7640689089417555,nan,0.8,46.0,0.875,115.0,0.6845238095238095
edge_prob,0.45,2,VAR-Lasso,1000,0.1,0.0,0.45,0.7244598765432099,0.8173076923076923,0.7222222222222222,60.0,0.9038461538461539,108.0,0.6428571428571429
edge_prob,0.45,2,DynVAR-Lasso,1000,0.1,0.0,0.45,0.7345679012345679,0.9375,0.75,54.0,0.9615384615384616,108.0,0.6428571428571429
edge_prob,0.45,2,STCG-v1,1000,0.1,0.0,0.45,0.7429012345679012,0.8653846153846154,0.7592592592592593,52.0,0.9423076923076923,108.0,0.6428571428571429
edge_prob,0.45,3,VAR-Lasso,1000,0.1,0.0,0.45,0.6855108141375066,0.8727272727272727,0.768595041322314,56.0,0.8909090909090909,121.0,0.7202380952380952
edge_prob,0.45,3,DynVAR-Lasso,1000,0.1,0.0,0.45,0.6922806400562687,0.8909090909090909,0.7603305785123967,58.0,0.8909090909090909,121.0,0.7202380952380952
edge_prob,0.45,3,STCG-v1,1000,0.1,0.0,0.45,0.7211183400738527,0.9818181818181818,0.7851239669421488,52.0,0.9272727272727272,121.0,0.7202380952380952
edge_prob,0.45,4,VAR-Lasso,1000,0.1,0.0,0.45,0.7058000310993625,nan,0.7247706422018348,60.0,0.8035714285714286,109.0,0.6488095238095238
edge_prob,0.45,4,DynVAR-Lasso,1000,0.1,0.0,0.45,0.7686207432747628,nan,0.7614678899082569,52.0,0.8928571428571429,109.0,0.6488095238095238
edge_prob,0.45,4,STCG-v1,1000,0.1,0.0,0.45,0.7795055201368372,nan,0.7889908256880734,46.0,0.8928571428571429,109.0,0.6488095238095238
edge_prob,0.45,5,VAR-Lasso,1000,0.1,0.0,0.45,0.7511913489736071,0.9433962264150944,0.8064516129032258,48.0,0.9056603773584906,124.0,0.7380952380952381
edge_prob,0.45,5,DynVAR-Lasso,1000,0.1,0.0,0.45,0.7608137829912024,0.89937106918239,0.8064516129032258,48.0,0.9433962264150944,124.0,0.7380952380952381
edge_prob,0.45,5,STCG-v1,1000,0.1,0.0,0.45,0.782624633431085,0.9245283018867925,0.8306451612903226,42.0,0.9433962264150944,124.0,0.7380952380952381
edge_prob,0.45,6,VAR-Lasso,1000,0.1,0.0,0.45,0.6791666666666667,0.8425925925925926,0.7583333333333333,58.0,0.8703703703703703,120.0,0.7142857142857143
edge_prob,0.45,6,DynVAR-Lasso,1000,0.1,0.0,0.45,0.6711805555555556,0.9166666666666666,0.7666666666666667,56.0,0.8333333333333334,120.0,0.7142857142857143
edge_prob,0.45,6,STCG-v1,1000,0.1,0.0,0.45,0.6836805555555555,0.9722222222222222,0.7583333333333333,58.0,0.8333333333333334,120.0,0.7142857142857143
edge_prob,0.45,7,VAR-Lasso,1000,0.1,0.0,0.45,0.6681749622926093,0.43636363636363634,0.7350427350427351,62.0,0.8727272727272727,117.0,0.6964285714285714
edge_prob,0.45,7,DynVAR-Lasso,1000,0.1,0.0,0.45,0.6546003016591252,0.36363636363636365,0.7350427350427351,62.0,0.9090909090909091,117.0,0.6964285714285714
edge_prob,0.45,7,STCG-v1,1000,0.1,0.0,0.45,0.6720294955589073,0.6181818181818182,0.7264957264957265,64.0,0.8727272727272727,117.0,0.6964285714285714
edge_prob,0.45,8,VAR-Lasso,1000,0.1,0.0,0.45,0.6344294003868471,0.7314814814814815,0.743801652892562,62.0,0.8148148148148148,121.0,0.7202380952380952
edge_prob,0.45,8,DynVAR-Lasso,1000,0.1,0.0,0.45,0.6722349217513628,0.9351851851851852,0.743801652892562,62.0,0.8518518518518519,121.0,0.7202380952380952
edge_prob,0.45,8,STCG-v1,1000,0.1,0.0,0.45,0.7142605943379637,0.8333333333333334,0.7851239669421488,52.0,0.9074074074074074,121.0,0.7202380952380952
edge_prob,0.45,9,VAR-Lasso,1000,0.1,0.0,0.45,0.6511074651353569,0.7037037037037037,0.7130434782608696,66.0,0.7962962962962963,115.0,0.6845238095238095
edge_prob,0.45,9,DynVAR-Lasso,1000,0.1,0.0,0.45,0.7350287120590648,0.9537037037037037,0.7652173913043478,54.0,0.9074074074074074,115.0,0.6845238095238095
edge_prob,0.45,9,STCG-v1,1000,0.1,0.0,0.45,0.7292863002461034,0.9537037037037037,0.7652173913043478,54.0,0.8888888888888888,115.0,0.6845238095238095
edge_prob,0.45,10,VAR-Lasso,1000,0.1,0.0,0.45,0.7051558355437666,0.9259259259259259,0.7586206896551724,56.0,0.8518518518518519,116.0,0.6904761904761905
edge_prob,0.45,10,DynVAR-Lasso,1000,0.1,0.0,0.45,0.7098806366047745,0.5740740740740741,0.7758620689655172,52.0,0.8888888888888888,116.0,0.6904761904761905
edge_prob,0.45,10,STCG-v1,1000,0.1,0.0,0.45,0.7243037135278515,0.6944444444444444,0.7586206896551724,56.0,0.8703703703703703,116.0,0.6904761904761905
edge_prob,0.45,11,VAR-Lasso,1000,0.1,0.0,0.45,0.7439415538132573,nan,0.8032786885245902,48.0,0.9107142857142857,122.0,0.7261904761904762
edge_prob,0.45,11,DynVAR-Lasso,1000,0.1,0.0,0.45,0.7277263007840342,nan,0.8032786885245902,48.0,0.8571428571428571,122.0,0.7261904761904762
edge_prob,0.45,11,STCG-v1,1000,0.1,0.0,0.45,0.7364575908766928,nan,0.7868852459016393,52.0,0.8928571428571429,122.0,0.7261904761904762
edge_prob,0.45,12,VAR-Lasso,1000,0.1,0.0,0.45,0.7519293431658378,nan,0.8067226890756303,46.0,0.8928571428571429,119.0,0.7083333333333334
edge_prob,0.45,12,DynVAR-Lasso,1000,0.1,0.0,0.45,0.739324301149031,nan,0.7899159663865546,50.0,0.875,119.0,0.7083333333333334
edge_prob,0.45,12,STCG-v1,1000,0.1,0.0,0.45,0.7600754587549305,nan,0.8067226890756303,46.0,0.9285714285714286,119.0,0.7083333333333334
edge_prob,0.45,13,VAR-Lasso,1000,0.1,0.0,0.45,0.6855106100795756,0.6909090909090909,0.7327586206896551,62.0,0.8727272727272727,116.0,0.6904761904761905
edge_prob,0.45,13,DynVAR-Lasso,1000,0.1,0.0,0.45,0.7692307692307693,0.9454545454545454,0.7931034482758621,48.0,0.8909090909090909,116.0,0.6904761904761905
edge_prob,0.45,13,STCG-v1,1000,0.1,0.0,0.45,0.7713859416445623,0.7818181818181819,0.8103448275862069,44.0,0.9090909090909091,116.0,0.6904761904761905
edge_prob,0.45,14,VAR-Lasso,1000,0.1,0.0,0.45,0.7180555555555556,0.8,0.7592592592592593,52.0,0.8545454545454545,108.0,0.6428571428571429
edge_prob,0.45,14,DynVAR-Lasso,1000,0.1,0.0,0.45,0.7689814814814815,1.0,0.7685185185185185,50.0,0.8363636363636363,108.0,0.6428571428571429
edge_prob,0.45,14,STCG-v1,1000,0.1,0.0,0.45,0.7939814814814815,0.8545454545454545,0.7777777777777778,48.0,0.8363636363636363,108.0,0.6428571428571429
edge_prob,0.45,15,VAR-Lasso,1000,0.1,0.0,0.45,0.6718033823296982,0.7067307692307693,0.7297297297297297,60.0,0.8653846153846154,111.0,0.6607142857142857
edge_prob,0.45,15,DynVAR-Lasso,1000,0.1,0.0,0.45,0.7161371898214004,0.875,0.7387387387387387,58.0,0.8653846153846154,111.0,0.6607142857142857
edge_prob,0.45,15,STCG-v1,1000,0.1,0.0,0.45,0.7156630314525051,0.8365384615384616,0.7657657657657657,52.0,0.8461538461538461,111.0,0.6607142857142857
edge_prob,0.45,16,VAR-Lasso,1000,0.1,0.0,0.45,0.6480297090984114,0.6181818181818182,0.8091603053435115,50.0,0.8363636363636363,131.0,0.7797619047619048
edge_prob,0.45,16,DynVAR-Lasso,1000,0.1,0.0,0.45,0.7468537239529606,0.8363636363636363,0.8396946564885496,42.0,0.8727272727272727,131.0,0.7797619047619048
edge_prob,0.45,16,STCG-v1,1000,0.1,0.0,0.45,0.7235403342273571,0.9272727272727272,0.8396946564885496,42.0,0.8727272727272727,131.0,0.7797619047619048
edge_prob,0.45,17,VAR-Lasso,1000,0.1,0.0,0.45,0.6912375790424571,nan,0.7967479674796748,50.0,0.8928571428571429,123.0,0.7321428571428571
edge_prob,0.45,17,DynVAR-Lasso,1000,0.1,0.0,0.45,0.7217705510388437,nan,0.7804878048780488,54.0,0.875,123.0,0.7321428571428571
edge_prob,0.45,17,STCG-v1,1000,0.1,0.0,0.45,0.7389340560072267,nan,0.8130081300813008,46.0,0.8571428571428571,123.0,0.7321428571428571
edge_prob,0.45,18,VAR-Lasso,1000,0.1,0.0,0.45,0.7248086734693877,nan,0.7857142857142857,48.0,0.8035714285714286,112.0,0.6666666666666666
edge_prob,0.45,18,DynVAR-Lasso,1000,0.1,0.0,0.45,0.7761479591836735,nan,0.7946428571428571,46.0,0.875,112.0,0.6666666666666666
edge_prob,0.45,18,STCG-v1,1000,0.1,0.0,0.45,0.7860331632653061,nan,0.7857142857142857,48.0,0.8928571428571429,112.0,0.6666666666666666
edge_prob,0.45,19,VAR-Lasso,1000,0.1,0.0,0.45,0.6439069767441861,0.8181818181818182,0.776,56.0,0.8363636363636363,125.0,0.7440476190476191
edge_prob,0.45,19,DynVAR-Lasso,1000,0.1,0.0,0.45,0.6844651162790698,0.32727272727272727,0.784,54.0,0.8909090909090909,125.0,0.7440476190476191
edge_prob,0.45,19,STCG-v1,1000,0.1,0.0,0.45,0.687813953488372,0.6,0.784,54.0,0.8727272727272727,125.0,0.7440476190476191
