dataset,seed,setting,method,ridge_alpha,graph_min_weight,graph_weight_power,graph_self_weight,state_count,auto_states,min_state_improvement,threshold_passed,kmeans_improvement,temporal_coherence,n_windows,true_state_count,inferred_state_count,adjusted_rand,aligned_accuracy,mean_label_purity,true_label_counts,inferred_state_counts,state_mapping,mae,rmse,node_rmse_mean,node_rmse_max
UCIHARWindowSignals,0,auto_k2_min_0.00,Dense Ridge,30.0,,,,2,True,0.0,True,0.06658872264834426,0.0,180,6,2,0.08460879067088627,0.35555555555555557,0.40194444444444444,LAYING:43;SITTING:25;STANDING:48;WALKING:41;WALKING_DOWNSTAIRS:2;WALKING_UPSTAIRS:21,0:56;1:124,"{""0"": ""STANDING"", ""1"": ""LAYING""}",0.3228103533621915,0.6797916270352214,0.6287594191997212,0.9146757713502421
UCIHARWindowSignals,0,auto_k2_min_0.00,DynVAR-Lasso Weighted Ridge,30.0,0.01,4.0,1.0,2,True,0.0,True,0.06658872264834426,0.0,180,6,2,0.08460879067088627,0.35555555555555557,0.40194444444444444,LAYING:43;SITTING:25;STANDING:48;WALKING:41;WALKING_DOWNSTAIRS:2;WALKING_UPSTAIRS:21,0:56;1:124,"{""0"": ""STANDING"", ""1"": ""LAYING""}",0.32047097797356,0.6786703965069079,0.6276494479383902,0.9148400937660098
UCIHARWindowSignals,0,auto_k2_min_0.00,STCG-v1 Weighted Ridge,30.0,0.01,4.0,1.0,2,True,0.0,True,0.06658872264834426,0.0,180,6,2,0.08460879067088627,0.35555555555555557,0.40194444444444444,LAYING:43;SITTING:25;STANDING:48;WALKING:41;WALKING_DOWNSTAIRS:2;WALKING_UPSTAIRS:21,0:56;1:124,"{""0"": ""STANDING"", ""1"": ""LAYING""}",0.32197844092758143,0.6792863090348665,0.6282301642370809,0.9146169375425759
UCIHARWindowSignals,0,auto_k2_min_0.00,Dense Ridge,100.0,,,,2,True,0.0,True,0.06658872264834426,0.0,180,6,2,0.08460879067088627,0.35555555555555557,0.40194444444444444,LAYING:43;SITTING:25;STANDING:48;WALKING:41;WALKING_DOWNSTAIRS:2;WALKING_UPSTAIRS:21,0:56;1:124,"{""0"": ""STANDING"", ""1"": ""LAYING""}",0.3248607761418505,0.6796550916006857,0.6293166483385894,0.9140601928068258
UCIHARWindowSignals,0,auto_k2_min_0.00,DynVAR-Lasso Weighted Ridge,100.0,0.01,4.0,1.0,2,True,0.0,True,0.06658872264834426,0.0,180,6,2,0.08460879067088627,0.35555555555555557,0.40194444444444444,LAYING:43;SITTING:25;STANDING:48;WALKING:41;WALKING_DOWNSTAIRS:2;WALKING_UPSTAIRS:21,0:56;1:124,"{""0"": ""STANDING"", ""1"": ""LAYING""}",0.32137746963044955,0.6791994171717621,0.6285675260876834,0.9162524931997263
UCIHARWindowSignals,0,auto_k2_min_0.00,STCG-v1 Weighted Ridge,100.0,0.01,4.0,1.0,2,True,0.0,True,0.06658872264834426,0.0,180,6,2,0.08460879067088627,0.35555555555555557,0.40194444444444444,LAYING:43;SITTING:25;STANDING:48;WALKING:41;WALKING_DOWNSTAIRS:2;WALKING_UPSTAIRS:21,0:56;1:124,"{""0"": ""STANDING"", ""1"": ""LAYING""}",0.323269545777314,0.678956727179943,0.6284336406111286,0.9143665082554728
UCIHARWindowSignals,0,auto_k2_min_0.04,Dense Ridge,30.0,,,,2,True,0.04,True,0.06658872264834426,0.0,180,6,2,0.08460879067088627,0.35555555555555557,0.40194444444444444,LAYING:43;SITTING:25;STANDING:48;WALKING:41;WALKING_DOWNSTAIRS:2;WALKING_UPSTAIRS:21,0:56;1:124,"{""0"": ""STANDING"", ""1"": ""LAYING""}",0.3228103533621915,0.6797916270352214,0.6287594191997212,0.9146757713502421
UCIHARWindowSignals,0,auto_k2_min_0.04,DynVAR-Lasso Weighted Ridge,30.0,0.01,4.0,1.0,2,True,0.04,True,0.06658872264834426,0.0,180,6,2,0.08460879067088627,0.35555555555555557,0.40194444444444444,LAYING:43;SITTING:25;STANDING:48;WALKING:41;WALKING_DOWNSTAIRS:2;WALKING_UPSTAIRS:21,0:56;1:124,"{""0"": ""STANDING"", ""1"": ""LAYING""}",0.32047097797356,0.6786703965069079,0.6276494479383902,0.9148400937660098
UCIHARWindowSignals,0,auto_k2_min_0.04,STCG-v1 Weighted Ridge,30.0,0.01,4.0,1.0,2,True,0.04,True,0.06658872264834426,0.0,180,6,2,0.08460879067088627,0.35555555555555557,0.40194444444444444,LAYING:43;SITTING:25;STANDING:48;WALKING:41;WALKING_DOWNSTAIRS:2;WALKING_UPSTAIRS:21,0:56;1:124,"{""0"": ""STANDING"", ""1"": ""LAYING""}",0.32197844092758143,0.6792863090348665,0.6282301642370809,0.9146169375425759
UCIHARWindowSignals,0,auto_k2_min_0.04,Dense Ridge,100.0,,,,2,True,0.04,True,0.06658872264834426,0.0,180,6,2,0.08460879067088627,0.35555555555555557,0.40194444444444444,LAYING:43;SITTING:25;STANDING:48;WALKING:41;WALKING_DOWNSTAIRS:2;WALKING_UPSTAIRS:21,0:56;1:124,"{""0"": ""STANDING"", ""1"": ""LAYING""}",0.3248607761418505,0.6796550916006857,0.6293166483385894,0.9140601928068258
UCIHARWindowSignals,0,auto_k2_min_0.04,DynVAR-Lasso Weighted Ridge,100.0,0.01,4.0,1.0,2,True,0.04,True,0.06658872264834426,0.0,180,6,2,0.08460879067088627,0.35555555555555557,0.40194444444444444,LAYING:43;SITTING:25;STANDING:48;WALKING:41;WALKING_DOWNSTAIRS:2;WALKING_UPSTAIRS:21,0:56;1:124,"{""0"": ""STANDING"", ""1"": ""LAYING""}",0.32137746963044955,0.6791994171717621,0.6285675260876834,0.9162524931997263
UCIHARWindowSignals,0,auto_k2_min_0.04,STCG-v1 Weighted Ridge,100.0,0.01,4.0,1.0,2,True,0.04,True,0.06658872264834426,0.0,180,6,2,0.08460879067088627,0.35555555555555557,0.40194444444444444,LAYING:43;SITTING:25;STANDING:48;WALKING:41;WALKING_DOWNSTAIRS:2;WALKING_UPSTAIRS:21,0:56;1:124,"{""0"": ""STANDING"", ""1"": ""LAYING""}",0.323269545777314,0.678956727179943,0.6284336406111286,0.9143665082554728
UCIHARWindowSignals,0,auto_k2_min_0.08,Dense Ridge,30.0,,,,2,True,0.08,False,0.06658872264834426,0.0,180,6,1,0.0,0.26666666666666666,0.40194444444444444,LAYING:43;SITTING:25;STANDING:48;WALKING:41;WALKING_DOWNSTAIRS:2;WALKING_UPSTAIRS:21,0:180,"{""0"": ""STANDING""}",0.3228103533621915,0.6797916270352214,0.6287594191997212,0.9146757713502421
UCIHARWindowSignals,0,auto_k2_min_0.08,DynVAR-Lasso Weighted Ridge,30.0,0.01,4.0,1.0,2,True,0.08,False,0.06658872264834426,0.0,180,6,1,0.0,0.26666666666666666,0.40194444444444444,LAYING:43;SITTING:25;STANDING:48;WALKING:41;WALKING_DOWNSTAIRS:2;WALKING_UPSTAIRS:21,0:180,"{""0"": ""STANDING""}",0.32047097797356,0.6786703965069079,0.6276494479383902,0.9148400937660098
UCIHARWindowSignals,0,auto_k2_min_0.08,STCG-v1 Weighted Ridge,30.0,0.01,4.0,1.0,2,True,0.08,False,0.06658872264834426,0.0,180,6,1,0.0,0.26666666666666666,0.40194444444444444,LAYING:43;SITTING:25;STANDING:48;WALKING:41;WALKING_DOWNSTAIRS:2;WALKING_UPSTAIRS:21,0:180,"{""0"": ""STANDING""}",0.32047097797356,0.6786703965069079,0.6276494479383902,0.9148400937660098
UCIHARWindowSignals,0,auto_k2_min_0.08,Dense Ridge,100.0,,,,2,True,0.08,False,0.06658872264834426,0.0,180,6,1,0.0,0.26666666666666666,0.40194444444444444,LAYING:43;SITTING:25;STANDING:48;WALKING:41;WALKING_DOWNSTAIRS:2;WALKING_UPSTAIRS:21,0:180,"{""0"": ""STANDING""}",0.3248607761418505,0.6796550916006857,0.6293166483385894,0.9140601928068258
UCIHARWindowSignals,0,auto_k2_min_0.08,DynVAR-Lasso Weighted Ridge,100.0,0.01,4.0,1.0,2,True,0.08,False,0.06658872264834426,0.0,180,6,1,0.0,0.26666666666666666,0.40194444444444444,LAYING:43;SITTING:25;STANDING:48;WALKING:41;WALKING_DOWNSTAIRS:2;WALKING_UPSTAIRS:21,0:180,"{""0"": ""STANDING""}",0.32137746963044955,0.6791994171717621,0.6285675260876834,0.9162524931997263
UCIHARWindowSignals,0,auto_k2_min_0.08,STCG-v1 Weighted Ridge,100.0,0.01,4.0,1.0,2,True,0.08,False,0.06658872264834426,0.0,180,6,1,0.0,0.26666666666666666,0.40194444444444444,LAYING:43;SITTING:25;STANDING:48;WALKING:41;WALKING_DOWNSTAIRS:2;WALKING_UPSTAIRS:21,0:180,"{""0"": ""STANDING""}",0.32137746963044955,0.6791994171717621,0.6285675260876834,0.9162524931997263
UCIHARWindowSignals,0,auto_k2_min_0.12,Dense Ridge,30.0,,,,2,True,0.12,False,0.06658872264834426,0.0,180,6,1,0.0,0.26666666666666666,0.40194444444444444,LAYING:43;SITTING:25;STANDING:48;WALKING:41;WALKING_DOWNSTAIRS:2;WALKING_UPSTAIRS:21,0:180,"{""0"": ""STANDING""}",0.3228103533621915,0.6797916270352214,0.6287594191997212,0.9146757713502421
UCIHARWindowSignals,0,auto_k2_min_0.12,DynVAR-Lasso Weighted Ridge,30.0,0.01,4.0,1.0,2,True,0.12,False,0.06658872264834426,0.0,180,6,1,0.0,0.26666666666666666,0.40194444444444444,LAYING:43;SITTING:25;STANDING:48;WALKING:41;WALKING_DOWNSTAIRS:2;WALKING_UPSTAIRS:21,0:180,"{""0"": ""STANDING""}",0.32047097797356,0.6786703965069079,0.6276494479383902,0.9148400937660098
UCIHARWindowSignals,0,auto_k2_min_0.12,STCG-v1 Weighted Ridge,30.0,0.01,4.0,1.0,2,True,0.12,False,0.06658872264834426,0.0,180,6,1,0.0,0.26666666666666666,0.40194444444444444,LAYING:43;SITTING:25;STANDING:48;WALKING:41;WALKING_DOWNSTAIRS:2;WALKING_UPSTAIRS:21,0:180,"{""0"": ""STANDING""}",0.32047097797356,0.6786703965069079,0.6276494479383902,0.9148400937660098
UCIHARWindowSignals,0,auto_k2_min_0.12,Dense Ridge,100.0,,,,2,True,0.12,False,0.06658872264834426,0.0,180,6,1,0.0,0.26666666666666666,0.40194444444444444,LAYING:43;SITTING:25;STANDING:48;WALKING:41;WALKING_DOWNSTAIRS:2;WALKING_UPSTAIRS:21,0:180,"{""0"": ""STANDING""}",0.3248607761418505,0.6796550916006857,0.6293166483385894,0.9140601928068258
UCIHARWindowSignals,0,auto_k2_min_0.12,DynVAR-Lasso Weighted Ridge,100.0,0.01,4.0,1.0,2,True,0.12,False,0.06658872264834426,0.0,180,6,1,0.0,0.26666666666666666,0.40194444444444444,LAYING:43;SITTING:25;STANDING:48;WALKING:41;WALKING_DOWNSTAIRS:2;WALKING_UPSTAIRS:21,0:180,"{""0"": ""STANDING""}",0.32137746963044955,0.6791994171717621,0.6285675260876834,0.9162524931997263
UCIHARWindowSignals,0,auto_k2_min_0.12,STCG-v1 Weighted Ridge,100.0,0.01,4.0,1.0,2,True,0.12,False,0.06658872264834426,0.0,180,6,1,0.0,0.26666666666666666,0.40194444444444444,LAYING:43;SITTING:25;STANDING:48;WALKING:41;WALKING_DOWNSTAIRS:2;WALKING_UPSTAIRS:21,0:180,"{""0"": ""STANDING""}",0.32137746963044955,0.6791994171717621,0.6285675260876834,0.9162524931997263
UCIHARWindowSignals,0,auto_k2_min_0.16,Dense Ridge,30.0,,,,2,True,0.16,False,0.06658872264834426,0.0,180,6,1,0.0,0.26666666666666666,0.40194444444444444,LAYING:43;SITTING:25;STANDING:48;WALKING:41;WALKING_DOWNSTAIRS:2;WALKING_UPSTAIRS:21,0:180,"{""0"": ""STANDING""}",0.3228103533621915,0.6797916270352214,0.6287594191997212,0.9146757713502421
UCIHARWindowSignals,0,auto_k2_min_0.16,DynVAR-Lasso Weighted Ridge,30.0,0.01,4.0,1.0,2,True,0.16,False,0.06658872264834426,0.0,180,6,1,0.0,0.26666666666666666,0.40194444444444444,LAYING:43;SITTING:25;STANDING:48;WALKING:41;WALKING_DOWNSTAIRS:2;WALKING_UPSTAIRS:21,0:180,"{""0"": ""STANDING""}",0.32047097797356,0.6786703965069079,0.6276494479383902,0.9148400937660098
UCIHARWindowSignals,0,auto_k2_min_0.16,STCG-v1 Weighted Ridge,30.0,0.01,4.0,1.0,2,True,0.16,False,0.06658872264834426,0.0,180,6,1,0.0,0.26666666666666666,0.40194444444444444,LAYING:43;SITTING:25;STANDING:48;WALKING:41;WALKING_DOWNSTAIRS:2;WALKING_UPSTAIRS:21,0:180,"{""0"": ""STANDING""}",0.32047097797356,0.6786703965069079,0.6276494479383902,0.9148400937660098
UCIHARWindowSignals,0,auto_k2_min_0.16,Dense Ridge,100.0,,,,2,True,0.16,False,0.06658872264834426,0.0,180,6,1,0.0,0.26666666666666666,0.40194444444444444,LAYING:43;SITTING:25;STANDING:48;WALKING:41;WALKING_DOWNSTAIRS:2;WALKING_UPSTAIRS:21,0:180,"{""0"": ""STANDING""}",0.3248607761418505,0.6796550916006857,0.6293166483385894,0.9140601928068258
UCIHARWindowSignals,0,auto_k2_min_0.16,DynVAR-Lasso Weighted Ridge,100.0,0.01,4.0,1.0,2,True,0.16,False,0.06658872264834426,0.0,180,6,1,0.0,0.26666666666666666,0.40194444444444444,LAYING:43;SITTING:25;STANDING:48;WALKING:41;WALKING_DOWNSTAIRS:2;WALKING_UPSTAIRS:21,0:180,"{""0"": ""STANDING""}",0.32137746963044955,0.6791994171717621,0.6285675260876834,0.9162524931997263
UCIHARWindowSignals,0,auto_k2_min_0.16,STCG-v1 Weighted Ridge,100.0,0.01,4.0,1.0,2,True,0.16,False,0.06658872264834426,0.0,180,6,1,0.0,0.26666666666666666,0.40194444444444444,LAYING:43;SITTING:25;STANDING:48;WALKING:41;WALKING_DOWNSTAIRS:2;WALKING_UPSTAIRS:21,0:180,"{""0"": ""STANDING""}",0.32137746963044955,0.6791994171717621,0.6285675260876834,0.9162524931997263
UCIHARWindowSignals,0,forced_k2,Dense Ridge,30.0,,,,2,False,0.0,True,0.06658872264834426,0.0,180,6,2,0.08460879067088627,0.35555555555555557,0.40194444444444444,LAYING:43;SITTING:25;STANDING:48;WALKING:41;WALKING_DOWNSTAIRS:2;WALKING_UPSTAIRS:21,0:56;1:124,"{""0"": ""STANDING"", ""1"": ""LAYING""}",0.3228103533621915,0.6797916270352214,0.6287594191997212,0.9146757713502421
UCIHARWindowSignals,0,forced_k2,DynVAR-Lasso Weighted Ridge,30.0,0.01,4.0,1.0,2,False,0.0,True,0.06658872264834426,0.0,180,6,2,0.08460879067088627,0.35555555555555557,0.40194444444444444,LAYING:43;SITTING:25;STANDING:48;WALKING:41;WALKING_DOWNSTAIRS:2;WALKING_UPSTAIRS:21,0:56;1:124,"{""0"": ""STANDING"", ""1"": ""LAYING""}",0.32047097797356,0.6786703965069079,0.6276494479383902,0.9148400937660098
UCIHARWindowSignals,0,forced_k2,STCG-v1 Weighted Ridge,30.0,0.01,4.0,1.0,2,False,0.0,True,0.06658872264834426,0.0,180,6,2,0.08460879067088627,0.35555555555555557,0.40194444444444444,LAYING:43;SITTING:25;STANDING:48;WALKING:41;WALKING_DOWNSTAIRS:2;WALKING_UPSTAIRS:21,0:56;1:124,"{""0"": ""STANDING"", ""1"": ""LAYING""}",0.32197844092758143,0.6792863090348665,0.6282301642370809,0.9146169375425759
UCIHARWindowSignals,0,forced_k2,Dense Ridge,100.0,,,,2,False,0.0,True,0.06658872264834426,0.0,180,6,2,0.08460879067088627,0.35555555555555557,0.40194444444444444,LAYING:43;SITTING:25;STANDING:48;WALKING:41;WALKING_DOWNSTAIRS:2;WALKING_UPSTAIRS:21,0:56;1:124,"{""0"": ""STANDING"", ""1"": ""LAYING""}",0.3248607761418505,0.6796550916006857,0.6293166483385894,0.9140601928068258
UCIHARWindowSignals,0,forced_k2,DynVAR-Lasso Weighted Ridge,100.0,0.01,4.0,1.0,2,False,0.0,True,0.06658872264834426,0.0,180,6,2,0.08460879067088627,0.35555555555555557,0.40194444444444444,LAYING:43;SITTING:25;STANDING:48;WALKING:41;WALKING_DOWNSTAIRS:2;WALKING_UPSTAIRS:21,0:56;1:124,"{""0"": ""STANDING"", ""1"": ""LAYING""}",0.32137746963044955,0.6791994171717621,0.6285675260876834,0.9162524931997263
UCIHARWindowSignals,0,forced_k2,STCG-v1 Weighted Ridge,100.0,0.01,4.0,1.0,2,False,0.0,True,0.06658872264834426,0.0,180,6,2,0.08460879067088627,0.35555555555555557,0.40194444444444444,LAYING:43;SITTING:25;STANDING:48;WALKING:41;WALKING_DOWNSTAIRS:2;WALKING_UPSTAIRS:21,0:56;1:124,"{""0"": ""STANDING"", ""1"": ""LAYING""}",0.323269545777314,0.678956727179943,0.6284336406111286,0.9143665082554728
UCIHARWindowSignals,0,auto_k3_min_0.00,Dense Ridge,30.0,,,,3,True,0.0,True,0.08344919770209527,0.07039106145251398,180,6,3,0.0805927076340554,0.34444444444444444,0.40194444444444444,LAYING:43;SITTING:25;STANDING:48;WALKING:41;WALKING_DOWNSTAIRS:2;WALKING_UPSTAIRS:21,0:45;1:45;2:90,"{""0"": ""STANDING"", ""1"": ""WALKING"", ""2"": ""LAYING""}",0.3228103533621915,0.6797916270352214,0.6287594191997212,0.9146757713502421
UCIHARWindowSignals,0,auto_k3_min_0.00,DynVAR-Lasso Weighted Ridge,30.0,0.01,4.0,1.0,3,True,0.0,True,0.08344919770209527,0.07039106145251398,180,6,3,0.0805927076340554,0.34444444444444444,0.40194444444444444,LAYING:43;SITTING:25;STANDING:48;WALKING:41;WALKING_DOWNSTAIRS:2;WALKING_UPSTAIRS:21,0:45;1:45;2:90,"{""0"": ""STANDING"", ""1"": ""WALKING"", ""2"": ""LAYING""}",0.32047097797356,0.6786703965069079,0.6276494479383902,0.9148400937660098
UCIHARWindowSignals,0,auto_k3_min_0.00,STCG-v1 Weighted Ridge,30.0,0.01,4.0,1.0,3,True,0.0,True,0.08344919770209527,0.07039106145251398,180,6,3,0.0805927076340554,0.34444444444444444,0.40194444444444444,LAYING:43;SITTING:25;STANDING:48;WALKING:41;WALKING_DOWNSTAIRS:2;WALKING_UPSTAIRS:21,0:45;1:45;2:90,"{""0"": ""STANDING"", ""1"": ""WALKING"", ""2"": ""LAYING""}",0.32198324316043087,0.6792973955359471,0.6282271830789493,0.9146746574918084
UCIHARWindowSignals,0,auto_k3_min_0.00,Dense Ridge,100.0,,,,3,True,0.0,True,0.08344919770209527,0.07039106145251398,180,6,3,0.0805927076340554,0.34444444444444444,0.40194444444444444,LAYING:43;SITTING:25;STANDING:48;WALKING:41;WALKING_DOWNSTAIRS:2;WALKING_UPSTAIRS:21,0:45;1:45;2:90,"{""0"": ""STANDING"", ""1"": ""WALKING"", ""2"": ""LAYING""}",0.3248607761418505,0.6796550916006857,0.6293166483385894,0.9140601928068258
UCIHARWindowSignals,0,auto_k3_min_0.00,DynVAR-Lasso Weighted Ridge,100.0,0.01,4.0,1.0,3,True,0.0,True,0.08344919770209527,0.07039106145251398,180,6,3,0.0805927076340554,0.34444444444444444,0.40194444444444444,LAYING:43;SITTING:25;STANDING:48;WALKING:41;WALKING_DOWNSTAIRS:2;WALKING_UPSTAIRS:21,0:45;1:45;2:90,"{""0"": ""STANDING"", ""1"": ""WALKING"", ""2"": ""LAYING""}",0.32137746963044955,0.6791994171717621,0.6285675260876834,0.9162524931997263
UCIHARWindowSignals,0,auto_k3_min_0.00,STCG-v1 Weighted Ridge,100.0,0.01,4.0,1.0,3,True,0.0,True,0.08344919770209527,0.07039106145251398,180,6,3,0.0805927076340554,0.34444444444444444,0.40194444444444444,LAYING:43;SITTING:25;STANDING:48;WALKING:41;WALKING_DOWNSTAIRS:2;WALKING_UPSTAIRS:21,0:45;1:45;2:90,"{""0"": ""STANDING"", ""1"": ""WALKING"", ""2"": ""LAYING""}",0.3232370420018868,0.6789311874912636,0.6283912922608518,0.9142816219958504
UCIHARWindowSignals,0,auto_k3_min_0.04,Dense Ridge,30.0,,,,3,True,0.04,True,0.08344919770209527,0.07039106145251398,180,6,3,0.0805927076340554,0.34444444444444444,0.40194444444444444,LAYING:43;SITTING:25;STANDING:48;WALKING:41;WALKING_DOWNSTAIRS:2;WALKING_UPSTAIRS:21,0:45;1:45;2:90,"{""0"": ""STANDING"", ""1"": ""WALKING"", ""2"": ""LAYING""}",0.3228103533621915,0.6797916270352214,0.6287594191997212,0.9146757713502421
UCIHARWindowSignals,0,auto_k3_min_0.04,DynVAR-Lasso Weighted Ridge,30.0,0.01,4.0,1.0,3,True,0.04,True,0.08344919770209527,0.07039106145251398,180,6,3,0.0805927076340554,0.34444444444444444,0.40194444444444444,LAYING:43;SITTING:25;STANDING:48;WALKING:41;WALKING_DOWNSTAIRS:2;WALKING_UPSTAIRS:21,0:45;1:45;2:90,"{""0"": ""STANDING"", ""1"": ""WALKING"", ""2"": ""LAYING""}",0.32047097797356,0.6786703965069079,0.6276494479383902,0.9148400937660098
UCIHARWindowSignals,0,auto_k3_min_0.04,STCG-v1 Weighted Ridge,30.0,0.01,4.0,1.0,3,True,0.04,True,0.08344919770209527,0.07039106145251398,180,6,3,0.0805927076340554,0.34444444444444444,0.40194444444444444,LAYING:43;SITTING:25;STANDING:48;WALKING:41;WALKING_DOWNSTAIRS:2;WALKING_UPSTAIRS:21,0:45;1:45;2:90,"{""0"": ""STANDING"", ""1"": ""WALKING"", ""2"": ""LAYING""}",0.32198324316043087,0.6792973955359471,0.6282271830789493,0.9146746574918084
UCIHARWindowSignals,0,auto_k3_min_0.04,Dense Ridge,100.0,,,,3,True,0.04,True,0.08344919770209527,0.07039106145251398,180,6,3,0.0805927076340554,0.34444444444444444,0.40194444444444444,LAYING:43;SITTING:25;STANDING:48;WALKING:41;WALKING_DOWNSTAIRS:2;WALKING_UPSTAIRS:21,0:45;1:45;2:90,"{""0"": ""STANDING"", ""1"": ""WALKING"", ""2"": ""LAYING""}",0.3248607761418505,0.6796550916006857,0.6293166483385894,0.9140601928068258
UCIHARWindowSignals,0,auto_k3_min_0.04,DynVAR-Lasso Weighted Ridge,100.0,0.01,4.0,1.0,3,True,0.04,True,0.08344919770209527,0.07039106145251398,180,6,3,0.0805927076340554,0.34444444444444444,0.40194444444444444,LAYING:43;SITTING:25;STANDING:48;WALKING:41;WALKING_DOWNSTAIRS:2;WALKING_UPSTAIRS:21,0:45;1:45;2:90,"{""0"": ""STANDING"", ""1"": ""WALKING"", ""2"": ""LAYING""}",0.32137746963044955,0.6791994171717621,0.6285675260876834,0.9162524931997263
UCIHARWindowSignals,0,auto_k3_min_0.04,STCG-v1 Weighted Ridge,100.0,0.01,4.0,1.0,3,True,0.04,True,0.08344919770209527,0.07039106145251398,180,6,3,0.0805927076340554,0.34444444444444444,0.40194444444444444,LAYING:43;SITTING:25;STANDING:48;WALKING:41;WALKING_DOWNSTAIRS:2;WALKING_UPSTAIRS:21,0:45;1:45;2:90,"{""0"": ""STANDING"", ""1"": ""WALKING"", ""2"": ""LAYING""}",0.3232370420018868,0.6789311874912636,0.6283912922608518,0.9142816219958504
UCIHARWindowSignals,0,auto_k3_min_0.08,Dense Ridge,30.0,,,,3,True,0.08,True,0.08344919770209527,0.07039106145251398,180,6,3,0.0805927076340554,0.34444444444444444,0.40194444444444444,LAYING:43;SITTING:25;STANDING:48;WALKING:41;WALKING_DOWNSTAIRS:2;WALKING_UPSTAIRS:21,0:45;1:45;2:90,"{""0"": ""STANDING"", ""1"": ""WALKING"", ""2"": ""LAYING""}",0.3228103533621915,0.6797916270352214,0.6287594191997212,0.9146757713502421
UCIHARWindowSignals,0,auto_k3_min_0.08,DynVAR-Lasso Weighted Ridge,30.0,0.01,4.0,1.0,3,True,0.08,True,0.08344919770209527,0.07039106145251398,180,6,3,0.0805927076340554,0.34444444444444444,0.40194444444444444,LAYING:43;SITTING:25;STANDING:48;WALKING:41;WALKING_DOWNSTAIRS:2;WALKING_UPSTAIRS:21,0:45;1:45;2:90,"{""0"": ""STANDING"", ""1"": ""WALKING"", ""2"": ""LAYING""}",0.32047097797356,0.6786703965069079,0.6276494479383902,0.9148400937660098
UCIHARWindowSignals,0,auto_k3_min_0.08,STCG-v1 Weighted Ridge,30.0,0.01,4.0,1.0,3,True,0.08,True,0.08344919770209527,0.07039106145251398,180,6,3,0.0805927076340554,0.34444444444444444,0.40194444444444444,LAYING:43;SITTING:25;STANDING:48;WALKING:41;WALKING_DOWNSTAIRS:2;WALKING_UPSTAIRS:21,0:45;1:45;2:90,"{""0"": ""STANDING"", ""1"": ""WALKING"", ""2"": ""LAYING""}",0.32198324316043087,0.6792973955359471,0.6282271830789493,0.9146746574918084
UCIHARWindowSignals,0,auto_k3_min_0.08,Dense Ridge,100.0,,,,3,True,0.08,True,0.08344919770209527,0.07039106145251398,180,6,3,0.0805927076340554,0.34444444444444444,0.40194444444444444,LAYING:43;SITTING:25;STANDING:48;WALKING:41;WALKING_DOWNSTAIRS:2;WALKING_UPSTAIRS:21,0:45;1:45;2:90,"{""0"": ""STANDING"", ""1"": ""WALKING"", ""2"": ""LAYING""}",0.3248607761418505,0.6796550916006857,0.6293166483385894,0.9140601928068258
UCIHARWindowSignals,0,auto_k3_min_0.08,DynVAR-Lasso Weighted Ridge,100.0,0.01,4.0,1.0,3,True,0.08,True,0.08344919770209527,0.07039106145251398,180,6,3,0.0805927076340554,0.34444444444444444,0.40194444444444444,LAYING:43;SITTING:25;STANDING:48;WALKING:41;WALKING_DOWNSTAIRS:2;WALKING_UPSTAIRS:21,0:45;1:45;2:90,"{""0"": ""STANDING"", ""1"": ""WALKING"", ""2"": ""LAYING""}",0.32137746963044955,0.6791994171717621,0.6285675260876834,0.9162524931997263
UCIHARWindowSignals,0,auto_k3_min_0.08,STCG-v1 Weighted Ridge,100.0,0.01,4.0,1.0,3,True,0.08,True,0.08344919770209527,0.07039106145251398,180,6,3,0.0805927076340554,0.34444444444444444,0.40194444444444444,LAYING:43;SITTING:25;STANDING:48;WALKING:41;WALKING_DOWNSTAIRS:2;WALKING_UPSTAIRS:21,0:45;1:45;2:90,"{""0"": ""STANDING"", ""1"": ""WALKING"", ""2"": ""LAYING""}",0.3232370420018868,0.6789311874912636,0.6283912922608518,0.9142816219958504
UCIHARWindowSignals,0,auto_k3_min_0.12,Dense Ridge,30.0,,,,3,True,0.12,False,0.08344919770209527,0.07039106145251398,180,6,1,0.0,0.26666666666666666,0.40194444444444444,LAYING:43;SITTING:25;STANDING:48;WALKING:41;WALKING_DOWNSTAIRS:2;WALKING_UPSTAIRS:21,0:180,"{""0"": ""STANDING""}",0.3228103533621915,0.6797916270352214,0.6287594191997212,0.9146757713502421
UCIHARWindowSignals,0,auto_k3_min_0.12,DynVAR-Lasso Weighted Ridge,30.0,0.01,4.0,1.0,3,True,0.12,False,0.08344919770209527,0.07039106145251398,180,6,1,0.0,0.26666666666666666,0.40194444444444444,LAYING:43;SITTING:25;STANDING:48;WALKING:41;WALKING_DOWNSTAIRS:2;WALKING_UPSTAIRS:21,0:180,"{""0"": ""STANDING""}",0.32047097797356,0.6786703965069079,0.6276494479383902,0.9148400937660098
UCIHARWindowSignals,0,auto_k3_min_0.12,STCG-v1 Weighted Ridge,30.0,0.01,4.0,1.0,3,True,0.12,False,0.08344919770209527,0.07039106145251398,180,6,1,0.0,0.26666666666666666,0.40194444444444444,LAYING:43;SITTING:25;STANDING:48;WALKING:41;WALKING_DOWNSTAIRS:2;WALKING_UPSTAIRS:21,0:180,"{""0"": ""STANDING""}",0.32047097797356,0.6786703965069079,0.6276494479383902,0.9148400937660098
UCIHARWindowSignals,0,auto_k3_min_0.12,Dense Ridge,100.0,,,,3,True,0.12,False,0.08344919770209527,0.07039106145251398,180,6,1,0.0,0.26666666666666666,0.40194444444444444,LAYING:43;SITTING:25;STANDING:48;WALKING:41;WALKING_DOWNSTAIRS:2;WALKING_UPSTAIRS:21,0:180,"{""0"": ""STANDING""}",0.3248607761418505,0.6796550916006857,0.6293166483385894,0.9140601928068258
UCIHARWindowSignals,0,auto_k3_min_0.12,DynVAR-Lasso Weighted Ridge,100.0,0.01,4.0,1.0,3,True,0.12,False,0.08344919770209527,0.07039106145251398,180,6,1,0.0,0.26666666666666666,0.40194444444444444,LAYING:43;SITTING:25;STANDING:48;WALKING:41;WALKING_DOWNSTAIRS:2;WALKING_UPSTAIRS:21,0:180,"{""0"": ""STANDING""}",0.32137746963044955,0.6791994171717621,0.6285675260876834,0.9162524931997263
UCIHARWindowSignals,0,auto_k3_min_0.12,STCG-v1 Weighted Ridge,100.0,0.01,4.0,1.0,3,True,0.12,False,0.08344919770209527,0.07039106145251398,180,6,1,0.0,0.26666666666666666,0.40194444444444444,LAYING:43;SITTING:25;STANDING:48;WALKING:41;WALKING_DOWNSTAIRS:2;WALKING_UPSTAIRS:21,0:180,"{""0"": ""STANDING""}",0.32137746963044955,0.6791994171717621,0.6285675260876834,0.9162524931997263
UCIHARWindowSignals,0,auto_k3_min_0.16,Dense Ridge,30.0,,,,3,True,0.16,False,0.08344919770209527,0.07039106145251398,180,6,1,0.0,0.26666666666666666,0.40194444444444444,LAYING:43;SITTING:25;STANDING:48;WALKING:41;WALKING_DOWNSTAIRS:2;WALKING_UPSTAIRS:21,0:180,"{""0"": ""STANDING""}",0.3228103533621915,0.6797916270352214,0.6287594191997212,0.9146757713502421
UCIHARWindowSignals,0,auto_k3_min_0.16,DynVAR-Lasso Weighted Ridge,30.0,0.01,4.0,1.0,3,True,0.16,False,0.08344919770209527,0.07039106145251398,180,6,1,0.0,0.26666666666666666,0.40194444444444444,LAYING:43;SITTING:25;STANDING:48;WALKING:41;WALKING_DOWNSTAIRS:2;WALKING_UPSTAIRS:21,0:180,"{""0"": ""STANDING""}",0.32047097797356,0.6786703965069079,0.6276494479383902,0.9148400937660098
UCIHARWindowSignals,0,auto_k3_min_0.16,STCG-v1 Weighted Ridge,30.0,0.01,4.0,1.0,3,True,0.16,False,0.08344919770209527,0.07039106145251398,180,6,1,0.0,0.26666666666666666,0.40194444444444444,LAYING:43;SITTING:25;STANDING:48;WALKING:41;WALKING_DOWNSTAIRS:2;WALKING_UPSTAIRS:21,0:180,"{""0"": ""STANDING""}",0.32047097797356,0.6786703965069079,0.6276494479383902,0.9148400937660098
UCIHARWindowSignals,0,auto_k3_min_0.16,Dense Ridge,100.0,,,,3,True,0.16,False,0.08344919770209527,0.07039106145251398,180,6,1,0.0,0.26666666666666666,0.40194444444444444,LAYING:43;SITTING:25;STANDING:48;WALKING:41;WALKING_DOWNSTAIRS:2;WALKING_UPSTAIRS:21,0:180,"{""0"": ""STANDING""}",0.3248607761418505,0.6796550916006857,0.6293166483385894,0.9140601928068258
UCIHARWindowSignals,0,auto_k3_min_0.16,DynVAR-Lasso Weighted Ridge,100.0,0.01,4.0,1.0,3,True,0.16,False,0.08344919770209527,0.07039106145251398,180,6,1,0.0,0.26666666666666666,0.40194444444444444,LAYING:43;SITTING:25;STANDING:48;WALKING:41;WALKING_DOWNSTAIRS:2;WALKING_UPSTAIRS:21,0:180,"{""0"": ""STANDING""}",0.32137746963044955,0.6791994171717621,0.6285675260876834,0.9162524931997263
UCIHARWindowSignals,0,auto_k3_min_0.16,STCG-v1 Weighted Ridge,100.0,0.01,4.0,1.0,3,True,0.16,False,0.08344919770209527,0.07039106145251398,180,6,1,0.0,0.26666666666666666,0.40194444444444444,LAYING:43;SITTING:25;STANDING:48;WALKING:41;WALKING_DOWNSTAIRS:2;WALKING_UPSTAIRS:21,0:180,"{""0"": ""STANDING""}",0.32137746963044955,0.6791994171717621,0.6285675260876834,0.9162524931997263
UCIHARWindowSignals,0,forced_k3,Dense Ridge,30.0,,,,3,False,0.0,True,0.08344919770209527,0.07039106145251398,180,6,3,0.0805927076340554,0.34444444444444444,0.40194444444444444,LAYING:43;SITTING:25;STANDING:48;WALKING:41;WALKING_DOWNSTAIRS:2;WALKING_UPSTAIRS:21,0:45;1:45;2:90,"{""0"": ""STANDING"", ""1"": ""WALKING"", ""2"": ""LAYING""}",0.3228103533621915,0.6797916270352214,0.6287594191997212,0.9146757713502421
UCIHARWindowSignals,0,forced_k3,DynVAR-Lasso Weighted Ridge,30.0,0.01,4.0,1.0,3,False,0.0,True,0.08344919770209527,0.07039106145251398,180,6,3,0.0805927076340554,0.34444444444444444,0.40194444444444444,LAYING:43;SITTING:25;STANDING:48;WALKING:41;WALKING_DOWNSTAIRS:2;WALKING_UPSTAIRS:21,0:45;1:45;2:90,"{""0"": ""STANDING"", ""1"": ""WALKING"", ""2"": ""LAYING""}",0.32047097797356,0.6786703965069079,0.6276494479383902,0.9148400937660098
UCIHARWindowSignals,0,forced_k3,STCG-v1 Weighted Ridge,30.0,0.01,4.0,1.0,3,False,0.0,True,0.08344919770209527,0.07039106145251398,180,6,3,0.0805927076340554,0.34444444444444444,0.40194444444444444,LAYING:43;SITTING:25;STANDING:48;WALKING:41;WALKING_DOWNSTAIRS:2;WALKING_UPSTAIRS:21,0:45;1:45;2:90,"{""0"": ""STANDING"", ""1"": ""WALKING"", ""2"": ""LAYING""}",0.32198324316043087,0.6792973955359471,0.6282271830789493,0.9146746574918084
UCIHARWindowSignals,0,forced_k3,Dense Ridge,100.0,,,,3,False,0.0,True,0.08344919770209527,0.07039106145251398,180,6,3,0.0805927076340554,0.34444444444444444,0.40194444444444444,LAYING:43;SITTING:25;STANDING:48;WALKING:41;WALKING_DOWNSTAIRS:2;WALKING_UPSTAIRS:21,0:45;1:45;2:90,"{""0"": ""STANDING"", ""1"": ""WALKING"", ""2"": ""LAYING""}",0.3248607761418505,0.6796550916006857,0.6293166483385894,0.9140601928068258
UCIHARWindowSignals,0,forced_k3,DynVAR-Lasso Weighted Ridge,100.0,0.01,4.0,1.0,3,False,0.0,True,0.08344919770209527,0.07039106145251398,180,6,3,0.0805927076340554,0.34444444444444444,0.40194444444444444,LAYING:43;SITTING:25;STANDING:48;WALKING:41;WALKING_DOWNSTAIRS:2;WALKING_UPSTAIRS:21,0:45;1:45;2:90,"{""0"": ""STANDING"", ""1"": ""WALKING"", ""2"": ""LAYING""}",0.32137746963044955,0.6791994171717621,0.6285675260876834,0.9162524931997263
UCIHARWindowSignals,0,forced_k3,STCG-v1 Weighted Ridge,100.0,0.01,4.0,1.0,3,False,0.0,True,0.08344919770209527,0.07039106145251398,180,6,3,0.0805927076340554,0.34444444444444444,0.40194444444444444,LAYING:43;SITTING:25;STANDING:48;WALKING:41;WALKING_DOWNSTAIRS:2;WALKING_UPSTAIRS:21,0:45;1:45;2:90,"{""0"": ""STANDING"", ""1"": ""WALKING"", ""2"": ""LAYING""}",0.3232370420018868,0.6789311874912636,0.6283912922608518,0.9142816219958504
UCIHARWindowSignals,0,auto_k4_min_0.00,Dense Ridge,30.0,,,,4,True,0.0,True,0.09735892995386866,0.01135821384864576,180,6,4,0.10259915933509224,0.3888888888888889,0.40194444444444444,LAYING:43;SITTING:25;STANDING:48;WALKING:41;WALKING_DOWNSTAIRS:2;WALKING_UPSTAIRS:21,0:14;1:37;2:13;3:116,"{""0"": ""WALKING_UPSTAIRS"", ""1"": ""STANDING"", ""2"": ""WALKING"", ""3"": ""LAYING""}",0.3228103533621915,0.6797916270352214,0.6287594191997212,0.9146757713502421
UCIHARWindowSignals,0,auto_k4_min_0.00,DynVAR-Lasso Weighted Ridge,30.0,0.01,4.0,1.0,4,True,0.0,True,0.09735892995386866,0.01135821384864576,180,6,4,0.10259915933509224,0.3888888888888889,0.40194444444444444,LAYING:43;SITTING:25;STANDING:48;WALKING:41;WALKING_DOWNSTAIRS:2;WALKING_UPSTAIRS:21,0:14;1:37;2:13;3:116,"{""0"": ""WALKING_UPSTAIRS"", ""1"": ""STANDING"", ""2"": ""WALKING"", ""3"": ""LAYING""}",0.32047097797356,0.6786703965069079,0.6276494479383902,0.9148400937660098
UCIHARWindowSignals,0,auto_k4_min_0.00,STCG-v1 Weighted Ridge,30.0,0.01,4.0,1.0,4,True,0.0,True,0.09735892995386866,0.01135821384864576,180,6,4,0.10259915933509224,0.3888888888888889,0.40194444444444444,LAYING:43;SITTING:25;STANDING:48;WALKING:41;WALKING_DOWNSTAIRS:2;WALKING_UPSTAIRS:21,0:14;1:37;2:13;3:116,"{""0"": ""WALKING_UPSTAIRS"", ""1"": ""STANDING"", ""2"": ""WALKING"", ""3"": ""LAYING""}",0.3213154012142638,0.6789016612089652,0.6278701084909338,0.9144839053739223
UCIHARWindowSignals,0,auto_k4_min_0.00,Dense Ridge,100.0,,,,4,True,0.0,True,0.09735892995386866,0.01135821384864576,180,6,4,0.10259915933509224,0.3888888888888889,0.40194444444444444,LAYING:43;SITTING:25;STANDING:48;WALKING:41;WALKING_DOWNSTAIRS:2;WALKING_UPSTAIRS:21,0:14;1:37;2:13;3:116,"{""0"": ""WALKING_UPSTAIRS"", ""1"": ""STANDING"", ""2"": ""WALKING"", ""3"": ""LAYING""}",0.3248607761418505,0.6796550916006857,0.6293166483385894,0.9140601928068258
UCIHARWindowSignals,0,auto_k4_min_0.00,DynVAR-Lasso Weighted Ridge,100.0,0.01,4.0,1.0,4,True,0.0,True,0.09735892995386866,0.01135821384864576,180,6,4,0.10259915933509224,0.3888888888888889,0.40194444444444444,LAYING:43;SITTING:25;STANDING:48;WALKING:41;WALKING_DOWNSTAIRS:2;WALKING_UPSTAIRS:21,0:14;1:37;2:13;3:116,"{""0"": ""WALKING_UPSTAIRS"", ""1"": ""STANDING"", ""2"": ""WALKING"", ""3"": ""LAYING""}",0.32137746963044955,0.6791994171717621,0.6285675260876834,0.9162524931997263
UCIHARWindowSignals,0,auto_k4_min_0.00,STCG-v1 Weighted Ridge,100.0,0.01,4.0,1.0,4,True,0.0,True,0.09735892995386866,0.01135821384864576,180,6,4,0.10259915933509224,0.3888888888888889,0.40194444444444444,LAYING:43;SITTING:25;STANDING:48;WALKING:41;WALKING_DOWNSTAIRS:2;WALKING_UPSTAIRS:21,0:14;1:37;2:13;3:116,"{""0"": ""WALKING_UPSTAIRS"", ""1"": ""STANDING"", ""2"": ""WALKING"", ""3"": ""LAYING""}",0.32223300364497576,0.6788085308099023,0.6282304833041755,0.9142483464969415
UCIHARWindowSignals,0,auto_k4_min_0.04,Dense Ridge,30.0,,,,4,True,0.04,True,0.09735892995386866,0.01135821384864576,180,6,4,0.10259915933509224,0.3888888888888889,0.40194444444444444,LAYING:43;SITTING:25;STANDING:48;WALKING:41;WALKING_DOWNSTAIRS:2;WALKING_UPSTAIRS:21,0:14;1:37;2:13;3:116,"{""0"": ""WALKING_UPSTAIRS"", ""1"": ""STANDING"", ""2"": ""WALKING"", ""3"": ""LAYING""}",0.3228103533621915,0.6797916270352214,0.6287594191997212,0.9146757713502421
UCIHARWindowSignals,0,auto_k4_min_0.04,DynVAR-Lasso Weighted Ridge,30.0,0.01,4.0,1.0,4,True,0.04,True,0.09735892995386866,0.01135821384864576,180,6,4,0.10259915933509224,0.3888888888888889,0.40194444444444444,LAYING:43;SITTING:25;STANDING:48;WALKING:41;WALKING_DOWNSTAIRS:2;WALKING_UPSTAIRS:21,0:14;1:37;2:13;3:116,"{""0"": ""WALKING_UPSTAIRS"", ""1"": ""STANDING"", ""2"": ""WALKING"", ""3"": ""LAYING""}",0.32047097797356,0.6786703965069079,0.6276494479383902,0.9148400937660098
UCIHARWindowSignals,0,auto_k4_min_0.04,STCG-v1 Weighted Ridge,30.0,0.01,4.0,1.0,4,True,0.04,True,0.09735892995386866,0.01135821384864576,180,6,4,0.10259915933509224,0.3888888888888889,0.40194444444444444,LAYING:43;SITTING:25;STANDING:48;WALKING:41;WALKING_DOWNSTAIRS:2;WALKING_UPSTAIRS:21,0:14;1:37;2:13;3:116,"{""0"": ""WALKING_UPSTAIRS"", ""1"": ""STANDING"", ""2"": ""WALKING"", ""3"": ""LAYING""}",0.3213154012142638,0.6789016612089652,0.6278701084909338,0.9144839053739223
UCIHARWindowSignals,0,auto_k4_min_0.04,Dense Ridge,100.0,,,,4,True,0.04,True,0.09735892995386866,0.01135821384864576,180,6,4,0.10259915933509224,0.3888888888888889,0.40194444444444444,LAYING:43;SITTING:25;STANDING:48;WALKING:41;WALKING_DOWNSTAIRS:2;WALKING_UPSTAIRS:21,0:14;1:37;2:13;3:116,"{""0"": ""WALKING_UPSTAIRS"", ""1"": ""STANDING"", ""2"": ""WALKING"", ""3"": ""LAYING""}",0.3248607761418505,0.6796550916006857,0.6293166483385894,0.9140601928068258
UCIHARWindowSignals,0,auto_k4_min_0.04,DynVAR-Lasso Weighted Ridge,100.0,0.01,4.0,1.0,4,True,0.04,True,0.09735892995386866,0.01135821384864576,180,6,4,0.10259915933509224,0.3888888888888889,0.40194444444444444,LAYING:43;SITTING:25;STANDING:48;WALKING:41;WALKING_DOWNSTAIRS:2;WALKING_UPSTAIRS:21,0:14;1:37;2:13;3:116,"{""0"": ""WALKING_UPSTAIRS"", ""1"": ""STANDING"", ""2"": ""WALKING"", ""3"": ""LAYING""}",0.32137746963044955,0.6791994171717621,0.6285675260876834,0.9162524931997263
UCIHARWindowSignals,0,auto_k4_min_0.04,STCG-v1 Weighted Ridge,100.0,0.01,4.0,1.0,4,True,0.04,True,0.09735892995386866,0.01135821384864576,180,6,4,0.10259915933509224,0.3888888888888889,0.40194444444444444,LAYING:43;SITTING:25;STANDING:48;WALKING:41;WALKING_DOWNSTAIRS:2;WALKING_UPSTAIRS:21,0:14;1:37;2:13;3:116,"{""0"": ""WALKING_UPSTAIRS"", ""1"": ""STANDING"", ""2"": ""WALKING"", ""3"": ""LAYING""}",0.32223300364497576,0.6788085308099023,0.6282304833041755,0.9142483464969415
UCIHARWindowSignals,0,auto_k4_min_0.08,Dense Ridge,30.0,,,,4,True,0.08,True,0.09735892995386866,0.01135821384864576,180,6,4,0.10259915933509224,0.3888888888888889,0.40194444444444444,LAYING:43;SITTING:25;STANDING:48;WALKING:41;WALKING_DOWNSTAIRS:2;WALKING_UPSTAIRS:21,0:14;1:37;2:13;3:116,"{""0"": ""WALKING_UPSTAIRS"", ""1"": ""STANDING"", ""2"": ""WALKING"", ""3"": ""LAYING""}",0.3228103533621915,0.6797916270352214,0.6287594191997212,0.9146757713502421
UCIHARWindowSignals,0,auto_k4_min_0.08,DynVAR-Lasso Weighted Ridge,30.0,0.01,4.0,1.0,4,True,0.08,True,0.09735892995386866,0.01135821384864576,180,6,4,0.10259915933509224,0.3888888888888889,0.40194444444444444,LAYING:43;SITTING:25;STANDING:48;WALKING:41;WALKING_DOWNSTAIRS:2;WALKING_UPSTAIRS:21,0:14;1:37;2:13;3:116,"{""0"": ""WALKING_UPSTAIRS"", ""1"": ""STANDING"", ""2"": ""WALKING"", ""3"": ""LAYING""}",0.32047097797356,0.6786703965069079,0.6276494479383902,0.9148400937660098
UCIHARWindowSignals,0,auto_k4_min_0.08,STCG-v1 Weighted Ridge,30.0,0.01,4.0,1.0,4,True,0.08,True,0.09735892995386866,0.01135821384864576,180,6,4,0.10259915933509224,0.3888888888888889,0.40194444444444444,LAYING:43;SITTING:25;STANDING:48;WALKING:41;WALKING_DOWNSTAIRS:2;WALKING_UPSTAIRS:21,0:14;1:37;2:13;3:116,"{""0"": ""WALKING_UPSTAIRS"", ""1"": ""STANDING"", ""2"": ""WALKING"", ""3"": ""LAYING""}",0.3213154012142638,0.6789016612089652,0.6278701084909338,0.9144839053739223
UCIHARWindowSignals,0,auto_k4_min_0.08,Dense Ridge,100.0,,,,4,True,0.08,True,0.09735892995386866,0.01135821384864576,180,6,4,0.10259915933509224,0.3888888888888889,0.40194444444444444,LAYING:43;SITTING:25;STANDING:48;WALKING:41;WALKING_DOWNSTAIRS:2;WALKING_UPSTAIRS:21,0:14;1:37;2:13;3:116,"{""0"": ""WALKING_UPSTAIRS"", ""1"": ""STANDING"", ""2"": ""WALKING"", ""3"": ""LAYING""}",0.3248607761418505,0.6796550916006857,0.6293166483385894,0.9140601928068258
UCIHARWindowSignals,0,auto_k4_min_0.08,DynVAR-Lasso Weighted Ridge,100.0,0.01,4.0,1.0,4,True,0.08,True,0.09735892995386866,0.01135821384864576,180,6,4,0.10259915933509224,0.3888888888888889,0.40194444444444444,LAYING:43;SITTING:25;STANDING:48;WALKING:41;WALKING_DOWNSTAIRS:2;WALKING_UPSTAIRS:21,0:14;1:37;2:13;3:116,"{""0"": ""WALKING_UPSTAIRS"", ""1"": ""STANDING"", ""2"": ""WALKING"", ""3"": ""LAYING""}",0.32137746963044955,0.6791994171717621,0.6285675260876834,0.9162524931997263
UCIHARWindowSignals,0,auto_k4_min_0.08,STCG-v1 Weighted Ridge,100.0,0.01,4.0,1.0,4,True,0.08,True,0.09735892995386866,0.01135821384864576,180,6,4,0.10259915933509224,0.3888888888888889,0.40194444444444444,LAYING:43;SITTING:25;STANDING:48;WALKING:41;WALKING_DOWNSTAIRS:2;WALKING_UPSTAIRS:21,0:14;1:37;2:13;3:116,"{""0"": ""WALKING_UPSTAIRS"", ""1"": ""STANDING"", ""2"": ""WALKING"", ""3"": ""LAYING""}",0.32223300364497576,0.6788085308099023,0.6282304833041755,0.9142483464969415
UCIHARWindowSignals,0,auto_k4_min_0.12,Dense Ridge,30.0,,,,4,True,0.12,False,0.09735892995386866,0.01135821384864576,180,6,1,0.0,0.26666666666666666,0.40194444444444444,LAYING:43;SITTING:25;STANDING:48;WALKING:41;WALKING_DOWNSTAIRS:2;WALKING_UPSTAIRS:21,0:180,"{""0"": ""STANDING""}",0.3228103533621915,0.6797916270352214,0.6287594191997212,0.9146757713502421
UCIHARWindowSignals,0,auto_k4_min_0.12,DynVAR-Lasso Weighted Ridge,30.0,0.01,4.0,1.0,4,True,0.12,False,0.09735892995386866,0.01135821384864576,180,6,1,0.0,0.26666666666666666,0.40194444444444444,LAYING:43;SITTING:25;STANDING:48;WALKING:41;WALKING_DOWNSTAIRS:2;WALKING_UPSTAIRS:21,0:180,"{""0"": ""STANDING""}",0.32047097797356,0.6786703965069079,0.6276494479383902,0.9148400937660098
UCIHARWindowSignals,0,auto_k4_min_0.12,STCG-v1 Weighted Ridge,30.0,0.01,4.0,1.0,4,True,0.12,False,0.09735892995386866,0.01135821384864576,180,6,1,0.0,0.26666666666666666,0.40194444444444444,LAYING:43;SITTING:25;STANDING:48;WALKING:41;WALKING_DOWNSTAIRS:2;WALKING_UPSTAIRS:21,0:180,"{""0"": ""STANDING""}",0.32047097797356,0.6786703965069079,0.6276494479383902,0.9148400937660098
UCIHARWindowSignals,0,auto_k4_min_0.12,Dense Ridge,100.0,,,,4,True,0.12,False,0.09735892995386866,0.01135821384864576,180,6,1,0.0,0.26666666666666666,0.40194444444444444,LAYING:43;SITTING:25;STANDING:48;WALKING:41;WALKING_DOWNSTAIRS:2;WALKING_UPSTAIRS:21,0:180,"{""0"": ""STANDING""}",0.3248607761418505,0.6796550916006857,0.6293166483385894,0.9140601928068258
UCIHARWindowSignals,0,auto_k4_min_0.12,DynVAR-Lasso Weighted Ridge,100.0,0.01,4.0,1.0,4,True,0.12,False,0.09735892995386866,0.01135821384864576,180,6,1,0.0,0.26666666666666666,0.40194444444444444,LAYING:43;SITTING:25;STANDING:48;WALKING:41;WALKING_DOWNSTAIRS:2;WALKING_UPSTAIRS:21,0:180,"{""0"": ""STANDING""}",0.32137746963044955,0.6791994171717621,0.6285675260876834,0.9162524931997263
UCIHARWindowSignals,0,auto_k4_min_0.12,STCG-v1 Weighted Ridge,100.0,0.01,4.0,1.0,4,True,0.12,False,0.09735892995386866,0.01135821384864576,180,6,1,0.0,0.26666666666666666,0.40194444444444444,LAYING:43;SITTING:25;STANDING:48;WALKING:41;WALKING_DOWNSTAIRS:2;WALKING_UPSTAIRS:21,0:180,"{""0"": ""STANDING""}",0.32137746963044955,0.6791994171717621,0.6285675260876834,0.9162524931997263
UCIHARWindowSignals,0,auto_k4_min_0.16,Dense Ridge,30.0,,,,4,True,0.16,False,0.09735892995386866,0.01135821384864576,180,6,1,0.0,0.26666666666666666,0.40194444444444444,LAYING:43;SITTING:25;STANDING:48;WALKING:41;WALKING_DOWNSTAIRS:2;WALKING_UPSTAIRS:21,0:180,"{""0"": ""STANDING""}",0.3228103533621915,0.6797916270352214,0.6287594191997212,0.9146757713502421
UCIHARWindowSignals,0,auto_k4_min_0.16,DynVAR-Lasso Weighted Ridge,30.0,0.01,4.0,1.0,4,True,0.16,False,0.09735892995386866,0.01135821384864576,180,6,1,0.0,0.26666666666666666,0.40194444444444444,LAYING:43;SITTING:25;STANDING:48;WALKING:41;WALKING_DOWNSTAIRS:2;WALKING_UPSTAIRS:21,0:180,"{""0"": ""STANDING""}",0.32047097797356,0.6786703965069079,0.6276494479383902,0.9148400937660098
UCIHARWindowSignals,0,auto_k4_min_0.16,STCG-v1 Weighted Ridge,30.0,0.01,4.0,1.0,4,True,0.16,False,0.09735892995386866,0.01135821384864576,180,6,1,0.0,0.26666666666666666,0.40194444444444444,LAYING:43;SITTING:25;STANDING:48;WALKING:41;WALKING_DOWNSTAIRS:2;WALKING_UPSTAIRS:21,0:180,"{""0"": ""STANDING""}",0.32047097797356,0.6786703965069079,0.6276494479383902,0.9148400937660098
UCIHARWindowSignals,0,auto_k4_min_0.16,Dense Ridge,100.0,,,,4,True,0.16,False,0.09735892995386866,0.01135821384864576,180,6,1,0.0,0.26666666666666666,0.40194444444444444,LAYING:43;SITTING:25;STANDING:48;WALKING:41;WALKING_DOWNSTAIRS:2;WALKING_UPSTAIRS:21,0:180,"{""0"": ""STANDING""}",0.3248607761418505,0.6796550916006857,0.6293166483385894,0.9140601928068258
UCIHARWindowSignals,0,auto_k4_min_0.16,DynVAR-Lasso Weighted Ridge,100.0,0.01,4.0,1.0,4,True,0.16,False,0.09735892995386866,0.01135821384864576,180,6,1,0.0,0.26666666666666666,0.40194444444444444,LAYING:43;SITTING:25;STANDING:48;WALKING:41;WALKING_DOWNSTAIRS:2;WALKING_UPSTAIRS:21,0:180,"{""0"": ""STANDING""}",0.32137746963044955,0.6791994171717621,0.6285675260876834,0.9162524931997263
UCIHARWindowSignals,0,auto_k4_min_0.16,STCG-v1 Weighted Ridge,100.0,0.01,4.0,1.0,4,True,0.16,False,0.09735892995386866,0.01135821384864576,180,6,1,0.0,0.26666666666666666,0.40194444444444444,LAYING:43;SITTING:25;STANDING:48;WALKING:41;WALKING_DOWNSTAIRS:2;WALKING_UPSTAIRS:21,0:180,"{""0"": ""STANDING""}",0.32137746963044955,0.6791994171717621,0.6285675260876834,0.9162524931997263
UCIHARWindowSignals,0,forced_k4,Dense Ridge,30.0,,,,4,False,0.0,True,0.09735892995386866,0.01135821384864576,180,6,4,0.10259915933509224,0.3888888888888889,0.40194444444444444,LAYING:43;SITTING:25;STANDING:48;WALKING:41;WALKING_DOWNSTAIRS:2;WALKING_UPSTAIRS:21,0:14;1:37;2:13;3:116,"{""0"": ""WALKING_UPSTAIRS"", ""1"": ""STANDING"", ""2"": ""WALKING"", ""3"": ""LAYING""}",0.3228103533621915,0.6797916270352214,0.6287594191997212,0.9146757713502421
UCIHARWindowSignals,0,forced_k4,DynVAR-Lasso Weighted Ridge,30.0,0.01,4.0,1.0,4,False,0.0,True,0.09735892995386866,0.01135821384864576,180,6,4,0.10259915933509224,0.3888888888888889,0.40194444444444444,LAYING:43;SITTING:25;STANDING:48;WALKING:41;WALKING_DOWNSTAIRS:2;WALKING_UPSTAIRS:21,0:14;1:37;2:13;3:116,"{""0"": ""WALKING_UPSTAIRS"", ""1"": ""STANDING"", ""2"": ""WALKING"", ""3"": ""LAYING""}",0.32047097797356,0.6786703965069079,0.6276494479383902,0.9148400937660098
UCIHARWindowSignals,0,forced_k4,STCG-v1 Weighted Ridge,30.0,0.01,4.0,1.0,4,False,0.0,True,0.09735892995386866,0.01135821384864576,180,6,4,0.10259915933509224,0.3888888888888889,0.40194444444444444,LAYING:43;SITTING:25;STANDING:48;WALKING:41;WALKING_DOWNSTAIRS:2;WALKING_UPSTAIRS:21,0:14;1:37;2:13;3:116,"{""0"": ""WALKING_UPSTAIRS"", ""1"": ""STANDING"", ""2"": ""WALKING"", ""3"": ""LAYING""}",0.3213154012142638,0.6789016612089652,0.6278701084909338,0.9144839053739223
UCIHARWindowSignals,0,forced_k4,Dense Ridge,100.0,,,,4,False,0.0,True,0.09735892995386866,0.01135821384864576,180,6,4,0.10259915933509224,0.3888888888888889,0.40194444444444444,LAYING:43;SITTING:25;STANDING:48;WALKING:41;WALKING_DOWNSTAIRS:2;WALKING_UPSTAIRS:21,0:14;1:37;2:13;3:116,"{""0"": ""WALKING_UPSTAIRS"", ""1"": ""STANDING"", ""2"": ""WALKING"", ""3"": ""LAYING""}",0.3248607761418505,0.6796550916006857,0.6293166483385894,0.9140601928068258
UCIHARWindowSignals,0,forced_k4,DynVAR-Lasso Weighted Ridge,100.0,0.01,4.0,1.0,4,False,0.0,True,0.09735892995386866,0.01135821384864576,180,6,4,0.10259915933509224,0.3888888888888889,0.40194444444444444,LAYING:43;SITTING:25;STANDING:48;WALKING:41;WALKING_DOWNSTAIRS:2;WALKING_UPSTAIRS:21,0:14;1:37;2:13;3:116,"{""0"": ""WALKING_UPSTAIRS"", ""1"": ""STANDING"", ""2"": ""WALKING"", ""3"": ""LAYING""}",0.32137746963044955,0.6791994171717621,0.6285675260876834,0.9162524931997263
UCIHARWindowSignals,0,forced_k4,STCG-v1 Weighted Ridge,100.0,0.01,4.0,1.0,4,False,0.0,True,0.09735892995386866,0.01135821384864576,180,6,4,0.10259915933509224,0.3888888888888889,0.40194444444444444,LAYING:43;SITTING:25;STANDING:48;WALKING:41;WALKING_DOWNSTAIRS:2;WALKING_UPSTAIRS:21,0:14;1:37;2:13;3:116,"{""0"": ""WALKING_UPSTAIRS"", ""1"": ""STANDING"", ""2"": ""WALKING"", ""3"": ""LAYING""}",0.32223300364497576,0.6788085308099023,0.6282304833041755,0.9142483464969415
UCIHARWindowSignals,1,auto_k2_min_0.00,Dense Ridge,30.0,,,,2,True,0.0,True,0.06682913739120362,0.0,180,6,2,0.09238073230465998,0.3611111111111111,0.40194444444444444,LAYING:43;SITTING:25;STANDING:48;WALKING:41;WALKING_DOWNSTAIRS:2;WALKING_UPSTAIRS:21,0:127;1:53,"{""0"": ""LAYING"", ""1"": ""STANDING""}",0.3228103533621915,0.6797916270352214,0.6287594191997212,0.9146757713502421
UCIHARWindowSignals,1,auto_k2_min_0.00,DynVAR-Lasso Weighted Ridge,30.0,0.01,4.0,1.0,2,True,0.0,True,0.06682913739120362,0.0,180,6,2,0.09238073230465998,0.3611111111111111,0.40194444444444444,LAYING:43;SITTING:25;STANDING:48;WALKING:41;WALKING_DOWNSTAIRS:2;WALKING_UPSTAIRS:21,0:127;1:53,"{""0"": ""LAYING"", ""1"": ""STANDING""}",0.32047097797356,0.6786703965069079,0.6276494479383902,0.9148400937660098
UCIHARWindowSignals,1,auto_k2_min_0.00,STCG-v1 Weighted Ridge,30.0,0.01,4.0,1.0,2,True,0.0,True,0.06682913739120362,0.0,180,6,2,0.09238073230465998,0.3611111111111111,0.40194444444444444,LAYING:43;SITTING:25;STANDING:48;WALKING:41;WALKING_DOWNSTAIRS:2;WALKING_UPSTAIRS:21,0:127;1:53,"{""0"": ""LAYING"", ""1"": ""STANDING""}",0.32201863437903966,0.679324436658638,0.6282633585734878,0.9146205518636996
UCIHARWindowSignals,1,auto_k2_min_0.00,Dense Ridge,100.0,,,,2,True,0.0,True,0.06682913739120362,0.0,180,6,2,0.09238073230465998,0.3611111111111111,0.40194444444444444,LAYING:43;SITTING:25;STANDING:48;WALKING:41;WALKING_DOWNSTAIRS:2;WALKING_UPSTAIRS:21,0:127;1:53,"{""0"": ""LAYING"", ""1"": ""STANDING""}",0.3248607761418505,0.6796550916006857,0.6293166483385894,0.9140601928068258
UCIHARWindowSignals,1,auto_k2_min_0.00,DynVAR-Lasso Weighted Ridge,100.0,0.01,4.0,1.0,2,True,0.0,True,0.06682913739120362,0.0,180,6,2,0.09238073230465998,0.3611111111111111,0.40194444444444444,LAYING:43;SITTING:25;STANDING:48;WALKING:41;WALKING_DOWNSTAIRS:2;WALKING_UPSTAIRS:21,0:127;1:53,"{""0"": ""LAYING"", ""1"": ""STANDING""}",0.32137746963044955,0.6791994171717621,0.6285675260876834,0.9162524931997263
UCIHARWindowSignals,1,auto_k2_min_0.00,STCG-v1 Weighted Ridge,100.0,0.01,4.0,1.0,2,True,0.0,True,0.06682913739120362,0.0,180,6,2,0.09238073230465998,0.3611111111111111,0.40194444444444444,LAYING:43;SITTING:25;STANDING:48;WALKING:41;WALKING_DOWNSTAIRS:2;WALKING_UPSTAIRS:21,0:127;1:53,"{""0"": ""LAYING"", ""1"": ""STANDING""}",0.3233245326763856,0.6789889557800733,0.628457498855353,0.9143915085789076
UCIHARWindowSignals,1,auto_k2_min_0.04,Dense Ridge,30.0,,,,2,True,0.04,True,0.06682913739120362,0.0,180,6,2,0.09238073230465998,0.3611111111111111,0.40194444444444444,LAYING:43;SITTING:25;STANDING:48;WALKING:41;WALKING_DOWNSTAIRS:2;WALKING_UPSTAIRS:21,0:127;1:53,"{""0"": ""LAYING"", ""1"": ""STANDING""}",0.3228103533621915,0.6797916270352214,0.6287594191997212,0.9146757713502421
UCIHARWindowSignals,1,auto_k2_min_0.04,DynVAR-Lasso Weighted Ridge,30.0,0.01,4.0,1.0,2,True,0.04,True,0.06682913739120362,0.0,180,6,2,0.09238073230465998,0.3611111111111111,0.40194444444444444,LAYING:43;SITTING:25;STANDING:48;WALKING:41;WALKING_DOWNSTAIRS:2;WALKING_UPSTAIRS:21,0:127;1:53,"{""0"": ""LAYING"", ""1"": ""STANDING""}",0.32047097797356,0.6786703965069079,0.6276494479383902,0.9148400937660098
UCIHARWindowSignals,1,auto_k2_min_0.04,STCG-v1 Weighted Ridge,30.0,0.01,4.0,1.0,2,True,0.04,True,0.06682913739120362,0.0,180,6,2,0.09238073230465998,0.3611111111111111,0.40194444444444444,LAYING:43;SITTING:25;STANDING:48;WALKING:41;WALKING_DOWNSTAIRS:2;WALKING_UPSTAIRS:21,0:127;1:53,"{""0"": ""LAYING"", ""1"": ""STANDING""}",0.32201863437903966,0.679324436658638,0.6282633585734878,0.9146205518636996
UCIHARWindowSignals,1,auto_k2_min_0.04,Dense Ridge,100.0,,,,2,True,0.04,True,0.06682913739120362,0.0,180,6,2,0.09238073230465998,0.3611111111111111,0.40194444444444444,LAYING:43;SITTING:25;STANDING:48;WALKING:41;WALKING_DOWNSTAIRS:2;WALKING_UPSTAIRS:21,0:127;1:53,"{""0"": ""LAYING"", ""1"": ""STANDING""}",0.3248607761418505,0.6796550916006857,0.6293166483385894,0.9140601928068258
UCIHARWindowSignals,1,auto_k2_min_0.04,DynVAR-Lasso Weighted Ridge,100.0,0.01,4.0,1.0,2,True,0.04,True,0.06682913739120362,0.0,180,6,2,0.09238073230465998,0.3611111111111111,0.40194444444444444,LAYING:43;SITTING:25;STANDING:48;WALKING:41;WALKING_DOWNSTAIRS:2;WALKING_UPSTAIRS:21,0:127;1:53,"{""0"": ""LAYING"", ""1"": ""STANDING""}",0.32137746963044955,0.6791994171717621,0.6285675260876834,0.9162524931997263
UCIHARWindowSignals,1,auto_k2_min_0.04,STCG-v1 Weighted Ridge,100.0,0.01,4.0,1.0,2,True,0.04,True,0.06682913739120362,0.0,180,6,2,0.09238073230465998,0.3611111111111111,0.40194444444444444,LAYING:43;SITTING:25;STANDING:48;WALKING:41;WALKING_DOWNSTAIRS:2;WALKING_UPSTAIRS:21,0:127;1:53,"{""0"": ""LAYING"", ""1"": ""STANDING""}",0.3233245326763856,0.6789889557800733,0.628457498855353,0.9143915085789076
UCIHARWindowSignals,1,auto_k2_min_0.08,Dense Ridge,30.0,,,,2,True,0.08,False,0.06682913739120362,0.0,180,6,1,0.0,0.26666666666666666,0.40194444444444444,LAYING:43;SITTING:25;STANDING:48;WALKING:41;WALKING_DOWNSTAIRS:2;WALKING_UPSTAIRS:21,0:180,"{""0"": ""STANDING""}",0.3228103533621915,0.6797916270352214,0.6287594191997212,0.9146757713502421
UCIHARWindowSignals,1,auto_k2_min_0.08,DynVAR-Lasso Weighted Ridge,30.0,0.01,4.0,1.0,2,True,0.08,False,0.06682913739120362,0.0,180,6,1,0.0,0.26666666666666666,0.40194444444444444,LAYING:43;SITTING:25;STANDING:48;WALKING:41;WALKING_DOWNSTAIRS:2;WALKING_UPSTAIRS:21,0:180,"{""0"": ""STANDING""}",0.32047097797356,0.6786703965069079,0.6276494479383902,0.9148400937660098
UCIHARWindowSignals,1,auto_k2_min_0.08,STCG-v1 Weighted Ridge,30.0,0.01,4.0,1.0,2,True,0.08,False,0.06682913739120362,0.0,180,6,1,0.0,0.26666666666666666,0.40194444444444444,LAYING:43;SITTING:25;STANDING:48;WALKING:41;WALKING_DOWNSTAIRS:2;WALKING_UPSTAIRS:21,0:180,"{""0"": ""STANDING""}",0.32047097797356,0.6786703965069079,0.6276494479383902,0.9148400937660098
UCIHARWindowSignals,1,auto_k2_min_0.08,Dense Ridge,100.0,,,,2,True,0.08,False,0.06682913739120362,0.0,180,6,1,0.0,0.26666666666666666,0.40194444444444444,LAYING:43;SITTING:25;STANDING:48;WALKING:41;WALKING_DOWNSTAIRS:2;WALKING_UPSTAIRS:21,0:180,"{""0"": ""STANDING""}",0.3248607761418505,0.6796550916006857,0.6293166483385894,0.9140601928068258
UCIHARWindowSignals,1,auto_k2_min_0.08,DynVAR-Lasso Weighted Ridge,100.0,0.01,4.0,1.0,2,True,0.08,False,0.06682913739120362,0.0,180,6,1,0.0,0.26666666666666666,0.40194444444444444,LAYING:43;SITTING:25;STANDING:48;WALKING:41;WALKING_DOWNSTAIRS:2;WALKING_UPSTAIRS:21,0:180,"{""0"": ""STANDING""}",0.32137746963044955,0.6791994171717621,0.6285675260876834,0.9162524931997263
UCIHARWindowSignals,1,auto_k2_min_0.08,STCG-v1 Weighted Ridge,100.0,0.01,4.0,1.0,2,True,0.08,False,0.06682913739120362,0.0,180,6,1,0.0,0.26666666666666666,0.40194444444444444,LAYING:43;SITTING:25;STANDING:48;WALKING:41;WALKING_DOWNSTAIRS:2;WALKING_UPSTAIRS:21,0:180,"{""0"": ""STANDING""}",0.32137746963044955,0.6791994171717621,0.6285675260876834,0.9162524931997263
UCIHARWindowSignals,1,auto_k2_min_0.12,Dense Ridge,30.0,,,,2,True,0.12,False,0.06682913739120362,0.0,180,6,1,0.0,0.26666666666666666,0.40194444444444444,LAYING:43;SITTING:25;STANDING:48;WALKING:41;WALKING_DOWNSTAIRS:2;WALKING_UPSTAIRS:21,0:180,"{""0"": ""STANDING""}",0.3228103533621915,0.6797916270352214,0.6287594191997212,0.9146757713502421
UCIHARWindowSignals,1,auto_k2_min_0.12,DynVAR-Lasso Weighted Ridge,30.0,0.01,4.0,1.0,2,True,0.12,False,0.06682913739120362,0.0,180,6,1,0.0,0.26666666666666666,0.40194444444444444,LAYING:43;SITTING:25;STANDING:48;WALKING:41;WALKING_DOWNSTAIRS:2;WALKING_UPSTAIRS:21,0:180,"{""0"": ""STANDING""}",0.32047097797356,0.6786703965069079,0.6276494479383902,0.9148400937660098
UCIHARWindowSignals,1,auto_k2_min_0.12,STCG-v1 Weighted Ridge,30.0,0.01,4.0,1.0,2,True,0.12,False,0.06682913739120362,0.0,180,6,1,0.0,0.26666666666666666,0.40194444444444444,LAYING:43;SITTING:25;STANDING:48;WALKING:41;WALKING_DOWNSTAIRS:2;WALKING_UPSTAIRS:21,0:180,"{""0"": ""STANDING""}",0.32047097797356,0.6786703965069079,0.6276494479383902,0.9148400937660098
UCIHARWindowSignals,1,auto_k2_min_0.12,Dense Ridge,100.0,,,,2,True,0.12,False,0.06682913739120362,0.0,180,6,1,0.0,0.26666666666666666,0.40194444444444444,LAYING:43;SITTING:25;STANDING:48;WALKING:41;WALKING_DOWNSTAIRS:2;WALKING_UPSTAIRS:21,0:180,"{""0"": ""STANDING""}",0.3248607761418505,0.6796550916006857,0.6293166483385894,0.9140601928068258
UCIHARWindowSignals,1,auto_k2_min_0.12,DynVAR-Lasso Weighted Ridge,100.0,0.01,4.0,1.0,2,True,0.12,False,0.06682913739120362,0.0,180,6,1,0.0,0.26666666666666666,0.40194444444444444,LAYING:43;SITTING:25;STANDING:48;WALKING:41;WALKING_DOWNSTAIRS:2;WALKING_UPSTAIRS:21,0:180,"{""0"": ""STANDING""}",0.32137746963044955,0.6791994171717621,0.6285675260876834,0.9162524931997263
UCIHARWindowSignals,1,auto_k2_min_0.12,STCG-v1 Weighted Ridge,100.0,0.01,4.0,1.0,2,True,0.12,False,0.06682913739120362,0.0,180,6,1,0.0,0.26666666666666666,0.40194444444444444,LAYING:43;SITTING:25;STANDING:48;WALKING:41;WALKING_DOWNSTAIRS:2;WALKING_UPSTAIRS:21,0:180,"{""0"": ""STANDING""}",0.32137746963044955,0.6791994171717621,0.6285675260876834,0.9162524931997263
UCIHARWindowSignals,1,auto_k2_min_0.16,Dense Ridge,30.0,,,,2,True,0.16,False,0.06682913739120362,0.0,180,6,1,0.0,0.26666666666666666,0.40194444444444444,LAYING:43;SITTING:25;STANDING:48;WALKING:41;WALKING_DOWNSTAIRS:2;WALKING_UPSTAIRS:21,0:180,"{""0"": ""STANDING""}",0.3228103533621915,0.6797916270352214,0.6287594191997212,0.9146757713502421
UCIHARWindowSignals,1,auto_k2_min_0.16,DynVAR-Lasso Weighted Ridge,30.0,0.01,4.0,1.0,2,True,0.16,False,0.06682913739120362,0.0,180,6,1,0.0,0.26666666666666666,0.40194444444444444,LAYING:43;SITTING:25;STANDING:48;WALKING:41;WALKING_DOWNSTAIRS:2;WALKING_UPSTAIRS:21,0:180,"{""0"": ""STANDING""}",0.32047097797356,0.6786703965069079,0.6276494479383902,0.9148400937660098
UCIHARWindowSignals,1,auto_k2_min_0.16,STCG-v1 Weighted Ridge,30.0,0.01,4.0,1.0,2,True,0.16,False,0.06682913739120362,0.0,180,6,1,0.0,0.26666666666666666,0.40194444444444444,LAYING:43;SITTING:25;STANDING:48;WALKING:41;WALKING_DOWNSTAIRS:2;WALKING_UPSTAIRS:21,0:180,"{""0"": ""STANDING""}",0.32047097797356,0.6786703965069079,0.6276494479383902,0.9148400937660098
UCIHARWindowSignals,1,auto_k2_min_0.16,Dense Ridge,100.0,,,,2,True,0.16,False,0.06682913739120362,0.0,180,6,1,0.0,0.26666666666666666,0.40194444444444444,LAYING:43;SITTING:25;STANDING:48;WALKING:41;WALKING_DOWNSTAIRS:2;WALKING_UPSTAIRS:21,0:180,"{""0"": ""STANDING""}",0.3248607761418505,0.6796550916006857,0.6293166483385894,0.9140601928068258
UCIHARWindowSignals,1,auto_k2_min_0.16,DynVAR-Lasso Weighted Ridge,100.0,0.01,4.0,1.0,2,True,0.16,False,0.06682913739120362,0.0,180,6,1,0.0,0.26666666666666666,0.40194444444444444,LAYING:43;SITTING:25;STANDING:48;WALKING:41;WALKING_DOWNSTAIRS:2;WALKING_UPSTAIRS:21,0:180,"{""0"": ""STANDING""}",0.32137746963044955,0.6791994171717621,0.6285675260876834,0.9162524931997263
UCIHARWindowSignals,1,auto_k2_min_0.16,STCG-v1 Weighted Ridge,100.0,0.01,4.0,1.0,2,True,0.16,False,0.06682913739120362,0.0,180,6,1,0.0,0.26666666666666666,0.40194444444444444,LAYING:43;SITTING:25;STANDING:48;WALKING:41;WALKING_DOWNSTAIRS:2;WALKING_UPSTAIRS:21,0:180,"{""0"": ""STANDING""}",0.32137746963044955,0.6791994171717621,0.6285675260876834,0.9162524931997263
UCIHARWindowSignals,1,forced_k2,Dense Ridge,30.0,,,,2,False,0.0,True,0.06682913739120362,0.0,180,6,2,0.09238073230465998,0.3611111111111111,0.40194444444444444,LAYING:43;SITTING:25;STANDING:48;WALKING:41;WALKING_DOWNSTAIRS:2;WALKING_UPSTAIRS:21,0:127;1:53,"{""0"": ""LAYING"", ""1"": ""STANDING""}",0.3228103533621915,0.6797916270352214,0.6287594191997212,0.9146757713502421
UCIHARWindowSignals,1,forced_k2,DynVAR-Lasso Weighted Ridge,30.0,0.01,4.0,1.0,2,False,0.0,True,0.06682913739120362,0.0,180,6,2,0.09238073230465998,0.3611111111111111,0.40194444444444444,LAYING:43;SITTING:25;STANDING:48;WALKING:41;WALKING_DOWNSTAIRS:2;WALKING_UPSTAIRS:21,0:127;1:53,"{""0"": ""LAYING"", ""1"": ""STANDING""}",0.32047097797356,0.6786703965069079,0.6276494479383902,0.9148400937660098
UCIHARWindowSignals,1,forced_k2,STCG-v1 Weighted Ridge,30.0,0.01,4.0,1.0,2,False,0.0,True,0.06682913739120362,0.0,180,6,2,0.09238073230465998,0.3611111111111111,0.40194444444444444,LAYING:43;SITTING:25;STANDING:48;WALKING:41;WALKING_DOWNSTAIRS:2;WALKING_UPSTAIRS:21,0:127;1:53,"{""0"": ""LAYING"", ""1"": ""STANDING""}",0.32201863437903966,0.679324436658638,0.6282633585734878,0.9146205518636996
UCIHARWindowSignals,1,forced_k2,Dense Ridge,100.0,,,,2,False,0.0,True,0.06682913739120362,0.0,180,6,2,0.09238073230465998,0.3611111111111111,0.40194444444444444,LAYING:43;SITTING:25;STANDING:48;WALKING:41;WALKING_DOWNSTAIRS:2;WALKING_UPSTAIRS:21,0:127;1:53,"{""0"": ""LAYING"", ""1"": ""STANDING""}",0.3248607761418505,0.6796550916006857,0.6293166483385894,0.9140601928068258
UCIHARWindowSignals,1,forced_k2,DynVAR-Lasso Weighted Ridge,100.0,0.01,4.0,1.0,2,False,0.0,True,0.06682913739120362,0.0,180,6,2,0.09238073230465998,0.3611111111111111,0.40194444444444444,LAYING:43;SITTING:25;STANDING:48;WALKING:41;WALKING_DOWNSTAIRS:2;WALKING_UPSTAIRS:21,0:127;1:53,"{""0"": ""LAYING"", ""1"": ""STANDING""}",0.32137746963044955,0.6791994171717621,0.6285675260876834,0.9162524931997263
UCIHARWindowSignals,1,forced_k2,STCG-v1 Weighted Ridge,100.0,0.01,4.0,1.0,2,False,0.0,True,0.06682913739120362,0.0,180,6,2,0.09238073230465998,0.3611111111111111,0.40194444444444444,LAYING:43;SITTING:25;STANDING:48;WALKING:41;WALKING_DOWNSTAIRS:2;WALKING_UPSTAIRS:21,0:127;1:53,"{""0"": ""LAYING"", ""1"": ""STANDING""}",0.3233245326763856,0.6789889557800733,0.628457498855353,0.9143915085789076
UCIHARWindowSignals,1,auto_k3_min_0.00,Dense Ridge,30.0,,,,3,True,0.0,True,0.08416187187363708,0.05278596026963339,180,6,3,0.0942628021455904,0.36666666666666664,0.40194444444444444,LAYING:43;SITTING:25;STANDING:48;WALKING:41;WALKING_DOWNSTAIRS:2;WALKING_UPSTAIRS:21,0:44;1:85;2:51,"{""0"": ""WALKING_UPSTAIRS"", ""1"": ""LAYING"", ""2"": ""STANDING""}",0.3228103533621915,0.6797916270352214,0.6287594191997212,0.9146757713502421
UCIHARWindowSignals,1,auto_k3_min_0.00,DynVAR-Lasso Weighted Ridge,30.0,0.01,4.0,1.0,3,True,0.0,True,0.08416187187363708,0.05278596026963339,180,6,3,0.0942628021455904,0.36666666666666664,0.40194444444444444,LAYING:43;SITTING:25;STANDING:48;WALKING:41;WALKING_DOWNSTAIRS:2;WALKING_UPSTAIRS:21,0:44;1:85;2:51,"{""0"": ""WALKING_UPSTAIRS"", ""1"": ""LAYING"", ""2"": ""STANDING""}",0.32047097797356,0.6786703965069079,0.6276494479383902,0.9148400937660098
UCIHARWindowSignals,1,auto_k3_min_0.00,STCG-v1 Weighted Ridge,30.0,0.01,4.0,1.0,3,True,0.0,True,0.08416187187363708,0.05278596026963339,180,6,3,0.0942628021455904,0.36666666666666664,0.40194444444444444,LAYING:43;SITTING:25;STANDING:48;WALKING:41;WALKING_DOWNSTAIRS:2;WALKING_UPSTAIRS:21,0:44;1:85;2:51,"{""0"": ""WALKING_UPSTAIRS"", ""1"": ""LAYING"", ""2"": ""STANDING""}",0.32191614046392986,0.6792490361787105,0.6281994514066412,0.9146861865039614
UCIHARWindowSignals,1,auto_k3_min_0.00,Dense Ridge,100.0,,,,3,True,0.0,True,0.08416187187363708,0.05278596026963339,180,6,3,0.0942628021455904,0.36666666666666664,0.40194444444444444,LAYING:43;SITTING:25;STANDING:48;WALKING:41;WALKING_DOWNSTAIRS:2;WALKING_UPSTAIRS:21,0:44;1:85;2:51,"{""0"": ""WALKING_UPSTAIRS"", ""1"": ""LAYING"", ""2"": ""STANDING""}",0.3248607761418505,0.6796550916006857,0.6293166483385894,0.9140601928068258
UCIHARWindowSignals,1,auto_k3_min_0.00,DynVAR-Lasso Weighted Ridge,100.0,0.01,4.0,1.0,3,True,0.0,True,0.08416187187363708,0.05278596026963339,180,6,3,0.0942628021455904,0.36666666666666664,0.40194444444444444,LAYING:43;SITTING:25;STANDING:48;WALKING:41;WALKING_DOWNSTAIRS:2;WALKING_UPSTAIRS:21,0:44;1:85;2:51,"{""0"": ""WALKING_UPSTAIRS"", ""1"": ""LAYING"", ""2"": ""STANDING""}",0.32137746963044955,0.6791994171717621,0.6285675260876834,0.9162524931997263
UCIHARWindowSignals,1,auto_k3_min_0.00,STCG-v1 Weighted Ridge,100.0,0.01,4.0,1.0,3,True,0.0,True,0.08416187187363708,0.05278596026963339,180,6,3,0.0942628021455904,0.36666666666666664,0.40194444444444444,LAYING:43;SITTING:25;STANDING:48;WALKING:41;WALKING_DOWNSTAIRS:2;WALKING_UPSTAIRS:21,0:44;1:85;2:51,"{""0"": ""WALKING_UPSTAIRS"", ""1"": ""LAYING"", ""2"": ""STANDING""}",0.32317469210059646,0.6788805397857001,0.6283776920847302,0.9143092644829207
UCIHARWindowSignals,1,auto_k3_min_0.04,Dense Ridge,30.0,,,,3,True,0.04,True,0.08416187187363708,0.05278596026963339,180,6,3,0.0942628021455904,0.36666666666666664,0.40194444444444444,LAYING:43;SITTING:25;STANDING:48;WALKING:41;WALKING_DOWNSTAIRS:2;WALKING_UPSTAIRS:21,0:44;1:85;2:51,"{""0"": ""WALKING_UPSTAIRS"", ""1"": ""LAYING"", ""2"": ""STANDING""}",0.3228103533621915,0.6797916270352214,0.6287594191997212,0.9146757713502421
UCIHARWindowSignals,1,auto_k3_min_0.04,DynVAR-Lasso Weighted Ridge,30.0,0.01,4.0,1.0,3,True,0.04,True,0.08416187187363708,0.05278596026963339,180,6,3,0.0942628021455904,0.36666666666666664,0.40194444444444444,LAYING:43;SITTING:25;STANDING:48;WALKING:41;WALKING_DOWNSTAIRS:2;WALKING_UPSTAIRS:21,0:44;1:85;2:51,"{""0"": ""WALKING_UPSTAIRS"", ""1"": ""LAYING"", ""2"": ""STANDING""}",0.32047097797356,0.6786703965069079,0.6276494479383902,0.9148400937660098
UCIHARWindowSignals,1,auto_k3_min_0.04,STCG-v1 Weighted Ridge,30.0,0.01,4.0,1.0,3,True,0.04,True,0.08416187187363708,0.05278596026963339,180,6,3,0.0942628021455904,0.36666666666666664,0.40194444444444444,LAYING:43;SITTING:25;STANDING:48;WALKING:41;WALKING_DOWNSTAIRS:2;WALKING_UPSTAIRS:21,0:44;1:85;2:51,"{""0"": ""WALKING_UPSTAIRS"", ""1"": ""LAYING"", ""2"": ""STANDING""}",0.32191614046392986,0.6792490361787105,0.6281994514066412,0.9146861865039614
UCIHARWindowSignals,1,auto_k3_min_0.04,Dense Ridge,100.0,,,,3,True,0.04,True,0.08416187187363708,0.05278596026963339,180,6,3,0.0942628021455904,0.36666666666666664,0.40194444444444444,LAYING:43;SITTING:25;STANDING:48;WALKING:41;WALKING_DOWNSTAIRS:2;WALKING_UPSTAIRS:21,0:44;1:85;2:51,"{""0"": ""WALKING_UPSTAIRS"", ""1"": ""LAYING"", ""2"": ""STANDING""}",0.3248607761418505,0.6796550916006857,0.6293166483385894,0.9140601928068258
UCIHARWindowSignals,1,auto_k3_min_0.04,DynVAR-Lasso Weighted Ridge,100.0,0.01,4.0,1.0,3,True,0.04,True,0.08416187187363708,0.05278596026963339,180,6,3,0.0942628021455904,0.36666666666666664,0.40194444444444444,LAYING:43;SITTING:25;STANDING:48;WALKING:41;WALKING_DOWNSTAIRS:2;WALKING_UPSTAIRS:21,0:44;1:85;2:51,"{""0"": ""WALKING_UPSTAIRS"", ""1"": ""LAYING"", ""2"": ""STANDING""}",0.32137746963044955,0.6791994171717621,0.6285675260876834,0.9162524931997263
UCIHARWindowSignals,1,auto_k3_min_0.04,STCG-v1 Weighted Ridge,100.0,0.01,4.0,1.0,3,True,0.04,True,0.08416187187363708,0.05278596026963339,180,6,3,0.0942628021455904,0.36666666666666664,0.40194444444444444,LAYING:43;SITTING:25;STANDING:48;WALKING:41;WALKING_DOWNSTAIRS:2;WALKING_UPSTAIRS:21,0:44;1:85;2:51,"{""0"": ""WALKING_UPSTAIRS"", ""1"": ""LAYING"", ""2"": ""STANDING""}",0.32317469210059646,0.6788805397857001,0.6283776920847302,0.9143092644829207
UCIHARWindowSignals,1,auto_k3_min_0.08,Dense Ridge,30.0,,,,3,True,0.08,True,0.08416187187363708,0.05278596026963339,180,6,3,0.0942628021455904,0.36666666666666664,0.40194444444444444,LAYING:43;SITTING:25;STANDING:48;WALKING:41;WALKING_DOWNSTAIRS:2;WALKING_UPSTAIRS:21,0:44;1:85;2:51,"{""0"": ""WALKING_UPSTAIRS"", ""1"": ""LAYING"", ""2"": ""STANDING""}",0.3228103533621915,0.6797916270352214,0.6287594191997212,0.9146757713502421
UCIHARWindowSignals,1,auto_k3_min_0.08,DynVAR-Lasso Weighted Ridge,30.0,0.01,4.0,1.0,3,True,0.08,True,0.08416187187363708,0.05278596026963339,180,6,3,0.0942628021455904,0.36666666666666664,0.40194444444444444,LAYING:43;SITTING:25;STANDING:48;WALKING:41;WALKING_DOWNSTAIRS:2;WALKING_UPSTAIRS:21,0:44;1:85;2:51,"{""0"": ""WALKING_UPSTAIRS"", ""1"": ""LAYING"", ""2"": ""STANDING""}",0.32047097797356,0.6786703965069079,0.6276494479383902,0.9148400937660098
UCIHARWindowSignals,1,auto_k3_min_0.08,STCG-v1 Weighted Ridge,30.0,0.01,4.0,1.0,3,True,0.08,True,0.08416187187363708,0.05278596026963339,180,6,3,0.0942628021455904,0.36666666666666664,0.40194444444444444,LAYING:43;SITTING:25;STANDING:48;WALKING:41;WALKING_DOWNSTAIRS:2;WALKING_UPSTAIRS:21,0:44;1:85;2:51,"{""0"": ""WALKING_UPSTAIRS"", ""1"": ""LAYING"", ""2"": ""STANDING""}",0.32191614046392986,0.6792490361787105,0.6281994514066412,0.9146861865039614
UCIHARWindowSignals,1,auto_k3_min_0.08,Dense Ridge,100.0,,,,3,True,0.08,True,0.08416187187363708,0.05278596026963339,180,6,3,0.0942628021455904,0.36666666666666664,0.40194444444444444,LAYING:43;SITTING:25;STANDING:48;WALKING:41;WALKING_DOWNSTAIRS:2;WALKING_UPSTAIRS:21,0:44;1:85;2:51,"{""0"": ""WALKING_UPSTAIRS"", ""1"": ""LAYING"", ""2"": ""STANDING""}",0.3248607761418505,0.6796550916006857,0.6293166483385894,0.9140601928068258
UCIHARWindowSignals,1,auto_k3_min_0.08,DynVAR-Lasso Weighted Ridge,100.0,0.01,4.0,1.0,3,True,0.08,True,0.08416187187363708,0.05278596026963339,180,6,3,0.0942628021455904,0.36666666666666664,0.40194444444444444,LAYING:43;SITTING:25;STANDING:48;WALKING:41;WALKING_DOWNSTAIRS:2;WALKING_UPSTAIRS:21,0:44;1:85;2:51,"{""0"": ""WALKING_UPSTAIRS"", ""1"": ""LAYING"", ""2"": ""STANDING""}",0.32137746963044955,0.6791994171717621,0.6285675260876834,0.9162524931997263
UCIHARWindowSignals,1,auto_k3_min_0.08,STCG-v1 Weighted Ridge,100.0,0.01,4.0,1.0,3,True,0.08,True,0.08416187187363708,0.05278596026963339,180,6,3,0.0942628021455904,0.36666666666666664,0.40194444444444444,LAYING:43;SITTING:25;STANDING:48;WALKING:41;WALKING_DOWNSTAIRS:2;WALKING_UPSTAIRS:21,0:44;1:85;2:51,"{""0"": ""WALKING_UPSTAIRS"", ""1"": ""LAYING"", ""2"": ""STANDING""}",0.32317469210059646,0.6788805397857001,0.6283776920847302,0.9143092644829207
UCIHARWindowSignals,1,auto_k3_min_0.12,Dense Ridge,30.0,,,,3,True,0.12,False,0.08416187187363708,0.05278596026963339,180,6,1,0.0,0.26666666666666666,0.40194444444444444,LAYING:43;SITTING:25;STANDING:48;WALKING:41;WALKING_DOWNSTAIRS:2;WALKING_UPSTAIRS:21,0:180,"{""0"": ""STANDING""}",0.3228103533621915,0.6797916270352214,0.6287594191997212,0.9146757713502421
UCIHARWindowSignals,1,auto_k3_min_0.12,DynVAR-Lasso Weighted Ridge,30.0,0.01,4.0,1.0,3,True,0.12,False,0.08416187187363708,0.05278596026963339,180,6,1,0.0,0.26666666666666666,0.40194444444444444,LAYING:43;SITTING:25;STANDING:48;WALKING:41;WALKING_DOWNSTAIRS:2;WALKING_UPSTAIRS:21,0:180,"{""0"": ""STANDING""}",0.32047097797356,0.6786703965069079,0.6276494479383902,0.9148400937660098
UCIHARWindowSignals,1,auto_k3_min_0.12,STCG-v1 Weighted Ridge,30.0,0.01,4.0,1.0,3,True,0.12,False,0.08416187187363708,0.05278596026963339,180,6,1,0.0,0.26666666666666666,0.40194444444444444,LAYING:43;SITTING:25;STANDING:48;WALKING:41;WALKING_DOWNSTAIRS:2;WALKING_UPSTAIRS:21,0:180,"{""0"": ""STANDING""}",0.32047097797356,0.6786703965069079,0.6276494479383902,0.9148400937660098
UCIHARWindowSignals,1,auto_k3_min_0.12,Dense Ridge,100.0,,,,3,True,0.12,False,0.08416187187363708,0.05278596026963339,180,6,1,0.0,0.26666666666666666,0.40194444444444444,LAYING:43;SITTING:25;STANDING:48;WALKING:41;WALKING_DOWNSTAIRS:2;WALKING_UPSTAIRS:21,0:180,"{""0"": ""STANDING""}",0.3248607761418505,0.6796550916006857,0.6293166483385894,0.9140601928068258
UCIHARWindowSignals,1,auto_k3_min_0.12,DynVAR-Lasso Weighted Ridge,100.0,0.01,4.0,1.0,3,True,0.12,False,0.08416187187363708,0.05278596026963339,180,6,1,0.0,0.26666666666666666,0.40194444444444444,LAYING:43;SITTING:25;STANDING:48;WALKING:41;WALKING_DOWNSTAIRS:2;WALKING_UPSTAIRS:21,0:180,"{""0"": ""STANDING""}",0.32137746963044955,0.6791994171717621,0.6285675260876834,0.9162524931997263
UCIHARWindowSignals,1,auto_k3_min_0.12,STCG-v1 Weighted Ridge,100.0,0.01,4.0,1.0,3,True,0.12,False,0.08416187187363708,0.05278596026963339,180,6,1,0.0,0.26666666666666666,0.40194444444444444,LAYING:43;SITTING:25;STANDING:48;WALKING:41;WALKING_DOWNSTAIRS:2;WALKING_UPSTAIRS:21,0:180,"{""0"": ""STANDING""}",0.32137746963044955,0.6791994171717621,0.6285675260876834,0.9162524931997263
UCIHARWindowSignals,1,auto_k3_min_0.16,Dense Ridge,30.0,,,,3,True,0.16,False,0.08416187187363708,0.05278596026963339,180,6,1,0.0,0.26666666666666666,0.40194444444444444,LAYING:43;SITTING:25;STANDING:48;WALKING:41;WALKING_DOWNSTAIRS:2;WALKING_UPSTAIRS:21,0:180,"{""0"": ""STANDING""}",0.3228103533621915,0.6797916270352214,0.6287594191997212,0.9146757713502421
UCIHARWindowSignals,1,auto_k3_min_0.16,DynVAR-Lasso Weighted Ridge,30.0,0.01,4.0,1.0,3,True,0.16,False,0.08416187187363708,0.05278596026963339,180,6,1,0.0,0.26666666666666666,0.40194444444444444,LAYING:43;SITTING:25;STANDING:48;WALKING:41;WALKING_DOWNSTAIRS:2;WALKING_UPSTAIRS:21,0:180,"{""0"": ""STANDING""}",0.32047097797356,0.6786703965069079,0.6276494479383902,0.9148400937660098
UCIHARWindowSignals,1,auto_k3_min_0.16,STCG-v1 Weighted Ridge,30.0,0.01,4.0,1.0,3,True,0.16,False,0.08416187187363708,0.05278596026963339,180,6,1,0.0,0.26666666666666666,0.40194444444444444,LAYING:43;SITTING:25;STANDING:48;WALKING:41;WALKING_DOWNSTAIRS:2;WALKING_UPSTAIRS:21,0:180,"{""0"": ""STANDING""}",0.32047097797356,0.6786703965069079,0.6276494479383902,0.9148400937660098
UCIHARWindowSignals,1,auto_k3_min_0.16,Dense Ridge,100.0,,,,3,True,0.16,False,0.08416187187363708,0.05278596026963339,180,6,1,0.0,0.26666666666666666,0.40194444444444444,LAYING:43;SITTING:25;STANDING:48;WALKING:41;WALKING_DOWNSTAIRS:2;WALKING_UPSTAIRS:21,0:180,"{""0"": ""STANDING""}",0.3248607761418505,0.6796550916006857,0.6293166483385894,0.9140601928068258
UCIHARWindowSignals,1,auto_k3_min_0.16,DynVAR-Lasso Weighted Ridge,100.0,0.01,4.0,1.0,3,True,0.16,False,0.08416187187363708,0.05278596026963339,180,6,1,0.0,0.26666666666666666,0.40194444444444444,LAYING:43;SITTING:25;STANDING:48;WALKING:41;WALKING_DOWNSTAIRS:2;WALKING_UPSTAIRS:21,0:180,"{""0"": ""STANDING""}",0.32137746963044955,0.6791994171717621,0.6285675260876834,0.9162524931997263
UCIHARWindowSignals,1,auto_k3_min_0.16,STCG-v1 Weighted Ridge,100.0,0.01,4.0,1.0,3,True,0.16,False,0.08416187187363708,0.05278596026963339,180,6,1,0.0,0.26666666666666666,0.40194444444444444,LAYING:43;SITTING:25;STANDING:48;WALKING:41;WALKING_DOWNSTAIRS:2;WALKING_UPSTAIRS:21,0:180,"{""0"": ""STANDING""}",0.32137746963044955,0.6791994171717621,0.6285675260876834,0.9162524931997263
UCIHARWindowSignals,1,forced_k3,Dense Ridge,30.0,,,,3,False,0.0,True,0.08416187187363708,0.05278596026963339,180,6,3,0.0942628021455904,0.36666666666666664,0.40194444444444444,LAYING:43;SITTING:25;STANDING:48;WALKING:41;WALKING_DOWNSTAIRS:2;WALKING_UPSTAIRS:21,0:44;1:85;2:51,"{""0"": ""WALKING_UPSTAIRS"", ""1"": ""LAYING"", ""2"": ""STANDING""}",0.3228103533621915,0.6797916270352214,0.6287594191997212,0.9146757713502421
UCIHARWindowSignals,1,forced_k3,DynVAR-Lasso Weighted Ridge,30.0,0.01,4.0,1.0,3,False,0.0,True,0.08416187187363708,0.05278596026963339,180,6,3,0.0942628021455904,0.36666666666666664,0.40194444444444444,LAYING:43;SITTING:25;STANDING:48;WALKING:41;WALKING_DOWNSTAIRS:2;WALKING_UPSTAIRS:21,0:44;1:85;2:51,"{""0"": ""WALKING_UPSTAIRS"", ""1"": ""LAYING"", ""2"": ""STANDING""}",0.32047097797356,0.6786703965069079,0.6276494479383902,0.9148400937660098
UCIHARWindowSignals,1,forced_k3,STCG-v1 Weighted Ridge,30.0,0.01,4.0,1.0,3,False,0.0,True,0.08416187187363708,0.05278596026963339,180,6,3,0.0942628021455904,0.36666666666666664,0.40194444444444444,LAYING:43;SITTING:25;STANDING:48;WALKING:41;WALKING_DOWNSTAIRS:2;WALKING_UPSTAIRS:21,0:44;1:85;2:51,"{""0"": ""WALKING_UPSTAIRS"", ""1"": ""LAYING"", ""2"": ""STANDING""}",0.32191614046392986,0.6792490361787105,0.6281994514066412,0.9146861865039614
UCIHARWindowSignals,1,forced_k3,Dense Ridge,100.0,,,,3,False,0.0,True,0.08416187187363708,0.05278596026963339,180,6,3,0.0942628021455904,0.36666666666666664,0.40194444444444444,LAYING:43;SITTING:25;STANDING:48;WALKING:41;WALKING_DOWNSTAIRS:2;WALKING_UPSTAIRS:21,0:44;1:85;2:51,"{""0"": ""WALKING_UPSTAIRS"", ""1"": ""LAYING"", ""2"": ""STANDING""}",0.3248607761418505,0.6796550916006857,0.6293166483385894,0.9140601928068258
UCIHARWindowSignals,1,forced_k3,DynVAR-Lasso Weighted Ridge,100.0,0.01,4.0,1.0,3,False,0.0,True,0.08416187187363708,0.05278596026963339,180,6,3,0.0942628021455904,0.36666666666666664,0.40194444444444444,LAYING:43;SITTING:25;STANDING:48;WALKING:41;WALKING_DOWNSTAIRS:2;WALKING_UPSTAIRS:21,0:44;1:85;2:51,"{""0"": ""WALKING_UPSTAIRS"", ""1"": ""LAYING"", ""2"": ""STANDING""}",0.32137746963044955,0.6791994171717621,0.6285675260876834,0.9162524931997263
UCIHARWindowSignals,1,forced_k3,STCG-v1 Weighted Ridge,100.0,0.01,4.0,1.0,3,False,0.0,True,0.08416187187363708,0.05278596026963339,180,6,3,0.0942628021455904,0.36666666666666664,0.40194444444444444,LAYING:43;SITTING:25;STANDING:48;WALKING:41;WALKING_DOWNSTAIRS:2;WALKING_UPSTAIRS:21,0:44;1:85;2:51,"{""0"": ""WALKING_UPSTAIRS"", ""1"": ""LAYING"", ""2"": ""STANDING""}",0.32317469210059646,0.6788805397857001,0.6283776920847302,0.9143092644829207
UCIHARWindowSignals,1,auto_k4_min_0.00,Dense Ridge,30.0,,,,4,True,0.0,True,0.09909802026643252,0.09108853623940173,180,6,4,0.0740695241326068,0.35,0.40194444444444444,LAYING:43;SITTING:25;STANDING:48;WALKING:41;WALKING_DOWNSTAIRS:2;WALKING_UPSTAIRS:21,0:82;1:21;2:52;3:25,"{""0"": ""LAYING"", ""1"": ""WALKING"", ""2"": ""WALKING_UPSTAIRS"", ""3"": ""STANDING""}",0.3228103533621915,0.6797916270352214,0.6287594191997212,0.9146757713502421
UCIHARWindowSignals,1,auto_k4_min_0.00,DynVAR-Lasso Weighted Ridge,30.0,0.01,4.0,1.0,4,True,0.0,True,0.09909802026643252,0.09108853623940173,180,6,4,0.0740695241326068,0.35,0.40194444444444444,LAYING:43;SITTING:25;STANDING:48;WALKING:41;WALKING_DOWNSTAIRS:2;WALKING_UPSTAIRS:21,0:82;1:21;2:52;3:25,"{""0"": ""LAYING"", ""1"": ""WALKING"", ""2"": ""WALKING_UPSTAIRS"", ""3"": ""STANDING""}",0.32047097797356,0.6786703965069079,0.6276494479383902,0.9148400937660098
UCIHARWindowSignals,1,auto_k4_min_0.00,STCG-v1 Weighted Ridge,30.0,0.01,4.0,1.0,4,True,0.0,True,0.09909802026643252,0.09108853623940173,180,6,4,0.0740695241326068,0.35,0.40194444444444444,LAYING:43;SITTING:25;STANDING:48;WALKING:41;WALKING_DOWNSTAIRS:2;WALKING_UPSTAIRS:21,0:82;1:21;2:52;3:25,"{""0"": ""LAYING"", ""1"": ""WALKING"", ""2"": ""WALKING_UPSTAIRS"", ""3"": ""STANDING""}",0.3217615772734668,0.67935907802282,0.6282642704822609,0.9148195049385432
UCIHARWindowSignals,1,auto_k4_min_0.00,Dense Ridge,100.0,,,,4,True,0.0,True,0.09909802026643252,0.09108853623940173,180,6,4,0.0740695241326068,0.35,0.40194444444444444,LAYING:43;SITTING:25;STANDING:48;WALKING:41;WALKING_DOWNSTAIRS:2;WALKING_UPSTAIRS:21,0:82;1:21;2:52;3:25,"{""0"": ""LAYING"", ""1"": ""WALKING"", ""2"": ""WALKING_UPSTAIRS"", ""3"": ""STANDING""}",0.3248607761418505,0.6796550916006857,0.6293166483385894,0.9140601928068258
UCIHARWindowSignals,1,auto_k4_min_0.00,DynVAR-Lasso Weighted Ridge,100.0,0.01,4.0,1.0,4,True,0.0,True,0.09909802026643252,0.09108853623940173,180,6,4,0.0740695241326068,0.35,0.40194444444444444,LAYING:43;SITTING:25;STANDING:48;WALKING:41;WALKING_DOWNSTAIRS:2;WALKING_UPSTAIRS:21,0:82;1:21;2:52;3:25,"{""0"": ""LAYING"", ""1"": ""WALKING"", ""2"": ""WALKING_UPSTAIRS"", ""3"": ""STANDING""}",0.32137746963044955,0.6791994171717621,0.6285675260876834,0.9162524931997263
UCIHARWindowSignals,1,auto_k4_min_0.00,STCG-v1 Weighted Ridge,100.0,0.01,4.0,1.0,4,True,0.0,True,0.09909802026643252,0.09108853623940173,180,6,4,0.0740695241326068,0.35,0.40194444444444444,LAYING:43;SITTING:25;STANDING:48;WALKING:41;WALKING_DOWNSTAIRS:2;WALKING_UPSTAIRS:21,0:82;1:21;2:52;3:25,"{""0"": ""LAYING"", ""1"": ""WALKING"", ""2"": ""WALKING_UPSTAIRS"", ""3"": ""STANDING""}",0.32275068975097165,0.6792190670322752,0.6285939798259641,0.9149077252894946
UCIHARWindowSignals,1,auto_k4_min_0.04,Dense Ridge,30.0,,,,4,True,0.04,True,0.09909802026643252,0.09108853623940173,180,6,4,0.0740695241326068,0.35,0.40194444444444444,LAYING:43;SITTING:25;STANDING:48;WALKING:41;WALKING_DOWNSTAIRS:2;WALKING_UPSTAIRS:21,0:82;1:21;2:52;3:25,"{""0"": ""LAYING"", ""1"": ""WALKING"", ""2"": ""WALKING_UPSTAIRS"", ""3"": ""STANDING""}",0.3228103533621915,0.6797916270352214,0.6287594191997212,0.9146757713502421
UCIHARWindowSignals,1,auto_k4_min_0.04,DynVAR-Lasso Weighted Ridge,30.0,0.01,4.0,1.0,4,True,0.04,True,0.09909802026643252,0.09108853623940173,180,6,4,0.0740695241326068,0.35,0.40194444444444444,LAYING:43;SITTING:25;STANDING:48;WALKING:41;WALKING_DOWNSTAIRS:2;WALKING_UPSTAIRS:21,0:82;1:21;2:52;3:25,"{""0"": ""LAYING"", ""1"": ""WALKING"", ""2"": ""WALKING_UPSTAIRS"", ""3"": ""STANDING""}",0.32047097797356,0.6786703965069079,0.6276494479383902,0.9148400937660098
UCIHARWindowSignals,1,auto_k4_min_0.04,STCG-v1 Weighted Ridge,30.0,0.01,4.0,1.0,4,True,0.04,True,0.09909802026643252,0.09108853623940173,180,6,4,0.0740695241326068,0.35,0.40194444444444444,LAYING:43;SITTING:25;STANDING:48;WALKING:41;WALKING_DOWNSTAIRS:2;WALKING_UPSTAIRS:21,0:82;1:21;2:52;3:25,"{""0"": ""LAYING"", ""1"": ""WALKING"", ""2"": ""WALKING_UPSTAIRS"", ""3"": ""STANDING""}",0.3217615772734668,0.67935907802282,0.6282642704822609,0.9148195049385432
UCIHARWindowSignals,1,auto_k4_min_0.04,Dense Ridge,100.0,,,,4,True,0.04,True,0.09909802026643252,0.09108853623940173,180,6,4,0.0740695241326068,0.35,0.40194444444444444,LAYING:43;SITTING:25;STANDING:48;WALKING:41;WALKING_DOWNSTAIRS:2;WALKING_UPSTAIRS:21,0:82;1:21;2:52;3:25,"{""0"": ""LAYING"", ""1"": ""WALKING"", ""2"": ""WALKING_UPSTAIRS"", ""3"": ""STANDING""}",0.3248607761418505,0.6796550916006857,0.6293166483385894,0.9140601928068258
UCIHARWindowSignals,1,auto_k4_min_0.04,DynVAR-Lasso Weighted Ridge,100.0,0.01,4.0,1.0,4,True,0.04,True,0.09909802026643252,0.09108853623940173,180,6,4,0.0740695241326068,0.35,0.40194444444444444,LAYING:43;SITTING:25;STANDING:48;WALKING:41;WALKING_DOWNSTAIRS:2;WALKING_UPSTAIRS:21,0:82;1:21;2:52;3:25,"{""0"": ""LAYING"", ""1"": ""WALKING"", ""2"": ""WALKING_UPSTAIRS"", ""3"": ""STANDING""}",0.32137746963044955,0.6791994171717621,0.6285675260876834,0.9162524931997263
UCIHARWindowSignals,1,auto_k4_min_0.04,STCG-v1 Weighted Ridge,100.0,0.01,4.0,1.0,4,True,0.04,True,0.09909802026643252,0.09108853623940173,180,6,4,0.0740695241326068,0.35,0.40194444444444444,LAYING:43;SITTING:25;STANDING:48;WALKING:41;WALKING_DOWNSTAIRS:2;WALKING_UPSTAIRS:21,0:82;1:21;2:52;3:25,"{""0"": ""LAYING"", ""1"": ""WALKING"", ""2"": ""WALKING_UPSTAIRS"", ""3"": ""STANDING""}",0.32275068975097165,0.6792190670322752,0.6285939798259641,0.9149077252894946
UCIHARWindowSignals,1,auto_k4_min_0.08,Dense Ridge,30.0,,,,4,True,0.08,True,0.09909802026643252,0.09108853623940173,180,6,4,0.0740695241326068,0.35,0.40194444444444444,LAYING:43;SITTING:25;STANDING:48;WALKING:41;WALKING_DOWNSTAIRS:2;WALKING_UPSTAIRS:21,0:82;1:21;2:52;3:25,"{""0"": ""LAYING"", ""1"": ""WALKING"", ""2"": ""WALKING_UPSTAIRS"", ""3"": ""STANDING""}",0.3228103533621915,0.6797916270352214,0.6287594191997212,0.9146757713502421
UCIHARWindowSignals,1,auto_k4_min_0.08,DynVAR-Lasso Weighted Ridge,30.0,0.01,4.0,1.0,4,True,0.08,True,0.09909802026643252,0.09108853623940173,180,6,4,0.0740695241326068,0.35,0.40194444444444444,LAYING:43;SITTING:25;STANDING:48;WALKING:41;WALKING_DOWNSTAIRS:2;WALKING_UPSTAIRS:21,0:82;1:21;2:52;3:25,"{""0"": ""LAYING"", ""1"": ""WALKING"", ""2"": ""WALKING_UPSTAIRS"", ""3"": ""STANDING""}",0.32047097797356,0.6786703965069079,0.6276494479383902,0.9148400937660098
UCIHARWindowSignals,1,auto_k4_min_0.08,STCG-v1 Weighted Ridge,30.0,0.01,4.0,1.0,4,True,0.08,True,0.09909802026643252,0.09108853623940173,180,6,4,0.0740695241326068,0.35,0.40194444444444444,LAYING:43;SITTING:25;STANDING:48;WALKING:41;WALKING_DOWNSTAIRS:2;WALKING_UPSTAIRS:21,0:82;1:21;2:52;3:25,"{""0"": ""LAYING"", ""1"": ""WALKING"", ""2"": ""WALKING_UPSTAIRS"", ""3"": ""STANDING""}",0.3217615772734668,0.67935907802282,0.6282642704822609,0.9148195049385432
UCIHARWindowSignals,1,auto_k4_min_0.08,Dense Ridge,100.0,,,,4,True,0.08,True,0.09909802026643252,0.09108853623940173,180,6,4,0.0740695241326068,0.35,0.40194444444444444,LAYING:43;SITTING:25;STANDING:48;WALKING:41;WALKING_DOWNSTAIRS:2;WALKING_UPSTAIRS:21,0:82;1:21;2:52;3:25,"{""0"": ""LAYING"", ""1"": ""WALKING"", ""2"": ""WALKING_UPSTAIRS"", ""3"": ""STANDING""}",0.3248607761418505,0.6796550916006857,0.6293166483385894,0.9140601928068258
UCIHARWindowSignals,1,auto_k4_min_0.08,DynVAR-Lasso Weighted Ridge,100.0,0.01,4.0,1.0,4,True,0.08,True,0.09909802026643252,0.09108853623940173,180,6,4,0.0740695241326068,0.35,0.40194444444444444,LAYING:43;SITTING:25;STANDING:48;WALKING:41;WALKING_DOWNSTAIRS:2;WALKING_UPSTAIRS:21,0:82;1:21;2:52;3:25,"{""0"": ""LAYING"", ""1"": ""WALKING"", ""2"": ""WALKING_UPSTAIRS"", ""3"": ""STANDING""}",0.32137746963044955,0.6791994171717621,0.6285675260876834,0.9162524931997263
UCIHARWindowSignals,1,auto_k4_min_0.08,STCG-v1 Weighted Ridge,100.0,0.01,4.0,1.0,4,True,0.08,True,0.09909802026643252,0.09108853623940173,180,6,4,0.0740695241326068,0.35,0.40194444444444444,LAYING:43;SITTING:25;STANDING:48;WALKING:41;WALKING_DOWNSTAIRS:2;WALKING_UPSTAIRS:21,0:82;1:21;2:52;3:25,"{""0"": ""LAYING"", ""1"": ""WALKING"", ""2"": ""WALKING_UPSTAIRS"", ""3"": ""STANDING""}",0.32275068975097165,0.6792190670322752,0.6285939798259641,0.9149077252894946
UCIHARWindowSignals,1,auto_k4_min_0.12,Dense Ridge,30.0,,,,4,True,0.12,False,0.09909802026643252,0.09108853623940173,180,6,1,0.0,0.26666666666666666,0.40194444444444444,LAYING:43;SITTING:25;STANDING:48;WALKING:41;WALKING_DOWNSTAIRS:2;WALKING_UPSTAIRS:21,0:180,"{""0"": ""STANDING""}",0.3228103533621915,0.6797916270352214,0.6287594191997212,0.9146757713502421
UCIHARWindowSignals,1,auto_k4_min_0.12,DynVAR-Lasso Weighted Ridge,30.0,0.01,4.0,1.0,4,True,0.12,False,0.09909802026643252,0.09108853623940173,180,6,1,0.0,0.26666666666666666,0.40194444444444444,LAYING:43;SITTING:25;STANDING:48;WALKING:41;WALKING_DOWNSTAIRS:2;WALKING_UPSTAIRS:21,0:180,"{""0"": ""STANDING""}",0.32047097797356,0.6786703965069079,0.6276494479383902,0.9148400937660098
UCIHARWindowSignals,1,auto_k4_min_0.12,STCG-v1 Weighted Ridge,30.0,0.01,4.0,1.0,4,True,0.12,False,0.09909802026643252,0.09108853623940173,180,6,1,0.0,0.26666666666666666,0.40194444444444444,LAYING:43;SITTING:25;STANDING:48;WALKING:41;WALKING_DOWNSTAIRS:2;WALKING_UPSTAIRS:21,0:180,"{""0"": ""STANDING""}",0.32047097797356,0.6786703965069079,0.6276494479383902,0.9148400937660098
UCIHARWindowSignals,1,auto_k4_min_0.12,Dense Ridge,100.0,,,,4,True,0.12,False,0.09909802026643252,0.09108853623940173,180,6,1,0.0,0.26666666666666666,0.40194444444444444,LAYING:43;SITTING:25;STANDING:48;WALKING:41;WALKING_DOWNSTAIRS:2;WALKING_UPSTAIRS:21,0:180,"{""0"": ""STANDING""}",0.3248607761418505,0.6796550916006857,0.6293166483385894,0.9140601928068258
UCIHARWindowSignals,1,auto_k4_min_0.12,DynVAR-Lasso Weighted Ridge,100.0,0.01,4.0,1.0,4,True,0.12,False,0.09909802026643252,0.09108853623940173,180,6,1,0.0,0.26666666666666666,0.40194444444444444,LAYING:43;SITTING:25;STANDING:48;WALKING:41;WALKING_DOWNSTAIRS:2;WALKING_UPSTAIRS:21,0:180,"{""0"": ""STANDING""}",0.32137746963044955,0.6791994171717621,0.6285675260876834,0.9162524931997263
UCIHARWindowSignals,1,auto_k4_min_0.12,STCG-v1 Weighted Ridge,100.0,0.01,4.0,1.0,4,True,0.12,False,0.09909802026643252,0.09108853623940173,180,6,1,0.0,0.26666666666666666,0.40194444444444444,LAYING:43;SITTING:25;STANDING:48;WALKING:41;WALKING_DOWNSTAIRS:2;WALKING_UPSTAIRS:21,0:180,"{""0"": ""STANDING""}",0.32137746963044955,0.6791994171717621,0.6285675260876834,0.9162524931997263
UCIHARWindowSignals,1,auto_k4_min_0.16,Dense Ridge,30.0,,,,4,True,0.16,False,0.09909802026643252,0.09108853623940173,180,6,1,0.0,0.26666666666666666,0.40194444444444444,LAYING:43;SITTING:25;STANDING:48;WALKING:41;WALKING_DOWNSTAIRS:2;WALKING_UPSTAIRS:21,0:180,"{""0"": ""STANDING""}",0.3228103533621915,0.6797916270352214,0.6287594191997212,0.9146757713502421
UCIHARWindowSignals,1,auto_k4_min_0.16,DynVAR-Lasso Weighted Ridge,30.0,0.01,4.0,1.0,4,True,0.16,False,0.09909802026643252,0.09108853623940173,180,6,1,0.0,0.26666666666666666,0.40194444444444444,LAYING:43;SITTING:25;STANDING:48;WALKING:41;WALKING_DOWNSTAIRS:2;WALKING_UPSTAIRS:21,0:180,"{""0"": ""STANDING""}",0.32047097797356,0.6786703965069079,0.6276494479383902,0.9148400937660098
UCIHARWindowSignals,1,auto_k4_min_0.16,STCG-v1 Weighted Ridge,30.0,0.01,4.0,1.0,4,True,0.16,False,0.09909802026643252,0.09108853623940173,180,6,1,0.0,0.26666666666666666,0.40194444444444444,LAYING:43;SITTING:25;STANDING:48;WALKING:41;WALKING_DOWNSTAIRS:2;WALKING_UPSTAIRS:21,0:180,"{""0"": ""STANDING""}",0.32047097797356,0.6786703965069079,0.6276494479383902,0.9148400937660098
UCIHARWindowSignals,1,auto_k4_min_0.16,Dense Ridge,100.0,,,,4,True,0.16,False,0.09909802026643252,0.09108853623940173,180,6,1,0.0,0.26666666666666666,0.40194444444444444,LAYING:43;SITTING:25;STANDING:48;WALKING:41;WALKING_DOWNSTAIRS:2;WALKING_UPSTAIRS:21,0:180,"{""0"": ""STANDING""}",0.3248607761418505,0.6796550916006857,0.6293166483385894,0.9140601928068258
UCIHARWindowSignals,1,auto_k4_min_0.16,DynVAR-Lasso Weighted Ridge,100.0,0.01,4.0,1.0,4,True,0.16,False,0.09909802026643252,0.09108853623940173,180,6,1,0.0,0.26666666666666666,0.40194444444444444,LAYING:43;SITTING:25;STANDING:48;WALKING:41;WALKING_DOWNSTAIRS:2;WALKING_UPSTAIRS:21,0:180,"{""0"": ""STANDING""}",0.32137746963044955,0.6791994171717621,0.6285675260876834,0.9162524931997263
UCIHARWindowSignals,1,auto_k4_min_0.16,STCG-v1 Weighted Ridge,100.0,0.01,4.0,1.0,4,True,0.16,False,0.09909802026643252,0.09108853623940173,180,6,1,0.0,0.26666666666666666,0.40194444444444444,LAYING:43;SITTING:25;STANDING:48;WALKING:41;WALKING_DOWNSTAIRS:2;WALKING_UPSTAIRS:21,0:180,"{""0"": ""STANDING""}",0.32137746963044955,0.6791994171717621,0.6285675260876834,0.9162524931997263
UCIHARWindowSignals,1,forced_k4,Dense Ridge,30.0,,,,4,False,0.0,True,0.09909802026643252,0.09108853623940173,180,6,4,0.0740695241326068,0.35,0.40194444444444444,LAYING:43;SITTING:25;STANDING:48;WALKING:41;WALKING_DOWNSTAIRS:2;WALKING_UPSTAIRS:21,0:82;1:21;2:52;3:25,"{""0"": ""LAYING"", ""1"": ""WALKING"", ""2"": ""WALKING_UPSTAIRS"", ""3"": ""STANDING""}",0.3228103533621915,0.6797916270352214,0.6287594191997212,0.9146757713502421
UCIHARWindowSignals,1,forced_k4,DynVAR-Lasso Weighted Ridge,30.0,0.01,4.0,1.0,4,False,0.0,True,0.09909802026643252,0.09108853623940173,180,6,4,0.0740695241326068,0.35,0.40194444444444444,LAYING:43;SITTING:25;STANDING:48;WALKING:41;WALKING_DOWNSTAIRS:2;WALKING_UPSTAIRS:21,0:82;1:21;2:52;3:25,"{""0"": ""LAYING"", ""1"": ""WALKING"", ""2"": ""WALKING_UPSTAIRS"", ""3"": ""STANDING""}",0.32047097797356,0.6786703965069079,0.6276494479383902,0.9148400937660098
UCIHARWindowSignals,1,forced_k4,STCG-v1 Weighted Ridge,30.0,0.01,4.0,1.0,4,False,0.0,True,0.09909802026643252,0.09108853623940173,180,6,4,0.0740695241326068,0.35,0.40194444444444444,LAYING:43;SITTING:25;STANDING:48;WALKING:41;WALKING_DOWNSTAIRS:2;WALKING_UPSTAIRS:21,0:82;1:21;2:52;3:25,"{""0"": ""LAYING"", ""1"": ""WALKING"", ""2"": ""WALKING_UPSTAIRS"", ""3"": ""STANDING""}",0.3217615772734668,0.67935907802282,0.6282642704822609,0.9148195049385432
UCIHARWindowSignals,1,forced_k4,Dense Ridge,100.0,,,,4,False,0.0,True,0.09909802026643252,0.09108853623940173,180,6,4,0.0740695241326068,0.35,0.40194444444444444,LAYING:43;SITTING:25;STANDING:48;WALKING:41;WALKING_DOWNSTAIRS:2;WALKING_UPSTAIRS:21,0:82;1:21;2:52;3:25,"{""0"": ""LAYING"", ""1"": ""WALKING"", ""2"": ""WALKING_UPSTAIRS"", ""3"": ""STANDING""}",0.3248607761418505,0.6796550916006857,0.6293166483385894,0.9140601928068258
UCIHARWindowSignals,1,forced_k4,DynVAR-Lasso Weighted Ridge,100.0,0.01,4.0,1.0,4,False,0.0,True,0.09909802026643252,0.09108853623940173,180,6,4,0.0740695241326068,0.35,0.40194444444444444,LAYING:43;SITTING:25;STANDING:48;WALKING:41;WALKING_DOWNSTAIRS:2;WALKING_UPSTAIRS:21,0:82;1:21;2:52;3:25,"{""0"": ""LAYING"", ""1"": ""WALKING"", ""2"": ""WALKING_UPSTAIRS"", ""3"": ""STANDING""}",0.32137746963044955,0.6791994171717621,0.6285675260876834,0.9162524931997263
UCIHARWindowSignals,1,forced_k4,STCG-v1 Weighted Ridge,100.0,0.01,4.0,1.0,4,False,0.0,True,0.09909802026643252,0.09108853623940173,180,6,4,0.0740695241326068,0.35,0.40194444444444444,LAYING:43;SITTING:25;STANDING:48;WALKING:41;WALKING_DOWNSTAIRS:2;WALKING_UPSTAIRS:21,0:82;1:21;2:52;3:25,"{""0"": ""LAYING"", ""1"": ""WALKING"", ""2"": ""WALKING_UPSTAIRS"", ""3"": ""STANDING""}",0.32275068975097165,0.6792190670322752,0.6285939798259641,0.9149077252894946
UCIHARWindowSignals,2,auto_k2_min_0.00,Dense Ridge,30.0,,,,2,True,0.0,True,0.06655397309343516,0.0,180,6,2,0.07672655306469792,0.34444444444444444,0.40194444444444444,LAYING:43;SITTING:25;STANDING:48;WALKING:41;WALKING_DOWNSTAIRS:2;WALKING_UPSTAIRS:21,0:131;1:49,"{""0"": ""LAYING"", ""1"": ""STANDING""}",0.3228103533621915,0.6797916270352214,0.6287594191997212,0.9146757713502421
UCIHARWindowSignals,2,auto_k2_min_0.00,DynVAR-Lasso Weighted Ridge,30.0,0.01,4.0,1.0,2,True,0.0,True,0.06655397309343516,0.0,180,6,2,0.07672655306469792,0.34444444444444444,0.40194444444444444,LAYING:43;SITTING:25;STANDING:48;WALKING:41;WALKING_DOWNSTAIRS:2;WALKING_UPSTAIRS:21,0:131;1:49,"{""0"": ""LAYING"", ""1"": ""STANDING""}",0.32047097797356,0.6786703965069079,0.6276494479383902,0.9148400937660098
UCIHARWindowSignals,2,auto_k2_min_0.00,STCG-v1 Weighted Ridge,30.0,0.01,4.0,1.0,2,True,0.0,True,0.06655397309343516,0.0,180,6,2,0.07672655306469792,0.34444444444444444,0.40194444444444444,LAYING:43;SITTING:25;STANDING:48;WALKING:41;WALKING_DOWNSTAIRS:2;WALKING_UPSTAIRS:21,0:131;1:49,"{""0"": ""LAYING"", ""1"": ""STANDING""}",0.3219983808317219,0.6793315833254375,0.6282635972697397,0.9146203158129592
UCIHARWindowSignals,2,auto_k2_min_0.00,Dense Ridge,100.0,,,,2,True,0.0,True,0.06655397309343516,0.0,180,6,2,0.07672655306469792,0.34444444444444444,0.40194444444444444,LAYING:43;SITTING:25;STANDING:48;WALKING:41;WALKING_DOWNSTAIRS:2;WALKING_UPSTAIRS:21,0:131;1:49,"{""0"": ""LAYING"", ""1"": ""STANDING""}",0.3248607761418505,0.6796550916006857,0.6293166483385894,0.9140601928068258
UCIHARWindowSignals,2,auto_k2_min_0.00,DynVAR-Lasso Weighted Ridge,100.0,0.01,4.0,1.0,2,True,0.0,True,0.06655397309343516,0.0,180,6,2,0.07672655306469792,0.34444444444444444,0.40194444444444444,LAYING:43;SITTING:25;STANDING:48;WALKING:41;WALKING_DOWNSTAIRS:2;WALKING_UPSTAIRS:21,0:131;1:49,"{""0"": ""LAYING"", ""1"": ""STANDING""}",0.32137746963044955,0.6791994171717621,0.6285675260876834,0.9162524931997263
UCIHARWindowSignals,2,auto_k2_min_0.00,STCG-v1 Weighted Ridge,100.0,0.01,4.0,1.0,2,True,0.0,True,0.06655397309343516,0.0,180,6,2,0.07672655306469792,0.34444444444444444,0.40194444444444444,LAYING:43;SITTING:25;STANDING:48;WALKING:41;WALKING_DOWNSTAIRS:2;WALKING_UPSTAIRS:21,0:131;1:49,"{""0"": ""LAYING"", ""1"": ""STANDING""}",0.32328272753329795,0.6789947017674787,0.6284466477612749,0.9144032373937306
UCIHARWindowSignals,2,auto_k2_min_0.04,Dense Ridge,30.0,,,,2,True,0.04,True,0.06655397309343516,0.0,180,6,2,0.07672655306469792,0.34444444444444444,0.40194444444444444,LAYING:43;SITTING:25;STANDING:48;WALKING:41;WALKING_DOWNSTAIRS:2;WALKING_UPSTAIRS:21,0:131;1:49,"{""0"": ""LAYING"", ""1"": ""STANDING""}",0.3228103533621915,0.6797916270352214,0.6287594191997212,0.9146757713502421
UCIHARWindowSignals,2,auto_k2_min_0.04,DynVAR-Lasso Weighted Ridge,30.0,0.01,4.0,1.0,2,True,0.04,True,0.06655397309343516,0.0,180,6,2,0.07672655306469792,0.34444444444444444,0.40194444444444444,LAYING:43;SITTING:25;STANDING:48;WALKING:41;WALKING_DOWNSTAIRS:2;WALKING_UPSTAIRS:21,0:131;1:49,"{""0"": ""LAYING"", ""1"": ""STANDING""}",0.32047097797356,0.6786703965069079,0.6276494479383902,0.9148400937660098
UCIHARWindowSignals,2,auto_k2_min_0.04,STCG-v1 Weighted Ridge,30.0,0.01,4.0,1.0,2,True,0.04,True,0.06655397309343516,0.0,180,6,2,0.07672655306469792,0.34444444444444444,0.40194444444444444,LAYING:43;SITTING:25;STANDING:48;WALKING:41;WALKING_DOWNSTAIRS:2;WALKING_UPSTAIRS:21,0:131;1:49,"{""0"": ""LAYING"", ""1"": ""STANDING""}",0.3219983808317219,0.6793315833254375,0.6282635972697397,0.9146203158129592
UCIHARWindowSignals,2,auto_k2_min_0.04,Dense Ridge,100.0,,,,2,True,0.04,True,0.06655397309343516,0.0,180,6,2,0.07672655306469792,0.34444444444444444,0.40194444444444444,LAYING:43;SITTING:25;STANDING:48;WALKING:41;WALKING_DOWNSTAIRS:2;WALKING_UPSTAIRS:21,0:131;1:49,"{""0"": ""LAYING"", ""1"": ""STANDING""}",0.3248607761418505,0.6796550916006857,0.6293166483385894,0.9140601928068258
UCIHARWindowSignals,2,auto_k2_min_0.04,DynVAR-Lasso Weighted Ridge,100.0,0.01,4.0,1.0,2,True,0.04,True,0.06655397309343516,0.0,180,6,2,0.07672655306469792,0.34444444444444444,0.40194444444444444,LAYING:43;SITTING:25;STANDING:48;WALKING:41;WALKING_DOWNSTAIRS:2;WALKING_UPSTAIRS:21,0:131;1:49,"{""0"": ""LAYING"", ""1"": ""STANDING""}",0.32137746963044955,0.6791994171717621,0.6285675260876834,0.9162524931997263
UCIHARWindowSignals,2,auto_k2_min_0.04,STCG-v1 Weighted Ridge,100.0,0.01,4.0,1.0,2,True,0.04,True,0.06655397309343516,0.0,180,6,2,0.07672655306469792,0.34444444444444444,0.40194444444444444,LAYING:43;SITTING:25;STANDING:48;WALKING:41;WALKING_DOWNSTAIRS:2;WALKING_UPSTAIRS:21,0:131;1:49,"{""0"": ""LAYING"", ""1"": ""STANDING""}",0.32328272753329795,0.6789947017674787,0.6284466477612749,0.9144032373937306
UCIHARWindowSignals,2,auto_k2_min_0.08,Dense Ridge,30.0,,,,2,True,0.08,False,0.06655397309343516,0.0,180,6,1,0.0,0.26666666666666666,0.40194444444444444,LAYING:43;SITTING:25;STANDING:48;WALKING:41;WALKING_DOWNSTAIRS:2;WALKING_UPSTAIRS:21,0:180,"{""0"": ""STANDING""}",0.3228103533621915,0.6797916270352214,0.6287594191997212,0.9146757713502421
UCIHARWindowSignals,2,auto_k2_min_0.08,DynVAR-Lasso Weighted Ridge,30.0,0.01,4.0,1.0,2,True,0.08,False,0.06655397309343516,0.0,180,6,1,0.0,0.26666666666666666,0.40194444444444444,LAYING:43;SITTING:25;STANDING:48;WALKING:41;WALKING_DOWNSTAIRS:2;WALKING_UPSTAIRS:21,0:180,"{""0"": ""STANDING""}",0.32047097797356,0.6786703965069079,0.6276494479383902,0.9148400937660098
UCIHARWindowSignals,2,auto_k2_min_0.08,STCG-v1 Weighted Ridge,30.0,0.01,4.0,1.0,2,True,0.08,False,0.06655397309343516,0.0,180,6,1,0.0,0.26666666666666666,0.40194444444444444,LAYING:43;SITTING:25;STANDING:48;WALKING:41;WALKING_DOWNSTAIRS:2;WALKING_UPSTAIRS:21,0:180,"{""0"": ""STANDING""}",0.32047097797356,0.6786703965069079,0.6276494479383902,0.9148400937660098
UCIHARWindowSignals,2,auto_k2_min_0.08,Dense Ridge,100.0,,,,2,True,0.08,False,0.06655397309343516,0.0,180,6,1,0.0,0.26666666666666666,0.40194444444444444,LAYING:43;SITTING:25;STANDING:48;WALKING:41;WALKING_DOWNSTAIRS:2;WALKING_UPSTAIRS:21,0:180,"{""0"": ""STANDING""}",0.3248607761418505,0.6796550916006857,0.6293166483385894,0.9140601928068258
UCIHARWindowSignals,2,auto_k2_min_0.08,DynVAR-Lasso Weighted Ridge,100.0,0.01,4.0,1.0,2,True,0.08,False,0.06655397309343516,0.0,180,6,1,0.0,0.26666666666666666,0.40194444444444444,LAYING:43;SITTING:25;STANDING:48;WALKING:41;WALKING_DOWNSTAIRS:2;WALKING_UPSTAIRS:21,0:180,"{""0"": ""STANDING""}",0.32137746963044955,0.6791994171717621,0.6285675260876834,0.9162524931997263
UCIHARWindowSignals,2,auto_k2_min_0.08,STCG-v1 Weighted Ridge,100.0,0.01,4.0,1.0,2,True,0.08,False,0.06655397309343516,0.0,180,6,1,0.0,0.26666666666666666,0.40194444444444444,LAYING:43;SITTING:25;STANDING:48;WALKING:41;WALKING_DOWNSTAIRS:2;WALKING_UPSTAIRS:21,0:180,"{""0"": ""STANDING""}",0.32137746963044955,0.6791994171717621,0.6285675260876834,0.9162524931997263
UCIHARWindowSignals,2,auto_k2_min_0.12,Dense Ridge,30.0,,,,2,True,0.12,False,0.06655397309343516,0.0,180,6,1,0.0,0.26666666666666666,0.40194444444444444,LAYING:43;SITTING:25;STANDING:48;WALKING:41;WALKING_DOWNSTAIRS:2;WALKING_UPSTAIRS:21,0:180,"{""0"": ""STANDING""}",0.3228103533621915,0.6797916270352214,0.6287594191997212,0.9146757713502421
UCIHARWindowSignals,2,auto_k2_min_0.12,DynVAR-Lasso Weighted Ridge,30.0,0.01,4.0,1.0,2,True,0.12,False,0.06655397309343516,0.0,180,6,1,0.0,0.26666666666666666,0.40194444444444444,LAYING:43;SITTING:25;STANDING:48;WALKING:41;WALKING_DOWNSTAIRS:2;WALKING_UPSTAIRS:21,0:180,"{""0"": ""STANDING""}",0.32047097797356,0.6786703965069079,0.6276494479383902,0.9148400937660098
UCIHARWindowSignals,2,auto_k2_min_0.12,STCG-v1 Weighted Ridge,30.0,0.01,4.0,1.0,2,True,0.12,False,0.06655397309343516,0.0,180,6,1,0.0,0.26666666666666666,0.40194444444444444,LAYING:43;SITTING:25;STANDING:48;WALKING:41;WALKING_DOWNSTAIRS:2;WALKING_UPSTAIRS:21,0:180,"{""0"": ""STANDING""}",0.32047097797356,0.6786703965069079,0.6276494479383902,0.9148400937660098
UCIHARWindowSignals,2,auto_k2_min_0.12,Dense Ridge,100.0,,,,2,True,0.12,False,0.06655397309343516,0.0,180,6,1,0.0,0.26666666666666666,0.40194444444444444,LAYING:43;SITTING:25;STANDING:48;WALKING:41;WALKING_DOWNSTAIRS:2;WALKING_UPSTAIRS:21,0:180,"{""0"": ""STANDING""}",0.3248607761418505,0.6796550916006857,0.6293166483385894,0.9140601928068258
UCIHARWindowSignals,2,auto_k2_min_0.12,DynVAR-Lasso Weighted Ridge,100.0,0.01,4.0,1.0,2,True,0.12,False,0.06655397309343516,0.0,180,6,1,0.0,0.26666666666666666,0.40194444444444444,LAYING:43;SITTING:25;STANDING:48;WALKING:41;WALKING_DOWNSTAIRS:2;WALKING_UPSTAIRS:21,0:180,"{""0"": ""STANDING""}",0.32137746963044955,0.6791994171717621,0.6285675260876834,0.9162524931997263
UCIHARWindowSignals,2,auto_k2_min_0.12,STCG-v1 Weighted Ridge,100.0,0.01,4.0,1.0,2,True,0.12,False,0.06655397309343516,0.0,180,6,1,0.0,0.26666666666666666,0.40194444444444444,LAYING:43;SITTING:25;STANDING:48;WALKING:41;WALKING_DOWNSTAIRS:2;WALKING_UPSTAIRS:21,0:180,"{""0"": ""STANDING""}",0.32137746963044955,0.6791994171717621,0.6285675260876834,0.9162524931997263
UCIHARWindowSignals,2,auto_k2_min_0.16,Dense Ridge,30.0,,,,2,True,0.16,False,0.06655397309343516,0.0,180,6,1,0.0,0.26666666666666666,0.40194444444444444,LAYING:43;SITTING:25;STANDING:48;WALKING:41;WALKING_DOWNSTAIRS:2;WALKING_UPSTAIRS:21,0:180,"{""0"": ""STANDING""}",0.3228103533621915,0.6797916270352214,0.6287594191997212,0.9146757713502421
UCIHARWindowSignals,2,auto_k2_min_0.16,DynVAR-Lasso Weighted Ridge,30.0,0.01,4.0,1.0,2,True,0.16,False,0.06655397309343516,0.0,180,6,1,0.0,0.26666666666666666,0.40194444444444444,LAYING:43;SITTING:25;STANDING:48;WALKING:41;WALKING_DOWNSTAIRS:2;WALKING_UPSTAIRS:21,0:180,"{""0"": ""STANDING""}",0.32047097797356,0.6786703965069079,0.6276494479383902,0.9148400937660098
UCIHARWindowSignals,2,auto_k2_min_0.16,STCG-v1 Weighted Ridge,30.0,0.01,4.0,1.0,2,True,0.16,False,0.06655397309343516,0.0,180,6,1,0.0,0.26666666666666666,0.40194444444444444,LAYING:43;SITTING:25;STANDING:48;WALKING:41;WALKING_DOWNSTAIRS:2;WALKING_UPSTAIRS:21,0:180,"{""0"": ""STANDING""}",0.32047097797356,0.6786703965069079,0.6276494479383902,0.9148400937660098
UCIHARWindowSignals,2,auto_k2_min_0.16,Dense Ridge,100.0,,,,2,True,0.16,False,0.06655397309343516,0.0,180,6,1,0.0,0.26666666666666666,0.40194444444444444,LAYING:43;SITTING:25;STANDING:48;WALKING:41;WALKING_DOWNSTAIRS:2;WALKING_UPSTAIRS:21,0:180,"{""0"": ""STANDING""}",0.3248607761418505,0.6796550916006857,0.6293166483385894,0.9140601928068258
UCIHARWindowSignals,2,auto_k2_min_0.16,DynVAR-Lasso Weighted Ridge,100.0,0.01,4.0,1.0,2,True,0.16,False,0.06655397309343516,0.0,180,6,1,0.0,0.26666666666666666,0.40194444444444444,LAYING:43;SITTING:25;STANDING:48;WALKING:41;WALKING_DOWNSTAIRS:2;WALKING_UPSTAIRS:21,0:180,"{""0"": ""STANDING""}",0.32137746963044955,0.6791994171717621,0.6285675260876834,0.9162524931997263
UCIHARWindowSignals,2,auto_k2_min_0.16,STCG-v1 Weighted Ridge,100.0,0.01,4.0,1.0,2,True,0.16,False,0.06655397309343516,0.0,180,6,1,0.0,0.26666666666666666,0.40194444444444444,LAYING:43;SITTING:25;STANDING:48;WALKING:41;WALKING_DOWNSTAIRS:2;WALKING_UPSTAIRS:21,0:180,"{""0"": ""STANDING""}",0.32137746963044955,0.6791994171717621,0.6285675260876834,0.9162524931997263
UCIHARWindowSignals,2,forced_k2,Dense Ridge,30.0,,,,2,False,0.0,True,0.06655397309343516,0.0,180,6,2,0.07672655306469792,0.34444444444444444,0.40194444444444444,LAYING:43;SITTING:25;STANDING:48;WALKING:41;WALKING_DOWNSTAIRS:2;WALKING_UPSTAIRS:21,0:131;1:49,"{""0"": ""LAYING"", ""1"": ""STANDING""}",0.3228103533621915,0.6797916270352214,0.6287594191997212,0.9146757713502421
UCIHARWindowSignals,2,forced_k2,DynVAR-Lasso Weighted Ridge,30.0,0.01,4.0,1.0,2,False,0.0,True,0.06655397309343516,0.0,180,6,2,0.07672655306469792,0.34444444444444444,0.40194444444444444,LAYING:43;SITTING:25;STANDING:48;WALKING:41;WALKING_DOWNSTAIRS:2;WALKING_UPSTAIRS:21,0:131;1:49,"{""0"": ""LAYING"", ""1"": ""STANDING""}",0.32047097797356,0.6786703965069079,0.6276494479383902,0.9148400937660098
UCIHARWindowSignals,2,forced_k2,STCG-v1 Weighted Ridge,30.0,0.01,4.0,1.0,2,False,0.0,True,0.06655397309343516,0.0,180,6,2,0.07672655306469792,0.34444444444444444,0.40194444444444444,LAYING:43;SITTING:25;STANDING:48;WALKING:41;WALKING_DOWNSTAIRS:2;WALKING_UPSTAIRS:21,0:131;1:49,"{""0"": ""LAYING"", ""1"": ""STANDING""}",0.3219983808317219,0.6793315833254375,0.6282635972697397,0.9146203158129592
UCIHARWindowSignals,2,forced_k2,Dense Ridge,100.0,,,,2,False,0.0,True,0.06655397309343516,0.0,180,6,2,0.07672655306469792,0.34444444444444444,0.40194444444444444,LAYING:43;SITTING:25;STANDING:48;WALKING:41;WALKING_DOWNSTAIRS:2;WALKING_UPSTAIRS:21,0:131;1:49,"{""0"": ""LAYING"", ""1"": ""STANDING""}",0.3248607761418505,0.6796550916006857,0.6293166483385894,0.9140601928068258
UCIHARWindowSignals,2,forced_k2,DynVAR-Lasso Weighted Ridge,100.0,0.01,4.0,1.0,2,False,0.0,True,0.06655397309343516,0.0,180,6,2,0.07672655306469792,0.34444444444444444,0.40194444444444444,LAYING:43;SITTING:25;STANDING:48;WALKING:41;WALKING_DOWNSTAIRS:2;WALKING_UPSTAIRS:21,0:131;1:49,"{""0"": ""LAYING"", ""1"": ""STANDING""}",0.32137746963044955,0.6791994171717621,0.6285675260876834,0.9162524931997263
UCIHARWindowSignals,2,forced_k2,STCG-v1 Weighted Ridge,100.0,0.01,4.0,1.0,2,False,0.0,True,0.06655397309343516,0.0,180,6,2,0.07672655306469792,0.34444444444444444,0.40194444444444444,LAYING:43;SITTING:25;STANDING:48;WALKING:41;WALKING_DOWNSTAIRS:2;WALKING_UPSTAIRS:21,0:131;1:49,"{""0"": ""LAYING"", ""1"": ""STANDING""}",0.32328272753329795,0.6789947017674787,0.6284466477612749,0.9144032373937306
UCIHARWindowSignals,2,auto_k3_min_0.00,Dense Ridge,30.0,,,,3,True,0.0,True,0.08573348225099851,0.053492780047050575,180,6,3,0.09634019816211076,0.3611111111111111,0.40194444444444444,LAYING:43;SITTING:25;STANDING:48;WALKING:41;WALKING_DOWNSTAIRS:2;WALKING_UPSTAIRS:21,0:46;1:97;2:37,"{""0"": ""WALKING_UPSTAIRS"", ""1"": ""LAYING"", ""2"": ""STANDING""}",0.3228103533621915,0.6797916270352214,0.6287594191997212,0.9146757713502421
UCIHARWindowSignals,2,auto_k3_min_0.00,DynVAR-Lasso Weighted Ridge,30.0,0.01,4.0,1.0,3,True,0.0,True,0.08573348225099851,0.053492780047050575,180,6,3,0.09634019816211076,0.3611111111111111,0.40194444444444444,LAYING:43;SITTING:25;STANDING:48;WALKING:41;WALKING_DOWNSTAIRS:2;WALKING_UPSTAIRS:21,0:46;1:97;2:37,"{""0"": ""WALKING_UPSTAIRS"", ""1"": ""LAYING"", ""2"": ""STANDING""}",0.32047097797356,0.6786703965069079,0.6276494479383902,0.9148400937660098
UCIHARWindowSignals,2,auto_k3_min_0.00,STCG-v1 Weighted Ridge,30.0,0.01,4.0,1.0,3,True,0.0,True,0.08573348225099851,0.053492780047050575,180,6,3,0.09634019816211076,0.3611111111111111,0.40194444444444444,LAYING:43;SITTING:25;STANDING:48;WALKING:41;WALKING_DOWNSTAIRS:2;WALKING_UPSTAIRS:21,0:46;1:97;2:37,"{""0"": ""WALKING_UPSTAIRS"", ""1"": ""LAYING"", ""2"": ""STANDING""}",0.3219233603172354,0.6792582208607015,0.6282010665078347,0.9146611284133525
UCIHARWindowSignals,2,auto_k3_min_0.00,Dense Ridge,100.0,,,,3,True,0.0,True,0.08573348225099851,0.053492780047050575,180,6,3,0.09634019816211076,0.3611111111111111,0.40194444444444444,LAYING:43;SITTING:25;STANDING:48;WALKING:41;WALKING_DOWNSTAIRS:2;WALKING_UPSTAIRS:21,0:46;1:97;2:37,"{""0"": ""WALKING_UPSTAIRS"", ""1"": ""LAYING"", ""2"": ""STANDING""}",0.3248607761418505,0.6796550916006857,0.6293166483385894,0.9140601928068258
UCIHARWindowSignals,2,auto_k3_min_0.00,DynVAR-Lasso Weighted Ridge,100.0,0.01,4.0,1.0,3,True,0.0,True,0.08573348225099851,0.053492780047050575,180,6,3,0.09634019816211076,0.3611111111111111,0.40194444444444444,LAYING:43;SITTING:25;STANDING:48;WALKING:41;WALKING_DOWNSTAIRS:2;WALKING_UPSTAIRS:21,0:46;1:97;2:37,"{""0"": ""WALKING_UPSTAIRS"", ""1"": ""LAYING"", ""2"": ""STANDING""}",0.32137746963044955,0.6791994171717621,0.6285675260876834,0.9162524931997263
UCIHARWindowSignals,2,auto_k3_min_0.00,STCG-v1 Weighted Ridge,100.0,0.01,4.0,1.0,3,True,0.0,True,0.08573348225099851,0.053492780047050575,180,6,3,0.09634019816211076,0.3611111111111111,0.40194444444444444,LAYING:43;SITTING:25;STANDING:48;WALKING:41;WALKING_DOWNSTAIRS:2;WALKING_UPSTAIRS:21,0:46;1:97;2:37,"{""0"": ""WALKING_UPSTAIRS"", ""1"": ""LAYING"", ""2"": ""STANDING""}",0.3231831331155884,0.6788693107674094,0.6283511570793652,0.9142236964094951
UCIHARWindowSignals,2,auto_k3_min_0.04,Dense Ridge,30.0,,,,3,True,0.04,True,0.08573348225099851,0.053492780047050575,180,6,3,0.09634019816211076,0.3611111111111111,0.40194444444444444,LAYING:43;SITTING:25;STANDING:48;WALKING:41;WALKING_DOWNSTAIRS:2;WALKING_UPSTAIRS:21,0:46;1:97;2:37,"{""0"": ""WALKING_UPSTAIRS"", ""1"": ""LAYING"", ""2"": ""STANDING""}",0.3228103533621915,0.6797916270352214,0.6287594191997212,0.9146757713502421
UCIHARWindowSignals,2,auto_k3_min_0.04,DynVAR-Lasso Weighted Ridge,30.0,0.01,4.0,1.0,3,True,0.04,True,0.08573348225099851,0.053492780047050575,180,6,3,0.09634019816211076,0.3611111111111111,0.40194444444444444,LAYING:43;SITTING:25;STANDING:48;WALKING:41;WALKING_DOWNSTAIRS:2;WALKING_UPSTAIRS:21,0:46;1:97;2:37,"{""0"": ""WALKING_UPSTAIRS"", ""1"": ""LAYING"", ""2"": ""STANDING""}",0.32047097797356,0.6786703965069079,0.6276494479383902,0.9148400937660098
UCIHARWindowSignals,2,auto_k3_min_0.04,STCG-v1 Weighted Ridge,30.0,0.01,4.0,1.0,3,True,0.04,True,0.08573348225099851,0.053492780047050575,180,6,3,0.09634019816211076,0.3611111111111111,0.40194444444444444,LAYING:43;SITTING:25;STANDING:48;WALKING:41;WALKING_DOWNSTAIRS:2;WALKING_UPSTAIRS:21,0:46;1:97;2:37,"{""0"": ""WALKING_UPSTAIRS"", ""1"": ""LAYING"", ""2"": ""STANDING""}",0.3219233603172354,0.6792582208607015,0.6282010665078347,0.9146611284133525
UCIHARWindowSignals,2,auto_k3_min_0.04,Dense Ridge,100.0,,,,3,True,0.04,True,0.08573348225099851,0.053492780047050575,180,6,3,0.09634019816211076,0.3611111111111111,0.40194444444444444,LAYING:43;SITTING:25;STANDING:48;WALKING:41;WALKING_DOWNSTAIRS:2;WALKING_UPSTAIRS:21,0:46;1:97;2:37,"{""0"": ""WALKING_UPSTAIRS"", ""1"": ""LAYING"", ""2"": ""STANDING""}",0.3248607761418505,0.6796550916006857,0.6293166483385894,0.9140601928068258
UCIHARWindowSignals,2,auto_k3_min_0.04,DynVAR-Lasso Weighted Ridge,100.0,0.01,4.0,1.0,3,True,0.04,True,0.08573348225099851,0.053492780047050575,180,6,3,0.09634019816211076,0.3611111111111111,0.40194444444444444,LAYING:43;SITTING:25;STANDING:48;WALKING:41;WALKING_DOWNSTAIRS:2;WALKING_UPSTAIRS:21,0:46;1:97;2:37,"{""0"": ""WALKING_UPSTAIRS"", ""1"": ""LAYING"", ""2"": ""STANDING""}",0.32137746963044955,0.6791994171717621,0.6285675260876834,0.9162524931997263
UCIHARWindowSignals,2,auto_k3_min_0.04,STCG-v1 Weighted Ridge,100.0,0.01,4.0,1.0,3,True,0.04,True,0.08573348225099851,0.053492780047050575,180,6,3,0.09634019816211076,0.3611111111111111,0.40194444444444444,LAYING:43;SITTING:25;STANDING:48;WALKING:41;WALKING_DOWNSTAIRS:2;WALKING_UPSTAIRS:21,0:46;1:97;2:37,"{""0"": ""WALKING_UPSTAIRS"", ""1"": ""LAYING"", ""2"": ""STANDING""}",0.3231831331155884,0.6788693107674094,0.6283511570793652,0.9142236964094951
UCIHARWindowSignals,2,auto_k3_min_0.08,Dense Ridge,30.0,,,,3,True,0.08,True,0.08573348225099851,0.053492780047050575,180,6,3,0.09634019816211076,0.3611111111111111,0.40194444444444444,LAYING:43;SITTING:25;STANDING:48;WALKING:41;WALKING_DOWNSTAIRS:2;WALKING_UPSTAIRS:21,0:46;1:97;2:37,"{""0"": ""WALKING_UPSTAIRS"", ""1"": ""LAYING"", ""2"": ""STANDING""}",0.3228103533621915,0.6797916270352214,0.6287594191997212,0.9146757713502421
UCIHARWindowSignals,2,auto_k3_min_0.08,DynVAR-Lasso Weighted Ridge,30.0,0.01,4.0,1.0,3,True,0.08,True,0.08573348225099851,0.053492780047050575,180,6,3,0.09634019816211076,0.3611111111111111,0.40194444444444444,LAYING:43;SITTING:25;STANDING:48;WALKING:41;WALKING_DOWNSTAIRS:2;WALKING_UPSTAIRS:21,0:46;1:97;2:37,"{""0"": ""WALKING_UPSTAIRS"", ""1"": ""LAYING"", ""2"": ""STANDING""}",0.32047097797356,0.6786703965069079,0.6276494479383902,0.9148400937660098
UCIHARWindowSignals,2,auto_k3_min_0.08,STCG-v1 Weighted Ridge,30.0,0.01,4.0,1.0,3,True,0.08,True,0.08573348225099851,0.053492780047050575,180,6,3,0.09634019816211076,0.3611111111111111,0.40194444444444444,LAYING:43;SITTING:25;STANDING:48;WALKING:41;WALKING_DOWNSTAIRS:2;WALKING_UPSTAIRS:21,0:46;1:97;2:37,"{""0"": ""WALKING_UPSTAIRS"", ""1"": ""LAYING"", ""2"": ""STANDING""}",0.3219233603172354,0.6792582208607015,0.6282010665078347,0.9146611284133525
UCIHARWindowSignals,2,auto_k3_min_0.08,Dense Ridge,100.0,,,,3,True,0.08,True,0.08573348225099851,0.053492780047050575,180,6,3,0.09634019816211076,0.3611111111111111,0.40194444444444444,LAYING:43;SITTING:25;STANDING:48;WALKING:41;WALKING_DOWNSTAIRS:2;WALKING_UPSTAIRS:21,0:46;1:97;2:37,"{""0"": ""WALKING_UPSTAIRS"", ""1"": ""LAYING"", ""2"": ""STANDING""}",0.3248607761418505,0.6796550916006857,0.6293166483385894,0.9140601928068258
UCIHARWindowSignals,2,auto_k3_min_0.08,DynVAR-Lasso Weighted Ridge,100.0,0.01,4.0,1.0,3,True,0.08,True,0.08573348225099851,0.053492780047050575,180,6,3,0.09634019816211076,0.3611111111111111,0.40194444444444444,LAYING:43;SITTING:25;STANDING:48;WALKING:41;WALKING_DOWNSTAIRS:2;WALKING_UPSTAIRS:21,0:46;1:97;2:37,"{""0"": ""WALKING_UPSTAIRS"", ""1"": ""LAYING"", ""2"": ""STANDING""}",0.32137746963044955,0.6791994171717621,0.6285675260876834,0.9162524931997263
UCIHARWindowSignals,2,auto_k3_min_0.08,STCG-v1 Weighted Ridge,100.0,0.01,4.0,1.0,3,True,0.08,True,0.08573348225099851,0.053492780047050575,180,6,3,0.09634019816211076,0.3611111111111111,0.40194444444444444,LAYING:43;SITTING:25;STANDING:48;WALKING:41;WALKING_DOWNSTAIRS:2;WALKING_UPSTAIRS:21,0:46;1:97;2:37,"{""0"": ""WALKING_UPSTAIRS"", ""1"": ""LAYING"", ""2"": ""STANDING""}",0.3231831331155884,0.6788693107674094,0.6283511570793652,0.9142236964094951
UCIHARWindowSignals,2,auto_k3_min_0.12,Dense Ridge,30.0,,,,3,True,0.12,False,0.08573348225099851,0.053492780047050575,180,6,1,0.0,0.26666666666666666,0.40194444444444444,LAYING:43;SITTING:25;STANDING:48;WALKING:41;WALKING_DOWNSTAIRS:2;WALKING_UPSTAIRS:21,0:180,"{""0"": ""STANDING""}",0.3228103533621915,0.6797916270352214,0.6287594191997212,0.9146757713502421
UCIHARWindowSignals,2,auto_k3_min_0.12,DynVAR-Lasso Weighted Ridge,30.0,0.01,4.0,1.0,3,True,0.12,False,0.08573348225099851,0.053492780047050575,180,6,1,0.0,0.26666666666666666,0.40194444444444444,LAYING:43;SITTING:25;STANDING:48;WALKING:41;WALKING_DOWNSTAIRS:2;WALKING_UPSTAIRS:21,0:180,"{""0"": ""STANDING""}",0.32047097797356,0.6786703965069079,0.6276494479383902,0.9148400937660098
UCIHARWindowSignals,2,auto_k3_min_0.12,STCG-v1 Weighted Ridge,30.0,0.01,4.0,1.0,3,True,0.12,False,0.08573348225099851,0.053492780047050575,180,6,1,0.0,0.26666666666666666,0.40194444444444444,LAYING:43;SITTING:25;STANDING:48;WALKING:41;WALKING_DOWNSTAIRS:2;WALKING_UPSTAIRS:21,0:180,"{""0"": ""STANDING""}",0.32047097797356,0.6786703965069079,0.6276494479383902,0.9148400937660098
UCIHARWindowSignals,2,auto_k3_min_0.12,Dense Ridge,100.0,,,,3,True,0.12,False,0.08573348225099851,0.053492780047050575,180,6,1,0.0,0.26666666666666666,0.40194444444444444,LAYING:43;SITTING:25;STANDING:48;WALKING:41;WALKING_DOWNSTAIRS:2;WALKING_UPSTAIRS:21,0:180,"{""0"": ""STANDING""}",0.3248607761418505,0.6796550916006857,0.6293166483385894,0.9140601928068258
UCIHARWindowSignals,2,auto_k3_min_0.12,DynVAR-Lasso Weighted Ridge,100.0,0.01,4.0,1.0,3,True,0.12,False,0.08573348225099851,0.053492780047050575,180,6,1,0.0,0.26666666666666666,0.40194444444444444,LAYING:43;SITTING:25;STANDING:48;WALKING:41;WALKING_DOWNSTAIRS:2;WALKING_UPSTAIRS:21,0:180,"{""0"": ""STANDING""}",0.32137746963044955,0.6791994171717621,0.6285675260876834,0.9162524931997263
UCIHARWindowSignals,2,auto_k3_min_0.12,STCG-v1 Weighted Ridge,100.0,0.01,4.0,1.0,3,True,0.12,False,0.08573348225099851,0.053492780047050575,180,6,1,0.0,0.26666666666666666,0.40194444444444444,LAYING:43;SITTING:25;STANDING:48;WALKING:41;WALKING_DOWNSTAIRS:2;WALKING_UPSTAIRS:21,0:180,"{""0"": ""STANDING""}",0.32137746963044955,0.6791994171717621,0.6285675260876834,0.9162524931997263
UCIHARWindowSignals,2,auto_k3_min_0.16,Dense Ridge,30.0,,,,3,True,0.16,False,0.08573348225099851,0.053492780047050575,180,6,1,0.0,0.26666666666666666,0.40194444444444444,LAYING:43;SITTING:25;STANDING:48;WALKING:41;WALKING_DOWNSTAIRS:2;WALKING_UPSTAIRS:21,0:180,"{""0"": ""STANDING""}",0.3228103533621915,0.6797916270352214,0.6287594191997212,0.9146757713502421
UCIHARWindowSignals,2,auto_k3_min_0.16,DynVAR-Lasso Weighted Ridge,30.0,0.01,4.0,1.0,3,True,0.16,False,0.08573348225099851,0.053492780047050575,180,6,1,0.0,0.26666666666666666,0.40194444444444444,LAYING:43;SITTING:25;STANDING:48;WALKING:41;WALKING_DOWNSTAIRS:2;WALKING_UPSTAIRS:21,0:180,"{""0"": ""STANDING""}",0.32047097797356,0.6786703965069079,0.6276494479383902,0.9148400937660098
UCIHARWindowSignals,2,auto_k3_min_0.16,STCG-v1 Weighted Ridge,30.0,0.01,4.0,1.0,3,True,0.16,False,0.08573348225099851,0.053492780047050575,180,6,1,0.0,0.26666666666666666,0.40194444444444444,LAYING:43;SITTING:25;STANDING:48;WALKING:41;WALKING_DOWNSTAIRS:2;WALKING_UPSTAIRS:21,0:180,"{""0"": ""STANDING""}",0.32047097797356,0.6786703965069079,0.6276494479383902,0.9148400937660098
UCIHARWindowSignals,2,auto_k3_min_0.16,Dense Ridge,100.0,,,,3,True,0.16,False,0.08573348225099851,0.053492780047050575,180,6,1,0.0,0.26666666666666666,0.40194444444444444,LAYING:43;SITTING:25;STANDING:48;WALKING:41;WALKING_DOWNSTAIRS:2;WALKING_UPSTAIRS:21,0:180,"{""0"": ""STANDING""}",0.3248607761418505,0.6796550916006857,0.6293166483385894,0.9140601928068258
UCIHARWindowSignals,2,auto_k3_min_0.16,DynVAR-Lasso Weighted Ridge,100.0,0.01,4.0,1.0,3,True,0.16,False,0.08573348225099851,0.053492780047050575,180,6,1,0.0,0.26666666666666666,0.40194444444444444,LAYING:43;SITTING:25;STANDING:48;WALKING:41;WALKING_DOWNSTAIRS:2;WALKING_UPSTAIRS:21,0:180,"{""0"": ""STANDING""}",0.32137746963044955,0.6791994171717621,0.6285675260876834,0.9162524931997263
UCIHARWindowSignals,2,auto_k3_min_0.16,STCG-v1 Weighted Ridge,100.0,0.01,4.0,1.0,3,True,0.16,False,0.08573348225099851,0.053492780047050575,180,6,1,0.0,0.26666666666666666,0.40194444444444444,LAYING:43;SITTING:25;STANDING:48;WALKING:41;WALKING_DOWNSTAIRS:2;WALKING_UPSTAIRS:21,0:180,"{""0"": ""STANDING""}",0.32137746963044955,0.6791994171717621,0.6285675260876834,0.9162524931997263
UCIHARWindowSignals,2,forced_k3,Dense Ridge,30.0,,,,3,False,0.0,True,0.08573348225099851,0.053492780047050575,180,6,3,0.09634019816211076,0.3611111111111111,0.40194444444444444,LAYING:43;SITTING:25;STANDING:48;WALKING:41;WALKING_DOWNSTAIRS:2;WALKING_UPSTAIRS:21,0:46;1:97;2:37,"{""0"": ""WALKING_UPSTAIRS"", ""1"": ""LAYING"", ""2"": ""STANDING""}",0.3228103533621915,0.6797916270352214,0.6287594191997212,0.9146757713502421
UCIHARWindowSignals,2,forced_k3,DynVAR-Lasso Weighted Ridge,30.0,0.01,4.0,1.0,3,False,0.0,True,0.08573348225099851,0.053492780047050575,180,6,3,0.09634019816211076,0.3611111111111111,0.40194444444444444,LAYING:43;SITTING:25;STANDING:48;WALKING:41;WALKING_DOWNSTAIRS:2;WALKING_UPSTAIRS:21,0:46;1:97;2:37,"{""0"": ""WALKING_UPSTAIRS"", ""1"": ""LAYING"", ""2"": ""STANDING""}",0.32047097797356,0.6786703965069079,0.6276494479383902,0.9148400937660098
UCIHARWindowSignals,2,forced_k3,STCG-v1 Weighted Ridge,30.0,0.01,4.0,1.0,3,False,0.0,True,0.08573348225099851,0.053492780047050575,180,6,3,0.09634019816211076,0.3611111111111111,0.40194444444444444,LAYING:43;SITTING:25;STANDING:48;WALKING:41;WALKING_DOWNSTAIRS:2;WALKING_UPSTAIRS:21,0:46;1:97;2:37,"{""0"": ""WALKING_UPSTAIRS"", ""1"": ""LAYING"", ""2"": ""STANDING""}",0.3219233603172354,0.6792582208607015,0.6282010665078347,0.9146611284133525
UCIHARWindowSignals,2,forced_k3,Dense Ridge,100.0,,,,3,False,0.0,True,0.08573348225099851,0.053492780047050575,180,6,3,0.09634019816211076,0.3611111111111111,0.40194444444444444,LAYING:43;SITTING:25;STANDING:48;WALKING:41;WALKING_DOWNSTAIRS:2;WALKING_UPSTAIRS:21,0:46;1:97;2:37,"{""0"": ""WALKING_UPSTAIRS"", ""1"": ""LAYING"", ""2"": ""STANDING""}",0.3248607761418505,0.6796550916006857,0.6293166483385894,0.9140601928068258
UCIHARWindowSignals,2,forced_k3,DynVAR-Lasso Weighted Ridge,100.0,0.01,4.0,1.0,3,False,0.0,True,0.08573348225099851,0.053492780047050575,180,6,3,0.09634019816211076,0.3611111111111111,0.40194444444444444,LAYING:43;SITTING:25;STANDING:48;WALKING:41;WALKING_DOWNSTAIRS:2;WALKING_UPSTAIRS:21,0:46;1:97;2:37,"{""0"": ""WALKING_UPSTAIRS"", ""1"": ""LAYING"", ""2"": ""STANDING""}",0.32137746963044955,0.6791994171717621,0.6285675260876834,0.9162524931997263
UCIHARWindowSignals,2,forced_k3,STCG-v1 Weighted Ridge,100.0,0.01,4.0,1.0,3,False,0.0,True,0.08573348225099851,0.053492780047050575,180,6,3,0.09634019816211076,0.3611111111111111,0.40194444444444444,LAYING:43;SITTING:25;STANDING:48;WALKING:41;WALKING_DOWNSTAIRS:2;WALKING_UPSTAIRS:21,0:46;1:97;2:37,"{""0"": ""WALKING_UPSTAIRS"", ""1"": ""LAYING"", ""2"": ""STANDING""}",0.3231831331155884,0.6788693107674094,0.6283511570793652,0.9142236964094951
UCIHARWindowSignals,2,auto_k4_min_0.00,Dense Ridge,30.0,,,,4,True,0.0,True,0.09629301450228978,0.03606492347360427,180,6,4,0.09049398441902688,0.37222222222222223,0.40194444444444444,LAYING:43;SITTING:25;STANDING:48;WALKING:41;WALKING_DOWNSTAIRS:2;WALKING_UPSTAIRS:21,0:62;1:1;2:19;3:98,"{""0"": ""STANDING"", ""1"": ""WALKING_UPSTAIRS"", ""2"": ""WALKING"", ""3"": ""LAYING""}",0.3228103533621915,0.6797916270352214,0.6287594191997212,0.9146757713502421
UCIHARWindowSignals,2,auto_k4_min_0.00,DynVAR-Lasso Weighted Ridge,30.0,0.01,4.0,1.0,4,True,0.0,True,0.09629301450228978,0.03606492347360427,180,6,4,0.09049398441902688,0.37222222222222223,0.40194444444444444,LAYING:43;SITTING:25;STANDING:48;WALKING:41;WALKING_DOWNSTAIRS:2;WALKING_UPSTAIRS:21,0:62;1:1;2:19;3:98,"{""0"": ""STANDING"", ""1"": ""WALKING_UPSTAIRS"", ""2"": ""WALKING"", ""3"": ""LAYING""}",0.32047097797356,0.6786703965069079,0.6276494479383902,0.9148400937660098
UCIHARWindowSignals,2,auto_k4_min_0.00,STCG-v1 Weighted Ridge,30.0,0.01,4.0,1.0,4,True,0.0,True,0.09629301450228978,0.03606492347360427,180,6,4,0.09049398441902688,0.37222222222222223,0.40194444444444444,LAYING:43;SITTING:25;STANDING:48;WALKING:41;WALKING_DOWNSTAIRS:2;WALKING_UPSTAIRS:21,0:62;1:1;2:19;3:98,"{""0"": ""STANDING"", ""1"": ""WALKING_UPSTAIRS"", ""2"": ""WALKING"", ""3"": ""LAYING""}",0.32066944648619455,0.6790807125736104,0.6279821912004047,0.9152343757853749
UCIHARWindowSignals,2,auto_k4_min_0.00,Dense Ridge,100.0,,,,4,True,0.0,True,0.09629301450228978,0.03606492347360427,180,6,4,0.09049398441902688,0.37222222222222223,0.40194444444444444,LAYING:43;SITTING:25;STANDING:48;WALKING:41;WALKING_DOWNSTAIRS:2;WALKING_UPSTAIRS:21,0:62;1:1;2:19;3:98,"{""0"": ""STANDING"", ""1"": ""WALKING_UPSTAIRS"", ""2"": ""WALKING"", ""3"": ""LAYING""}",0.3248607761418505,0.6796550916006857,0.6293166483385894,0.9140601928068258
UCIHARWindowSignals,2,auto_k4_min_0.00,DynVAR-Lasso Weighted Ridge,100.0,0.01,4.0,1.0,4,True,0.0,True,0.09629301450228978,0.03606492347360427,180,6,4,0.09049398441902688,0.37222222222222223,0.40194444444444444,LAYING:43;SITTING:25;STANDING:48;WALKING:41;WALKING_DOWNSTAIRS:2;WALKING_UPSTAIRS:21,0:62;1:1;2:19;3:98,"{""0"": ""STANDING"", ""1"": ""WALKING_UPSTAIRS"", ""2"": ""WALKING"", ""3"": ""LAYING""}",0.32137746963044955,0.6791994171717621,0.6285675260876834,0.9162524931997263
UCIHARWindowSignals,2,auto_k4_min_0.00,STCG-v1 Weighted Ridge,100.0,0.01,4.0,1.0,4,True,0.0,True,0.09629301450228978,0.03606492347360427,180,6,4,0.09049398441902688,0.37222222222222223,0.40194444444444444,LAYING:43;SITTING:25;STANDING:48;WALKING:41;WALKING_DOWNSTAIRS:2;WALKING_UPSTAIRS:21,0:62;1:1;2:19;3:98,"{""0"": ""STANDING"", ""1"": ""WALKING_UPSTAIRS"", ""2"": ""WALKING"", ""3"": ""LAYING""}",0.32167409780202,0.6796647056283954,0.6289263480926065,0.9163301430834392
UCIHARWindowSignals,2,auto_k4_min_0.04,Dense Ridge,30.0,,,,4,True,0.04,True,0.09629301450228978,0.03606492347360427,180,6,4,0.09049398441902688,0.37222222222222223,0.40194444444444444,LAYING:43;SITTING:25;STANDING:48;WALKING:41;WALKING_DOWNSTAIRS:2;WALKING_UPSTAIRS:21,0:62;1:1;2:19;3:98,"{""0"": ""STANDING"", ""1"": ""WALKING_UPSTAIRS"", ""2"": ""WALKING"", ""3"": ""LAYING""}",0.3228103533621915,0.6797916270352214,0.6287594191997212,0.9146757713502421
UCIHARWindowSignals,2,auto_k4_min_0.04,DynVAR-Lasso Weighted Ridge,30.0,0.01,4.0,1.0,4,True,0.04,True,0.09629301450228978,0.03606492347360427,180,6,4,0.09049398441902688,0.37222222222222223,0.40194444444444444,LAYING:43;SITTING:25;STANDING:48;WALKING:41;WALKING_DOWNSTAIRS:2;WALKING_UPSTAIRS:21,0:62;1:1;2:19;3:98,"{""0"": ""STANDING"", ""1"": ""WALKING_UPSTAIRS"", ""2"": ""WALKING"", ""3"": ""LAYING""}",0.32047097797356,0.6786703965069079,0.6276494479383902,0.9148400937660098
UCIHARWindowSignals,2,auto_k4_min_0.04,STCG-v1 Weighted Ridge,30.0,0.01,4.0,1.0,4,True,0.04,True,0.09629301450228978,0.03606492347360427,180,6,4,0.09049398441902688,0.37222222222222223,0.40194444444444444,LAYING:43;SITTING:25;STANDING:48;WALKING:41;WALKING_DOWNSTAIRS:2;WALKING_UPSTAIRS:21,0:62;1:1;2:19;3:98,"{""0"": ""STANDING"", ""1"": ""WALKING_UPSTAIRS"", ""2"": ""WALKING"", ""3"": ""LAYING""}",0.32066944648619455,0.6790807125736104,0.6279821912004047,0.9152343757853749
UCIHARWindowSignals,2,auto_k4_min_0.04,Dense Ridge,100.0,,,,4,True,0.04,True,0.09629301450228978,0.03606492347360427,180,6,4,0.09049398441902688,0.37222222222222223,0.40194444444444444,LAYING:43;SITTING:25;STANDING:48;WALKING:41;WALKING_DOWNSTAIRS:2;WALKING_UPSTAIRS:21,0:62;1:1;2:19;3:98,"{""0"": ""STANDING"", ""1"": ""WALKING_UPSTAIRS"", ""2"": ""WALKING"", ""3"": ""LAYING""}",0.3248607761418505,0.6796550916006857,0.6293166483385894,0.9140601928068258
UCIHARWindowSignals,2,auto_k4_min_0.04,DynVAR-Lasso Weighted Ridge,100.0,0.01,4.0,1.0,4,True,0.04,True,0.09629301450228978,0.03606492347360427,180,6,4,0.09049398441902688,0.37222222222222223,0.40194444444444444,LAYING:43;SITTING:25;STANDING:48;WALKING:41;WALKING_DOWNSTAIRS:2;WALKING_UPSTAIRS:21,0:62;1:1;2:19;3:98,"{""0"": ""STANDING"", ""1"": ""WALKING_UPSTAIRS"", ""2"": ""WALKING"", ""3"": ""LAYING""}",0.32137746963044955,0.6791994171717621,0.6285675260876834,0.9162524931997263
UCIHARWindowSignals,2,auto_k4_min_0.04,STCG-v1 Weighted Ridge,100.0,0.01,4.0,1.0,4,True,0.04,True,0.09629301450228978,0.03606492347360427,180,6,4,0.09049398441902688,0.37222222222222223,0.40194444444444444,LAYING:43;SITTING:25;STANDING:48;WALKING:41;WALKING_DOWNSTAIRS:2;WALKING_UPSTAIRS:21,0:62;1:1;2:19;3:98,"{""0"": ""STANDING"", ""1"": ""WALKING_UPSTAIRS"", ""2"": ""WALKING"", ""3"": ""LAYING""}",0.32167409780202,0.6796647056283954,0.6289263480926065,0.9163301430834392
UCIHARWindowSignals,2,auto_k4_min_0.08,Dense Ridge,30.0,,,,4,True,0.08,True,0.09629301450228978,0.03606492347360427,180,6,4,0.09049398441902688,0.37222222222222223,0.40194444444444444,LAYING:43;SITTING:25;STANDING:48;WALKING:41;WALKING_DOWNSTAIRS:2;WALKING_UPSTAIRS:21,0:62;1:1;2:19;3:98,"{""0"": ""STANDING"", ""1"": ""WALKING_UPSTAIRS"", ""2"": ""WALKING"", ""3"": ""LAYING""}",0.3228103533621915,0.6797916270352214,0.6287594191997212,0.9146757713502421
UCIHARWindowSignals,2,auto_k4_min_0.08,DynVAR-Lasso Weighted Ridge,30.0,0.01,4.0,1.0,4,True,0.08,True,0.09629301450228978,0.03606492347360427,180,6,4,0.09049398441902688,0.37222222222222223,0.40194444444444444,LAYING:43;SITTING:25;STANDING:48;WALKING:41;WALKING_DOWNSTAIRS:2;WALKING_UPSTAIRS:21,0:62;1:1;2:19;3:98,"{""0"": ""STANDING"", ""1"": ""WALKING_UPSTAIRS"", ""2"": ""WALKING"", ""3"": ""LAYING""}",0.32047097797356,0.6786703965069079,0.6276494479383902,0.9148400937660098
UCIHARWindowSignals,2,auto_k4_min_0.08,STCG-v1 Weighted Ridge,30.0,0.01,4.0,1.0,4,True,0.08,True,0.09629301450228978,0.03606492347360427,180,6,4,0.09049398441902688,0.37222222222222223,0.40194444444444444,LAYING:43;SITTING:25;STANDING:48;WALKING:41;WALKING_DOWNSTAIRS:2;WALKING_UPSTAIRS:21,0:62;1:1;2:19;3:98,"{""0"": ""STANDING"", ""1"": ""WALKING_UPSTAIRS"", ""2"": ""WALKING"", ""3"": ""LAYING""}",0.32066944648619455,0.6790807125736104,0.6279821912004047,0.9152343757853749
UCIHARWindowSignals,2,auto_k4_min_0.08,Dense Ridge,100.0,,,,4,True,0.08,True,0.09629301450228978,0.03606492347360427,180,6,4,0.09049398441902688,0.37222222222222223,0.40194444444444444,LAYING:43;SITTING:25;STANDING:48;WALKING:41;WALKING_DOWNSTAIRS:2;WALKING_UPSTAIRS:21,0:62;1:1;2:19;3:98,"{""0"": ""STANDING"", ""1"": ""WALKING_UPSTAIRS"", ""2"": ""WALKING"", ""3"": ""LAYING""}",0.3248607761418505,0.6796550916006857,0.6293166483385894,0.9140601928068258
UCIHARWindowSignals,2,auto_k4_min_0.08,DynVAR-Lasso Weighted Ridge,100.0,0.01,4.0,1.0,4,True,0.08,True,0.09629301450228978,0.03606492347360427,180,6,4,0.09049398441902688,0.37222222222222223,0.40194444444444444,LAYING:43;SITTING:25;STANDING:48;WALKING:41;WALKING_DOWNSTAIRS:2;WALKING_UPSTAIRS:21,0:62;1:1;2:19;3:98,"{""0"": ""STANDING"", ""1"": ""WALKING_UPSTAIRS"", ""2"": ""WALKING"", ""3"": ""LAYING""}",0.32137746963044955,0.6791994171717621,0.6285675260876834,0.9162524931997263
UCIHARWindowSignals,2,auto_k4_min_0.08,STCG-v1 Weighted Ridge,100.0,0.01,4.0,1.0,4,True,0.08,True,0.09629301450228978,0.03606492347360427,180,6,4,0.09049398441902688,0.37222222222222223,0.40194444444444444,LAYING:43;SITTING:25;STANDING:48;WALKING:41;WALKING_DOWNSTAIRS:2;WALKING_UPSTAIRS:21,0:62;1:1;2:19;3:98,"{""0"": ""STANDING"", ""1"": ""WALKING_UPSTAIRS"", ""2"": ""WALKING"", ""3"": ""LAYING""}",0.32167409780202,0.6796647056283954,0.6289263480926065,0.9163301430834392
UCIHARWindowSignals,2,auto_k4_min_0.12,Dense Ridge,30.0,,,,4,True,0.12,False,0.09629301450228978,0.03606492347360427,180,6,1,0.0,0.26666666666666666,0.40194444444444444,LAYING:43;SITTING:25;STANDING:48;WALKING:41;WALKING_DOWNSTAIRS:2;WALKING_UPSTAIRS:21,0:180,"{""0"": ""STANDING""}",0.3228103533621915,0.6797916270352214,0.6287594191997212,0.9146757713502421
UCIHARWindowSignals,2,auto_k4_min_0.12,DynVAR-Lasso Weighted Ridge,30.0,0.01,4.0,1.0,4,True,0.12,False,0.09629301450228978,0.03606492347360427,180,6,1,0.0,0.26666666666666666,0.40194444444444444,LAYING:43;SITTING:25;STANDING:48;WALKING:41;WALKING_DOWNSTAIRS:2;WALKING_UPSTAIRS:21,0:180,"{""0"": ""STANDING""}",0.32047097797356,0.6786703965069079,0.6276494479383902,0.9148400937660098
UCIHARWindowSignals,2,auto_k4_min_0.12,STCG-v1 Weighted Ridge,30.0,0.01,4.0,1.0,4,True,0.12,False,0.09629301450228978,0.03606492347360427,180,6,1,0.0,0.26666666666666666,0.40194444444444444,LAYING:43;SITTING:25;STANDING:48;WALKING:41;WALKING_DOWNSTAIRS:2;WALKING_UPSTAIRS:21,0:180,"{""0"": ""STANDING""}",0.32047097797356,0.6786703965069079,0.6276494479383902,0.9148400937660098
UCIHARWindowSignals,2,auto_k4_min_0.12,Dense Ridge,100.0,,,,4,True,0.12,False,0.09629301450228978,0.03606492347360427,180,6,1,0.0,0.26666666666666666,0.40194444444444444,LAYING:43;SITTING:25;STANDING:48;WALKING:41;WALKING_DOWNSTAIRS:2;WALKING_UPSTAIRS:21,0:180,"{""0"": ""STANDING""}",0.3248607761418505,0.6796550916006857,0.6293166483385894,0.9140601928068258
UCIHARWindowSignals,2,auto_k4_min_0.12,DynVAR-Lasso Weighted Ridge,100.0,0.01,4.0,1.0,4,True,0.12,False,0.09629301450228978,0.03606492347360427,180,6,1,0.0,0.26666666666666666,0.40194444444444444,LAYING:43;SITTING:25;STANDING:48;WALKING:41;WALKING_DOWNSTAIRS:2;WALKING_UPSTAIRS:21,0:180,"{""0"": ""STANDING""}",0.32137746963044955,0.6791994171717621,0.6285675260876834,0.9162524931997263
UCIHARWindowSignals,2,auto_k4_min_0.12,STCG-v1 Weighted Ridge,100.0,0.01,4.0,1.0,4,True,0.12,False,0.09629301450228978,0.03606492347360427,180,6,1,0.0,0.26666666666666666,0.40194444444444444,LAYING:43;SITTING:25;STANDING:48;WALKING:41;WALKING_DOWNSTAIRS:2;WALKING_UPSTAIRS:21,0:180,"{""0"": ""STANDING""}",0.32137746963044955,0.6791994171717621,0.6285675260876834,0.9162524931997263
UCIHARWindowSignals,2,auto_k4_min_0.16,Dense Ridge,30.0,,,,4,True,0.16,False,0.09629301450228978,0.03606492347360427,180,6,1,0.0,0.26666666666666666,0.40194444444444444,LAYING:43;SITTING:25;STANDING:48;WALKING:41;WALKING_DOWNSTAIRS:2;WALKING_UPSTAIRS:21,0:180,"{""0"": ""STANDING""}",0.3228103533621915,0.6797916270352214,0.6287594191997212,0.9146757713502421
UCIHARWindowSignals,2,auto_k4_min_0.16,DynVAR-Lasso Weighted Ridge,30.0,0.01,4.0,1.0,4,True,0.16,False,0.09629301450228978,0.03606492347360427,180,6,1,0.0,0.26666666666666666,0.40194444444444444,LAYING:43;SITTING:25;STANDING:48;WALKING:41;WALKING_DOWNSTAIRS:2;WALKING_UPSTAIRS:21,0:180,"{""0"": ""STANDING""}",0.32047097797356,0.6786703965069079,0.6276494479383902,0.9148400937660098
UCIHARWindowSignals,2,auto_k4_min_0.16,STCG-v1 Weighted Ridge,30.0,0.01,4.0,1.0,4,True,0.16,False,0.09629301450228978,0.03606492347360427,180,6,1,0.0,0.26666666666666666,0.40194444444444444,LAYING:43;SITTING:25;STANDING:48;WALKING:41;WALKING_DOWNSTAIRS:2;WALKING_UPSTAIRS:21,0:180,"{""0"": ""STANDING""}",0.32047097797356,0.6786703965069079,0.6276494479383902,0.9148400937660098
UCIHARWindowSignals,2,auto_k4_min_0.16,Dense Ridge,100.0,,,,4,True,0.16,False,0.09629301450228978,0.03606492347360427,180,6,1,0.0,0.26666666666666666,0.40194444444444444,LAYING:43;SITTING:25;STANDING:48;WALKING:41;WALKING_DOWNSTAIRS:2;WALKING_UPSTAIRS:21,0:180,"{""0"": ""STANDING""}",0.3248607761418505,0.6796550916006857,0.6293166483385894,0.9140601928068258
UCIHARWindowSignals,2,auto_k4_min_0.16,DynVAR-Lasso Weighted Ridge,100.0,0.01,4.0,1.0,4,True,0.16,False,0.09629301450228978,0.03606492347360427,180,6,1,0.0,0.26666666666666666,0.40194444444444444,LAYING:43;SITTING:25;STANDING:48;WALKING:41;WALKING_DOWNSTAIRS:2;WALKING_UPSTAIRS:21,0:180,"{""0"": ""STANDING""}",0.32137746963044955,0.6791994171717621,0.6285675260876834,0.9162524931997263
UCIHARWindowSignals,2,auto_k4_min_0.16,STCG-v1 Weighted Ridge,100.0,0.01,4.0,1.0,4,True,0.16,False,0.09629301450228978,0.03606492347360427,180,6,1,0.0,0.26666666666666666,0.40194444444444444,LAYING:43;SITTING:25;STANDING:48;WALKING:41;WALKING_DOWNSTAIRS:2;WALKING_UPSTAIRS:21,0:180,"{""0"": ""STANDING""}",0.32137746963044955,0.6791994171717621,0.6285675260876834,0.9162524931997263
UCIHARWindowSignals,2,forced_k4,Dense Ridge,30.0,,,,4,False,0.0,True,0.09629301450228978,0.03606492347360427,180,6,4,0.09049398441902688,0.37222222222222223,0.40194444444444444,LAYING:43;SITTING:25;STANDING:48;WALKING:41;WALKING_DOWNSTAIRS:2;WALKING_UPSTAIRS:21,0:62;1:1;2:19;3:98,"{""0"": ""STANDING"", ""1"": ""WALKING_UPSTAIRS"", ""2"": ""WALKING"", ""3"": ""LAYING""}",0.3228103533621915,0.6797916270352214,0.6287594191997212,0.9146757713502421
UCIHARWindowSignals,2,forced_k4,DynVAR-Lasso Weighted Ridge,30.0,0.01,4.0,1.0,4,False,0.0,True,0.09629301450228978,0.03606492347360427,180,6,4,0.09049398441902688,0.37222222222222223,0.40194444444444444,LAYING:43;SITTING:25;STANDING:48;WALKING:41;WALKING_DOWNSTAIRS:2;WALKING_UPSTAIRS:21,0:62;1:1;2:19;3:98,"{""0"": ""STANDING"", ""1"": ""WALKING_UPSTAIRS"", ""2"": ""WALKING"", ""3"": ""LAYING""}",0.32047097797356,0.6786703965069079,0.6276494479383902,0.9148400937660098
UCIHARWindowSignals,2,forced_k4,STCG-v1 Weighted Ridge,30.0,0.01,4.0,1.0,4,False,0.0,True,0.09629301450228978,0.03606492347360427,180,6,4,0.09049398441902688,0.37222222222222223,0.40194444444444444,LAYING:43;SITTING:25;STANDING:48;WALKING:41;WALKING_DOWNSTAIRS:2;WALKING_UPSTAIRS:21,0:62;1:1;2:19;3:98,"{""0"": ""STANDING"", ""1"": ""WALKING_UPSTAIRS"", ""2"": ""WALKING"", ""3"": ""LAYING""}",0.32066944648619455,0.6790807125736104,0.6279821912004047,0.9152343757853749
UCIHARWindowSignals,2,forced_k4,Dense Ridge,100.0,,,,4,False,0.0,True,0.09629301450228978,0.03606492347360427,180,6,4,0.09049398441902688,0.37222222222222223,0.40194444444444444,LAYING:43;SITTING:25;STANDING:48;WALKING:41;WALKING_DOWNSTAIRS:2;WALKING_UPSTAIRS:21,0:62;1:1;2:19;3:98,"{""0"": ""STANDING"", ""1"": ""WALKING_UPSTAIRS"", ""2"": ""WALKING"", ""3"": ""LAYING""}",0.3248607761418505,0.6796550916006857,0.6293166483385894,0.9140601928068258
UCIHARWindowSignals,2,forced_k4,DynVAR-Lasso Weighted Ridge,100.0,0.01,4.0,1.0,4,False,0.0,True,0.09629301450228978,0.03606492347360427,180,6,4,0.09049398441902688,0.37222222222222223,0.40194444444444444,LAYING:43;SITTING:25;STANDING:48;WALKING:41;WALKING_DOWNSTAIRS:2;WALKING_UPSTAIRS:21,0:62;1:1;2:19;3:98,"{""0"": ""STANDING"", ""1"": ""WALKING_UPSTAIRS"", ""2"": ""WALKING"", ""3"": ""LAYING""}",0.32137746963044955,0.6791994171717621,0.6285675260876834,0.9162524931997263
UCIHARWindowSignals,2,forced_k4,STCG-v1 Weighted Ridge,100.0,0.01,4.0,1.0,4,False,0.0,True,0.09629301450228978,0.03606492347360427,180,6,4,0.09049398441902688,0.37222222222222223,0.40194444444444444,LAYING:43;SITTING:25;STANDING:48;WALKING:41;WALKING_DOWNSTAIRS:2;WALKING_UPSTAIRS:21,0:62;1:1;2:19;3:98,"{""0"": ""STANDING"", ""1"": ""WALKING_UPSTAIRS"", ""2"": ""WALKING"", ""3"": ""LAYING""}",0.32167409780202,0.6796647056283954,0.6289263480926065,0.9163301430834392
UCIHARWindowSignals,3,auto_k2_min_0.00,Dense Ridge,30.0,,,,2,True,0.0,True,0.06681029740602806,0.0,180,6,2,0.09128757273372994,0.3611111111111111,0.40194444444444444,LAYING:43;SITTING:25;STANDING:48;WALKING:41;WALKING_DOWNSTAIRS:2;WALKING_UPSTAIRS:21,0:126;1:54,"{""0"": ""LAYING"", ""1"": ""STANDING""}",0.3228103533621915,0.6797916270352214,0.6287594191997212,0.9146757713502421
UCIHARWindowSignals,3,auto_k2_min_0.00,DynVAR-Lasso Weighted Ridge,30.0,0.01,4.0,1.0,2,True,0.0,True,0.06681029740602806,0.0,180,6,2,0.09128757273372994,0.3611111111111111,0.40194444444444444,LAYING:43;SITTING:25;STANDING:48;WALKING:41;WALKING_DOWNSTAIRS:2;WALKING_UPSTAIRS:21,0:126;1:54,"{""0"": ""LAYING"", ""1"": ""STANDING""}",0.32047097797356,0.6786703965069079,0.6276494479383902,0.9148400937660098
UCIHARWindowSignals,3,auto_k2_min_0.00,STCG-v1 Weighted Ridge,30.0,0.01,4.0,1.0,2,True,0.0,True,0.06681029740602806,0.0,180,6,2,0.09128757273372994,0.3611111111111111,0.40194444444444444,LAYING:43;SITTING:25;STANDING:48;WALKING:41;WALKING_DOWNSTAIRS:2;WALKING_UPSTAIRS:21,0:126;1:54,"{""0"": ""LAYING"", ""1"": ""STANDING""}",0.3220044384266475,0.6793092141181934,0.6282492495369093,0.914592177118436
UCIHARWindowSignals,3,auto_k2_min_0.00,Dense Ridge,100.0,,,,2,True,0.0,True,0.06681029740602806,0.0,180,6,2,0.09128757273372994,0.3611111111111111,0.40194444444444444,LAYING:43;SITTING:25;STANDING:48;WALKING:41;WALKING_DOWNSTAIRS:2;WALKING_UPSTAIRS:21,0:126;1:54,"{""0"": ""LAYING"", ""1"": ""STANDING""}",0.3248607761418505,0.6796550916006857,0.6293166483385894,0.9140601928068258
UCIHARWindowSignals,3,auto_k2_min_0.00,DynVAR-Lasso Weighted Ridge,100.0,0.01,4.0,1.0,2,True,0.0,True,0.06681029740602806,0.0,180,6,2,0.09128757273372994,0.3611111111111111,0.40194444444444444,LAYING:43;SITTING:25;STANDING:48;WALKING:41;WALKING_DOWNSTAIRS:2;WALKING_UPSTAIRS:21,0:126;1:54,"{""0"": ""LAYING"", ""1"": ""STANDING""}",0.32137746963044955,0.6791994171717621,0.6285675260876834,0.9162524931997263
UCIHARWindowSignals,3,auto_k2_min_0.00,STCG-v1 Weighted Ridge,100.0,0.01,4.0,1.0,2,True,0.0,True,0.06681029740602806,0.0,180,6,2,0.09128757273372994,0.3611111111111111,0.40194444444444444,LAYING:43;SITTING:25;STANDING:48;WALKING:41;WALKING_DOWNSTAIRS:2;WALKING_UPSTAIRS:21,0:126;1:54,"{""0"": ""LAYING"", ""1"": ""STANDING""}",0.32330975890354674,0.6789718239956734,0.6284416618516125,0.9143388701873812
UCIHARWindowSignals,3,auto_k2_min_0.04,Dense Ridge,30.0,,,,2,True,0.04,True,0.06681029740602806,0.0,180,6,2,0.09128757273372994,0.3611111111111111,0.40194444444444444,LAYING:43;SITTING:25;STANDING:48;WALKING:41;WALKING_DOWNSTAIRS:2;WALKING_UPSTAIRS:21,0:126;1:54,"{""0"": ""LAYING"", ""1"": ""STANDING""}",0.3228103533621915,0.6797916270352214,0.6287594191997212,0.9146757713502421
UCIHARWindowSignals,3,auto_k2_min_0.04,DynVAR-Lasso Weighted Ridge,30.0,0.01,4.0,1.0,2,True,0.04,True,0.06681029740602806,0.0,180,6,2,0.09128757273372994,0.3611111111111111,0.40194444444444444,LAYING:43;SITTING:25;STANDING:48;WALKING:41;WALKING_DOWNSTAIRS:2;WALKING_UPSTAIRS:21,0:126;1:54,"{""0"": ""LAYING"", ""1"": ""STANDING""}",0.32047097797356,0.6786703965069079,0.6276494479383902,0.9148400937660098
UCIHARWindowSignals,3,auto_k2_min_0.04,STCG-v1 Weighted Ridge,30.0,0.01,4.0,1.0,2,True,0.04,True,0.06681029740602806,0.0,180,6,2,0.09128757273372994,0.3611111111111111,0.40194444444444444,LAYING:43;SITTING:25;STANDING:48;WALKING:41;WALKING_DOWNSTAIRS:2;WALKING_UPSTAIRS:21,0:126;1:54,"{""0"": ""LAYING"", ""1"": ""STANDING""}",0.3220044384266475,0.6793092141181934,0.6282492495369093,0.914592177118436
UCIHARWindowSignals,3,auto_k2_min_0.04,Dense Ridge,100.0,,,,2,True,0.04,True,0.06681029740602806,0.0,180,6,2,0.09128757273372994,0.3611111111111111,0.40194444444444444,LAYING:43;SITTING:25;STANDING:48;WALKING:41;WALKING_DOWNSTAIRS:2;WALKING_UPSTAIRS:21,0:126;1:54,"{""0"": ""LAYING"", ""1"": ""STANDING""}",0.3248607761418505,0.6796550916006857,0.6293166483385894,0.9140601928068258
UCIHARWindowSignals,3,auto_k2_min_0.04,DynVAR-Lasso Weighted Ridge,100.0,0.01,4.0,1.0,2,True,0.04,True,0.06681029740602806,0.0,180,6,2,0.09128757273372994,0.3611111111111111,0.40194444444444444,LAYING:43;SITTING:25;STANDING:48;WALKING:41;WALKING_DOWNSTAIRS:2;WALKING_UPSTAIRS:21,0:126;1:54,"{""0"": ""LAYING"", ""1"": ""STANDING""}",0.32137746963044955,0.6791994171717621,0.6285675260876834,0.9162524931997263
UCIHARWindowSignals,3,auto_k2_min_0.04,STCG-v1 Weighted Ridge,100.0,0.01,4.0,1.0,2,True,0.04,True,0.06681029740602806,0.0,180,6,2,0.09128757273372994,0.3611111111111111,0.40194444444444444,LAYING:43;SITTING:25;STANDING:48;WALKING:41;WALKING_DOWNSTAIRS:2;WALKING_UPSTAIRS:21,0:126;1:54,"{""0"": ""LAYING"", ""1"": ""STANDING""}",0.32330975890354674,0.6789718239956734,0.6284416618516125,0.9143388701873812
UCIHARWindowSignals,3,auto_k2_min_0.08,Dense Ridge,30.0,,,,2,True,0.08,False,0.06681029740602806,0.0,180,6,1,0.0,0.26666666666666666,0.40194444444444444,LAYING:43;SITTING:25;STANDING:48;WALKING:41;WALKING_DOWNSTAIRS:2;WALKING_UPSTAIRS:21,0:180,"{""0"": ""STANDING""}",0.3228103533621915,0.6797916270352214,0.6287594191997212,0.9146757713502421
UCIHARWindowSignals,3,auto_k2_min_0.08,DynVAR-Lasso Weighted Ridge,30.0,0.01,4.0,1.0,2,True,0.08,False,0.06681029740602806,0.0,180,6,1,0.0,0.26666666666666666,0.40194444444444444,LAYING:43;SITTING:25;STANDING:48;WALKING:41;WALKING_DOWNSTAIRS:2;WALKING_UPSTAIRS:21,0:180,"{""0"": ""STANDING""}",0.32047097797356,0.6786703965069079,0.6276494479383902,0.9148400937660098
UCIHARWindowSignals,3,auto_k2_min_0.08,STCG-v1 Weighted Ridge,30.0,0.01,4.0,1.0,2,True,0.08,False,0.06681029740602806,0.0,180,6,1,0.0,0.26666666666666666,0.40194444444444444,LAYING:43;SITTING:25;STANDING:48;WALKING:41;WALKING_DOWNSTAIRS:2;WALKING_UPSTAIRS:21,0:180,"{""0"": ""STANDING""}",0.32047097797356,0.6786703965069079,0.6276494479383902,0.9148400937660098
UCIHARWindowSignals,3,auto_k2_min_0.08,Dense Ridge,100.0,,,,2,True,0.08,False,0.06681029740602806,0.0,180,6,1,0.0,0.26666666666666666,0.40194444444444444,LAYING:43;SITTING:25;STANDING:48;WALKING:41;WALKING_DOWNSTAIRS:2;WALKING_UPSTAIRS:21,0:180,"{""0"": ""STANDING""}",0.3248607761418505,0.6796550916006857,0.6293166483385894,0.9140601928068258
UCIHARWindowSignals,3,auto_k2_min_0.08,DynVAR-Lasso Weighted Ridge,100.0,0.01,4.0,1.0,2,True,0.08,False,0.06681029740602806,0.0,180,6,1,0.0,0.26666666666666666,0.40194444444444444,LAYING:43;SITTING:25;STANDING:48;WALKING:41;WALKING_DOWNSTAIRS:2;WALKING_UPSTAIRS:21,0:180,"{""0"": ""STANDING""}",0.32137746963044955,0.6791994171717621,0.6285675260876834,0.9162524931997263
UCIHARWindowSignals,3,auto_k2_min_0.08,STCG-v1 Weighted Ridge,100.0,0.01,4.0,1.0,2,True,0.08,False,0.06681029740602806,0.0,180,6,1,0.0,0.26666666666666666,0.40194444444444444,LAYING:43;SITTING:25;STANDING:48;WALKING:41;WALKING_DOWNSTAIRS:2;WALKING_UPSTAIRS:21,0:180,"{""0"": ""STANDING""}",0.32137746963044955,0.6791994171717621,0.6285675260876834,0.9162524931997263
UCIHARWindowSignals,3,auto_k2_min_0.12,Dense Ridge,30.0,,,,2,True,0.12,False,0.06681029740602806,0.0,180,6,1,0.0,0.26666666666666666,0.40194444444444444,LAYING:43;SITTING:25;STANDING:48;WALKING:41;WALKING_DOWNSTAIRS:2;WALKING_UPSTAIRS:21,0:180,"{""0"": ""STANDING""}",0.3228103533621915,0.6797916270352214,0.6287594191997212,0.9146757713502421
UCIHARWindowSignals,3,auto_k2_min_0.12,DynVAR-Lasso Weighted Ridge,30.0,0.01,4.0,1.0,2,True,0.12,False,0.06681029740602806,0.0,180,6,1,0.0,0.26666666666666666,0.40194444444444444,LAYING:43;SITTING:25;STANDING:48;WALKING:41;WALKING_DOWNSTAIRS:2;WALKING_UPSTAIRS:21,0:180,"{""0"": ""STANDING""}",0.32047097797356,0.6786703965069079,0.6276494479383902,0.9148400937660098
UCIHARWindowSignals,3,auto_k2_min_0.12,STCG-v1 Weighted Ridge,30.0,0.01,4.0,1.0,2,True,0.12,False,0.06681029740602806,0.0,180,6,1,0.0,0.26666666666666666,0.40194444444444444,LAYING:43;SITTING:25;STANDING:48;WALKING:41;WALKING_DOWNSTAIRS:2;WALKING_UPSTAIRS:21,0:180,"{""0"": ""STANDING""}",0.32047097797356,0.6786703965069079,0.6276494479383902,0.9148400937660098
UCIHARWindowSignals,3,auto_k2_min_0.12,Dense Ridge,100.0,,,,2,True,0.12,False,0.06681029740602806,0.0,180,6,1,0.0,0.26666666666666666,0.40194444444444444,LAYING:43;SITTING:25;STANDING:48;WALKING:41;WALKING_DOWNSTAIRS:2;WALKING_UPSTAIRS:21,0:180,"{""0"": ""STANDING""}",0.3248607761418505,0.6796550916006857,0.6293166483385894,0.9140601928068258
UCIHARWindowSignals,3,auto_k2_min_0.12,DynVAR-Lasso Weighted Ridge,100.0,0.01,4.0,1.0,2,True,0.12,False,0.06681029740602806,0.0,180,6,1,0.0,0.26666666666666666,0.40194444444444444,LAYING:43;SITTING:25;STANDING:48;WALKING:41;WALKING_DOWNSTAIRS:2;WALKING_UPSTAIRS:21,0:180,"{""0"": ""STANDING""}",0.32137746963044955,0.6791994171717621,0.6285675260876834,0.9162524931997263
UCIHARWindowSignals,3,auto_k2_min_0.12,STCG-v1 Weighted Ridge,100.0,0.01,4.0,1.0,2,True,0.12,False,0.06681029740602806,0.0,180,6,1,0.0,0.26666666666666666,0.40194444444444444,LAYING:43;SITTING:25;STANDING:48;WALKING:41;WALKING_DOWNSTAIRS:2;WALKING_UPSTAIRS:21,0:180,"{""0"": ""STANDING""}",0.32137746963044955,0.6791994171717621,0.6285675260876834,0.9162524931997263
UCIHARWindowSignals,3,auto_k2_min_0.16,Dense Ridge,30.0,,,,2,True,0.16,False,0.06681029740602806,0.0,180,6,1,0.0,0.26666666666666666,0.40194444444444444,LAYING:43;SITTING:25;STANDING:48;WALKING:41;WALKING_DOWNSTAIRS:2;WALKING_UPSTAIRS:21,0:180,"{""0"": ""STANDING""}",0.3228103533621915,0.6797916270352214,0.6287594191997212,0.9146757713502421
UCIHARWindowSignals,3,auto_k2_min_0.16,DynVAR-Lasso Weighted Ridge,30.0,0.01,4.0,1.0,2,True,0.16,False,0.06681029740602806,0.0,180,6,1,0.0,0.26666666666666666,0.40194444444444444,LAYING:43;SITTING:25;STANDING:48;WALKING:41;WALKING_DOWNSTAIRS:2;WALKING_UPSTAIRS:21,0:180,"{""0"": ""STANDING""}",0.32047097797356,0.6786703965069079,0.6276494479383902,0.9148400937660098
UCIHARWindowSignals,3,auto_k2_min_0.16,STCG-v1 Weighted Ridge,30.0,0.01,4.0,1.0,2,True,0.16,False,0.06681029740602806,0.0,180,6,1,0.0,0.26666666666666666,0.40194444444444444,LAYING:43;SITTING:25;STANDING:48;WALKING:41;WALKING_DOWNSTAIRS:2;WALKING_UPSTAIRS:21,0:180,"{""0"": ""STANDING""}",0.32047097797356,0.6786703965069079,0.6276494479383902,0.9148400937660098
UCIHARWindowSignals,3,auto_k2_min_0.16,Dense Ridge,100.0,,,,2,True,0.16,False,0.06681029740602806,0.0,180,6,1,0.0,0.26666666666666666,0.40194444444444444,LAYING:43;SITTING:25;STANDING:48;WALKING:41;WALKING_DOWNSTAIRS:2;WALKING_UPSTAIRS:21,0:180,"{""0"": ""STANDING""}",0.3248607761418505,0.6796550916006857,0.6293166483385894,0.9140601928068258
UCIHARWindowSignals,3,auto_k2_min_0.16,DynVAR-Lasso Weighted Ridge,100.0,0.01,4.0,1.0,2,True,0.16,False,0.06681029740602806,0.0,180,6,1,0.0,0.26666666666666666,0.40194444444444444,LAYING:43;SITTING:25;STANDING:48;WALKING:41;WALKING_DOWNSTAIRS:2;WALKING_UPSTAIRS:21,0:180,"{""0"": ""STANDING""}",0.32137746963044955,0.6791994171717621,0.6285675260876834,0.9162524931997263
UCIHARWindowSignals,3,auto_k2_min_0.16,STCG-v1 Weighted Ridge,100.0,0.01,4.0,1.0,2,True,0.16,False,0.06681029740602806,0.0,180,6,1,0.0,0.26666666666666666,0.40194444444444444,LAYING:43;SITTING:25;STANDING:48;WALKING:41;WALKING_DOWNSTAIRS:2;WALKING_UPSTAIRS:21,0:180,"{""0"": ""STANDING""}",0.32137746963044955,0.6791994171717621,0.6285675260876834,0.9162524931997263
UCIHARWindowSignals,3,forced_k2,Dense Ridge,30.0,,,,2,False,0.0,True,0.06681029740602806,0.0,180,6,2,0.09128757273372994,0.3611111111111111,0.40194444444444444,LAYING:43;SITTING:25;STANDING:48;WALKING:41;WALKING_DOWNSTAIRS:2;WALKING_UPSTAIRS:21,0:126;1:54,"{""0"": ""LAYING"", ""1"": ""STANDING""}",0.3228103533621915,0.6797916270352214,0.6287594191997212,0.9146757713502421
UCIHARWindowSignals,3,forced_k2,DynVAR-Lasso Weighted Ridge,30.0,0.01,4.0,1.0,2,False,0.0,True,0.06681029740602806,0.0,180,6,2,0.09128757273372994,0.3611111111111111,0.40194444444444444,LAYING:43;SITTING:25;STANDING:48;WALKING:41;WALKING_DOWNSTAIRS:2;WALKING_UPSTAIRS:21,0:126;1:54,"{""0"": ""LAYING"", ""1"": ""STANDING""}",0.32047097797356,0.6786703965069079,0.6276494479383902,0.9148400937660098
UCIHARWindowSignals,3,forced_k2,STCG-v1 Weighted Ridge,30.0,0.01,4.0,1.0,2,False,0.0,True,0.06681029740602806,0.0,180,6,2,0.09128757273372994,0.3611111111111111,0.40194444444444444,LAYING:43;SITTING:25;STANDING:48;WALKING:41;WALKING_DOWNSTAIRS:2;WALKING_UPSTAIRS:21,0:126;1:54,"{""0"": ""LAYING"", ""1"": ""STANDING""}",0.3220044384266475,0.6793092141181934,0.6282492495369093,0.914592177118436
UCIHARWindowSignals,3,forced_k2,Dense Ridge,100.0,,,,2,False,0.0,True,0.06681029740602806,0.0,180,6,2,0.09128757273372994,0.3611111111111111,0.40194444444444444,LAYING:43;SITTING:25;STANDING:48;WALKING:41;WALKING_DOWNSTAIRS:2;WALKING_UPSTAIRS:21,0:126;1:54,"{""0"": ""LAYING"", ""1"": ""STANDING""}",0.3248607761418505,0.6796550916006857,0.6293166483385894,0.9140601928068258
UCIHARWindowSignals,3,forced_k2,DynVAR-Lasso Weighted Ridge,100.0,0.01,4.0,1.0,2,False,0.0,True,0.06681029740602806,0.0,180,6,2,0.09128757273372994,0.3611111111111111,0.40194444444444444,LAYING:43;SITTING:25;STANDING:48;WALKING:41;WALKING_DOWNSTAIRS:2;WALKING_UPSTAIRS:21,0:126;1:54,"{""0"": ""LAYING"", ""1"": ""STANDING""}",0.32137746963044955,0.6791994171717621,0.6285675260876834,0.9162524931997263
UCIHARWindowSignals,3,forced_k2,STCG-v1 Weighted Ridge,100.0,0.01,4.0,1.0,2,False,0.0,True,0.06681029740602806,0.0,180,6,2,0.09128757273372994,0.3611111111111111,0.40194444444444444,LAYING:43;SITTING:25;STANDING:48;WALKING:41;WALKING_DOWNSTAIRS:2;WALKING_UPSTAIRS:21,0:126;1:54,"{""0"": ""LAYING"", ""1"": ""STANDING""}",0.32330975890354674,0.6789718239956734,0.6284416618516125,0.9143388701873812
UCIHARWindowSignals,3,auto_k3_min_0.00,Dense Ridge,30.0,,,,3,True,0.0,True,0.08493891575041479,0.04711361607098612,180,6,3,0.08565861978943465,0.35,0.40194444444444444,LAYING:43;SITTING:25;STANDING:48;WALKING:41;WALKING_DOWNSTAIRS:2;WALKING_UPSTAIRS:21,0:49;1:113;2:18,"{""0"": ""STANDING"", ""1"": ""LAYING"", ""2"": ""WALKING_UPSTAIRS""}",0.3228103533621915,0.6797916270352214,0.6287594191997212,0.9146757713502421
UCIHARWindowSignals,3,auto_k3_min_0.00,DynVAR-Lasso Weighted Ridge,30.0,0.01,4.0,1.0,3,True,0.0,True,0.08493891575041479,0.04711361607098612,180,6,3,0.08565861978943465,0.35,0.40194444444444444,LAYING:43;SITTING:25;STANDING:48;WALKING:41;WALKING_DOWNSTAIRS:2;WALKING_UPSTAIRS:21,0:49;1:113;2:18,"{""0"": ""STANDING"", ""1"": ""LAYING"", ""2"": ""WALKING_UPSTAIRS""}",0.32047097797356,0.6786703965069079,0.6276494479383902,0.9148400937660098
UCIHARWindowSignals,3,auto_k3_min_0.00,STCG-v1 Weighted Ridge,30.0,0.01,4.0,1.0,3,True,0.0,True,0.08493891575041479,0.04711361607098612,180,6,3,0.08565861978943465,0.35,0.40194444444444444,LAYING:43;SITTING:25;STANDING:48;WALKING:41;WALKING_DOWNSTAIRS:2;WALKING_UPSTAIRS:21,0:49;1:113;2:18,"{""0"": ""STANDING"", ""1"": ""LAYING"", ""2"": ""WALKING_UPSTAIRS""}",0.3216174818665002,0.6792968440911864,0.628216022745905,0.9149089380774656
UCIHARWindowSignals,3,auto_k3_min_0.00,Dense Ridge,100.0,,,,3,True,0.0,True,0.08493891575041479,0.04711361607098612,180,6,3,0.08565861978943465,0.35,0.40194444444444444,LAYING:43;SITTING:25;STANDING:48;WALKING:41;WALKING_DOWNSTAIRS:2;WALKING_UPSTAIRS:21,0:49;1:113;2:18,"{""0"": ""STANDING"", ""1"": ""LAYING"", ""2"": ""WALKING_UPSTAIRS""}",0.3248607761418505,0.6796550916006857,0.6293166483385894,0.9140601928068258
UCIHARWindowSignals,3,auto_k3_min_0.00,DynVAR-Lasso Weighted Ridge,100.0,0.01,4.0,1.0,3,True,0.0,True,0.08493891575041479,0.04711361607098612,180,6,3,0.08565861978943465,0.35,0.40194444444444444,LAYING:43;SITTING:25;STANDING:48;WALKING:41;WALKING_DOWNSTAIRS:2;WALKING_UPSTAIRS:21,0:49;1:113;2:18,"{""0"": ""STANDING"", ""1"": ""LAYING"", ""2"": ""WALKING_UPSTAIRS""}",0.32137746963044955,0.6791994171717621,0.6285675260876834,0.9162524931997263
UCIHARWindowSignals,3,auto_k3_min_0.00,STCG-v1 Weighted Ridge,100.0,0.01,4.0,1.0,3,True,0.0,True,0.08493891575041479,0.04711361607098612,180,6,3,0.08565861978943465,0.35,0.40194444444444444,LAYING:43;SITTING:25;STANDING:48;WALKING:41;WALKING_DOWNSTAIRS:2;WALKING_UPSTAIRS:21,0:49;1:113;2:18,"{""0"": ""STANDING"", ""1"": ""LAYING"", ""2"": ""WALKING_UPSTAIRS""}",0.32261425251169507,0.6792966505695094,0.6286756931486139,0.9154332593465324
UCIHARWindowSignals,3,auto_k3_min_0.04,Dense Ridge,30.0,,,,3,True,0.04,True,0.08493891575041479,0.04711361607098612,180,6,3,0.08565861978943465,0.35,0.40194444444444444,LAYING:43;SITTING:25;STANDING:48;WALKING:41;WALKING_DOWNSTAIRS:2;WALKING_UPSTAIRS:21,0:49;1:113;2:18,"{""0"": ""STANDING"", ""1"": ""LAYING"", ""2"": ""WALKING_UPSTAIRS""}",0.3228103533621915,0.6797916270352214,0.6287594191997212,0.9146757713502421
UCIHARWindowSignals,3,auto_k3_min_0.04,DynVAR-Lasso Weighted Ridge,30.0,0.01,4.0,1.0,3,True,0.04,True,0.08493891575041479,0.04711361607098612,180,6,3,0.08565861978943465,0.35,0.40194444444444444,LAYING:43;SITTING:25;STANDING:48;WALKING:41;WALKING_DOWNSTAIRS:2;WALKING_UPSTAIRS:21,0:49;1:113;2:18,"{""0"": ""STANDING"", ""1"": ""LAYING"", ""2"": ""WALKING_UPSTAIRS""}",0.32047097797356,0.6786703965069079,0.6276494479383902,0.9148400937660098
UCIHARWindowSignals,3,auto_k3_min_0.04,STCG-v1 Weighted Ridge,30.0,0.01,4.0,1.0,3,True,0.04,True,0.08493891575041479,0.04711361607098612,180,6,3,0.08565861978943465,0.35,0.40194444444444444,LAYING:43;SITTING:25;STANDING:48;WALKING:41;WALKING_DOWNSTAIRS:2;WALKING_UPSTAIRS:21,0:49;1:113;2:18,"{""0"": ""STANDING"", ""1"": ""LAYING"", ""2"": ""WALKING_UPSTAIRS""}",0.3216174818665002,0.6792968440911864,0.628216022745905,0.9149089380774656
UCIHARWindowSignals,3,auto_k3_min_0.04,Dense Ridge,100.0,,,,3,True,0.04,True,0.08493891575041479,0.04711361607098612,180,6,3,0.08565861978943465,0.35,0.40194444444444444,LAYING:43;SITTING:25;STANDING:48;WALKING:41;WALKING_DOWNSTAIRS:2;WALKING_UPSTAIRS:21,0:49;1:113;2:18,"{""0"": ""STANDING"", ""1"": ""LAYING"", ""2"": ""WALKING_UPSTAIRS""}",0.3248607761418505,0.6796550916006857,0.6293166483385894,0.9140601928068258
UCIHARWindowSignals,3,auto_k3_min_0.04,DynVAR-Lasso Weighted Ridge,100.0,0.01,4.0,1.0,3,True,0.04,True,0.08493891575041479,0.04711361607098612,180,6,3,0.08565861978943465,0.35,0.40194444444444444,LAYING:43;SITTING:25;STANDING:48;WALKING:41;WALKING_DOWNSTAIRS:2;WALKING_UPSTAIRS:21,0:49;1:113;2:18,"{""0"": ""STANDING"", ""1"": ""LAYING"", ""2"": ""WALKING_UPSTAIRS""}",0.32137746963044955,0.6791994171717621,0.6285675260876834,0.9162524931997263
UCIHARWindowSignals,3,auto_k3_min_0.04,STCG-v1 Weighted Ridge,100.0,0.01,4.0,1.0,3,True,0.04,True,0.08493891575041479,0.04711361607098612,180,6,3,0.08565861978943465,0.35,0.40194444444444444,LAYING:43;SITTING:25;STANDING:48;WALKING:41;WALKING_DOWNSTAIRS:2;WALKING_UPSTAIRS:21,0:49;1:113;2:18,"{""0"": ""STANDING"", ""1"": ""LAYING"", ""2"": ""WALKING_UPSTAIRS""}",0.32261425251169507,0.6792966505695094,0.6286756931486139,0.9154332593465324
UCIHARWindowSignals,3,auto_k3_min_0.08,Dense Ridge,30.0,,,,3,True,0.08,True,0.08493891575041479,0.04711361607098612,180,6,3,0.08565861978943465,0.35,0.40194444444444444,LAYING:43;SITTING:25;STANDING:48;WALKING:41;WALKING_DOWNSTAIRS:2;WALKING_UPSTAIRS:21,0:49;1:113;2:18,"{""0"": ""STANDING"", ""1"": ""LAYING"", ""2"": ""WALKING_UPSTAIRS""}",0.3228103533621915,0.6797916270352214,0.6287594191997212,0.9146757713502421
UCIHARWindowSignals,3,auto_k3_min_0.08,DynVAR-Lasso Weighted Ridge,30.0,0.01,4.0,1.0,3,True,0.08,True,0.08493891575041479,0.04711361607098612,180,6,3,0.08565861978943465,0.35,0.40194444444444444,LAYING:43;SITTING:25;STANDING:48;WALKING:41;WALKING_DOWNSTAIRS:2;WALKING_UPSTAIRS:21,0:49;1:113;2:18,"{""0"": ""STANDING"", ""1"": ""LAYING"", ""2"": ""WALKING_UPSTAIRS""}",0.32047097797356,0.6786703965069079,0.6276494479383902,0.9148400937660098
UCIHARWindowSignals,3,auto_k3_min_0.08,STCG-v1 Weighted Ridge,30.0,0.01,4.0,1.0,3,True,0.08,True,0.08493891575041479,0.04711361607098612,180,6,3,0.08565861978943465,0.35,0.40194444444444444,LAYING:43;SITTING:25;STANDING:48;WALKING:41;WALKING_DOWNSTAIRS:2;WALKING_UPSTAIRS:21,0:49;1:113;2:18,"{""0"": ""STANDING"", ""1"": ""LAYING"", ""2"": ""WALKING_UPSTAIRS""}",0.3216174818665002,0.6792968440911864,0.628216022745905,0.9149089380774656
UCIHARWindowSignals,3,auto_k3_min_0.08,Dense Ridge,100.0,,,,3,True,0.08,True,0.08493891575041479,0.04711361607098612,180,6,3,0.08565861978943465,0.35,0.40194444444444444,LAYING:43;SITTING:25;STANDING:48;WALKING:41;WALKING_DOWNSTAIRS:2;WALKING_UPSTAIRS:21,0:49;1:113;2:18,"{""0"": ""STANDING"", ""1"": ""LAYING"", ""2"": ""WALKING_UPSTAIRS""}",0.3248607761418505,0.6796550916006857,0.6293166483385894,0.9140601928068258
UCIHARWindowSignals,3,auto_k3_min_0.08,DynVAR-Lasso Weighted Ridge,100.0,0.01,4.0,1.0,3,True,0.08,True,0.08493891575041479,0.04711361607098612,180,6,3,0.08565861978943465,0.35,0.40194444444444444,LAYING:43;SITTING:25;STANDING:48;WALKING:41;WALKING_DOWNSTAIRS:2;WALKING_UPSTAIRS:21,0:49;1:113;2:18,"{""0"": ""STANDING"", ""1"": ""LAYING"", ""2"": ""WALKING_UPSTAIRS""}",0.32137746963044955,0.6791994171717621,0.6285675260876834,0.9162524931997263
UCIHARWindowSignals,3,auto_k3_min_0.08,STCG-v1 Weighted Ridge,100.0,0.01,4.0,1.0,3,True,0.08,True,0.08493891575041479,0.04711361607098612,180,6,3,0.08565861978943465,0.35,0.40194444444444444,LAYING:43;SITTING:25;STANDING:48;WALKING:41;WALKING_DOWNSTAIRS:2;WALKING_UPSTAIRS:21,0:49;1:113;2:18,"{""0"": ""STANDING"", ""1"": ""LAYING"", ""2"": ""WALKING_UPSTAIRS""}",0.32261425251169507,0.6792966505695094,0.6286756931486139,0.9154332593465324
UCIHARWindowSignals,3,auto_k3_min_0.12,Dense Ridge,30.0,,,,3,True,0.12,False,0.08493891575041479,0.04711361607098612,180,6,1,0.0,0.26666666666666666,0.40194444444444444,LAYING:43;SITTING:25;STANDING:48;WALKING:41;WALKING_DOWNSTAIRS:2;WALKING_UPSTAIRS:21,0:180,"{""0"": ""STANDING""}",0.3228103533621915,0.6797916270352214,0.6287594191997212,0.9146757713502421
UCIHARWindowSignals,3,auto_k3_min_0.12,DynVAR-Lasso Weighted Ridge,30.0,0.01,4.0,1.0,3,True,0.12,False,0.08493891575041479,0.04711361607098612,180,6,1,0.0,0.26666666666666666,0.40194444444444444,LAYING:43;SITTING:25;STANDING:48;WALKING:41;WALKING_DOWNSTAIRS:2;WALKING_UPSTAIRS:21,0:180,"{""0"": ""STANDING""}",0.32047097797356,0.6786703965069079,0.6276494479383902,0.9148400937660098
UCIHARWindowSignals,3,auto_k3_min_0.12,STCG-v1 Weighted Ridge,30.0,0.01,4.0,1.0,3,True,0.12,False,0.08493891575041479,0.04711361607098612,180,6,1,0.0,0.26666666666666666,0.40194444444444444,LAYING:43;SITTING:25;STANDING:48;WALKING:41;WALKING_DOWNSTAIRS:2;WALKING_UPSTAIRS:21,0:180,"{""0"": ""STANDING""}",0.32047097797356,0.6786703965069079,0.6276494479383902,0.9148400937660098
UCIHARWindowSignals,3,auto_k3_min_0.12,Dense Ridge,100.0,,,,3,True,0.12,False,0.08493891575041479,0.04711361607098612,180,6,1,0.0,0.26666666666666666,0.40194444444444444,LAYING:43;SITTING:25;STANDING:48;WALKING:41;WALKING_DOWNSTAIRS:2;WALKING_UPSTAIRS:21,0:180,"{""0"": ""STANDING""}",0.3248607761418505,0.6796550916006857,0.6293166483385894,0.9140601928068258
UCIHARWindowSignals,3,auto_k3_min_0.12,DynVAR-Lasso Weighted Ridge,100.0,0.01,4.0,1.0,3,True,0.12,False,0.08493891575041479,0.04711361607098612,180,6,1,0.0,0.26666666666666666,0.40194444444444444,LAYING:43;SITTING:25;STANDING:48;WALKING:41;WALKING_DOWNSTAIRS:2;WALKING_UPSTAIRS:21,0:180,"{""0"": ""STANDING""}",0.32137746963044955,0.6791994171717621,0.6285675260876834,0.9162524931997263
UCIHARWindowSignals,3,auto_k3_min_0.12,STCG-v1 Weighted Ridge,100.0,0.01,4.0,1.0,3,True,0.12,False,0.08493891575041479,0.04711361607098612,180,6,1,0.0,0.26666666666666666,0.40194444444444444,LAYING:43;SITTING:25;STANDING:48;WALKING:41;WALKING_DOWNSTAIRS:2;WALKING_UPSTAIRS:21,0:180,"{""0"": ""STANDING""}",0.32137746963044955,0.6791994171717621,0.6285675260876834,0.9162524931997263
UCIHARWindowSignals,3,auto_k3_min_0.16,Dense Ridge,30.0,,,,3,True,0.16,False,0.08493891575041479,0.04711361607098612,180,6,1,0.0,0.26666666666666666,0.40194444444444444,LAYING:43;SITTING:25;STANDING:48;WALKING:41;WALKING_DOWNSTAIRS:2;WALKING_UPSTAIRS:21,0:180,"{""0"": ""STANDING""}",0.3228103533621915,0.6797916270352214,0.6287594191997212,0.9146757713502421
UCIHARWindowSignals,3,auto_k3_min_0.16,DynVAR-Lasso Weighted Ridge,30.0,0.01,4.0,1.0,3,True,0.16,False,0.08493891575041479,0.04711361607098612,180,6,1,0.0,0.26666666666666666,0.40194444444444444,LAYING:43;SITTING:25;STANDING:48;WALKING:41;WALKING_DOWNSTAIRS:2;WALKING_UPSTAIRS:21,0:180,"{""0"": ""STANDING""}",0.32047097797356,0.6786703965069079,0.6276494479383902,0.9148400937660098
UCIHARWindowSignals,3,auto_k3_min_0.16,STCG-v1 Weighted Ridge,30.0,0.01,4.0,1.0,3,True,0.16,False,0.08493891575041479,0.04711361607098612,180,6,1,0.0,0.26666666666666666,0.40194444444444444,LAYING:43;SITTING:25;STANDING:48;WALKING:41;WALKING_DOWNSTAIRS:2;WALKING_UPSTAIRS:21,0:180,"{""0"": ""STANDING""}",0.32047097797356,0.6786703965069079,0.6276494479383902,0.9148400937660098
UCIHARWindowSignals,3,auto_k3_min_0.16,Dense Ridge,100.0,,,,3,True,0.16,False,0.08493891575041479,0.04711361607098612,180,6,1,0.0,0.26666666666666666,0.40194444444444444,LAYING:43;SITTING:25;STANDING:48;WALKING:41;WALKING_DOWNSTAIRS:2;WALKING_UPSTAIRS:21,0:180,"{""0"": ""STANDING""}",0.3248607761418505,0.6796550916006857,0.6293166483385894,0.9140601928068258
UCIHARWindowSignals,3,auto_k3_min_0.16,DynVAR-Lasso Weighted Ridge,100.0,0.01,4.0,1.0,3,True,0.16,False,0.08493891575041479,0.04711361607098612,180,6,1,0.0,0.26666666666666666,0.40194444444444444,LAYING:43;SITTING:25;STANDING:48;WALKING:41;WALKING_DOWNSTAIRS:2;WALKING_UPSTAIRS:21,0:180,"{""0"": ""STANDING""}",0.32137746963044955,0.6791994171717621,0.6285675260876834,0.9162524931997263
UCIHARWindowSignals,3,auto_k3_min_0.16,STCG-v1 Weighted Ridge,100.0,0.01,4.0,1.0,3,True,0.16,False,0.08493891575041479,0.04711361607098612,180,6,1,0.0,0.26666666666666666,0.40194444444444444,LAYING:43;SITTING:25;STANDING:48;WALKING:41;WALKING_DOWNSTAIRS:2;WALKING_UPSTAIRS:21,0:180,"{""0"": ""STANDING""}",0.32137746963044955,0.6791994171717621,0.6285675260876834,0.9162524931997263
UCIHARWindowSignals,3,forced_k3,Dense Ridge,30.0,,,,3,False,0.0,True,0.08493891575041479,0.04711361607098612,180,6,3,0.08565861978943465,0.35,0.40194444444444444,LAYING:43;SITTING:25;STANDING:48;WALKING:41;WALKING_DOWNSTAIRS:2;WALKING_UPSTAIRS:21,0:49;1:113;2:18,"{""0"": ""STANDING"", ""1"": ""LAYING"", ""2"": ""WALKING_UPSTAIRS""}",0.3228103533621915,0.6797916270352214,0.6287594191997212,0.9146757713502421
UCIHARWindowSignals,3,forced_k3,DynVAR-Lasso Weighted Ridge,30.0,0.01,4.0,1.0,3,False,0.0,True,0.08493891575041479,0.04711361607098612,180,6,3,0.08565861978943465,0.35,0.40194444444444444,LAYING:43;SITTING:25;STANDING:48;WALKING:41;WALKING_DOWNSTAIRS:2;WALKING_UPSTAIRS:21,0:49;1:113;2:18,"{""0"": ""STANDING"", ""1"": ""LAYING"", ""2"": ""WALKING_UPSTAIRS""}",0.32047097797356,0.6786703965069079,0.6276494479383902,0.9148400937660098
UCIHARWindowSignals,3,forced_k3,STCG-v1 Weighted Ridge,30.0,0.01,4.0,1.0,3,False,0.0,True,0.08493891575041479,0.04711361607098612,180,6,3,0.08565861978943465,0.35,0.40194444444444444,LAYING:43;SITTING:25;STANDING:48;WALKING:41;WALKING_DOWNSTAIRS:2;WALKING_UPSTAIRS:21,0:49;1:113;2:18,"{""0"": ""STANDING"", ""1"": ""LAYING"", ""2"": ""WALKING_UPSTAIRS""}",0.3216174818665002,0.6792968440911864,0.628216022745905,0.9149089380774656
UCIHARWindowSignals,3,forced_k3,Dense Ridge,100.0,,,,3,False,0.0,True,0.08493891575041479,0.04711361607098612,180,6,3,0.08565861978943465,0.35,0.40194444444444444,LAYING:43;SITTING:25;STANDING:48;WALKING:41;WALKING_DOWNSTAIRS:2;WALKING_UPSTAIRS:21,0:49;1:113;2:18,"{""0"": ""STANDING"", ""1"": ""LAYING"", ""2"": ""WALKING_UPSTAIRS""}",0.3248607761418505,0.6796550916006857,0.6293166483385894,0.9140601928068258
UCIHARWindowSignals,3,forced_k3,DynVAR-Lasso Weighted Ridge,100.0,0.01,4.0,1.0,3,False,0.0,True,0.08493891575041479,0.04711361607098612,180,6,3,0.08565861978943465,0.35,0.40194444444444444,LAYING:43;SITTING:25;STANDING:48;WALKING:41;WALKING_DOWNSTAIRS:2;WALKING_UPSTAIRS:21,0:49;1:113;2:18,"{""0"": ""STANDING"", ""1"": ""LAYING"", ""2"": ""WALKING_UPSTAIRS""}",0.32137746963044955,0.6791994171717621,0.6285675260876834,0.9162524931997263
UCIHARWindowSignals,3,forced_k3,STCG-v1 Weighted Ridge,100.0,0.01,4.0,1.0,3,False,0.0,True,0.08493891575041479,0.04711361607098612,180,6,3,0.08565861978943465,0.35,0.40194444444444444,LAYING:43;SITTING:25;STANDING:48;WALKING:41;WALKING_DOWNSTAIRS:2;WALKING_UPSTAIRS:21,0:49;1:113;2:18,"{""0"": ""STANDING"", ""1"": ""LAYING"", ""2"": ""WALKING_UPSTAIRS""}",0.32261425251169507,0.6792966505695094,0.6286756931486139,0.9154332593465324
UCIHARWindowSignals,3,auto_k4_min_0.00,Dense Ridge,30.0,,,,4,True,0.0,True,0.09716137919041729,0.00532367520149746,180,6,4,0.08291386033270423,0.3611111111111111,0.40194444444444444,LAYING:43;SITTING:25;STANDING:48;WALKING:41;WALKING_DOWNSTAIRS:2;WALKING_UPSTAIRS:21,0:3;1:128;2:7;3:42,"{""0"": ""WALKING_UPSTAIRS"", ""1"": ""LAYING"", ""2"": ""WALKING"", ""3"": ""STANDING""}",0.3228103533621915,0.6797916270352214,0.6287594191997212,0.9146757713502421
UCIHARWindowSignals,3,auto_k4_min_0.00,DynVAR-Lasso Weighted Ridge,30.0,0.01,4.0,1.0,4,True,0.0,True,0.09716137919041729,0.00532367520149746,180,6,4,0.08291386033270423,0.3611111111111111,0.40194444444444444,LAYING:43;SITTING:25;STANDING:48;WALKING:41;WALKING_DOWNSTAIRS:2;WALKING_UPSTAIRS:21,0:3;1:128;2:7;3:42,"{""0"": ""WALKING_UPSTAIRS"", ""1"": ""LAYING"", ""2"": ""WALKING"", ""3"": ""STANDING""}",0.32047097797356,0.6786703965069079,0.6276494479383902,0.9148400937660098
UCIHARWindowSignals,3,auto_k4_min_0.00,STCG-v1 Weighted Ridge,30.0,0.01,4.0,1.0,4,True,0.0,True,0.09716137919041729,0.00532367520149746,180,6,4,0.08291386033270423,0.3611111111111111,0.40194444444444444,LAYING:43;SITTING:25;STANDING:48;WALKING:41;WALKING_DOWNSTAIRS:2;WALKING_UPSTAIRS:21,0:3;1:128;2:7;3:42,"{""0"": ""WALKING_UPSTAIRS"", ""1"": ""LAYING"", ""2"": ""WALKING"", ""3"": ""STANDING""}",0.32063166474450966,0.6792299444097373,0.6280748601104089,0.9152940490718926
UCIHARWindowSignals,3,auto_k4_min_0.00,Dense Ridge,100.0,,,,4,True,0.0,True,0.09716137919041729,0.00532367520149746,180,6,4,0.08291386033270423,0.3611111111111111,0.40194444444444444,LAYING:43;SITTING:25;STANDING:48;WALKING:41;WALKING_DOWNSTAIRS:2;WALKING_UPSTAIRS:21,0:3;1:128;2:7;3:42,"{""0"": ""WALKING_UPSTAIRS"", ""1"": ""LAYING"", ""2"": ""WALKING"", ""3"": ""STANDING""}",0.3248607761418505,0.6796550916006857,0.6293166483385894,0.9140601928068258
UCIHARWindowSignals,3,auto_k4_min_0.00,DynVAR-Lasso Weighted Ridge,100.0,0.01,4.0,1.0,4,True,0.0,True,0.09716137919041729,0.00532367520149746,180,6,4,0.08291386033270423,0.3611111111111111,0.40194444444444444,LAYING:43;SITTING:25;STANDING:48;WALKING:41;WALKING_DOWNSTAIRS:2;WALKING_UPSTAIRS:21,0:3;1:128;2:7;3:42,"{""0"": ""WALKING_UPSTAIRS"", ""1"": ""LAYING"", ""2"": ""WALKING"", ""3"": ""STANDING""}",0.32137746963044955,0.6791994171717621,0.6285675260876834,0.9162524931997263
UCIHARWindowSignals,3,auto_k4_min_0.00,STCG-v1 Weighted Ridge,100.0,0.01,4.0,1.0,4,True,0.0,True,0.09716137919041729,0.00532367520149746,180,6,4,0.08291386033270423,0.3611111111111111,0.40194444444444444,LAYING:43;SITTING:25;STANDING:48;WALKING:41;WALKING_DOWNSTAIRS:2;WALKING_UPSTAIRS:21,0:3;1:128;2:7;3:42,"{""0"": ""WALKING_UPSTAIRS"", ""1"": ""LAYING"", ""2"": ""WALKING"", ""3"": ""STANDING""}",0.32133791678630347,0.6798859785849716,0.6290134911940239,0.91704125153622
UCIHARWindowSignals,3,auto_k4_min_0.04,Dense Ridge,30.0,,,,4,True,0.04,True,0.09716137919041729,0.00532367520149746,180,6,4,0.08291386033270423,0.3611111111111111,0.40194444444444444,LAYING:43;SITTING:25;STANDING:48;WALKING:41;WALKING_DOWNSTAIRS:2;WALKING_UPSTAIRS:21,0:3;1:128;2:7;3:42,"{""0"": ""WALKING_UPSTAIRS"", ""1"": ""LAYING"", ""2"": ""WALKING"", ""3"": ""STANDING""}",0.3228103533621915,0.6797916270352214,0.6287594191997212,0.9146757713502421
UCIHARWindowSignals,3,auto_k4_min_0.04,DynVAR-Lasso Weighted Ridge,30.0,0.01,4.0,1.0,4,True,0.04,True,0.09716137919041729,0.00532367520149746,180,6,4,0.08291386033270423,0.3611111111111111,0.40194444444444444,LAYING:43;SITTING:25;STANDING:48;WALKING:41;WALKING_DOWNSTAIRS:2;WALKING_UPSTAIRS:21,0:3;1:128;2:7;3:42,"{""0"": ""WALKING_UPSTAIRS"", ""1"": ""LAYING"", ""2"": ""WALKING"", ""3"": ""STANDING""}",0.32047097797356,0.6786703965069079,0.6276494479383902,0.9148400937660098
UCIHARWindowSignals,3,auto_k4_min_0.04,STCG-v1 Weighted Ridge,30.0,0.01,4.0,1.0,4,True,0.04,True,0.09716137919041729,0.00532367520149746,180,6,4,0.08291386033270423,0.3611111111111111,0.40194444444444444,LAYING:43;SITTING:25;STANDING:48;WALKING:41;WALKING_DOWNSTAIRS:2;WALKING_UPSTAIRS:21,0:3;1:128;2:7;3:42,"{""0"": ""WALKING_UPSTAIRS"", ""1"": ""LAYING"", ""2"": ""WALKING"", ""3"": ""STANDING""}",0.32063166474450966,0.6792299444097373,0.6280748601104089,0.9152940490718926
UCIHARWindowSignals,3,auto_k4_min_0.04,Dense Ridge,100.0,,,,4,True,0.04,True,0.09716137919041729,0.00532367520149746,180,6,4,0.08291386033270423,0.3611111111111111,0.40194444444444444,LAYING:43;SITTING:25;STANDING:48;WALKING:41;WALKING_DOWNSTAIRS:2;WALKING_UPSTAIRS:21,0:3;1:128;2:7;3:42,"{""0"": ""WALKING_UPSTAIRS"", ""1"": ""LAYING"", ""2"": ""WALKING"", ""3"": ""STANDING""}",0.3248607761418505,0.6796550916006857,0.6293166483385894,0.9140601928068258
UCIHARWindowSignals,3,auto_k4_min_0.04,DynVAR-Lasso Weighted Ridge,100.0,0.01,4.0,1.0,4,True,0.04,True,0.09716137919041729,0.00532367520149746,180,6,4,0.08291386033270423,0.3611111111111111,0.40194444444444444,LAYING:43;SITTING:25;STANDING:48;WALKING:41;WALKING_DOWNSTAIRS:2;WALKING_UPSTAIRS:21,0:3;1:128;2:7;3:42,"{""0"": ""WALKING_UPSTAIRS"", ""1"": ""LAYING"", ""2"": ""WALKING"", ""3"": ""STANDING""}",0.32137746963044955,0.6791994171717621,0.6285675260876834,0.9162524931997263
UCIHARWindowSignals,3,auto_k4_min_0.04,STCG-v1 Weighted Ridge,100.0,0.01,4.0,1.0,4,True,0.04,True,0.09716137919041729,0.00532367520149746,180,6,4,0.08291386033270423,0.3611111111111111,0.40194444444444444,LAYING:43;SITTING:25;STANDING:48;WALKING:41;WALKING_DOWNSTAIRS:2;WALKING_UPSTAIRS:21,0:3;1:128;2:7;3:42,"{""0"": ""WALKING_UPSTAIRS"", ""1"": ""LAYING"", ""2"": ""WALKING"", ""3"": ""STANDING""}",0.32133791678630347,0.6798859785849716,0.6290134911940239,0.91704125153622
UCIHARWindowSignals,3,auto_k4_min_0.08,Dense Ridge,30.0,,,,4,True,0.08,True,0.09716137919041729,0.00532367520149746,180,6,4,0.08291386033270423,0.3611111111111111,0.40194444444444444,LAYING:43;SITTING:25;STANDING:48;WALKING:41;WALKING_DOWNSTAIRS:2;WALKING_UPSTAIRS:21,0:3;1:128;2:7;3:42,"{""0"": ""WALKING_UPSTAIRS"", ""1"": ""LAYING"", ""2"": ""WALKING"", ""3"": ""STANDING""}",0.3228103533621915,0.6797916270352214,0.6287594191997212,0.9146757713502421
UCIHARWindowSignals,3,auto_k4_min_0.08,DynVAR-Lasso Weighted Ridge,30.0,0.01,4.0,1.0,4,True,0.08,True,0.09716137919041729,0.00532367520149746,180,6,4,0.08291386033270423,0.3611111111111111,0.40194444444444444,LAYING:43;SITTING:25;STANDING:48;WALKING:41;WALKING_DOWNSTAIRS:2;WALKING_UPSTAIRS:21,0:3;1:128;2:7;3:42,"{""0"": ""WALKING_UPSTAIRS"", ""1"": ""LAYING"", ""2"": ""WALKING"", ""3"": ""STANDING""}",0.32047097797356,0.6786703965069079,0.6276494479383902,0.9148400937660098
UCIHARWindowSignals,3,auto_k4_min_0.08,STCG-v1 Weighted Ridge,30.0,0.01,4.0,1.0,4,True,0.08,True,0.09716137919041729,0.00532367520149746,180,6,4,0.08291386033270423,0.3611111111111111,0.40194444444444444,LAYING:43;SITTING:25;STANDING:48;WALKING:41;WALKING_DOWNSTAIRS:2;WALKING_UPSTAIRS:21,0:3;1:128;2:7;3:42,"{""0"": ""WALKING_UPSTAIRS"", ""1"": ""LAYING"", ""2"": ""WALKING"", ""3"": ""STANDING""}",0.32063166474450966,0.6792299444097373,0.6280748601104089,0.9152940490718926
UCIHARWindowSignals,3,auto_k4_min_0.08,Dense Ridge,100.0,,,,4,True,0.08,True,0.09716137919041729,0.00532367520149746,180,6,4,0.08291386033270423,0.3611111111111111,0.40194444444444444,LAYING:43;SITTING:25;STANDING:48;WALKING:41;WALKING_DOWNSTAIRS:2;WALKING_UPSTAIRS:21,0:3;1:128;2:7;3:42,"{""0"": ""WALKING_UPSTAIRS"", ""1"": ""LAYING"", ""2"": ""WALKING"", ""3"": ""STANDING""}",0.3248607761418505,0.6796550916006857,0.6293166483385894,0.9140601928068258
UCIHARWindowSignals,3,auto_k4_min_0.08,DynVAR-Lasso Weighted Ridge,100.0,0.01,4.0,1.0,4,True,0.08,True,0.09716137919041729,0.00532367520149746,180,6,4,0.08291386033270423,0.3611111111111111,0.40194444444444444,LAYING:43;SITTING:25;STANDING:48;WALKING:41;WALKING_DOWNSTAIRS:2;WALKING_UPSTAIRS:21,0:3;1:128;2:7;3:42,"{""0"": ""WALKING_UPSTAIRS"", ""1"": ""LAYING"", ""2"": ""WALKING"", ""3"": ""STANDING""}",0.32137746963044955,0.6791994171717621,0.6285675260876834,0.9162524931997263
UCIHARWindowSignals,3,auto_k4_min_0.08,STCG-v1 Weighted Ridge,100.0,0.01,4.0,1.0,4,True,0.08,True,0.09716137919041729,0.00532367520149746,180,6,4,0.08291386033270423,0.3611111111111111,0.40194444444444444,LAYING:43;SITTING:25;STANDING:48;WALKING:41;WALKING_DOWNSTAIRS:2;WALKING_UPSTAIRS:21,0:3;1:128;2:7;3:42,"{""0"": ""WALKING_UPSTAIRS"", ""1"": ""LAYING"", ""2"": ""WALKING"", ""3"": ""STANDING""}",0.32133791678630347,0.6798859785849716,0.6290134911940239,0.91704125153622
UCIHARWindowSignals,3,auto_k4_min_0.12,Dense Ridge,30.0,,,,4,True,0.12,False,0.09716137919041729,0.00532367520149746,180,6,1,0.0,0.26666666666666666,0.40194444444444444,LAYING:43;SITTING:25;STANDING:48;WALKING:41;WALKING_DOWNSTAIRS:2;WALKING_UPSTAIRS:21,0:180,"{""0"": ""STANDING""}",0.3228103533621915,0.6797916270352214,0.6287594191997212,0.9146757713502421
UCIHARWindowSignals,3,auto_k4_min_0.12,DynVAR-Lasso Weighted Ridge,30.0,0.01,4.0,1.0,4,True,0.12,False,0.09716137919041729,0.00532367520149746,180,6,1,0.0,0.26666666666666666,0.40194444444444444,LAYING:43;SITTING:25;STANDING:48;WALKING:41;WALKING_DOWNSTAIRS:2;WALKING_UPSTAIRS:21,0:180,"{""0"": ""STANDING""}",0.32047097797356,0.6786703965069079,0.6276494479383902,0.9148400937660098
UCIHARWindowSignals,3,auto_k4_min_0.12,STCG-v1 Weighted Ridge,30.0,0.01,4.0,1.0,4,True,0.12,False,0.09716137919041729,0.00532367520149746,180,6,1,0.0,0.26666666666666666,0.40194444444444444,LAYING:43;SITTING:25;STANDING:48;WALKING:41;WALKING_DOWNSTAIRS:2;WALKING_UPSTAIRS:21,0:180,"{""0"": ""STANDING""}",0.32047097797356,0.6786703965069079,0.6276494479383902,0.9148400937660098
UCIHARWindowSignals,3,auto_k4_min_0.12,Dense Ridge,100.0,,,,4,True,0.12,False,0.09716137919041729,0.00532367520149746,180,6,1,0.0,0.26666666666666666,0.40194444444444444,LAYING:43;SITTING:25;STANDING:48;WALKING:41;WALKING_DOWNSTAIRS:2;WALKING_UPSTAIRS:21,0:180,"{""0"": ""STANDING""}",0.3248607761418505,0.6796550916006857,0.6293166483385894,0.9140601928068258
UCIHARWindowSignals,3,auto_k4_min_0.12,DynVAR-Lasso Weighted Ridge,100.0,0.01,4.0,1.0,4,True,0.12,False,0.09716137919041729,0.00532367520149746,180,6,1,0.0,0.26666666666666666,0.40194444444444444,LAYING:43;SITTING:25;STANDING:48;WALKING:41;WALKING_DOWNSTAIRS:2;WALKING_UPSTAIRS:21,0:180,"{""0"": ""STANDING""}",0.32137746963044955,0.6791994171717621,0.6285675260876834,0.9162524931997263
UCIHARWindowSignals,3,auto_k4_min_0.12,STCG-v1 Weighted Ridge,100.0,0.01,4.0,1.0,4,True,0.12,False,0.09716137919041729,0.00532367520149746,180,6,1,0.0,0.26666666666666666,0.40194444444444444,LAYING:43;SITTING:25;STANDING:48;WALKING:41;WALKING_DOWNSTAIRS:2;WALKING_UPSTAIRS:21,0:180,"{""0"": ""STANDING""}",0.32137746963044955,0.6791994171717621,0.6285675260876834,0.9162524931997263
UCIHARWindowSignals,3,auto_k4_min_0.16,Dense Ridge,30.0,,,,4,True,0.16,False,0.09716137919041729,0.00532367520149746,180,6,1,0.0,0.26666666666666666,0.40194444444444444,LAYING:43;SITTING:25;STANDING:48;WALKING:41;WALKING_DOWNSTAIRS:2;WALKING_UPSTAIRS:21,0:180,"{""0"": ""STANDING""}",0.3228103533621915,0.6797916270352214,0.6287594191997212,0.9146757713502421
UCIHARWindowSignals,3,auto_k4_min_0.16,DynVAR-Lasso Weighted Ridge,30.0,0.01,4.0,1.0,4,True,0.16,False,0.09716137919041729,0.00532367520149746,180,6,1,0.0,0.26666666666666666,0.40194444444444444,LAYING:43;SITTING:25;STANDING:48;WALKING:41;WALKING_DOWNSTAIRS:2;WALKING_UPSTAIRS:21,0:180,"{""0"": ""STANDING""}",0.32047097797356,0.6786703965069079,0.6276494479383902,0.9148400937660098
UCIHARWindowSignals,3,auto_k4_min_0.16,STCG-v1 Weighted Ridge,30.0,0.01,4.0,1.0,4,True,0.16,False,0.09716137919041729,0.00532367520149746,180,6,1,0.0,0.26666666666666666,0.40194444444444444,LAYING:43;SITTING:25;STANDING:48;WALKING:41;WALKING_DOWNSTAIRS:2;WALKING_UPSTAIRS:21,0:180,"{""0"": ""STANDING""}",0.32047097797356,0.6786703965069079,0.6276494479383902,0.9148400937660098
UCIHARWindowSignals,3,auto_k4_min_0.16,Dense Ridge,100.0,,,,4,True,0.16,False,0.09716137919041729,0.00532367520149746,180,6,1,0.0,0.26666666666666666,0.40194444444444444,LAYING:43;SITTING:25;STANDING:48;WALKING:41;WALKING_DOWNSTAIRS:2;WALKING_UPSTAIRS:21,0:180,"{""0"": ""STANDING""}",0.3248607761418505,0.6796550916006857,0.6293166483385894,0.9140601928068258
UCIHARWindowSignals,3,auto_k4_min_0.16,DynVAR-Lasso Weighted Ridge,100.0,0.01,4.0,1.0,4,True,0.16,False,0.09716137919041729,0.00532367520149746,180,6,1,0.0,0.26666666666666666,0.40194444444444444,LAYING:43;SITTING:25;STANDING:48;WALKING:41;WALKING_DOWNSTAIRS:2;WALKING_UPSTAIRS:21,0:180,"{""0"": ""STANDING""}",0.32137746963044955,0.6791994171717621,0.6285675260876834,0.9162524931997263
UCIHARWindowSignals,3,auto_k4_min_0.16,STCG-v1 Weighted Ridge,100.0,0.01,4.0,1.0,4,True,0.16,False,0.09716137919041729,0.00532367520149746,180,6,1,0.0,0.26666666666666666,0.40194444444444444,LAYING:43;SITTING:25;STANDING:48;WALKING:41;WALKING_DOWNSTAIRS:2;WALKING_UPSTAIRS:21,0:180,"{""0"": ""STANDING""}",0.32137746963044955,0.6791994171717621,0.6285675260876834,0.9162524931997263
UCIHARWindowSignals,3,forced_k4,Dense Ridge,30.0,,,,4,False,0.0,True,0.09716137919041729,0.00532367520149746,180,6,4,0.08291386033270423,0.3611111111111111,0.40194444444444444,LAYING:43;SITTING:25;STANDING:48;WALKING:41;WALKING_DOWNSTAIRS:2;WALKING_UPSTAIRS:21,0:3;1:128;2:7;3:42,"{""0"": ""WALKING_UPSTAIRS"", ""1"": ""LAYING"", ""2"": ""WALKING"", ""3"": ""STANDING""}",0.3228103533621915,0.6797916270352214,0.6287594191997212,0.9146757713502421
UCIHARWindowSignals,3,forced_k4,DynVAR-Lasso Weighted Ridge,30.0,0.01,4.0,1.0,4,False,0.0,True,0.09716137919041729,0.00532367520149746,180,6,4,0.08291386033270423,0.3611111111111111,0.40194444444444444,LAYING:43;SITTING:25;STANDING:48;WALKING:41;WALKING_DOWNSTAIRS:2;WALKING_UPSTAIRS:21,0:3;1:128;2:7;3:42,"{""0"": ""WALKING_UPSTAIRS"", ""1"": ""LAYING"", ""2"": ""WALKING"", ""3"": ""STANDING""}",0.32047097797356,0.6786703965069079,0.6276494479383902,0.9148400937660098
UCIHARWindowSignals,3,forced_k4,STCG-v1 Weighted Ridge,30.0,0.01,4.0,1.0,4,False,0.0,True,0.09716137919041729,0.00532367520149746,180,6,4,0.08291386033270423,0.3611111111111111,0.40194444444444444,LAYING:43;SITTING:25;STANDING:48;WALKING:41;WALKING_DOWNSTAIRS:2;WALKING_UPSTAIRS:21,0:3;1:128;2:7;3:42,"{""0"": ""WALKING_UPSTAIRS"", ""1"": ""LAYING"", ""2"": ""WALKING"", ""3"": ""STANDING""}",0.32063166474450966,0.6792299444097373,0.6280748601104089,0.9152940490718926
UCIHARWindowSignals,3,forced_k4,Dense Ridge,100.0,,,,4,False,0.0,True,0.09716137919041729,0.00532367520149746,180,6,4,0.08291386033270423,0.3611111111111111,0.40194444444444444,LAYING:43;SITTING:25;STANDING:48;WALKING:41;WALKING_DOWNSTAIRS:2;WALKING_UPSTAIRS:21,0:3;1:128;2:7;3:42,"{""0"": ""WALKING_UPSTAIRS"", ""1"": ""LAYING"", ""2"": ""WALKING"", ""3"": ""STANDING""}",0.3248607761418505,0.6796550916006857,0.6293166483385894,0.9140601928068258
UCIHARWindowSignals,3,forced_k4,DynVAR-Lasso Weighted Ridge,100.0,0.01,4.0,1.0,4,False,0.0,True,0.09716137919041729,0.00532367520149746,180,6,4,0.08291386033270423,0.3611111111111111,0.40194444444444444,LAYING:43;SITTING:25;STANDING:48;WALKING:41;WALKING_DOWNSTAIRS:2;WALKING_UPSTAIRS:21,0:3;1:128;2:7;3:42,"{""0"": ""WALKING_UPSTAIRS"", ""1"": ""LAYING"", ""2"": ""WALKING"", ""3"": ""STANDING""}",0.32137746963044955,0.6791994171717621,0.6285675260876834,0.9162524931997263
UCIHARWindowSignals,3,forced_k4,STCG-v1 Weighted Ridge,100.0,0.01,4.0,1.0,4,False,0.0,True,0.09716137919041729,0.00532367520149746,180,6,4,0.08291386033270423,0.3611111111111111,0.40194444444444444,LAYING:43;SITTING:25;STANDING:48;WALKING:41;WALKING_DOWNSTAIRS:2;WALKING_UPSTAIRS:21,0:3;1:128;2:7;3:42,"{""0"": ""WALKING_UPSTAIRS"", ""1"": ""LAYING"", ""2"": ""WALKING"", ""3"": ""STANDING""}",0.32133791678630347,0.6798859785849716,0.6290134911940239,0.91704125153622
UCIHARWindowSignals,4,auto_k2_min_0.00,Dense Ridge,30.0,,,,2,True,0.0,True,0.06669806522458552,0.0,180,6,2,0.08358169171124002,0.34444444444444444,0.40194444444444444,LAYING:43;SITTING:25;STANDING:48;WALKING:41;WALKING_DOWNSTAIRS:2;WALKING_UPSTAIRS:21,0:50;1:130,"{""0"": ""STANDING"", ""1"": ""LAYING""}",0.3228103533621915,0.6797916270352214,0.6287594191997212,0.9146757713502421
UCIHARWindowSignals,4,auto_k2_min_0.00,DynVAR-Lasso Weighted Ridge,30.0,0.01,4.0,1.0,2,True,0.0,True,0.06669806522458552,0.0,180,6,2,0.08358169171124002,0.34444444444444444,0.40194444444444444,LAYING:43;SITTING:25;STANDING:48;WALKING:41;WALKING_DOWNSTAIRS:2;WALKING_UPSTAIRS:21,0:50;1:130,"{""0"": ""STANDING"", ""1"": ""LAYING""}",0.32047097797356,0.6786703965069079,0.6276494479383902,0.9148400937660098
UCIHARWindowSignals,4,auto_k2_min_0.00,STCG-v1 Weighted Ridge,30.0,0.01,4.0,1.0,2,True,0.0,True,0.06669806522458552,0.0,180,6,2,0.08358169171124002,0.34444444444444444,0.40194444444444444,LAYING:43;SITTING:25;STANDING:48;WALKING:41;WALKING_DOWNSTAIRS:2;WALKING_UPSTAIRS:21,0:50;1:130,"{""0"": ""STANDING"", ""1"": ""LAYING""}",0.3220439517074767,0.6793481538053097,0.6282866503497465,0.9146058578101445
UCIHARWindowSignals,4,auto_k2_min_0.00,Dense Ridge,100.0,,,,2,True,0.0,True,0.06669806522458552,0.0,180,6,2,0.08358169171124002,0.34444444444444444,0.40194444444444444,LAYING:43;SITTING:25;STANDING:48;WALKING:41;WALKING_DOWNSTAIRS:2;WALKING_UPSTAIRS:21,0:50;1:130,"{""0"": ""STANDING"", ""1"": ""LAYING""}",0.3248607761418505,0.6796550916006857,0.6293166483385894,0.9140601928068258
UCIHARWindowSignals,4,auto_k2_min_0.00,DynVAR-Lasso Weighted Ridge,100.0,0.01,4.0,1.0,2,True,0.0,True,0.06669806522458552,0.0,180,6,2,0.08358169171124002,0.34444444444444444,0.40194444444444444,LAYING:43;SITTING:25;STANDING:48;WALKING:41;WALKING_DOWNSTAIRS:2;WALKING_UPSTAIRS:21,0:50;1:130,"{""0"": ""STANDING"", ""1"": ""LAYING""}",0.32137746963044955,0.6791994171717621,0.6285675260876834,0.9162524931997263
UCIHARWindowSignals,4,auto_k2_min_0.00,STCG-v1 Weighted Ridge,100.0,0.01,4.0,1.0,2,True,0.0,True,0.06669806522458552,0.0,180,6,2,0.08358169171124002,0.34444444444444444,0.40194444444444444,LAYING:43;SITTING:25;STANDING:48;WALKING:41;WALKING_DOWNSTAIRS:2;WALKING_UPSTAIRS:21,0:50;1:130,"{""0"": ""STANDING"", ""1"": ""LAYING""}",0.3233695985913596,0.6790355173629278,0.6285012327053153,0.9144105342656524
UCIHARWindowSignals,4,auto_k2_min_0.04,Dense Ridge,30.0,,,,2,True,0.04,True,0.06669806522458552,0.0,180,6,2,0.08358169171124002,0.34444444444444444,0.40194444444444444,LAYING:43;SITTING:25;STANDING:48;WALKING:41;WALKING_DOWNSTAIRS:2;WALKING_UPSTAIRS:21,0:50;1:130,"{""0"": ""STANDING"", ""1"": ""LAYING""}",0.3228103533621915,0.6797916270352214,0.6287594191997212,0.9146757713502421
UCIHARWindowSignals,4,auto_k2_min_0.04,DynVAR-Lasso Weighted Ridge,30.0,0.01,4.0,1.0,2,True,0.04,True,0.06669806522458552,0.0,180,6,2,0.08358169171124002,0.34444444444444444,0.40194444444444444,LAYING:43;SITTING:25;STANDING:48;WALKING:41;WALKING_DOWNSTAIRS:2;WALKING_UPSTAIRS:21,0:50;1:130,"{""0"": ""STANDING"", ""1"": ""LAYING""}",0.32047097797356,0.6786703965069079,0.6276494479383902,0.9148400937660098
UCIHARWindowSignals,4,auto_k2_min_0.04,STCG-v1 Weighted Ridge,30.0,0.01,4.0,1.0,2,True,0.04,True,0.06669806522458552,0.0,180,6,2,0.08358169171124002,0.34444444444444444,0.40194444444444444,LAYING:43;SITTING:25;STANDING:48;WALKING:41;WALKING_DOWNSTAIRS:2;WALKING_UPSTAIRS:21,0:50;1:130,"{""0"": ""STANDING"", ""1"": ""LAYING""}",0.3220439517074767,0.6793481538053097,0.6282866503497465,0.9146058578101445
UCIHARWindowSignals,4,auto_k2_min_0.04,Dense Ridge,100.0,,,,2,True,0.04,True,0.06669806522458552,0.0,180,6,2,0.08358169171124002,0.34444444444444444,0.40194444444444444,LAYING:43;SITTING:25;STANDING:48;WALKING:41;WALKING_DOWNSTAIRS:2;WALKING_UPSTAIRS:21,0:50;1:130,"{""0"": ""STANDING"", ""1"": ""LAYING""}",0.3248607761418505,0.6796550916006857,0.6293166483385894,0.9140601928068258
UCIHARWindowSignals,4,auto_k2_min_0.04,DynVAR-Lasso Weighted Ridge,100.0,0.01,4.0,1.0,2,True,0.04,True,0.06669806522458552,0.0,180,6,2,0.08358169171124002,0.34444444444444444,0.40194444444444444,LAYING:43;SITTING:25;STANDING:48;WALKING:41;WALKING_DOWNSTAIRS:2;WALKING_UPSTAIRS:21,0:50;1:130,"{""0"": ""STANDING"", ""1"": ""LAYING""}",0.32137746963044955,0.6791994171717621,0.6285675260876834,0.9162524931997263
UCIHARWindowSignals,4,auto_k2_min_0.04,STCG-v1 Weighted Ridge,100.0,0.01,4.0,1.0,2,True,0.04,True,0.06669806522458552,0.0,180,6,2,0.08358169171124002,0.34444444444444444,0.40194444444444444,LAYING:43;SITTING:25;STANDING:48;WALKING:41;WALKING_DOWNSTAIRS:2;WALKING_UPSTAIRS:21,0:50;1:130,"{""0"": ""STANDING"", ""1"": ""LAYING""}",0.3233695985913596,0.6790355173629278,0.6285012327053153,0.9144105342656524
UCIHARWindowSignals,4,auto_k2_min_0.08,Dense Ridge,30.0,,,,2,True,0.08,False,0.06669806522458552,0.0,180,6,1,0.0,0.26666666666666666,0.40194444444444444,LAYING:43;SITTING:25;STANDING:48;WALKING:41;WALKING_DOWNSTAIRS:2;WALKING_UPSTAIRS:21,0:180,"{""0"": ""STANDING""}",0.3228103533621915,0.6797916270352214,0.6287594191997212,0.9146757713502421
UCIHARWindowSignals,4,auto_k2_min_0.08,DynVAR-Lasso Weighted Ridge,30.0,0.01,4.0,1.0,2,True,0.08,False,0.06669806522458552,0.0,180,6,1,0.0,0.26666666666666666,0.40194444444444444,LAYING:43;SITTING:25;STANDING:48;WALKING:41;WALKING_DOWNSTAIRS:2;WALKING_UPSTAIRS:21,0:180,"{""0"": ""STANDING""}",0.32047097797356,0.6786703965069079,0.6276494479383902,0.9148400937660098
UCIHARWindowSignals,4,auto_k2_min_0.08,STCG-v1 Weighted Ridge,30.0,0.01,4.0,1.0,2,True,0.08,False,0.06669806522458552,0.0,180,6,1,0.0,0.26666666666666666,0.40194444444444444,LAYING:43;SITTING:25;STANDING:48;WALKING:41;WALKING_DOWNSTAIRS:2;WALKING_UPSTAIRS:21,0:180,"{""0"": ""STANDING""}",0.32047097797356,0.6786703965069079,0.6276494479383902,0.9148400937660098
UCIHARWindowSignals,4,auto_k2_min_0.08,Dense Ridge,100.0,,,,2,True,0.08,False,0.06669806522458552,0.0,180,6,1,0.0,0.26666666666666666,0.40194444444444444,LAYING:43;SITTING:25;STANDING:48;WALKING:41;WALKING_DOWNSTAIRS:2;WALKING_UPSTAIRS:21,0:180,"{""0"": ""STANDING""}",0.3248607761418505,0.6796550916006857,0.6293166483385894,0.9140601928068258
UCIHARWindowSignals,4,auto_k2_min_0.08,DynVAR-Lasso Weighted Ridge,100.0,0.01,4.0,1.0,2,True,0.08,False,0.06669806522458552,0.0,180,6,1,0.0,0.26666666666666666,0.40194444444444444,LAYING:43;SITTING:25;STANDING:48;WALKING:41;WALKING_DOWNSTAIRS:2;WALKING_UPSTAIRS:21,0:180,"{""0"": ""STANDING""}",0.32137746963044955,0.6791994171717621,0.6285675260876834,0.9162524931997263
UCIHARWindowSignals,4,auto_k2_min_0.08,STCG-v1 Weighted Ridge,100.0,0.01,4.0,1.0,2,True,0.08,False,0.06669806522458552,0.0,180,6,1,0.0,0.26666666666666666,0.40194444444444444,LAYING:43;SITTING:25;STANDING:48;WALKING:41;WALKING_DOWNSTAIRS:2;WALKING_UPSTAIRS:21,0:180,"{""0"": ""STANDING""}",0.32137746963044955,0.6791994171717621,0.6285675260876834,0.9162524931997263
UCIHARWindowSignals,4,auto_k2_min_0.12,Dense Ridge,30.0,,,,2,True,0.12,False,0.06669806522458552,0.0,180,6,1,0.0,0.26666666666666666,0.40194444444444444,LAYING:43;SITTING:25;STANDING:48;WALKING:41;WALKING_DOWNSTAIRS:2;WALKING_UPSTAIRS:21,0:180,"{""0"": ""STANDING""}",0.3228103533621915,0.6797916270352214,0.6287594191997212,0.9146757713502421
UCIHARWindowSignals,4,auto_k2_min_0.12,DynVAR-Lasso Weighted Ridge,30.0,0.01,4.0,1.0,2,True,0.12,False,0.06669806522458552,0.0,180,6,1,0.0,0.26666666666666666,0.40194444444444444,LAYING:43;SITTING:25;STANDING:48;WALKING:41;WALKING_DOWNSTAIRS:2;WALKING_UPSTAIRS:21,0:180,"{""0"": ""STANDING""}",0.32047097797356,0.6786703965069079,0.6276494479383902,0.9148400937660098
UCIHARWindowSignals,4,auto_k2_min_0.12,STCG-v1 Weighted Ridge,30.0,0.01,4.0,1.0,2,True,0.12,False,0.06669806522458552,0.0,180,6,1,0.0,0.26666666666666666,0.40194444444444444,LAYING:43;SITTING:25;STANDING:48;WALKING:41;WALKING_DOWNSTAIRS:2;WALKING_UPSTAIRS:21,0:180,"{""0"": ""STANDING""}",0.32047097797356,0.6786703965069079,0.6276494479383902,0.9148400937660098
UCIHARWindowSignals,4,auto_k2_min_0.12,Dense Ridge,100.0,,,,2,True,0.12,False,0.06669806522458552,0.0,180,6,1,0.0,0.26666666666666666,0.40194444444444444,LAYING:43;SITTING:25;STANDING:48;WALKING:41;WALKING_DOWNSTAIRS:2;WALKING_UPSTAIRS:21,0:180,"{""0"": ""STANDING""}",0.3248607761418505,0.6796550916006857,0.6293166483385894,0.9140601928068258
UCIHARWindowSignals,4,auto_k2_min_0.12,DynVAR-Lasso Weighted Ridge,100.0,0.01,4.0,1.0,2,True,0.12,False,0.06669806522458552,0.0,180,6,1,0.0,0.26666666666666666,0.40194444444444444,LAYING:43;SITTING:25;STANDING:48;WALKING:41;WALKING_DOWNSTAIRS:2;WALKING_UPSTAIRS:21,0:180,"{""0"": ""STANDING""}",0.32137746963044955,0.6791994171717621,0.6285675260876834,0.9162524931997263
UCIHARWindowSignals,4,auto_k2_min_0.12,STCG-v1 Weighted Ridge,100.0,0.01,4.0,1.0,2,True,0.12,False,0.06669806522458552,0.0,180,6,1,0.0,0.26666666666666666,0.40194444444444444,LAYING:43;SITTING:25;STANDING:48;WALKING:41;WALKING_DOWNSTAIRS:2;WALKING_UPSTAIRS:21,0:180,"{""0"": ""STANDING""}",0.32137746963044955,0.6791994171717621,0.6285675260876834,0.9162524931997263
UCIHARWindowSignals,4,auto_k2_min_0.16,Dense Ridge,30.0,,,,2,True,0.16,False,0.06669806522458552,0.0,180,6,1,0.0,0.26666666666666666,0.40194444444444444,LAYING:43;SITTING:25;STANDING:48;WALKING:41;WALKING_DOWNSTAIRS:2;WALKING_UPSTAIRS:21,0:180,"{""0"": ""STANDING""}",0.3228103533621915,0.6797916270352214,0.6287594191997212,0.9146757713502421
UCIHARWindowSignals,4,auto_k2_min_0.16,DynVAR-Lasso Weighted Ridge,30.0,0.01,4.0,1.0,2,True,0.16,False,0.06669806522458552,0.0,180,6,1,0.0,0.26666666666666666,0.40194444444444444,LAYING:43;SITTING:25;STANDING:48;WALKING:41;WALKING_DOWNSTAIRS:2;WALKING_UPSTAIRS:21,0:180,"{""0"": ""STANDING""}",0.32047097797356,0.6786703965069079,0.6276494479383902,0.9148400937660098
UCIHARWindowSignals,4,auto_k2_min_0.16,STCG-v1 Weighted Ridge,30.0,0.01,4.0,1.0,2,True,0.16,False,0.06669806522458552,0.0,180,6,1,0.0,0.26666666666666666,0.40194444444444444,LAYING:43;SITTING:25;STANDING:48;WALKING:41;WALKING_DOWNSTAIRS:2;WALKING_UPSTAIRS:21,0:180,"{""0"": ""STANDING""}",0.32047097797356,0.6786703965069079,0.6276494479383902,0.9148400937660098
UCIHARWindowSignals,4,auto_k2_min_0.16,Dense Ridge,100.0,,,,2,True,0.16,False,0.06669806522458552,0.0,180,6,1,0.0,0.26666666666666666,0.40194444444444444,LAYING:43;SITTING:25;STANDING:48;WALKING:41;WALKING_DOWNSTAIRS:2;WALKING_UPSTAIRS:21,0:180,"{""0"": ""STANDING""}",0.3248607761418505,0.6796550916006857,0.6293166483385894,0.9140601928068258
UCIHARWindowSignals,4,auto_k2_min_0.16,DynVAR-Lasso Weighted Ridge,100.0,0.01,4.0,1.0,2,True,0.16,False,0.06669806522458552,0.0,180,6,1,0.0,0.26666666666666666,0.40194444444444444,LAYING:43;SITTING:25;STANDING:48;WALKING:41;WALKING_DOWNSTAIRS:2;WALKING_UPSTAIRS:21,0:180,"{""0"": ""STANDING""}",0.32137746963044955,0.6791994171717621,0.6285675260876834,0.9162524931997263
UCIHARWindowSignals,4,auto_k2_min_0.16,STCG-v1 Weighted Ridge,100.0,0.01,4.0,1.0,2,True,0.16,False,0.06669806522458552,0.0,180,6,1,0.0,0.26666666666666666,0.40194444444444444,LAYING:43;SITTING:25;STANDING:48;WALKING:41;WALKING_DOWNSTAIRS:2;WALKING_UPSTAIRS:21,0:180,"{""0"": ""STANDING""}",0.32137746963044955,0.6791994171717621,0.6285675260876834,0.9162524931997263
UCIHARWindowSignals,4,forced_k2,Dense Ridge,30.0,,,,2,False,0.0,True,0.06669806522458552,0.0,180,6,2,0.08358169171124002,0.34444444444444444,0.40194444444444444,LAYING:43;SITTING:25;STANDING:48;WALKING:41;WALKING_DOWNSTAIRS:2;WALKING_UPSTAIRS:21,0:50;1:130,"{""0"": ""STANDING"", ""1"": ""LAYING""}",0.3228103533621915,0.6797916270352214,0.6287594191997212,0.9146757713502421
UCIHARWindowSignals,4,forced_k2,DynVAR-Lasso Weighted Ridge,30.0,0.01,4.0,1.0,2,False,0.0,True,0.06669806522458552,0.0,180,6,2,0.08358169171124002,0.34444444444444444,0.40194444444444444,LAYING:43;SITTING:25;STANDING:48;WALKING:41;WALKING_DOWNSTAIRS:2;WALKING_UPSTAIRS:21,0:50;1:130,"{""0"": ""STANDING"", ""1"": ""LAYING""}",0.32047097797356,0.6786703965069079,0.6276494479383902,0.9148400937660098
UCIHARWindowSignals,4,forced_k2,STCG-v1 Weighted Ridge,30.0,0.01,4.0,1.0,2,False,0.0,True,0.06669806522458552,0.0,180,6,2,0.08358169171124002,0.34444444444444444,0.40194444444444444,LAYING:43;SITTING:25;STANDING:48;WALKING:41;WALKING_DOWNSTAIRS:2;WALKING_UPSTAIRS:21,0:50;1:130,"{""0"": ""STANDING"", ""1"": ""LAYING""}",0.3220439517074767,0.6793481538053097,0.6282866503497465,0.9146058578101445
UCIHARWindowSignals,4,forced_k2,Dense Ridge,100.0,,,,2,False,0.0,True,0.06669806522458552,0.0,180,6,2,0.08358169171124002,0.34444444444444444,0.40194444444444444,LAYING:43;SITTING:25;STANDING:48;WALKING:41;WALKING_DOWNSTAIRS:2;WALKING_UPSTAIRS:21,0:50;1:130,"{""0"": ""STANDING"", ""1"": ""LAYING""}",0.3248607761418505,0.6796550916006857,0.6293166483385894,0.9140601928068258
UCIHARWindowSignals,4,forced_k2,DynVAR-Lasso Weighted Ridge,100.0,0.01,4.0,1.0,2,False,0.0,True,0.06669806522458552,0.0,180,6,2,0.08358169171124002,0.34444444444444444,0.40194444444444444,LAYING:43;SITTING:25;STANDING:48;WALKING:41;WALKING_DOWNSTAIRS:2;WALKING_UPSTAIRS:21,0:50;1:130,"{""0"": ""STANDING"", ""1"": ""LAYING""}",0.32137746963044955,0.6791994171717621,0.6285675260876834,0.9162524931997263
UCIHARWindowSignals,4,forced_k2,STCG-v1 Weighted Ridge,100.0,0.01,4.0,1.0,2,False,0.0,True,0.06669806522458552,0.0,180,6,2,0.08358169171124002,0.34444444444444444,0.40194444444444444,LAYING:43;SITTING:25;STANDING:48;WALKING:41;WALKING_DOWNSTAIRS:2;WALKING_UPSTAIRS:21,0:50;1:130,"{""0"": ""STANDING"", ""1"": ""LAYING""}",0.3233695985913596,0.6790355173629278,0.6285012327053153,0.9144105342656524
UCIHARWindowSignals,4,auto_k3_min_0.00,Dense Ridge,30.0,,,,3,True,0.0,True,0.08446792537158375,0.07370509211313211,180,6,3,0.09211603218823866,0.37777777777777777,0.40194444444444444,LAYING:43;SITTING:25;STANDING:48;WALKING:41;WALKING_DOWNSTAIRS:2;WALKING_UPSTAIRS:21,0:35;1:100;2:45,"{""0"": ""WALKING_UPSTAIRS"", ""1"": ""LAYING"", ""2"": ""STANDING""}",0.3228103533621915,0.6797916270352214,0.6287594191997212,0.9146757713502421
UCIHARWindowSignals,4,auto_k3_min_0.00,DynVAR-Lasso Weighted Ridge,30.0,0.01,4.0,1.0,3,True,0.0,True,0.08446792537158375,0.07370509211313211,180,6,3,0.09211603218823866,0.37777777777777777,0.40194444444444444,LAYING:43;SITTING:25;STANDING:48;WALKING:41;WALKING_DOWNSTAIRS:2;WALKING_UPSTAIRS:21,0:35;1:100;2:45,"{""0"": ""WALKING_UPSTAIRS"", ""1"": ""LAYING"", ""2"": ""STANDING""}",0.32047097797356,0.6786703965069079,0.6276494479383902,0.9148400937660098
UCIHARWindowSignals,4,auto_k3_min_0.00,STCG-v1 Weighted Ridge,30.0,0.01,4.0,1.0,3,True,0.0,True,0.08446792537158375,0.07370509211313211,180,6,3,0.09211603218823866,0.37777777777777777,0.40194444444444444,LAYING:43;SITTING:25;STANDING:48;WALKING:41;WALKING_DOWNSTAIRS:2;WALKING_UPSTAIRS:21,0:35;1:100;2:45,"{""0"": ""WALKING_UPSTAIRS"", ""1"": ""LAYING"", ""2"": ""STANDING""}",0.32189985239641394,0.6792526672967407,0.6281843078992096,0.9147012391848757
UCIHARWindowSignals,4,auto_k3_min_0.00,Dense Ridge,100.0,,,,3,True,0.0,True,0.08446792537158375,0.07370509211313211,180,6,3,0.09211603218823866,0.37777777777777777,0.40194444444444444,LAYING:43;SITTING:25;STANDING:48;WALKING:41;WALKING_DOWNSTAIRS:2;WALKING_UPSTAIRS:21,0:35;1:100;2:45,"{""0"": ""WALKING_UPSTAIRS"", ""1"": ""LAYING"", ""2"": ""STANDING""}",0.3248607761418505,0.6796550916006857,0.6293166483385894,0.9140601928068258
UCIHARWindowSignals,4,auto_k3_min_0.00,DynVAR-Lasso Weighted Ridge,100.0,0.01,4.0,1.0,3,True,0.0,True,0.08446792537158375,0.07370509211313211,180,6,3,0.09211603218823866,0.37777777777777777,0.40194444444444444,LAYING:43;SITTING:25;STANDING:48;WALKING:41;WALKING_DOWNSTAIRS:2;WALKING_UPSTAIRS:21,0:35;1:100;2:45,"{""0"": ""WALKING_UPSTAIRS"", ""1"": ""LAYING"", ""2"": ""STANDING""}",0.32137746963044955,0.6791994171717621,0.6285675260876834,0.9162524931997263
UCIHARWindowSignals,4,auto_k3_min_0.00,STCG-v1 Weighted Ridge,100.0,0.01,4.0,1.0,3,True,0.0,True,0.08446792537158375,0.07370509211313211,180,6,3,0.09211603218823866,0.37777777777777777,0.40194444444444444,LAYING:43;SITTING:25;STANDING:48;WALKING:41;WALKING_DOWNSTAIRS:2;WALKING_UPSTAIRS:21,0:35;1:100;2:45,"{""0"": ""WALKING_UPSTAIRS"", ""1"": ""LAYING"", ""2"": ""STANDING""}",0.32313333950097545,0.6788773766227962,0.6283306223723298,0.9143061465474139
UCIHARWindowSignals,4,auto_k3_min_0.04,Dense Ridge,30.0,,,,3,True,0.04,True,0.08446792537158375,0.07370509211313211,180,6,3,0.09211603218823866,0.37777777777777777,0.40194444444444444,LAYING:43;SITTING:25;STANDING:48;WALKING:41;WALKING_DOWNSTAIRS:2;WALKING_UPSTAIRS:21,0:35;1:100;2:45,"{""0"": ""WALKING_UPSTAIRS"", ""1"": ""LAYING"", ""2"": ""STANDING""}",0.3228103533621915,0.6797916270352214,0.6287594191997212,0.9146757713502421
UCIHARWindowSignals,4,auto_k3_min_0.04,DynVAR-Lasso Weighted Ridge,30.0,0.01,4.0,1.0,3,True,0.04,True,0.08446792537158375,0.07370509211313211,180,6,3,0.09211603218823866,0.37777777777777777,0.40194444444444444,LAYING:43;SITTING:25;STANDING:48;WALKING:41;WALKING_DOWNSTAIRS:2;WALKING_UPSTAIRS:21,0:35;1:100;2:45,"{""0"": ""WALKING_UPSTAIRS"", ""1"": ""LAYING"", ""2"": ""STANDING""}",0.32047097797356,0.6786703965069079,0.6276494479383902,0.9148400937660098
UCIHARWindowSignals,4,auto_k3_min_0.04,STCG-v1 Weighted Ridge,30.0,0.01,4.0,1.0,3,True,0.04,True,0.08446792537158375,0.07370509211313211,180,6,3,0.09211603218823866,0.37777777777777777,0.40194444444444444,LAYING:43;SITTING:25;STANDING:48;WALKING:41;WALKING_DOWNSTAIRS:2;WALKING_UPSTAIRS:21,0:35;1:100;2:45,"{""0"": ""WALKING_UPSTAIRS"", ""1"": ""LAYING"", ""2"": ""STANDING""}",0.32189985239641394,0.6792526672967407,0.6281843078992096,0.9147012391848757
UCIHARWindowSignals,4,auto_k3_min_0.04,Dense Ridge,100.0,,,,3,True,0.04,True,0.08446792537158375,0.07370509211313211,180,6,3,0.09211603218823866,0.37777777777777777,0.40194444444444444,LAYING:43;SITTING:25;STANDING:48;WALKING:41;WALKING_DOWNSTAIRS:2;WALKING_UPSTAIRS:21,0:35;1:100;2:45,"{""0"": ""WALKING_UPSTAIRS"", ""1"": ""LAYING"", ""2"": ""STANDING""}",0.3248607761418505,0.6796550916006857,0.6293166483385894,0.9140601928068258
UCIHARWindowSignals,4,auto_k3_min_0.04,DynVAR-Lasso Weighted Ridge,100.0,0.01,4.0,1.0,3,True,0.04,True,0.08446792537158375,0.07370509211313211,180,6,3,0.09211603218823866,0.37777777777777777,0.40194444444444444,LAYING:43;SITTING:25;STANDING:48;WALKING:41;WALKING_DOWNSTAIRS:2;WALKING_UPSTAIRS:21,0:35;1:100;2:45,"{""0"": ""WALKING_UPSTAIRS"", ""1"": ""LAYING"", ""2"": ""STANDING""}",0.32137746963044955,0.6791994171717621,0.6285675260876834,0.9162524931997263
UCIHARWindowSignals,4,auto_k3_min_0.04,STCG-v1 Weighted Ridge,100.0,0.01,4.0,1.0,3,True,0.04,True,0.08446792537158375,0.07370509211313211,180,6,3,0.09211603218823866,0.37777777777777777,0.40194444444444444,LAYING:43;SITTING:25;STANDING:48;WALKING:41;WALKING_DOWNSTAIRS:2;WALKING_UPSTAIRS:21,0:35;1:100;2:45,"{""0"": ""WALKING_UPSTAIRS"", ""1"": ""LAYING"", ""2"": ""STANDING""}",0.32313333950097545,0.6788773766227962,0.6283306223723298,0.9143061465474139
UCIHARWindowSignals,4,auto_k3_min_0.08,Dense Ridge,30.0,,,,3,True,0.08,True,0.08446792537158375,0.07370509211313211,180,6,3,0.09211603218823866,0.37777777777777777,0.40194444444444444,LAYING:43;SITTING:25;STANDING:48;WALKING:41;WALKING_DOWNSTAIRS:2;WALKING_UPSTAIRS:21,0:35;1:100;2:45,"{""0"": ""WALKING_UPSTAIRS"", ""1"": ""LAYING"", ""2"": ""STANDING""}",0.3228103533621915,0.6797916270352214,0.6287594191997212,0.9146757713502421
UCIHARWindowSignals,4,auto_k3_min_0.08,DynVAR-Lasso Weighted Ridge,30.0,0.01,4.0,1.0,3,True,0.08,True,0.08446792537158375,0.07370509211313211,180,6,3,0.09211603218823866,0.37777777777777777,0.40194444444444444,LAYING:43;SITTING:25;STANDING:48;WALKING:41;WALKING_DOWNSTAIRS:2;WALKING_UPSTAIRS:21,0:35;1:100;2:45,"{""0"": ""WALKING_UPSTAIRS"", ""1"": ""LAYING"", ""2"": ""STANDING""}",0.32047097797356,0.6786703965069079,0.6276494479383902,0.9148400937660098
UCIHARWindowSignals,4,auto_k3_min_0.08,STCG-v1 Weighted Ridge,30.0,0.01,4.0,1.0,3,True,0.08,True,0.08446792537158375,0.07370509211313211,180,6,3,0.09211603218823866,0.37777777777777777,0.40194444444444444,LAYING:43;SITTING:25;STANDING:48;WALKING:41;WALKING_DOWNSTAIRS:2;WALKING_UPSTAIRS:21,0:35;1:100;2:45,"{""0"": ""WALKING_UPSTAIRS"", ""1"": ""LAYING"", ""2"": ""STANDING""}",0.32189985239641394,0.6792526672967407,0.6281843078992096,0.9147012391848757
UCIHARWindowSignals,4,auto_k3_min_0.08,Dense Ridge,100.0,,,,3,True,0.08,True,0.08446792537158375,0.07370509211313211,180,6,3,0.09211603218823866,0.37777777777777777,0.40194444444444444,LAYING:43;SITTING:25;STANDING:48;WALKING:41;WALKING_DOWNSTAIRS:2;WALKING_UPSTAIRS:21,0:35;1:100;2:45,"{""0"": ""WALKING_UPSTAIRS"", ""1"": ""LAYING"", ""2"": ""STANDING""}",0.3248607761418505,0.6796550916006857,0.6293166483385894,0.9140601928068258
UCIHARWindowSignals,4,auto_k3_min_0.08,DynVAR-Lasso Weighted Ridge,100.0,0.01,4.0,1.0,3,True,0.08,True,0.08446792537158375,0.07370509211313211,180,6,3,0.09211603218823866,0.37777777777777777,0.40194444444444444,LAYING:43;SITTING:25;STANDING:48;WALKING:41;WALKING_DOWNSTAIRS:2;WALKING_UPSTAIRS:21,0:35;1:100;2:45,"{""0"": ""WALKING_UPSTAIRS"", ""1"": ""LAYING"", ""2"": ""STANDING""}",0.32137746963044955,0.6791994171717621,0.6285675260876834,0.9162524931997263
UCIHARWindowSignals,4,auto_k3_min_0.08,STCG-v1 Weighted Ridge,100.0,0.01,4.0,1.0,3,True,0.08,True,0.08446792537158375,0.07370509211313211,180,6,3,0.09211603218823866,0.37777777777777777,0.40194444444444444,LAYING:43;SITTING:25;STANDING:48;WALKING:41;WALKING_DOWNSTAIRS:2;WALKING_UPSTAIRS:21,0:35;1:100;2:45,"{""0"": ""WALKING_UPSTAIRS"", ""1"": ""LAYING"", ""2"": ""STANDING""}",0.32313333950097545,0.6788773766227962,0.6283306223723298,0.9143061465474139
UCIHARWindowSignals,4,auto_k3_min_0.12,Dense Ridge,30.0,,,,3,True,0.12,False,0.08446792537158375,0.07370509211313211,180,6,1,0.0,0.26666666666666666,0.40194444444444444,LAYING:43;SITTING:25;STANDING:48;WALKING:41;WALKING_DOWNSTAIRS:2;WALKING_UPSTAIRS:21,0:180,"{""0"": ""STANDING""}",0.3228103533621915,0.6797916270352214,0.6287594191997212,0.9146757713502421
UCIHARWindowSignals,4,auto_k3_min_0.12,DynVAR-Lasso Weighted Ridge,30.0,0.01,4.0,1.0,3,True,0.12,False,0.08446792537158375,0.07370509211313211,180,6,1,0.0,0.26666666666666666,0.40194444444444444,LAYING:43;SITTING:25;STANDING:48;WALKING:41;WALKING_DOWNSTAIRS:2;WALKING_UPSTAIRS:21,0:180,"{""0"": ""STANDING""}",0.32047097797356,0.6786703965069079,0.6276494479383902,0.9148400937660098
UCIHARWindowSignals,4,auto_k3_min_0.12,STCG-v1 Weighted Ridge,30.0,0.01,4.0,1.0,3,True,0.12,False,0.08446792537158375,0.07370509211313211,180,6,1,0.0,0.26666666666666666,0.40194444444444444,LAYING:43;SITTING:25;STANDING:48;WALKING:41;WALKING_DOWNSTAIRS:2;WALKING_UPSTAIRS:21,0:180,"{""0"": ""STANDING""}",0.32047097797356,0.6786703965069079,0.6276494479383902,0.9148400937660098
UCIHARWindowSignals,4,auto_k3_min_0.12,Dense Ridge,100.0,,,,3,True,0.12,False,0.08446792537158375,0.07370509211313211,180,6,1,0.0,0.26666666666666666,0.40194444444444444,LAYING:43;SITTING:25;STANDING:48;WALKING:41;WALKING_DOWNSTAIRS:2;WALKING_UPSTAIRS:21,0:180,"{""0"": ""STANDING""}",0.3248607761418505,0.6796550916006857,0.6293166483385894,0.9140601928068258
UCIHARWindowSignals,4,auto_k3_min_0.12,DynVAR-Lasso Weighted Ridge,100.0,0.01,4.0,1.0,3,True,0.12,False,0.08446792537158375,0.07370509211313211,180,6,1,0.0,0.26666666666666666,0.40194444444444444,LAYING:43;SITTING:25;STANDING:48;WALKING:41;WALKING_DOWNSTAIRS:2;WALKING_UPSTAIRS:21,0:180,"{""0"": ""STANDING""}",0.32137746963044955,0.6791994171717621,0.6285675260876834,0.9162524931997263
UCIHARWindowSignals,4,auto_k3_min_0.12,STCG-v1 Weighted Ridge,100.0,0.01,4.0,1.0,3,True,0.12,False,0.08446792537158375,0.07370509211313211,180,6,1,0.0,0.26666666666666666,0.40194444444444444,LAYING:43;SITTING:25;STANDING:48;WALKING:41;WALKING_DOWNSTAIRS:2;WALKING_UPSTAIRS:21,0:180,"{""0"": ""STANDING""}",0.32137746963044955,0.6791994171717621,0.6285675260876834,0.9162524931997263
UCIHARWindowSignals,4,auto_k3_min_0.16,Dense Ridge,30.0,,,,3,True,0.16,False,0.08446792537158375,0.07370509211313211,180,6,1,0.0,0.26666666666666666,0.40194444444444444,LAYING:43;SITTING:25;STANDING:48;WALKING:41;WALKING_DOWNSTAIRS:2;WALKING_UPSTAIRS:21,0:180,"{""0"": ""STANDING""}",0.3228103533621915,0.6797916270352214,0.6287594191997212,0.9146757713502421
UCIHARWindowSignals,4,auto_k3_min_0.16,DynVAR-Lasso Weighted Ridge,30.0,0.01,4.0,1.0,3,True,0.16,False,0.08446792537158375,0.07370509211313211,180,6,1,0.0,0.26666666666666666,0.40194444444444444,LAYING:43;SITTING:25;STANDING:48;WALKING:41;WALKING_DOWNSTAIRS:2;WALKING_UPSTAIRS:21,0:180,"{""0"": ""STANDING""}",0.32047097797356,0.6786703965069079,0.6276494479383902,0.9148400937660098
UCIHARWindowSignals,4,auto_k3_min_0.16,STCG-v1 Weighted Ridge,30.0,0.01,4.0,1.0,3,True,0.16,False,0.08446792537158375,0.07370509211313211,180,6,1,0.0,0.26666666666666666,0.40194444444444444,LAYING:43;SITTING:25;STANDING:48;WALKING:41;WALKING_DOWNSTAIRS:2;WALKING_UPSTAIRS:21,0:180,"{""0"": ""STANDING""}",0.32047097797356,0.6786703965069079,0.6276494479383902,0.9148400937660098
UCIHARWindowSignals,4,auto_k3_min_0.16,Dense Ridge,100.0,,,,3,True,0.16,False,0.08446792537158375,0.07370509211313211,180,6,1,0.0,0.26666666666666666,0.40194444444444444,LAYING:43;SITTING:25;STANDING:48;WALKING:41;WALKING_DOWNSTAIRS:2;WALKING_UPSTAIRS:21,0:180,"{""0"": ""STANDING""}",0.3248607761418505,0.6796550916006857,0.6293166483385894,0.9140601928068258
UCIHARWindowSignals,4,auto_k3_min_0.16,DynVAR-Lasso Weighted Ridge,100.0,0.01,4.0,1.0,3,True,0.16,False,0.08446792537158375,0.07370509211313211,180,6,1,0.0,0.26666666666666666,0.40194444444444444,LAYING:43;SITTING:25;STANDING:48;WALKING:41;WALKING_DOWNSTAIRS:2;WALKING_UPSTAIRS:21,0:180,"{""0"": ""STANDING""}",0.32137746963044955,0.6791994171717621,0.6285675260876834,0.9162524931997263
UCIHARWindowSignals,4,auto_k3_min_0.16,STCG-v1 Weighted Ridge,100.0,0.01,4.0,1.0,3,True,0.16,False,0.08446792537158375,0.07370509211313211,180,6,1,0.0,0.26666666666666666,0.40194444444444444,LAYING:43;SITTING:25;STANDING:48;WALKING:41;WALKING_DOWNSTAIRS:2;WALKING_UPSTAIRS:21,0:180,"{""0"": ""STANDING""}",0.32137746963044955,0.6791994171717621,0.6285675260876834,0.9162524931997263
UCIHARWindowSignals,4,forced_k3,Dense Ridge,30.0,,,,3,False,0.0,True,0.08446792537158375,0.07370509211313211,180,6,3,0.09211603218823866,0.37777777777777777,0.40194444444444444,LAYING:43;SITTING:25;STANDING:48;WALKING:41;WALKING_DOWNSTAIRS:2;WALKING_UPSTAIRS:21,0:35;1:100;2:45,"{""0"": ""WALKING_UPSTAIRS"", ""1"": ""LAYING"", ""2"": ""STANDING""}",0.3228103533621915,0.6797916270352214,0.6287594191997212,0.9146757713502421
UCIHARWindowSignals,4,forced_k3,DynVAR-Lasso Weighted Ridge,30.0,0.01,4.0,1.0,3,False,0.0,True,0.08446792537158375,0.07370509211313211,180,6,3,0.09211603218823866,0.37777777777777777,0.40194444444444444,LAYING:43;SITTING:25;STANDING:48;WALKING:41;WALKING_DOWNSTAIRS:2;WALKING_UPSTAIRS:21,0:35;1:100;2:45,"{""0"": ""WALKING_UPSTAIRS"", ""1"": ""LAYING"", ""2"": ""STANDING""}",0.32047097797356,0.6786703965069079,0.6276494479383902,0.9148400937660098
UCIHARWindowSignals,4,forced_k3,STCG-v1 Weighted Ridge,30.0,0.01,4.0,1.0,3,False,0.0,True,0.08446792537158375,0.07370509211313211,180,6,3,0.09211603218823866,0.37777777777777777,0.40194444444444444,LAYING:43;SITTING:25;STANDING:48;WALKING:41;WALKING_DOWNSTAIRS:2;WALKING_UPSTAIRS:21,0:35;1:100;2:45,"{""0"": ""WALKING_UPSTAIRS"", ""1"": ""LAYING"", ""2"": ""STANDING""}",0.32189985239641394,0.6792526672967407,0.6281843078992096,0.9147012391848757
UCIHARWindowSignals,4,forced_k3,Dense Ridge,100.0,,,,3,False,0.0,True,0.08446792537158375,0.07370509211313211,180,6,3,0.09211603218823866,0.37777777777777777,0.40194444444444444,LAYING:43;SITTING:25;STANDING:48;WALKING:41;WALKING_DOWNSTAIRS:2;WALKING_UPSTAIRS:21,0:35;1:100;2:45,"{""0"": ""WALKING_UPSTAIRS"", ""1"": ""LAYING"", ""2"": ""STANDING""}",0.3248607761418505,0.6796550916006857,0.6293166483385894,0.9140601928068258
UCIHARWindowSignals,4,forced_k3,DynVAR-Lasso Weighted Ridge,100.0,0.01,4.0,1.0,3,False,0.0,True,0.08446792537158375,0.07370509211313211,180,6,3,0.09211603218823866,0.37777777777777777,0.40194444444444444,LAYING:43;SITTING:25;STANDING:48;WALKING:41;WALKING_DOWNSTAIRS:2;WALKING_UPSTAIRS:21,0:35;1:100;2:45,"{""0"": ""WALKING_UPSTAIRS"", ""1"": ""LAYING"", ""2"": ""STANDING""}",0.32137746963044955,0.6791994171717621,0.6285675260876834,0.9162524931997263
UCIHARWindowSignals,4,forced_k3,STCG-v1 Weighted Ridge,100.0,0.01,4.0,1.0,3,False,0.0,True,0.08446792537158375,0.07370509211313211,180,6,3,0.09211603218823866,0.37777777777777777,0.40194444444444444,LAYING:43;SITTING:25;STANDING:48;WALKING:41;WALKING_DOWNSTAIRS:2;WALKING_UPSTAIRS:21,0:35;1:100;2:45,"{""0"": ""WALKING_UPSTAIRS"", ""1"": ""LAYING"", ""2"": ""STANDING""}",0.32313333950097545,0.6788773766227962,0.6283306223723298,0.9143061465474139
UCIHARWindowSignals,4,auto_k4_min_0.00,Dense Ridge,30.0,,,,4,True,0.0,True,0.10087596545151935,0.0,180,6,4,0.08573346003713464,0.35555555555555557,0.40194444444444444,LAYING:43;SITTING:25;STANDING:48;WALKING:41;WALKING_DOWNSTAIRS:2;WALKING_UPSTAIRS:21,0:1;1:53;2:3;3:123,"{""0"": ""WALKING"", ""1"": ""STANDING"", ""2"": ""SITTING"", ""3"": ""LAYING""}",0.3228103533621915,0.6797916270352214,0.6287594191997212,0.9146757713502421
UCIHARWindowSignals,4,auto_k4_min_0.00,DynVAR-Lasso Weighted Ridge,30.0,0.01,4.0,1.0,4,True,0.0,True,0.10087596545151935,0.0,180,6,4,0.08573346003713464,0.35555555555555557,0.40194444444444444,LAYING:43;SITTING:25;STANDING:48;WALKING:41;WALKING_DOWNSTAIRS:2;WALKING_UPSTAIRS:21,0:1;1:53;2:3;3:123,"{""0"": ""WALKING"", ""1"": ""STANDING"", ""2"": ""SITTING"", ""3"": ""LAYING""}",0.32047097797356,0.6786703965069079,0.6276494479383902,0.9148400937660098
UCIHARWindowSignals,4,auto_k4_min_0.00,STCG-v1 Weighted Ridge,30.0,0.01,4.0,1.0,4,True,0.0,True,0.10087596545151935,0.0,180,6,4,0.08573346003713464,0.35555555555555557,0.40194444444444444,LAYING:43;SITTING:25;STANDING:48;WALKING:41;WALKING_DOWNSTAIRS:2;WALKING_UPSTAIRS:21,0:1;1:53;2:3;3:123,"{""0"": ""WALKING"", ""1"": ""STANDING"", ""2"": ""SITTING"", ""3"": ""LAYING""}",0.32033682021565585,0.6788072427960388,0.6277580104670899,0.9152005096561873
UCIHARWindowSignals,4,auto_k4_min_0.00,Dense Ridge,100.0,,,,4,True,0.0,True,0.10087596545151935,0.0,180,6,4,0.08573346003713464,0.35555555555555557,0.40194444444444444,LAYING:43;SITTING:25;STANDING:48;WALKING:41;WALKING_DOWNSTAIRS:2;WALKING_UPSTAIRS:21,0:1;1:53;2:3;3:123,"{""0"": ""WALKING"", ""1"": ""STANDING"", ""2"": ""SITTING"", ""3"": ""LAYING""}",0.3248607761418505,0.6796550916006857,0.6293166483385894,0.9140601928068258
UCIHARWindowSignals,4,auto_k4_min_0.00,DynVAR-Lasso Weighted Ridge,100.0,0.01,4.0,1.0,4,True,0.0,True,0.10087596545151935,0.0,180,6,4,0.08573346003713464,0.35555555555555557,0.40194444444444444,LAYING:43;SITTING:25;STANDING:48;WALKING:41;WALKING_DOWNSTAIRS:2;WALKING_UPSTAIRS:21,0:1;1:53;2:3;3:123,"{""0"": ""WALKING"", ""1"": ""STANDING"", ""2"": ""SITTING"", ""3"": ""LAYING""}",0.32137746963044955,0.6791994171717621,0.6285675260876834,0.9162524931997263
UCIHARWindowSignals,4,auto_k4_min_0.00,STCG-v1 Weighted Ridge,100.0,0.01,4.0,1.0,4,True,0.0,True,0.10087596545151935,0.0,180,6,4,0.08573346003713464,0.35555555555555557,0.40194444444444444,LAYING:43;SITTING:25;STANDING:48;WALKING:41;WALKING_DOWNSTAIRS:2;WALKING_UPSTAIRS:21,0:1;1:53;2:3;3:123,"{""0"": ""WALKING"", ""1"": ""STANDING"", ""2"": ""SITTING"", ""3"": ""LAYING""}",0.3217369344813742,0.6798290676575333,0.6291217562524053,0.916419173621346
UCIHARWindowSignals,4,auto_k4_min_0.04,Dense Ridge,30.0,,,,4,True,0.04,True,0.10087596545151935,0.0,180,6,4,0.08573346003713464,0.35555555555555557,0.40194444444444444,LAYING:43;SITTING:25;STANDING:48;WALKING:41;WALKING_DOWNSTAIRS:2;WALKING_UPSTAIRS:21,0:1;1:53;2:3;3:123,"{""0"": ""WALKING"", ""1"": ""STANDING"", ""2"": ""SITTING"", ""3"": ""LAYING""}",0.3228103533621915,0.6797916270352214,0.6287594191997212,0.9146757713502421
UCIHARWindowSignals,4,auto_k4_min_0.04,DynVAR-Lasso Weighted Ridge,30.0,0.01,4.0,1.0,4,True,0.04,True,0.10087596545151935,0.0,180,6,4,0.08573346003713464,0.35555555555555557,0.40194444444444444,LAYING:43;SITTING:25;STANDING:48;WALKING:41;WALKING_DOWNSTAIRS:2;WALKING_UPSTAIRS:21,0:1;1:53;2:3;3:123,"{""0"": ""WALKING"", ""1"": ""STANDING"", ""2"": ""SITTING"", ""3"": ""LAYING""}",0.32047097797356,0.6786703965069079,0.6276494479383902,0.9148400937660098
UCIHARWindowSignals,4,auto_k4_min_0.04,STCG-v1 Weighted Ridge,30.0,0.01,4.0,1.0,4,True,0.04,True,0.10087596545151935,0.0,180,6,4,0.08573346003713464,0.35555555555555557,0.40194444444444444,LAYING:43;SITTING:25;STANDING:48;WALKING:41;WALKING_DOWNSTAIRS:2;WALKING_UPSTAIRS:21,0:1;1:53;2:3;3:123,"{""0"": ""WALKING"", ""1"": ""STANDING"", ""2"": ""SITTING"", ""3"": ""LAYING""}",0.32033682021565585,0.6788072427960388,0.6277580104670899,0.9152005096561873
UCIHARWindowSignals,4,auto_k4_min_0.04,Dense Ridge,100.0,,,,4,True,0.04,True,0.10087596545151935,0.0,180,6,4,0.08573346003713464,0.35555555555555557,0.40194444444444444,LAYING:43;SITTING:25;STANDING:48;WALKING:41;WALKING_DOWNSTAIRS:2;WALKING_UPSTAIRS:21,0:1;1:53;2:3;3:123,"{""0"": ""WALKING"", ""1"": ""STANDING"", ""2"": ""SITTING"", ""3"": ""LAYING""}",0.3248607761418505,0.6796550916006857,0.6293166483385894,0.9140601928068258
UCIHARWindowSignals,4,auto_k4_min_0.04,DynVAR-Lasso Weighted Ridge,100.0,0.01,4.0,1.0,4,True,0.04,True,0.10087596545151935,0.0,180,6,4,0.08573346003713464,0.35555555555555557,0.40194444444444444,LAYING:43;SITTING:25;STANDING:48;WALKING:41;WALKING_DOWNSTAIRS:2;WALKING_UPSTAIRS:21,0:1;1:53;2:3;3:123,"{""0"": ""WALKING"", ""1"": ""STANDING"", ""2"": ""SITTING"", ""3"": ""LAYING""}",0.32137746963044955,0.6791994171717621,0.6285675260876834,0.9162524931997263
UCIHARWindowSignals,4,auto_k4_min_0.04,STCG-v1 Weighted Ridge,100.0,0.01,4.0,1.0,4,True,0.04,True,0.10087596545151935,0.0,180,6,4,0.08573346003713464,0.35555555555555557,0.40194444444444444,LAYING:43;SITTING:25;STANDING:48;WALKING:41;WALKING_DOWNSTAIRS:2;WALKING_UPSTAIRS:21,0:1;1:53;2:3;3:123,"{""0"": ""WALKING"", ""1"": ""STANDING"", ""2"": ""SITTING"", ""3"": ""LAYING""}",0.3217369344813742,0.6798290676575333,0.6291217562524053,0.916419173621346
UCIHARWindowSignals,4,auto_k4_min_0.08,Dense Ridge,30.0,,,,4,True,0.08,True,0.10087596545151935,0.0,180,6,4,0.08573346003713464,0.35555555555555557,0.40194444444444444,LAYING:43;SITTING:25;STANDING:48;WALKING:41;WALKING_DOWNSTAIRS:2;WALKING_UPSTAIRS:21,0:1;1:53;2:3;3:123,"{""0"": ""WALKING"", ""1"": ""STANDING"", ""2"": ""SITTING"", ""3"": ""LAYING""}",0.3228103533621915,0.6797916270352214,0.6287594191997212,0.9146757713502421
UCIHARWindowSignals,4,auto_k4_min_0.08,DynVAR-Lasso Weighted Ridge,30.0,0.01,4.0,1.0,4,True,0.08,True,0.10087596545151935,0.0,180,6,4,0.08573346003713464,0.35555555555555557,0.40194444444444444,LAYING:43;SITTING:25;STANDING:48;WALKING:41;WALKING_DOWNSTAIRS:2;WALKING_UPSTAIRS:21,0:1;1:53;2:3;3:123,"{""0"": ""WALKING"", ""1"": ""STANDING"", ""2"": ""SITTING"", ""3"": ""LAYING""}",0.32047097797356,0.6786703965069079,0.6276494479383902,0.9148400937660098
UCIHARWindowSignals,4,auto_k4_min_0.08,STCG-v1 Weighted Ridge,30.0,0.01,4.0,1.0,4,True,0.08,True,0.10087596545151935,0.0,180,6,4,0.08573346003713464,0.35555555555555557,0.40194444444444444,LAYING:43;SITTING:25;STANDING:48;WALKING:41;WALKING_DOWNSTAIRS:2;WALKING_UPSTAIRS:21,0:1;1:53;2:3;3:123,"{""0"": ""WALKING"", ""1"": ""STANDING"", ""2"": ""SITTING"", ""3"": ""LAYING""}",0.32033682021565585,0.6788072427960388,0.6277580104670899,0.9152005096561873
UCIHARWindowSignals,4,auto_k4_min_0.08,Dense Ridge,100.0,,,,4,True,0.08,True,0.10087596545151935,0.0,180,6,4,0.08573346003713464,0.35555555555555557,0.40194444444444444,LAYING:43;SITTING:25;STANDING:48;WALKING:41;WALKING_DOWNSTAIRS:2;WALKING_UPSTAIRS:21,0:1;1:53;2:3;3:123,"{""0"": ""WALKING"", ""1"": ""STANDING"", ""2"": ""SITTING"", ""3"": ""LAYING""}",0.3248607761418505,0.6796550916006857,0.6293166483385894,0.9140601928068258
UCIHARWindowSignals,4,auto_k4_min_0.08,DynVAR-Lasso Weighted Ridge,100.0,0.01,4.0,1.0,4,True,0.08,True,0.10087596545151935,0.0,180,6,4,0.08573346003713464,0.35555555555555557,0.40194444444444444,LAYING:43;SITTING:25;STANDING:48;WALKING:41;WALKING_DOWNSTAIRS:2;WALKING_UPSTAIRS:21,0:1;1:53;2:3;3:123,"{""0"": ""WALKING"", ""1"": ""STANDING"", ""2"": ""SITTING"", ""3"": ""LAYING""}",0.32137746963044955,0.6791994171717621,0.6285675260876834,0.9162524931997263
UCIHARWindowSignals,4,auto_k4_min_0.08,STCG-v1 Weighted Ridge,100.0,0.01,4.0,1.0,4,True,0.08,True,0.10087596545151935,0.0,180,6,4,0.08573346003713464,0.35555555555555557,0.40194444444444444,LAYING:43;SITTING:25;STANDING:48;WALKING:41;WALKING_DOWNSTAIRS:2;WALKING_UPSTAIRS:21,0:1;1:53;2:3;3:123,"{""0"": ""WALKING"", ""1"": ""STANDING"", ""2"": ""SITTING"", ""3"": ""LAYING""}",0.3217369344813742,0.6798290676575333,0.6291217562524053,0.916419173621346
UCIHARWindowSignals,4,auto_k4_min_0.12,Dense Ridge,30.0,,,,4,True,0.12,False,0.10087596545151935,0.0,180,6,1,0.0,0.26666666666666666,0.40194444444444444,LAYING:43;SITTING:25;STANDING:48;WALKING:41;WALKING_DOWNSTAIRS:2;WALKING_UPSTAIRS:21,0:180,"{""0"": ""STANDING""}",0.3228103533621915,0.6797916270352214,0.6287594191997212,0.9146757713502421
UCIHARWindowSignals,4,auto_k4_min_0.12,DynVAR-Lasso Weighted Ridge,30.0,0.01,4.0,1.0,4,True,0.12,False,0.10087596545151935,0.0,180,6,1,0.0,0.26666666666666666,0.40194444444444444,LAYING:43;SITTING:25;STANDING:48;WALKING:41;WALKING_DOWNSTAIRS:2;WALKING_UPSTAIRS:21,0:180,"{""0"": ""STANDING""}",0.32047097797356,0.6786703965069079,0.6276494479383902,0.9148400937660098
UCIHARWindowSignals,4,auto_k4_min_0.12,STCG-v1 Weighted Ridge,30.0,0.01,4.0,1.0,4,True,0.12,False,0.10087596545151935,0.0,180,6,1,0.0,0.26666666666666666,0.40194444444444444,LAYING:43;SITTING:25;STANDING:48;WALKING:41;WALKING_DOWNSTAIRS:2;WALKING_UPSTAIRS:21,0:180,"{""0"": ""STANDING""}",0.32047097797356,0.6786703965069079,0.6276494479383902,0.9148400937660098
UCIHARWindowSignals,4,auto_k4_min_0.12,Dense Ridge,100.0,,,,4,True,0.12,False,0.10087596545151935,0.0,180,6,1,0.0,0.26666666666666666,0.40194444444444444,LAYING:43;SITTING:25;STANDING:48;WALKING:41;WALKING_DOWNSTAIRS:2;WALKING_UPSTAIRS:21,0:180,"{""0"": ""STANDING""}",0.3248607761418505,0.6796550916006857,0.6293166483385894,0.9140601928068258
UCIHARWindowSignals,4,auto_k4_min_0.12,DynVAR-Lasso Weighted Ridge,100.0,0.01,4.0,1.0,4,True,0.12,False,0.10087596545151935,0.0,180,6,1,0.0,0.26666666666666666,0.40194444444444444,LAYING:43;SITTING:25;STANDING:48;WALKING:41;WALKING_DOWNSTAIRS:2;WALKING_UPSTAIRS:21,0:180,"{""0"": ""STANDING""}",0.32137746963044955,0.6791994171717621,0.6285675260876834,0.9162524931997263
UCIHARWindowSignals,4,auto_k4_min_0.12,STCG-v1 Weighted Ridge,100.0,0.01,4.0,1.0,4,True,0.12,False,0.10087596545151935,0.0,180,6,1,0.0,0.26666666666666666,0.40194444444444444,LAYING:43;SITTING:25;STANDING:48;WALKING:41;WALKING_DOWNSTAIRS:2;WALKING_UPSTAIRS:21,0:180,"{""0"": ""STANDING""}",0.32137746963044955,0.6791994171717621,0.6285675260876834,0.9162524931997263
UCIHARWindowSignals,4,auto_k4_min_0.16,Dense Ridge,30.0,,,,4,True,0.16,False,0.10087596545151935,0.0,180,6,1,0.0,0.26666666666666666,0.40194444444444444,LAYING:43;SITTING:25;STANDING:48;WALKING:41;WALKING_DOWNSTAIRS:2;WALKING_UPSTAIRS:21,0:180,"{""0"": ""STANDING""}",0.3228103533621915,0.6797916270352214,0.6287594191997212,0.9146757713502421
UCIHARWindowSignals,4,auto_k4_min_0.16,DynVAR-Lasso Weighted Ridge,30.0,0.01,4.0,1.0,4,True,0.16,False,0.10087596545151935,0.0,180,6,1,0.0,0.26666666666666666,0.40194444444444444,LAYING:43;SITTING:25;STANDING:48;WALKING:41;WALKING_DOWNSTAIRS:2;WALKING_UPSTAIRS:21,0:180,"{""0"": ""STANDING""}",0.32047097797356,0.6786703965069079,0.6276494479383902,0.9148400937660098
UCIHARWindowSignals,4,auto_k4_min_0.16,STCG-v1 Weighted Ridge,30.0,0.01,4.0,1.0,4,True,0.16,False,0.10087596545151935,0.0,180,6,1,0.0,0.26666666666666666,0.40194444444444444,LAYING:43;SITTING:25;STANDING:48;WALKING:41;WALKING_DOWNSTAIRS:2;WALKING_UPSTAIRS:21,0:180,"{""0"": ""STANDING""}",0.32047097797356,0.6786703965069079,0.6276494479383902,0.9148400937660098
UCIHARWindowSignals,4,auto_k4_min_0.16,Dense Ridge,100.0,,,,4,True,0.16,False,0.10087596545151935,0.0,180,6,1,0.0,0.26666666666666666,0.40194444444444444,LAYING:43;SITTING:25;STANDING:48;WALKING:41;WALKING_DOWNSTAIRS:2;WALKING_UPSTAIRS:21,0:180,"{""0"": ""STANDING""}",0.3248607761418505,0.6796550916006857,0.6293166483385894,0.9140601928068258
UCIHARWindowSignals,4,auto_k4_min_0.16,DynVAR-Lasso Weighted Ridge,100.0,0.01,4.0,1.0,4,True,0.16,False,0.10087596545151935,0.0,180,6,1,0.0,0.26666666666666666,0.40194444444444444,LAYING:43;SITTING:25;STANDING:48;WALKING:41;WALKING_DOWNSTAIRS:2;WALKING_UPSTAIRS:21,0:180,"{""0"": ""STANDING""}",0.32137746963044955,0.6791994171717621,0.6285675260876834,0.9162524931997263
UCIHARWindowSignals,4,auto_k4_min_0.16,STCG-v1 Weighted Ridge,100.0,0.01,4.0,1.0,4,True,0.16,False,0.10087596545151935,0.0,180,6,1,0.0,0.26666666666666666,0.40194444444444444,LAYING:43;SITTING:25;STANDING:48;WALKING:41;WALKING_DOWNSTAIRS:2;WALKING_UPSTAIRS:21,0:180,"{""0"": ""STANDING""}",0.32137746963044955,0.6791994171717621,0.6285675260876834,0.9162524931997263
UCIHARWindowSignals,4,forced_k4,Dense Ridge,30.0,,,,4,False,0.0,True,0.10087596545151935,0.0,180,6,4,0.08573346003713464,0.35555555555555557,0.40194444444444444,LAYING:43;SITTING:25;STANDING:48;WALKING:41;WALKING_DOWNSTAIRS:2;WALKING_UPSTAIRS:21,0:1;1:53;2:3;3:123,"{""0"": ""WALKING"", ""1"": ""STANDING"", ""2"": ""SITTING"", ""3"": ""LAYING""}",0.3228103533621915,0.6797916270352214,0.6287594191997212,0.9146757713502421
UCIHARWindowSignals,4,forced_k4,DynVAR-Lasso Weighted Ridge,30.0,0.01,4.0,1.0,4,False,0.0,True,0.10087596545151935,0.0,180,6,4,0.08573346003713464,0.35555555555555557,0.40194444444444444,LAYING:43;SITTING:25;STANDING:48;WALKING:41;WALKING_DOWNSTAIRS:2;WALKING_UPSTAIRS:21,0:1;1:53;2:3;3:123,"{""0"": ""WALKING"", ""1"": ""STANDING"", ""2"": ""SITTING"", ""3"": ""LAYING""}",0.32047097797356,0.6786703965069079,0.6276494479383902,0.9148400937660098
UCIHARWindowSignals,4,forced_k4,STCG-v1 Weighted Ridge,30.0,0.01,4.0,1.0,4,False,0.0,True,0.10087596545151935,0.0,180,6,4,0.08573346003713464,0.35555555555555557,0.40194444444444444,LAYING:43;SITTING:25;STANDING:48;WALKING:41;WALKING_DOWNSTAIRS:2;WALKING_UPSTAIRS:21,0:1;1:53;2:3;3:123,"{""0"": ""WALKING"", ""1"": ""STANDING"", ""2"": ""SITTING"", ""3"": ""LAYING""}",0.32033682021565585,0.6788072427960388,0.6277580104670899,0.9152005096561873
UCIHARWindowSignals,4,forced_k4,Dense Ridge,100.0,,,,4,False,0.0,True,0.10087596545151935,0.0,180,6,4,0.08573346003713464,0.35555555555555557,0.40194444444444444,LAYING:43;SITTING:25;STANDING:48;WALKING:41;WALKING_DOWNSTAIRS:2;WALKING_UPSTAIRS:21,0:1;1:53;2:3;3:123,"{""0"": ""WALKING"", ""1"": ""STANDING"", ""2"": ""SITTING"", ""3"": ""LAYING""}",0.3248607761418505,0.6796550916006857,0.6293166483385894,0.9140601928068258
UCIHARWindowSignals,4,forced_k4,DynVAR-Lasso Weighted Ridge,100.0,0.01,4.0,1.0,4,False,0.0,True,0.10087596545151935,0.0,180,6,4,0.08573346003713464,0.35555555555555557,0.40194444444444444,LAYING:43;SITTING:25;STANDING:48;WALKING:41;WALKING_DOWNSTAIRS:2;WALKING_UPSTAIRS:21,0:1;1:53;2:3;3:123,"{""0"": ""WALKING"", ""1"": ""STANDING"", ""2"": ""SITTING"", ""3"": ""LAYING""}",0.32137746963044955,0.6791994171717621,0.6285675260876834,0.9162524931997263
UCIHARWindowSignals,4,forced_k4,STCG-v1 Weighted Ridge,100.0,0.01,4.0,1.0,4,False,0.0,True,0.10087596545151935,0.0,180,6,4,0.08573346003713464,0.35555555555555557,0.40194444444444444,LAYING:43;SITTING:25;STANDING:48;WALKING:41;WALKING_DOWNSTAIRS:2;WALKING_UPSTAIRS:21,0:1;1:53;2:3;3:123,"{""0"": ""WALKING"", ""1"": ""STANDING"", ""2"": ""SITTING"", ""3"": ""LAYING""}",0.3217369344813742,0.6798290676575333,0.6291217562524053,0.916419173621346
